solid OpenSCAD_Model
  facet normal 0.683563 0.729892 -0
    outer loop
      vertex 31.9718 19.146 0
      vertex 31.5354 19.5547 20
      vertex 31.9718 19.146 20
    endloop
  endfacet
  facet normal 0.683563 0.729892 0
    outer loop
      vertex 31.5354 19.5547 20
      vertex 31.9718 19.146 0
      vertex 31.5354 19.5547 0
    endloop
  endfacet
  facet normal 0.812817 0.582519 0
    outer loop
      vertex 32.3201 18.66 20
      vertex 31.9718 19.146 0
      vertex 31.9718 19.146 20
    endloop
  endfacet
  facet normal 0.812817 0.582519 0
    outer loop
      vertex 31.9718 19.146 0
      vertex 32.3201 18.66 20
      vertex 32.3201 18.66 0
    endloop
  endfacet
  facet normal 0.528179 0.849133 -0
    outer loop
      vertex 31.5354 19.5547 0
      vertex 31.0277 19.8705 20
      vertex 31.5354 19.5547 20
    endloop
  endfacet
  facet normal 0.528179 0.849133 0
    outer loop
      vertex 31.0277 19.8705 20
      vertex 31.5354 19.5547 0
      vertex 31.0277 19.8705 0
    endloop
  endfacet
  facet normal 0.935916 -0.352223 0
    outer loop
      vertex 32.4142 15.786 20
      vertex 32.6248 16.3456 0
      vertex 32.6248 16.3456 20
    endloop
  endfacet
  facet normal 0.935916 -0.352223 0
    outer loop
      vertex 32.6248 16.3456 0
      vertex 32.4142 15.786 20
      vertex 32.4142 15.786 0
    endloop
  endfacet
  facet normal -0.582519 0.812817 0
    outer loop
      vertex 28.1537 19.7764 0
      vertex 27.6677 19.4281 20
      vertex 28.1537 19.7764 20
    endloop
  endfacet
  facet normal -0.582519 0.812817 0
    outer loop
      vertex 27.6677 19.4281 20
      vertex 28.1537 19.7764 0
      vertex 27.6677 19.4281 0
    endloop
  endfacet
  facet normal -0.0327802 0.999463 0
    outer loop
      vertex 29.8782 20.1785 0
      vertex 29.2806 20.1589 20
      vertex 29.8782 20.1785 20
    endloop
  endfacet
  facet normal -0.0327802 0.999463 0
    outer loop
      vertex 29.2806 20.1589 20
      vertex 29.8782 20.1785 0
      vertex 29.2806 20.1589 0
    endloop
  endfacet
  facet normal 0.999463 0.0327802 0
    outer loop
      vertex 32.7222 16.9355 20
      vertex 32.7026 17.5331 0
      vertex 32.7026 17.5331 20
    endloop
  endfacet
  facet normal 0.999463 0.0327802 0
    outer loop
      vertex 32.7026 17.5331 0
      vertex 32.7222 16.9355 20
      vertex 32.7222 16.9355 0
    endloop
  endfacet
  facet normal 0.162907 0.986641 -0
    outer loop
      vertex 30.4681 20.0811 0
      vertex 29.8782 20.1785 20
      vertex 30.4681 20.0811 20
    endloop
  endfacet
  facet normal 0.162907 0.986641 0
    outer loop
      vertex 29.8782 20.1785 20
      vertex 30.4681 20.0811 0
      vertex 29.8782 20.1785 0
    endloop
  endfacet
  facet normal -0.849133 0.528179 0
    outer loop
      vertex 26.9432 18.484 0
      vertex 27.259 18.9917 20
      vertex 27.259 18.9917 0
    endloop
  endfacet
  facet normal -0.849133 0.528179 0
    outer loop
      vertex 27.259 18.9917 20
      vertex 26.9432 18.484 0
      vertex 26.9432 18.484 20
    endloop
  endfacet
  facet normal -0.729892 0.683563 0
    outer loop
      vertex 27.259 18.9917 0
      vertex 27.6677 19.4281 20
      vertex 27.6677 19.4281 0
    endloop
  endfacet
  facet normal -0.729892 0.683563 0
    outer loop
      vertex 27.6677 19.4281 20
      vertex 27.259 18.9917 0
      vertex 27.259 18.9917 20
    endloop
  endfacet
  facet normal -0.986641 0.162907 0
    outer loop
      vertex 26.6352 17.3345 0
      vertex 26.7326 17.9244 20
      vertex 26.7326 17.9244 0
    endloop
  endfacet
  facet normal -0.986641 0.162907 0
    outer loop
      vertex 26.7326 17.9244 20
      vertex 26.6352 17.3345 0
      vertex 26.6352 17.3345 20
    endloop
  endfacet
  facet normal -0.935916 0.352223 0
    outer loop
      vertex 26.7326 17.9244 0
      vertex 26.9432 18.484 20
      vertex 26.9432 18.484 0
    endloop
  endfacet
  facet normal -0.935916 0.352223 0
    outer loop
      vertex 26.9432 18.484 20
      vertex 26.7326 17.9244 0
      vertex 26.7326 17.9244 20
    endloop
  endfacet
  facet normal 0.352223 0.935916 -0
    outer loop
      vertex 31.0277 19.8705 0
      vertex 30.4681 20.0811 20
      vertex 31.0277 19.8705 20
    endloop
  endfacet
  facet normal 0.352223 0.935916 0
    outer loop
      vertex 30.4681 20.0811 20
      vertex 31.0277 19.8705 0
      vertex 30.4681 20.0811 0
    endloop
  endfacet
  facet normal -0.999463 -0.0327778 0
    outer loop
      vertex 26.6415 17.1424 0
      vertex 26.6352 17.3345 20
      vertex 26.6352 17.3345 0
    endloop
  endfacet
  facet normal -0.999463 -0.0327778 0
    outer loop
      vertex 26.6352 17.3345 20
      vertex 26.6415 17.1424 0
      vertex 26.6415 17.1424 20
    endloop
  endfacet
  facet normal 0.729892 -0.683563 0
    outer loop
      vertex 31.6897 14.8419 20
      vertex 32.0984 15.2783 0
      vertex 32.0984 15.2783 20
    endloop
  endfacet
  facet normal 0.729892 -0.683563 0
    outer loop
      vertex 32.0984 15.2783 0
      vertex 31.6897 14.8419 20
      vertex 31.6897 14.8419 0
    endloop
  endfacet
  facet normal 0.582519 -0.812817 0
    outer loop
      vertex 31.2037 14.4936 0
      vertex 31.6897 14.8419 20
      vertex 31.2037 14.4936 20
    endloop
  endfacet
  facet normal 0.582519 -0.812817 0
    outer loop
      vertex 31.6897 14.8419 20
      vertex 31.2037 14.4936 0
      vertex 31.6897 14.8419 0
    endloop
  endfacet
  facet normal -0.528127 -0.849166 0
    outer loop
      vertex 28.1665 14.501 0
      vertex 28.3297 14.3995 20
      vertex 28.1665 14.501 20
    endloop
  endfacet
  facet normal -0.528127 -0.849166 -0
    outer loop
      vertex 28.3297 14.3995 20
      vertex 28.1665 14.501 0
      vertex 28.3297 14.3995 0
    endloop
  endfacet
  facet normal -0.227119 0.973867 0
    outer loop
      vertex 29.2806 20.1589 0
      vertex 28.6983 20.0231 20
      vertex 29.2806 20.1589 20
    endloop
  endfacet
  facet normal -0.227119 0.973867 0
    outer loop
      vertex 28.6983 20.0231 20
      vertex 29.2806 20.1589 0
      vertex 28.6983 20.0231 0
    endloop
  endfacet
  facet normal 0.986641 -0.162907 0
    outer loop
      vertex 32.6248 16.3456 20
      vertex 32.7222 16.9355 0
      vertex 32.7222 16.9355 20
    endloop
  endfacet
  facet normal 0.986641 -0.162907 0
    outer loop
      vertex 32.7222 16.9355 0
      vertex 32.6248 16.3456 20
      vertex 32.6248 16.3456 0
    endloop
  endfacet
  facet normal 0.849133 -0.528179 0
    outer loop
      vertex 32.0984 15.2783 20
      vertex 32.4142 15.786 0
      vertex 32.4142 15.786 20
    endloop
  endfacet
  facet normal 0.849133 -0.528179 0
    outer loop
      vertex 32.4142 15.786 0
      vertex 32.0984 15.2783 20
      vertex 32.0984 15.2783 0
    endloop
  endfacet
  facet normal 0.973867 0.227119 0
    outer loop
      vertex 32.7026 17.5331 20
      vertex 32.5668 18.1154 0
      vertex 32.5668 18.1154 20
    endloop
  endfacet
  facet normal 0.973867 0.227119 0
    outer loop
      vertex 32.5668 18.1154 0
      vertex 32.7026 17.5331 20
      vertex 32.7026 17.5331 0
    endloop
  endfacet
  facet normal -0.162907 -0.986641 0
    outer loop
      vertex 28.8893 14.1889 0
      vertex 29.4792 14.0915 20
      vertex 28.8893 14.1889 20
    endloop
  endfacet
  facet normal -0.162907 -0.986641 -0
    outer loop
      vertex 29.4792 14.0915 20
      vertex 28.8893 14.1889 0
      vertex 29.4792 14.0915 0
    endloop
  endfacet
  facet normal -0.352223 -0.935916 0
    outer loop
      vertex 28.3297 14.3995 0
      vertex 28.8893 14.1889 20
      vertex 28.3297 14.3995 20
    endloop
  endfacet
  facet normal -0.352223 -0.935916 -0
    outer loop
      vertex 28.8893 14.1889 20
      vertex 28.3297 14.3995 0
      vertex 28.8893 14.1889 0
    endloop
  endfacet
  facet normal 0.0327802 -0.999463 0
    outer loop
      vertex 29.4792 14.0915 0
      vertex 30.0768 14.1111 20
      vertex 29.4792 14.0915 20
    endloop
  endfacet
  facet normal 0.0327802 -0.999463 0
    outer loop
      vertex 30.0768 14.1111 20
      vertex 29.4792 14.0915 0
      vertex 30.0768 14.1111 0
    endloop
  endfacet
  facet normal -0.412631 0.910898 0
    outer loop
      vertex 28.6983 20.0231 0
      vertex 28.1537 19.7764 20
      vertex 28.6983 20.0231 20
    endloop
  endfacet
  facet normal -0.412631 0.910898 0
    outer loop
      vertex 28.1537 19.7764 20
      vertex 28.6983 20.0231 0
      vertex 28.1537 19.7764 0
    endloop
  endfacet
  facet normal 0.910898 0.412631 0
    outer loop
      vertex 32.5668 18.1154 20
      vertex 32.3201 18.66 0
      vertex 32.3201 18.66 20
    endloop
  endfacet
  facet normal 0.910898 0.412631 0
    outer loop
      vertex 32.3201 18.66 0
      vertex 32.5668 18.1154 20
      vertex 32.5668 18.1154 0
    endloop
  endfacet
  facet normal 0.412631 -0.910898 0
    outer loop
      vertex 30.6591 14.2469 0
      vertex 31.2037 14.4936 20
      vertex 30.6591 14.2469 20
    endloop
  endfacet
  facet normal 0.412631 -0.910898 0
    outer loop
      vertex 31.2037 14.4936 20
      vertex 30.6591 14.2469 0
      vertex 31.2037 14.4936 0
    endloop
  endfacet
  facet normal 0.227119 -0.973867 0
    outer loop
      vertex 30.0768 14.1111 0
      vertex 30.6591 14.2469 20
      vertex 30.0768 14.1111 20
    endloop
  endfacet
  facet normal 0.227119 -0.973867 0
    outer loop
      vertex 30.6591 14.2469 20
      vertex 30.0768 14.1111 0
      vertex 30.6591 14.2469 0
    endloop
  endfacet
  facet normal 0 0 1
    outer loop
      vertex -1.525 -31.6434 20
      vertex 1.525 -31.6434 20
      vertex 1.525 -28.67 20
    endloop
  endfacet
  facet normal 0 0 1
    outer loop
      vertex 1.525 -31.6434 20
      vertex 1.40059 -33.8947 20
      vertex 1.45 -34.27 20
    endloop
  endfacet
  facet normal 0 0 1
    outer loop
      vertex 1.525 -31.6434 20
      vertex 1.25574 -33.545 20
      vertex 1.40059 -33.8947 20
    endloop
  endfacet
  facet normal 0 0 1
    outer loop
      vertex 1.525 -31.6434 20
      vertex 1.0253 -33.2447 20
      vertex 1.25574 -33.545 20
    endloop
  endfacet
  facet normal 0 0 1
    outer loop
      vertex 1.525 -31.6434 20
      vertex 0.724999 -33.0143 20
      vertex 1.0253 -33.2447 20
    endloop
  endfacet
  facet normal 0 0 1
    outer loop
      vertex 1.525 -31.6434 20
      vertex 0.375287 -32.8694 20
      vertex 0.724999 -33.0143 20
    endloop
  endfacet
  facet normal 0 0 1
    outer loop
      vertex 1.525 -31.6434 20
      vertex 0 -32.82 20
      vertex 0.375287 -32.8694 20
    endloop
  endfacet
  facet normal 0 0 1
    outer loop
      vertex 1.525 -31.6434 20
      vertex -1.525 -31.6434 20
      vertex 0 -32.82 20
    endloop
  endfacet
  facet normal 0 0 1
    outer loop
      vertex 0 -32.82 20
      vertex -1.525 -31.6434 20
      vertex -0.375287 -32.8694 20
    endloop
  endfacet
  facet normal 0 0 1
    outer loop
      vertex -0.375287 -32.8694 20
      vertex -1.525 -31.6434 20
      vertex -0.724999 -33.0143 20
    endloop
  endfacet
  facet normal -0 0 1
    outer loop
      vertex -1.69449 -31.734 20
      vertex -0.724999 -33.0143 20
      vertex -1.525 -31.6434 20
    endloop
  endfacet
  facet normal -0 0 1
    outer loop
      vertex -2.15668 -32.1133 20
      vertex -1.0253 -33.2447 20
      vertex -1.69449 -31.734 20
    endloop
  endfacet
  facet normal 0 0 1
    outer loop
      vertex -0.724999 -33.0143 20
      vertex -1.69449 -31.734 20
      vertex -1.0253 -33.2447 20
    endloop
  endfacet
  facet normal 0 0 1
    outer loop
      vertex -1.525 -31.6434 20
      vertex 1.525 -28.67 20
      vertex -1.525 -28.67 20
    endloop
  endfacet
  facet normal 0 0 1
    outer loop
      vertex 1.45 -34.27 20
      vertex 3.05 -34.27 20
      vertex 2.99139 -33.675 20
    endloop
  endfacet
  facet normal 0 0 1
    outer loop
      vertex 1.45 -34.27 20
      vertex 2.99139 -33.675 20
      vertex 2.81783 -33.1028 20
    endloop
  endfacet
  facet normal 0 0 1
    outer loop
      vertex 3.05 -34.27 20
      vertex 1.45 -34.27 20
      vertex 2.99139 -34.865 20
    endloop
  endfacet
  facet normal 0 0 1
    outer loop
      vertex 1.45 -34.27 20
      vertex 2.81783 -33.1028 20
      vertex 2.53598 -32.5755 20
    endloop
  endfacet
  facet normal -0 0 1
    outer loop
      vertex 1.40059 -34.6453 20
      vertex 2.99139 -34.865 20
      vertex 1.45 -34.27 20
    endloop
  endfacet
  facet normal 0 0 1
    outer loop
      vertex 1.45 -34.27 20
      vertex 2.53598 -32.5755 20
      vertex 2.15668 -32.1133 20
    endloop
  endfacet
  facet normal 0 0 1
    outer loop
      vertex 2.99139 -34.865 20
      vertex 1.40059 -34.6453 20
      vertex 2.81783 -35.4372 20
    endloop
  endfacet
  facet normal 0 0 1
    outer loop
      vertex 1.45 -34.27 20
      vertex 2.15668 -32.1133 20
      vertex 1.69449 -31.734 20
    endloop
  endfacet
  facet normal -0 0 1
    outer loop
      vertex 1.25574 -34.995 20
      vertex 2.81783 -35.4372 20
      vertex 1.40059 -34.6453 20
    endloop
  endfacet
  facet normal 0 0 1
    outer loop
      vertex 1.45 -34.27 20
      vertex 1.69449 -31.734 20
      vertex 1.525 -31.6434 20
    endloop
  endfacet
  facet normal 0 0 1
    outer loop
      vertex 2.81783 -35.4372 20
      vertex 1.25574 -34.995 20
      vertex 2.53598 -35.9645 20
    endloop
  endfacet
  facet normal -0 0 1
    outer loop
      vertex 1.0253 -35.2953 20
      vertex 2.53598 -35.9645 20
      vertex 1.25574 -34.995 20
    endloop
  endfacet
  facet normal 0 0 1
    outer loop
      vertex 2.53598 -35.9645 20
      vertex 1.0253 -35.2953 20
      vertex 2.15668 -36.4267 20
    endloop
  endfacet
  facet normal 0 0 1
    outer loop
      vertex 2.15668 -36.4267 20
      vertex 1.0253 -35.2953 20
      vertex 1.69449 -36.806 20
    endloop
  endfacet
  facet normal -0 0 1
    outer loop
      vertex 0.724999 -35.5257 20
      vertex 1.69449 -36.806 20
      vertex 1.0253 -35.2953 20
    endloop
  endfacet
  facet normal 0 0 1
    outer loop
      vertex 1.69449 -36.806 20
      vertex 0.724999 -35.5257 20
      vertex 1.16718 -37.0878 20
    endloop
  endfacet
  facet normal -0 0 1
    outer loop
      vertex 0.375287 -35.6706 20
      vertex 1.16718 -37.0878 20
      vertex 0.724999 -35.5257 20
    endloop
  endfacet
  facet normal 0 0 1
    outer loop
      vertex 1.16718 -37.0878 20
      vertex 0.375287 -35.6706 20
      vertex 0.595025 -37.2614 20
    endloop
  endfacet
  facet normal -0 0 1
    outer loop
      vertex 0 -35.72 20
      vertex 0.595025 -37.2614 20
      vertex 0.375287 -35.6706 20
    endloop
  endfacet
  facet normal 0 0 1
    outer loop
      vertex 0 -35.72 20
      vertex 0 -37.32 20
      vertex 0.595025 -37.2614 20
    endloop
  endfacet
  facet normal 0 0 1
    outer loop
      vertex -0.595025 -37.2614 20
      vertex 0 -35.72 20
      vertex -0.375287 -35.6706 20
    endloop
  endfacet
  facet normal 0 0 1
    outer loop
      vertex 0 -35.72 20
      vertex -0.595025 -37.2614 20
      vertex 0 -37.32 20
    endloop
  endfacet
  facet normal 0 0 1
    outer loop
      vertex -1.16718 -37.0878 20
      vertex -0.375287 -35.6706 20
      vertex -0.724999 -35.5257 20
    endloop
  endfacet
  facet normal 0 0 1
    outer loop
      vertex -1.69449 -36.806 20
      vertex -0.724999 -35.5257 20
      vertex -1.0253 -35.2953 20
    endloop
  endfacet
  facet normal 0 0 1
    outer loop
      vertex -0.375287 -35.6706 20
      vertex -1.16718 -37.0878 20
      vertex -0.595025 -37.2614 20
    endloop
  endfacet
  facet normal 0 0 1
    outer loop
      vertex -2.53598 -35.9645 20
      vertex -1.0253 -35.2953 20
      vertex -1.25574 -34.995 20
    endloop
  endfacet
  facet normal 0 0 1
    outer loop
      vertex -2.81783 -35.4372 20
      vertex -1.25574 -34.995 20
      vertex -1.40059 -34.6453 20
    endloop
  endfacet
  facet normal 0 0 1
    outer loop
      vertex -2.99139 -34.865 20
      vertex -1.40059 -34.6453 20
      vertex -1.45 -34.27 20
    endloop
  endfacet
  facet normal -0 0 1
    outer loop
      vertex -2.53598 -32.5755 20
      vertex -1.0253 -33.2447 20
      vertex -2.15668 -32.1133 20
    endloop
  endfacet
  facet normal 0 0 1
    outer loop
      vertex -1.0253 -33.2447 20
      vertex -2.53598 -32.5755 20
      vertex -1.25574 -33.545 20
    endloop
  endfacet
  facet normal 0 0 1
    outer loop
      vertex -0.724999 -35.5257 20
      vertex -1.69449 -36.806 20
      vertex -1.16718 -37.0878 20
    endloop
  endfacet
  facet normal -0 0 1
    outer loop
      vertex -2.81783 -33.1028 20
      vertex -1.25574 -33.545 20
      vertex -2.53598 -32.5755 20
    endloop
  endfacet
  facet normal 0 0 1
    outer loop
      vertex -1.25574 -33.545 20
      vertex -2.81783 -33.1028 20
      vertex -1.40059 -33.8947 20
    endloop
  endfacet
  facet normal 0 0 1
    outer loop
      vertex -1.0253 -35.2953 20
      vertex -2.15668 -36.4267 20
      vertex -1.69449 -36.806 20
    endloop
  endfacet
  facet normal -0 0 1
    outer loop
      vertex -2.99139 -33.675 20
      vertex -1.40059 -33.8947 20
      vertex -2.81783 -33.1028 20
    endloop
  endfacet
  facet normal 0 0 1
    outer loop
      vertex -1.0253 -35.2953 20
      vertex -2.53598 -35.9645 20
      vertex -2.15668 -36.4267 20
    endloop
  endfacet
  facet normal 0 0 1
    outer loop
      vertex -1.40059 -33.8947 20
      vertex -2.99139 -33.675 20
      vertex -1.45 -34.27 20
    endloop
  endfacet
  facet normal 0 0 1
    outer loop
      vertex -1.25574 -34.995 20
      vertex -2.81783 -35.4372 20
      vertex -2.53598 -35.9645 20
    endloop
  endfacet
  facet normal 0 0 1
    outer loop
      vertex -3.05 -34.27 20
      vertex -1.45 -34.27 20
      vertex -2.99139 -33.675 20
    endloop
  endfacet
  facet normal 0 0 1
    outer loop
      vertex -1.40059 -34.6453 20
      vertex -2.99139 -34.865 20
      vertex -2.81783 -35.4372 20
    endloop
  endfacet
  facet normal 0 0 1
    outer loop
      vertex -1.45 -34.27 20
      vertex -3.05 -34.27 20
      vertex -2.99139 -34.865 20
    endloop
  endfacet
  facet normal -0 0 1
    outer loop
      vertex -28.2781 17.5103 20
      vertex -26.6352 17.3345 20
      vertex -26.7326 17.9244 20
    endloop
  endfacet
  facet normal 0 0 1
    outer loop
      vertex 28.2287 17.135 20
      vertex 26.6352 17.3345 20
      vertex 26.6415 17.1424 20
    endloop
  endfacet
  facet normal -0 0 1
    outer loop
      vertex 31.1287 17.135 20
      vertex 32.7222 16.9355 20
      vertex 32.7026 17.5331 20
    endloop
  endfacet
  facet normal 0 0 1
    outer loop
      vertex 31.0793 17.5103 20
      vertex 32.7026 17.5331 20
      vertex 32.5668 18.1154 20
    endloop
  endfacet
  facet normal 0 0 1
    outer loop
      vertex 31.0793 16.7597 20
      vertex 32.7222 16.9355 20
      vertex 31.1287 17.135 20
    endloop
  endfacet
  facet normal 0 0 1
    outer loop
      vertex 30.9344 17.86 20
      vertex 32.5668 18.1154 20
      vertex 32.3201 18.66 20
    endloop
  endfacet
  facet normal 0 0 1
    outer loop
      vertex 32.7222 16.9355 20
      vertex 31.0793 16.7597 20
      vertex 32.6248 16.3456 20
    endloop
  endfacet
  facet normal 0 0 1
    outer loop
      vertex 30.9344 17.86 20
      vertex 32.3201 18.66 20
      vertex 31.9718 19.146 20
    endloop
  endfacet
  facet normal 0 0 1
    outer loop
      vertex 32.6248 16.3456 20
      vertex 31.0793 16.7597 20
      vertex 32.4142 15.786 20
    endloop
  endfacet
  facet normal 0 0 1
    outer loop
      vertex 30.704 18.1603 20
      vertex 31.9718 19.146 20
      vertex 31.5354 19.5547 20
    endloop
  endfacet
  facet normal -0 0 1
    outer loop
      vertex 30.9344 16.41 20
      vertex 32.4142 15.786 20
      vertex 31.0793 16.7597 20
    endloop
  endfacet
  facet normal 0 0 1
    outer loop
      vertex 32.4142 15.786 20
      vertex 30.9344 16.41 20
      vertex 32.0984 15.2783 20
    endloop
  endfacet
  facet normal 0 0 1
    outer loop
      vertex 32.7026 17.5331 20
      vertex 31.0793 17.5103 20
      vertex 31.1287 17.135 20
    endloop
  endfacet
  facet normal 0 0 1
    outer loop
      vertex 30.4037 18.3907 20
      vertex 31.5354 19.5547 20
      vertex 31.0277 19.8705 20
    endloop
  endfacet
  facet normal 0 0 1
    outer loop
      vertex 32.5668 18.1154 20
      vertex 30.9344 17.86 20
      vertex 31.0793 17.5103 20
    endloop
  endfacet
  facet normal 0 0 1
    outer loop
      vertex 31.9718 19.146 20
      vertex 30.704 18.1603 20
      vertex 30.9344 17.86 20
    endloop
  endfacet
  facet normal 0 0 1
    outer loop
      vertex 30.054 18.5356 20
      vertex 31.0277 19.8705 20
      vertex 30.4681 20.0811 20
    endloop
  endfacet
  facet normal 0 0 1
    outer loop
      vertex 31.5354 19.5547 20
      vertex 30.4037 18.3907 20
      vertex 30.704 18.1603 20
    endloop
  endfacet
  facet normal 0 0 1
    outer loop
      vertex 31.0277 19.8705 20
      vertex 30.054 18.5356 20
      vertex 30.4037 18.3907 20
    endloop
  endfacet
  facet normal 0 0 1
    outer loop
      vertex 29.8782 20.1785 20
      vertex 30.054 18.5356 20
      vertex 30.4681 20.0811 20
    endloop
  endfacet
  facet normal 0 0 1
    outer loop
      vertex 29.8782 20.1785 20
      vertex 29.6787 18.585 20
      vertex 30.054 18.5356 20
    endloop
  endfacet
  facet normal -0 0 1
    outer loop
      vertex 29.2806 20.1589 20
      vertex 29.6787 18.585 20
      vertex 29.8782 20.1785 20
    endloop
  endfacet
  facet normal 0 0 1
    outer loop
      vertex 29.6787 18.585 20
      vertex 29.2806 20.1589 20
      vertex 29.3034 18.5356 20
    endloop
  endfacet
  facet normal -0 0 1
    outer loop
      vertex 28.6983 20.0231 20
      vertex 29.3034 18.5356 20
      vertex 29.2806 20.1589 20
    endloop
  endfacet
  facet normal 0 0 1
    outer loop
      vertex 29.3034 18.5356 20
      vertex 28.6983 20.0231 20
      vertex 28.9537 18.3907 20
    endloop
  endfacet
  facet normal -0 0 1
    outer loop
      vertex 28.1537 19.7764 20
      vertex 28.9537 18.3907 20
      vertex 28.6983 20.0231 20
    endloop
  endfacet
  facet normal -0 0 1
    outer loop
      vertex 27.6677 19.4281 20
      vertex 28.9537 18.3907 20
      vertex 28.1537 19.7764 20
    endloop
  endfacet
  facet normal 0 0 1
    outer loop
      vertex 28.9537 18.3907 20
      vertex 27.6677 19.4281 20
      vertex 28.6534 18.1603 20
    endloop
  endfacet
  facet normal -0 0 1
    outer loop
      vertex 27.259 18.9917 20
      vertex 28.6534 18.1603 20
      vertex 27.6677 19.4281 20
    endloop
  endfacet
  facet normal 0 0 1
    outer loop
      vertex 28.6534 18.1603 20
      vertex 27.259 18.9917 20
      vertex 28.423 17.86 20
    endloop
  endfacet
  facet normal -0 0 1
    outer loop
      vertex 26.9432 18.484 20
      vertex 28.423 17.86 20
      vertex 27.259 18.9917 20
    endloop
  endfacet
  facet normal 0 0 1
    outer loop
      vertex 28.423 17.86 20
      vertex 26.9432 18.484 20
      vertex 28.2781 17.5103 20
    endloop
  endfacet
  facet normal -0 0 1
    outer loop
      vertex 26.7326 17.9244 20
      vertex 28.2781 17.5103 20
      vertex 26.9432 18.484 20
    endloop
  endfacet
  facet normal 0 0 1
    outer loop
      vertex 26.6352 17.3345 20
      vertex 28.2781 17.5103 20
      vertex 26.7326 17.9244 20
    endloop
  endfacet
  facet normal -0 0 1
    outer loop
      vertex 26.6352 17.3345 20
      vertex 28.2287 17.135 20
      vertex 28.2781 17.5103 20
    endloop
  endfacet
  facet normal 0 0 1
    outer loop
      vertex 28.2287 17.135 20
      vertex 26.6415 17.1424 20
      vertex 28.1665 14.501 20
    endloop
  endfacet
  facet normal 0 0 1
    outer loop
      vertex 26.6415 17.1424 20
      vertex 23.8162 11.9893 20
      vertex 28.1665 14.501 20
    endloop
  endfacet
  facet normal 0 0 1
    outer loop
      vertex 23.9196 11.7958 20
      vertex 22.8433 11.2651 20
      vertex 23.5312 9.74695 20
    endloop
  endfacet
  facet normal -0 0 1
    outer loop
      vertex 22.2912 14.6307 20
      vertex 23.8162 11.9893 20
      vertex 26.6415 17.1424 20
    endloop
  endfacet
  facet normal -0 0 1
    outer loop
      vertex 22.0577 12.735 20
      vertex 23.8162 11.9893 20
      vertex 22.2912 14.6307 20
    endloop
  endfacet
  facet normal 0 0 1
    outer loop
      vertex 21.1775 14.1504 20
      vertex 22.2912 14.6307 20
      vertex 22.1753 14.8171 20
    endloop
  endfacet
  facet normal 0 0 1
    outer loop
      vertex 23.8162 11.9893 20
      vertex 22.0577 12.735 20
      vertex 22.8433 11.2651 20
    endloop
  endfacet
  facet normal 0 0 1
    outer loop
      vertex 22.2912 14.6307 20
      vertex 21.1775 14.1504 20
      vertex 22.0577 12.735 20
    endloop
  endfacet
  facet normal 0 0 1
    outer loop
      vertex 21.1587 16.2357 20
      vertex 21.1775 14.1504 20
      vertex 22.1753 14.8171 20
    endloop
  endfacet
  facet normal 0 0 1
    outer loop
      vertex 21.1587 16.2357 20
      vertex 20.2067 15.5052 20
      vertex 21.1775 14.1504 20
    endloop
  endfacet
  facet normal 0 0 1
    outer loop
      vertex 20.0516 17.5848 20
      vertex 20.2067 15.5052 20
      vertex 21.1587 16.2357 20
    endloop
  endfacet
  facet normal 0 0 1
    outer loop
      vertex 20.0516 17.5848 20
      vertex 19.1494 16.7935 20
      vertex 20.2067 15.5052 20
    endloop
  endfacet
  facet normal 0 0 1
    outer loop
      vertex 18.8585 18.8585 20
      vertex 19.1494 16.7935 20
      vertex 20.0516 17.5848 20
    endloop
  endfacet
  facet normal 0 0 1
    outer loop
      vertex 18.8585 18.8585 20
      vertex 18.01 18.01 20
      vertex 19.1494 16.7935 20
    endloop
  endfacet
  facet normal 0 0 1
    outer loop
      vertex 17.5848 20.0516 20
      vertex 18.01 18.01 20
      vertex 18.8585 18.8585 20
    endloop
  endfacet
  facet normal 0 0 1
    outer loop
      vertex 17.5848 20.0516 20
      vertex 16.7935 19.1494 20
      vertex 18.01 18.01 20
    endloop
  endfacet
  facet normal 0 0 1
    outer loop
      vertex 16.2357 21.1587 20
      vertex 16.7935 19.1494 20
      vertex 17.5848 20.0516 20
    endloop
  endfacet
  facet normal 0 0 1
    outer loop
      vertex 16.2357 21.1587 20
      vertex 15.5052 20.2067 20
      vertex 16.7935 19.1494 20
    endloop
  endfacet
  facet normal 0 0 1
    outer loop
      vertex 14.8171 22.1753 20
      vertex 15.5052 20.2067 20
      vertex 16.2357 21.1587 20
    endloop
  endfacet
  facet normal 0 0 1
    outer loop
      vertex 14.8171 22.1753 20
      vertex 14.1504 21.1775 20
      vertex 15.5052 20.2067 20
    endloop
  endfacet
  facet normal 0 0 1
    outer loop
      vertex 13.335 23.0969 20
      vertex 14.1504 21.1775 20
      vertex 14.8171 22.1753 20
    endloop
  endfacet
  facet normal 0 0 1
    outer loop
      vertex 13.335 23.0969 20
      vertex 12.735 22.0577 20
      vertex 14.1504 21.1775 20
    endloop
  endfacet
  facet normal 0 0 1
    outer loop
      vertex 11.7958 23.9196 20
      vertex 12.735 22.0577 20
      vertex 13.335 23.0969 20
    endloop
  endfacet
  facet normal 0 0 1
    outer loop
      vertex 11.7958 23.9196 20
      vertex 11.2651 22.8433 20
      vertex 12.735 22.0577 20
    endloop
  endfacet
  facet normal 0 0 1
    outer loop
      vertex 10.2062 24.6399 20
      vertex 11.2651 22.8433 20
      vertex 11.7958 23.9196 20
    endloop
  endfacet
  facet normal 0 0 1
    outer loop
      vertex 10.2062 24.6399 20
      vertex 9.74695 23.5312 20
      vertex 11.2651 22.8433 20
    endloop
  endfacet
  facet normal 0 0 1
    outer loop
      vertex 8.57279 25.2546 20
      vertex 9.74695 23.5312 20
      vertex 10.2062 24.6399 20
    endloop
  endfacet
  facet normal 0 0 1
    outer loop
      vertex 8.57279 25.2546 20
      vertex 8.18706 24.1183 20
      vertex 9.74695 23.5312 20
    endloop
  endfacet
  facet normal 0 0 1
    outer loop
      vertex 6.9027 25.7612 20
      vertex 8.18706 24.1183 20
      vertex 8.57279 25.2546 20
    endloop
  endfacet
  facet normal 0 0 1
    outer loop
      vertex 6.9027 25.7612 20
      vertex 6.59212 24.6021 20
      vertex 8.18706 24.1183 20
    endloop
  endfacet
  facet normal 0 0 1
    outer loop
      vertex 5.20306 26.1575 20
      vertex 6.59212 24.6021 20
      vertex 6.9027 25.7612 20
    endloop
  endfacet
  facet normal 0 0 1
    outer loop
      vertex 5.20306 26.1575 20
      vertex 4.96895 24.9806 20
      vertex 6.59212 24.6021 20
    endloop
  endfacet
  facet normal 0 0 1
    outer loop
      vertex 3.48113 26.4418 20
      vertex 4.96895 24.9806 20
      vertex 5.20306 26.1575 20
    endloop
  endfacet
  facet normal 0 0 1
    outer loop
      vertex 3.48113 26.4418 20
      vertex 3.3245 25.2521 20
      vertex 4.96895 24.9806 20
    endloop
  endfacet
  facet normal 0 0 1
    outer loop
      vertex 1.7443 26.6129 20
      vertex 3.3245 25.2521 20
      vertex 3.48113 26.4418 20
    endloop
  endfacet
  facet normal 0 0 1
    outer loop
      vertex 1.7443 26.6129 20
      vertex 1.66582 25.4155 20
      vertex 3.3245 25.2521 20
    endloop
  endfacet
  facet normal 0 0 1
    outer loop
      vertex 0 26.67 20
      vertex 1.66582 25.4155 20
      vertex 1.7443 26.6129 20
    endloop
  endfacet
  facet normal 0 0 1
    outer loop
      vertex 0 26.67 20
      vertex 0 25.47 20
      vertex 1.66582 25.4155 20
    endloop
  endfacet
  facet normal 0 0 1
    outer loop
      vertex 0 26.67 20
      vertex -1.66582 25.4155 20
      vertex 0 25.47 20
    endloop
  endfacet
  facet normal -0 0 1
    outer loop
      vertex -1.7443 26.6129 20
      vertex -1.66582 25.4155 20
      vertex 0 26.67 20
    endloop
  endfacet
  facet normal 0 0 1
    outer loop
      vertex -1.7443 26.6129 20
      vertex -3.3245 25.2521 20
      vertex -1.66582 25.4155 20
    endloop
  endfacet
  facet normal -0 0 1
    outer loop
      vertex -3.48113 26.4418 20
      vertex -3.3245 25.2521 20
      vertex -1.7443 26.6129 20
    endloop
  endfacet
  facet normal 0 0 1
    outer loop
      vertex -3.48113 26.4418 20
      vertex -4.96895 24.9806 20
      vertex -3.3245 25.2521 20
    endloop
  endfacet
  facet normal -0 0 1
    outer loop
      vertex -5.20306 26.1575 20
      vertex -4.96895 24.9806 20
      vertex -3.48113 26.4418 20
    endloop
  endfacet
  facet normal 0 0 1
    outer loop
      vertex -5.20306 26.1575 20
      vertex -6.59212 24.6021 20
      vertex -4.96895 24.9806 20
    endloop
  endfacet
  facet normal -0 0 1
    outer loop
      vertex -6.9027 25.7612 20
      vertex -6.59212 24.6021 20
      vertex -5.20306 26.1575 20
    endloop
  endfacet
  facet normal 0 0 1
    outer loop
      vertex -6.9027 25.7612 20
      vertex -8.18706 24.1183 20
      vertex -6.59212 24.6021 20
    endloop
  endfacet
  facet normal -0 0 1
    outer loop
      vertex -8.57279 25.2546 20
      vertex -8.18706 24.1183 20
      vertex -6.9027 25.7612 20
    endloop
  endfacet
  facet normal 0 0 1
    outer loop
      vertex -8.57279 25.2546 20
      vertex -9.74695 23.5312 20
      vertex -8.18706 24.1183 20
    endloop
  endfacet
  facet normal -0 0 1
    outer loop
      vertex -10.2062 24.6399 20
      vertex -9.74695 23.5312 20
      vertex -8.57279 25.2546 20
    endloop
  endfacet
  facet normal 0 0 1
    outer loop
      vertex -10.2062 24.6399 20
      vertex -11.2651 22.8433 20
      vertex -9.74695 23.5312 20
    endloop
  endfacet
  facet normal -0 0 1
    outer loop
      vertex -11.7958 23.9196 20
      vertex -11.2651 22.8433 20
      vertex -10.2062 24.6399 20
    endloop
  endfacet
  facet normal 0 0 1
    outer loop
      vertex -11.7958 23.9196 20
      vertex -12.735 22.0577 20
      vertex -11.2651 22.8433 20
    endloop
  endfacet
  facet normal -0 0 1
    outer loop
      vertex -13.335 23.0969 20
      vertex -12.735 22.0577 20
      vertex -11.7958 23.9196 20
    endloop
  endfacet
  facet normal 0 0 1
    outer loop
      vertex -13.335 23.0969 20
      vertex -14.1504 21.1775 20
      vertex -12.735 22.0577 20
    endloop
  endfacet
  facet normal -0 0 1
    outer loop
      vertex -14.8171 22.1753 20
      vertex -14.1504 21.1775 20
      vertex -13.335 23.0969 20
    endloop
  endfacet
  facet normal 0 0 1
    outer loop
      vertex -14.8171 22.1753 20
      vertex -15.5052 20.2067 20
      vertex -14.1504 21.1775 20
    endloop
  endfacet
  facet normal -0 0 1
    outer loop
      vertex -16.2357 21.1587 20
      vertex -15.5052 20.2067 20
      vertex -14.8171 22.1753 20
    endloop
  endfacet
  facet normal 0 0 1
    outer loop
      vertex -16.2357 21.1587 20
      vertex -16.7935 19.1494 20
      vertex -15.5052 20.2067 20
    endloop
  endfacet
  facet normal -0 0 1
    outer loop
      vertex -17.5848 20.0516 20
      vertex -16.7935 19.1494 20
      vertex -16.2357 21.1587 20
    endloop
  endfacet
  facet normal 0 0 1
    outer loop
      vertex -17.5848 20.0516 20
      vertex -18.01 18.01 20
      vertex -16.7935 19.1494 20
    endloop
  endfacet
  facet normal -0 0 1
    outer loop
      vertex -18.8585 18.8585 20
      vertex -18.01 18.01 20
      vertex -17.5848 20.0516 20
    endloop
  endfacet
  facet normal 0 0 1
    outer loop
      vertex -18.8585 18.8585 20
      vertex -19.1494 16.7935 20
      vertex -18.01 18.01 20
    endloop
  endfacet
  facet normal -0 0 1
    outer loop
      vertex -20.0516 17.5848 20
      vertex -19.1494 16.7935 20
      vertex -18.8585 18.8585 20
    endloop
  endfacet
  facet normal 0 0 1
    outer loop
      vertex -20.0516 17.5848 20
      vertex -20.2067 15.5052 20
      vertex -19.1494 16.7935 20
    endloop
  endfacet
  facet normal -0 0 1
    outer loop
      vertex -21.1587 16.2357 20
      vertex -20.2067 15.5052 20
      vertex -20.0516 17.5848 20
    endloop
  endfacet
  facet normal 0 0 1
    outer loop
      vertex -21.1587 16.2357 20
      vertex -21.1775 14.1504 20
      vertex -20.2067 15.5052 20
    endloop
  endfacet
  facet normal -0 0 1
    outer loop
      vertex -22.1753 14.8171 20
      vertex -21.1775 14.1504 20
      vertex -21.1587 16.2357 20
    endloop
  endfacet
  facet normal -0 0 1
    outer loop
      vertex -22.2912 14.6307 20
      vertex -21.1775 14.1504 20
      vertex -22.1753 14.8171 20
    endloop
  endfacet
  facet normal 0 0 1
    outer loop
      vertex -21.1775 14.1504 20
      vertex -22.2912 14.6307 20
      vertex -22.0577 12.735 20
    endloop
  endfacet
  facet normal 0 0 1
    outer loop
      vertex -23.8162 11.9893 20
      vertex -22.0577 12.735 20
      vertex -22.2912 14.6307 20
    endloop
  endfacet
  facet normal 0 0 1
    outer loop
      vertex -22.0577 12.735 20
      vertex -23.8162 11.9893 20
      vertex -22.8433 11.2651 20
    endloop
  endfacet
  facet normal -0 0 1
    outer loop
      vertex -23.9196 11.7958 20
      vertex -22.8433 11.2651 20
      vertex -23.8162 11.9893 20
    endloop
  endfacet
  facet normal 0 0 1
    outer loop
      vertex -26.6415 17.1424 20
      vertex -23.8162 11.9893 20
      vertex -22.2912 14.6307 20
    endloop
  endfacet
  facet normal 0 0 1
    outer loop
      vertex -28.2781 17.5103 20
      vertex -26.7326 17.9244 20
      vertex -26.9432 18.484 20
    endloop
  endfacet
  facet normal 0 0 1
    outer loop
      vertex -28.423 17.86 20
      vertex -26.9432 18.484 20
      vertex -27.259 18.9917 20
    endloop
  endfacet
  facet normal 0 0 1
    outer loop
      vertex -28.6534 18.1603 20
      vertex -27.259 18.9917 20
      vertex -27.6677 19.4281 20
    endloop
  endfacet
  facet normal 0 0 1
    outer loop
      vertex -28.9537 18.3907 20
      vertex -27.6677 19.4281 20
      vertex -28.1537 19.7764 20
    endloop
  endfacet
  facet normal 0 0 1
    outer loop
      vertex -26.9432 18.484 20
      vertex -28.423 17.86 20
      vertex -28.2781 17.5103 20
    endloop
  endfacet
  facet normal 0 0 1
    outer loop
      vertex -26.6352 17.3345 20
      vertex -28.2287 17.135 20
      vertex -26.6415 17.1424 20
    endloop
  endfacet
  facet normal 0 0 1
    outer loop
      vertex -28.423 16.41 20
      vertex -26.6415 17.1424 20
      vertex -28.2781 16.7597 20
    endloop
  endfacet
  facet normal 0 0 1
    outer loop
      vertex -28.2781 16.7597 20
      vertex -26.6415 17.1424 20
      vertex -28.2287 17.135 20
    endloop
  endfacet
  facet normal 0 -0 1
    outer loop
      vertex -28.2287 17.135 20
      vertex -26.6352 17.3345 20
      vertex -28.2781 17.5103 20
    endloop
  endfacet
  facet normal 0 0 1
    outer loop
      vertex -27.259 18.9917 20
      vertex -28.6534 18.1603 20
      vertex -28.423 17.86 20
    endloop
  endfacet
  facet normal 0 0 1
    outer loop
      vertex -28.9537 18.3907 20
      vertex -28.1537 19.7764 20
      vertex -28.6983 20.0231 20
    endloop
  endfacet
  facet normal 0 0 1
    outer loop
      vertex -27.6677 19.4281 20
      vertex -28.9537 18.3907 20
      vertex -28.6534 18.1603 20
    endloop
  endfacet
  facet normal 0 0 1
    outer loop
      vertex -29.3034 18.5356 20
      vertex -28.6983 20.0231 20
      vertex -29.2806 20.1589 20
    endloop
  endfacet
  facet normal 0 0 1
    outer loop
      vertex -28.6983 20.0231 20
      vertex -29.3034 18.5356 20
      vertex -28.9537 18.3907 20
    endloop
  endfacet
  facet normal 0 0 1
    outer loop
      vertex -29.2806 20.1589 20
      vertex -29.6787 18.585 20
      vertex -29.3034 18.5356 20
    endloop
  endfacet
  facet normal 0 0 1
    outer loop
      vertex -29.8782 20.1785 20
      vertex -29.6787 18.585 20
      vertex -29.2806 20.1589 20
    endloop
  endfacet
  facet normal 0 0 1
    outer loop
      vertex -29.8782 20.1785 20
      vertex -30.054 18.5356 20
      vertex -29.6787 18.585 20
    endloop
  endfacet
  facet normal -0 0 1
    outer loop
      vertex -30.4681 20.0811 20
      vertex -30.054 18.5356 20
      vertex -29.8782 20.1785 20
    endloop
  endfacet
  facet normal -0 0 1
    outer loop
      vertex -31.0277 19.8705 20
      vertex -30.054 18.5356 20
      vertex -30.4681 20.0811 20
    endloop
  endfacet
  facet normal 0 0 1
    outer loop
      vertex -30.054 18.5356 20
      vertex -31.0277 19.8705 20
      vertex -30.4037 18.3907 20
    endloop
  endfacet
  facet normal -0 0 1
    outer loop
      vertex -31.5354 19.5547 20
      vertex -30.4037 18.3907 20
      vertex -31.0277 19.8705 20
    endloop
  endfacet
  facet normal 0 0 1
    outer loop
      vertex -30.4037 18.3907 20
      vertex -31.5354 19.5547 20
      vertex -30.704 18.1603 20
    endloop
  endfacet
  facet normal -0 0 1
    outer loop
      vertex -31.9718 19.146 20
      vertex -30.704 18.1603 20
      vertex -31.5354 19.5547 20
    endloop
  endfacet
  facet normal 0 0 1
    outer loop
      vertex -30.704 18.1603 20
      vertex -31.9718 19.146 20
      vertex -30.9344 17.86 20
    endloop
  endfacet
  facet normal -0 0 1
    outer loop
      vertex -32.3201 18.66 20
      vertex -30.9344 17.86 20
      vertex -31.9718 19.146 20
    endloop
  endfacet
  facet normal -0 0 1
    outer loop
      vertex -32.5668 18.1154 20
      vertex -30.9344 17.86 20
      vertex -32.3201 18.66 20
    endloop
  endfacet
  facet normal 0 0 1
    outer loop
      vertex -31.1287 17.135 20
      vertex -31.6897 14.8419 20
      vertex -31.2037 14.4936 20
    endloop
  endfacet
  facet normal 0 0 1
    outer loop
      vertex -30.9344 17.86 20
      vertex -32.5668 18.1154 20
      vertex -31.0793 17.5103 20
    endloop
  endfacet
  facet normal 0 0 1
    outer loop
      vertex -31.1287 17.135 20
      vertex -32.0984 15.2783 20
      vertex -31.6897 14.8419 20
    endloop
  endfacet
  facet normal -0 0 1
    outer loop
      vertex -32.7026 17.5331 20
      vertex -31.0793 17.5103 20
      vertex -32.5668 18.1154 20
    endloop
  endfacet
  facet normal 0 0 1
    outer loop
      vertex -31.1287 17.135 20
      vertex -32.4142 15.786 20
      vertex -32.0984 15.2783 20
    endloop
  endfacet
  facet normal 0 0 1
    outer loop
      vertex -31.0793 17.5103 20
      vertex -32.7026 17.5331 20
      vertex -31.1287 17.135 20
    endloop
  endfacet
  facet normal 0 0 1
    outer loop
      vertex -31.1287 17.135 20
      vertex -32.6248 16.3456 20
      vertex -32.4142 15.786 20
    endloop
  endfacet
  facet normal 0 0 1
    outer loop
      vertex -32.7222 16.9355 20
      vertex -31.1287 17.135 20
      vertex -32.7026 17.5331 20
    endloop
  endfacet
  facet normal 0 0 1
    outer loop
      vertex -31.1287 17.135 20
      vertex -32.7222 16.9355 20
      vertex -32.6248 16.3456 20
    endloop
  endfacet
  facet normal -0 0 1
    outer loop
      vertex 30.704 16.1097 20
      vertex 32.0984 15.2783 20
      vertex 30.9344 16.41 20
    endloop
  endfacet
  facet normal 0 0 1
    outer loop
      vertex 32.0984 15.2783 20
      vertex 30.704 16.1097 20
      vertex 31.6897 14.8419 20
    endloop
  endfacet
  facet normal -0 0 1
    outer loop
      vertex 30.4037 15.8793 20
      vertex 31.6897 14.8419 20
      vertex 30.704 16.1097 20
    endloop
  endfacet
  facet normal 0 0 1
    outer loop
      vertex 31.6897 14.8419 20
      vertex 30.4037 15.8793 20
      vertex 31.2037 14.4936 20
    endloop
  endfacet
  facet normal 0 0 1
    outer loop
      vertex 31.2037 14.4936 20
      vertex 30.4037 15.8793 20
      vertex 30.6591 14.2469 20
    endloop
  endfacet
  facet normal -0 0 1
    outer loop
      vertex 30.054 15.7344 20
      vertex 30.6591 14.2469 20
      vertex 30.4037 15.8793 20
    endloop
  endfacet
  facet normal 0 0 1
    outer loop
      vertex 30.6591 14.2469 20
      vertex 30.054 15.7344 20
      vertex 30.0768 14.1111 20
    endloop
  endfacet
  facet normal -0 0 1
    outer loop
      vertex 29.6787 15.685 20
      vertex 30.0768 14.1111 20
      vertex 30.054 15.7344 20
    endloop
  endfacet
  facet normal 0 0 1
    outer loop
      vertex 29.6787 15.685 20
      vertex 29.4792 14.0915 20
      vertex 30.0768 14.1111 20
    endloop
  endfacet
  facet normal 0 0 1
    outer loop
      vertex 29.3034 15.7344 20
      vertex 29.4792 14.0915 20
      vertex 29.6787 15.685 20
    endloop
  endfacet
  facet normal 0 0 1
    outer loop
      vertex 28.3297 14.3995 20
      vertex 29.3034 15.7344 20
      vertex 28.9537 15.8793 20
    endloop
  endfacet
  facet normal 0 0 1
    outer loop
      vertex 29.3034 15.7344 20
      vertex 28.8893 14.1889 20
      vertex 29.4792 14.0915 20
    endloop
  endfacet
  facet normal 0 0 1
    outer loop
      vertex 28.1665 14.501 20
      vertex 28.9537 15.8793 20
      vertex 28.6534 16.1097 20
    endloop
  endfacet
  facet normal 0 0 1
    outer loop
      vertex 28.1665 14.501 20
      vertex 28.6534 16.1097 20
      vertex 28.423 16.41 20
    endloop
  endfacet
  facet normal 0 0 1
    outer loop
      vertex 29.3034 15.7344 20
      vertex 28.3297 14.3995 20
      vertex 28.8893 14.1889 20
    endloop
  endfacet
  facet normal 0 0 1
    outer loop
      vertex 28.1665 14.501 20
      vertex 28.423 16.41 20
      vertex 28.2781 16.7597 20
    endloop
  endfacet
  facet normal 0 0 1
    outer loop
      vertex 28.1665 14.501 20
      vertex 28.2781 16.7597 20
      vertex 28.2287 17.135 20
    endloop
  endfacet
  facet normal 0 0 1
    outer loop
      vertex 28.9537 15.8793 20
      vertex 28.1665 14.501 20
      vertex 28.3297 14.3995 20
    endloop
  endfacet
  facet normal 0 0 1
    outer loop
      vertex 25.47 0 20
      vertex 26.67 0 20
      vertex 26.6129 1.7443 20
    endloop
  endfacet
  facet normal 0 0 1
    outer loop
      vertex 25.4155 1.66582 20
      vertex 26.6129 1.7443 20
      vertex 26.4418 3.48113 20
    endloop
  endfacet
  facet normal 0 0 1
    outer loop
      vertex 26.67 0 20
      vertex 25.47 0 20
      vertex 26.6129 -1.7443 20
    endloop
  endfacet
  facet normal 0 0 1
    outer loop
      vertex 25.2521 3.3245 20
      vertex 26.4418 3.48113 20
      vertex 26.1575 5.20306 20
    endloop
  endfacet
  facet normal -0 0 1
    outer loop
      vertex 25.4155 -1.66582 20
      vertex 26.6129 -1.7443 20
      vertex 25.47 0 20
    endloop
  endfacet
  facet normal 0 0 1
    outer loop
      vertex 24.9806 4.96895 20
      vertex 26.1575 5.20306 20
      vertex 25.7612 6.9027 20
    endloop
  endfacet
  facet normal 0 0 1
    outer loop
      vertex 26.6129 -1.7443 20
      vertex 25.4155 -1.66582 20
      vertex 26.4418 -3.48113 20
    endloop
  endfacet
  facet normal -0 0 1
    outer loop
      vertex 25.2521 -3.3245 20
      vertex 26.4418 -3.48113 20
      vertex 25.4155 -1.66582 20
    endloop
  endfacet
  facet normal 0 0 1
    outer loop
      vertex 26.6129 1.7443 20
      vertex 25.4155 1.66582 20
      vertex 25.47 0 20
    endloop
  endfacet
  facet normal 0 0 1
    outer loop
      vertex 24.6021 6.59212 20
      vertex 25.7612 6.9027 20
      vertex 25.2546 8.57279 20
    endloop
  endfacet
  facet normal 0 0 1
    outer loop
      vertex 26.4418 3.48113 20
      vertex 25.2521 3.3245 20
      vertex 25.4155 1.66582 20
    endloop
  endfacet
  facet normal 0 0 1
    outer loop
      vertex 26.1575 5.20306 20
      vertex 24.9806 4.96895 20
      vertex 25.2521 3.3245 20
    endloop
  endfacet
  facet normal 0 0 1
    outer loop
      vertex 24.1183 8.18706 20
      vertex 25.2546 8.57279 20
      vertex 24.6399 10.2062 20
    endloop
  endfacet
  facet normal 0 0 1
    outer loop
      vertex 25.7612 6.9027 20
      vertex 24.6021 6.59212 20
      vertex 24.9806 4.96895 20
    endloop
  endfacet
  facet normal 0 0 1
    outer loop
      vertex 25.2546 8.57279 20
      vertex 24.1183 8.18706 20
      vertex 24.6021 6.59212 20
    endloop
  endfacet
  facet normal 0 0 1
    outer loop
      vertex 23.5312 9.74695 20
      vertex 24.6399 10.2062 20
      vertex 23.9196 11.7958 20
    endloop
  endfacet
  facet normal 0 0 1
    outer loop
      vertex 22.8433 11.2651 20
      vertex 23.9196 11.7958 20
      vertex 23.8162 11.9893 20
    endloop
  endfacet
  facet normal 0 0 1
    outer loop
      vertex 24.6399 10.2062 20
      vertex 23.5312 9.74695 20
      vertex 24.1183 8.18706 20
    endloop
  endfacet
  facet normal 0 0 1
    outer loop
      vertex 26.4418 -3.48113 20
      vertex 25.2521 -3.3245 20
      vertex 26.1575 -5.20306 20
    endloop
  endfacet
  facet normal -0 0 1
    outer loop
      vertex 24.9806 -4.96895 20
      vertex 26.1575 -5.20306 20
      vertex 25.2521 -3.3245 20
    endloop
  endfacet
  facet normal 0 0 1
    outer loop
      vertex 26.1575 -5.20306 20
      vertex 24.9806 -4.96895 20
      vertex 25.7612 -6.9027 20
    endloop
  endfacet
  facet normal -0 0 1
    outer loop
      vertex 24.6021 -6.59212 20
      vertex 25.7612 -6.9027 20
      vertex 24.9806 -4.96895 20
    endloop
  endfacet
  facet normal 0 0 1
    outer loop
      vertex 25.7612 -6.9027 20
      vertex 24.6021 -6.59212 20
      vertex 25.2546 -8.57279 20
    endloop
  endfacet
  facet normal -0 0 1
    outer loop
      vertex 24.1183 -8.18706 20
      vertex 25.2546 -8.57279 20
      vertex 24.6021 -6.59212 20
    endloop
  endfacet
  facet normal 0 0 1
    outer loop
      vertex 25.2546 -8.57279 20
      vertex 24.1183 -8.18706 20
      vertex 24.6399 -10.2062 20
    endloop
  endfacet
  facet normal -0 0 1
    outer loop
      vertex 23.5312 -9.74695 20
      vertex 24.6399 -10.2062 20
      vertex 24.1183 -8.18706 20
    endloop
  endfacet
  facet normal 0 0 1
    outer loop
      vertex 24.6399 -10.2062 20
      vertex 23.5312 -9.74695 20
      vertex 23.9196 -11.7958 20
    endloop
  endfacet
  facet normal -0 0 1
    outer loop
      vertex 22.8433 -11.2651 20
      vertex 23.9196 -11.7958 20
      vertex 23.5312 -9.74695 20
    endloop
  endfacet
  facet normal 0 0 1
    outer loop
      vertex 23.9196 -11.7958 20
      vertex 22.8433 -11.2651 20
      vertex 23.0969 -13.335 20
    endloop
  endfacet
  facet normal -0 0 1
    outer loop
      vertex 22.0577 -12.735 20
      vertex 23.0969 -13.335 20
      vertex 22.8433 -11.2651 20
    endloop
  endfacet
  facet normal 0 0 1
    outer loop
      vertex 23.0969 -13.335 20
      vertex 22.0577 -12.735 20
      vertex 22.1753 -14.8171 20
    endloop
  endfacet
  facet normal -0 0 1
    outer loop
      vertex 21.1775 -14.1504 20
      vertex 22.1753 -14.8171 20
      vertex 22.0577 -12.735 20
    endloop
  endfacet
  facet normal 0 0 1
    outer loop
      vertex 21.1775 -14.1504 20
      vertex 21.1587 -16.2357 20
      vertex 22.1753 -14.8171 20
    endloop
  endfacet
  facet normal -0 0 1
    outer loop
      vertex 20.2067 -15.5052 20
      vertex 21.1587 -16.2357 20
      vertex 21.1775 -14.1504 20
    endloop
  endfacet
  facet normal 0 0 1
    outer loop
      vertex 20.2067 -15.5052 20
      vertex 20.0516 -17.5848 20
      vertex 21.1587 -16.2357 20
    endloop
  endfacet
  facet normal -0 0 1
    outer loop
      vertex 19.1494 -16.7935 20
      vertex 20.0516 -17.5848 20
      vertex 20.2067 -15.5052 20
    endloop
  endfacet
  facet normal 0 0 1
    outer loop
      vertex 19.1494 -16.7935 20
      vertex 18.8585 -18.8585 20
      vertex 20.0516 -17.5848 20
    endloop
  endfacet
  facet normal -0 0 1
    outer loop
      vertex 18.01 -18.01 20
      vertex 18.8585 -18.8585 20
      vertex 19.1494 -16.7935 20
    endloop
  endfacet
  facet normal 0 0 1
    outer loop
      vertex 18.01 -18.01 20
      vertex 17.5848 -20.0516 20
      vertex 18.8585 -18.8585 20
    endloop
  endfacet
  facet normal -0 0 1
    outer loop
      vertex 16.7935 -19.1494 20
      vertex 17.5848 -20.0516 20
      vertex 18.01 -18.01 20
    endloop
  endfacet
  facet normal 0 0 1
    outer loop
      vertex 16.7935 -19.1494 20
      vertex 16.2357 -21.1587 20
      vertex 17.5848 -20.0516 20
    endloop
  endfacet
  facet normal -0 0 1
    outer loop
      vertex 15.5052 -20.2067 20
      vertex 16.2357 -21.1587 20
      vertex 16.7935 -19.1494 20
    endloop
  endfacet
  facet normal 0 0 1
    outer loop
      vertex 15.5052 -20.2067 20
      vertex 14.8171 -22.1753 20
      vertex 16.2357 -21.1587 20
    endloop
  endfacet
  facet normal -0 0 1
    outer loop
      vertex 14.1504 -21.1775 20
      vertex 14.8171 -22.1753 20
      vertex 15.5052 -20.2067 20
    endloop
  endfacet
  facet normal 0 0 1
    outer loop
      vertex 14.1504 -21.1775 20
      vertex 13.335 -23.0969 20
      vertex 14.8171 -22.1753 20
    endloop
  endfacet
  facet normal -0 0 1
    outer loop
      vertex 12.735 -22.0577 20
      vertex 13.335 -23.0969 20
      vertex 14.1504 -21.1775 20
    endloop
  endfacet
  facet normal 0 0 1
    outer loop
      vertex 12.735 -22.0577 20
      vertex 11.7958 -23.9196 20
      vertex 13.335 -23.0969 20
    endloop
  endfacet
  facet normal -0 0 1
    outer loop
      vertex 11.2651 -22.8433 20
      vertex 11.7958 -23.9196 20
      vertex 12.735 -22.0577 20
    endloop
  endfacet
  facet normal 0 0 1
    outer loop
      vertex 11.2651 -22.8433 20
      vertex 10.2062 -24.6399 20
      vertex 11.7958 -23.9196 20
    endloop
  endfacet
  facet normal -0 0 1
    outer loop
      vertex 9.74695 -23.5312 20
      vertex 10.2062 -24.6399 20
      vertex 11.2651 -22.8433 20
    endloop
  endfacet
  facet normal 0 0 1
    outer loop
      vertex 9.74695 -23.5312 20
      vertex 8.57279 -25.2546 20
      vertex 10.2062 -24.6399 20
    endloop
  endfacet
  facet normal -0 0 1
    outer loop
      vertex 8.18706 -24.1183 20
      vertex 8.57279 -25.2546 20
      vertex 9.74695 -23.5312 20
    endloop
  endfacet
  facet normal 0 0 1
    outer loop
      vertex 8.18706 -24.1183 20
      vertex 6.9027 -25.7612 20
      vertex 8.57279 -25.2546 20
    endloop
  endfacet
  facet normal -0 0 1
    outer loop
      vertex 6.59212 -24.6021 20
      vertex 6.9027 -25.7612 20
      vertex 8.18706 -24.1183 20
    endloop
  endfacet
  facet normal 0 0 1
    outer loop
      vertex 6.59212 -24.6021 20
      vertex 5.20306 -26.1575 20
      vertex 6.9027 -25.7612 20
    endloop
  endfacet
  facet normal -0 0 1
    outer loop
      vertex 4.96895 -24.9806 20
      vertex 5.20306 -26.1575 20
      vertex 6.59212 -24.6021 20
    endloop
  endfacet
  facet normal 0 0 1
    outer loop
      vertex 4.96895 -24.9806 20
      vertex 3.48113 -26.4418 20
      vertex 5.20306 -26.1575 20
    endloop
  endfacet
  facet normal -0 0 1
    outer loop
      vertex 3.3245 -25.2521 20
      vertex 3.48113 -26.4418 20
      vertex 4.96895 -24.9806 20
    endloop
  endfacet
  facet normal 0 0 1
    outer loop
      vertex 3.3245 -25.2521 20
      vertex 1.7443 -26.6129 20
      vertex 3.48113 -26.4418 20
    endloop
  endfacet
  facet normal -0 0 1
    outer loop
      vertex 1.66582 -25.4155 20
      vertex 1.7443 -26.6129 20
      vertex 3.3245 -25.2521 20
    endloop
  endfacet
  facet normal -0 0 1
    outer loop
      vertex 1.6 -25.4176 20
      vertex 1.7443 -26.6129 20
      vertex 1.66582 -25.4155 20
    endloop
  endfacet
  facet normal 0 0 1
    outer loop
      vertex 1.7443 -26.6129 20
      vertex 1.6 -25.4176 20
      vertex 1.6 -26.6176 20
    endloop
  endfacet
  facet normal 0 0 1
    outer loop
      vertex -22.8433 11.2651 20
      vertex -23.9196 11.7958 20
      vertex -23.5312 9.74695 20
    endloop
  endfacet
  facet normal -0 0 1
    outer loop
      vertex -24.6399 10.2062 20
      vertex -23.5312 9.74695 20
      vertex -23.9196 11.7958 20
    endloop
  endfacet
  facet normal 0 0 1
    outer loop
      vertex -23.5312 9.74695 20
      vertex -24.6399 10.2062 20
      vertex -24.1183 8.18706 20
    endloop
  endfacet
  facet normal -0 0 1
    outer loop
      vertex -25.2546 8.57279 20
      vertex -24.1183 8.18706 20
      vertex -24.6399 10.2062 20
    endloop
  endfacet
  facet normal 0 0 1
    outer loop
      vertex -24.1183 8.18706 20
      vertex -25.2546 8.57279 20
      vertex -24.6021 6.59212 20
    endloop
  endfacet
  facet normal -0 0 1
    outer loop
      vertex -25.7612 6.9027 20
      vertex -24.6021 6.59212 20
      vertex -25.2546 8.57279 20
    endloop
  endfacet
  facet normal 0 0 1
    outer loop
      vertex -24.6021 6.59212 20
      vertex -25.7612 6.9027 20
      vertex -24.9806 4.96895 20
    endloop
  endfacet
  facet normal -0 0 1
    outer loop
      vertex -26.1575 5.20306 20
      vertex -24.9806 4.96895 20
      vertex -25.7612 6.9027 20
    endloop
  endfacet
  facet normal 0 0 1
    outer loop
      vertex -24.9806 4.96895 20
      vertex -26.1575 5.20306 20
      vertex -25.2521 3.3245 20
    endloop
  endfacet
  facet normal -0 0 1
    outer loop
      vertex -26.4418 3.48113 20
      vertex -25.2521 3.3245 20
      vertex -26.1575 5.20306 20
    endloop
  endfacet
  facet normal 0 0 1
    outer loop
      vertex -1.66582 -25.4155 20
      vertex -1.6 -26.6176 20
      vertex -1.6 -25.4176 20
    endloop
  endfacet
  facet normal 0 0 1
    outer loop
      vertex -1.66582 -25.4155 20
      vertex -1.7443 -26.6129 20
      vertex -1.6 -26.6176 20
    endloop
  endfacet
  facet normal 0 0 1
    outer loop
      vertex -3.3245 -25.2521 20
      vertex -1.7443 -26.6129 20
      vertex -1.66582 -25.4155 20
    endloop
  endfacet
  facet normal 0 0 1
    outer loop
      vertex -3.3245 -25.2521 20
      vertex -3.48113 -26.4418 20
      vertex -1.7443 -26.6129 20
    endloop
  endfacet
  facet normal 0 0 1
    outer loop
      vertex -4.96895 -24.9806 20
      vertex -3.48113 -26.4418 20
      vertex -3.3245 -25.2521 20
    endloop
  endfacet
  facet normal 0 0 1
    outer loop
      vertex -4.96895 -24.9806 20
      vertex -5.20306 -26.1575 20
      vertex -3.48113 -26.4418 20
    endloop
  endfacet
  facet normal 0 0 1
    outer loop
      vertex -6.59212 -24.6021 20
      vertex -5.20306 -26.1575 20
      vertex -4.96895 -24.9806 20
    endloop
  endfacet
  facet normal 0 0 1
    outer loop
      vertex -6.59212 -24.6021 20
      vertex -6.9027 -25.7612 20
      vertex -5.20306 -26.1575 20
    endloop
  endfacet
  facet normal 0 0 1
    outer loop
      vertex -8.18706 -24.1183 20
      vertex -6.9027 -25.7612 20
      vertex -6.59212 -24.6021 20
    endloop
  endfacet
  facet normal 0 0 1
    outer loop
      vertex -8.18706 -24.1183 20
      vertex -8.57279 -25.2546 20
      vertex -6.9027 -25.7612 20
    endloop
  endfacet
  facet normal 0 0 1
    outer loop
      vertex -9.74695 -23.5312 20
      vertex -8.57279 -25.2546 20
      vertex -8.18706 -24.1183 20
    endloop
  endfacet
  facet normal 0 0 1
    outer loop
      vertex -9.74695 -23.5312 20
      vertex -10.2062 -24.6399 20
      vertex -8.57279 -25.2546 20
    endloop
  endfacet
  facet normal 0 0 1
    outer loop
      vertex -11.2651 -22.8433 20
      vertex -10.2062 -24.6399 20
      vertex -9.74695 -23.5312 20
    endloop
  endfacet
  facet normal 0 0 1
    outer loop
      vertex -11.2651 -22.8433 20
      vertex -11.7958 -23.9196 20
      vertex -10.2062 -24.6399 20
    endloop
  endfacet
  facet normal 0 0 1
    outer loop
      vertex -12.735 -22.0577 20
      vertex -11.7958 -23.9196 20
      vertex -11.2651 -22.8433 20
    endloop
  endfacet
  facet normal 0 0 1
    outer loop
      vertex -12.735 -22.0577 20
      vertex -13.335 -23.0969 20
      vertex -11.7958 -23.9196 20
    endloop
  endfacet
  facet normal 0 0 1
    outer loop
      vertex -14.1504 -21.1775 20
      vertex -13.335 -23.0969 20
      vertex -12.735 -22.0577 20
    endloop
  endfacet
  facet normal 0 0 1
    outer loop
      vertex -14.1504 -21.1775 20
      vertex -14.8171 -22.1753 20
      vertex -13.335 -23.0969 20
    endloop
  endfacet
  facet normal 0 0 1
    outer loop
      vertex -15.5052 -20.2067 20
      vertex -14.8171 -22.1753 20
      vertex -14.1504 -21.1775 20
    endloop
  endfacet
  facet normal 0 0 1
    outer loop
      vertex -15.5052 -20.2067 20
      vertex -16.2357 -21.1587 20
      vertex -14.8171 -22.1753 20
    endloop
  endfacet
  facet normal 0 0 1
    outer loop
      vertex -16.7935 -19.1494 20
      vertex -16.2357 -21.1587 20
      vertex -15.5052 -20.2067 20
    endloop
  endfacet
  facet normal 0 0 1
    outer loop
      vertex -16.7935 -19.1494 20
      vertex -17.5848 -20.0516 20
      vertex -16.2357 -21.1587 20
    endloop
  endfacet
  facet normal 0 0 1
    outer loop
      vertex -18.01 -18.01 20
      vertex -17.5848 -20.0516 20
      vertex -16.7935 -19.1494 20
    endloop
  endfacet
  facet normal 0 0 1
    outer loop
      vertex -18.01 -18.01 20
      vertex -18.8585 -18.8585 20
      vertex -17.5848 -20.0516 20
    endloop
  endfacet
  facet normal 0 0 1
    outer loop
      vertex -19.1494 -16.7935 20
      vertex -18.8585 -18.8585 20
      vertex -18.01 -18.01 20
    endloop
  endfacet
  facet normal 0 0 1
    outer loop
      vertex -19.1494 -16.7935 20
      vertex -20.0516 -17.5848 20
      vertex -18.8585 -18.8585 20
    endloop
  endfacet
  facet normal 0 0 1
    outer loop
      vertex -20.2067 -15.5052 20
      vertex -20.0516 -17.5848 20
      vertex -19.1494 -16.7935 20
    endloop
  endfacet
  facet normal 0 0 1
    outer loop
      vertex -20.2067 -15.5052 20
      vertex -21.1587 -16.2357 20
      vertex -20.0516 -17.5848 20
    endloop
  endfacet
  facet normal 0 0 1
    outer loop
      vertex -21.1775 -14.1504 20
      vertex -21.1587 -16.2357 20
      vertex -20.2067 -15.5052 20
    endloop
  endfacet
  facet normal 0 0 1
    outer loop
      vertex -22.1753 -14.8171 20
      vertex -21.1775 -14.1504 20
      vertex -22.0577 -12.735 20
    endloop
  endfacet
  facet normal 0 0 1
    outer loop
      vertex -21.1775 -14.1504 20
      vertex -22.1753 -14.8171 20
      vertex -21.1587 -16.2357 20
    endloop
  endfacet
  facet normal 0 0 1
    outer loop
      vertex -23.0969 -13.335 20
      vertex -22.0577 -12.735 20
      vertex -22.8433 -11.2651 20
    endloop
  endfacet
  facet normal 0 0 1
    outer loop
      vertex -22.0577 -12.735 20
      vertex -23.0969 -13.335 20
      vertex -22.1753 -14.8171 20
    endloop
  endfacet
  facet normal 0 0 1
    outer loop
      vertex -23.9196 -11.7958 20
      vertex -22.8433 -11.2651 20
      vertex -23.5312 -9.74695 20
    endloop
  endfacet
  facet normal 0 0 1
    outer loop
      vertex -22.8433 -11.2651 20
      vertex -23.9196 -11.7958 20
      vertex -23.0969 -13.335 20
    endloop
  endfacet
  facet normal 0 0 1
    outer loop
      vertex -24.6399 -10.2062 20
      vertex -23.5312 -9.74695 20
      vertex -24.1183 -8.18706 20
    endloop
  endfacet
  facet normal 0 0 1
    outer loop
      vertex -25.2546 -8.57279 20
      vertex -24.1183 -8.18706 20
      vertex -24.6021 -6.59212 20
    endloop
  endfacet
  facet normal 0 0 1
    outer loop
      vertex -23.5312 -9.74695 20
      vertex -24.6399 -10.2062 20
      vertex -23.9196 -11.7958 20
    endloop
  endfacet
  facet normal 0 0 1
    outer loop
      vertex -25.7612 -6.9027 20
      vertex -24.6021 -6.59212 20
      vertex -24.9806 -4.96895 20
    endloop
  endfacet
  facet normal 0 0 1
    outer loop
      vertex -26.1575 -5.20306 20
      vertex -24.9806 -4.96895 20
      vertex -25.2521 -3.3245 20
    endloop
  endfacet
  facet normal 0 0 1
    outer loop
      vertex -24.1183 -8.18706 20
      vertex -25.2546 -8.57279 20
      vertex -24.6399 -10.2062 20
    endloop
  endfacet
  facet normal 0 0 1
    outer loop
      vertex -26.4418 -3.48113 20
      vertex -25.2521 -3.3245 20
      vertex -25.4155 -1.66582 20
    endloop
  endfacet
  facet normal 0 0 1
    outer loop
      vertex -26.6129 -1.7443 20
      vertex -25.4155 -1.66582 20
      vertex -25.47 0 20
    endloop
  endfacet
  facet normal 0 0 1
    outer loop
      vertex -25.2521 3.3245 20
      vertex -26.4418 3.48113 20
      vertex -25.4155 1.66582 20
    endloop
  endfacet
  facet normal 0 0 1
    outer loop
      vertex -24.6021 -6.59212 20
      vertex -25.7612 -6.9027 20
      vertex -25.2546 -8.57279 20
    endloop
  endfacet
  facet normal -0 0 1
    outer loop
      vertex -26.6129 1.7443 20
      vertex -25.4155 1.66582 20
      vertex -26.4418 3.48113 20
    endloop
  endfacet
  facet normal 0 0 1
    outer loop
      vertex -24.9806 -4.96895 20
      vertex -26.1575 -5.20306 20
      vertex -25.7612 -6.9027 20
    endloop
  endfacet
  facet normal 0 0 1
    outer loop
      vertex -25.4155 1.66582 20
      vertex -26.6129 1.7443 20
      vertex -25.47 0 20
    endloop
  endfacet
  facet normal 0 0 1
    outer loop
      vertex -25.2521 -3.3245 20
      vertex -26.4418 -3.48113 20
      vertex -26.1575 -5.20306 20
    endloop
  endfacet
  facet normal 0 0 1
    outer loop
      vertex -26.67 0 20
      vertex -25.47 0 20
      vertex -26.6129 1.7443 20
    endloop
  endfacet
  facet normal 0 0 1
    outer loop
      vertex -25.4155 -1.66582 20
      vertex -26.6129 -1.7443 20
      vertex -26.4418 -3.48113 20
    endloop
  endfacet
  facet normal 0 0 1
    outer loop
      vertex -25.47 0 20
      vertex -26.67 0 20
      vertex -26.6129 -1.7443 20
    endloop
  endfacet
  facet normal 0 0 1
    outer loop
      vertex -26.6415 17.1424 20
      vertex -28.1665 14.501 20
      vertex -23.8162 11.9893 20
    endloop
  endfacet
  facet normal 0 0 1
    outer loop
      vertex -26.6415 17.1424 20
      vertex -28.423 16.41 20
      vertex -28.1665 14.501 20
    endloop
  endfacet
  facet normal -0 0 1
    outer loop
      vertex -28.6534 16.1097 20
      vertex -28.1665 14.501 20
      vertex -28.423 16.41 20
    endloop
  endfacet
  facet normal -0 0 1
    outer loop
      vertex -28.9537 15.8793 20
      vertex -28.1665 14.501 20
      vertex -28.6534 16.1097 20
    endloop
  endfacet
  facet normal 0 0 1
    outer loop
      vertex -28.1665 14.501 20
      vertex -28.9537 15.8793 20
      vertex -28.3297 14.3995 20
    endloop
  endfacet
  facet normal -0 0 1
    outer loop
      vertex -29.3034 15.7344 20
      vertex -28.3297 14.3995 20
      vertex -28.9537 15.8793 20
    endloop
  endfacet
  facet normal 0 0 1
    outer loop
      vertex -28.3297 14.3995 20
      vertex -29.3034 15.7344 20
      vertex -28.8893 14.1889 20
    endloop
  endfacet
  facet normal 0 0 1
    outer loop
      vertex -29.3034 15.7344 20
      vertex -29.4792 14.0915 20
      vertex -28.8893 14.1889 20
    endloop
  endfacet
  facet normal -0 0 1
    outer loop
      vertex -29.6787 15.685 20
      vertex -29.4792 14.0915 20
      vertex -29.3034 15.7344 20
    endloop
  endfacet
  facet normal 0 0 1
    outer loop
      vertex -30.0768 14.1111 20
      vertex -29.6787 15.685 20
      vertex -30.054 15.7344 20
    endloop
  endfacet
  facet normal 0 0 1
    outer loop
      vertex -29.6787 15.685 20
      vertex -30.0768 14.1111 20
      vertex -29.4792 14.0915 20
    endloop
  endfacet
  facet normal 0 0 1
    outer loop
      vertex -30.6591 14.2469 20
      vertex -30.054 15.7344 20
      vertex -30.4037 15.8793 20
    endloop
  endfacet
  facet normal 0 0 1
    outer loop
      vertex -30.054 15.7344 20
      vertex -30.6591 14.2469 20
      vertex -30.0768 14.1111 20
    endloop
  endfacet
  facet normal 0 0 1
    outer loop
      vertex -31.2037 14.4936 20
      vertex -30.4037 15.8793 20
      vertex -30.704 16.1097 20
    endloop
  endfacet
  facet normal 0 0 1
    outer loop
      vertex -31.2037 14.4936 20
      vertex -30.704 16.1097 20
      vertex -30.9344 16.41 20
    endloop
  endfacet
  facet normal 0 0 1
    outer loop
      vertex -31.2037 14.4936 20
      vertex -30.9344 16.41 20
      vertex -31.0793 16.7597 20
    endloop
  endfacet
  facet normal 0 0 1
    outer loop
      vertex -30.4037 15.8793 20
      vertex -31.2037 14.4936 20
      vertex -30.6591 14.2469 20
    endloop
  endfacet
  facet normal 0 0 1
    outer loop
      vertex -31.2037 14.4936 20
      vertex -31.0793 16.7597 20
      vertex -31.1287 17.135 20
    endloop
  endfacet
  facet normal 0 0 -1
    outer loop
      vertex 2.54 -34.27 0
      vertex 3.05 -34.27 0
      vertex 2.99139 -34.865 0
    endloop
  endfacet
  facet normal 0 0 -1
    outer loop
      vertex 2.45345 -34.9274 0
      vertex 2.99139 -34.865 0
      vertex 2.81783 -35.4372 0
    endloop
  endfacet
  facet normal 0 0 -1
    outer loop
      vertex 3.05 -34.27 0
      vertex 2.54 -34.27 0
      vertex 2.99139 -33.675 0
    endloop
  endfacet
  facet normal 0 0 -1
    outer loop
      vertex 2.4539 -33.616 0
      vertex 2.99139 -33.675 0
      vertex 2.54 -34.27 0
    endloop
  endfacet
  facet normal 0 0 -1
    outer loop
      vertex 2.20102 -35.5368 0
      vertex 2.81783 -35.4372 0
      vertex 2.53598 -35.9645 0
    endloop
  endfacet
  facet normal -0 0 -1
    outer loop
      vertex 2.99139 -34.865 0
      vertex 2.4539 -34.924 0
      vertex 2.54 -34.27 0
    endloop
  endfacet
  facet normal 0 0 -1
    outer loop
      vertex 2.99139 -34.865 0
      vertex 2.45345 -34.9274 0
      vertex 2.4539 -34.924 0
    endloop
  endfacet
  facet normal -0 0 -1
    outer loop
      vertex 2.81783 -35.4372 0
      vertex 2.20102 -35.5368 0
      vertex 2.45345 -34.9274 0
    endloop
  endfacet
  facet normal 0 0 -1
    outer loop
      vertex 2.53598 -35.9645 0
      vertex 2.1997 -35.54 0
      vertex 2.20102 -35.5368 0
    endloop
  endfacet
  facet normal 0 0 -1
    outer loop
      vertex 2.53598 -35.9645 0
      vertex 2.19761 -35.5427 0
      vertex 2.1997 -35.54 0
    endloop
  endfacet
  facet normal 0 0 -1
    outer loop
      vertex 1.79605 -36.0661 0
      vertex 2.53598 -35.9645 0
      vertex 2.15668 -36.4267 0
    endloop
  endfacet
  facet normal -0 0 -1
    outer loop
      vertex 2.53598 -35.9645 0
      vertex 1.79605 -36.0661 0
      vertex 2.19761 -35.5427 0
    endloop
  endfacet
  facet normal 0 0 -1
    outer loop
      vertex 1.69449 -36.806 0
      vertex 1.79605 -36.0661 0
      vertex 2.15668 -36.4267 0
    endloop
  endfacet
  facet normal 0 0 -1
    outer loop
      vertex 1.69449 -36.806 0
      vertex 1.27273 -36.4676 0
      vertex 1.79605 -36.0661 0
    endloop
  endfacet
  facet normal 0 0 -1
    outer loop
      vertex 1.69449 -36.806 0
      vertex 1.27 -36.4697 0
      vertex 1.27273 -36.4676 0
    endloop
  endfacet
  facet normal 0 0 -1
    outer loop
      vertex 1.69449 -36.806 0
      vertex 1.26682 -36.471 0
      vertex 1.27 -36.4697 0
    endloop
  endfacet
  facet normal 0 0 -1
    outer loop
      vertex 1.16718 -37.0878 0
      vertex 1.26682 -36.471 0
      vertex 1.69449 -36.806 0
    endloop
  endfacet
  facet normal 0 0 -1
    outer loop
      vertex 1.16718 -37.0878 0
      vertex 0.6574 -36.7234 0
      vertex 1.26682 -36.471 0
    endloop
  endfacet
  facet normal 0 0 -1
    outer loop
      vertex 0.595025 -37.2614 0
      vertex 0.6574 -36.7234 0
      vertex 1.16718 -37.0878 0
    endloop
  endfacet
  facet normal 0 0 -1
    outer loop
      vertex 0.6574 -36.7234 0
      vertex 0.595025 -37.2614 0
      vertex 0.653989 -36.7239 0
    endloop
  endfacet
  facet normal 0 0 -1
    outer loop
      vertex 0 -36.81 0
      vertex 0.595025 -37.2614 0
      vertex 0 -37.32 0
    endloop
  endfacet
  facet normal 0 0 -1
    outer loop
      vertex 0.595025 -37.2614 0
      vertex 0 -36.81 0
      vertex 0.653989 -36.7239 0
    endloop
  endfacet
  facet normal 0 0 -1
    outer loop
      vertex -0.595025 -37.2614 0
      vertex 0 -36.81 0
      vertex 0 -37.32 0
    endloop
  endfacet
  facet normal 0 0 -1
    outer loop
      vertex -0.595025 -37.2614 0
      vertex -0.653989 -36.7239 0
      vertex 0 -36.81 0
    endloop
  endfacet
  facet normal 0 0 -1
    outer loop
      vertex -0.595025 -37.2614 0
      vertex -0.6574 -36.7234 0
      vertex -0.653989 -36.7239 0
    endloop
  endfacet
  facet normal 0 0 -1
    outer loop
      vertex -1.16718 -37.0878 0
      vertex -0.6574 -36.7234 0
      vertex -0.595025 -37.2614 0
    endloop
  endfacet
  facet normal 0 0 -1
    outer loop
      vertex -1.16718 -37.0878 0
      vertex -1.26682 -36.471 0
      vertex -0.6574 -36.7234 0
    endloop
  endfacet
  facet normal 0 0 -1
    outer loop
      vertex -1.69449 -36.806 0
      vertex -1.26682 -36.471 0
      vertex -1.16718 -37.0878 0
    endloop
  endfacet
  facet normal -0 0 -1
    outer loop
      vertex -1.26682 -36.471 0
      vertex -1.69449 -36.806 0
      vertex -1.27 -36.4697 0
    endloop
  endfacet
  facet normal -0 0 -1
    outer loop
      vertex -1.27 -36.4697 0
      vertex -1.69449 -36.806 0
      vertex -1.27273 -36.4676 0
    endloop
  endfacet
  facet normal 0 0 -1
    outer loop
      vertex -1.69449 -36.806 0
      vertex -1.79605 -36.0661 0
      vertex -1.27273 -36.4676 0
    endloop
  endfacet
  facet normal 0 0 -1
    outer loop
      vertex -2.15668 -36.4267 0
      vertex -1.79605 -36.0661 0
      vertex -1.69449 -36.806 0
    endloop
  endfacet
  facet normal 0 0 -1
    outer loop
      vertex -2.53598 -35.9645 0
      vertex -1.79605 -36.0661 0
      vertex -2.15668 -36.4267 0
    endloop
  endfacet
  facet normal 0 0 -1
    outer loop
      vertex -1.79605 -36.0661 0
      vertex -2.53598 -35.9645 0
      vertex -2.19761 -35.5427 0
    endloop
  endfacet
  facet normal -0 0 -1
    outer loop
      vertex -2.19761 -35.5427 0
      vertex -2.53598 -35.9645 0
      vertex -2.1997 -35.54 0
    endloop
  endfacet
  facet normal -0 0 -1
    outer loop
      vertex -2.1997 -35.54 0
      vertex -2.53598 -35.9645 0
      vertex -2.20102 -35.5368 0
    endloop
  endfacet
  facet normal 0 0 -1
    outer loop
      vertex -2.81783 -35.4372 0
      vertex -2.20102 -35.5368 0
      vertex -2.53598 -35.9645 0
    endloop
  endfacet
  facet normal 0 0 -1
    outer loop
      vertex -2.20102 -35.5368 0
      vertex -2.81783 -35.4372 0
      vertex -2.45345 -34.9274 0
    endloop
  endfacet
  facet normal 0 0 -1
    outer loop
      vertex -2.99139 -34.865 0
      vertex -2.45345 -34.9274 0
      vertex -2.81783 -35.4372 0
    endloop
  endfacet
  facet normal 0 0 -1
    outer loop
      vertex -2.45345 -34.9274 0
      vertex -2.99139 -34.865 0
      vertex -2.4539 -34.924 0
    endloop
  endfacet
  facet normal 0 0 -1
    outer loop
      vertex 2.45345 -33.6126 0
      vertex 2.99139 -33.675 0
      vertex 2.4539 -33.616 0
    endloop
  endfacet
  facet normal 0 0 -1
    outer loop
      vertex 2.99139 -33.675 0
      vertex 2.45345 -33.6126 0
      vertex 2.81783 -33.1028 0
    endloop
  endfacet
  facet normal 0 0 -1
    outer loop
      vertex 2.20102 -33.0032 0
      vertex 2.81783 -33.1028 0
      vertex 2.45345 -33.6126 0
    endloop
  endfacet
  facet normal 0 0 -1
    outer loop
      vertex 2.81783 -33.1028 0
      vertex 2.20102 -33.0032 0
      vertex 2.53598 -32.5755 0
    endloop
  endfacet
  facet normal 0 0 -1
    outer loop
      vertex 2.1997 -33 0
      vertex 2.53598 -32.5755 0
      vertex 2.20102 -33.0032 0
    endloop
  endfacet
  facet normal 0 0 -1
    outer loop
      vertex 2.19761 -32.9973 0
      vertex 2.53598 -32.5755 0
      vertex 2.1997 -33 0
    endloop
  endfacet
  facet normal 0 0 -1
    outer loop
      vertex 1.79605 -32.4739 0
      vertex 2.53598 -32.5755 0
      vertex 2.19761 -32.9973 0
    endloop
  endfacet
  facet normal 0 0 -1
    outer loop
      vertex 2.53598 -32.5755 0
      vertex 1.79605 -32.4739 0
      vertex 2.15668 -32.1133 0
    endloop
  endfacet
  facet normal 0 0 -1
    outer loop
      vertex 1.79605 -32.4739 0
      vertex 1.69449 -31.734 0
      vertex 2.15668 -32.1133 0
    endloop
  endfacet
  facet normal 0 0 -1
    outer loop
      vertex 1.27273 -32.0724 0
      vertex 1.69449 -31.734 0
      vertex 1.79605 -32.4739 0
    endloop
  endfacet
  facet normal 0 0 -1
    outer loop
      vertex 1.27 -32.0703 0
      vertex 1.525 -31.6434 0
      vertex 1.27273 -32.0724 0
    endloop
  endfacet
  facet normal -0 0 -1
    outer loop
      vertex 1.69449 -31.734 0
      vertex 1.27273 -32.0724 0
      vertex 1.525 -31.6434 0
    endloop
  endfacet
  facet normal 0 0 -1
    outer loop
      vertex 19.05 -3.3774 0
      vertex 26.67 0 0
      vertex 26.6129 -1.7443 0
    endloop
  endfacet
  facet normal 0 0 -1
    outer loop
      vertex 19.05 -3.3774 0
      vertex 26.6129 -1.7443 0
      vertex 26.4418 -3.48113 0
    endloop
  endfacet
  facet normal 0 0 -1
    outer loop
      vertex 26.67 0 0
      vertex 19.05 -3.3774 0
      vertex 18.3 -2.07836 0
    endloop
  endfacet
  facet normal 0 0 -1
    outer loop
      vertex 19.05 -3.3774 0
      vertex 26.4418 -3.48113 0
      vertex 26.1575 -5.20306 0
    endloop
  endfacet
  facet normal 0 0 -1
    outer loop
      vertex 18.3 2.07836 0
      vertex 26.67 0 0
      vertex 18.3 -2.07836 0
    endloop
  endfacet
  facet normal 0 0 -1
    outer loop
      vertex 19.05 -3.3774 0
      vertex 26.1575 -5.20306 0
      vertex 25.7612 -6.9027 0
    endloop
  endfacet
  facet normal 0 -0 -1
    outer loop
      vertex 19.05 3.3774 0
      vertex 26.67 0 0
      vertex 18.3 2.07836 0
    endloop
  endfacet
  facet normal 0 0 -1
    outer loop
      vertex 18.3 -4.67644 0
      vertex 25.7612 -6.9027 0
      vertex 25.2546 -8.57279 0
    endloop
  endfacet
  facet normal -0 0 -1
    outer loop
      vertex 26.4418 3.48113 0
      vertex 19.05 3.3774 0
      vertex 26.1575 5.20306 0
    endloop
  endfacet
  facet normal 0 0 -1
    outer loop
      vertex 17.1 -6.7548 0
      vertex 25.2546 -8.57279 0
      vertex 24.6399 -10.2062 0
    endloop
  endfacet
  facet normal -0 0 -1
    outer loop
      vertex 26.1575 5.20306 0
      vertex 19.05 3.3774 0
      vertex 25.7612 6.9027 0
    endloop
  endfacet
  facet normal 0 0 -1
    outer loop
      vertex 17.1 -6.7548 0
      vertex 24.6399 -10.2062 0
      vertex 23.9196 -11.7958 0
    endloop
  endfacet
  facet normal 0 0 -1
    outer loop
      vertex 18.3 4.67644 0
      vertex 25.7612 6.9027 0
      vertex 19.05 3.3774 0
    endloop
  endfacet
  facet normal 0 0 -1
    outer loop
      vertex 17.1 6.7548 0
      vertex 25.2546 8.57279 0
      vertex 18.3 4.67644 0
    endloop
  endfacet
  facet normal 0 0 -1
    outer loop
      vertex 16.35 -8.05384 0
      vertex 23.9196 -11.7958 0
      vertex 23.0969 -13.335 0
    endloop
  endfacet
  facet normal 0 0 -1
    outer loop
      vertex 32.1321 16.4776 0
      vertex 32.7222 16.9355 0
      vertex 32.6248 16.3456 0
    endloop
  endfacet
  facet normal 0 -0 -1
    outer loop
      vertex 32.2187 17.135 0
      vertex 32.7222 16.9355 0
      vertex 32.2182 17.1316 0
    endloop
  endfacet
  facet normal 0 0 -1
    outer loop
      vertex 32.1321 16.4776 0
      vertex 32.6248 16.3456 0
      vertex 32.4142 15.786 0
    endloop
  endfacet
  facet normal 0 0 -1
    outer loop
      vertex 32.7222 16.9355 0
      vertex 32.2182 17.1384 0
      vertex 32.7026 17.5331 0
    endloop
  endfacet
  facet normal 0 0 -1
    outer loop
      vertex 32.1321 17.7924 0
      vertex 32.7026 17.5331 0
      vertex 32.2182 17.1384 0
    endloop
  endfacet
  facet normal 0 0 -1
    outer loop
      vertex 32.2182 17.1384 0
      vertex 32.7222 16.9355 0
      vertex 32.2187 17.135 0
    endloop
  endfacet
  facet normal -0 0 -1
    outer loop
      vertex 32.7222 16.9355 0
      vertex 32.1321 16.4776 0
      vertex 32.2182 17.1316 0
    endloop
  endfacet
  facet normal 0 0 -1
    outer loop
      vertex 31.8763 15.8623 0
      vertex 32.4142 15.786 0
      vertex 32.0984 15.2783 0
    endloop
  endfacet
  facet normal 0 0 -1
    outer loop
      vertex 32.4142 15.786 0
      vertex 31.8797 15.8682 0
      vertex 32.1321 16.4776 0
    endloop
  endfacet
  facet normal 0 0 -1
    outer loop
      vertex 32.4142 15.786 0
      vertex 31.8784 15.865 0
      vertex 31.8797 15.8682 0
    endloop
  endfacet
  facet normal 0 0 -1
    outer loop
      vertex 32.4142 15.786 0
      vertex 31.8763 15.8623 0
      vertex 31.8784 15.865 0
    endloop
  endfacet
  facet normal 0 0 -1
    outer loop
      vertex 31.4747 15.3389 0
      vertex 32.0984 15.2783 0
      vertex 31.6897 14.8419 0
    endloop
  endfacet
  facet normal 0 0 -1
    outer loop
      vertex 32.0984 15.2783 0
      vertex 31.4747 15.3389 0
      vertex 31.8763 15.8623 0
    endloop
  endfacet
  facet normal 0 0 -1
    outer loop
      vertex 31.6897 14.8419 0
      vertex 31.472 15.3369 0
      vertex 31.4747 15.3389 0
    endloop
  endfacet
  facet normal 0 0 -1
    outer loop
      vertex 30.9487 14.9353 0
      vertex 31.6897 14.8419 0
      vertex 31.2037 14.4936 0
    endloop
  endfacet
  facet normal 0 0 -1
    outer loop
      vertex 31.6897 14.8419 0
      vertex 30.9487 14.9353 0
      vertex 31.472 15.3369 0
    endloop
  endfacet
  facet normal 0 0 -1
    outer loop
      vertex 30.6591 14.2469 0
      vertex 30.9487 14.9353 0
      vertex 31.2037 14.4936 0
    endloop
  endfacet
  facet normal 0 0 -1
    outer loop
      vertex 30.6591 14.2469 0
      vertex 30.3393 14.6829 0
      vertex 30.9487 14.9353 0
    endloop
  endfacet
  facet normal 0 0 -1
    outer loop
      vertex 30.6591 14.2469 0
      vertex 30.3361 14.6815 0
      vertex 30.3393 14.6829 0
    endloop
  endfacet
  facet normal 0 0 -1
    outer loop
      vertex 30.0768 14.1111 0
      vertex 30.3361 14.6815 0
      vertex 30.6591 14.2469 0
    endloop
  endfacet
  facet normal 0 0 -1
    outer loop
      vertex 30.0768 14.1111 0
      vertex 29.6821 14.5954 0
      vertex 30.3361 14.6815 0
    endloop
  endfacet
  facet normal 0 0 -1
    outer loop
      vertex 29.4792 14.0915 0
      vertex 29.6821 14.5954 0
      vertex 30.0768 14.1111 0
    endloop
  endfacet
  facet normal 0 0 -1
    outer loop
      vertex 29.6821 14.5954 0
      vertex 29.4792 14.0915 0
      vertex 29.6787 14.595 0
    endloop
  endfacet
  facet normal -0 0 -1
    outer loop
      vertex 29.6787 14.595 0
      vertex 29.4792 14.0915 0
      vertex 29.6753 14.5954 0
    endloop
  endfacet
  facet normal 0 0 -1
    outer loop
      vertex 29.4792 14.0915 0
      vertex 29.0213 14.6815 0
      vertex 29.6753 14.5954 0
    endloop
  endfacet
  facet normal 0 0 -1
    outer loop
      vertex 28.8893 14.1889 0
      vertex 29.0213 14.6815 0
      vertex 29.4792 14.0915 0
    endloop
  endfacet
  facet normal 0 0 -1
    outer loop
      vertex 28.3297 14.3995 0
      vertex 29.0213 14.6815 0
      vertex 28.8893 14.1889 0
    endloop
  endfacet
  facet normal -0 0 -1
    outer loop
      vertex 29.0213 14.6815 0
      vertex 28.3297 14.3995 0
      vertex 28.4119 14.934 0
    endloop
  endfacet
  facet normal 0 0 -1
    outer loop
      vertex 28.1665 14.501 0
      vertex 28.4119 14.934 0
      vertex 28.3297 14.3995 0
    endloop
  endfacet
  facet normal -0 0 -1
    outer loop
      vertex 28.4119 14.934 0
      vertex 28.1665 14.501 0
      vertex 28.4087 14.9353 0
    endloop
  endfacet
  facet normal -0 0 -1
    outer loop
      vertex 28.4087 14.9353 0
      vertex 28.1665 14.501 0
      vertex 28.406 14.9374 0
    endloop
  endfacet
  facet normal 0 0 -1
    outer loop
      vertex 28.1665 14.501 0
      vertex 27.8826 15.3389 0
      vertex 28.406 14.9374 0
    endloop
  endfacet
  facet normal 0 0 -1
    outer loop
      vertex 28.1665 14.501 0
      vertex 27.8805 15.3417 0
      vertex 27.8826 15.3389 0
    endloop
  endfacet
  facet normal 0 0 -1
    outer loop
      vertex 28.1665 14.501 0
      vertex 27.479 15.865 0
      vertex 27.8805 15.3417 0
    endloop
  endfacet
  facet normal 0 0 -1
    outer loop
      vertex 26.6415 17.1424 0
      vertex 27.2266 16.4744 0
      vertex 27.479 15.865 0
    endloop
  endfacet
  facet normal 0 0 -1
    outer loop
      vertex 26.6415 17.1424 0
      vertex 27.1387 17.135 0
      vertex 27.1391 17.1316 0
    endloop
  endfacet
  facet normal 0 0 -1
    outer loop
      vertex 26.6415 17.1424 0
      vertex 27.1391 17.1316 0
      vertex 27.2252 16.4776 0
    endloop
  endfacet
  facet normal 0 0 -1
    outer loop
      vertex 27.1387 17.135 0
      vertex 26.7326 17.9244 0
      vertex 26.9432 18.484 0
    endloop
  endfacet
  facet normal 0 0 -1
    outer loop
      vertex 27.1387 17.135 0
      vertex 26.6415 17.1424 0
      vertex 26.6352 17.3345 0
    endloop
  endfacet
  facet normal 0 0 -1
    outer loop
      vertex 27.2266 16.4744 0
      vertex 26.6415 17.1424 0
      vertex 27.2252 16.4776 0
    endloop
  endfacet
  facet normal 0 0 -1
    outer loop
      vertex 23.8162 11.9893 0
      vertex 27.479 15.865 0
      vertex 28.1665 14.501 0
    endloop
  endfacet
  facet normal 0 0 -1
    outer loop
      vertex 22.2912 14.6307 0
      vertex 27.479 15.865 0
      vertex 23.8162 11.9893 0
    endloop
  endfacet
  facet normal -0 0 -1
    outer loop
      vertex 27.479 15.865 0
      vertex 22.2912 14.6307 0
      vertex 26.6415 17.1424 0
    endloop
  endfacet
  facet normal -0 0 -1
    outer loop
      vertex 25.7612 6.9027 0
      vertex 18.3 4.67644 0
      vertex 25.2546 8.57279 0
    endloop
  endfacet
  facet normal 0 0 -1
    outer loop
      vertex 15.15 -10.1322 0
      vertex 23.0969 -13.335 0
      vertex 22.1753 -14.8171 0
    endloop
  endfacet
  facet normal -0 0 -1
    outer loop
      vertex 25.2546 8.57279 0
      vertex 17.1 6.7548 0
      vertex 24.6399 10.2062 0
    endloop
  endfacet
  facet normal 0 0 -1
    outer loop
      vertex 15.15 -10.1322 0
      vertex 22.1753 -14.8171 0
      vertex 21.1587 -16.2357 0
    endloop
  endfacet
  facet normal -0 0 -1
    outer loop
      vertex 24.6399 10.2062 0
      vertex 17.1 6.7548 0
      vertex 23.9196 11.7958 0
    endloop
  endfacet
  facet normal 0 0 -1
    outer loop
      vertex 15.15 -10.1322 0
      vertex 21.1587 -16.2357 0
      vertex 20.0516 -17.5848 0
    endloop
  endfacet
  facet normal 0 0 -1
    outer loop
      vertex 16.35 8.05384 0
      vertex 23.9196 11.7958 0
      vertex 17.1 6.7548 0
    endloop
  endfacet
  facet normal -0 0 -1
    outer loop
      vertex 23.9196 11.7958 0
      vertex 16.35 8.05384 0
      vertex 23.8162 11.9893 0
    endloop
  endfacet
  facet normal 0 0 -1
    outer loop
      vertex 15.15 -10.1322 0
      vertex 20.0516 -17.5848 0
      vertex 18.8585 -18.8585 0
    endloop
  endfacet
  facet normal 0 0 -1
    outer loop
      vertex 25.7612 -6.9027 0
      vertex 18.3 -4.67644 0
      vertex 19.05 -3.3774 0
    endloop
  endfacet
  facet normal 0 0 -1
    outer loop
      vertex 15.15 -10.1322 0
      vertex 18.8585 -18.8585 0
      vertex 17.5848 -20.0516 0
    endloop
  endfacet
  facet normal 0 0 -1
    outer loop
      vertex 25.2546 -8.57279 0
      vertex 17.1 -6.7548 0
      vertex 18.3 -4.67644 0
    endloop
  endfacet
  facet normal 0 0 -1
    outer loop
      vertex 17.1 -6.7548 0
      vertex 16.8 -4.67644 0
      vertex 18.3 -4.67644 0
    endloop
  endfacet
  facet normal 0 0 -1
    outer loop
      vertex 16.35 -5.45576 0
      vertex 16.8 -4.67644 0
      vertex 17.1 -6.7548 0
    endloop
  endfacet
  facet normal 0 0 -1
    outer loop
      vertex 16.35 -5.45576 0
      vertex 16.05 -3.3774 0
      vertex 16.8 -4.67644 0
    endloop
  endfacet
  facet normal 0 0 -1
    outer loop
      vertex 16.35 -5.45576 0
      vertex 15.15 -3.3774 0
      vertex 16.05 -3.3774 0
    endloop
  endfacet
  facet normal 0 0 -1
    outer loop
      vertex 14.85 -5.45576 0
      vertex 15.15 -3.3774 0
      vertex 16.35 -5.45576 0
    endloop
  endfacet
  facet normal 0 0 -1
    outer loop
      vertex 14.85 -5.45576 0
      vertex 14.4 -4.67644 0
      vertex 15.15 -3.3774 0
    endloop
  endfacet
  facet normal 0 0 -1
    outer loop
      vertex 14.1 -6.7548 0
      vertex 14.4 -4.67644 0
      vertex 14.85 -5.45576 0
    endloop
  endfacet
  facet normal 0 0 -1
    outer loop
      vertex 13.2 -6.7548 0
      vertex 14.4 -4.67644 0
      vertex 14.1 -6.7548 0
    endloop
  endfacet
  facet normal 0 0 -1
    outer loop
      vertex 13.2 -6.7548 0
      vertex 12.9 -4.67644 0
      vertex 14.4 -4.67644 0
    endloop
  endfacet
  facet normal 0 0 -1
    outer loop
      vertex 12.45 -5.45576 0
      vertex 12.9 -4.67644 0
      vertex 13.2 -6.7548 0
    endloop
  endfacet
  facet normal 0 0 -1
    outer loop
      vertex 12.45 -5.45576 0
      vertex 12.15 -3.3774 0
      vertex 12.9 -4.67644 0
    endloop
  endfacet
  facet normal 0 0 -1
    outer loop
      vertex 12.45 -5.45576 0
      vertex 11.25 -3.3774 0
      vertex 12.15 -3.3774 0
    endloop
  endfacet
  facet normal 0 0 -1
    outer loop
      vertex 10.95 -5.45576 0
      vertex 11.25 -3.3774 0
      vertex 12.45 -5.45576 0
    endloop
  endfacet
  facet normal 0 0 -1
    outer loop
      vertex 10.95 -5.45576 0
      vertex 10.5 -4.67644 0
      vertex 11.25 -3.3774 0
    endloop
  endfacet
  facet normal 0 0 -1
    outer loop
      vertex 10.2 -6.7548 0
      vertex 10.5 -4.67644 0
      vertex 10.95 -5.45576 0
    endloop
  endfacet
  facet normal 0 0 -1
    outer loop
      vertex 9.3 -6.7548 0
      vertex 10.5 -4.67644 0
      vertex 10.2 -6.7548 0
    endloop
  endfacet
  facet normal 0 0 -1
    outer loop
      vertex 9.3 -6.7548 0
      vertex 9 -4.67644 0
      vertex 10.5 -4.67644 0
    endloop
  endfacet
  facet normal 0 0 -1
    outer loop
      vertex 8.55 -5.45576 0
      vertex 9 -4.67644 0
      vertex 9.3 -6.7548 0
    endloop
  endfacet
  facet normal 0 0 -1
    outer loop
      vertex 8.55 -5.45576 0
      vertex 8.25 -3.3774 0
      vertex 9 -4.67644 0
    endloop
  endfacet
  facet normal 0 0 -1
    outer loop
      vertex 8.55 -5.45576 0
      vertex 7.35 -3.3774 0
      vertex 8.25 -3.3774 0
    endloop
  endfacet
  facet normal 0 0 -1
    outer loop
      vertex 7.05 -5.45576 0
      vertex 7.35 -3.3774 0
      vertex 8.55 -5.45576 0
    endloop
  endfacet
  facet normal 0 0 -1
    outer loop
      vertex 7.05 -5.45576 0
      vertex 6.6 -4.67644 0
      vertex 7.35 -3.3774 0
    endloop
  endfacet
  facet normal 0 0 -1
    outer loop
      vertex 6.3 -6.7548 0
      vertex 6.6 -4.67644 0
      vertex 7.05 -5.45576 0
    endloop
  endfacet
  facet normal 0 0 -1
    outer loop
      vertex 5.4 -6.7548 0
      vertex 6.6 -4.67644 0
      vertex 6.3 -6.7548 0
    endloop
  endfacet
  facet normal 0 0 -1
    outer loop
      vertex 5.4 -6.7548 0
      vertex 5.1 -4.67644 0
      vertex 6.6 -4.67644 0
    endloop
  endfacet
  facet normal 0 0 -1
    outer loop
      vertex 4.65 -5.45576 0
      vertex 5.1 -4.67644 0
      vertex 5.4 -6.7548 0
    endloop
  endfacet
  facet normal 0 0 -1
    outer loop
      vertex 4.65 -5.45576 0
      vertex 4.35 -3.3774 0
      vertex 5.1 -4.67644 0
    endloop
  endfacet
  facet normal 0 0 -1
    outer loop
      vertex 4.65 -5.45576 0
      vertex 3.45 -3.3774 0
      vertex 4.35 -3.3774 0
    endloop
  endfacet
  facet normal 0 0 -1
    outer loop
      vertex 3.15 -5.45576 0
      vertex 3.45 -3.3774 0
      vertex 4.65 -5.45576 0
    endloop
  endfacet
  facet normal 0 0 -1
    outer loop
      vertex 3.15 -5.45576 0
      vertex 2.7 -4.67644 0
      vertex 3.45 -3.3774 0
    endloop
  endfacet
  facet normal 0 0 -1
    outer loop
      vertex 2.4 -6.7548 0
      vertex 2.7 -4.67644 0
      vertex 3.15 -5.45576 0
    endloop
  endfacet
  facet normal 0 0 -1
    outer loop
      vertex 1.5 -6.7548 0
      vertex 2.7 -4.67644 0
      vertex 2.4 -6.7548 0
    endloop
  endfacet
  facet normal 0 0 -1
    outer loop
      vertex 1.5 -6.7548 0
      vertex 1.2 -4.67644 0
      vertex 2.7 -4.67644 0
    endloop
  endfacet
  facet normal 0 0 -1
    outer loop
      vertex 0.75 -5.45576 0
      vertex 1.2 -4.67644 0
      vertex 1.5 -6.7548 0
    endloop
  endfacet
  facet normal 0 0 -1
    outer loop
      vertex 0.75 -5.45576 0
      vertex 0.45 -3.3774 0
      vertex 1.2 -4.67644 0
    endloop
  endfacet
  facet normal 0 0 -1
    outer loop
      vertex 0.75 -5.45576 0
      vertex -0.45 -3.3774 0
      vertex 0.45 -3.3774 0
    endloop
  endfacet
  facet normal 0 0 -1
    outer loop
      vertex -0.75 -5.45576 0
      vertex -0.45 -3.3774 0
      vertex 0.75 -5.45576 0
    endloop
  endfacet
  facet normal 0 0 -1
    outer loop
      vertex -0.75 -5.45576 0
      vertex -1.2 -4.67644 0
      vertex -0.45 -3.3774 0
    endloop
  endfacet
  facet normal 0 0 -1
    outer loop
      vertex -1.5 -6.7548 0
      vertex -1.2 -4.67644 0
      vertex -0.75 -5.45576 0
    endloop
  endfacet
  facet normal 0 0 -1
    outer loop
      vertex -2.4 -6.7548 0
      vertex -1.2 -4.67644 0
      vertex -1.5 -6.7548 0
    endloop
  endfacet
  facet normal 0 0 -1
    outer loop
      vertex -2.4 -6.7548 0
      vertex -2.7 -4.67644 0
      vertex -1.2 -4.67644 0
    endloop
  endfacet
  facet normal 0 0 -1
    outer loop
      vertex -3.15 -5.45576 0
      vertex -2.7 -4.67644 0
      vertex -2.4 -6.7548 0
    endloop
  endfacet
  facet normal 0 0 -1
    outer loop
      vertex -3.15 -5.45576 0
      vertex -3.45 -3.3774 0
      vertex -2.7 -4.67644 0
    endloop
  endfacet
  facet normal 0 0 -1
    outer loop
      vertex -3.15 -5.45576 0
      vertex -4.35 -3.3774 0
      vertex -3.45 -3.3774 0
    endloop
  endfacet
  facet normal 0 0 -1
    outer loop
      vertex -4.65 -5.45576 0
      vertex -4.35 -3.3774 0
      vertex -3.15 -5.45576 0
    endloop
  endfacet
  facet normal 0 0 -1
    outer loop
      vertex -4.65 -5.45576 0
      vertex -5.1 -4.67644 0
      vertex -4.35 -3.3774 0
    endloop
  endfacet
  facet normal 0 0 -1
    outer loop
      vertex -5.4 -6.7548 0
      vertex -5.1 -4.67644 0
      vertex -4.65 -5.45576 0
    endloop
  endfacet
  facet normal 0 0 -1
    outer loop
      vertex -6.3 -6.7548 0
      vertex -5.1 -4.67644 0
      vertex -5.4 -6.7548 0
    endloop
  endfacet
  facet normal 0 0 -1
    outer loop
      vertex -6.3 -6.7548 0
      vertex -6.6 -4.67644 0
      vertex -5.1 -4.67644 0
    endloop
  endfacet
  facet normal 0 0 -1
    outer loop
      vertex -7.05 -5.45576 0
      vertex -6.6 -4.67644 0
      vertex -6.3 -6.7548 0
    endloop
  endfacet
  facet normal 0 0 -1
    outer loop
      vertex -7.05 -5.45576 0
      vertex -7.35 -3.3774 0
      vertex -6.6 -4.67644 0
    endloop
  endfacet
  facet normal 0 0 -1
    outer loop
      vertex -7.05 -5.45576 0
      vertex -8.25 -3.3774 0
      vertex -7.35 -3.3774 0
    endloop
  endfacet
  facet normal 0 0 -1
    outer loop
      vertex -8.55 -5.45576 0
      vertex -8.25 -3.3774 0
      vertex -7.05 -5.45576 0
    endloop
  endfacet
  facet normal 0 0 -1
    outer loop
      vertex -8.55 -5.45576 0
      vertex -9 -4.67644 0
      vertex -8.25 -3.3774 0
    endloop
  endfacet
  facet normal 0 0 -1
    outer loop
      vertex -9.3 -6.7548 0
      vertex -9 -4.67644 0
      vertex -8.55 -5.45576 0
    endloop
  endfacet
  facet normal 0 0 -1
    outer loop
      vertex -10.2 -6.7548 0
      vertex -9 -4.67644 0
      vertex -9.3 -6.7548 0
    endloop
  endfacet
  facet normal 0 0 -1
    outer loop
      vertex -10.2 -6.7548 0
      vertex -10.5 -4.67644 0
      vertex -9 -4.67644 0
    endloop
  endfacet
  facet normal 0 0 -1
    outer loop
      vertex -10.95 -5.45576 0
      vertex -10.5 -4.67644 0
      vertex -10.2 -6.7548 0
    endloop
  endfacet
  facet normal 0 0 -1
    outer loop
      vertex -10.95 -5.45576 0
      vertex -11.25 -3.3774 0
      vertex -10.5 -4.67644 0
    endloop
  endfacet
  facet normal 0 0 -1
    outer loop
      vertex -10.95 -5.45576 0
      vertex -12.15 -3.3774 0
      vertex -11.25 -3.3774 0
    endloop
  endfacet
  facet normal 0 0 -1
    outer loop
      vertex -12.45 -5.45576 0
      vertex -12.15 -3.3774 0
      vertex -10.95 -5.45576 0
    endloop
  endfacet
  facet normal 0 0 -1
    outer loop
      vertex -12.45 -5.45576 0
      vertex -12.9 -4.67644 0
      vertex -12.15 -3.3774 0
    endloop
  endfacet
  facet normal 0 0 -1
    outer loop
      vertex -13.2 -6.7548 0
      vertex -12.9 -4.67644 0
      vertex -12.45 -5.45576 0
    endloop
  endfacet
  facet normal 0 0 -1
    outer loop
      vertex -14.1 -6.7548 0
      vertex -12.9 -4.67644 0
      vertex -13.2 -6.7548 0
    endloop
  endfacet
  facet normal 0 0 -1
    outer loop
      vertex -14.1 -6.7548 0
      vertex -14.4 -4.67644 0
      vertex -12.9 -4.67644 0
    endloop
  endfacet
  facet normal 0 0 -1
    outer loop
      vertex -14.85 -5.45576 0
      vertex -14.4 -4.67644 0
      vertex -14.1 -6.7548 0
    endloop
  endfacet
  facet normal 0 0 -1
    outer loop
      vertex -14.85 -5.45576 0
      vertex -15.15 -3.3774 0
      vertex -14.4 -4.67644 0
    endloop
  endfacet
  facet normal 0 0 -1
    outer loop
      vertex -14.85 -5.45576 0
      vertex -16.05 -3.3774 0
      vertex -15.15 -3.3774 0
    endloop
  endfacet
  facet normal 0 0 -1
    outer loop
      vertex -16.35 -5.45576 0
      vertex -16.05 -3.3774 0
      vertex -14.85 -5.45576 0
    endloop
  endfacet
  facet normal 0 0 -1
    outer loop
      vertex -16.35 -5.45576 0
      vertex -16.8 -4.67644 0
      vertex -16.05 -3.3774 0
    endloop
  endfacet
  facet normal 0 0 -1
    outer loop
      vertex -17.1 -6.7548 0
      vertex -16.8 -4.67644 0
      vertex -16.35 -5.45576 0
    endloop
  endfacet
  facet normal 0 0 -1
    outer loop
      vertex -17.1 -6.7548 0
      vertex -18.3 -4.67644 0
      vertex -16.8 -4.67644 0
    endloop
  endfacet
  facet normal 0 0 -1
    outer loop
      vertex -22.1753 -14.8171 0
      vertex -14.4 -11.4312 0
      vertex -21.1587 -16.2357 0
    endloop
  endfacet
  facet normal -0 0 -1
    outer loop
      vertex -14.4 -11.4312 0
      vertex -22.1753 -14.8171 0
      vertex -15.15 -10.1322 0
    endloop
  endfacet
  facet normal 0 0 -1
    outer loop
      vertex -23.0969 -13.335 0
      vertex -15.15 -10.1322 0
      vertex -22.1753 -14.8171 0
    endloop
  endfacet
  facet normal -0 0 -1
    outer loop
      vertex -15.15 -10.1322 0
      vertex -23.0969 -13.335 0
      vertex -16.35 -8.05384 0
    endloop
  endfacet
  facet normal 0 0 -1
    outer loop
      vertex -23.9196 -11.7958 0
      vertex -16.35 -8.05384 0
      vertex -23.0969 -13.335 0
    endloop
  endfacet
  facet normal -0 0 -1
    outer loop
      vertex -16.35 -8.05384 0
      vertex -23.9196 -11.7958 0
      vertex -17.1 -6.7548 0
    endloop
  endfacet
  facet normal 0 0 -1
    outer loop
      vertex -24.6399 -10.2062 0
      vertex -17.1 -6.7548 0
      vertex -23.9196 -11.7958 0
    endloop
  endfacet
  facet normal 0 0 -1
    outer loop
      vertex -25.2546 -8.57279 0
      vertex -17.1 -6.7548 0
      vertex -24.6399 -10.2062 0
    endloop
  endfacet
  facet normal -0 0 -1
    outer loop
      vertex -17.1 -6.7548 0
      vertex -25.2546 -8.57279 0
      vertex -18.3 -4.67644 0
    endloop
  endfacet
  facet normal 0 0 -1
    outer loop
      vertex -25.7612 -6.9027 0
      vertex -18.3 -4.67644 0
      vertex -25.2546 -8.57279 0
    endloop
  endfacet
  facet normal -0 0 -1
    outer loop
      vertex -18.3 -4.67644 0
      vertex -25.7612 -6.9027 0
      vertex -19.05 -3.3774 0
    endloop
  endfacet
  facet normal 0 0 -1
    outer loop
      vertex 32.7026 17.5331 0
      vertex 32.1321 17.7924 0
      vertex 32.5668 18.1154 0
    endloop
  endfacet
  facet normal 0 0 -1
    outer loop
      vertex 32.1308 17.7956 0
      vertex 32.5668 18.1154 0
      vertex 32.1321 17.7924 0
    endloop
  endfacet
  facet normal 0 0 -1
    outer loop
      vertex 31.8784 18.405 0
      vertex 32.5668 18.1154 0
      vertex 32.1308 17.7956 0
    endloop
  endfacet
  facet normal 0 0 -1
    outer loop
      vertex 32.5668 18.1154 0
      vertex 31.8784 18.405 0
      vertex 32.3201 18.66 0
    endloop
  endfacet
  facet normal -0 0 -1
    outer loop
      vertex 32.3201 18.66 0
      vertex 31.8784 18.405 0
      vertex 31.9718 19.146 0
    endloop
  endfacet
  facet normal 0 0 -1
    outer loop
      vertex 31.4768 18.9283 0
      vertex 31.9718 19.146 0
      vertex 31.8784 18.405 0
    endloop
  endfacet
  facet normal 0 0 -1
    outer loop
      vertex 31.4747 18.9311 0
      vertex 31.9718 19.146 0
      vertex 31.4768 18.9283 0
    endloop
  endfacet
  facet normal -0 0 -1
    outer loop
      vertex 31.9718 19.146 0
      vertex 31.4747 18.9311 0
      vertex 31.5354 19.5547 0
    endloop
  endfacet
  facet normal 0 0 -1
    outer loop
      vertex 30.9514 19.3326 0
      vertex 31.5354 19.5547 0
      vertex 31.4747 18.9311 0
    endloop
  endfacet
  facet normal -0 0 -1
    outer loop
      vertex 31.5354 19.5547 0
      vertex 30.9514 19.3326 0
      vertex 31.0277 19.8705 0
    endloop
  endfacet
  facet normal 0 0 -1
    outer loop
      vertex 30.9487 19.3347 0
      vertex 31.0277 19.8705 0
      vertex 30.9514 19.3326 0
    endloop
  endfacet
  facet normal 0 0 -1
    outer loop
      vertex 30.9455 19.336 0
      vertex 31.0277 19.8705 0
      vertex 30.9487 19.3347 0
    endloop
  endfacet
  facet normal 0 0 -1
    outer loop
      vertex 30.3361 19.5885 0
      vertex 31.0277 19.8705 0
      vertex 30.9455 19.336 0
    endloop
  endfacet
  facet normal -0 0 -1
    outer loop
      vertex 31.0277 19.8705 0
      vertex 30.3361 19.5885 0
      vertex 30.4681 20.0811 0
    endloop
  endfacet
  facet normal 0 0 -1
    outer loop
      vertex 30.3361 19.5885 0
      vertex 29.8782 20.1785 0
      vertex 30.4681 20.0811 0
    endloop
  endfacet
  facet normal 0 0 -1
    outer loop
      vertex 29.6821 19.6746 0
      vertex 29.8782 20.1785 0
      vertex 30.3361 19.5885 0
    endloop
  endfacet
  facet normal 0 0 -1
    outer loop
      vertex 29.6787 19.675 0
      vertex 29.8782 20.1785 0
      vertex 29.6821 19.6746 0
    endloop
  endfacet
  facet normal 0 0 -1
    outer loop
      vertex 29.6753 19.6746 0
      vertex 29.8782 20.1785 0
      vertex 29.6787 19.675 0
    endloop
  endfacet
  facet normal 0 0 -1
    outer loop
      vertex 29.6753 19.6746 0
      vertex 29.2806 20.1589 0
      vertex 29.8782 20.1785 0
    endloop
  endfacet
  facet normal 0 0 -1
    outer loop
      vertex 29.0213 19.5885 0
      vertex 29.2806 20.1589 0
      vertex 29.6753 19.6746 0
    endloop
  endfacet
  facet normal 0 0 -1
    outer loop
      vertex 28.6983 20.0231 0
      vertex 29.0213 19.5885 0
      vertex 29.0181 19.5871 0
    endloop
  endfacet
  facet normal 0 0 -1
    outer loop
      vertex 29.0213 19.5885 0
      vertex 28.6983 20.0231 0
      vertex 29.2806 20.1589 0
    endloop
  endfacet
  facet normal 0 0 -1
    outer loop
      vertex 28.4087 19.3347 0
      vertex 28.6983 20.0231 0
      vertex 29.0181 19.5871 0
    endloop
  endfacet
  facet normal 0 0 -1
    outer loop
      vertex 28.4087 19.3347 0
      vertex 28.1537 19.7764 0
      vertex 28.6983 20.0231 0
    endloop
  endfacet
  facet normal 0 0 -1
    outer loop
      vertex 27.6677 19.4281 0
      vertex 28.4087 19.3347 0
      vertex 27.8854 18.9331 0
    endloop
  endfacet
  facet normal 0 0 -1
    outer loop
      vertex 27.6677 19.4281 0
      vertex 27.8854 18.9331 0
      vertex 27.8826 18.9311 0
    endloop
  endfacet
  facet normal 0 0 -1
    outer loop
      vertex 28.4087 19.3347 0
      vertex 27.6677 19.4281 0
      vertex 28.1537 19.7764 0
    endloop
  endfacet
  facet normal 0 0 -1
    outer loop
      vertex 27.259 18.9917 0
      vertex 27.8826 18.9311 0
      vertex 27.4811 18.4077 0
    endloop
  endfacet
  facet normal 0 0 -1
    outer loop
      vertex 26.9432 18.484 0
      vertex 27.4811 18.4077 0
      vertex 27.479 18.405 0
    endloop
  endfacet
  facet normal 0 0 -1
    outer loop
      vertex 26.9432 18.484 0
      vertex 27.479 18.405 0
      vertex 27.4777 18.4018 0
    endloop
  endfacet
  facet normal 0 0 -1
    outer loop
      vertex 27.8826 18.9311 0
      vertex 27.259 18.9917 0
      vertex 27.6677 19.4281 0
    endloop
  endfacet
  facet normal 0 0 -1
    outer loop
      vertex 26.9432 18.484 0
      vertex 27.4777 18.4018 0
      vertex 27.2252 17.7924 0
    endloop
  endfacet
  facet normal 0 0 -1
    outer loop
      vertex 26.9432 18.484 0
      vertex 27.2252 17.7924 0
      vertex 27.1391 17.1384 0
    endloop
  endfacet
  facet normal 0 0 -1
    outer loop
      vertex 26.9432 18.484 0
      vertex 27.1391 17.1384 0
      vertex 27.1387 17.135 0
    endloop
  endfacet
  facet normal 0 0 -1
    outer loop
      vertex 27.4811 18.4077 0
      vertex 26.9432 18.484 0
      vertex 27.259 18.9917 0
    endloop
  endfacet
  facet normal 0 0 -1
    outer loop
      vertex 27.1387 17.135 0
      vertex 26.6352 17.3345 0
      vertex 26.7326 17.9244 0
    endloop
  endfacet
  facet normal 0 0 -1
    outer loop
      vertex 5.1 -18.186 0
      vertex 2.7 -18.186 0
      vertex 3.45 -16.887 0
    endloop
  endfacet
  facet normal 0 0 -1
    outer loop
      vertex 1.7443 -26.6129 0
      vertex 2.7 -18.186 0
      vertex 3.48113 -26.4418 0
    endloop
  endfacet
  facet normal 0 0 -1
    outer loop
      vertex 1.2 -18.186 0
      vertex 1.7443 -26.6129 0
      vertex 1.525 -26.6201 0
    endloop
  endfacet
  facet normal 0 0 -1
    outer loop
      vertex 1.26682 -32.069 0
      vertex 1.525 -31.6434 0
      vertex 1.27 -32.0703 0
    endloop
  endfacet
  facet normal 0 0 -1
    outer loop
      vertex 0.6574 -31.8165 0
      vertex 1.525 -31.6434 0
      vertex 1.26682 -32.069 0
    endloop
  endfacet
  facet normal 0 0 -1
    outer loop
      vertex 1.7443 -26.6129 0
      vertex 1.2 -18.186 0
      vertex 2.7 -18.186 0
    endloop
  endfacet
  facet normal 0 0 -1
    outer loop
      vertex 0.653989 -31.8161 0
      vertex 1.525 -31.6434 0
      vertex 0.6574 -31.8165 0
    endloop
  endfacet
  facet normal 0 0 -1
    outer loop
      vertex 0 -31.73 0
      vertex 1.525 -31.6434 0
      vertex 0.653989 -31.8161 0
    endloop
  endfacet
  facet normal -0 0 -1
    outer loop
      vertex 1.525 -31.6434 0
      vertex 0 -31.73 0
      vertex 1.525 -26.6201 0
    endloop
  endfacet
  facet normal -0 0 -1
    outer loop
      vertex 1.525 -26.6201 0
      vertex 0 -31.73 0
      vertex -1.525 -26.6201 0
    endloop
  endfacet
  facet normal 0 0 -1
    outer loop
      vertex 1.525 -26.6201 0
      vertex -1.525 -26.6201 0
      vertex 1.2 -18.186 0
    endloop
  endfacet
  facet normal -0 0 -1
    outer loop
      vertex 5.20306 26.1575 0
      vertex 2.7 18.186 0
      vertex 3.48113 26.4418 0
    endloop
  endfacet
  facet normal 0 0 -1
    outer loop
      vertex 2.7 18.186 0
      vertex 1.7443 26.6129 0
      vertex 3.48113 26.4418 0
    endloop
  endfacet
  facet normal 0 0 -1
    outer loop
      vertex 1.2 18.186 0
      vertex 1.7443 26.6129 0
      vertex 2.7 18.186 0
    endloop
  endfacet
  facet normal 0 0 -1
    outer loop
      vertex -1.2 18.186 0
      vertex 1.2 18.186 0
      vertex 0.45 16.887 0
    endloop
  endfacet
  facet normal 0 -0 -1
    outer loop
      vertex 0 26.67 0
      vertex 1.2 18.186 0
      vertex -1.2 18.186 0
    endloop
  endfacet
  facet normal 0 0 -1
    outer loop
      vertex -26.67 0 0
      vertex -19.05 -3.3774 0
      vertex -26.6129 -1.7443 0
    endloop
  endfacet
  facet normal 0 -0 -1
    outer loop
      vertex -26.6129 1.7443 0
      vertex -19.05 -3.3774 0
      vertex -26.67 0 0
    endloop
  endfacet
  facet normal 0 -0 -1
    outer loop
      vertex -23.9196 11.7958 0
      vertex -20.8 7 0
      vertex -24.6399 10.2062 0
    endloop
  endfacet
  facet normal 0 0 -1
    outer loop
      vertex -20.8 7 0
      vertex -23.9196 11.7958 0
      vertex -23.8162 11.9893 0
    endloop
  endfacet
  facet normal 0 0 -1
    outer loop
      vertex -19.05 -3.3774 0
      vertex -19.9 5.44115 0
      vertex -19.4659 5.26133 0
    endloop
  endfacet
  facet normal 0 0 -1
    outer loop
      vertex -20.8 7 0
      vertex -25.2546 8.57279 0
      vertex -24.6399 10.2062 0
    endloop
  endfacet
  facet normal 0 0 -1
    outer loop
      vertex -19.05 -3.3774 0
      vertex -26.6129 1.7443 0
      vertex -19.9 5.44115 0
    endloop
  endfacet
  facet normal -0 0 -1
    outer loop
      vertex -20.8 7 0
      vertex -25.7612 6.9027 0
      vertex -25.2546 8.57279 0
    endloop
  endfacet
  facet normal 0 -0 -1
    outer loop
      vertex -26.4418 3.48113 0
      vertex -19.9 5.44115 0
      vertex -26.6129 1.7443 0
    endloop
  endfacet
  facet normal 0 0 -1
    outer loop
      vertex -20.7387 6.53413 0
      vertex -25.7612 6.9027 0
      vertex -20.8 7 0
    endloop
  endfacet
  facet normal -0 0 -1
    outer loop
      vertex -19.9 5.44115 0
      vertex -26.4418 3.48113 0
      vertex -20.2728 5.72721 0
    endloop
  endfacet
  facet normal 0 -0 -1
    outer loop
      vertex -25.7612 6.9027 0
      vertex -20.7387 6.53413 0
      vertex -26.1575 5.20306 0
    endloop
  endfacet
  facet normal 0 -0 -1
    outer loop
      vertex -26.1575 5.20306 0
      vertex -20.2728 5.72721 0
      vertex -26.4418 3.48113 0
    endloop
  endfacet
  facet normal -0 0 -1
    outer loop
      vertex -20.5588 6.1 0
      vertex -26.1575 5.20306 0
      vertex -20.7387 6.53413 0
    endloop
  endfacet
  facet normal -0 0 -1
    outer loop
      vertex -20.2728 5.72721 0
      vertex -26.1575 5.20306 0
      vertex -20.5588 6.1 0
    endloop
  endfacet
  facet normal 0 0 -1
    outer loop
      vertex -27.1391 17.1384 0
      vertex -26.6352 17.3345 0
      vertex -26.6415 17.1424 0
    endloop
  endfacet
  facet normal 0 0 -1
    outer loop
      vertex -26.6352 17.3345 0
      vertex -27.2252 17.7924 0
      vertex -26.7326 17.9244 0
    endloop
  endfacet
  facet normal -0 0 -1
    outer loop
      vertex -26.7326 17.9244 0
      vertex -27.2252 17.7924 0
      vertex -26.9432 18.484 0
    endloop
  endfacet
  facet normal 0 0 -1
    outer loop
      vertex -27.4777 18.4018 0
      vertex -26.9432 18.484 0
      vertex -27.2252 17.7924 0
    endloop
  endfacet
  facet normal 0 0 -1
    outer loop
      vertex -27.479 18.405 0
      vertex -26.9432 18.484 0
      vertex -27.4777 18.4018 0
    endloop
  endfacet
  facet normal 0 0 -1
    outer loop
      vertex -27.4811 18.4077 0
      vertex -26.9432 18.484 0
      vertex -27.479 18.405 0
    endloop
  endfacet
  facet normal -0 0 -1
    outer loop
      vertex -26.9432 18.484 0
      vertex -27.4811 18.4077 0
      vertex -27.259 18.9917 0
    endloop
  endfacet
  facet normal 0 0 -1
    outer loop
      vertex -27.8826 18.9311 0
      vertex -27.259 18.9917 0
      vertex -27.4811 18.4077 0
    endloop
  endfacet
  facet normal -0 0 -1
    outer loop
      vertex -27.259 18.9917 0
      vertex -27.8826 18.9311 0
      vertex -27.6677 19.4281 0
    endloop
  endfacet
  facet normal 0 0 -1
    outer loop
      vertex -27.8854 18.9331 0
      vertex -27.6677 19.4281 0
      vertex -27.8826 18.9311 0
    endloop
  endfacet
  facet normal 0 0 -1
    outer loop
      vertex -28.4087 19.3347 0
      vertex -27.6677 19.4281 0
      vertex -27.8854 18.9331 0
    endloop
  endfacet
  facet normal -0 0 -1
    outer loop
      vertex -27.6677 19.4281 0
      vertex -28.4087 19.3347 0
      vertex -28.1537 19.7764 0
    endloop
  endfacet
  facet normal 0 0 -1
    outer loop
      vertex -28.4087 19.3347 0
      vertex -28.6983 20.0231 0
      vertex -28.1537 19.7764 0
    endloop
  endfacet
  facet normal 0 0 -1
    outer loop
      vertex -29.0181 19.5871 0
      vertex -28.6983 20.0231 0
      vertex -28.4087 19.3347 0
    endloop
  endfacet
  facet normal 0 0 -1
    outer loop
      vertex -29.0213 19.5885 0
      vertex -28.6983 20.0231 0
      vertex -29.0181 19.5871 0
    endloop
  endfacet
  facet normal 0 0 -1
    outer loop
      vertex -29.0213 19.5885 0
      vertex -29.2806 20.1589 0
      vertex -28.6983 20.0231 0
    endloop
  endfacet
  facet normal 0 0 -1
    outer loop
      vertex -29.6753 19.6746 0
      vertex -29.2806 20.1589 0
      vertex -29.0213 19.5885 0
    endloop
  endfacet
  facet normal 0 0 -1
    outer loop
      vertex -29.8782 20.1785 0
      vertex -29.6753 19.6746 0
      vertex -29.6787 19.675 0
    endloop
  endfacet
  facet normal 0 0 -1
    outer loop
      vertex -29.8782 20.1785 0
      vertex -29.6787 19.675 0
      vertex -29.6821 19.6746 0
    endloop
  endfacet
  facet normal 0 0 -1
    outer loop
      vertex -29.6753 19.6746 0
      vertex -29.8782 20.1785 0
      vertex -29.2806 20.1589 0
    endloop
  endfacet
  facet normal 0 0 -1
    outer loop
      vertex -30.3361 19.5885 0
      vertex -29.8782 20.1785 0
      vertex -29.6821 19.6746 0
    endloop
  endfacet
  facet normal 0 0 -1
    outer loop
      vertex -30.3361 19.5885 0
      vertex -30.4681 20.0811 0
      vertex -29.8782 20.1785 0
    endloop
  endfacet
  facet normal 0 0 -1
    outer loop
      vertex -31.0277 19.8705 0
      vertex -30.3361 19.5885 0
      vertex -30.9455 19.336 0
    endloop
  endfacet
  facet normal 0 0 -1
    outer loop
      vertex -31.0277 19.8705 0
      vertex -30.9455 19.336 0
      vertex -30.9487 19.3347 0
    endloop
  endfacet
  facet normal 0 0 -1
    outer loop
      vertex -31.0277 19.8705 0
      vertex -30.9487 19.3347 0
      vertex -30.9514 19.3326 0
    endloop
  endfacet
  facet normal 0 0 -1
    outer loop
      vertex -30.3361 19.5885 0
      vertex -31.0277 19.8705 0
      vertex -30.4681 20.0811 0
    endloop
  endfacet
  facet normal 0 0 -1
    outer loop
      vertex -31.5354 19.5547 0
      vertex -30.9514 19.3326 0
      vertex -31.4747 18.9311 0
    endloop
  endfacet
  facet normal 0 0 -1
    outer loop
      vertex -31.9718 19.146 0
      vertex -31.4747 18.9311 0
      vertex -31.4768 18.9283 0
    endloop
  endfacet
  facet normal 0 0 -1
    outer loop
      vertex -30.9514 19.3326 0
      vertex -31.5354 19.5547 0
      vertex -31.0277 19.8705 0
    endloop
  endfacet
  facet normal 0 0 -1
    outer loop
      vertex -31.9718 19.146 0
      vertex -31.4768 18.9283 0
      vertex -31.8784 18.405 0
    endloop
  endfacet
  facet normal 0 0 -1
    outer loop
      vertex -31.4747 18.9311 0
      vertex -31.9718 19.146 0
      vertex -31.5354 19.5547 0
    endloop
  endfacet
  facet normal 0 0 -1
    outer loop
      vertex -32.5668 18.1154 0
      vertex -31.8784 18.405 0
      vertex -32.1308 17.7956 0
    endloop
  endfacet
  facet normal 0 0 -1
    outer loop
      vertex -32.5668 18.1154 0
      vertex -32.1308 17.7956 0
      vertex -32.1321 17.7924 0
    endloop
  endfacet
  facet normal 0 0 -1
    outer loop
      vertex -32.7026 17.5331 0
      vertex -32.1321 17.7924 0
      vertex -32.2182 17.1384 0
    endloop
  endfacet
  facet normal 0 0 -1
    outer loop
      vertex -32.7222 16.9355 0
      vertex -32.2182 17.1384 0
      vertex -32.2187 17.135 0
    endloop
  endfacet
  facet normal 0 0 -1
    outer loop
      vertex -31.8784 18.405 0
      vertex -32.3201 18.66 0
      vertex -31.9718 19.146 0
    endloop
  endfacet
  facet normal 0 0 -1
    outer loop
      vertex -2.7 -18.186 0
      vertex -5.1 -18.186 0
      vertex -4.35 -16.887 0
    endloop
  endfacet
  facet normal -0 0 -1
    outer loop
      vertex -2.7 -18.186 0
      vertex -5.20306 -26.1575 0
      vertex -5.1 -18.186 0
    endloop
  endfacet
  facet normal 0 0 -1
    outer loop
      vertex -6.9027 -25.7612 0
      vertex -5.1 -18.186 0
      vertex -5.20306 -26.1575 0
    endloop
  endfacet
  facet normal -0 0 -1
    outer loop
      vertex -5.1 -18.186 0
      vertex -6.9027 -25.7612 0
      vertex -6.6 -18.186 0
    endloop
  endfacet
  facet normal 0 0 -1
    outer loop
      vertex -8.57279 -25.2546 0
      vertex -6.6 -18.186 0
      vertex -6.9027 -25.7612 0
    endloop
  endfacet
  facet normal 0 0 -1
    outer loop
      vertex -6.6 -18.186 0
      vertex -9 -18.186 0
      vertex -7.35 -16.887 0
    endloop
  endfacet
  facet normal -0 0 -1
    outer loop
      vertex -6.6 -18.186 0
      vertex -8.57279 -25.2546 0
      vertex -9 -18.186 0
    endloop
  endfacet
  facet normal -0 0 -1
    outer loop
      vertex -7.35 -16.887 0
      vertex -9 -18.186 0
      vertex -8.25 -16.887 0
    endloop
  endfacet
  facet normal 0 0 -1
    outer loop
      vertex -10.2062 -24.6399 0
      vertex -9 -18.186 0
      vertex -8.57279 -25.2546 0
    endloop
  endfacet
  facet normal 0 0 -1
    outer loop
      vertex -11.7958 -23.9196 0
      vertex -9 -18.186 0
      vertex -10.2062 -24.6399 0
    endloop
  endfacet
  facet normal -0 0 -1
    outer loop
      vertex -9 -18.186 0
      vertex -11.7958 -23.9196 0
      vertex -10.5 -18.186 0
    endloop
  endfacet
  facet normal 0 0 -1
    outer loop
      vertex -13.335 -23.0969 0
      vertex -10.5 -18.186 0
      vertex -11.7958 -23.9196 0
    endloop
  endfacet
  facet normal 0 0 -1
    outer loop
      vertex -5.20306 26.1575 0
      vertex -2.7 18.186 0
      vertex -5.1 18.186 0
    endloop
  endfacet
  facet normal 0 0 -1
    outer loop
      vertex -2.7 18.186 0
      vertex -5.20306 26.1575 0
      vertex -3.48113 26.4418 0
    endloop
  endfacet
  facet normal 0 0 -1
    outer loop
      vertex -6.9027 25.7612 0
      vertex -5.1 18.186 0
      vertex -6.6 18.186 0
    endloop
  endfacet
  facet normal 0 0 -1
    outer loop
      vertex -5.1 18.186 0
      vertex -6.9027 25.7612 0
      vertex -5.20306 26.1575 0
    endloop
  endfacet
  facet normal 0 0 -1
    outer loop
      vertex -9 18.186 0
      vertex -6.6 18.186 0
      vertex -7.35 16.887 0
    endloop
  endfacet
  facet normal 0 0 -1
    outer loop
      vertex -9 18.186 0
      vertex -7.35 16.887 0
      vertex -8.25 16.887 0
    endloop
  endfacet
  facet normal 0 -0 -1
    outer loop
      vertex -8.57279 25.2546 0
      vertex -6.6 18.186 0
      vertex -9 18.186 0
    endloop
  endfacet
  facet normal 0 0 -1
    outer loop
      vertex -6.6 18.186 0
      vertex -8.57279 25.2546 0
      vertex -6.9027 25.7612 0
    endloop
  endfacet
  facet normal 0 0 -1
    outer loop
      vertex -9 18.186 0
      vertex -10.2062 24.6399 0
      vertex -8.57279 25.2546 0
    endloop
  endfacet
  facet normal 0 0 -1
    outer loop
      vertex -11.7958 23.9196 0
      vertex -9 18.186 0
      vertex -10.5 18.186 0
    endloop
  endfacet
  facet normal 0 0 -1
    outer loop
      vertex -13.335 23.0969 0
      vertex -10.5 18.186 0
      vertex -11.25 16.887 0
    endloop
  endfacet
  facet normal 0 0 -1
    outer loop
      vertex -9 18.186 0
      vertex -11.7958 23.9196 0
      vertex -10.2062 24.6399 0
    endloop
  endfacet
  facet normal 0 0 -1
    outer loop
      vertex -1.27273 -32.0724 0
      vertex -1.69449 -31.734 0
      vertex -1.525 -31.6434 0
    endloop
  endfacet
  facet normal 0 0 -1
    outer loop
      vertex -1.79605 -32.4739 0
      vertex -1.69449 -31.734 0
      vertex -1.27273 -32.0724 0
    endloop
  endfacet
  facet normal 0 0 -1
    outer loop
      vertex -1.79605 -32.4739 0
      vertex -2.15668 -32.1133 0
      vertex -1.69449 -31.734 0
    endloop
  endfacet
  facet normal 0 0 -1
    outer loop
      vertex -2.53598 -32.5755 0
      vertex -1.79605 -32.4739 0
      vertex -2.19761 -32.9973 0
    endloop
  endfacet
  facet normal 0 0 -1
    outer loop
      vertex -2.53598 -32.5755 0
      vertex -2.19761 -32.9973 0
      vertex -2.1997 -33 0
    endloop
  endfacet
  facet normal 0 0 -1
    outer loop
      vertex -2.53598 -32.5755 0
      vertex -2.1997 -33 0
      vertex -2.20102 -33.0032 0
    endloop
  endfacet
  facet normal 0 0 -1
    outer loop
      vertex -2.81783 -33.1028 0
      vertex -2.20102 -33.0032 0
      vertex -2.45345 -33.6126 0
    endloop
  endfacet
  facet normal -0 0 -1
    outer loop
      vertex -1.79605 -32.4739 0
      vertex -2.53598 -32.5755 0
      vertex -2.15668 -32.1133 0
    endloop
  endfacet
  facet normal 0 0 -1
    outer loop
      vertex -2.99139 -33.675 0
      vertex -2.45345 -33.6126 0
      vertex -2.4539 -33.616 0
    endloop
  endfacet
  facet normal 0 0 -1
    outer loop
      vertex -2.99139 -33.675 0
      vertex -2.4539 -33.616 0
      vertex -2.54 -34.27 0
    endloop
  endfacet
  facet normal 0 0 -1
    outer loop
      vertex -2.4539 -34.924 0
      vertex -2.99139 -34.865 0
      vertex -2.54 -34.27 0
    endloop
  endfacet
  facet normal -0 0 -1
    outer loop
      vertex -2.20102 -33.0032 0
      vertex -2.81783 -33.1028 0
      vertex -2.53598 -32.5755 0
    endloop
  endfacet
  facet normal 0 0 -1
    outer loop
      vertex -3.05 -34.27 0
      vertex -2.54 -34.27 0
      vertex -2.99139 -34.865 0
    endloop
  endfacet
  facet normal -0 0 -1
    outer loop
      vertex -2.45345 -33.6126 0
      vertex -2.99139 -33.675 0
      vertex -2.81783 -33.1028 0
    endloop
  endfacet
  facet normal 0 0 -1
    outer loop
      vertex -2.54 -34.27 0
      vertex -3.05 -34.27 0
      vertex -2.99139 -33.675 0
    endloop
  endfacet
  facet normal 0 0 -1
    outer loop
      vertex -1.525 -31.6434 0
      vertex 0 -31.73 0
      vertex -0.653989 -31.8161 0
    endloop
  endfacet
  facet normal 0 0 -1
    outer loop
      vertex -1.525 -31.6434 0
      vertex -0.653989 -31.8161 0
      vertex -0.6574 -31.8165 0
    endloop
  endfacet
  facet normal 0 -0 -1
    outer loop
      vertex -1.2 -18.186 0
      vertex 1.2 -18.186 0
      vertex -1.525 -26.6201 0
    endloop
  endfacet
  facet normal 0 0 -1
    outer loop
      vertex -1.525 -31.6434 0
      vertex -0.6574 -31.8165 0
      vertex -1.26682 -32.069 0
    endloop
  endfacet
  facet normal 0 0 -1
    outer loop
      vertex -1.525 -31.6434 0
      vertex -1.26682 -32.069 0
      vertex -1.27 -32.0703 0
    endloop
  endfacet
  facet normal 0 0 -1
    outer loop
      vertex -1.525 -31.6434 0
      vertex -1.27 -32.0703 0
      vertex -1.27273 -32.0724 0
    endloop
  endfacet
  facet normal 0 0 -1
    outer loop
      vertex 0 -31.73 0
      vertex -1.525 -31.6434 0
      vertex -1.525 -26.6201 0
    endloop
  endfacet
  facet normal 0 0 -1
    outer loop
      vertex 1.2 -18.186 0
      vertex -1.2 -18.186 0
      vertex -0.45 -16.887 0
    endloop
  endfacet
  facet normal 0 0 -1
    outer loop
      vertex -1.7443 -26.6129 0
      vertex -1.2 -18.186 0
      vertex -1.525 -26.6201 0
    endloop
  endfacet
  facet normal 0 0 -1
    outer loop
      vertex -1.7443 -26.6129 0
      vertex -2.7 -18.186 0
      vertex -1.2 -18.186 0
    endloop
  endfacet
  facet normal 0 0 -1
    outer loop
      vertex -3.48113 -26.4418 0
      vertex -2.7 -18.186 0
      vertex -1.7443 -26.6129 0
    endloop
  endfacet
  facet normal 0 0 -1
    outer loop
      vertex -5.20306 -26.1575 0
      vertex -2.7 -18.186 0
      vertex -3.48113 -26.4418 0
    endloop
  endfacet
  facet normal 0 0 -1
    outer loop
      vertex 1.2 18.186 0
      vertex 0 26.67 0
      vertex 1.7443 26.6129 0
    endloop
  endfacet
  facet normal 0 0 -1
    outer loop
      vertex -1.2 18.186 0
      vertex -1.7443 26.6129 0
      vertex 0 26.67 0
    endloop
  endfacet
  facet normal 0 0 -1
    outer loop
      vertex -2.7 18.186 0
      vertex -1.7443 26.6129 0
      vertex -1.2 18.186 0
    endloop
  endfacet
  facet normal 0 0 -1
    outer loop
      vertex -4.35 16.887 0
      vertex -2.7 18.186 0
      vertex -3.45 16.887 0
    endloop
  endfacet
  facet normal 0 0 -1
    outer loop
      vertex -2.7 18.186 0
      vertex -3.48113 26.4418 0
      vertex -1.7443 26.6129 0
    endloop
  endfacet
  facet normal 0 0 -1
    outer loop
      vertex 14.8171 -22.1753 0
      vertex 10.5 -18.186 0
      vertex 11.25 -16.887 0
    endloop
  endfacet
  facet normal 0 0 -1
    outer loop
      vertex 9 -18.186 0
      vertex 11.7958 -23.9196 0
      vertex 10.2062 -24.6399 0
    endloop
  endfacet
  facet normal 0 0 -1
    outer loop
      vertex 11.7958 -23.9196 0
      vertex 9 -18.186 0
      vertex 10.5 -18.186 0
    endloop
  endfacet
  facet normal 0 0 -1
    outer loop
      vertex 8.57279 -25.2546 0
      vertex 9 -18.186 0
      vertex 10.2062 -24.6399 0
    endloop
  endfacet
  facet normal 0 0 -1
    outer loop
      vertex 6.6 -18.186 0
      vertex 9 -18.186 0
      vertex 8.57279 -25.2546 0
    endloop
  endfacet
  facet normal 0 0 -1
    outer loop
      vertex 9 -18.186 0
      vertex 6.6 -18.186 0
      vertex 8.25 -16.887 0
    endloop
  endfacet
  facet normal 0 0 -1
    outer loop
      vertex 6.6 -18.186 0
      vertex 8.57279 -25.2546 0
      vertex 6.9027 -25.7612 0
    endloop
  endfacet
  facet normal -0 0 -1
    outer loop
      vertex 8.25 -16.887 0
      vertex 6.6 -18.186 0
      vertex 7.35 -16.887 0
    endloop
  endfacet
  facet normal 0 0 -1
    outer loop
      vertex 5.1 -18.186 0
      vertex 6.9027 -25.7612 0
      vertex 5.20306 -26.1575 0
    endloop
  endfacet
  facet normal 0 0 -1
    outer loop
      vertex 6.9027 -25.7612 0
      vertex 5.1 -18.186 0
      vertex 6.6 -18.186 0
    endloop
  endfacet
  facet normal 0 0 -1
    outer loop
      vertex 2.7 -18.186 0
      vertex 5.20306 -26.1575 0
      vertex 3.48113 -26.4418 0
    endloop
  endfacet
  facet normal 0 0 -1
    outer loop
      vertex 5.20306 -26.1575 0
      vertex 2.7 -18.186 0
      vertex 5.1 -18.186 0
    endloop
  endfacet
  facet normal 0 0 -1
    outer loop
      vertex 16.2357 -21.1587 0
      vertex 12.45 -14.8086 0
      vertex 13.2 -13.5096 0
    endloop
  endfacet
  facet normal 0 0 -1
    outer loop
      vertex 10.5 -18.186 0
      vertex 13.335 -23.0969 0
      vertex 11.7958 -23.9196 0
    endloop
  endfacet
  facet normal 0 0 -1
    outer loop
      vertex 14.8171 -22.1753 0
      vertex 11.25 -16.887 0
      vertex 12.45 -14.8086 0
    endloop
  endfacet
  facet normal 0 0 -1
    outer loop
      vertex 11.25 -16.887 0
      vertex 10.95 -14.8086 0
      vertex 12.45 -14.8086 0
    endloop
  endfacet
  facet normal 0 0 -1
    outer loop
      vertex 10.5 -15.588 0
      vertex 10.95 -14.8086 0
      vertex 11.25 -16.887 0
    endloop
  endfacet
  facet normal 0 0 -1
    outer loop
      vertex 10.5 -15.588 0
      vertex 10.2 -13.5096 0
      vertex 10.95 -14.8086 0
    endloop
  endfacet
  facet normal 0 0 -1
    outer loop
      vertex 10.5 -15.588 0
      vertex 9.3 -13.5096 0
      vertex 10.2 -13.5096 0
    endloop
  endfacet
  facet normal 0 0 -1
    outer loop
      vertex 9 -15.588 0
      vertex 9.3 -13.5096 0
      vertex 10.5 -15.588 0
    endloop
  endfacet
  facet normal 0 0 -1
    outer loop
      vertex 9 -15.588 0
      vertex 8.55 -14.8086 0
      vertex 9.3 -13.5096 0
    endloop
  endfacet
  facet normal 0 0 -1
    outer loop
      vertex 8.25 -16.887 0
      vertex 8.55 -14.8086 0
      vertex 9 -15.588 0
    endloop
  endfacet
  facet normal 0 0 -1
    outer loop
      vertex 7.35 -16.887 0
      vertex 8.55 -14.8086 0
      vertex 8.25 -16.887 0
    endloop
  endfacet
  facet normal 0 0 -1
    outer loop
      vertex 7.35 -16.887 0
      vertex 7.05 -14.8086 0
      vertex 8.55 -14.8086 0
    endloop
  endfacet
  facet normal 0 0 -1
    outer loop
      vertex 6.6 -15.588 0
      vertex 7.05 -14.8086 0
      vertex 7.35 -16.887 0
    endloop
  endfacet
  facet normal 0 0 -1
    outer loop
      vertex 6.6 -15.588 0
      vertex 6.3 -13.5096 0
      vertex 7.05 -14.8086 0
    endloop
  endfacet
  facet normal 0 0 -1
    outer loop
      vertex 6.6 -15.588 0
      vertex 5.4 -13.5096 0
      vertex 6.3 -13.5096 0
    endloop
  endfacet
  facet normal 0 0 -1
    outer loop
      vertex 5.1 -15.588 0
      vertex 5.4 -13.5096 0
      vertex 6.6 -15.588 0
    endloop
  endfacet
  facet normal 0 0 -1
    outer loop
      vertex 5.1 -15.588 0
      vertex 4.65 -14.8086 0
      vertex 5.4 -13.5096 0
    endloop
  endfacet
  facet normal 0 0 -1
    outer loop
      vertex 4.35 -16.887 0
      vertex 4.65 -14.8086 0
      vertex 5.1 -15.588 0
    endloop
  endfacet
  facet normal 0 0 -1
    outer loop
      vertex 5.1 -18.186 0
      vertex 3.45 -16.887 0
      vertex 4.35 -16.887 0
    endloop
  endfacet
  facet normal 0 0 -1
    outer loop
      vertex 3.45 -16.887 0
      vertex 4.65 -14.8086 0
      vertex 4.35 -16.887 0
    endloop
  endfacet
  facet normal 0 0 -1
    outer loop
      vertex 3.45 -16.887 0
      vertex 3.15 -14.8086 0
      vertex 4.65 -14.8086 0
    endloop
  endfacet
  facet normal 0 0 -1
    outer loop
      vertex 2.7 -15.588 0
      vertex 3.15 -14.8086 0
      vertex 3.45 -16.887 0
    endloop
  endfacet
  facet normal 0 0 -1
    outer loop
      vertex 2.7 -15.588 0
      vertex 2.4 -13.5096 0
      vertex 3.15 -14.8086 0
    endloop
  endfacet
  facet normal 0 0 -1
    outer loop
      vertex 2.7 -15.588 0
      vertex 1.5 -13.5096 0
      vertex 2.4 -13.5096 0
    endloop
  endfacet
  facet normal 0 0 -1
    outer loop
      vertex 1.2 -15.588 0
      vertex 1.5 -13.5096 0
      vertex 2.7 -15.588 0
    endloop
  endfacet
  facet normal 0 0 -1
    outer loop
      vertex 1.2 -15.588 0
      vertex 0.75 -14.8086 0
      vertex 1.5 -13.5096 0
    endloop
  endfacet
  facet normal 0 0 -1
    outer loop
      vertex 0.45 -16.887 0
      vertex 0.75 -14.8086 0
      vertex 1.2 -15.588 0
    endloop
  endfacet
  facet normal 0 0 -1
    outer loop
      vertex 1.2 -18.186 0
      vertex -0.45 -16.887 0
      vertex 0.45 -16.887 0
    endloop
  endfacet
  facet normal 0 0 -1
    outer loop
      vertex -0.45 -16.887 0
      vertex 0.75 -14.8086 0
      vertex 0.45 -16.887 0
    endloop
  endfacet
  facet normal 0 0 -1
    outer loop
      vertex -0.45 -16.887 0
      vertex -0.75 -14.8086 0
      vertex 0.75 -14.8086 0
    endloop
  endfacet
  facet normal 0 0 -1
    outer loop
      vertex -1.2 -15.588 0
      vertex -0.75 -14.8086 0
      vertex -0.45 -16.887 0
    endloop
  endfacet
  facet normal 0 0 -1
    outer loop
      vertex -1.2 -15.588 0
      vertex -1.5 -13.5096 0
      vertex -0.75 -14.8086 0
    endloop
  endfacet
  facet normal 0 0 -1
    outer loop
      vertex -1.2 -15.588 0
      vertex -2.4 -13.5096 0
      vertex -1.5 -13.5096 0
    endloop
  endfacet
  facet normal 0 0 -1
    outer loop
      vertex -2.7 -15.588 0
      vertex -2.4 -13.5096 0
      vertex -1.2 -15.588 0
    endloop
  endfacet
  facet normal 0 0 -1
    outer loop
      vertex -2.7 -15.588 0
      vertex -3.15 -14.8086 0
      vertex -2.4 -13.5096 0
    endloop
  endfacet
  facet normal 0 0 -1
    outer loop
      vertex -3.45 -16.887 0
      vertex -3.15 -14.8086 0
      vertex -2.7 -15.588 0
    endloop
  endfacet
  facet normal 0 0 -1
    outer loop
      vertex -2.7 -18.186 0
      vertex -4.35 -16.887 0
      vertex -3.45 -16.887 0
    endloop
  endfacet
  facet normal 0 0 -1
    outer loop
      vertex -4.35 -16.887 0
      vertex -3.15 -14.8086 0
      vertex -3.45 -16.887 0
    endloop
  endfacet
  facet normal 0 0 -1
    outer loop
      vertex -4.35 -16.887 0
      vertex -4.65 -14.8086 0
      vertex -3.15 -14.8086 0
    endloop
  endfacet
  facet normal 0 0 -1
    outer loop
      vertex -5.1 -15.588 0
      vertex -4.65 -14.8086 0
      vertex -4.35 -16.887 0
    endloop
  endfacet
  facet normal 0 0 -1
    outer loop
      vertex -5.1 -15.588 0
      vertex -5.4 -13.5096 0
      vertex -4.65 -14.8086 0
    endloop
  endfacet
  facet normal 0 0 -1
    outer loop
      vertex -5.1 -15.588 0
      vertex -6.3 -13.5096 0
      vertex -5.4 -13.5096 0
    endloop
  endfacet
  facet normal 0 0 -1
    outer loop
      vertex -6.6 -15.588 0
      vertex -6.3 -13.5096 0
      vertex -5.1 -15.588 0
    endloop
  endfacet
  facet normal 0 0 -1
    outer loop
      vertex -6.6 -15.588 0
      vertex -7.05 -14.8086 0
      vertex -6.3 -13.5096 0
    endloop
  endfacet
  facet normal 0 0 -1
    outer loop
      vertex -7.35 -16.887 0
      vertex -7.05 -14.8086 0
      vertex -6.6 -15.588 0
    endloop
  endfacet
  facet normal 0 0 -1
    outer loop
      vertex -8.25 -16.887 0
      vertex -7.05 -14.8086 0
      vertex -7.35 -16.887 0
    endloop
  endfacet
  facet normal 0 0 -1
    outer loop
      vertex -8.25 -16.887 0
      vertex -8.55 -14.8086 0
      vertex -7.05 -14.8086 0
    endloop
  endfacet
  facet normal 0 0 -1
    outer loop
      vertex -9 -15.588 0
      vertex -8.55 -14.8086 0
      vertex -8.25 -16.887 0
    endloop
  endfacet
  facet normal 0 0 -1
    outer loop
      vertex -9 -15.588 0
      vertex -9.3 -13.5096 0
      vertex -8.55 -14.8086 0
    endloop
  endfacet
  facet normal 0 0 -1
    outer loop
      vertex -9 -15.588 0
      vertex -10.2 -13.5096 0
      vertex -9.3 -13.5096 0
    endloop
  endfacet
  facet normal 0 0 -1
    outer loop
      vertex -10.5 -15.588 0
      vertex -10.2 -13.5096 0
      vertex -9 -15.588 0
    endloop
  endfacet
  facet normal 0 0 -1
    outer loop
      vertex -10.5 -15.588 0
      vertex -10.95 -14.8086 0
      vertex -10.2 -13.5096 0
    endloop
  endfacet
  facet normal 0 0 -1
    outer loop
      vertex -11.25 -16.887 0
      vertex -10.95 -14.8086 0
      vertex -10.5 -15.588 0
    endloop
  endfacet
  facet normal 0 0 -1
    outer loop
      vertex -11.25 -16.887 0
      vertex -12.45 -14.8086 0
      vertex -10.95 -14.8086 0
    endloop
  endfacet
  facet normal 0 0 -1
    outer loop
      vertex -14.8171 -22.1753 0
      vertex -10.5 -18.186 0
      vertex -13.335 -23.0969 0
    endloop
  endfacet
  facet normal -0 0 -1
    outer loop
      vertex -10.5 -18.186 0
      vertex -14.8171 -22.1753 0
      vertex -11.25 -16.887 0
    endloop
  endfacet
  facet normal 0 0 -1
    outer loop
      vertex -16.2357 -21.1587 0
      vertex -11.25 -16.887 0
      vertex -14.8171 -22.1753 0
    endloop
  endfacet
  facet normal 0 0 -1
    outer loop
      vertex 12.45 -14.8086 0
      vertex 16.2357 -21.1587 0
      vertex 14.8171 -22.1753 0
    endloop
  endfacet
  facet normal 0 0 -1
    outer loop
      vertex 16.2357 -21.1587 0
      vertex 14.4 -11.4312 0
      vertex 15.15 -10.1322 0
    endloop
  endfacet
  facet normal 0 0 -1
    outer loop
      vertex 10.5 -18.186 0
      vertex 14.8171 -22.1753 0
      vertex 13.335 -23.0969 0
    endloop
  endfacet
  facet normal 0 0 -1
    outer loop
      vertex 16.2357 -21.1587 0
      vertex 13.2 -13.5096 0
      vertex 14.4 -11.4312 0
    endloop
  endfacet
  facet normal 0 0 -1
    outer loop
      vertex 13.2 -13.5096 0
      vertex 12.9 -11.4312 0
      vertex 14.4 -11.4312 0
    endloop
  endfacet
  facet normal 0 0 -1
    outer loop
      vertex 12.45 -12.2106 0
      vertex 12.9 -11.4312 0
      vertex 13.2 -13.5096 0
    endloop
  endfacet
  facet normal 0 0 -1
    outer loop
      vertex 12.45 -12.2106 0
      vertex 12.15 -10.1322 0
      vertex 12.9 -11.4312 0
    endloop
  endfacet
  facet normal 0 0 -1
    outer loop
      vertex 12.45 -12.2106 0
      vertex 11.25 -10.1322 0
      vertex 12.15 -10.1322 0
    endloop
  endfacet
  facet normal 0 0 -1
    outer loop
      vertex 10.95 -12.2106 0
      vertex 11.25 -10.1322 0
      vertex 12.45 -12.2106 0
    endloop
  endfacet
  facet normal 0 0 -1
    outer loop
      vertex 10.95 -12.2106 0
      vertex 10.5 -11.4312 0
      vertex 11.25 -10.1322 0
    endloop
  endfacet
  facet normal 0 0 -1
    outer loop
      vertex 10.2 -13.5096 0
      vertex 10.5 -11.4312 0
      vertex 10.95 -12.2106 0
    endloop
  endfacet
  facet normal 0 0 -1
    outer loop
      vertex 9.3 -13.5096 0
      vertex 10.5 -11.4312 0
      vertex 10.2 -13.5096 0
    endloop
  endfacet
  facet normal 0 0 -1
    outer loop
      vertex 9.3 -13.5096 0
      vertex 9 -11.4312 0
      vertex 10.5 -11.4312 0
    endloop
  endfacet
  facet normal 0 0 -1
    outer loop
      vertex 8.55 -12.2106 0
      vertex 9 -11.4312 0
      vertex 9.3 -13.5096 0
    endloop
  endfacet
  facet normal 0 0 -1
    outer loop
      vertex 8.55 -12.2106 0
      vertex 8.25 -10.1322 0
      vertex 9 -11.4312 0
    endloop
  endfacet
  facet normal 0 0 -1
    outer loop
      vertex 8.55 -12.2106 0
      vertex 7.35 -10.1322 0
      vertex 8.25 -10.1322 0
    endloop
  endfacet
  facet normal 0 0 -1
    outer loop
      vertex 7.05 -12.2106 0
      vertex 7.35 -10.1322 0
      vertex 8.55 -12.2106 0
    endloop
  endfacet
  facet normal 0 0 -1
    outer loop
      vertex 7.05 -12.2106 0
      vertex 6.6 -11.4312 0
      vertex 7.35 -10.1322 0
    endloop
  endfacet
  facet normal 0 0 -1
    outer loop
      vertex 6.3 -13.5096 0
      vertex 6.6 -11.4312 0
      vertex 7.05 -12.2106 0
    endloop
  endfacet
  facet normal 0 0 -1
    outer loop
      vertex 5.4 -13.5096 0
      vertex 6.6 -11.4312 0
      vertex 6.3 -13.5096 0
    endloop
  endfacet
  facet normal 0 0 -1
    outer loop
      vertex 5.4 -13.5096 0
      vertex 5.1 -11.4312 0
      vertex 6.6 -11.4312 0
    endloop
  endfacet
  facet normal 0 0 -1
    outer loop
      vertex 4.65 -12.2106 0
      vertex 5.1 -11.4312 0
      vertex 5.4 -13.5096 0
    endloop
  endfacet
  facet normal 0 0 -1
    outer loop
      vertex 4.65 -12.2106 0
      vertex 4.35 -10.1322 0
      vertex 5.1 -11.4312 0
    endloop
  endfacet
  facet normal 0 0 -1
    outer loop
      vertex 4.65 -12.2106 0
      vertex 3.45 -10.1322 0
      vertex 4.35 -10.1322 0
    endloop
  endfacet
  facet normal 0 0 -1
    outer loop
      vertex 3.15 -12.2106 0
      vertex 3.45 -10.1322 0
      vertex 4.65 -12.2106 0
    endloop
  endfacet
  facet normal 0 0 -1
    outer loop
      vertex 3.15 -12.2106 0
      vertex 2.7 -11.4312 0
      vertex 3.45 -10.1322 0
    endloop
  endfacet
  facet normal 0 0 -1
    outer loop
      vertex 2.4 -13.5096 0
      vertex 2.7 -11.4312 0
      vertex 3.15 -12.2106 0
    endloop
  endfacet
  facet normal 0 0 -1
    outer loop
      vertex 1.5 -13.5096 0
      vertex 2.7 -11.4312 0
      vertex 2.4 -13.5096 0
    endloop
  endfacet
  facet normal 0 0 -1
    outer loop
      vertex 1.5 -13.5096 0
      vertex 1.2 -11.4312 0
      vertex 2.7 -11.4312 0
    endloop
  endfacet
  facet normal 0 0 -1
    outer loop
      vertex 0.75 -12.2106 0
      vertex 1.2 -11.4312 0
      vertex 1.5 -13.5096 0
    endloop
  endfacet
  facet normal 0 0 -1
    outer loop
      vertex 0.75 -12.2106 0
      vertex 0.45 -10.1322 0
      vertex 1.2 -11.4312 0
    endloop
  endfacet
  facet normal 0 0 -1
    outer loop
      vertex 0.75 -12.2106 0
      vertex -0.45 -10.1322 0
      vertex 0.45 -10.1322 0
    endloop
  endfacet
  facet normal 0 0 -1
    outer loop
      vertex -0.75 -12.2106 0
      vertex -0.45 -10.1322 0
      vertex 0.75 -12.2106 0
    endloop
  endfacet
  facet normal 0 0 -1
    outer loop
      vertex -0.75 -12.2106 0
      vertex -1.2 -11.4312 0
      vertex -0.45 -10.1322 0
    endloop
  endfacet
  facet normal 0 0 -1
    outer loop
      vertex -1.5 -13.5096 0
      vertex -1.2 -11.4312 0
      vertex -0.75 -12.2106 0
    endloop
  endfacet
  facet normal 0 0 -1
    outer loop
      vertex -2.4 -13.5096 0
      vertex -1.2 -11.4312 0
      vertex -1.5 -13.5096 0
    endloop
  endfacet
  facet normal 0 0 -1
    outer loop
      vertex -2.4 -13.5096 0
      vertex -2.7 -11.4312 0
      vertex -1.2 -11.4312 0
    endloop
  endfacet
  facet normal 0 0 -1
    outer loop
      vertex -3.15 -12.2106 0
      vertex -2.7 -11.4312 0
      vertex -2.4 -13.5096 0
    endloop
  endfacet
  facet normal 0 0 -1
    outer loop
      vertex -3.15 -12.2106 0
      vertex -3.45 -10.1322 0
      vertex -2.7 -11.4312 0
    endloop
  endfacet
  facet normal 0 0 -1
    outer loop
      vertex -3.15 -12.2106 0
      vertex -4.35 -10.1322 0
      vertex -3.45 -10.1322 0
    endloop
  endfacet
  facet normal 0 0 -1
    outer loop
      vertex -4.65 -12.2106 0
      vertex -4.35 -10.1322 0
      vertex -3.15 -12.2106 0
    endloop
  endfacet
  facet normal 0 0 -1
    outer loop
      vertex -4.65 -12.2106 0
      vertex -5.1 -11.4312 0
      vertex -4.35 -10.1322 0
    endloop
  endfacet
  facet normal 0 0 -1
    outer loop
      vertex -5.4 -13.5096 0
      vertex -5.1 -11.4312 0
      vertex -4.65 -12.2106 0
    endloop
  endfacet
  facet normal 0 0 -1
    outer loop
      vertex -6.3 -13.5096 0
      vertex -5.1 -11.4312 0
      vertex -5.4 -13.5096 0
    endloop
  endfacet
  facet normal 0 0 -1
    outer loop
      vertex -6.3 -13.5096 0
      vertex -6.6 -11.4312 0
      vertex -5.1 -11.4312 0
    endloop
  endfacet
  facet normal 0 0 -1
    outer loop
      vertex -7.05 -12.2106 0
      vertex -6.6 -11.4312 0
      vertex -6.3 -13.5096 0
    endloop
  endfacet
  facet normal 0 0 -1
    outer loop
      vertex -7.05 -12.2106 0
      vertex -7.35 -10.1322 0
      vertex -6.6 -11.4312 0
    endloop
  endfacet
  facet normal 0 0 -1
    outer loop
      vertex -7.05 -12.2106 0
      vertex -8.25 -10.1322 0
      vertex -7.35 -10.1322 0
    endloop
  endfacet
  facet normal 0 0 -1
    outer loop
      vertex -8.55 -12.2106 0
      vertex -8.25 -10.1322 0
      vertex -7.05 -12.2106 0
    endloop
  endfacet
  facet normal 0 0 -1
    outer loop
      vertex -8.55 -12.2106 0
      vertex -9 -11.4312 0
      vertex -8.25 -10.1322 0
    endloop
  endfacet
  facet normal 0 0 -1
    outer loop
      vertex -9.3 -13.5096 0
      vertex -9 -11.4312 0
      vertex -8.55 -12.2106 0
    endloop
  endfacet
  facet normal 0 0 -1
    outer loop
      vertex -10.2 -13.5096 0
      vertex -9 -11.4312 0
      vertex -9.3 -13.5096 0
    endloop
  endfacet
  facet normal 0 0 -1
    outer loop
      vertex -10.2 -13.5096 0
      vertex -10.5 -11.4312 0
      vertex -9 -11.4312 0
    endloop
  endfacet
  facet normal 0 0 -1
    outer loop
      vertex -10.95 -12.2106 0
      vertex -10.5 -11.4312 0
      vertex -10.2 -13.5096 0
    endloop
  endfacet
  facet normal 0 0 -1
    outer loop
      vertex -10.95 -12.2106 0
      vertex -11.25 -10.1322 0
      vertex -10.5 -11.4312 0
    endloop
  endfacet
  facet normal 0 0 -1
    outer loop
      vertex -10.95 -12.2106 0
      vertex -12.15 -10.1322 0
      vertex -11.25 -10.1322 0
    endloop
  endfacet
  facet normal 0 0 -1
    outer loop
      vertex -12.45 -12.2106 0
      vertex -12.15 -10.1322 0
      vertex -10.95 -12.2106 0
    endloop
  endfacet
  facet normal 0 0 -1
    outer loop
      vertex -12.45 -12.2106 0
      vertex -12.9 -11.4312 0
      vertex -12.15 -10.1322 0
    endloop
  endfacet
  facet normal 0 0 -1
    outer loop
      vertex -13.2 -13.5096 0
      vertex -12.9 -11.4312 0
      vertex -12.45 -12.2106 0
    endloop
  endfacet
  facet normal 0 0 -1
    outer loop
      vertex -13.2 -13.5096 0
      vertex -14.4 -11.4312 0
      vertex -12.9 -11.4312 0
    endloop
  endfacet
  facet normal 0 0 -1
    outer loop
      vertex -17.5848 -20.0516 0
      vertex -11.25 -16.887 0
      vertex -16.2357 -21.1587 0
    endloop
  endfacet
  facet normal -0 0 -1
    outer loop
      vertex -11.25 -16.887 0
      vertex -17.5848 -20.0516 0
      vertex -12.45 -14.8086 0
    endloop
  endfacet
  facet normal 0 0 -1
    outer loop
      vertex -18.8585 -18.8585 0
      vertex -12.45 -14.8086 0
      vertex -17.5848 -20.0516 0
    endloop
  endfacet
  facet normal -0 0 -1
    outer loop
      vertex -12.45 -14.8086 0
      vertex -18.8585 -18.8585 0
      vertex -13.2 -13.5096 0
    endloop
  endfacet
  facet normal 0 0 -1
    outer loop
      vertex 23.9196 -11.7958 0
      vertex 16.35 -8.05384 0
      vertex 17.1 -6.7548 0
    endloop
  endfacet
  facet normal 0 0 -1
    outer loop
      vertex 15.15 -10.1322 0
      vertex 17.5848 -20.0516 0
      vertex 16.2357 -21.1587 0
    endloop
  endfacet
  facet normal 0 0 -1
    outer loop
      vertex 23.0969 -13.335 0
      vertex 15.15 -10.1322 0
      vertex 16.35 -8.05384 0
    endloop
  endfacet
  facet normal 0 0 -1
    outer loop
      vertex 15.15 -10.1322 0
      vertex 14.85 -8.05384 0
      vertex 16.35 -8.05384 0
    endloop
  endfacet
  facet normal 0 0 -1
    outer loop
      vertex 14.4 -8.83316 0
      vertex 14.85 -8.05384 0
      vertex 15.15 -10.1322 0
    endloop
  endfacet
  facet normal 0 0 -1
    outer loop
      vertex 14.4 -8.83316 0
      vertex 14.1 -6.7548 0
      vertex 14.85 -8.05384 0
    endloop
  endfacet
  facet normal 0 0 -1
    outer loop
      vertex 14.4 -8.83316 0
      vertex 13.2 -6.7548 0
      vertex 14.1 -6.7548 0
    endloop
  endfacet
  facet normal 0 0 -1
    outer loop
      vertex 12.9 -8.83316 0
      vertex 13.2 -6.7548 0
      vertex 14.4 -8.83316 0
    endloop
  endfacet
  facet normal 0 0 -1
    outer loop
      vertex 12.9 -8.83316 0
      vertex 12.45 -8.05384 0
      vertex 13.2 -6.7548 0
    endloop
  endfacet
  facet normal 0 0 -1
    outer loop
      vertex 12.15 -10.1322 0
      vertex 12.45 -8.05384 0
      vertex 12.9 -8.83316 0
    endloop
  endfacet
  facet normal 0 0 -1
    outer loop
      vertex 11.25 -10.1322 0
      vertex 12.45 -8.05384 0
      vertex 12.15 -10.1322 0
    endloop
  endfacet
  facet normal 0 0 -1
    outer loop
      vertex 11.25 -10.1322 0
      vertex 10.95 -8.05384 0
      vertex 12.45 -8.05384 0
    endloop
  endfacet
  facet normal 0 0 -1
    outer loop
      vertex 10.5 -8.83316 0
      vertex 10.95 -8.05384 0
      vertex 11.25 -10.1322 0
    endloop
  endfacet
  facet normal 0 0 -1
    outer loop
      vertex 10.5 -8.83316 0
      vertex 10.2 -6.7548 0
      vertex 10.95 -8.05384 0
    endloop
  endfacet
  facet normal 0 0 -1
    outer loop
      vertex 10.5 -8.83316 0
      vertex 9.3 -6.7548 0
      vertex 10.2 -6.7548 0
    endloop
  endfacet
  facet normal 0 0 -1
    outer loop
      vertex 9 -8.83316 0
      vertex 9.3 -6.7548 0
      vertex 10.5 -8.83316 0
    endloop
  endfacet
  facet normal 0 0 -1
    outer loop
      vertex 9 -8.83316 0
      vertex 8.55 -8.05384 0
      vertex 9.3 -6.7548 0
    endloop
  endfacet
  facet normal 0 0 -1
    outer loop
      vertex 8.25 -10.1322 0
      vertex 8.55 -8.05384 0
      vertex 9 -8.83316 0
    endloop
  endfacet
  facet normal 0 0 -1
    outer loop
      vertex 7.35 -10.1322 0
      vertex 8.55 -8.05384 0
      vertex 8.25 -10.1322 0
    endloop
  endfacet
  facet normal 0 0 -1
    outer loop
      vertex 7.35 -10.1322 0
      vertex 7.05 -8.05384 0
      vertex 8.55 -8.05384 0
    endloop
  endfacet
  facet normal 0 0 -1
    outer loop
      vertex 6.6 -8.83316 0
      vertex 7.05 -8.05384 0
      vertex 7.35 -10.1322 0
    endloop
  endfacet
  facet normal 0 0 -1
    outer loop
      vertex 6.6 -8.83316 0
      vertex 6.3 -6.7548 0
      vertex 7.05 -8.05384 0
    endloop
  endfacet
  facet normal 0 0 -1
    outer loop
      vertex 6.6 -8.83316 0
      vertex 5.4 -6.7548 0
      vertex 6.3 -6.7548 0
    endloop
  endfacet
  facet normal 0 0 -1
    outer loop
      vertex 5.1 -8.83316 0
      vertex 5.4 -6.7548 0
      vertex 6.6 -8.83316 0
    endloop
  endfacet
  facet normal 0 0 -1
    outer loop
      vertex 5.1 -8.83316 0
      vertex 4.65 -8.05384 0
      vertex 5.4 -6.7548 0
    endloop
  endfacet
  facet normal 0 0 -1
    outer loop
      vertex 4.35 -10.1322 0
      vertex 4.65 -8.05384 0
      vertex 5.1 -8.83316 0
    endloop
  endfacet
  facet normal 0 0 -1
    outer loop
      vertex 3.45 -10.1322 0
      vertex 4.65 -8.05384 0
      vertex 4.35 -10.1322 0
    endloop
  endfacet
  facet normal 0 0 -1
    outer loop
      vertex 3.45 -10.1322 0
      vertex 3.15 -8.05384 0
      vertex 4.65 -8.05384 0
    endloop
  endfacet
  facet normal 0 0 -1
    outer loop
      vertex 2.7 -8.83316 0
      vertex 3.15 -8.05384 0
      vertex 3.45 -10.1322 0
    endloop
  endfacet
  facet normal 0 0 -1
    outer loop
      vertex 2.7 -8.83316 0
      vertex 2.4 -6.7548 0
      vertex 3.15 -8.05384 0
    endloop
  endfacet
  facet normal 0 0 -1
    outer loop
      vertex 2.7 -8.83316 0
      vertex 1.5 -6.7548 0
      vertex 2.4 -6.7548 0
    endloop
  endfacet
  facet normal 0 0 -1
    outer loop
      vertex 1.2 -8.83316 0
      vertex 1.5 -6.7548 0
      vertex 2.7 -8.83316 0
    endloop
  endfacet
  facet normal 0 0 -1
    outer loop
      vertex 1.2 -8.83316 0
      vertex 0.75 -8.05384 0
      vertex 1.5 -6.7548 0
    endloop
  endfacet
  facet normal 0 0 -1
    outer loop
      vertex 0.45 -10.1322 0
      vertex 0.75 -8.05384 0
      vertex 1.2 -8.83316 0
    endloop
  endfacet
  facet normal 0 0 -1
    outer loop
      vertex -0.45 -10.1322 0
      vertex 0.75 -8.05384 0
      vertex 0.45 -10.1322 0
    endloop
  endfacet
  facet normal 0 0 -1
    outer loop
      vertex -0.45 -10.1322 0
      vertex -0.75 -8.05384 0
      vertex 0.75 -8.05384 0
    endloop
  endfacet
  facet normal 0 0 -1
    outer loop
      vertex -1.2 -8.83316 0
      vertex -0.75 -8.05384 0
      vertex -0.45 -10.1322 0
    endloop
  endfacet
  facet normal 0 0 -1
    outer loop
      vertex -1.2 -8.83316 0
      vertex -1.5 -6.7548 0
      vertex -0.75 -8.05384 0
    endloop
  endfacet
  facet normal 0 0 -1
    outer loop
      vertex -1.2 -8.83316 0
      vertex -2.4 -6.7548 0
      vertex -1.5 -6.7548 0
    endloop
  endfacet
  facet normal 0 0 -1
    outer loop
      vertex -2.7 -8.83316 0
      vertex -2.4 -6.7548 0
      vertex -1.2 -8.83316 0
    endloop
  endfacet
  facet normal 0 0 -1
    outer loop
      vertex -2.7 -8.83316 0
      vertex -3.15 -8.05384 0
      vertex -2.4 -6.7548 0
    endloop
  endfacet
  facet normal 0 0 -1
    outer loop
      vertex -3.45 -10.1322 0
      vertex -3.15 -8.05384 0
      vertex -2.7 -8.83316 0
    endloop
  endfacet
  facet normal 0 0 -1
    outer loop
      vertex -4.35 -10.1322 0
      vertex -3.15 -8.05384 0
      vertex -3.45 -10.1322 0
    endloop
  endfacet
  facet normal 0 0 -1
    outer loop
      vertex -4.35 -10.1322 0
      vertex -4.65 -8.05384 0
      vertex -3.15 -8.05384 0
    endloop
  endfacet
  facet normal 0 0 -1
    outer loop
      vertex -5.1 -8.83316 0
      vertex -4.65 -8.05384 0
      vertex -4.35 -10.1322 0
    endloop
  endfacet
  facet normal 0 0 -1
    outer loop
      vertex -5.1 -8.83316 0
      vertex -5.4 -6.7548 0
      vertex -4.65 -8.05384 0
    endloop
  endfacet
  facet normal 0 0 -1
    outer loop
      vertex -5.1 -8.83316 0
      vertex -6.3 -6.7548 0
      vertex -5.4 -6.7548 0
    endloop
  endfacet
  facet normal 0 0 -1
    outer loop
      vertex -6.6 -8.83316 0
      vertex -6.3 -6.7548 0
      vertex -5.1 -8.83316 0
    endloop
  endfacet
  facet normal 0 0 -1
    outer loop
      vertex -6.6 -8.83316 0
      vertex -7.05 -8.05384 0
      vertex -6.3 -6.7548 0
    endloop
  endfacet
  facet normal 0 0 -1
    outer loop
      vertex -7.35 -10.1322 0
      vertex -7.05 -8.05384 0
      vertex -6.6 -8.83316 0
    endloop
  endfacet
  facet normal 0 0 -1
    outer loop
      vertex -8.25 -10.1322 0
      vertex -7.05 -8.05384 0
      vertex -7.35 -10.1322 0
    endloop
  endfacet
  facet normal 0 0 -1
    outer loop
      vertex -8.25 -10.1322 0
      vertex -8.55 -8.05384 0
      vertex -7.05 -8.05384 0
    endloop
  endfacet
  facet normal 0 0 -1
    outer loop
      vertex -9 -8.83316 0
      vertex -8.55 -8.05384 0
      vertex -8.25 -10.1322 0
    endloop
  endfacet
  facet normal 0 0 -1
    outer loop
      vertex -9 -8.83316 0
      vertex -9.3 -6.7548 0
      vertex -8.55 -8.05384 0
    endloop
  endfacet
  facet normal 0 0 -1
    outer loop
      vertex -9 -8.83316 0
      vertex -10.2 -6.7548 0
      vertex -9.3 -6.7548 0
    endloop
  endfacet
  facet normal 0 0 -1
    outer loop
      vertex -10.5 -8.83316 0
      vertex -10.2 -6.7548 0
      vertex -9 -8.83316 0
    endloop
  endfacet
  facet normal 0 0 -1
    outer loop
      vertex -10.5 -8.83316 0
      vertex -10.95 -8.05384 0
      vertex -10.2 -6.7548 0
    endloop
  endfacet
  facet normal 0 0 -1
    outer loop
      vertex -11.25 -10.1322 0
      vertex -10.95 -8.05384 0
      vertex -10.5 -8.83316 0
    endloop
  endfacet
  facet normal 0 0 -1
    outer loop
      vertex -12.15 -10.1322 0
      vertex -10.95 -8.05384 0
      vertex -11.25 -10.1322 0
    endloop
  endfacet
  facet normal 0 0 -1
    outer loop
      vertex -12.15 -10.1322 0
      vertex -12.45 -8.05384 0
      vertex -10.95 -8.05384 0
    endloop
  endfacet
  facet normal 0 0 -1
    outer loop
      vertex -12.9 -8.83316 0
      vertex -12.45 -8.05384 0
      vertex -12.15 -10.1322 0
    endloop
  endfacet
  facet normal 0 0 -1
    outer loop
      vertex -12.9 -8.83316 0
      vertex -13.2 -6.7548 0
      vertex -12.45 -8.05384 0
    endloop
  endfacet
  facet normal 0 0 -1
    outer loop
      vertex -12.9 -8.83316 0
      vertex -14.1 -6.7548 0
      vertex -13.2 -6.7548 0
    endloop
  endfacet
  facet normal 0 0 -1
    outer loop
      vertex -14.4 -8.83316 0
      vertex -14.1 -6.7548 0
      vertex -12.9 -8.83316 0
    endloop
  endfacet
  facet normal 0 0 -1
    outer loop
      vertex -14.4 -8.83316 0
      vertex -14.85 -8.05384 0
      vertex -14.1 -6.7548 0
    endloop
  endfacet
  facet normal 0 0 -1
    outer loop
      vertex -15.15 -10.1322 0
      vertex -14.85 -8.05384 0
      vertex -14.4 -8.83316 0
    endloop
  endfacet
  facet normal 0 0 -1
    outer loop
      vertex -15.15 -10.1322 0
      vertex -16.35 -8.05384 0
      vertex -14.85 -8.05384 0
    endloop
  endfacet
  facet normal 0 0 -1
    outer loop
      vertex -20.0516 -17.5848 0
      vertex -13.2 -13.5096 0
      vertex -18.8585 -18.8585 0
    endloop
  endfacet
  facet normal -0 0 -1
    outer loop
      vertex -13.2 -13.5096 0
      vertex -20.0516 -17.5848 0
      vertex -14.4 -11.4312 0
    endloop
  endfacet
  facet normal 0 0 -1
    outer loop
      vertex -21.1587 -16.2357 0
      vertex -14.4 -11.4312 0
      vertex -20.0516 -17.5848 0
    endloop
  endfacet
  facet normal 0 0 -1
    outer loop
      vertex 26.67 0 0
      vertex 19.05 3.3774 0
      vertex 26.6129 1.7443 0
    endloop
  endfacet
  facet normal 0 0 -1
    outer loop
      vertex 26.6129 1.7443 0
      vertex 19.05 3.3774 0
      vertex 26.4418 3.48113 0
    endloop
  endfacet
  facet normal 0 0 -1
    outer loop
      vertex 18.3 -2.07836 0
      vertex 17.1 0 0
      vertex 18.3 2.07836 0
    endloop
  endfacet
  facet normal 0 0 -1
    outer loop
      vertex 16.8 -2.07836 0
      vertex 17.1 0 0
      vertex 18.3 -2.07836 0
    endloop
  endfacet
  facet normal 0 0 -1
    outer loop
      vertex 16.8 -2.07836 0
      vertex 16.35 -1.29904 0
      vertex 17.1 0 0
    endloop
  endfacet
  facet normal 0 0 -1
    outer loop
      vertex 16.05 -3.3774 0
      vertex 16.35 -1.29904 0
      vertex 16.8 -2.07836 0
    endloop
  endfacet
  facet normal 0 0 -1
    outer loop
      vertex 15.15 -3.3774 0
      vertex 16.35 -1.29904 0
      vertex 16.05 -3.3774 0
    endloop
  endfacet
  facet normal 0 0 -1
    outer loop
      vertex 15.15 -3.3774 0
      vertex 14.85 -1.29904 0
      vertex 16.35 -1.29904 0
    endloop
  endfacet
  facet normal 0 0 -1
    outer loop
      vertex 14.4 -2.07836 0
      vertex 14.85 -1.29904 0
      vertex 15.15 -3.3774 0
    endloop
  endfacet
  facet normal 0 0 -1
    outer loop
      vertex 14.4 -2.07836 0
      vertex 14.1 0 0
      vertex 14.85 -1.29904 0
    endloop
  endfacet
  facet normal 0 0 -1
    outer loop
      vertex 14.4 -2.07836 0
      vertex 13.2 0 0
      vertex 14.1 0 0
    endloop
  endfacet
  facet normal 0 0 -1
    outer loop
      vertex 12.9 -2.07836 0
      vertex 13.2 0 0
      vertex 14.4 -2.07836 0
    endloop
  endfacet
  facet normal 0 0 -1
    outer loop
      vertex 12.9 -2.07836 0
      vertex 12.45 -1.29904 0
      vertex 13.2 0 0
    endloop
  endfacet
  facet normal 0 0 -1
    outer loop
      vertex 12.15 -3.3774 0
      vertex 12.45 -1.29904 0
      vertex 12.9 -2.07836 0
    endloop
  endfacet
  facet normal 0 0 -1
    outer loop
      vertex 11.25 -3.3774 0
      vertex 12.45 -1.29904 0
      vertex 12.15 -3.3774 0
    endloop
  endfacet
  facet normal 0 0 -1
    outer loop
      vertex 11.25 -3.3774 0
      vertex 10.95 -1.29904 0
      vertex 12.45 -1.29904 0
    endloop
  endfacet
  facet normal 0 0 -1
    outer loop
      vertex 10.5 -2.07836 0
      vertex 10.95 -1.29904 0
      vertex 11.25 -3.3774 0
    endloop
  endfacet
  facet normal 0 0 -1
    outer loop
      vertex 10.5 -2.07836 0
      vertex 10.2 0 0
      vertex 10.95 -1.29904 0
    endloop
  endfacet
  facet normal 0 0 -1
    outer loop
      vertex 10.5 -2.07836 0
      vertex 9.3 0 0
      vertex 10.2 0 0
    endloop
  endfacet
  facet normal 0 0 -1
    outer loop
      vertex 9 -2.07836 0
      vertex 9.3 0 0
      vertex 10.5 -2.07836 0
    endloop
  endfacet
  facet normal 0 0 -1
    outer loop
      vertex 9 -2.07836 0
      vertex 8.55 -1.29904 0
      vertex 9.3 0 0
    endloop
  endfacet
  facet normal 0 0 -1
    outer loop
      vertex 8.25 -3.3774 0
      vertex 8.55 -1.29904 0
      vertex 9 -2.07836 0
    endloop
  endfacet
  facet normal 0 0 -1
    outer loop
      vertex 7.35 -3.3774 0
      vertex 8.55 -1.29904 0
      vertex 8.25 -3.3774 0
    endloop
  endfacet
  facet normal 0 0 -1
    outer loop
      vertex 7.35 -3.3774 0
      vertex 7.05 -1.29904 0
      vertex 8.55 -1.29904 0
    endloop
  endfacet
  facet normal 0 0 -1
    outer loop
      vertex 6.6 -2.07836 0
      vertex 7.05 -1.29904 0
      vertex 7.35 -3.3774 0
    endloop
  endfacet
  facet normal 0 0 -1
    outer loop
      vertex 6.6 -2.07836 0
      vertex 6.3 0 0
      vertex 7.05 -1.29904 0
    endloop
  endfacet
  facet normal 0 0 -1
    outer loop
      vertex 6.6 -2.07836 0
      vertex 5.4 0 0
      vertex 6.3 0 0
    endloop
  endfacet
  facet normal 0 0 -1
    outer loop
      vertex 5.1 -2.07836 0
      vertex 5.4 0 0
      vertex 6.6 -2.07836 0
    endloop
  endfacet
  facet normal 0 0 -1
    outer loop
      vertex 5.1 -2.07836 0
      vertex 4.65 -1.29904 0
      vertex 5.4 0 0
    endloop
  endfacet
  facet normal 0 0 -1
    outer loop
      vertex 4.35 -3.3774 0
      vertex 4.65 -1.29904 0
      vertex 5.1 -2.07836 0
    endloop
  endfacet
  facet normal 0 0 -1
    outer loop
      vertex 3.45 -3.3774 0
      vertex 4.65 -1.29904 0
      vertex 4.35 -3.3774 0
    endloop
  endfacet
  facet normal 0 0 -1
    outer loop
      vertex 3.45 -3.3774 0
      vertex 3.15 -1.29904 0
      vertex 4.65 -1.29904 0
    endloop
  endfacet
  facet normal 0 0 -1
    outer loop
      vertex 2.7 -2.07836 0
      vertex 3.15 -1.29904 0
      vertex 3.45 -3.3774 0
    endloop
  endfacet
  facet normal 0 0 -1
    outer loop
      vertex 2.7 -2.07836 0
      vertex 2.4 0 0
      vertex 3.15 -1.29904 0
    endloop
  endfacet
  facet normal 0 0 -1
    outer loop
      vertex 2.7 -2.07836 0
      vertex 1.5 0 0
      vertex 2.4 0 0
    endloop
  endfacet
  facet normal 0 0 -1
    outer loop
      vertex 1.2 -2.07836 0
      vertex 1.5 0 0
      vertex 2.7 -2.07836 0
    endloop
  endfacet
  facet normal 0 0 -1
    outer loop
      vertex 1.2 -2.07836 0
      vertex 0.75 -1.29904 0
      vertex 1.5 0 0
    endloop
  endfacet
  facet normal 0 0 -1
    outer loop
      vertex 0.45 -3.3774 0
      vertex 0.75 -1.29904 0
      vertex 1.2 -2.07836 0
    endloop
  endfacet
  facet normal 0 0 -1
    outer loop
      vertex -0.45 -3.3774 0
      vertex 0.75 -1.29904 0
      vertex 0.45 -3.3774 0
    endloop
  endfacet
  facet normal 0 0 -1
    outer loop
      vertex -0.45 -3.3774 0
      vertex -0.75 -1.29904 0
      vertex 0.75 -1.29904 0
    endloop
  endfacet
  facet normal 0 0 -1
    outer loop
      vertex -1.2 -2.07836 0
      vertex -0.75 -1.29904 0
      vertex -0.45 -3.3774 0
    endloop
  endfacet
  facet normal 0 0 -1
    outer loop
      vertex -1.2 -2.07836 0
      vertex -1.5 0 0
      vertex -0.75 -1.29904 0
    endloop
  endfacet
  facet normal 0 0 -1
    outer loop
      vertex -1.2 -2.07836 0
      vertex -2.4 0 0
      vertex -1.5 0 0
    endloop
  endfacet
  facet normal 0 0 -1
    outer loop
      vertex -2.7 -2.07836 0
      vertex -2.4 0 0
      vertex -1.2 -2.07836 0
    endloop
  endfacet
  facet normal 0 0 -1
    outer loop
      vertex -2.7 -2.07836 0
      vertex -3.15 -1.29904 0
      vertex -2.4 0 0
    endloop
  endfacet
  facet normal 0 0 -1
    outer loop
      vertex -3.45 -3.3774 0
      vertex -3.15 -1.29904 0
      vertex -2.7 -2.07836 0
    endloop
  endfacet
  facet normal 0 0 -1
    outer loop
      vertex -4.35 -3.3774 0
      vertex -3.15 -1.29904 0
      vertex -3.45 -3.3774 0
    endloop
  endfacet
  facet normal 0 0 -1
    outer loop
      vertex -4.35 -3.3774 0
      vertex -4.65 -1.29904 0
      vertex -3.15 -1.29904 0
    endloop
  endfacet
  facet normal 0 0 -1
    outer loop
      vertex -5.1 -2.07836 0
      vertex -4.65 -1.29904 0
      vertex -4.35 -3.3774 0
    endloop
  endfacet
  facet normal 0 0 -1
    outer loop
      vertex -5.1 -2.07836 0
      vertex -5.4 0 0
      vertex -4.65 -1.29904 0
    endloop
  endfacet
  facet normal 0 0 -1
    outer loop
      vertex -5.1 -2.07836 0
      vertex -6.3 0 0
      vertex -5.4 0 0
    endloop
  endfacet
  facet normal 0 0 -1
    outer loop
      vertex -6.6 -2.07836 0
      vertex -6.3 0 0
      vertex -5.1 -2.07836 0
    endloop
  endfacet
  facet normal 0 0 -1
    outer loop
      vertex -6.6 -2.07836 0
      vertex -7.05 -1.29904 0
      vertex -6.3 0 0
    endloop
  endfacet
  facet normal 0 0 -1
    outer loop
      vertex -7.35 -3.3774 0
      vertex -7.05 -1.29904 0
      vertex -6.6 -2.07836 0
    endloop
  endfacet
  facet normal 0 0 -1
    outer loop
      vertex -8.25 -3.3774 0
      vertex -7.05 -1.29904 0
      vertex -7.35 -3.3774 0
    endloop
  endfacet
  facet normal 0 0 -1
    outer loop
      vertex -8.25 -3.3774 0
      vertex -8.55 -1.29904 0
      vertex -7.05 -1.29904 0
    endloop
  endfacet
  facet normal 0 0 -1
    outer loop
      vertex -9 -2.07836 0
      vertex -8.55 -1.29904 0
      vertex -8.25 -3.3774 0
    endloop
  endfacet
  facet normal 0 0 -1
    outer loop
      vertex -9 -2.07836 0
      vertex -9.3 0 0
      vertex -8.55 -1.29904 0
    endloop
  endfacet
  facet normal 0 0 -1
    outer loop
      vertex -9 -2.07836 0
      vertex -10.2 0 0
      vertex -9.3 0 0
    endloop
  endfacet
  facet normal 0 0 -1
    outer loop
      vertex -10.5 -2.07836 0
      vertex -10.2 0 0
      vertex -9 -2.07836 0
    endloop
  endfacet
  facet normal 0 0 -1
    outer loop
      vertex -10.5 -2.07836 0
      vertex -10.95 -1.29904 0
      vertex -10.2 0 0
    endloop
  endfacet
  facet normal 0 0 -1
    outer loop
      vertex -11.25 -3.3774 0
      vertex -10.95 -1.29904 0
      vertex -10.5 -2.07836 0
    endloop
  endfacet
  facet normal 0 0 -1
    outer loop
      vertex -12.15 -3.3774 0
      vertex -10.95 -1.29904 0
      vertex -11.25 -3.3774 0
    endloop
  endfacet
  facet normal 0 0 -1
    outer loop
      vertex -12.15 -3.3774 0
      vertex -12.45 -1.29904 0
      vertex -10.95 -1.29904 0
    endloop
  endfacet
  facet normal 0 0 -1
    outer loop
      vertex -12.9 -2.07836 0
      vertex -12.45 -1.29904 0
      vertex -12.15 -3.3774 0
    endloop
  endfacet
  facet normal 0 0 -1
    outer loop
      vertex -12.9 -2.07836 0
      vertex -13.2 0 0
      vertex -12.45 -1.29904 0
    endloop
  endfacet
  facet normal 0 0 -1
    outer loop
      vertex -12.9 -2.07836 0
      vertex -14.1 0 0
      vertex -13.2 0 0
    endloop
  endfacet
  facet normal 0 0 -1
    outer loop
      vertex -14.4 -2.07836 0
      vertex -14.1 0 0
      vertex -12.9 -2.07836 0
    endloop
  endfacet
  facet normal 0 0 -1
    outer loop
      vertex -14.4 -2.07836 0
      vertex -14.85 -1.29904 0
      vertex -14.1 0 0
    endloop
  endfacet
  facet normal 0 0 -1
    outer loop
      vertex -15.15 -3.3774 0
      vertex -14.85 -1.29904 0
      vertex -14.4 -2.07836 0
    endloop
  endfacet
  facet normal 0 0 -1
    outer loop
      vertex -16.05 -3.3774 0
      vertex -14.85 -1.29904 0
      vertex -15.15 -3.3774 0
    endloop
  endfacet
  facet normal 0 0 -1
    outer loop
      vertex -16.05 -3.3774 0
      vertex -16.35 -1.29904 0
      vertex -14.85 -1.29904 0
    endloop
  endfacet
  facet normal 0 0 -1
    outer loop
      vertex -16.8 -2.07836 0
      vertex -16.35 -1.29904 0
      vertex -16.05 -3.3774 0
    endloop
  endfacet
  facet normal 0 0 -1
    outer loop
      vertex -16.8 -2.07836 0
      vertex -17.1 0 0
      vertex -16.35 -1.29904 0
    endloop
  endfacet
  facet normal 0 0 -1
    outer loop
      vertex -14.4 4.67644 0
      vertex -17.2613 6.53413 0
      vertex -17.2 7 0
    endloop
  endfacet
  facet normal 0 0 -1
    outer loop
      vertex -16.35 1.29904 0
      vertex -17.4412 6.1 0
      vertex -17.2613 6.53413 0
    endloop
  endfacet
  facet normal 0 0 -1
    outer loop
      vertex -16.35 1.29904 0
      vertex -17.7272 5.72721 0
      vertex -17.4412 6.1 0
    endloop
  endfacet
  facet normal 0 0 -1
    outer loop
      vertex -16.35 1.29904 0
      vertex -18.1 5.44115 0
      vertex -17.7272 5.72721 0
    endloop
  endfacet
  facet normal 0 0 -1
    outer loop
      vertex -18.3 -2.07836 0
      vertex -17.1 0 0
      vertex -16.8 -2.07836 0
    endloop
  endfacet
  facet normal 0 0 -1
    outer loop
      vertex -19.4659 5.26133 0
      vertex -17.1 0 0
      vertex -18.3 -2.07836 0
    endloop
  endfacet
  facet normal 0 0 -1
    outer loop
      vertex -16.35 1.29904 0
      vertex -18.5341 5.26133 0
      vertex -18.1 5.44115 0
    endloop
  endfacet
  facet normal 0 0 -1
    outer loop
      vertex -16.35 1.29904 0
      vertex -19 5.2 0
      vertex -18.5341 5.26133 0
    endloop
  endfacet
  facet normal 0 0 -1
    outer loop
      vertex -19.4659 5.26133 0
      vertex -18.3 -2.07836 0
      vertex -19.05 -3.3774 0
    endloop
  endfacet
  facet normal 0 0 -1
    outer loop
      vertex -17.1 0 0
      vertex -19.4659 5.26133 0
      vertex -19 5.2 0
    endloop
  endfacet
  facet normal -0 0 -1
    outer loop
      vertex 23.8162 11.9893 0
      vertex 16.35 8.05384 0
      vertex 22.2912 14.6307 0
    endloop
  endfacet
  facet normal 0 0 -1
    outer loop
      vertex 15.15 10.1322 0
      vertex 22.2912 14.6307 0
      vertex 16.35 8.05384 0
    endloop
  endfacet
  facet normal -0 0 -1
    outer loop
      vertex 22.2912 14.6307 0
      vertex 15.15 10.1322 0
      vertex 22.1753 14.8171 0
    endloop
  endfacet
  facet normal 0 0 -1
    outer loop
      vertex 14.4 11.4312 0
      vertex 22.1753 14.8171 0
      vertex 15.15 10.1322 0
    endloop
  endfacet
  facet normal -0 0 -1
    outer loop
      vertex 22.1753 14.8171 0
      vertex 14.4 11.4312 0
      vertex 21.1587 16.2357 0
    endloop
  endfacet
  facet normal 0 0 -1
    outer loop
      vertex 16.8 4.67644 0
      vertex 17.1 6.7548 0
      vertex 18.3 4.67644 0
    endloop
  endfacet
  facet normal 0 0 -1
    outer loop
      vertex 16.8 4.67644 0
      vertex 16.35 5.45576 0
      vertex 17.1 6.7548 0
    endloop
  endfacet
  facet normal 0 0 -1
    outer loop
      vertex 16.05 3.3774 0
      vertex 16.35 5.45576 0
      vertex 16.8 4.67644 0
    endloop
  endfacet
  facet normal 0 0 -1
    outer loop
      vertex 15.15 3.3774 0
      vertex 16.35 5.45576 0
      vertex 16.05 3.3774 0
    endloop
  endfacet
  facet normal 0 0 -1
    outer loop
      vertex 15.15 3.3774 0
      vertex 14.85 5.45576 0
      vertex 16.35 5.45576 0
    endloop
  endfacet
  facet normal 0 0 -1
    outer loop
      vertex 14.4 4.67644 0
      vertex 14.85 5.45576 0
      vertex 15.15 3.3774 0
    endloop
  endfacet
  facet normal 0 0 -1
    outer loop
      vertex 14.4 4.67644 0
      vertex 14.1 6.7548 0
      vertex 14.85 5.45576 0
    endloop
  endfacet
  facet normal 0 0 -1
    outer loop
      vertex 14.4 4.67644 0
      vertex 13.2 6.7548 0
      vertex 14.1 6.7548 0
    endloop
  endfacet
  facet normal 0 0 -1
    outer loop
      vertex 12.9 4.67644 0
      vertex 13.2 6.7548 0
      vertex 14.4 4.67644 0
    endloop
  endfacet
  facet normal 0 0 -1
    outer loop
      vertex 12.9 4.67644 0
      vertex 12.45 5.45576 0
      vertex 13.2 6.7548 0
    endloop
  endfacet
  facet normal 0 0 -1
    outer loop
      vertex 12.15 3.3774 0
      vertex 12.45 5.45576 0
      vertex 12.9 4.67644 0
    endloop
  endfacet
  facet normal 0 0 -1
    outer loop
      vertex 11.25 3.3774 0
      vertex 12.45 5.45576 0
      vertex 12.15 3.3774 0
    endloop
  endfacet
  facet normal 0 0 -1
    outer loop
      vertex 11.25 3.3774 0
      vertex 10.95 5.45576 0
      vertex 12.45 5.45576 0
    endloop
  endfacet
  facet normal 0 0 -1
    outer loop
      vertex 10.5 4.67644 0
      vertex 10.95 5.45576 0
      vertex 11.25 3.3774 0
    endloop
  endfacet
  facet normal 0 0 -1
    outer loop
      vertex 10.5 4.67644 0
      vertex 10.2 6.7548 0
      vertex 10.95 5.45576 0
    endloop
  endfacet
  facet normal 0 0 -1
    outer loop
      vertex 10.5 4.67644 0
      vertex 9.3 6.7548 0
      vertex 10.2 6.7548 0
    endloop
  endfacet
  facet normal 0 0 -1
    outer loop
      vertex 9 4.67644 0
      vertex 9.3 6.7548 0
      vertex 10.5 4.67644 0
    endloop
  endfacet
  facet normal 0 0 -1
    outer loop
      vertex 9 4.67644 0
      vertex 8.55 5.45576 0
      vertex 9.3 6.7548 0
    endloop
  endfacet
  facet normal 0 0 -1
    outer loop
      vertex 8.25 3.3774 0
      vertex 8.55 5.45576 0
      vertex 9 4.67644 0
    endloop
  endfacet
  facet normal 0 0 -1
    outer loop
      vertex 7.35 3.3774 0
      vertex 8.55 5.45576 0
      vertex 8.25 3.3774 0
    endloop
  endfacet
  facet normal 0 0 -1
    outer loop
      vertex 7.35 3.3774 0
      vertex 7.05 5.45576 0
      vertex 8.55 5.45576 0
    endloop
  endfacet
  facet normal 0 0 -1
    outer loop
      vertex 6.6 4.67644 0
      vertex 7.05 5.45576 0
      vertex 7.35 3.3774 0
    endloop
  endfacet
  facet normal 0 0 -1
    outer loop
      vertex 6.6 4.67644 0
      vertex 6.3 6.7548 0
      vertex 7.05 5.45576 0
    endloop
  endfacet
  facet normal 0 0 -1
    outer loop
      vertex 6.6 4.67644 0
      vertex 5.4 6.7548 0
      vertex 6.3 6.7548 0
    endloop
  endfacet
  facet normal 0 0 -1
    outer loop
      vertex 5.1 4.67644 0
      vertex 5.4 6.7548 0
      vertex 6.6 4.67644 0
    endloop
  endfacet
  facet normal 0 0 -1
    outer loop
      vertex 5.1 4.67644 0
      vertex 4.65 5.45576 0
      vertex 5.4 6.7548 0
    endloop
  endfacet
  facet normal 0 0 -1
    outer loop
      vertex 4.35 3.3774 0
      vertex 4.65 5.45576 0
      vertex 5.1 4.67644 0
    endloop
  endfacet
  facet normal 0 0 -1
    outer loop
      vertex 3.45 3.3774 0
      vertex 4.65 5.45576 0
      vertex 4.35 3.3774 0
    endloop
  endfacet
  facet normal 0 0 -1
    outer loop
      vertex 3.45 3.3774 0
      vertex 3.15 5.45576 0
      vertex 4.65 5.45576 0
    endloop
  endfacet
  facet normal 0 0 -1
    outer loop
      vertex 2.7 4.67644 0
      vertex 3.15 5.45576 0
      vertex 3.45 3.3774 0
    endloop
  endfacet
  facet normal 0 0 -1
    outer loop
      vertex 2.7 4.67644 0
      vertex 2.4 6.7548 0
      vertex 3.15 5.45576 0
    endloop
  endfacet
  facet normal 0 0 -1
    outer loop
      vertex 2.7 4.67644 0
      vertex 1.5 6.7548 0
      vertex 2.4 6.7548 0
    endloop
  endfacet
  facet normal 0 0 -1
    outer loop
      vertex 1.2 4.67644 0
      vertex 1.5 6.7548 0
      vertex 2.7 4.67644 0
    endloop
  endfacet
  facet normal 0 0 -1
    outer loop
      vertex 1.2 4.67644 0
      vertex 0.75 5.45576 0
      vertex 1.5 6.7548 0
    endloop
  endfacet
  facet normal 0 0 -1
    outer loop
      vertex 0.45 3.3774 0
      vertex 0.75 5.45576 0
      vertex 1.2 4.67644 0
    endloop
  endfacet
  facet normal 0 0 -1
    outer loop
      vertex -0.45 3.3774 0
      vertex 0.75 5.45576 0
      vertex 0.45 3.3774 0
    endloop
  endfacet
  facet normal 0 0 -1
    outer loop
      vertex -0.45 3.3774 0
      vertex -0.75 5.45576 0
      vertex 0.75 5.45576 0
    endloop
  endfacet
  facet normal 0 0 -1
    outer loop
      vertex -1.2 4.67644 0
      vertex -0.75 5.45576 0
      vertex -0.45 3.3774 0
    endloop
  endfacet
  facet normal 0 0 -1
    outer loop
      vertex -1.2 4.67644 0
      vertex -1.5 6.7548 0
      vertex -0.75 5.45576 0
    endloop
  endfacet
  facet normal 0 0 -1
    outer loop
      vertex -1.2 4.67644 0
      vertex -2.4 6.7548 0
      vertex -1.5 6.7548 0
    endloop
  endfacet
  facet normal 0 0 -1
    outer loop
      vertex -2.7 4.67644 0
      vertex -2.4 6.7548 0
      vertex -1.2 4.67644 0
    endloop
  endfacet
  facet normal 0 0 -1
    outer loop
      vertex -2.7 4.67644 0
      vertex -3.15 5.45576 0
      vertex -2.4 6.7548 0
    endloop
  endfacet
  facet normal 0 0 -1
    outer loop
      vertex -3.45 3.3774 0
      vertex -3.15 5.45576 0
      vertex -2.7 4.67644 0
    endloop
  endfacet
  facet normal 0 0 -1
    outer loop
      vertex -4.35 3.3774 0
      vertex -3.15 5.45576 0
      vertex -3.45 3.3774 0
    endloop
  endfacet
  facet normal 0 0 -1
    outer loop
      vertex -4.35 3.3774 0
      vertex -4.65 5.45576 0
      vertex -3.15 5.45576 0
    endloop
  endfacet
  facet normal 0 0 -1
    outer loop
      vertex -5.1 4.67644 0
      vertex -4.65 5.45576 0
      vertex -4.35 3.3774 0
    endloop
  endfacet
  facet normal 0 0 -1
    outer loop
      vertex -5.1 4.67644 0
      vertex -5.4 6.7548 0
      vertex -4.65 5.45576 0
    endloop
  endfacet
  facet normal 0 0 -1
    outer loop
      vertex -5.1 4.67644 0
      vertex -6.3 6.7548 0
      vertex -5.4 6.7548 0
    endloop
  endfacet
  facet normal 0 0 -1
    outer loop
      vertex -6.6 4.67644 0
      vertex -6.3 6.7548 0
      vertex -5.1 4.67644 0
    endloop
  endfacet
  facet normal 0 0 -1
    outer loop
      vertex -6.6 4.67644 0
      vertex -7.05 5.45576 0
      vertex -6.3 6.7548 0
    endloop
  endfacet
  facet normal 0 0 -1
    outer loop
      vertex -7.35 3.3774 0
      vertex -7.05 5.45576 0
      vertex -6.6 4.67644 0
    endloop
  endfacet
  facet normal 0 0 -1
    outer loop
      vertex -8.25 3.3774 0
      vertex -7.05 5.45576 0
      vertex -7.35 3.3774 0
    endloop
  endfacet
  facet normal 0 0 -1
    outer loop
      vertex -8.25 3.3774 0
      vertex -8.55 5.45576 0
      vertex -7.05 5.45576 0
    endloop
  endfacet
  facet normal 0 0 -1
    outer loop
      vertex -9 4.67644 0
      vertex -8.55 5.45576 0
      vertex -8.25 3.3774 0
    endloop
  endfacet
  facet normal 0 0 -1
    outer loop
      vertex -9 4.67644 0
      vertex -9.3 6.7548 0
      vertex -8.55 5.45576 0
    endloop
  endfacet
  facet normal 0 0 -1
    outer loop
      vertex -9 4.67644 0
      vertex -10.2 6.7548 0
      vertex -9.3 6.7548 0
    endloop
  endfacet
  facet normal 0 0 -1
    outer loop
      vertex -10.5 4.67644 0
      vertex -10.2 6.7548 0
      vertex -9 4.67644 0
    endloop
  endfacet
  facet normal 0 0 -1
    outer loop
      vertex -10.5 4.67644 0
      vertex -10.95 5.45576 0
      vertex -10.2 6.7548 0
    endloop
  endfacet
  facet normal 0 0 -1
    outer loop
      vertex -11.25 3.3774 0
      vertex -10.95 5.45576 0
      vertex -10.5 4.67644 0
    endloop
  endfacet
  facet normal 0 0 -1
    outer loop
      vertex -12.15 3.3774 0
      vertex -10.95 5.45576 0
      vertex -11.25 3.3774 0
    endloop
  endfacet
  facet normal 0 0 -1
    outer loop
      vertex -12.15 3.3774 0
      vertex -12.45 5.45576 0
      vertex -10.95 5.45576 0
    endloop
  endfacet
  facet normal 0 0 -1
    outer loop
      vertex -12.9 4.67644 0
      vertex -12.45 5.45576 0
      vertex -12.15 3.3774 0
    endloop
  endfacet
  facet normal 0 0 -1
    outer loop
      vertex -12.9 4.67644 0
      vertex -13.2 6.7548 0
      vertex -12.45 5.45576 0
    endloop
  endfacet
  facet normal 0 0 -1
    outer loop
      vertex -12.45 8.05384 0
      vertex -17.7272 8.27279 0
      vertex -12.45 12.2106 0
    endloop
  endfacet
  facet normal 0 0 -1
    outer loop
      vertex -14.4 4.67644 0
      vertex -13.2 6.7548 0
      vertex -12.9 4.67644 0
    endloop
  endfacet
  facet normal 0 0 -1
    outer loop
      vertex -17.2 7 0
      vertex -13.2 6.7548 0
      vertex -14.4 4.67644 0
    endloop
  endfacet
  facet normal -0 0 -1
    outer loop
      vertex -12.45 12.2106 0
      vertex -17.7272 8.27279 0
      vertex -13.2 13.5096 0
    endloop
  endfacet
  facet normal 0 0 -1
    outer loop
      vertex -17.2613 6.53413 0
      vertex -14.4 4.67644 0
      vertex -15.15 3.3774 0
    endloop
  endfacet
  facet normal 0 0 -1
    outer loop
      vertex -13.2 6.7548 0
      vertex -17.2613 7.46587 0
      vertex -17.4412 7.9 0
    endloop
  endfacet
  facet normal 0 0 -1
    outer loop
      vertex 17.1 0 0
      vertex 16.8 2.07836 0
      vertex 18.3 2.07836 0
    endloop
  endfacet
  facet normal 0 0 -1
    outer loop
      vertex 16.35 1.29904 0
      vertex 16.8 2.07836 0
      vertex 17.1 0 0
    endloop
  endfacet
  facet normal 0 0 -1
    outer loop
      vertex 16.35 1.29904 0
      vertex 16.05 3.3774 0
      vertex 16.8 2.07836 0
    endloop
  endfacet
  facet normal 0 0 -1
    outer loop
      vertex 16.35 1.29904 0
      vertex 15.15 3.3774 0
      vertex 16.05 3.3774 0
    endloop
  endfacet
  facet normal 0 0 -1
    outer loop
      vertex 14.85 1.29904 0
      vertex 15.15 3.3774 0
      vertex 16.35 1.29904 0
    endloop
  endfacet
  facet normal 0 0 -1
    outer loop
      vertex 14.85 1.29904 0
      vertex 14.4 2.07836 0
      vertex 15.15 3.3774 0
    endloop
  endfacet
  facet normal 0 0 -1
    outer loop
      vertex 14.1 0 0
      vertex 14.4 2.07836 0
      vertex 14.85 1.29904 0
    endloop
  endfacet
  facet normal 0 0 -1
    outer loop
      vertex 13.2 0 0
      vertex 14.4 2.07836 0
      vertex 14.1 0 0
    endloop
  endfacet
  facet normal 0 0 -1
    outer loop
      vertex 13.2 0 0
      vertex 12.9 2.07836 0
      vertex 14.4 2.07836 0
    endloop
  endfacet
  facet normal 0 0 -1
    outer loop
      vertex 12.45 1.29904 0
      vertex 12.9 2.07836 0
      vertex 13.2 0 0
    endloop
  endfacet
  facet normal 0 0 -1
    outer loop
      vertex 12.45 1.29904 0
      vertex 12.15 3.3774 0
      vertex 12.9 2.07836 0
    endloop
  endfacet
  facet normal 0 0 -1
    outer loop
      vertex 12.45 1.29904 0
      vertex 11.25 3.3774 0
      vertex 12.15 3.3774 0
    endloop
  endfacet
  facet normal 0 0 -1
    outer loop
      vertex 10.95 1.29904 0
      vertex 11.25 3.3774 0
      vertex 12.45 1.29904 0
    endloop
  endfacet
  facet normal 0 0 -1
    outer loop
      vertex 10.95 1.29904 0
      vertex 10.5 2.07836 0
      vertex 11.25 3.3774 0
    endloop
  endfacet
  facet normal 0 0 -1
    outer loop
      vertex 10.2 0 0
      vertex 10.5 2.07836 0
      vertex 10.95 1.29904 0
    endloop
  endfacet
  facet normal 0 0 -1
    outer loop
      vertex 9.3 0 0
      vertex 10.5 2.07836 0
      vertex 10.2 0 0
    endloop
  endfacet
  facet normal 0 0 -1
    outer loop
      vertex 9.3 0 0
      vertex 9 2.07836 0
      vertex 10.5 2.07836 0
    endloop
  endfacet
  facet normal 0 0 -1
    outer loop
      vertex 8.55 1.29904 0
      vertex 9 2.07836 0
      vertex 9.3 0 0
    endloop
  endfacet
  facet normal 0 0 -1
    outer loop
      vertex 8.55 1.29904 0
      vertex 8.25 3.3774 0
      vertex 9 2.07836 0
    endloop
  endfacet
  facet normal 0 0 -1
    outer loop
      vertex 8.55 1.29904 0
      vertex 7.35 3.3774 0
      vertex 8.25 3.3774 0
    endloop
  endfacet
  facet normal 0 0 -1
    outer loop
      vertex 7.05 1.29904 0
      vertex 7.35 3.3774 0
      vertex 8.55 1.29904 0
    endloop
  endfacet
  facet normal 0 0 -1
    outer loop
      vertex 7.05 1.29904 0
      vertex 6.6 2.07836 0
      vertex 7.35 3.3774 0
    endloop
  endfacet
  facet normal 0 0 -1
    outer loop
      vertex 6.3 0 0
      vertex 6.6 2.07836 0
      vertex 7.05 1.29904 0
    endloop
  endfacet
  facet normal 0 0 -1
    outer loop
      vertex 5.4 0 0
      vertex 6.6 2.07836 0
      vertex 6.3 0 0
    endloop
  endfacet
  facet normal 0 0 -1
    outer loop
      vertex 5.4 0 0
      vertex 5.1 2.07836 0
      vertex 6.6 2.07836 0
    endloop
  endfacet
  facet normal 0 0 -1
    outer loop
      vertex 4.65 1.29904 0
      vertex 5.1 2.07836 0
      vertex 5.4 0 0
    endloop
  endfacet
  facet normal 0 0 -1
    outer loop
      vertex 4.65 1.29904 0
      vertex 4.35 3.3774 0
      vertex 5.1 2.07836 0
    endloop
  endfacet
  facet normal 0 0 -1
    outer loop
      vertex 4.65 1.29904 0
      vertex 3.45 3.3774 0
      vertex 4.35 3.3774 0
    endloop
  endfacet
  facet normal 0 0 -1
    outer loop
      vertex 3.15 1.29904 0
      vertex 3.45 3.3774 0
      vertex 4.65 1.29904 0
    endloop
  endfacet
  facet normal 0 0 -1
    outer loop
      vertex 3.15 1.29904 0
      vertex 2.7 2.07836 0
      vertex 3.45 3.3774 0
    endloop
  endfacet
  facet normal 0 0 -1
    outer loop
      vertex 2.4 0 0
      vertex 2.7 2.07836 0
      vertex 3.15 1.29904 0
    endloop
  endfacet
  facet normal 0 0 -1
    outer loop
      vertex 1.5 0 0
      vertex 2.7 2.07836 0
      vertex 2.4 0 0
    endloop
  endfacet
  facet normal 0 0 -1
    outer loop
      vertex 1.5 0 0
      vertex 1.2 2.07836 0
      vertex 2.7 2.07836 0
    endloop
  endfacet
  facet normal 0 0 -1
    outer loop
      vertex 0.75 1.29904 0
      vertex 1.2 2.07836 0
      vertex 1.5 0 0
    endloop
  endfacet
  facet normal 0 0 -1
    outer loop
      vertex 0.75 1.29904 0
      vertex 0.45 3.3774 0
      vertex 1.2 2.07836 0
    endloop
  endfacet
  facet normal 0 0 -1
    outer loop
      vertex 0.75 1.29904 0
      vertex -0.45 3.3774 0
      vertex 0.45 3.3774 0
    endloop
  endfacet
  facet normal 0 0 -1
    outer loop
      vertex -0.75 1.29904 0
      vertex -0.45 3.3774 0
      vertex 0.75 1.29904 0
    endloop
  endfacet
  facet normal 0 0 -1
    outer loop
      vertex -0.75 1.29904 0
      vertex -1.2 2.07836 0
      vertex -0.45 3.3774 0
    endloop
  endfacet
  facet normal 0 0 -1
    outer loop
      vertex -1.5 0 0
      vertex -1.2 2.07836 0
      vertex -0.75 1.29904 0
    endloop
  endfacet
  facet normal 0 0 -1
    outer loop
      vertex -2.4 0 0
      vertex -1.2 2.07836 0
      vertex -1.5 0 0
    endloop
  endfacet
  facet normal 0 0 -1
    outer loop
      vertex -2.4 0 0
      vertex -2.7 2.07836 0
      vertex -1.2 2.07836 0
    endloop
  endfacet
  facet normal 0 0 -1
    outer loop
      vertex -3.15 1.29904 0
      vertex -2.7 2.07836 0
      vertex -2.4 0 0
    endloop
  endfacet
  facet normal 0 0 -1
    outer loop
      vertex -3.15 1.29904 0
      vertex -3.45 3.3774 0
      vertex -2.7 2.07836 0
    endloop
  endfacet
  facet normal 0 0 -1
    outer loop
      vertex -3.15 1.29904 0
      vertex -4.35 3.3774 0
      vertex -3.45 3.3774 0
    endloop
  endfacet
  facet normal 0 0 -1
    outer loop
      vertex -4.65 1.29904 0
      vertex -4.35 3.3774 0
      vertex -3.15 1.29904 0
    endloop
  endfacet
  facet normal 0 0 -1
    outer loop
      vertex -4.65 1.29904 0
      vertex -5.1 2.07836 0
      vertex -4.35 3.3774 0
    endloop
  endfacet
  facet normal 0 0 -1
    outer loop
      vertex -5.4 0 0
      vertex -5.1 2.07836 0
      vertex -4.65 1.29904 0
    endloop
  endfacet
  facet normal 0 0 -1
    outer loop
      vertex -6.3 0 0
      vertex -5.1 2.07836 0
      vertex -5.4 0 0
    endloop
  endfacet
  facet normal 0 0 -1
    outer loop
      vertex -6.3 0 0
      vertex -6.6 2.07836 0
      vertex -5.1 2.07836 0
    endloop
  endfacet
  facet normal 0 0 -1
    outer loop
      vertex -7.05 1.29904 0
      vertex -6.6 2.07836 0
      vertex -6.3 0 0
    endloop
  endfacet
  facet normal 0 0 -1
    outer loop
      vertex -7.05 1.29904 0
      vertex -7.35 3.3774 0
      vertex -6.6 2.07836 0
    endloop
  endfacet
  facet normal 0 0 -1
    outer loop
      vertex -7.05 1.29904 0
      vertex -8.25 3.3774 0
      vertex -7.35 3.3774 0
    endloop
  endfacet
  facet normal 0 0 -1
    outer loop
      vertex -8.55 1.29904 0
      vertex -8.25 3.3774 0
      vertex -7.05 1.29904 0
    endloop
  endfacet
  facet normal 0 0 -1
    outer loop
      vertex -8.55 1.29904 0
      vertex -9 2.07836 0
      vertex -8.25 3.3774 0
    endloop
  endfacet
  facet normal 0 0 -1
    outer loop
      vertex -9.3 0 0
      vertex -9 2.07836 0
      vertex -8.55 1.29904 0
    endloop
  endfacet
  facet normal 0 0 -1
    outer loop
      vertex -10.2 0 0
      vertex -9 2.07836 0
      vertex -9.3 0 0
    endloop
  endfacet
  facet normal 0 0 -1
    outer loop
      vertex -10.2 0 0
      vertex -10.5 2.07836 0
      vertex -9 2.07836 0
    endloop
  endfacet
  facet normal 0 0 -1
    outer loop
      vertex -10.95 1.29904 0
      vertex -10.5 2.07836 0
      vertex -10.2 0 0
    endloop
  endfacet
  facet normal 0 0 -1
    outer loop
      vertex -10.95 1.29904 0
      vertex -11.25 3.3774 0
      vertex -10.5 2.07836 0
    endloop
  endfacet
  facet normal 0 0 -1
    outer loop
      vertex -10.95 1.29904 0
      vertex -12.15 3.3774 0
      vertex -11.25 3.3774 0
    endloop
  endfacet
  facet normal 0 0 -1
    outer loop
      vertex -12.45 1.29904 0
      vertex -12.15 3.3774 0
      vertex -10.95 1.29904 0
    endloop
  endfacet
  facet normal 0 0 -1
    outer loop
      vertex -12.45 1.29904 0
      vertex -12.9 2.07836 0
      vertex -12.15 3.3774 0
    endloop
  endfacet
  facet normal 0 0 -1
    outer loop
      vertex -13.2 0 0
      vertex -12.9 2.07836 0
      vertex -12.45 1.29904 0
    endloop
  endfacet
  facet normal 0 0 -1
    outer loop
      vertex -14.1 0 0
      vertex -12.9 2.07836 0
      vertex -13.2 0 0
    endloop
  endfacet
  facet normal 0 0 -1
    outer loop
      vertex -14.1 0 0
      vertex -14.4 2.07836 0
      vertex -12.9 2.07836 0
    endloop
  endfacet
  facet normal 0 0 -1
    outer loop
      vertex -14.85 1.29904 0
      vertex -14.4 2.07836 0
      vertex -14.1 0 0
    endloop
  endfacet
  facet normal 0 0 -1
    outer loop
      vertex -14.85 1.29904 0
      vertex -15.15 3.3774 0
      vertex -14.4 2.07836 0
    endloop
  endfacet
  facet normal 0 0 -1
    outer loop
      vertex -16.35 1.29904 0
      vertex -15.15 3.3774 0
      vertex -14.85 1.29904 0
    endloop
  endfacet
  facet normal 0 0 -1
    outer loop
      vertex -17.2613 6.53413 0
      vertex -15.15 3.3774 0
      vertex -16.35 1.29904 0
    endloop
  endfacet
  facet normal 0 0 -1
    outer loop
      vertex -19 5.2 0
      vertex -16.35 1.29904 0
      vertex -17.1 0 0
    endloop
  endfacet
  facet normal 0 0 -1
    outer loop
      vertex -13.2 6.7548 0
      vertex -17.2 7 0
      vertex -17.2613 7.46587 0
    endloop
  endfacet
  facet normal 0 0 -1
    outer loop
      vertex -13.2 13.5096 0
      vertex -14.8171 22.1753 0
      vertex -13.335 23.0969 0
    endloop
  endfacet
  facet normal 0 0 -1
    outer loop
      vertex -13.2 13.5096 0
      vertex -16.2357 21.1587 0
      vertex -14.8171 22.1753 0
    endloop
  endfacet
  facet normal 0 0 -1
    outer loop
      vertex -18.1 8.55885 0
      vertex -13.2 13.5096 0
      vertex -17.7272 8.27279 0
    endloop
  endfacet
  facet normal 0 0 -1
    outer loop
      vertex -13.2 13.5096 0
      vertex -17.5848 20.0516 0
      vertex -16.2357 21.1587 0
    endloop
  endfacet
  facet normal 0 0 -1
    outer loop
      vertex -18.5341 8.73867 0
      vertex -13.2 13.5096 0
      vertex -18.1 8.55885 0
    endloop
  endfacet
  facet normal 0 0 -1
    outer loop
      vertex -21.1587 16.2357 0
      vertex -13.2 13.5096 0
      vertex -18.5341 8.73867 0
    endloop
  endfacet
  facet normal 0 0 -1
    outer loop
      vertex -13.2 13.5096 0
      vertex -18.8585 18.8585 0
      vertex -17.5848 20.0516 0
    endloop
  endfacet
  facet normal 0 0 -1
    outer loop
      vertex -21.1587 16.2357 0
      vertex -18.5341 8.73867 0
      vertex -19 8.8 0
    endloop
  endfacet
  facet normal 0 0 -1
    outer loop
      vertex -22.2912 14.6307 0
      vertex -19 8.8 0
      vertex -19.4659 8.73867 0
    endloop
  endfacet
  facet normal 0 0 -1
    outer loop
      vertex -23.8162 11.9893 0
      vertex -19.4659 8.73867 0
      vertex -19.9 8.55885 0
    endloop
  endfacet
  facet normal 0 0 -1
    outer loop
      vertex -13.2 13.5096 0
      vertex -20.0516 17.5848 0
      vertex -18.8585 18.8585 0
    endloop
  endfacet
  facet normal 0 0 -1
    outer loop
      vertex -23.8162 11.9893 0
      vertex -19.9 8.55885 0
      vertex -20.2728 8.27279 0
    endloop
  endfacet
  facet normal 0 0 -1
    outer loop
      vertex -23.8162 11.9893 0
      vertex -20.2728 8.27279 0
      vertex -20.5588 7.9 0
    endloop
  endfacet
  facet normal 0 0 -1
    outer loop
      vertex -23.8162 11.9893 0
      vertex -20.5588 7.9 0
      vertex -20.7387 7.46587 0
    endloop
  endfacet
  facet normal 0 0 -1
    outer loop
      vertex -23.8162 11.9893 0
      vertex -20.7387 7.46587 0
      vertex -20.8 7 0
    endloop
  endfacet
  facet normal 0 0 -1
    outer loop
      vertex -13.2 13.5096 0
      vertex -21.1587 16.2357 0
      vertex -20.0516 17.5848 0
    endloop
  endfacet
  facet normal 0 0 -1
    outer loop
      vertex -26.1575 -5.20306 0
      vertex -19.05 -3.3774 0
      vertex -25.7612 -6.9027 0
    endloop
  endfacet
  facet normal 0 0 -1
    outer loop
      vertex -26.4418 -3.48113 0
      vertex -19.05 -3.3774 0
      vertex -26.1575 -5.20306 0
    endloop
  endfacet
  facet normal 0 0 -1
    outer loop
      vertex -19 8.8 0
      vertex -22.2912 14.6307 0
      vertex -22.1753 14.8171 0
    endloop
  endfacet
  facet normal 0 0 -1
    outer loop
      vertex -19 8.8 0
      vertex -22.1753 14.8171 0
      vertex -21.1587 16.2357 0
    endloop
  endfacet
  facet normal 0 0 -1
    outer loop
      vertex -26.6129 -1.7443 0
      vertex -19.05 -3.3774 0
      vertex -26.4418 -3.48113 0
    endloop
  endfacet
  facet normal 0 0 -1
    outer loop
      vertex -19.4659 8.73867 0
      vertex -23.8162 11.9893 0
      vertex -22.2912 14.6307 0
    endloop
  endfacet
  facet normal 0 0 -1
    outer loop
      vertex -27.479 15.865 0
      vertex -22.2912 14.6307 0
      vertex -23.8162 11.9893 0
    endloop
  endfacet
  facet normal 0 0 -1
    outer loop
      vertex -27.1391 17.1384 0
      vertex -26.6415 17.1424 0
      vertex -27.1387 17.135 0
    endloop
  endfacet
  facet normal -0 0 -1
    outer loop
      vertex -26.6352 17.3345 0
      vertex -27.1391 17.1384 0
      vertex -27.2252 17.7924 0
    endloop
  endfacet
  facet normal 0 0 -1
    outer loop
      vertex -22.2912 14.6307 0
      vertex -27.479 15.865 0
      vertex -26.6415 17.1424 0
    endloop
  endfacet
  facet normal 0 0 -1
    outer loop
      vertex -26.6415 17.1424 0
      vertex -27.1391 17.1316 0
      vertex -27.1387 17.135 0
    endloop
  endfacet
  facet normal 0 0 -1
    outer loop
      vertex -26.6415 17.1424 0
      vertex -27.2252 16.4776 0
      vertex -27.1391 17.1316 0
    endloop
  endfacet
  facet normal 0 0 -1
    outer loop
      vertex -26.6415 17.1424 0
      vertex -27.2266 16.4744 0
      vertex -27.2252 16.4776 0
    endloop
  endfacet
  facet normal 0 0 -1
    outer loop
      vertex -26.6415 17.1424 0
      vertex -27.479 15.865 0
      vertex -27.2266 16.4744 0
    endloop
  endfacet
  facet normal 0 0 -1
    outer loop
      vertex -28.1665 14.501 0
      vertex -27.479 15.865 0
      vertex -23.8162 11.9893 0
    endloop
  endfacet
  facet normal 0 0 -1
    outer loop
      vertex -27.479 15.865 0
      vertex -28.1665 14.501 0
      vertex -27.8805 15.3417 0
    endloop
  endfacet
  facet normal 0 0 -1
    outer loop
      vertex -27.8805 15.3417 0
      vertex -28.1665 14.501 0
      vertex -27.8826 15.3389 0
    endloop
  endfacet
  facet normal 0 0 -1
    outer loop
      vertex -28.4119 14.934 0
      vertex -28.1665 14.501 0
      vertex -28.3297 14.3995 0
    endloop
  endfacet
  facet normal 0 0 -1
    outer loop
      vertex -28.1665 14.501 0
      vertex -28.406 14.9374 0
      vertex -27.8826 15.3389 0
    endloop
  endfacet
  facet normal 0 0 -1
    outer loop
      vertex -28.1665 14.501 0
      vertex -28.4087 14.9353 0
      vertex -28.406 14.9374 0
    endloop
  endfacet
  facet normal 0 0 -1
    outer loop
      vertex -28.1665 14.501 0
      vertex -28.4119 14.934 0
      vertex -28.4087 14.9353 0
    endloop
  endfacet
  facet normal 0 0 -1
    outer loop
      vertex -29.0213 14.6815 0
      vertex -28.3297 14.3995 0
      vertex -28.8893 14.1889 0
    endloop
  endfacet
  facet normal 0 0 -1
    outer loop
      vertex -28.3297 14.3995 0
      vertex -29.0213 14.6815 0
      vertex -28.4119 14.934 0
    endloop
  endfacet
  facet normal 0 0 -1
    outer loop
      vertex -29.4792 14.0915 0
      vertex -29.0213 14.6815 0
      vertex -28.8893 14.1889 0
    endloop
  endfacet
  facet normal 0 0 -1
    outer loop
      vertex -29.4792 14.0915 0
      vertex -29.6753 14.5954 0
      vertex -29.0213 14.6815 0
    endloop
  endfacet
  facet normal 0 0 -1
    outer loop
      vertex -29.4792 14.0915 0
      vertex -29.6787 14.595 0
      vertex -29.6753 14.5954 0
    endloop
  endfacet
  facet normal 0 0 -1
    outer loop
      vertex -29.4792 14.0915 0
      vertex -29.6821 14.5954 0
      vertex -29.6787 14.595 0
    endloop
  endfacet
  facet normal 0 0 -1
    outer loop
      vertex -30.0768 14.1111 0
      vertex -29.6821 14.5954 0
      vertex -29.4792 14.0915 0
    endloop
  endfacet
  facet normal 0 0 -1
    outer loop
      vertex -30.0768 14.1111 0
      vertex -30.3361 14.6815 0
      vertex -29.6821 14.5954 0
    endloop
  endfacet
  facet normal 0 0 -1
    outer loop
      vertex -30.6591 14.2469 0
      vertex -30.3361 14.6815 0
      vertex -30.0768 14.1111 0
    endloop
  endfacet
  facet normal -0 0 -1
    outer loop
      vertex -30.3361 14.6815 0
      vertex -30.6591 14.2469 0
      vertex -30.3393 14.6829 0
    endloop
  endfacet
  facet normal 0 0 -1
    outer loop
      vertex -30.6591 14.2469 0
      vertex -30.9487 14.9353 0
      vertex -30.3393 14.6829 0
    endloop
  endfacet
  facet normal 0 0 -1
    outer loop
      vertex -31.2037 14.4936 0
      vertex -30.9487 14.9353 0
      vertex -30.6591 14.2469 0
    endloop
  endfacet
  facet normal 0 0 -1
    outer loop
      vertex -31.6897 14.8419 0
      vertex -30.9487 14.9353 0
      vertex -31.2037 14.4936 0
    endloop
  endfacet
  facet normal -0 0 -1
    outer loop
      vertex -30.9487 14.9353 0
      vertex -31.6897 14.8419 0
      vertex -31.472 15.3369 0
    endloop
  endfacet
  facet normal -0 0 -1
    outer loop
      vertex -31.472 15.3369 0
      vertex -31.6897 14.8419 0
      vertex -31.4747 15.3389 0
    endloop
  endfacet
  facet normal 0 0 -1
    outer loop
      vertex -32.0984 15.2783 0
      vertex -31.4747 15.3389 0
      vertex -31.6897 14.8419 0
    endloop
  endfacet
  facet normal -0 0 -1
    outer loop
      vertex -31.4747 15.3389 0
      vertex -32.0984 15.2783 0
      vertex -31.8763 15.8623 0
    endloop
  endfacet
  facet normal 0 0 -1
    outer loop
      vertex -32.4142 15.786 0
      vertex -31.8763 15.8623 0
      vertex -32.0984 15.2783 0
    endloop
  endfacet
  facet normal -0 0 -1
    outer loop
      vertex -31.8763 15.8623 0
      vertex -32.4142 15.786 0
      vertex -31.8784 15.865 0
    endloop
  endfacet
  facet normal -0 0 -1
    outer loop
      vertex -31.8784 15.865 0
      vertex -32.4142 15.786 0
      vertex -31.8797 15.8682 0
    endloop
  endfacet
  facet normal -0 0 -1
    outer loop
      vertex -31.8797 15.8682 0
      vertex -32.4142 15.786 0
      vertex -32.1321 16.4776 0
    endloop
  endfacet
  facet normal 0 0 -1
    outer loop
      vertex -32.6248 16.3456 0
      vertex -32.1321 16.4776 0
      vertex -32.4142 15.786 0
    endloop
  endfacet
  facet normal 0 0 -1
    outer loop
      vertex -32.7222 16.9355 0
      vertex -32.1321 16.4776 0
      vertex -32.6248 16.3456 0
    endloop
  endfacet
  facet normal 0 0 -1
    outer loop
      vertex -32.1321 16.4776 0
      vertex -32.7222 16.9355 0
      vertex -32.2182 17.1316 0
    endloop
  endfacet
  facet normal -0 0 -1
    outer loop
      vertex -31.8784 18.405 0
      vertex -32.5668 18.1154 0
      vertex -32.3201 18.66 0
    endloop
  endfacet
  facet normal -0 0 -1
    outer loop
      vertex -32.2182 17.1316 0
      vertex -32.7222 16.9355 0
      vertex -32.2187 17.135 0
    endloop
  endfacet
  facet normal -0 0 -1
    outer loop
      vertex -32.1321 17.7924 0
      vertex -32.7026 17.5331 0
      vertex -32.5668 18.1154 0
    endloop
  endfacet
  facet normal -0 0 -1
    outer loop
      vertex -32.2182 17.1384 0
      vertex -32.7222 16.9355 0
      vertex -32.7026 17.5331 0
    endloop
  endfacet
  facet normal -0 0 -1
    outer loop
      vertex 21.1587 16.2357 0
      vertex 14.4 11.4312 0
      vertex 20.0516 17.5848 0
    endloop
  endfacet
  facet normal 0 0 -1
    outer loop
      vertex 13.2 13.5096 0
      vertex 20.0516 17.5848 0
      vertex 14.4 11.4312 0
    endloop
  endfacet
  facet normal -0 0 -1
    outer loop
      vertex 20.0516 17.5848 0
      vertex 13.2 13.5096 0
      vertex 18.8585 18.8585 0
    endloop
  endfacet
  facet normal 0 0 -1
    outer loop
      vertex 14.85 8.05384 0
      vertex 15.15 10.1322 0
      vertex 16.35 8.05384 0
    endloop
  endfacet
  facet normal 0 0 -1
    outer loop
      vertex 14.85 8.05384 0
      vertex 14.4 8.83316 0
      vertex 15.15 10.1322 0
    endloop
  endfacet
  facet normal 0 0 -1
    outer loop
      vertex 14.1 6.7548 0
      vertex 14.4 8.83316 0
      vertex 14.85 8.05384 0
    endloop
  endfacet
  facet normal 0 0 -1
    outer loop
      vertex 13.2 6.7548 0
      vertex 14.4 8.83316 0
      vertex 14.1 6.7548 0
    endloop
  endfacet
  facet normal 0 0 -1
    outer loop
      vertex 13.2 6.7548 0
      vertex 12.9 8.83316 0
      vertex 14.4 8.83316 0
    endloop
  endfacet
  facet normal 0 0 -1
    outer loop
      vertex 12.45 8.05384 0
      vertex 12.9 8.83316 0
      vertex 13.2 6.7548 0
    endloop
  endfacet
  facet normal 0 0 -1
    outer loop
      vertex 12.45 8.05384 0
      vertex 12.15 10.1322 0
      vertex 12.9 8.83316 0
    endloop
  endfacet
  facet normal 0 0 -1
    outer loop
      vertex 12.45 8.05384 0
      vertex 11.25 10.1322 0
      vertex 12.15 10.1322 0
    endloop
  endfacet
  facet normal 0 0 -1
    outer loop
      vertex 10.95 8.05384 0
      vertex 11.25 10.1322 0
      vertex 12.45 8.05384 0
    endloop
  endfacet
  facet normal 0 0 -1
    outer loop
      vertex 10.95 8.05384 0
      vertex 10.5 8.83316 0
      vertex 11.25 10.1322 0
    endloop
  endfacet
  facet normal 0 0 -1
    outer loop
      vertex 10.2 6.7548 0
      vertex 10.5 8.83316 0
      vertex 10.95 8.05384 0
    endloop
  endfacet
  facet normal 0 0 -1
    outer loop
      vertex 9.3 6.7548 0
      vertex 10.5 8.83316 0
      vertex 10.2 6.7548 0
    endloop
  endfacet
  facet normal 0 0 -1
    outer loop
      vertex 9.3 6.7548 0
      vertex 9 8.83316 0
      vertex 10.5 8.83316 0
    endloop
  endfacet
  facet normal 0 0 -1
    outer loop
      vertex 8.55 8.05384 0
      vertex 9 8.83316 0
      vertex 9.3 6.7548 0
    endloop
  endfacet
  facet normal 0 0 -1
    outer loop
      vertex 8.55 8.05384 0
      vertex 8.25 10.1322 0
      vertex 9 8.83316 0
    endloop
  endfacet
  facet normal 0 0 -1
    outer loop
      vertex 8.55 8.05384 0
      vertex 7.35 10.1322 0
      vertex 8.25 10.1322 0
    endloop
  endfacet
  facet normal 0 0 -1
    outer loop
      vertex 7.05 8.05384 0
      vertex 7.35 10.1322 0
      vertex 8.55 8.05384 0
    endloop
  endfacet
  facet normal 0 0 -1
    outer loop
      vertex 7.05 8.05384 0
      vertex 6.6 8.83316 0
      vertex 7.35 10.1322 0
    endloop
  endfacet
  facet normal 0 0 -1
    outer loop
      vertex 6.3 6.7548 0
      vertex 6.6 8.83316 0
      vertex 7.05 8.05384 0
    endloop
  endfacet
  facet normal 0 0 -1
    outer loop
      vertex 5.4 6.7548 0
      vertex 6.6 8.83316 0
      vertex 6.3 6.7548 0
    endloop
  endfacet
  facet normal 0 0 -1
    outer loop
      vertex 5.4 6.7548 0
      vertex 5.1 8.83316 0
      vertex 6.6 8.83316 0
    endloop
  endfacet
  facet normal 0 0 -1
    outer loop
      vertex 4.65 8.05384 0
      vertex 5.1 8.83316 0
      vertex 5.4 6.7548 0
    endloop
  endfacet
  facet normal 0 0 -1
    outer loop
      vertex 4.65 8.05384 0
      vertex 4.35 10.1322 0
      vertex 5.1 8.83316 0
    endloop
  endfacet
  facet normal 0 0 -1
    outer loop
      vertex 4.65 8.05384 0
      vertex 3.45 10.1322 0
      vertex 4.35 10.1322 0
    endloop
  endfacet
  facet normal 0 0 -1
    outer loop
      vertex 3.15 8.05384 0
      vertex 3.45 10.1322 0
      vertex 4.65 8.05384 0
    endloop
  endfacet
  facet normal 0 0 -1
    outer loop
      vertex 3.15 8.05384 0
      vertex 2.7 8.83316 0
      vertex 3.45 10.1322 0
    endloop
  endfacet
  facet normal 0 0 -1
    outer loop
      vertex 2.4 6.7548 0
      vertex 2.7 8.83316 0
      vertex 3.15 8.05384 0
    endloop
  endfacet
  facet normal 0 0 -1
    outer loop
      vertex 1.5 6.7548 0
      vertex 2.7 8.83316 0
      vertex 2.4 6.7548 0
    endloop
  endfacet
  facet normal 0 0 -1
    outer loop
      vertex 1.5 6.7548 0
      vertex 1.2 8.83316 0
      vertex 2.7 8.83316 0
    endloop
  endfacet
  facet normal 0 0 -1
    outer loop
      vertex 0.75 8.05384 0
      vertex 1.2 8.83316 0
      vertex 1.5 6.7548 0
    endloop
  endfacet
  facet normal 0 0 -1
    outer loop
      vertex 0.75 8.05384 0
      vertex 0.45 10.1322 0
      vertex 1.2 8.83316 0
    endloop
  endfacet
  facet normal 0 0 -1
    outer loop
      vertex 0.75 8.05384 0
      vertex -0.45 10.1322 0
      vertex 0.45 10.1322 0
    endloop
  endfacet
  facet normal 0 0 -1
    outer loop
      vertex -0.75 8.05384 0
      vertex -0.45 10.1322 0
      vertex 0.75 8.05384 0
    endloop
  endfacet
  facet normal 0 0 -1
    outer loop
      vertex -0.75 8.05384 0
      vertex -1.2 8.83316 0
      vertex -0.45 10.1322 0
    endloop
  endfacet
  facet normal 0 0 -1
    outer loop
      vertex -1.5 6.7548 0
      vertex -1.2 8.83316 0
      vertex -0.75 8.05384 0
    endloop
  endfacet
  facet normal 0 0 -1
    outer loop
      vertex -2.4 6.7548 0
      vertex -1.2 8.83316 0
      vertex -1.5 6.7548 0
    endloop
  endfacet
  facet normal 0 0 -1
    outer loop
      vertex -2.4 6.7548 0
      vertex -2.7 8.83316 0
      vertex -1.2 8.83316 0
    endloop
  endfacet
  facet normal 0 0 -1
    outer loop
      vertex -3.15 8.05384 0
      vertex -2.7 8.83316 0
      vertex -2.4 6.7548 0
    endloop
  endfacet
  facet normal 0 0 -1
    outer loop
      vertex -3.15 8.05384 0
      vertex -3.45 10.1322 0
      vertex -2.7 8.83316 0
    endloop
  endfacet
  facet normal 0 0 -1
    outer loop
      vertex -3.15 8.05384 0
      vertex -4.35 10.1322 0
      vertex -3.45 10.1322 0
    endloop
  endfacet
  facet normal 0 0 -1
    outer loop
      vertex -4.65 8.05384 0
      vertex -4.35 10.1322 0
      vertex -3.15 8.05384 0
    endloop
  endfacet
  facet normal 0 0 -1
    outer loop
      vertex -4.65 8.05384 0
      vertex -5.1 8.83316 0
      vertex -4.35 10.1322 0
    endloop
  endfacet
  facet normal 0 0 -1
    outer loop
      vertex -5.4 6.7548 0
      vertex -5.1 8.83316 0
      vertex -4.65 8.05384 0
    endloop
  endfacet
  facet normal 0 0 -1
    outer loop
      vertex -6.3 6.7548 0
      vertex -5.1 8.83316 0
      vertex -5.4 6.7548 0
    endloop
  endfacet
  facet normal 0 0 -1
    outer loop
      vertex -6.3 6.7548 0
      vertex -6.6 8.83316 0
      vertex -5.1 8.83316 0
    endloop
  endfacet
  facet normal 0 0 -1
    outer loop
      vertex -7.05 8.05384 0
      vertex -6.6 8.83316 0
      vertex -6.3 6.7548 0
    endloop
  endfacet
  facet normal 0 0 -1
    outer loop
      vertex -7.05 8.05384 0
      vertex -7.35 10.1322 0
      vertex -6.6 8.83316 0
    endloop
  endfacet
  facet normal 0 0 -1
    outer loop
      vertex -7.05 8.05384 0
      vertex -8.25 10.1322 0
      vertex -7.35 10.1322 0
    endloop
  endfacet
  facet normal 0 0 -1
    outer loop
      vertex -8.55 8.05384 0
      vertex -8.25 10.1322 0
      vertex -7.05 8.05384 0
    endloop
  endfacet
  facet normal 0 0 -1
    outer loop
      vertex -8.55 8.05384 0
      vertex -9 8.83316 0
      vertex -8.25 10.1322 0
    endloop
  endfacet
  facet normal 0 0 -1
    outer loop
      vertex -9.3 6.7548 0
      vertex -9 8.83316 0
      vertex -8.55 8.05384 0
    endloop
  endfacet
  facet normal 0 0 -1
    outer loop
      vertex -10.2 6.7548 0
      vertex -9 8.83316 0
      vertex -9.3 6.7548 0
    endloop
  endfacet
  facet normal 0 0 -1
    outer loop
      vertex -10.2 6.7548 0
      vertex -10.5 8.83316 0
      vertex -9 8.83316 0
    endloop
  endfacet
  facet normal 0 0 -1
    outer loop
      vertex -10.95 8.05384 0
      vertex -10.5 8.83316 0
      vertex -10.2 6.7548 0
    endloop
  endfacet
  facet normal 0 0 -1
    outer loop
      vertex -10.95 8.05384 0
      vertex -11.25 10.1322 0
      vertex -10.5 8.83316 0
    endloop
  endfacet
  facet normal 0 -0 -1
    outer loop
      vertex -11.25 10.1322 0
      vertex -10.95 8.05384 0
      vertex -12.45 8.05384 0
    endloop
  endfacet
  facet normal 0 0 -1
    outer loop
      vertex 12.45 14.8086 0
      vertex 18.8585 18.8585 0
      vertex 13.2 13.5096 0
    endloop
  endfacet
  facet normal -0 0 -1
    outer loop
      vertex 18.8585 18.8585 0
      vertex 12.45 14.8086 0
      vertex 17.5848 20.0516 0
    endloop
  endfacet
  facet normal 0 0 -1
    outer loop
      vertex 11.25 16.887 0
      vertex 17.5848 20.0516 0
      vertex 12.45 14.8086 0
    endloop
  endfacet
  facet normal -0 0 -1
    outer loop
      vertex 17.5848 20.0516 0
      vertex 11.25 16.887 0
      vertex 16.2357 21.1587 0
    endloop
  endfacet
  facet normal 0 0 -1
    outer loop
      vertex 12.9 11.4312 0
      vertex 13.2 13.5096 0
      vertex 14.4 11.4312 0
    endloop
  endfacet
  facet normal 0 0 -1
    outer loop
      vertex 12.9 11.4312 0
      vertex 12.45 12.2106 0
      vertex 13.2 13.5096 0
    endloop
  endfacet
  facet normal 0 0 -1
    outer loop
      vertex 12.15 10.1322 0
      vertex 12.45 12.2106 0
      vertex 12.9 11.4312 0
    endloop
  endfacet
  facet normal 0 0 -1
    outer loop
      vertex 11.25 10.1322 0
      vertex 12.45 12.2106 0
      vertex 12.15 10.1322 0
    endloop
  endfacet
  facet normal 0 0 -1
    outer loop
      vertex 11.25 10.1322 0
      vertex 10.95 12.2106 0
      vertex 12.45 12.2106 0
    endloop
  endfacet
  facet normal 0 0 -1
    outer loop
      vertex 10.5 11.4312 0
      vertex 10.95 12.2106 0
      vertex 11.25 10.1322 0
    endloop
  endfacet
  facet normal 0 0 -1
    outer loop
      vertex 10.5 11.4312 0
      vertex 10.2 13.5096 0
      vertex 10.95 12.2106 0
    endloop
  endfacet
  facet normal 0 0 -1
    outer loop
      vertex 10.5 11.4312 0
      vertex 9.3 13.5096 0
      vertex 10.2 13.5096 0
    endloop
  endfacet
  facet normal 0 0 -1
    outer loop
      vertex 9 11.4312 0
      vertex 9.3 13.5096 0
      vertex 10.5 11.4312 0
    endloop
  endfacet
  facet normal 0 0 -1
    outer loop
      vertex 9 11.4312 0
      vertex 8.55 12.2106 0
      vertex 9.3 13.5096 0
    endloop
  endfacet
  facet normal 0 0 -1
    outer loop
      vertex 8.25 10.1322 0
      vertex 8.55 12.2106 0
      vertex 9 11.4312 0
    endloop
  endfacet
  facet normal 0 0 -1
    outer loop
      vertex 7.35 10.1322 0
      vertex 8.55 12.2106 0
      vertex 8.25 10.1322 0
    endloop
  endfacet
  facet normal 0 0 -1
    outer loop
      vertex 7.35 10.1322 0
      vertex 7.05 12.2106 0
      vertex 8.55 12.2106 0
    endloop
  endfacet
  facet normal 0 0 -1
    outer loop
      vertex 6.6 11.4312 0
      vertex 7.05 12.2106 0
      vertex 7.35 10.1322 0
    endloop
  endfacet
  facet normal 0 0 -1
    outer loop
      vertex 6.6 11.4312 0
      vertex 6.3 13.5096 0
      vertex 7.05 12.2106 0
    endloop
  endfacet
  facet normal 0 0 -1
    outer loop
      vertex 6.6 11.4312 0
      vertex 5.4 13.5096 0
      vertex 6.3 13.5096 0
    endloop
  endfacet
  facet normal 0 0 -1
    outer loop
      vertex 5.1 11.4312 0
      vertex 5.4 13.5096 0
      vertex 6.6 11.4312 0
    endloop
  endfacet
  facet normal 0 0 -1
    outer loop
      vertex 5.1 11.4312 0
      vertex 4.65 12.2106 0
      vertex 5.4 13.5096 0
    endloop
  endfacet
  facet normal 0 0 -1
    outer loop
      vertex 4.35 10.1322 0
      vertex 4.65 12.2106 0
      vertex 5.1 11.4312 0
    endloop
  endfacet
  facet normal 0 0 -1
    outer loop
      vertex 3.45 10.1322 0
      vertex 4.65 12.2106 0
      vertex 4.35 10.1322 0
    endloop
  endfacet
  facet normal 0 0 -1
    outer loop
      vertex 3.45 10.1322 0
      vertex 3.15 12.2106 0
      vertex 4.65 12.2106 0
    endloop
  endfacet
  facet normal 0 0 -1
    outer loop
      vertex 2.7 11.4312 0
      vertex 3.15 12.2106 0
      vertex 3.45 10.1322 0
    endloop
  endfacet
  facet normal 0 0 -1
    outer loop
      vertex 2.7 11.4312 0
      vertex 2.4 13.5096 0
      vertex 3.15 12.2106 0
    endloop
  endfacet
  facet normal 0 0 -1
    outer loop
      vertex 2.7 11.4312 0
      vertex 1.5 13.5096 0
      vertex 2.4 13.5096 0
    endloop
  endfacet
  facet normal 0 0 -1
    outer loop
      vertex 1.2 11.4312 0
      vertex 1.5 13.5096 0
      vertex 2.7 11.4312 0
    endloop
  endfacet
  facet normal 0 0 -1
    outer loop
      vertex 1.2 11.4312 0
      vertex 0.75 12.2106 0
      vertex 1.5 13.5096 0
    endloop
  endfacet
  facet normal 0 0 -1
    outer loop
      vertex 0.45 10.1322 0
      vertex 0.75 12.2106 0
      vertex 1.2 11.4312 0
    endloop
  endfacet
  facet normal 0 0 -1
    outer loop
      vertex -0.45 10.1322 0
      vertex 0.75 12.2106 0
      vertex 0.45 10.1322 0
    endloop
  endfacet
  facet normal 0 0 -1
    outer loop
      vertex -0.45 10.1322 0
      vertex -0.75 12.2106 0
      vertex 0.75 12.2106 0
    endloop
  endfacet
  facet normal 0 0 -1
    outer loop
      vertex -1.2 11.4312 0
      vertex -0.75 12.2106 0
      vertex -0.45 10.1322 0
    endloop
  endfacet
  facet normal 0 0 -1
    outer loop
      vertex -1.2 11.4312 0
      vertex -1.5 13.5096 0
      vertex -0.75 12.2106 0
    endloop
  endfacet
  facet normal 0 0 -1
    outer loop
      vertex -1.2 11.4312 0
      vertex -2.4 13.5096 0
      vertex -1.5 13.5096 0
    endloop
  endfacet
  facet normal 0 0 -1
    outer loop
      vertex -2.7 11.4312 0
      vertex -2.4 13.5096 0
      vertex -1.2 11.4312 0
    endloop
  endfacet
  facet normal 0 0 -1
    outer loop
      vertex -2.7 11.4312 0
      vertex -3.15 12.2106 0
      vertex -2.4 13.5096 0
    endloop
  endfacet
  facet normal 0 0 -1
    outer loop
      vertex -3.45 10.1322 0
      vertex -3.15 12.2106 0
      vertex -2.7 11.4312 0
    endloop
  endfacet
  facet normal 0 0 -1
    outer loop
      vertex -4.35 10.1322 0
      vertex -3.15 12.2106 0
      vertex -3.45 10.1322 0
    endloop
  endfacet
  facet normal 0 0 -1
    outer loop
      vertex -4.35 10.1322 0
      vertex -4.65 12.2106 0
      vertex -3.15 12.2106 0
    endloop
  endfacet
  facet normal 0 0 -1
    outer loop
      vertex -5.1 11.4312 0
      vertex -4.65 12.2106 0
      vertex -4.35 10.1322 0
    endloop
  endfacet
  facet normal 0 0 -1
    outer loop
      vertex -5.1 11.4312 0
      vertex -5.4 13.5096 0
      vertex -4.65 12.2106 0
    endloop
  endfacet
  facet normal 0 0 -1
    outer loop
      vertex -5.1 11.4312 0
      vertex -6.3 13.5096 0
      vertex -5.4 13.5096 0
    endloop
  endfacet
  facet normal 0 0 -1
    outer loop
      vertex -6.6 11.4312 0
      vertex -6.3 13.5096 0
      vertex -5.1 11.4312 0
    endloop
  endfacet
  facet normal 0 0 -1
    outer loop
      vertex -6.6 11.4312 0
      vertex -7.05 12.2106 0
      vertex -6.3 13.5096 0
    endloop
  endfacet
  facet normal 0 0 -1
    outer loop
      vertex -7.35 10.1322 0
      vertex -7.05 12.2106 0
      vertex -6.6 11.4312 0
    endloop
  endfacet
  facet normal 0 0 -1
    outer loop
      vertex -8.25 10.1322 0
      vertex -7.05 12.2106 0
      vertex -7.35 10.1322 0
    endloop
  endfacet
  facet normal 0 0 -1
    outer loop
      vertex -8.25 10.1322 0
      vertex -8.55 12.2106 0
      vertex -7.05 12.2106 0
    endloop
  endfacet
  facet normal 0 0 -1
    outer loop
      vertex -9 11.4312 0
      vertex -8.55 12.2106 0
      vertex -8.25 10.1322 0
    endloop
  endfacet
  facet normal 0 0 -1
    outer loop
      vertex -9 11.4312 0
      vertex -9.3 13.5096 0
      vertex -8.55 12.2106 0
    endloop
  endfacet
  facet normal 0 0 -1
    outer loop
      vertex -9 11.4312 0
      vertex -10.2 13.5096 0
      vertex -9.3 13.5096 0
    endloop
  endfacet
  facet normal 0 0 -1
    outer loop
      vertex -10.5 11.4312 0
      vertex -10.2 13.5096 0
      vertex -9 11.4312 0
    endloop
  endfacet
  facet normal 0 0 -1
    outer loop
      vertex -10.5 11.4312 0
      vertex -10.95 12.2106 0
      vertex -10.2 13.5096 0
    endloop
  endfacet
  facet normal 0 0 -1
    outer loop
      vertex -11.25 10.1322 0
      vertex -10.95 12.2106 0
      vertex -10.5 11.4312 0
    endloop
  endfacet
  facet normal 0 0 -1
    outer loop
      vertex -12.45 12.2106 0
      vertex -11.25 10.1322 0
      vertex -12.45 8.05384 0
    endloop
  endfacet
  facet normal 0 0 -1
    outer loop
      vertex -11.25 10.1322 0
      vertex -12.45 12.2106 0
      vertex -10.95 12.2106 0
    endloop
  endfacet
  facet normal 0 0 -1
    outer loop
      vertex -17.4412 7.9 0
      vertex -12.45 8.05384 0
      vertex -13.2 6.7548 0
    endloop
  endfacet
  facet normal 0 0 -1
    outer loop
      vertex -17.7272 8.27279 0
      vertex -12.45 8.05384 0
      vertex -17.4412 7.9 0
    endloop
  endfacet
  facet normal -0 0 -1
    outer loop
      vertex 16.2357 21.1587 0
      vertex 11.25 16.887 0
      vertex 14.8171 22.1753 0
    endloop
  endfacet
  facet normal 0 0 -1
    outer loop
      vertex 10.5 18.186 0
      vertex 14.8171 22.1753 0
      vertex 11.25 16.887 0
    endloop
  endfacet
  facet normal -0 0 -1
    outer loop
      vertex 14.8171 22.1753 0
      vertex 10.5 18.186 0
      vertex 13.335 23.0969 0
    endloop
  endfacet
  facet normal 0 0 -1
    outer loop
      vertex 10.95 14.8086 0
      vertex 11.25 16.887 0
      vertex 12.45 14.8086 0
    endloop
  endfacet
  facet normal 0 0 -1
    outer loop
      vertex 10.95 14.8086 0
      vertex 10.5 15.588 0
      vertex 11.25 16.887 0
    endloop
  endfacet
  facet normal 0 0 -1
    outer loop
      vertex 10.2 13.5096 0
      vertex 10.5 15.588 0
      vertex 10.95 14.8086 0
    endloop
  endfacet
  facet normal 0 0 -1
    outer loop
      vertex 9.3 13.5096 0
      vertex 10.5 15.588 0
      vertex 10.2 13.5096 0
    endloop
  endfacet
  facet normal 0 0 -1
    outer loop
      vertex 9.3 13.5096 0
      vertex 9 15.588 0
      vertex 10.5 15.588 0
    endloop
  endfacet
  facet normal 0 0 -1
    outer loop
      vertex 8.55 14.8086 0
      vertex 9 15.588 0
      vertex 9.3 13.5096 0
    endloop
  endfacet
  facet normal 0 0 -1
    outer loop
      vertex 8.55 14.8086 0
      vertex 8.25 16.887 0
      vertex 9 15.588 0
    endloop
  endfacet
  facet normal 0 0 -1
    outer loop
      vertex 8.55 14.8086 0
      vertex 7.35 16.887 0
      vertex 8.25 16.887 0
    endloop
  endfacet
  facet normal 0 0 -1
    outer loop
      vertex 7.05 14.8086 0
      vertex 7.35 16.887 0
      vertex 8.55 14.8086 0
    endloop
  endfacet
  facet normal 0 0 -1
    outer loop
      vertex 7.05 14.8086 0
      vertex 6.6 15.588 0
      vertex 7.35 16.887 0
    endloop
  endfacet
  facet normal 0 0 -1
    outer loop
      vertex 6.3 13.5096 0
      vertex 6.6 15.588 0
      vertex 7.05 14.8086 0
    endloop
  endfacet
  facet normal 0 0 -1
    outer loop
      vertex 5.4 13.5096 0
      vertex 6.6 15.588 0
      vertex 6.3 13.5096 0
    endloop
  endfacet
  facet normal 0 0 -1
    outer loop
      vertex 5.4 13.5096 0
      vertex 5.1 15.588 0
      vertex 6.6 15.588 0
    endloop
  endfacet
  facet normal 0 0 -1
    outer loop
      vertex 4.65 14.8086 0
      vertex 5.1 15.588 0
      vertex 5.4 13.5096 0
    endloop
  endfacet
  facet normal 0 0 -1
    outer loop
      vertex 4.65 14.8086 0
      vertex 4.35 16.887 0
      vertex 5.1 15.588 0
    endloop
  endfacet
  facet normal 0 0 -1
    outer loop
      vertex 2.7 18.186 0
      vertex 5.1 18.186 0
      vertex 3.45 16.887 0
    endloop
  endfacet
  facet normal 0 0 -1
    outer loop
      vertex 4.65 14.8086 0
      vertex 3.45 16.887 0
      vertex 4.35 16.887 0
    endloop
  endfacet
  facet normal 0 0 -1
    outer loop
      vertex 3.15 14.8086 0
      vertex 3.45 16.887 0
      vertex 4.65 14.8086 0
    endloop
  endfacet
  facet normal 0 0 -1
    outer loop
      vertex 3.15 14.8086 0
      vertex 2.7 15.588 0
      vertex 3.45 16.887 0
    endloop
  endfacet
  facet normal 0 0 -1
    outer loop
      vertex 2.4 13.5096 0
      vertex 2.7 15.588 0
      vertex 3.15 14.8086 0
    endloop
  endfacet
  facet normal 0 0 -1
    outer loop
      vertex 1.5 13.5096 0
      vertex 2.7 15.588 0
      vertex 2.4 13.5096 0
    endloop
  endfacet
  facet normal 0 0 -1
    outer loop
      vertex 1.5 13.5096 0
      vertex 1.2 15.588 0
      vertex 2.7 15.588 0
    endloop
  endfacet
  facet normal 0 0 -1
    outer loop
      vertex 0.75 14.8086 0
      vertex 1.2 15.588 0
      vertex 1.5 13.5096 0
    endloop
  endfacet
  facet normal 0 0 -1
    outer loop
      vertex 0.75 14.8086 0
      vertex 0.45 16.887 0
      vertex 1.2 15.588 0
    endloop
  endfacet
  facet normal 0 0 -1
    outer loop
      vertex -1.2 18.186 0
      vertex 0.45 16.887 0
      vertex -0.45 16.887 0
    endloop
  endfacet
  facet normal 0 0 -1
    outer loop
      vertex 0.75 14.8086 0
      vertex -0.45 16.887 0
      vertex 0.45 16.887 0
    endloop
  endfacet
  facet normal 0 0 -1
    outer loop
      vertex -0.75 14.8086 0
      vertex -0.45 16.887 0
      vertex 0.75 14.8086 0
    endloop
  endfacet
  facet normal 0 0 -1
    outer loop
      vertex -0.75 14.8086 0
      vertex -1.2 15.588 0
      vertex -0.45 16.887 0
    endloop
  endfacet
  facet normal 0 0 -1
    outer loop
      vertex -1.5 13.5096 0
      vertex -1.2 15.588 0
      vertex -0.75 14.8086 0
    endloop
  endfacet
  facet normal 0 0 -1
    outer loop
      vertex -2.4 13.5096 0
      vertex -1.2 15.588 0
      vertex -1.5 13.5096 0
    endloop
  endfacet
  facet normal 0 0 -1
    outer loop
      vertex -2.4 13.5096 0
      vertex -2.7 15.588 0
      vertex -1.2 15.588 0
    endloop
  endfacet
  facet normal 0 0 -1
    outer loop
      vertex -3.15 14.8086 0
      vertex -2.7 15.588 0
      vertex -2.4 13.5096 0
    endloop
  endfacet
  facet normal 0 0 -1
    outer loop
      vertex -3.15 14.8086 0
      vertex -3.45 16.887 0
      vertex -2.7 15.588 0
    endloop
  endfacet
  facet normal 0 0 -1
    outer loop
      vertex -5.1 18.186 0
      vertex -2.7 18.186 0
      vertex -4.35 16.887 0
    endloop
  endfacet
  facet normal 0 0 -1
    outer loop
      vertex -3.15 14.8086 0
      vertex -4.35 16.887 0
      vertex -3.45 16.887 0
    endloop
  endfacet
  facet normal 0 0 -1
    outer loop
      vertex -4.65 14.8086 0
      vertex -4.35 16.887 0
      vertex -3.15 14.8086 0
    endloop
  endfacet
  facet normal 0 0 -1
    outer loop
      vertex -4.65 14.8086 0
      vertex -5.1 15.588 0
      vertex -4.35 16.887 0
    endloop
  endfacet
  facet normal 0 0 -1
    outer loop
      vertex -5.4 13.5096 0
      vertex -5.1 15.588 0
      vertex -4.65 14.8086 0
    endloop
  endfacet
  facet normal 0 0 -1
    outer loop
      vertex -6.3 13.5096 0
      vertex -5.1 15.588 0
      vertex -5.4 13.5096 0
    endloop
  endfacet
  facet normal 0 0 -1
    outer loop
      vertex -6.3 13.5096 0
      vertex -6.6 15.588 0
      vertex -5.1 15.588 0
    endloop
  endfacet
  facet normal 0 0 -1
    outer loop
      vertex -7.05 14.8086 0
      vertex -6.6 15.588 0
      vertex -6.3 13.5096 0
    endloop
  endfacet
  facet normal 0 0 -1
    outer loop
      vertex -7.05 14.8086 0
      vertex -7.35 16.887 0
      vertex -6.6 15.588 0
    endloop
  endfacet
  facet normal 0 0 -1
    outer loop
      vertex -7.05 14.8086 0
      vertex -8.25 16.887 0
      vertex -7.35 16.887 0
    endloop
  endfacet
  facet normal 0 0 -1
    outer loop
      vertex -8.55 14.8086 0
      vertex -8.25 16.887 0
      vertex -7.05 14.8086 0
    endloop
  endfacet
  facet normal 0 0 -1
    outer loop
      vertex -8.55 14.8086 0
      vertex -9 15.588 0
      vertex -8.25 16.887 0
    endloop
  endfacet
  facet normal 0 0 -1
    outer loop
      vertex -9.3 13.5096 0
      vertex -9 15.588 0
      vertex -8.55 14.8086 0
    endloop
  endfacet
  facet normal 0 0 -1
    outer loop
      vertex -10.2 13.5096 0
      vertex -9 15.588 0
      vertex -9.3 13.5096 0
    endloop
  endfacet
  facet normal 0 0 -1
    outer loop
      vertex -10.2 13.5096 0
      vertex -10.5 15.588 0
      vertex -9 15.588 0
    endloop
  endfacet
  facet normal 0 0 -1
    outer loop
      vertex -10.95 14.8086 0
      vertex -10.5 15.588 0
      vertex -10.2 13.5096 0
    endloop
  endfacet
  facet normal 0 0 -1
    outer loop
      vertex -10.95 14.8086 0
      vertex -11.25 16.887 0
      vertex -10.5 15.588 0
    endloop
  endfacet
  facet normal 0 0 -1
    outer loop
      vertex -12.45 14.8086 0
      vertex -11.25 16.887 0
      vertex -10.95 14.8086 0
    endloop
  endfacet
  facet normal 0 0 -1
    outer loop
      vertex -13.335 23.0969 0
      vertex -11.25 16.887 0
      vertex -12.45 14.8086 0
    endloop
  endfacet
  facet normal 0 0 -1
    outer loop
      vertex -13.335 23.0969 0
      vertex -12.45 14.8086 0
      vertex -13.2 13.5096 0
    endloop
  endfacet
  facet normal 0 0 -1
    outer loop
      vertex -10.5 18.186 0
      vertex -13.335 23.0969 0
      vertex -11.7958 23.9196 0
    endloop
  endfacet
  facet normal -0 0 -1
    outer loop
      vertex 13.335 23.0969 0
      vertex 10.5 18.186 0
      vertex 11.7958 23.9196 0
    endloop
  endfacet
  facet normal 0 0 -1
    outer loop
      vertex 9 18.186 0
      vertex 11.7958 23.9196 0
      vertex 10.5 18.186 0
    endloop
  endfacet
  facet normal -0 0 -1
    outer loop
      vertex 11.7958 23.9196 0
      vertex 9 18.186 0
      vertex 10.2062 24.6399 0
    endloop
  endfacet
  facet normal 0 0 -1
    outer loop
      vertex 9 18.186 0
      vertex 8.57279 25.2546 0
      vertex 10.2062 24.6399 0
    endloop
  endfacet
  facet normal 0 0 -1
    outer loop
      vertex 6.6 18.186 0
      vertex 9 18.186 0
      vertex 8.25 16.887 0
    endloop
  endfacet
  facet normal 0 0 -1
    outer loop
      vertex 6.6 18.186 0
      vertex 8.25 16.887 0
      vertex 7.35 16.887 0
    endloop
  endfacet
  facet normal 0 0 -1
    outer loop
      vertex 9 18.186 0
      vertex 6.6 18.186 0
      vertex 8.57279 25.2546 0
    endloop
  endfacet
  facet normal -0 0 -1
    outer loop
      vertex 8.57279 25.2546 0
      vertex 6.6 18.186 0
      vertex 6.9027 25.7612 0
    endloop
  endfacet
  facet normal 0 0 -1
    outer loop
      vertex 5.1 18.186 0
      vertex 6.9027 25.7612 0
      vertex 6.6 18.186 0
    endloop
  endfacet
  facet normal -0 0 -1
    outer loop
      vertex 6.9027 25.7612 0
      vertex 5.1 18.186 0
      vertex 5.20306 26.1575 0
    endloop
  endfacet
  facet normal 0 0 -1
    outer loop
      vertex 3.45 16.887 0
      vertex 5.1 18.186 0
      vertex 4.35 16.887 0
    endloop
  endfacet
  facet normal 0 0 -1
    outer loop
      vertex 2.7 18.186 0
      vertex 5.20306 26.1575 0
      vertex 5.1 18.186 0
    endloop
  endfacet
  facet normal -0.973867 0.227119 0
    outer loop
      vertex -32.7026 17.5331 0
      vertex -32.5668 18.1154 20
      vertex -32.5668 18.1154 0
    endloop
  endfacet
  facet normal -0.973867 0.227119 0
    outer loop
      vertex -32.5668 18.1154 20
      vertex -32.7026 17.5331 0
      vertex -32.7026 17.5331 20
    endloop
  endfacet
  facet normal -0.910898 0.412631 0
    outer loop
      vertex -32.5668 18.1154 0
      vertex -32.3201 18.66 20
      vertex -32.3201 18.66 0
    endloop
  endfacet
  facet normal -0.910898 0.412631 0
    outer loop
      vertex -32.3201 18.66 20
      vertex -32.5668 18.1154 0
      vertex -32.5668 18.1154 20
    endloop
  endfacet
  facet normal -0.999463 0.0327802 0
    outer loop
      vertex -32.7222 16.9355 0
      vertex -32.7026 17.5331 20
      vertex -32.7026 17.5331 0
    endloop
  endfacet
  facet normal -0.999463 0.0327802 0
    outer loop
      vertex -32.7026 17.5331 20
      vertex -32.7222 16.9355 0
      vertex -32.7222 16.9355 20
    endloop
  endfacet
  facet normal 0.227119 0.973867 -0
    outer loop
      vertex -28.6983 20.0231 0
      vertex -29.2806 20.1589 20
      vertex -28.6983 20.0231 20
    endloop
  endfacet
  facet normal 0.227119 0.973867 0
    outer loop
      vertex -29.2806 20.1589 20
      vertex -28.6983 20.0231 0
      vertex -29.2806 20.1589 0
    endloop
  endfacet
  facet normal 0.849133 0.528179 0
    outer loop
      vertex -26.9432 18.484 20
      vertex -27.259 18.9917 0
      vertex -27.259 18.9917 20
    endloop
  endfacet
  facet normal 0.849133 0.528179 0
    outer loop
      vertex -27.259 18.9917 0
      vertex -26.9432 18.484 20
      vertex -26.9432 18.484 0
    endloop
  endfacet
  facet normal -0.412631 -0.910898 0
    outer loop
      vertex -31.2037 14.4936 0
      vertex -30.6591 14.2469 20
      vertex -31.2037 14.4936 20
    endloop
  endfacet
  facet normal -0.412631 -0.910898 -0
    outer loop
      vertex -30.6591 14.2469 20
      vertex -31.2037 14.4936 0
      vertex -30.6591 14.2469 0
    endloop
  endfacet
  facet normal 0.999463 -0.0327778 0
    outer loop
      vertex -26.6415 17.1424 20
      vertex -26.6352 17.3345 0
      vertex -26.6352 17.3345 20
    endloop
  endfacet
  facet normal 0.999463 -0.0327778 0
    outer loop
      vertex -26.6352 17.3345 0
      vertex -26.6415 17.1424 20
      vertex -26.6415 17.1424 0
    endloop
  endfacet
  facet normal -0.729892 -0.683563 0
    outer loop
      vertex -31.6897 14.8419 0
      vertex -32.0984 15.2783 20
      vertex -32.0984 15.2783 0
    endloop
  endfacet
  facet normal -0.729892 -0.683563 0
    outer loop
      vertex -32.0984 15.2783 20
      vertex -31.6897 14.8419 0
      vertex -31.6897 14.8419 20
    endloop
  endfacet
  facet normal -0.683563 0.729892 0
    outer loop
      vertex -31.5354 19.5547 0
      vertex -31.9718 19.146 20
      vertex -31.5354 19.5547 20
    endloop
  endfacet
  facet normal -0.683563 0.729892 0
    outer loop
      vertex -31.9718 19.146 20
      vertex -31.5354 19.5547 0
      vertex -31.9718 19.146 0
    endloop
  endfacet
  facet normal 0.352223 -0.935916 0
    outer loop
      vertex -28.8893 14.1889 0
      vertex -28.3297 14.3995 20
      vertex -28.8893 14.1889 20
    endloop
  endfacet
  facet normal 0.352223 -0.935916 0
    outer loop
      vertex -28.3297 14.3995 20
      vertex -28.8893 14.1889 0
      vertex -28.3297 14.3995 0
    endloop
  endfacet
  facet normal 0.162907 -0.986641 0
    outer loop
      vertex -29.4792 14.0915 0
      vertex -28.8893 14.1889 20
      vertex -29.4792 14.0915 20
    endloop
  endfacet
  facet normal 0.162907 -0.986641 0
    outer loop
      vertex -28.8893 14.1889 20
      vertex -29.4792 14.0915 0
      vertex -28.8893 14.1889 0
    endloop
  endfacet
  facet normal -0.582519 -0.812817 0
    outer loop
      vertex -31.6897 14.8419 0
      vertex -31.2037 14.4936 20
      vertex -31.6897 14.8419 20
    endloop
  endfacet
  facet normal -0.582519 -0.812817 -0
    outer loop
      vertex -31.2037 14.4936 20
      vertex -31.6897 14.8419 0
      vertex -31.2037 14.4936 0
    endloop
  endfacet
  facet normal 0.0327802 0.999463 -0
    outer loop
      vertex -29.2806 20.1589 0
      vertex -29.8782 20.1785 20
      vertex -29.2806 20.1589 20
    endloop
  endfacet
  facet normal 0.0327802 0.999463 0
    outer loop
      vertex -29.8782 20.1785 20
      vertex -29.2806 20.1589 0
      vertex -29.8782 20.1785 0
    endloop
  endfacet
  facet normal -0.986641 -0.162907 0
    outer loop
      vertex -32.6248 16.3456 0
      vertex -32.7222 16.9355 20
      vertex -32.7222 16.9355 0
    endloop
  endfacet
  facet normal -0.986641 -0.162907 0
    outer loop
      vertex -32.7222 16.9355 20
      vertex -32.6248 16.3456 0
      vertex -32.6248 16.3456 20
    endloop
  endfacet
  facet normal -0.227119 -0.973867 0
    outer loop
      vertex -30.6591 14.2469 0
      vertex -30.0768 14.1111 20
      vertex -30.6591 14.2469 20
    endloop
  endfacet
  facet normal -0.227119 -0.973867 -0
    outer loop
      vertex -30.0768 14.1111 20
      vertex -30.6591 14.2469 0
      vertex -30.0768 14.1111 0
    endloop
  endfacet
  facet normal 0.729892 0.683563 0
    outer loop
      vertex -27.259 18.9917 20
      vertex -27.6677 19.4281 0
      vertex -27.6677 19.4281 20
    endloop
  endfacet
  facet normal 0.729892 0.683563 0
    outer loop
      vertex -27.6677 19.4281 0
      vertex -27.259 18.9917 20
      vertex -27.259 18.9917 0
    endloop
  endfacet
  facet normal -0.812817 0.582519 0
    outer loop
      vertex -32.3201 18.66 0
      vertex -31.9718 19.146 20
      vertex -31.9718 19.146 0
    endloop
  endfacet
  facet normal -0.812817 0.582519 0
    outer loop
      vertex -31.9718 19.146 20
      vertex -32.3201 18.66 0
      vertex -32.3201 18.66 20
    endloop
  endfacet
  facet normal -0.528179 0.849133 0
    outer loop
      vertex -31.0277 19.8705 0
      vertex -31.5354 19.5547 20
      vertex -31.0277 19.8705 20
    endloop
  endfacet
  facet normal -0.528179 0.849133 0
    outer loop
      vertex -31.5354 19.5547 20
      vertex -31.0277 19.8705 0
      vertex -31.5354 19.5547 0
    endloop
  endfacet
  facet normal 0.935916 0.352223 0
    outer loop
      vertex -26.7326 17.9244 20
      vertex -26.9432 18.484 0
      vertex -26.9432 18.484 20
    endloop
  endfacet
  facet normal 0.935916 0.352223 0
    outer loop
      vertex -26.9432 18.484 0
      vertex -26.7326 17.9244 20
      vertex -26.7326 17.9244 0
    endloop
  endfacet
  facet normal -0.935916 -0.352223 0
    outer loop
      vertex -32.4142 15.786 0
      vertex -32.6248 16.3456 20
      vertex -32.6248 16.3456 0
    endloop
  endfacet
  facet normal -0.935916 -0.352223 0
    outer loop
      vertex -32.6248 16.3456 20
      vertex -32.4142 15.786 0
      vertex -32.4142 15.786 20
    endloop
  endfacet
  facet normal -0.162907 0.986641 0
    outer loop
      vertex -29.8782 20.1785 0
      vertex -30.4681 20.0811 20
      vertex -29.8782 20.1785 20
    endloop
  endfacet
  facet normal -0.162907 0.986641 0
    outer loop
      vertex -30.4681 20.0811 20
      vertex -29.8782 20.1785 0
      vertex -30.4681 20.0811 0
    endloop
  endfacet
  facet normal -0.352223 0.935916 0
    outer loop
      vertex -30.4681 20.0811 0
      vertex -31.0277 19.8705 20
      vertex -30.4681 20.0811 20
    endloop
  endfacet
  facet normal -0.352223 0.935916 0
    outer loop
      vertex -31.0277 19.8705 20
      vertex -30.4681 20.0811 0
      vertex -31.0277 19.8705 0
    endloop
  endfacet
  facet normal -0.849133 -0.528179 0
    outer loop
      vertex -32.0984 15.2783 0
      vertex -32.4142 15.786 20
      vertex -32.4142 15.786 0
    endloop
  endfacet
  facet normal -0.849133 -0.528179 0
    outer loop
      vertex -32.4142 15.786 20
      vertex -32.0984 15.2783 0
      vertex -32.0984 15.2783 20
    endloop
  endfacet
  facet normal -0.0327802 -0.999463 0
    outer loop
      vertex -30.0768 14.1111 0
      vertex -29.4792 14.0915 20
      vertex -30.0768 14.1111 20
    endloop
  endfacet
  facet normal -0.0327802 -0.999463 -0
    outer loop
      vertex -29.4792 14.0915 20
      vertex -30.0768 14.1111 0
      vertex -29.4792 14.0915 0
    endloop
  endfacet
  facet normal 0.986641 0.162907 0
    outer loop
      vertex -26.6352 17.3345 20
      vertex -26.7326 17.9244 0
      vertex -26.7326 17.9244 20
    endloop
  endfacet
  facet normal 0.986641 0.162907 0
    outer loop
      vertex -26.7326 17.9244 0
      vertex -26.6352 17.3345 20
      vertex -26.6352 17.3345 0
    endloop
  endfacet
  facet normal 0.582519 0.812817 -0
    outer loop
      vertex -27.6677 19.4281 0
      vertex -28.1537 19.7764 20
      vertex -27.6677 19.4281 20
    endloop
  endfacet
  facet normal 0.582519 0.812817 0
    outer loop
      vertex -28.1537 19.7764 20
      vertex -27.6677 19.4281 0
      vertex -28.1537 19.7764 0
    endloop
  endfacet
  facet normal 0.412631 0.910898 -0
    outer loop
      vertex -28.1537 19.7764 0
      vertex -28.6983 20.0231 20
      vertex -28.1537 19.7764 20
    endloop
  endfacet
  facet normal 0.412631 0.910898 0
    outer loop
      vertex -28.6983 20.0231 20
      vertex -28.1537 19.7764 0
      vertex -28.6983 20.0231 0
    endloop
  endfacet
  facet normal 0.528127 -0.849166 0
    outer loop
      vertex -28.3297 14.3995 0
      vertex -28.1665 14.501 20
      vertex -28.3297 14.3995 20
    endloop
  endfacet
  facet normal 0.528127 -0.849166 0
    outer loop
      vertex -28.1665 14.501 20
      vertex -28.3297 14.3995 0
      vertex -28.1665 14.501 0
    endloop
  endfacet
  facet normal 0.471328 -0.881958 0
    outer loop
      vertex 1.16718 -37.0878 0
      vertex 1.69449 -36.806 20
      vertex 1.16718 -37.0878 20
    endloop
  endfacet
  facet normal 0.471328 -0.881958 0
    outer loop
      vertex 1.69449 -36.806 20
      vertex 1.16718 -37.0878 0
      vertex 1.69449 -36.806 0
    endloop
  endfacet
  facet normal 0.956947 -0.290262 0
    outer loop
      vertex 2.81783 -35.4372 20
      vertex 2.99139 -34.865 0
      vertex 2.99139 -34.865 20
    endloop
  endfacet
  facet normal 0.956947 -0.290262 0
    outer loop
      vertex 2.99139 -34.865 0
      vertex 2.81783 -35.4372 20
      vertex 2.81783 -35.4372 0
    endloop
  endfacet
  facet normal -0.47142 0.881909 0
    outer loop
      vertex -1.525 -31.6434 0
      vertex -1.69449 -31.734 20
      vertex -1.525 -31.6434 20
    endloop
  endfacet
  facet normal -0.47142 0.881909 0
    outer loop
      vertex -1.69449 -31.734 20
      vertex -1.525 -31.6434 0
      vertex -1.69449 -31.734 0
    endloop
  endfacet
  facet normal 0.773025 0.634376 0
    outer loop
      vertex 2.53598 -32.5755 20
      vertex 2.15668 -32.1133 0
      vertex 2.15668 -32.1133 20
    endloop
  endfacet
  facet normal 0.773025 0.634376 0
    outer loop
      vertex 2.15668 -32.1133 0
      vertex 2.53598 -32.5755 20
      vertex 2.53598 -32.5755 0
    endloop
  endfacet
  facet normal 0.0980091 -0.995186 0
    outer loop
      vertex 0 -37.32 0
      vertex 0.595025 -37.2614 20
      vertex 0 -37.32 20
    endloop
  endfacet
  facet normal 0.0980091 -0.995186 0
    outer loop
      vertex 0.595025 -37.2614 20
      vertex 0 -37.32 0
      vertex 0.595025 -37.2614 0
    endloop
  endfacet
  facet normal 0.634384 -0.773018 0
    outer loop
      vertex 1.69449 -36.806 0
      vertex 2.15668 -36.4267 20
      vertex 1.69449 -36.806 20
    endloop
  endfacet
  facet normal 0.634384 -0.773018 0
    outer loop
      vertex 2.15668 -36.4267 20
      vertex 1.69449 -36.806 0
      vertex 2.15668 -36.4267 0
    endloop
  endfacet
  facet normal -0.995183 0.0980298 0
    outer loop
      vertex -3.05 -34.27 0
      vertex -2.99139 -33.675 20
      vertex -2.99139 -33.675 0
    endloop
  endfacet
  facet normal -0.995183 0.0980298 0
    outer loop
      vertex -2.99139 -33.675 20
      vertex -3.05 -34.27 0
      vertex -3.05 -34.27 20
    endloop
  endfacet
  facet normal 0.956947 0.290262 0
    outer loop
      vertex 2.99139 -33.675 20
      vertex 2.81783 -33.1028 0
      vertex 2.81783 -33.1028 20
    endloop
  endfacet
  facet normal 0.956947 0.290262 0
    outer loop
      vertex 2.81783 -33.1028 0
      vertex 2.99139 -33.675 20
      vertex 2.99139 -33.675 0
    endloop
  endfacet
  facet normal -0.88192 0.4714 0
    outer loop
      vertex -2.81783 -33.1028 0
      vertex -2.53598 -32.5755 20
      vertex -2.53598 -32.5755 0
    endloop
  endfacet
  facet normal -0.88192 0.4714 0
    outer loop
      vertex -2.53598 -32.5755 20
      vertex -2.81783 -33.1028 0
      vertex -2.81783 -33.1028 20
    endloop
  endfacet
  facet normal -0.0980091 -0.995186 0
    outer loop
      vertex -0.595025 -37.2614 0
      vertex 0 -37.32 20
      vertex -0.595025 -37.2614 20
    endloop
  endfacet
  facet normal -0.0980091 -0.995186 -0
    outer loop
      vertex 0 -37.32 20
      vertex -0.595025 -37.2614 0
      vertex 0 -37.32 0
    endloop
  endfacet
  facet normal 0.88192 0.4714 0
    outer loop
      vertex 2.81783 -33.1028 20
      vertex 2.53598 -32.5755 0
      vertex 2.53598 -32.5755 20
    endloop
  endfacet
  facet normal 0.88192 0.4714 0
    outer loop
      vertex 2.53598 -32.5755 0
      vertex 2.81783 -33.1028 20
      vertex 2.81783 -33.1028 0
    endloop
  endfacet
  facet normal -0.773025 -0.634376 0
    outer loop
      vertex -2.15668 -36.4267 0
      vertex -2.53598 -35.9645 20
      vertex -2.53598 -35.9645 0
    endloop
  endfacet
  facet normal -0.773025 -0.634376 0
    outer loop
      vertex -2.53598 -35.9645 20
      vertex -2.15668 -36.4267 0
      vertex -2.15668 -36.4267 20
    endloop
  endfacet
  facet normal -0.290344 -0.956922 0
    outer loop
      vertex -1.16718 -37.0878 0
      vertex -0.595025 -37.2614 20
      vertex -1.16718 -37.0878 20
    endloop
  endfacet
  facet normal -0.290344 -0.956922 -0
    outer loop
      vertex -0.595025 -37.2614 20
      vertex -1.16718 -37.0878 0
      vertex -0.595025 -37.2614 0
    endloop
  endfacet
  facet normal 0.290344 -0.956922 0
    outer loop
      vertex 0.595025 -37.2614 0
      vertex 1.16718 -37.0878 20
      vertex 0.595025 -37.2614 20
    endloop
  endfacet
  facet normal 0.290344 -0.956922 0
    outer loop
      vertex 1.16718 -37.0878 20
      vertex 0.595025 -37.2614 0
      vertex 1.16718 -37.0878 0
    endloop
  endfacet
  facet normal 0.995183 -0.0980298 0
    outer loop
      vertex 2.99139 -34.865 20
      vertex 3.05 -34.27 0
      vertex 3.05 -34.27 20
    endloop
  endfacet
  facet normal 0.995183 -0.0980298 0
    outer loop
      vertex 3.05 -34.27 0
      vertex 2.99139 -34.865 20
      vertex 2.99139 -34.865 0
    endloop
  endfacet
  facet normal -0.471328 -0.881958 0
    outer loop
      vertex -1.69449 -36.806 0
      vertex -1.16718 -37.0878 20
      vertex -1.69449 -36.806 20
    endloop
  endfacet
  facet normal -0.471328 -0.881958 -0
    outer loop
      vertex -1.16718 -37.0878 20
      vertex -1.69449 -36.806 0
      vertex -1.16718 -37.0878 0
    endloop
  endfacet
  facet normal -0.634384 -0.773018 0
    outer loop
      vertex -2.15668 -36.4267 0
      vertex -1.69449 -36.806 20
      vertex -2.15668 -36.4267 20
    endloop
  endfacet
  facet normal -0.634384 -0.773018 -0
    outer loop
      vertex -1.69449 -36.806 20
      vertex -2.15668 -36.4267 0
      vertex -1.69449 -36.806 0
    endloop
  endfacet
  facet normal -0.956947 -0.290262 0
    outer loop
      vertex -2.81783 -35.4372 0
      vertex -2.99139 -34.865 20
      vertex -2.99139 -34.865 0
    endloop
  endfacet
  facet normal -0.956947 -0.290262 0
    outer loop
      vertex -2.99139 -34.865 20
      vertex -2.81783 -35.4372 0
      vertex -2.81783 -35.4372 20
    endloop
  endfacet
  facet normal -0.88192 -0.4714 0
    outer loop
      vertex -2.53598 -35.9645 0
      vertex -2.81783 -35.4372 20
      vertex -2.81783 -35.4372 0
    endloop
  endfacet
  facet normal -0.88192 -0.4714 0
    outer loop
      vertex -2.81783 -35.4372 20
      vertex -2.53598 -35.9645 0
      vertex -2.53598 -35.9645 20
    endloop
  endfacet
  facet normal 0.773025 -0.634376 0
    outer loop
      vertex 2.15668 -36.4267 20
      vertex 2.53598 -35.9645 0
      vertex 2.53598 -35.9645 20
    endloop
  endfacet
  facet normal 0.773025 -0.634376 0
    outer loop
      vertex 2.53598 -35.9645 0
      vertex 2.15668 -36.4267 20
      vertex 2.15668 -36.4267 0
    endloop
  endfacet
  facet normal -0.995183 -0.0980298 0
    outer loop
      vertex -2.99139 -34.865 0
      vertex -3.05 -34.27 20
      vertex -3.05 -34.27 0
    endloop
  endfacet
  facet normal -0.995183 -0.0980298 0
    outer loop
      vertex -3.05 -34.27 20
      vertex -2.99139 -34.865 0
      vertex -2.99139 -34.865 20
    endloop
  endfacet
  facet normal 0.88192 -0.4714 0
    outer loop
      vertex 2.53598 -35.9645 20
      vertex 2.81783 -35.4372 0
      vertex 2.81783 -35.4372 20
    endloop
  endfacet
  facet normal 0.88192 -0.4714 0
    outer loop
      vertex 2.81783 -35.4372 0
      vertex 2.53598 -35.9645 20
      vertex 2.53598 -35.9645 0
    endloop
  endfacet
  facet normal -0.956947 0.290262 0
    outer loop
      vertex -2.99139 -33.675 0
      vertex -2.81783 -33.1028 20
      vertex -2.81783 -33.1028 0
    endloop
  endfacet
  facet normal -0.956947 0.290262 0
    outer loop
      vertex -2.81783 -33.1028 20
      vertex -2.99139 -33.675 0
      vertex -2.99139 -33.675 20
    endloop
  endfacet
  facet normal 0.634384 0.773018 -0
    outer loop
      vertex 2.15668 -32.1133 0
      vertex 1.69449 -31.734 20
      vertex 2.15668 -32.1133 20
    endloop
  endfacet
  facet normal 0.634384 0.773018 0
    outer loop
      vertex 1.69449 -31.734 20
      vertex 2.15668 -32.1133 0
      vertex 1.69449 -31.734 0
    endloop
  endfacet
  facet normal -0.773025 0.634376 0
    outer loop
      vertex -2.53598 -32.5755 0
      vertex -2.15668 -32.1133 20
      vertex -2.15668 -32.1133 0
    endloop
  endfacet
  facet normal -0.773025 0.634376 0
    outer loop
      vertex -2.15668 -32.1133 20
      vertex -2.53598 -32.5755 0
      vertex -2.53598 -32.5755 20
    endloop
  endfacet
  facet normal 0.47142 0.881909 -0
    outer loop
      vertex 1.69449 -31.734 0
      vertex 1.525 -31.6434 20
      vertex 1.69449 -31.734 20
    endloop
  endfacet
  facet normal 0.47142 0.881909 0
    outer loop
      vertex 1.525 -31.6434 20
      vertex 1.69449 -31.734 0
      vertex 1.525 -31.6434 0
    endloop
  endfacet
  facet normal -0.634384 0.773018 0
    outer loop
      vertex -1.69449 -31.734 0
      vertex -2.15668 -32.1133 20
      vertex -1.69449 -31.734 20
    endloop
  endfacet
  facet normal -0.634384 0.773018 0
    outer loop
      vertex -2.15668 -32.1133 20
      vertex -1.69449 -31.734 0
      vertex -2.15668 -32.1133 0
    endloop
  endfacet
  facet normal 0.995183 0.0980298 0
    outer loop
      vertex 3.05 -34.27 20
      vertex 2.99139 -33.675 0
      vertex 2.99139 -33.675 20
    endloop
  endfacet
  facet normal 0.995183 0.0980298 0
    outer loop
      vertex 2.99139 -33.675 0
      vertex 3.05 -34.27 20
      vertex 3.05 -34.27 0
    endloop
  endfacet
  facet normal -0.500008 0.866021 0
    outer loop
      vertex 26.6415 17.1424 0
      vertex 22.2912 14.6307 20
      vertex 26.6415 17.1424 20
    endloop
  endfacet
  facet normal -0.500008 0.866021 0
    outer loop
      vertex 22.2912 14.6307 20
      vertex 26.6415 17.1424 0
      vertex 22.2912 14.6307 0
    endloop
  endfacet
  facet normal 0.500008 -0.866021 0
    outer loop
      vertex 23.8162 11.9893 0
      vertex 28.1665 14.501 20
      vertex 23.8162 11.9893 20
    endloop
  endfacet
  facet normal 0.500008 -0.866021 0
    outer loop
      vertex 28.1665 14.501 20
      vertex 23.8162 11.9893 0
      vertex 28.1665 14.501 0
    endloop
  endfacet
  facet normal -0.500008 -0.866021 0
    outer loop
      vertex -28.1665 14.501 0
      vertex -23.8162 11.9893 20
      vertex -28.1665 14.501 20
    endloop
  endfacet
  facet normal -0.500008 -0.866021 -0
    outer loop
      vertex -23.8162 11.9893 20
      vertex -28.1665 14.501 0
      vertex -23.8162 11.9893 0
    endloop
  endfacet
  facet normal 0.500008 0.866021 -0
    outer loop
      vertex -22.2912 14.6307 0
      vertex -26.6415 17.1424 20
      vertex -22.2912 14.6307 20
    endloop
  endfacet
  facet normal 0.500008 0.866021 0
    outer loop
      vertex -26.6415 17.1424 20
      vertex -22.2912 14.6307 0
      vertex -26.6415 17.1424 0
    endloop
  endfacet
  facet normal 1 0 0
    outer loop
      vertex 1.525 -28.67 20
      vertex 1.525 -31.6434 20
      vertex 1.525 -28.67 17
    endloop
  endfacet
  facet normal 1 -0 0
    outer loop
      vertex 1.525 -28.67 17
      vertex 1.525 -26.6201 0
      vertex 1.525 -26.6201 17
    endloop
  endfacet
  facet normal 1 0 0
    outer loop
      vertex 1.525 -31.6434 0
      vertex 1.525 -28.67 17
      vertex 1.525 -31.6434 20
    endloop
  endfacet
  facet normal 1 0 0
    outer loop
      vertex 1.525 -28.67 17
      vertex 1.525 -31.6434 0
      vertex 1.525 -26.6201 0
    endloop
  endfacet
  facet normal -1 0 0
    outer loop
      vertex -1.525 -26.6201 0
      vertex -1.525 -28.67 17
      vertex -1.525 -26.6201 17
    endloop
  endfacet
  facet normal -1 0 0
    outer loop
      vertex -1.525 -31.6434 0
      vertex -1.525 -28.67 17
      vertex -1.525 -26.6201 0
    endloop
  endfacet
  facet normal -1 0 0
    outer loop
      vertex -1.525 -31.6434 20
      vertex -1.525 -28.67 17
      vertex -1.525 -31.6434 0
    endloop
  endfacet
  facet normal -1 0 0
    outer loop
      vertex -1.525 -28.67 17
      vertex -1.525 -31.6434 20
      vertex -1.525 -28.67 20
    endloop
  endfacet
  facet normal 0.973877 -0.227076 0
    outer loop
      vertex 25.7612 -6.9027 20
      vertex 26.1575 -5.20306 0
      vertex 26.1575 -5.20306 20
    endloop
  endfacet
  facet normal 0.973877 -0.227076 0
    outer loop
      vertex 26.1575 -5.20306 0
      vertex 25.7612 -6.9027 20
      vertex 25.7612 -6.9027 0
    endloop
  endfacet
  facet normal 0.995183 0.0980382 0
    outer loop
      vertex 26.6129 1.7443 20
      vertex 26.4418 3.48113 0
      vertex 26.4418 3.48113 20
    endloop
  endfacet
  facet normal 0.995183 0.0980382 0
    outer loop
      vertex 26.4418 3.48113 0
      vertex 26.6129 1.7443 20
      vertex 26.6129 1.7443 0
    endloop
  endfacet
  facet normal 0.999465 0.0327177 0
    outer loop
      vertex 26.67 0 20
      vertex 26.6129 1.7443 0
      vertex 26.6129 1.7443 20
    endloop
  endfacet
  facet normal 0.999465 0.0327177 0
    outer loop
      vertex 26.6129 1.7443 0
      vertex 26.67 0 20
      vertex 26.67 0 0
    endloop
  endfacet
  facet normal -0.683638 -0.729821 0
    outer loop
      vertex -18.8585 -18.8585 0
      vertex -17.5848 -20.0516 20
      vertex -18.8585 -18.8585 20
    endloop
  endfacet
  facet normal -0.683638 -0.729821 -0
    outer loop
      vertex -17.5848 -20.0516 20
      vertex -18.8585 -18.8585 0
      vertex -17.5848 -20.0516 0
    endloop
  endfacet
  facet normal 0.0980382 -0.995183 0
    outer loop
      vertex 1.7443 -26.6129 0
      vertex 3.48113 -26.4418 20
      vertex 1.7443 -26.6129 20
    endloop
  endfacet
  facet normal 0.0980382 -0.995183 0
    outer loop
      vertex 3.48113 -26.4418 20
      vertex 1.7443 -26.6129 0
      vertex 3.48113 -26.4418 0
    endloop
  endfacet
  facet normal -0.812834 0.582495 0
    outer loop
      vertex -22.1753 14.8171 0
      vertex -21.1587 16.2357 20
      vertex -21.1587 16.2357 0
    endloop
  endfacet
  facet normal -0.812834 0.582495 0
    outer loop
      vertex -21.1587 16.2357 20
      vertex -22.1753 14.8171 0
      vertex -22.1753 14.8171 20
    endloop
  endfacet
  facet normal -0.412736 0.910851 0
    outer loop
      vertex -10.2062 24.6399 0
      vertex -11.7958 23.9196 20
      vertex -10.2062 24.6399 20
    endloop
  endfacet
  facet normal -0.412736 0.910851 0
    outer loop
      vertex -11.7958 23.9196 20
      vertex -10.2062 24.6399 0
      vertex -11.7958 23.9196 0
    endloop
  endfacet
  facet normal 0.986643 0.1629 0
    outer loop
      vertex 26.4418 3.48113 20
      vertex 26.1575 5.20306 0
      vertex 26.1575 5.20306 20
    endloop
  endfacet
  facet normal 0.986643 0.1629 0
    outer loop
      vertex 26.1575 5.20306 0
      vertex 26.4418 3.48113 20
      vertex 26.4418 3.48113 0
    endloop
  endfacet
  facet normal -0.910851 -0.412736 0
    outer loop
      vertex -23.9196 -11.7958 0
      vertex -24.6399 -10.2062 20
      vertex -24.6399 -10.2062 0
    endloop
  endfacet
  facet normal -0.910851 -0.412736 0
    outer loop
      vertex -24.6399 -10.2062 20
      vertex -23.9196 -11.7958 0
      vertex -23.9196 -11.7958 20
    endloop
  endfacet
  facet normal 0.773032 -0.634367 0
    outer loop
      vertex 20.0516 -17.5848 20
      vertex 21.1587 -16.2357 0
      vertex 21.1587 -16.2357 20
    endloop
  endfacet
  facet normal 0.773032 -0.634367 0
    outer loop
      vertex 21.1587 -16.2357 0
      vertex 20.0516 -17.5848 20
      vertex 20.0516 -17.5848 0
    endloop
  endfacet
  facet normal 0.986643 -0.1629 0
    outer loop
      vertex 26.1575 -5.20306 20
      vertex 26.4418 -3.48113 0
      vertex 26.4418 -3.48113 20
    endloop
  endfacet
  facet normal 0.986643 -0.1629 0
    outer loop
      vertex 26.4418 -3.48113 0
      vertex 26.1575 -5.20306 20
      vertex 26.1575 -5.20306 0
    endloop
  endfacet
  facet normal 0.352214 0.93592 -0
    outer loop
      vertex 10.2062 24.6399 0
      vertex 8.57279 25.2546 20
      vertex 10.2062 24.6399 20
    endloop
  endfacet
  facet normal 0.352214 0.93592 0
    outer loop
      vertex 8.57279 25.2546 20
      vertex 10.2062 24.6399 0
      vertex 8.57279 25.2546 0
    endloop
  endfacet
  facet normal -0.910851 0.412736 0
    outer loop
      vertex -24.6399 10.2062 0
      vertex -23.9196 11.7958 20
      vertex -23.9196 11.7958 0
    endloop
  endfacet
  facet normal -0.910851 0.412736 0
    outer loop
      vertex -23.9196 11.7958 20
      vertex -24.6399 10.2062 0
      vertex -24.6399 10.2062 20
    endloop
  endfacet
  facet normal 0.290276 -0.956943 0
    outer loop
      vertex 6.9027 -25.7612 0
      vertex 8.57279 -25.2546 20
      vertex 6.9027 -25.7612 20
    endloop
  endfacet
  facet normal 0.290276 -0.956943 0
    outer loop
      vertex 8.57279 -25.2546 20
      vertex 6.9027 -25.7612 0
      vertex 8.57279 -25.2546 0
    endloop
  endfacet
  facet normal -0.995183 -0.0980382 0
    outer loop
      vertex -26.4418 -3.48113 0
      vertex -26.6129 -1.7443 20
      vertex -26.6129 -1.7443 0
    endloop
  endfacet
  facet normal -0.995183 -0.0980382 0
    outer loop
      vertex -26.6129 -1.7443 20
      vertex -26.4418 -3.48113 0
      vertex -26.4418 -3.48113 20
    endloop
  endfacet
  facet normal -0.471388 -0.881926 0
    outer loop
      vertex -13.335 -23.0969 0
      vertex -11.7958 -23.9196 20
      vertex -13.335 -23.0969 20
    endloop
  endfacet
  facet normal -0.471388 -0.881926 -0
    outer loop
      vertex -11.7958 -23.9196 20
      vertex -13.335 -23.0969 0
      vertex -11.7958 -23.9196 0
    endloop
  endfacet
  facet normal 0.93592 0.352214 0
    outer loop
      vertex 25.2546 8.57279 20
      vertex 24.6399 10.2062 0
      vertex 24.6399 10.2062 20
    endloop
  endfacet
  facet normal 0.93592 0.352214 0
    outer loop
      vertex 24.6399 10.2062 0
      vertex 25.2546 8.57279 20
      vertex 25.2546 8.57279 0
    endloop
  endfacet
  facet normal -0.93592 0.352214 0
    outer loop
      vertex -25.2546 8.57279 0
      vertex -24.6399 10.2062 20
      vertex -24.6399 10.2062 0
    endloop
  endfacet
  facet normal -0.93592 0.352214 0
    outer loop
      vertex -24.6399 10.2062 20
      vertex -25.2546 8.57279 0
      vertex -25.2546 8.57279 20
    endloop
  endfacet
  facet normal -0.471388 0.881926 0
    outer loop
      vertex -11.7958 23.9196 0
      vertex -13.335 23.0969 20
      vertex -11.7958 23.9196 20
    endloop
  endfacet
  facet normal -0.471388 0.881926 0
    outer loop
      vertex -13.335 23.0969 20
      vertex -11.7958 23.9196 0
      vertex -13.335 23.0969 0
    endloop
  endfacet
  facet normal -0.0980382 0.995183 0
    outer loop
      vertex -1.7443 26.6129 0
      vertex -3.48113 26.4418 20
      vertex -1.7443 26.6129 20
    endloop
  endfacet
  facet normal -0.0980382 0.995183 0
    outer loop
      vertex -3.48113 26.4418 20
      vertex -1.7443 26.6129 0
      vertex -3.48113 26.4418 0
    endloop
  endfacet
  facet normal 0.999465 -0.0327177 0
    outer loop
      vertex 26.6129 -1.7443 20
      vertex 26.67 0 0
      vertex 26.67 0 20
    endloop
  endfacet
  facet normal 0.999465 -0.0327177 0
    outer loop
      vertex 26.67 0 0
      vertex 26.6129 -1.7443 20
      vertex 26.6129 -1.7443 0
    endloop
  endfacet
  facet normal 0.471388 -0.881926 0
    outer loop
      vertex 11.7958 -23.9196 0
      vertex 13.335 -23.0969 20
      vertex 11.7958 -23.9196 20
    endloop
  endfacet
  facet normal 0.471388 -0.881926 0
    outer loop
      vertex 13.335 -23.0969 20
      vertex 11.7958 -23.9196 0
      vertex 13.335 -23.0969 0
    endloop
  endfacet
  facet normal -0.290276 0.956943 0
    outer loop
      vertex -6.9027 25.7612 0
      vertex -8.57279 25.2546 20
      vertex -6.9027 25.7612 20
    endloop
  endfacet
  facet normal -0.290276 0.956943 0
    outer loop
      vertex -8.57279 25.2546 20
      vertex -6.9027 25.7612 0
      vertex -8.57279 25.2546 0
    endloop
  endfacet
  facet normal 0.881926 -0.471388 0
    outer loop
      vertex 23.0969 -13.335 20
      vertex 23.9196 -11.7958 0
      vertex 23.9196 -11.7958 20
    endloop
  endfacet
  facet normal 0.881926 -0.471388 0
    outer loop
      vertex 23.9196 -11.7958 0
      vertex 23.0969 -13.335 20
      vertex 23.0969 -13.335 0
    endloop
  endfacet
  facet normal 0.973877 0.227076 0
    outer loop
      vertex 26.1575 5.20306 20
      vertex 25.7612 6.9027 0
      vertex 25.7612 6.9027 20
    endloop
  endfacet
  facet normal 0.973877 0.227076 0
    outer loop
      vertex 25.7612 6.9027 0
      vertex 26.1575 5.20306 20
      vertex 26.1575 5.20306 0
    endloop
  endfacet
  facet normal -0.995183 0.0980382 0
    outer loop
      vertex -26.6129 1.7443 0
      vertex -26.4418 3.48113 20
      vertex -26.4418 3.48113 0
    endloop
  endfacet
  facet normal -0.995183 0.0980382 0
    outer loop
      vertex -26.4418 3.48113 20
      vertex -26.6129 1.7443 0
      vertex -26.6129 1.7443 20
    endloop
  endfacet
  facet normal 0.0333148 -0.999445 0
    outer loop
      vertex 1.525 -26.6201 17
      vertex 1.525 -26.6201 0
      vertex 1.6 -26.6176 17
    endloop
  endfacet
  facet normal 0.0325538 -0.99947 0
    outer loop
      vertex 1.6 -26.6176 17
      vertex 1.7443 -26.6129 20
      vertex 1.6 -26.6176 20
    endloop
  endfacet
  facet normal 0.0328141 -0.999461 2.21173e-06
    outer loop
      vertex 1.7443 -26.6129 0
      vertex 1.6 -26.6176 17
      vertex 1.525 -26.6201 0
    endloop
  endfacet
  facet normal 0.0325538 -0.99947 0
    outer loop
      vertex 1.6 -26.6176 17
      vertex 1.7443 -26.6129 0
      vertex 1.7443 -26.6129 20
    endloop
  endfacet
  facet normal 0.582495 -0.812834 0
    outer loop
      vertex 14.8171 -22.1753 0
      vertex 16.2357 -21.1587 20
      vertex 14.8171 -22.1753 20
    endloop
  endfacet
  facet normal 0.582495 -0.812834 0
    outer loop
      vertex 16.2357 -21.1587 20
      vertex 14.8171 -22.1753 0
      vertex 16.2357 -21.1587 0
    endloop
  endfacet
  facet normal -0.849225 0.528032 0
    outer loop
      vertex -22.2912 14.6307 0
      vertex -22.1753 14.8171 20
      vertex -22.1753 14.8171 0
    endloop
  endfacet
  facet normal -0.849225 0.528032 0
    outer loop
      vertex -22.1753 14.8171 20
      vertex -22.2912 14.6307 0
      vertex -22.2912 14.6307 20
    endloop
  endfacet
  facet normal 0.634367 0.773032 -0
    outer loop
      vertex 17.5848 20.0516 0
      vertex 16.2357 21.1587 20
      vertex 17.5848 20.0516 20
    endloop
  endfacet
  facet normal 0.634367 0.773032 0
    outer loop
      vertex 16.2357 21.1587 20
      vertex 17.5848 20.0516 0
      vertex 16.2357 21.1587 0
    endloop
  endfacet
  facet normal -0.634367 0.773032 0
    outer loop
      vertex -16.2357 21.1587 0
      vertex -17.5848 20.0516 20
      vertex -16.2357 21.1587 20
    endloop
  endfacet
  facet normal -0.634367 0.773032 0
    outer loop
      vertex -17.5848 20.0516 20
      vertex -16.2357 21.1587 0
      vertex -17.5848 20.0516 0
    endloop
  endfacet
  facet normal -0.634367 -0.773032 0
    outer loop
      vertex -17.5848 -20.0516 0
      vertex -16.2357 -21.1587 20
      vertex -17.5848 -20.0516 20
    endloop
  endfacet
  facet normal -0.634367 -0.773032 -0
    outer loop
      vertex -16.2357 -21.1587 20
      vertex -17.5848 -20.0516 0
      vertex -16.2357 -21.1587 0
    endloop
  endfacet
  facet normal -0.881974 0.471298 0
    outer loop
      vertex -23.9196 11.7958 0
      vertex -23.8162 11.9893 20
      vertex -23.8162 11.9893 0
    endloop
  endfacet
  facet normal -0.881974 0.471298 0
    outer loop
      vertex -23.8162 11.9893 20
      vertex -23.9196 11.7958 0
      vertex -23.9196 11.7958 20
    endloop
  endfacet
  facet normal 0.634367 -0.773032 0
    outer loop
      vertex 16.2357 -21.1587 0
      vertex 17.5848 -20.0516 20
      vertex 16.2357 -21.1587 20
    endloop
  endfacet
  facet normal 0.634367 -0.773032 0
    outer loop
      vertex 17.5848 -20.0516 20
      vertex 16.2357 -21.1587 0
      vertex 17.5848 -20.0516 0
    endloop
  endfacet
  facet normal 0.910851 -0.412736 0
    outer loop
      vertex 23.9196 -11.7958 20
      vertex 24.6399 -10.2062 0
      vertex 24.6399 -10.2062 20
    endloop
  endfacet
  facet normal 0.910851 -0.412736 0
    outer loop
      vertex 24.6399 -10.2062 0
      vertex 23.9196 -11.7958 20
      vertex 23.9196 -11.7958 0
    endloop
  endfacet
  facet normal -0.956943 -0.290276 0
    outer loop
      vertex -25.2546 -8.57279 0
      vertex -25.7612 -6.9027 20
      vertex -25.7612 -6.9027 0
    endloop
  endfacet
  facet normal -0.956943 -0.290276 0
    outer loop
      vertex -25.7612 -6.9027 20
      vertex -25.2546 -8.57279 0
      vertex -25.2546 -8.57279 20
    endloop
  endfacet
  facet normal 0.471388 0.881926 -0
    outer loop
      vertex 13.335 23.0969 0
      vertex 11.7958 23.9196 20
      vertex 13.335 23.0969 20
    endloop
  endfacet
  facet normal 0.471388 0.881926 0
    outer loop
      vertex 11.7958 23.9196 20
      vertex 13.335 23.0969 0
      vertex 11.7958 23.9196 0
    endloop
  endfacet
  facet normal 0.773032 0.634367 0
    outer loop
      vertex 21.1587 16.2357 20
      vertex 20.0516 17.5848 0
      vertex 20.0516 17.5848 20
    endloop
  endfacet
  facet normal 0.773032 0.634367 0
    outer loop
      vertex 20.0516 17.5848 0
      vertex 21.1587 16.2357 20
      vertex 21.1587 16.2357 0
    endloop
  endfacet
  facet normal -0.227076 -0.973877 0
    outer loop
      vertex -6.9027 -25.7612 0
      vertex -5.20306 -26.1575 20
      vertex -6.9027 -25.7612 20
    endloop
  endfacet
  facet normal -0.227076 -0.973877 -0
    outer loop
      vertex -5.20306 -26.1575 20
      vertex -6.9027 -25.7612 0
      vertex -5.20306 -26.1575 0
    endloop
  endfacet
  facet normal 0.683638 0.729821 -0
    outer loop
      vertex 18.8585 18.8585 0
      vertex 17.5848 20.0516 20
      vertex 18.8585 18.8585 20
    endloop
  endfacet
  facet normal 0.683638 0.729821 0
    outer loop
      vertex 17.5848 20.0516 20
      vertex 18.8585 18.8585 0
      vertex 17.5848 20.0516 0
    endloop
  endfacet
  facet normal -0.1629 0.986643 0
    outer loop
      vertex -3.48113 26.4418 0
      vertex -5.20306 26.1575 20
      vertex -3.48113 26.4418 20
    endloop
  endfacet
  facet normal -0.1629 0.986643 0
    outer loop
      vertex -5.20306 26.1575 20
      vertex -3.48113 26.4418 0
      vertex -5.20306 26.1575 0
    endloop
  endfacet
  facet normal -0.881926 -0.471388 0
    outer loop
      vertex -23.0969 -13.335 0
      vertex -23.9196 -11.7958 20
      vertex -23.9196 -11.7958 0
    endloop
  endfacet
  facet normal -0.881926 -0.471388 0
    outer loop
      vertex -23.9196 -11.7958 20
      vertex -23.0969 -13.335 0
      vertex -23.0969 -13.335 20
    endloop
  endfacet
  facet normal 0.528056 0.84921 -0
    outer loop
      vertex 14.8171 22.1753 0
      vertex 13.335 23.0969 20
      vertex 14.8171 22.1753 20
    endloop
  endfacet
  facet normal 0.528056 0.84921 0
    outer loop
      vertex 13.335 23.0969 20
      vertex 14.8171 22.1753 0
      vertex 13.335 23.0969 0
    endloop
  endfacet
  facet normal -0.84921 -0.528056 0
    outer loop
      vertex -22.1753 -14.8171 0
      vertex -23.0969 -13.335 20
      vertex -23.0969 -13.335 0
    endloop
  endfacet
  facet normal -0.84921 -0.528056 0
    outer loop
      vertex -23.0969 -13.335 20
      vertex -22.1753 -14.8171 0
      vertex -22.1753 -14.8171 20
    endloop
  endfacet
  facet normal 0.849225 0.528032 0
    outer loop
      vertex 22.2912 14.6307 20
      vertex 22.1753 14.8171 0
      vertex 22.1753 14.8171 20
    endloop
  endfacet
  facet normal 0.849225 0.528032 0
    outer loop
      vertex 22.1753 14.8171 0
      vertex 22.2912 14.6307 20
      vertex 22.2912 14.6307 0
    endloop
  endfacet
  facet normal 0.93592 -0.352214 0
    outer loop
      vertex 24.6399 -10.2062 20
      vertex 25.2546 -8.57279 0
      vertex 25.2546 -8.57279 20
    endloop
  endfacet
  facet normal 0.93592 -0.352214 0
    outer loop
      vertex 25.2546 -8.57279 0
      vertex 24.6399 -10.2062 20
      vertex 24.6399 -10.2062 0
    endloop
  endfacet
  facet normal 0.956943 0.290276 0
    outer loop
      vertex 25.7612 6.9027 20
      vertex 25.2546 8.57279 0
      vertex 25.2546 8.57279 20
    endloop
  endfacet
  facet normal 0.956943 0.290276 0
    outer loop
      vertex 25.2546 8.57279 0
      vertex 25.7612 6.9027 20
      vertex 25.7612 6.9027 0
    endloop
  endfacet
  facet normal 0.0327177 0.999465 -0
    outer loop
      vertex 1.7443 26.6129 0
      vertex 0 26.67 20
      vertex 1.7443 26.6129 20
    endloop
  endfacet
  facet normal 0.0327177 0.999465 0
    outer loop
      vertex 0 26.67 20
      vertex 1.7443 26.6129 0
      vertex 0 26.67 0
    endloop
  endfacet
  facet normal 0.881974 0.471298 0
    outer loop
      vertex 23.9196 11.7958 20
      vertex 23.8162 11.9893 0
      vertex 23.8162 11.9893 20
    endloop
  endfacet
  facet normal 0.881974 0.471298 0
    outer loop
      vertex 23.8162 11.9893 0
      vertex 23.9196 11.7958 20
      vertex 23.9196 11.7958 0
    endloop
  endfacet
  facet normal 0.0980382 0.995183 -0
    outer loop
      vertex 3.48113 26.4418 0
      vertex 1.7443 26.6129 20
      vertex 3.48113 26.4418 20
    endloop
  endfacet
  facet normal 0.0980382 0.995183 0
    outer loop
      vertex 1.7443 26.6129 20
      vertex 3.48113 26.4418 0
      vertex 1.7443 26.6129 0
    endloop
  endfacet
  facet normal -0.999465 0.0327177 0
    outer loop
      vertex -26.67 0 0
      vertex -26.6129 1.7443 20
      vertex -26.6129 1.7443 0
    endloop
  endfacet
  facet normal -0.999465 0.0327177 0
    outer loop
      vertex -26.6129 1.7443 20
      vertex -26.67 0 0
      vertex -26.67 0 20
    endloop
  endfacet
  facet normal -0.683638 0.729821 0
    outer loop
      vertex -17.5848 20.0516 0
      vertex -18.8585 18.8585 20
      vertex -17.5848 20.0516 20
    endloop
  endfacet
  facet normal -0.683638 0.729821 0
    outer loop
      vertex -18.8585 18.8585 20
      vertex -17.5848 20.0516 0
      vertex -18.8585 18.8585 0
    endloop
  endfacet
  facet normal 0.352214 -0.93592 0
    outer loop
      vertex 8.57279 -25.2546 0
      vertex 10.2062 -24.6399 20
      vertex 8.57279 -25.2546 20
    endloop
  endfacet
  facet normal 0.352214 -0.93592 0
    outer loop
      vertex 10.2062 -24.6399 20
      vertex 8.57279 -25.2546 0
      vertex 10.2062 -24.6399 0
    endloop
  endfacet
  facet normal -0.812834 -0.582495 0
    outer loop
      vertex -21.1587 -16.2357 0
      vertex -22.1753 -14.8171 20
      vertex -22.1753 -14.8171 0
    endloop
  endfacet
  facet normal -0.812834 -0.582495 0
    outer loop
      vertex -22.1753 -14.8171 20
      vertex -21.1587 -16.2357 0
      vertex -21.1587 -16.2357 20
    endloop
  endfacet
  facet normal -0.0980382 -0.995183 0
    outer loop
      vertex -3.48113 -26.4418 0
      vertex -1.7443 -26.6129 20
      vertex -3.48113 -26.4418 20
    endloop
  endfacet
  facet normal -0.0980382 -0.995183 -0
    outer loop
      vertex -1.7443 -26.6129 20
      vertex -3.48113 -26.4418 0
      vertex -1.7443 -26.6129 0
    endloop
  endfacet
  facet normal -0.528056 0.84921 0
    outer loop
      vertex -13.335 23.0969 0
      vertex -14.8171 22.1753 20
      vertex -13.335 23.0969 20
    endloop
  endfacet
  facet normal -0.528056 0.84921 0
    outer loop
      vertex -14.8171 22.1753 20
      vertex -13.335 23.0969 0
      vertex -14.8171 22.1753 0
    endloop
  endfacet
  facet normal 0.227076 -0.973877 0
    outer loop
      vertex 5.20306 -26.1575 0
      vertex 6.9027 -25.7612 20
      vertex 5.20306 -26.1575 20
    endloop
  endfacet
  facet normal 0.227076 -0.973877 0
    outer loop
      vertex 6.9027 -25.7612 20
      vertex 5.20306 -26.1575 0
      vertex 6.9027 -25.7612 0
    endloop
  endfacet
  facet normal 0.1629 -0.986643 0
    outer loop
      vertex 3.48113 -26.4418 0
      vertex 5.20306 -26.1575 20
      vertex 3.48113 -26.4418 20
    endloop
  endfacet
  facet normal 0.1629 -0.986643 0
    outer loop
      vertex 5.20306 -26.1575 20
      vertex 3.48113 -26.4418 0
      vertex 5.20306 -26.1575 0
    endloop
  endfacet
  facet normal 0.995183 -0.0980382 0
    outer loop
      vertex 26.4418 -3.48113 20
      vertex 26.6129 -1.7443 0
      vertex 26.6129 -1.7443 20
    endloop
  endfacet
  facet normal 0.995183 -0.0980382 0
    outer loop
      vertex 26.6129 -1.7443 0
      vertex 26.4418 -3.48113 20
      vertex 26.4418 -3.48113 0
    endloop
  endfacet
  facet normal -0.956943 0.290276 0
    outer loop
      vertex -25.7612 6.9027 0
      vertex -25.2546 8.57279 20
      vertex -25.2546 8.57279 0
    endloop
  endfacet
  facet normal -0.956943 0.290276 0
    outer loop
      vertex -25.2546 8.57279 20
      vertex -25.7612 6.9027 0
      vertex -25.7612 6.9027 20
    endloop
  endfacet
  facet normal -0.93592 -0.352214 0
    outer loop
      vertex -24.6399 -10.2062 0
      vertex -25.2546 -8.57279 20
      vertex -25.2546 -8.57279 0
    endloop
  endfacet
  facet normal -0.93592 -0.352214 0
    outer loop
      vertex -25.2546 -8.57279 20
      vertex -24.6399 -10.2062 0
      vertex -24.6399 -10.2062 20
    endloop
  endfacet
  facet normal 0.412736 -0.910851 0
    outer loop
      vertex 10.2062 -24.6399 0
      vertex 11.7958 -23.9196 20
      vertex 10.2062 -24.6399 20
    endloop
  endfacet
  facet normal 0.412736 -0.910851 0
    outer loop
      vertex 11.7958 -23.9196 20
      vertex 10.2062 -24.6399 0
      vertex 11.7958 -23.9196 0
    endloop
  endfacet
  facet normal -0.986643 -0.1629 0
    outer loop
      vertex -26.1575 -5.20306 0
      vertex -26.4418 -3.48113 20
      vertex -26.4418 -3.48113 0
    endloop
  endfacet
  facet normal -0.986643 -0.1629 0
    outer loop
      vertex -26.4418 -3.48113 20
      vertex -26.1575 -5.20306 0
      vertex -26.1575 -5.20306 20
    endloop
  endfacet
  facet normal -0.290276 -0.956943 0
    outer loop
      vertex -8.57279 -25.2546 0
      vertex -6.9027 -25.7612 20
      vertex -8.57279 -25.2546 20
    endloop
  endfacet
  facet normal -0.290276 -0.956943 -0
    outer loop
      vertex -6.9027 -25.7612 20
      vertex -8.57279 -25.2546 0
      vertex -6.9027 -25.7612 0
    endloop
  endfacet
  facet normal 0.412736 0.910851 -0
    outer loop
      vertex 11.7958 23.9196 0
      vertex 10.2062 24.6399 20
      vertex 11.7958 23.9196 20
    endloop
  endfacet
  facet normal 0.412736 0.910851 0
    outer loop
      vertex 10.2062 24.6399 20
      vertex 11.7958 23.9196 0
      vertex 10.2062 24.6399 0
    endloop
  endfacet
  facet normal 0.812834 0.582495 0
    outer loop
      vertex 22.1753 14.8171 20
      vertex 21.1587 16.2357 0
      vertex 21.1587 16.2357 20
    endloop
  endfacet
  facet normal 0.812834 0.582495 0
    outer loop
      vertex 21.1587 16.2357 0
      vertex 22.1753 14.8171 20
      vertex 22.1753 14.8171 0
    endloop
  endfacet
  facet normal 0.582495 0.812834 -0
    outer loop
      vertex 16.2357 21.1587 0
      vertex 14.8171 22.1753 20
      vertex 16.2357 21.1587 20
    endloop
  endfacet
  facet normal 0.582495 0.812834 0
    outer loop
      vertex 14.8171 22.1753 20
      vertex 16.2357 21.1587 0
      vertex 14.8171 22.1753 0
    endloop
  endfacet
  facet normal -0.0327177 0.999465 0
    outer loop
      vertex 0 26.67 0
      vertex -1.7443 26.6129 20
      vertex 0 26.67 20
    endloop
  endfacet
  facet normal -0.0327177 0.999465 0
    outer loop
      vertex -1.7443 26.6129 20
      vertex 0 26.67 0
      vertex -1.7443 26.6129 0
    endloop
  endfacet
  facet normal -0.999465 -0.0327177 0
    outer loop
      vertex -26.6129 -1.7443 0
      vertex -26.67 0 20
      vertex -26.67 0 0
    endloop
  endfacet
  facet normal -0.999465 -0.0327177 0
    outer loop
      vertex -26.67 0 20
      vertex -26.6129 -1.7443 0
      vertex -26.6129 -1.7443 20
    endloop
  endfacet
  facet normal -0.352214 0.93592 0
    outer loop
      vertex -8.57279 25.2546 0
      vertex -10.2062 24.6399 20
      vertex -8.57279 25.2546 20
    endloop
  endfacet
  facet normal -0.352214 0.93592 0
    outer loop
      vertex -10.2062 24.6399 20
      vertex -8.57279 25.2546 0
      vertex -10.2062 24.6399 0
    endloop
  endfacet
  facet normal 0.729821 -0.683638 0
    outer loop
      vertex 18.8585 -18.8585 20
      vertex 20.0516 -17.5848 0
      vertex 20.0516 -17.5848 20
    endloop
  endfacet
  facet normal 0.729821 -0.683638 0
    outer loop
      vertex 20.0516 -17.5848 0
      vertex 18.8585 -18.8585 20
      vertex 18.8585 -18.8585 0
    endloop
  endfacet
  facet normal -0.412736 -0.910851 0
    outer loop
      vertex -11.7958 -23.9196 0
      vertex -10.2062 -24.6399 20
      vertex -11.7958 -23.9196 20
    endloop
  endfacet
  facet normal -0.412736 -0.910851 -0
    outer loop
      vertex -10.2062 -24.6399 20
      vertex -11.7958 -23.9196 0
      vertex -10.2062 -24.6399 0
    endloop
  endfacet
  facet normal -0.773032 -0.634367 0
    outer loop
      vertex -20.0516 -17.5848 0
      vertex -21.1587 -16.2357 20
      vertex -21.1587 -16.2357 0
    endloop
  endfacet
  facet normal -0.773032 -0.634367 0
    outer loop
      vertex -21.1587 -16.2357 20
      vertex -20.0516 -17.5848 0
      vertex -20.0516 -17.5848 20
    endloop
  endfacet
  facet normal -0.729821 0.683638 0
    outer loop
      vertex -20.0516 17.5848 0
      vertex -18.8585 18.8585 20
      vertex -18.8585 18.8585 0
    endloop
  endfacet
  facet normal -0.729821 0.683638 0
    outer loop
      vertex -18.8585 18.8585 20
      vertex -20.0516 17.5848 0
      vertex -20.0516 17.5848 20
    endloop
  endfacet
  facet normal 0.729821 0.683638 0
    outer loop
      vertex 20.0516 17.5848 20
      vertex 18.8585 18.8585 0
      vertex 18.8585 18.8585 20
    endloop
  endfacet
  facet normal 0.729821 0.683638 0
    outer loop
      vertex 18.8585 18.8585 0
      vertex 20.0516 17.5848 20
      vertex 20.0516 17.5848 0
    endloop
  endfacet
  facet normal 0.910851 0.412736 0
    outer loop
      vertex 24.6399 10.2062 20
      vertex 23.9196 11.7958 0
      vertex 23.9196 11.7958 20
    endloop
  endfacet
  facet normal 0.910851 0.412736 0
    outer loop
      vertex 23.9196 11.7958 0
      vertex 24.6399 10.2062 20
      vertex 24.6399 10.2062 0
    endloop
  endfacet
  facet normal -0.227076 0.973877 0
    outer loop
      vertex -5.20306 26.1575 0
      vertex -6.9027 25.7612 20
      vertex -5.20306 26.1575 20
    endloop
  endfacet
  facet normal -0.227076 0.973877 0
    outer loop
      vertex -6.9027 25.7612 20
      vertex -5.20306 26.1575 0
      vertex -6.9027 25.7612 0
    endloop
  endfacet
  facet normal 0.956943 -0.290276 0
    outer loop
      vertex 25.2546 -8.57279 20
      vertex 25.7612 -6.9027 0
      vertex 25.7612 -6.9027 20
    endloop
  endfacet
  facet normal 0.956943 -0.290276 0
    outer loop
      vertex 25.7612 -6.9027 0
      vertex 25.2546 -8.57279 20
      vertex 25.2546 -8.57279 0
    endloop
  endfacet
  facet normal -0.729821 -0.683638 0
    outer loop
      vertex -18.8585 -18.8585 0
      vertex -20.0516 -17.5848 20
      vertex -20.0516 -17.5848 0
    endloop
  endfacet
  facet normal -0.729821 -0.683638 0
    outer loop
      vertex -20.0516 -17.5848 20
      vertex -18.8585 -18.8585 0
      vertex -18.8585 -18.8585 20
    endloop
  endfacet
  facet normal -0.986643 0.1629 0
    outer loop
      vertex -26.4418 3.48113 0
      vertex -26.1575 5.20306 20
      vertex -26.1575 5.20306 0
    endloop
  endfacet
  facet normal -0.986643 0.1629 0
    outer loop
      vertex -26.1575 5.20306 20
      vertex -26.4418 3.48113 0
      vertex -26.4418 3.48113 20
    endloop
  endfacet
  facet normal -0.0325538 -0.99947 0
    outer loop
      vertex -1.7443 -26.6129 20
      vertex -1.6 -26.6176 17
      vertex -1.6 -26.6176 20
    endloop
  endfacet
  facet normal -0.0325538 -0.99947 0
    outer loop
      vertex -1.7443 -26.6129 0
      vertex -1.6 -26.6176 17
      vertex -1.7443 -26.6129 20
    endloop
  endfacet
  facet normal -0.0333148 -0.999445 6.467e-06
    outer loop
      vertex -1.7443 -26.6129 0
      vertex -1.525 -26.6201 17
      vertex -1.6 -26.6176 17
    endloop
  endfacet
  facet normal -0.0328141 -0.999461 -0
    outer loop
      vertex -1.525 -26.6201 17
      vertex -1.7443 -26.6129 0
      vertex -1.525 -26.6201 0
    endloop
  endfacet
  facet normal -0.582495 -0.812834 0
    outer loop
      vertex -16.2357 -21.1587 0
      vertex -14.8171 -22.1753 20
      vertex -16.2357 -21.1587 20
    endloop
  endfacet
  facet normal -0.582495 -0.812834 -0
    outer loop
      vertex -14.8171 -22.1753 20
      vertex -16.2357 -21.1587 0
      vertex -14.8171 -22.1753 0
    endloop
  endfacet
  facet normal -0.352214 -0.93592 0
    outer loop
      vertex -10.2062 -24.6399 0
      vertex -8.57279 -25.2546 20
      vertex -10.2062 -24.6399 20
    endloop
  endfacet
  facet normal -0.352214 -0.93592 -0
    outer loop
      vertex -8.57279 -25.2546 20
      vertex -10.2062 -24.6399 0
      vertex -8.57279 -25.2546 0
    endloop
  endfacet
  facet normal -0.973877 0.227076 0
    outer loop
      vertex -26.1575 5.20306 0
      vertex -25.7612 6.9027 20
      vertex -25.7612 6.9027 0
    endloop
  endfacet
  facet normal -0.973877 0.227076 0
    outer loop
      vertex -25.7612 6.9027 20
      vertex -26.1575 5.20306 0
      vertex -26.1575 5.20306 20
    endloop
  endfacet
  facet normal 0.227076 0.973877 -0
    outer loop
      vertex 6.9027 25.7612 0
      vertex 5.20306 26.1575 20
      vertex 6.9027 25.7612 20
    endloop
  endfacet
  facet normal 0.227076 0.973877 0
    outer loop
      vertex 5.20306 26.1575 20
      vertex 6.9027 25.7612 0
      vertex 5.20306 26.1575 0
    endloop
  endfacet
  facet normal -0.582495 0.812834 0
    outer loop
      vertex -14.8171 22.1753 0
      vertex -16.2357 21.1587 20
      vertex -14.8171 22.1753 20
    endloop
  endfacet
  facet normal -0.582495 0.812834 0
    outer loop
      vertex -16.2357 21.1587 20
      vertex -14.8171 22.1753 0
      vertex -16.2357 21.1587 0
    endloop
  endfacet
  facet normal 0.84921 -0.528056 0
    outer loop
      vertex 22.1753 -14.8171 20
      vertex 23.0969 -13.335 0
      vertex 23.0969 -13.335 20
    endloop
  endfacet
  facet normal 0.84921 -0.528056 0
    outer loop
      vertex 23.0969 -13.335 0
      vertex 22.1753 -14.8171 20
      vertex 22.1753 -14.8171 0
    endloop
  endfacet
  facet normal -0.773032 0.634367 0
    outer loop
      vertex -21.1587 16.2357 0
      vertex -20.0516 17.5848 20
      vertex -20.0516 17.5848 0
    endloop
  endfacet
  facet normal -0.773032 0.634367 0
    outer loop
      vertex -20.0516 17.5848 20
      vertex -21.1587 16.2357 0
      vertex -21.1587 16.2357 20
    endloop
  endfacet
  facet normal 0.528056 -0.84921 0
    outer loop
      vertex 13.335 -23.0969 0
      vertex 14.8171 -22.1753 20
      vertex 13.335 -23.0969 20
    endloop
  endfacet
  facet normal 0.528056 -0.84921 0
    outer loop
      vertex 14.8171 -22.1753 20
      vertex 13.335 -23.0969 0
      vertex 14.8171 -22.1753 0
    endloop
  endfacet
  facet normal 0.1629 0.986643 -0
    outer loop
      vertex 5.20306 26.1575 0
      vertex 3.48113 26.4418 20
      vertex 5.20306 26.1575 20
    endloop
  endfacet
  facet normal 0.1629 0.986643 0
    outer loop
      vertex 3.48113 26.4418 20
      vertex 5.20306 26.1575 0
      vertex 3.48113 26.4418 0
    endloop
  endfacet
  facet normal 0.683638 -0.729821 0
    outer loop
      vertex 17.5848 -20.0516 0
      vertex 18.8585 -18.8585 20
      vertex 17.5848 -20.0516 20
    endloop
  endfacet
  facet normal 0.683638 -0.729821 0
    outer loop
      vertex 18.8585 -18.8585 20
      vertex 17.5848 -20.0516 0
      vertex 18.8585 -18.8585 0
    endloop
  endfacet
  facet normal 0.812834 -0.582495 0
    outer loop
      vertex 21.1587 -16.2357 20
      vertex 22.1753 -14.8171 0
      vertex 22.1753 -14.8171 20
    endloop
  endfacet
  facet normal 0.812834 -0.582495 0
    outer loop
      vertex 22.1753 -14.8171 0
      vertex 21.1587 -16.2357 20
      vertex 21.1587 -16.2357 0
    endloop
  endfacet
  facet normal -0.973877 -0.227076 0
    outer loop
      vertex -25.7612 -6.9027 0
      vertex -26.1575 -5.20306 20
      vertex -26.1575 -5.20306 0
    endloop
  endfacet
  facet normal -0.973877 -0.227076 0
    outer loop
      vertex -26.1575 -5.20306 20
      vertex -25.7612 -6.9027 0
      vertex -25.7612 -6.9027 20
    endloop
  endfacet
  facet normal -0.1629 -0.986643 0
    outer loop
      vertex -5.20306 -26.1575 0
      vertex -3.48113 -26.4418 20
      vertex -5.20306 -26.1575 20
    endloop
  endfacet
  facet normal -0.1629 -0.986643 -0
    outer loop
      vertex -3.48113 -26.4418 20
      vertex -5.20306 -26.1575 0
      vertex -3.48113 -26.4418 0
    endloop
  endfacet
  facet normal 0.290276 0.956943 -0
    outer loop
      vertex 8.57279 25.2546 0
      vertex 6.9027 25.7612 20
      vertex 8.57279 25.2546 20
    endloop
  endfacet
  facet normal 0.290276 0.956943 0
    outer loop
      vertex 6.9027 25.7612 20
      vertex 8.57279 25.2546 0
      vertex 6.9027 25.7612 0
    endloop
  endfacet
  facet normal -0.528056 -0.84921 0
    outer loop
      vertex -14.8171 -22.1753 0
      vertex -13.335 -23.0969 20
      vertex -14.8171 -22.1753 20
    endloop
  endfacet
  facet normal -0.528056 -0.84921 -0
    outer loop
      vertex -13.335 -23.0969 20
      vertex -14.8171 -22.1753 0
      vertex -13.335 -23.0969 0
    endloop
  endfacet
  facet normal -0.608714 -0.793389 0
    outer loop
      vertex 30.4037 18.3907 1.09
      vertex 30.704 18.1603 20
      vertex 30.4037 18.3907 20
    endloop
  endfacet
  facet normal -0.608714 -0.793389 -0
    outer loop
      vertex 30.704 18.1603 20
      vertex 30.4037 18.3907 1.09
      vertex 30.704 18.1603 1.09
    endloop
  endfacet
  facet normal -0.793389 -0.608714 0
    outer loop
      vertex 30.9344 17.86 1.09
      vertex 30.704 18.1603 20
      vertex 30.704 18.1603 1.09
    endloop
  endfacet
  facet normal -0.793389 -0.608714 0
    outer loop
      vertex 30.704 18.1603 20
      vertex 30.9344 17.86 1.09
      vertex 30.9344 17.86 20
    endloop
  endfacet
  facet normal -0.382795 -0.923833 0
    outer loop
      vertex 30.054 18.5356 1.09
      vertex 30.4037 18.3907 20
      vertex 30.054 18.5356 20
    endloop
  endfacet
  facet normal -0.382795 -0.923833 -0
    outer loop
      vertex 30.4037 18.3907 20
      vertex 30.054 18.5356 1.09
      vertex 30.4037 18.3907 1.09
    endloop
  endfacet
  facet normal 0.991448 -0.130502 0
    outer loop
      vertex 28.2287 17.135 20
      vertex 28.2781 17.5103 1.09
      vertex 28.2781 17.5103 20
    endloop
  endfacet
  facet normal 0.991448 -0.130502 0
    outer loop
      vertex 28.2781 17.5103 1.09
      vertex 28.2287 17.135 20
      vertex 28.2287 17.135 1.09
    endloop
  endfacet
  facet normal 0.923833 -0.382795 0
    outer loop
      vertex 28.2781 17.5103 20
      vertex 28.423 17.86 1.09
      vertex 28.423 17.86 20
    endloop
  endfacet
  facet normal 0.923833 -0.382795 0
    outer loop
      vertex 28.423 17.86 1.09
      vertex 28.2781 17.5103 20
      vertex 28.2781 17.5103 1.09
    endloop
  endfacet
  facet normal -0.793389 0.608714 0
    outer loop
      vertex 30.704 16.1097 1.09
      vertex 30.9344 16.41 20
      vertex 30.9344 16.41 1.09
    endloop
  endfacet
  facet normal -0.793389 0.608714 0
    outer loop
      vertex 30.9344 16.41 20
      vertex 30.704 16.1097 1.09
      vertex 30.704 16.1097 20
    endloop
  endfacet
  facet normal 0.991448 0.130502 0
    outer loop
      vertex 28.2781 16.7597 20
      vertex 28.2287 17.135 1.09
      vertex 28.2287 17.135 20
    endloop
  endfacet
  facet normal 0.991448 0.130502 0
    outer loop
      vertex 28.2287 17.135 1.09
      vertex 28.2781 16.7597 20
      vertex 28.2781 16.7597 1.09
    endloop
  endfacet
  facet normal -0.130502 -0.991448 0
    outer loop
      vertex 29.6787 18.585 1.09
      vertex 30.054 18.5356 20
      vertex 29.6787 18.585 20
    endloop
  endfacet
  facet normal -0.130502 -0.991448 -0
    outer loop
      vertex 30.054 18.5356 20
      vertex 29.6787 18.585 1.09
      vertex 30.054 18.5356 1.09
    endloop
  endfacet
  facet normal 0.382795 -0.923833 0
    outer loop
      vertex 28.9537 18.3907 1.09
      vertex 29.3034 18.5356 20
      vertex 28.9537 18.3907 20
    endloop
  endfacet
  facet normal 0.382795 -0.923833 0
    outer loop
      vertex 29.3034 18.5356 20
      vertex 28.9537 18.3907 1.09
      vertex 29.3034 18.5356 1.09
    endloop
  endfacet
  facet normal -0.130502 0.991448 0
    outer loop
      vertex 30.054 15.7344 1.09
      vertex 29.6787 15.685 20
      vertex 30.054 15.7344 20
    endloop
  endfacet
  facet normal -0.130502 0.991448 0
    outer loop
      vertex 29.6787 15.685 20
      vertex 30.054 15.7344 1.09
      vertex 29.6787 15.685 1.09
    endloop
  endfacet
  facet normal -0.608714 0.793389 0
    outer loop
      vertex 30.704 16.1097 1.09
      vertex 30.4037 15.8793 20
      vertex 30.704 16.1097 20
    endloop
  endfacet
  facet normal -0.608714 0.793389 0
    outer loop
      vertex 30.4037 15.8793 20
      vertex 30.704 16.1097 1.09
      vertex 30.4037 15.8793 1.09
    endloop
  endfacet
  facet normal -0.991448 0.130502 0
    outer loop
      vertex 31.0793 16.7597 1.09
      vertex 31.1287 17.135 20
      vertex 31.1287 17.135 1.09
    endloop
  endfacet
  facet normal -0.991448 0.130502 0
    outer loop
      vertex 31.1287 17.135 20
      vertex 31.0793 16.7597 1.09
      vertex 31.0793 16.7597 20
    endloop
  endfacet
  facet normal -0.923833 0.382795 0
    outer loop
      vertex 30.9344 16.41 1.09
      vertex 31.0793 16.7597 20
      vertex 31.0793 16.7597 1.09
    endloop
  endfacet
  facet normal -0.923833 0.382795 0
    outer loop
      vertex 31.0793 16.7597 20
      vertex 30.9344 16.41 1.09
      vertex 30.9344 16.41 20
    endloop
  endfacet
  facet normal 0.382795 0.923833 -0
    outer loop
      vertex 29.3034 15.7344 1.09
      vertex 28.9537 15.8793 20
      vertex 29.3034 15.7344 20
    endloop
  endfacet
  facet normal 0.382795 0.923833 0
    outer loop
      vertex 28.9537 15.8793 20
      vertex 29.3034 15.7344 1.09
      vertex 28.9537 15.8793 1.09
    endloop
  endfacet
  facet normal -0.923833 -0.382795 0
    outer loop
      vertex 31.0793 17.5103 1.09
      vertex 30.9344 17.86 20
      vertex 30.9344 17.86 1.09
    endloop
  endfacet
  facet normal -0.923833 -0.382795 0
    outer loop
      vertex 30.9344 17.86 20
      vertex 31.0793 17.5103 1.09
      vertex 31.0793 17.5103 20
    endloop
  endfacet
  facet normal 0.923833 0.382795 0
    outer loop
      vertex 28.423 16.41 20
      vertex 28.2781 16.7597 1.09
      vertex 28.2781 16.7597 20
    endloop
  endfacet
  facet normal 0.923833 0.382795 0
    outer loop
      vertex 28.2781 16.7597 1.09
      vertex 28.423 16.41 20
      vertex 28.423 16.41 1.09
    endloop
  endfacet
  facet normal 0.608714 -0.793389 0
    outer loop
      vertex 28.6534 18.1603 1.09
      vertex 28.9537 18.3907 20
      vertex 28.6534 18.1603 20
    endloop
  endfacet
  facet normal 0.608714 -0.793389 0
    outer loop
      vertex 28.9537 18.3907 20
      vertex 28.6534 18.1603 1.09
      vertex 28.9537 18.3907 1.09
    endloop
  endfacet
  facet normal -0.991448 -0.130502 0
    outer loop
      vertex 31.1287 17.135 1.09
      vertex 31.0793 17.5103 20
      vertex 31.0793 17.5103 1.09
    endloop
  endfacet
  facet normal -0.991448 -0.130502 0
    outer loop
      vertex 31.0793 17.5103 20
      vertex 31.1287 17.135 1.09
      vertex 31.1287 17.135 20
    endloop
  endfacet
  facet normal 0.793389 -0.608714 0
    outer loop
      vertex 28.423 17.86 20
      vertex 28.6534 18.1603 1.09
      vertex 28.6534 18.1603 20
    endloop
  endfacet
  facet normal 0.793389 -0.608714 0
    outer loop
      vertex 28.6534 18.1603 1.09
      vertex 28.423 17.86 20
      vertex 28.423 17.86 1.09
    endloop
  endfacet
  facet normal 0.130502 -0.991448 0
    outer loop
      vertex 29.3034 18.5356 1.09
      vertex 29.6787 18.585 20
      vertex 29.3034 18.5356 20
    endloop
  endfacet
  facet normal 0.130502 -0.991448 0
    outer loop
      vertex 29.6787 18.585 20
      vertex 29.3034 18.5356 1.09
      vertex 29.6787 18.585 1.09
    endloop
  endfacet
  facet normal -0.382795 0.923833 0
    outer loop
      vertex 30.4037 15.8793 1.09
      vertex 30.054 15.7344 20
      vertex 30.4037 15.8793 20
    endloop
  endfacet
  facet normal -0.382795 0.923833 0
    outer loop
      vertex 30.054 15.7344 20
      vertex 30.4037 15.8793 1.09
      vertex 30.054 15.7344 1.09
    endloop
  endfacet
  facet normal 0.608714 0.793389 -0
    outer loop
      vertex 28.9537 15.8793 1.09
      vertex 28.6534 16.1097 20
      vertex 28.9537 15.8793 20
    endloop
  endfacet
  facet normal 0.608714 0.793389 0
    outer loop
      vertex 28.6534 16.1097 20
      vertex 28.9537 15.8793 1.09
      vertex 28.6534 16.1097 1.09
    endloop
  endfacet
  facet normal 0.793389 0.608714 0
    outer loop
      vertex 28.6534 16.1097 20
      vertex 28.423 16.41 1.09
      vertex 28.423 16.41 20
    endloop
  endfacet
  facet normal 0.793389 0.608714 0
    outer loop
      vertex 28.423 16.41 1.09
      vertex 28.6534 16.1097 20
      vertex 28.6534 16.1097 1.09
    endloop
  endfacet
  facet normal 0.130502 0.991448 -0
    outer loop
      vertex 29.6787 15.685 1.09
      vertex 29.3034 15.7344 20
      vertex 29.6787 15.685 20
    endloop
  endfacet
  facet normal 0.130502 0.991448 0
    outer loop
      vertex 29.3034 15.7344 20
      vertex 29.6787 15.685 1.09
      vertex 29.3034 15.7344 1.09
    endloop
  endfacet
  facet normal -0.563356 -0.432341 -0.704068
    outer loop
      vertex 31.4768 18.9283 0
      vertex 31.8784 18.405 0
      vertex 30.9344 17.86 1.09
    endloop
  endfacet
  facet normal -0.0926892 0.70405 -0.704075
    outer loop
      vertex 30.054 15.7344 1.09
      vertex 30.3361 14.6815 0
      vertex 29.6821 14.5954 0
    endloop
  endfacet
  facet normal 0.656042 -0.271834 -0.70407
    outer loop
      vertex 27.4777 18.4018 0
      vertex 28.423 17.86 1.09
      vertex 28.2781 17.5103 1.09
    endloop
  endfacet
  facet normal 0.65821 -0.267398 -0.703745
    outer loop
      vertex 28.423 17.86 1.09
      vertex 27.4777 18.4018 0
      vertex 27.479 18.405 0
    endloop
  endfacet
  facet normal -0.703314 0.103429 -0.703314
    outer loop
      vertex 32.2182 17.1316 0
      vertex 31.1287 17.135 1.09
      vertex 32.2187 17.135 0
    endloop
  endfacet
  facet normal -0.704081 0.0926767 -0.704047
    outer loop
      vertex 31.1287 17.135 1.09
      vertex 32.2182 17.1316 0
      vertex 31.0793 16.7597 1.09
    endloop
  endfacet
  facet normal -0.267398 -0.65821 -0.703745
    outer loop
      vertex 30.4037 18.3907 1.09
      vertex 30.9455 19.336 0
      vertex 30.9487 19.3347 0
    endloop
  endfacet
  facet normal -0.271834 -0.656042 -0.70407
    outer loop
      vertex 30.9455 19.336 0
      vertex 30.4037 18.3907 1.09
      vertex 30.054 18.5356 1.09
    endloop
  endfacet
  facet normal -0.432275 -0.56341 -0.704065
    outer loop
      vertex 30.9514 19.3326 0
      vertex 31.4747 18.9311 0
      vertex 30.704 18.1603 1.09
    endloop
  endfacet
  facet normal -0.0926892 -0.70405 -0.704075
    outer loop
      vertex 30.3361 19.5885 0
      vertex 30.054 18.5356 1.09
      vertex 29.6821 19.6746 0
    endloop
  endfacet
  facet normal 0.0926892 -0.70405 -0.704075
    outer loop
      vertex 29.6753 19.6746 0
      vertex 29.3034 18.5356 1.09
      vertex 29.0213 19.5885 0
    endloop
  endfacet
  facet normal 0.285026 -0.651489 -0.703081
    outer loop
      vertex 29.3034 18.5356 1.09
      vertex 29.0181 19.5871 0
      vertex 29.0213 19.5885 0
    endloop
  endfacet
  facet normal 0.271844 -0.656065 -0.704045
    outer loop
      vertex 29.0181 19.5871 0
      vertex 29.3034 18.5356 1.09
      vertex 28.9537 18.3907 1.09
    endloop
  endfacet
  facet normal 0.436168 0.560788 -0.703757
    outer loop
      vertex 28.406 14.9374 0
      vertex 28.9537 15.8793 1.09
      vertex 28.4087 14.9353 0
    endloop
  endfacet
  facet normal 0.432269 0.563413 -0.704066
    outer loop
      vertex 28.9537 15.8793 1.09
      vertex 28.406 14.9374 0
      vertex 28.6534 16.1097 1.09
    endloop
  endfacet
  facet normal -0.656082 -0.271735 -0.704071
    outer loop
      vertex 31.8784 18.405 0
      vertex 32.1308 17.7956 0
      vertex 30.9344 17.86 1.09
    endloop
  endfacet
  facet normal 0.656047 -0.271828 -0.704068
    outer loop
      vertex 27.4777 18.4018 0
      vertex 28.2781 17.5103 1.09
      vertex 27.2252 17.7924 0
    endloop
  endfacet
  facet normal -0.0829027 0.704673 -0.704673
    outer loop
      vertex 29.6787 15.685 1.09
      vertex 29.6821 14.5954 0
      vertex 29.6787 14.595 0
    endloop
  endfacet
  facet normal -0.0926725 0.704048 -0.704079
    outer loop
      vertex 29.6821 14.5954 0
      vertex 29.6787 15.685 1.09
      vertex 30.054 15.7344 1.09
    endloop
  endfacet
  facet normal -0.432341 0.563356 -0.704068
    outer loop
      vertex 31.472 15.3369 0
      vertex 30.9487 14.9353 0
      vertex 30.4037 15.8793 1.09
    endloop
  endfacet
  facet normal 0.70405 -0.0926892 -0.704075
    outer loop
      vertex 27.2252 17.7924 0
      vertex 28.2781 17.5103 1.09
      vertex 27.1391 17.1384 0
    endloop
  endfacet
  facet normal 0.432213 0.563438 -0.704081
    outer loop
      vertex 28.6534 16.1097 1.09
      vertex 28.406 14.9374 0
      vertex 27.8826 15.3389 0
    endloop
  endfacet
  facet normal 0.656065 0.271844 -0.704045
    outer loop
      vertex 27.2266 16.4744 0
      vertex 28.2781 16.7597 1.09
      vertex 28.423 16.41 1.09
    endloop
  endfacet
  facet normal 0.651489 0.285026 -0.703081
    outer loop
      vertex 28.2781 16.7597 1.09
      vertex 27.2266 16.4744 0
      vertex 27.2252 16.4776 0
    endloop
  endfacet
  facet normal 0.563438 -0.432213 -0.704081
    outer loop
      vertex 27.8826 18.9311 0
      vertex 28.6534 18.1603 1.09
      vertex 27.4811 18.4077 0
    endloop
  endfacet
  facet normal -0.65821 0.267398 -0.703745
    outer loop
      vertex 30.9344 16.41 1.09
      vertex 31.8797 15.8682 0
      vertex 31.8784 15.865 0
    endloop
  endfacet
  facet normal -0.656042 0.271834 -0.70407
    outer loop
      vertex 31.8797 15.8682 0
      vertex 30.9344 16.41 1.09
      vertex 31.0793 16.7597 1.09
    endloop
  endfacet
  facet normal -0.656107 0.271745 -0.704044
    outer loop
      vertex 32.1321 16.4776 0
      vertex 31.8797 15.8682 0
      vertex 31.0793 16.7597 1.09
    endloop
  endfacet
  facet normal 0.432281 -0.563429 -0.704046
    outer loop
      vertex 28.6534 18.1603 1.09
      vertex 27.8854 18.9331 0
      vertex 28.9537 18.3907 1.09
    endloop
  endfacet
  facet normal 0.413789 -0.579304 -0.702272
    outer loop
      vertex 27.8854 18.9331 0
      vertex 28.6534 18.1603 1.09
      vertex 27.8826 18.9311 0
    endloop
  endfacet
  facet normal 0.563413 -0.432269 -0.704066
    outer loop
      vertex 28.423 17.86 1.09
      vertex 27.4811 18.4077 0
      vertex 28.6534 18.1603 1.09
    endloop
  endfacet
  facet normal 0.560788 -0.436168 -0.703757
    outer loop
      vertex 27.4811 18.4077 0
      vertex 28.423 17.86 1.09
      vertex 27.479 18.405 0
    endloop
  endfacet
  facet normal 0.704048 -0.0926725 -0.704079
    outer loop
      vertex 28.2287 17.135 1.09
      vertex 27.1391 17.1384 0
      vertex 28.2781 17.5103 1.09
    endloop
  endfacet
  facet normal 0.704673 -0.0829027 -0.704673
    outer loop
      vertex 27.1391 17.1384 0
      vertex 28.2287 17.135 1.09
      vertex 27.1387 17.135 0
    endloop
  endfacet
  facet normal 0.656082 0.271735 -0.704071
    outer loop
      vertex 28.423 16.41 1.09
      vertex 27.479 15.865 0
      vertex 27.2266 16.4744 0
    endloop
  endfacet
  facet normal 0.271828 0.656047 -0.704068
    outer loop
      vertex 29.3034 15.7344 1.09
      vertex 29.0213 14.6815 0
      vertex 28.4119 14.934 0
    endloop
  endfacet
  facet normal -0.285026 0.651489 -0.703081
    outer loop
      vertex 30.054 15.7344 1.09
      vertex 30.3393 14.6829 0
      vertex 30.3361 14.6815 0
    endloop
  endfacet
  facet normal -0.271844 0.656065 -0.704045
    outer loop
      vertex 30.3393 14.6829 0
      vertex 30.054 15.7344 1.09
      vertex 30.4037 15.8793 1.09
    endloop
  endfacet
  facet normal -0.704082 0.0926934 -0.704043
    outer loop
      vertex 32.2182 17.1316 0
      vertex 32.1321 16.4776 0
      vertex 31.0793 16.7597 1.09
    endloop
  endfacet
  facet normal 0.0926892 0.70405 -0.704075
    outer loop
      vertex 29.3034 15.7344 1.09
      vertex 29.6753 14.5954 0
      vertex 29.0213 14.6815 0
    endloop
  endfacet
  facet normal -0.0926725 -0.704048 -0.704079
    outer loop
      vertex 29.6787 18.585 1.09
      vertex 29.6821 19.6746 0
      vertex 30.054 18.5356 1.09
    endloop
  endfacet
  facet normal -0.0829027 -0.704673 -0.704673
    outer loop
      vertex 29.6821 19.6746 0
      vertex 29.6787 18.585 1.09
      vertex 29.6787 19.675 0
    endloop
  endfacet
  facet normal 0.0829027 0.704673 -0.704673
    outer loop
      vertex 29.6753 14.5954 0
      vertex 29.6787 15.685 1.09
      vertex 29.6787 14.595 0
    endloop
  endfacet
  facet normal 0.0926725 0.704048 -0.704079
    outer loop
      vertex 29.6787 15.685 1.09
      vertex 29.6753 14.5954 0
      vertex 29.3034 15.7344 1.09
    endloop
  endfacet
  facet normal 0.0829027 -0.704673 -0.704673
    outer loop
      vertex 29.6787 18.585 1.09
      vertex 29.6753 19.6746 0
      vertex 29.6787 19.675 0
    endloop
  endfacet
  facet normal 0.0926725 -0.704048 -0.704079
    outer loop
      vertex 29.6753 19.6746 0
      vertex 29.6787 18.585 1.09
      vertex 29.3034 18.5356 1.09
    endloop
  endfacet
  facet normal 0.432341 -0.563356 -0.704068
    outer loop
      vertex 28.4087 19.3347 0
      vertex 28.9537 18.3907 1.09
      vertex 27.8854 18.9331 0
    endloop
  endfacet
  facet normal 0.271735 -0.656082 -0.704071
    outer loop
      vertex 29.0181 19.5871 0
      vertex 28.9537 18.3907 1.09
      vertex 28.4087 19.3347 0
    endloop
  endfacet
  facet normal -0.432269 -0.563413 -0.704066
    outer loop
      vertex 30.4037 18.3907 1.09
      vertex 30.9514 19.3326 0
      vertex 30.704 18.1603 1.09
    endloop
  endfacet
  facet normal -0.436168 -0.560788 -0.703757
    outer loop
      vertex 30.9514 19.3326 0
      vertex 30.4037 18.3907 1.09
      vertex 30.9487 19.3347 0
    endloop
  endfacet
  facet normal -0.271828 -0.656047 -0.704068
    outer loop
      vertex 30.3361 19.5885 0
      vertex 30.9455 19.336 0
      vertex 30.054 18.5356 1.09
    endloop
  endfacet
  facet normal 0.563404 0.432269 -0.704073
    outer loop
      vertex 28.423 16.41 1.09
      vertex 27.8805 15.3417 0
      vertex 27.479 15.865 0
    endloop
  endfacet
  facet normal 0.271834 0.656042 -0.70407
    outer loop
      vertex 28.4119 14.934 0
      vertex 28.9537 15.8793 1.09
      vertex 29.3034 15.7344 1.09
    endloop
  endfacet
  facet normal 0.267398 0.65821 -0.703745
    outer loop
      vertex 28.9537 15.8793 1.09
      vertex 28.4119 14.934 0
      vertex 28.4087 14.9353 0
    endloop
  endfacet
  facet normal -0.704082 -0.0926934 -0.704043
    outer loop
      vertex 32.1321 17.7924 0
      vertex 32.2182 17.1384 0
      vertex 31.0793 17.5103 1.09
    endloop
  endfacet
  facet normal -0.657652 -0.267171 -0.704353
    outer loop
      vertex 31.0793 17.5103 1.09
      vertex 32.1308 17.7956 0
      vertex 32.1321 17.7924 0
    endloop
  endfacet
  facet normal -0.656065 -0.271844 -0.704045
    outer loop
      vertex 32.1308 17.7956 0
      vertex 31.0793 17.5103 1.09
      vertex 30.9344 17.86 1.09
    endloop
  endfacet
  facet normal -0.271735 0.656082 -0.704071
    outer loop
      vertex 30.4037 15.8793 1.09
      vertex 30.9487 14.9353 0
      vertex 30.3393 14.6829 0
    endloop
  endfacet
  facet normal -0.423189 0.571305 -0.703223
    outer loop
      vertex 31.472 15.3369 0
      vertex 30.704 16.1097 1.09
      vertex 31.4747 15.3389 0
    endloop
  endfacet
  facet normal -0.432281 0.563429 -0.704046
    outer loop
      vertex 30.704 16.1097 1.09
      vertex 31.472 15.3369 0
      vertex 30.4037 15.8793 1.09
    endloop
  endfacet
  facet normal -0.560788 0.436168 -0.703757
    outer loop
      vertex 31.8763 15.8623 0
      vertex 30.9344 16.41 1.09
      vertex 31.8784 15.865 0
    endloop
  endfacet
  facet normal -0.563413 0.432269 -0.704066
    outer loop
      vertex 30.9344 16.41 1.09
      vertex 31.8763 15.8623 0
      vertex 30.704 16.1097 1.09
    endloop
  endfacet
  facet normal 0.704048 0.0926725 -0.704079
    outer loop
      vertex 27.1391 17.1316 0
      vertex 28.2287 17.135 1.09
      vertex 28.2781 16.7597 1.09
    endloop
  endfacet
  facet normal 0.704673 0.0829027 -0.704673
    outer loop
      vertex 28.2287 17.135 1.09
      vertex 27.1391 17.1316 0
      vertex 27.1387 17.135 0
    endloop
  endfacet
  facet normal 0.70405 0.0926892 -0.704075
    outer loop
      vertex 28.2781 16.7597 1.09
      vertex 27.2252 16.4776 0
      vertex 27.1391 17.1316 0
    endloop
  endfacet
  facet normal 0.568516 0.426387 -0.703551
    outer loop
      vertex 27.8805 15.3417 0
      vertex 28.6534 16.1097 1.09
      vertex 27.8826 15.3389 0
    endloop
  endfacet
  facet normal 0.563409 0.432266 -0.704072
    outer loop
      vertex 28.6534 16.1097 1.09
      vertex 27.8805 15.3417 0
      vertex 28.423 16.41 1.09
    endloop
  endfacet
  facet normal -0.563402 0.432293 -0.70406
    outer loop
      vertex 31.8763 15.8623 0
      vertex 31.4747 15.3389 0
      vertex 30.704 16.1097 1.09
    endloop
  endfacet
  facet normal -0.563429 -0.432281 -0.704046
    outer loop
      vertex 30.704 18.1603 1.09
      vertex 31.4768 18.9283 0
      vertex 30.9344 17.86 1.09
    endloop
  endfacet
  facet normal -0.568537 -0.426402 -0.703525
    outer loop
      vertex 31.4768 18.9283 0
      vertex 30.704 18.1603 1.09
      vertex 31.4747 18.9311 0
    endloop
  endfacet
  facet normal -0.703314 -0.103429 -0.703314
    outer loop
      vertex 31.1287 17.135 1.09
      vertex 32.2182 17.1384 0
      vertex 32.2187 17.135 0
    endloop
  endfacet
  facet normal -0.704081 -0.0926767 -0.704047
    outer loop
      vertex 32.2182 17.1384 0
      vertex 31.1287 17.135 1.09
      vertex 31.0793 17.5103 1.09
    endloop
  endfacet
  facet normal 0.991448 -0.130502 0
    outer loop
      vertex -31.1287 17.135 20
      vertex -31.0793 17.5103 1.09
      vertex -31.0793 17.5103 20
    endloop
  endfacet
  facet normal 0.991448 -0.130502 0
    outer loop
      vertex -31.0793 17.5103 1.09
      vertex -31.1287 17.135 20
      vertex -31.1287 17.135 1.09
    endloop
  endfacet
  facet normal 0.923833 -0.382795 0
    outer loop
      vertex -31.0793 17.5103 20
      vertex -30.9344 17.86 1.09
      vertex -30.9344 17.86 20
    endloop
  endfacet
  facet normal 0.923833 -0.382795 0
    outer loop
      vertex -30.9344 17.86 1.09
      vertex -31.0793 17.5103 20
      vertex -31.0793 17.5103 1.09
    endloop
  endfacet
  facet normal 0.991448 0.130502 0
    outer loop
      vertex -31.0793 16.7597 20
      vertex -31.1287 17.135 1.09
      vertex -31.1287 17.135 20
    endloop
  endfacet
  facet normal 0.991448 0.130502 0
    outer loop
      vertex -31.1287 17.135 1.09
      vertex -31.0793 16.7597 20
      vertex -31.0793 16.7597 1.09
    endloop
  endfacet
  facet normal -0.382795 0.923833 0
    outer loop
      vertex -28.9537 15.8793 1.09
      vertex -29.3034 15.7344 20
      vertex -28.9537 15.8793 20
    endloop
  endfacet
  facet normal -0.382795 0.923833 0
    outer loop
      vertex -29.3034 15.7344 20
      vertex -28.9537 15.8793 1.09
      vertex -29.3034 15.7344 1.09
    endloop
  endfacet
  facet normal -0.130502 0.991448 0
    outer loop
      vertex -29.3034 15.7344 1.09
      vertex -29.6787 15.685 20
      vertex -29.3034 15.7344 20
    endloop
  endfacet
  facet normal -0.130502 0.991448 0
    outer loop
      vertex -29.6787 15.685 20
      vertex -29.3034 15.7344 1.09
      vertex -29.6787 15.685 1.09
    endloop
  endfacet
  facet normal -0.130502 -0.991448 0
    outer loop
      vertex -29.6787 18.585 1.09
      vertex -29.3034 18.5356 20
      vertex -29.6787 18.585 20
    endloop
  endfacet
  facet normal -0.130502 -0.991448 -0
    outer loop
      vertex -29.3034 18.5356 20
      vertex -29.6787 18.585 1.09
      vertex -29.3034 18.5356 1.09
    endloop
  endfacet
  facet normal -0.608714 0.793389 0
    outer loop
      vertex -28.6534 16.1097 1.09
      vertex -28.9537 15.8793 20
      vertex -28.6534 16.1097 20
    endloop
  endfacet
  facet normal -0.608714 0.793389 0
    outer loop
      vertex -28.9537 15.8793 20
      vertex -28.6534 16.1097 1.09
      vertex -28.9537 15.8793 1.09
    endloop
  endfacet
  facet normal 0.923833 0.382795 0
    outer loop
      vertex -30.9344 16.41 20
      vertex -31.0793 16.7597 1.09
      vertex -31.0793 16.7597 20
    endloop
  endfacet
  facet normal 0.923833 0.382795 0
    outer loop
      vertex -31.0793 16.7597 1.09
      vertex -30.9344 16.41 20
      vertex -30.9344 16.41 1.09
    endloop
  endfacet
  facet normal 0.608714 0.793389 -0
    outer loop
      vertex -30.4037 15.8793 1.09
      vertex -30.704 16.1097 20
      vertex -30.4037 15.8793 20
    endloop
  endfacet
  facet normal 0.608714 0.793389 0
    outer loop
      vertex -30.704 16.1097 20
      vertex -30.4037 15.8793 1.09
      vertex -30.704 16.1097 1.09
    endloop
  endfacet
  facet normal -0.793389 -0.608714 0
    outer loop
      vertex -28.423 17.86 1.09
      vertex -28.6534 18.1603 20
      vertex -28.6534 18.1603 1.09
    endloop
  endfacet
  facet normal -0.793389 -0.608714 0
    outer loop
      vertex -28.6534 18.1603 20
      vertex -28.423 17.86 1.09
      vertex -28.423 17.86 20
    endloop
  endfacet
  facet normal -0.382795 -0.923833 0
    outer loop
      vertex -29.3034 18.5356 1.09
      vertex -28.9537 18.3907 20
      vertex -29.3034 18.5356 20
    endloop
  endfacet
  facet normal -0.382795 -0.923833 -0
    outer loop
      vertex -28.9537 18.3907 20
      vertex -29.3034 18.5356 1.09
      vertex -28.9537 18.3907 1.09
    endloop
  endfacet
  facet normal 0.382795 -0.923833 0
    outer loop
      vertex -30.4037 18.3907 1.09
      vertex -30.054 18.5356 20
      vertex -30.4037 18.3907 20
    endloop
  endfacet
  facet normal 0.382795 -0.923833 0
    outer loop
      vertex -30.054 18.5356 20
      vertex -30.4037 18.3907 1.09
      vertex -30.054 18.5356 1.09
    endloop
  endfacet
  facet normal 0.130502 -0.991448 0
    outer loop
      vertex -30.054 18.5356 1.09
      vertex -29.6787 18.585 20
      vertex -30.054 18.5356 20
    endloop
  endfacet
  facet normal 0.130502 -0.991448 0
    outer loop
      vertex -29.6787 18.585 20
      vertex -30.054 18.5356 1.09
      vertex -29.6787 18.585 1.09
    endloop
  endfacet
  facet normal -0.991448 -0.130502 0
    outer loop
      vertex -28.2287 17.135 1.09
      vertex -28.2781 17.5103 20
      vertex -28.2781 17.5103 1.09
    endloop
  endfacet
  facet normal -0.991448 -0.130502 0
    outer loop
      vertex -28.2781 17.5103 20
      vertex -28.2287 17.135 1.09
      vertex -28.2287 17.135 20
    endloop
  endfacet
  facet normal 0.793389 -0.608714 0
    outer loop
      vertex -30.9344 17.86 20
      vertex -30.704 18.1603 1.09
      vertex -30.704 18.1603 20
    endloop
  endfacet
  facet normal 0.793389 -0.608714 0
    outer loop
      vertex -30.704 18.1603 1.09
      vertex -30.9344 17.86 20
      vertex -30.9344 17.86 1.09
    endloop
  endfacet
  facet normal -0.793389 0.608714 0
    outer loop
      vertex -28.6534 16.1097 1.09
      vertex -28.423 16.41 20
      vertex -28.423 16.41 1.09
    endloop
  endfacet
  facet normal -0.793389 0.608714 0
    outer loop
      vertex -28.423 16.41 20
      vertex -28.6534 16.1097 1.09
      vertex -28.6534 16.1097 20
    endloop
  endfacet
  facet normal 0.382795 0.923833 -0
    outer loop
      vertex -30.054 15.7344 1.09
      vertex -30.4037 15.8793 20
      vertex -30.054 15.7344 20
    endloop
  endfacet
  facet normal 0.382795 0.923833 0
    outer loop
      vertex -30.4037 15.8793 20
      vertex -30.054 15.7344 1.09
      vertex -30.4037 15.8793 1.09
    endloop
  endfacet
  facet normal 0.608714 -0.793389 0
    outer loop
      vertex -30.704 18.1603 1.09
      vertex -30.4037 18.3907 20
      vertex -30.704 18.1603 20
    endloop
  endfacet
  facet normal 0.608714 -0.793389 0
    outer loop
      vertex -30.4037 18.3907 20
      vertex -30.704 18.1603 1.09
      vertex -30.4037 18.3907 1.09
    endloop
  endfacet
  facet normal 0.130502 0.991448 -0
    outer loop
      vertex -29.6787 15.685 1.09
      vertex -30.054 15.7344 20
      vertex -29.6787 15.685 20
    endloop
  endfacet
  facet normal 0.130502 0.991448 0
    outer loop
      vertex -30.054 15.7344 20
      vertex -29.6787 15.685 1.09
      vertex -30.054 15.7344 1.09
    endloop
  endfacet
  facet normal 0.793389 0.608714 0
    outer loop
      vertex -30.704 16.1097 20
      vertex -30.9344 16.41 1.09
      vertex -30.9344 16.41 20
    endloop
  endfacet
  facet normal 0.793389 0.608714 0
    outer loop
      vertex -30.9344 16.41 1.09
      vertex -30.704 16.1097 20
      vertex -30.704 16.1097 1.09
    endloop
  endfacet
  facet normal -0.608714 -0.793389 0
    outer loop
      vertex -28.9537 18.3907 1.09
      vertex -28.6534 18.1603 20
      vertex -28.9537 18.3907 20
    endloop
  endfacet
  facet normal -0.608714 -0.793389 -0
    outer loop
      vertex -28.6534 18.1603 20
      vertex -28.9537 18.3907 1.09
      vertex -28.6534 18.1603 1.09
    endloop
  endfacet
  facet normal -0.991448 0.130502 0
    outer loop
      vertex -28.2781 16.7597 1.09
      vertex -28.2287 17.135 20
      vertex -28.2287 17.135 1.09
    endloop
  endfacet
  facet normal -0.991448 0.130502 0
    outer loop
      vertex -28.2287 17.135 20
      vertex -28.2781 16.7597 1.09
      vertex -28.2781 16.7597 20
    endloop
  endfacet
  facet normal -0.923833 0.382795 0
    outer loop
      vertex -28.423 16.41 1.09
      vertex -28.2781 16.7597 20
      vertex -28.2781 16.7597 1.09
    endloop
  endfacet
  facet normal -0.923833 0.382795 0
    outer loop
      vertex -28.2781 16.7597 20
      vertex -28.423 16.41 1.09
      vertex -28.423 16.41 20
    endloop
  endfacet
  facet normal -0.923833 -0.382795 0
    outer loop
      vertex -28.2781 17.5103 1.09
      vertex -28.423 17.86 20
      vertex -28.423 17.86 1.09
    endloop
  endfacet
  facet normal -0.923833 -0.382795 0
    outer loop
      vertex -28.423 17.86 20
      vertex -28.2781 17.5103 1.09
      vertex -28.2781 17.5103 20
    endloop
  endfacet
  facet normal 0.656082 -0.271735 -0.704071
    outer loop
      vertex -31.8784 18.405 0
      vertex -30.9344 17.86 1.09
      vertex -32.1308 17.7956 0
    endloop
  endfacet
  facet normal -0.563438 -0.432213 -0.704081
    outer loop
      vertex -27.8826 18.9311 0
      vertex -27.4811 18.4077 0
      vertex -28.6534 18.1603 1.09
    endloop
  endfacet
  facet normal -0.0829027 0.704673 -0.704673
    outer loop
      vertex -29.6787 15.685 1.09
      vertex -29.6753 14.5954 0
      vertex -29.6787 14.595 0
    endloop
  endfacet
  facet normal -0.0926725 0.704048 -0.704079
    outer loop
      vertex -29.6753 14.5954 0
      vertex -29.6787 15.685 1.09
      vertex -29.3034 15.7344 1.09
    endloop
  endfacet
  facet normal 0.271834 -0.656042 -0.70407
    outer loop
      vertex -30.4037 18.3907 1.09
      vertex -30.9455 19.336 0
      vertex -30.054 18.5356 1.09
    endloop
  endfacet
  facet normal 0.267398 -0.65821 -0.703745
    outer loop
      vertex -30.9455 19.336 0
      vertex -30.4037 18.3907 1.09
      vertex -30.9487 19.3347 0
    endloop
  endfacet
  facet normal 0.703314 0.103429 -0.703314
    outer loop
      vertex -31.1287 17.135 1.09
      vertex -32.2182 17.1316 0
      vertex -32.2187 17.135 0
    endloop
  endfacet
  facet normal 0.704081 0.0926767 -0.704047
    outer loop
      vertex -32.2182 17.1316 0
      vertex -31.1287 17.135 1.09
      vertex -31.0793 16.7597 1.09
    endloop
  endfacet
  facet normal 0.704082 -0.0926934 -0.704043
    outer loop
      vertex -32.1321 17.7924 0
      vertex -31.0793 17.5103 1.09
      vertex -32.2182 17.1384 0
    endloop
  endfacet
  facet normal 0.656107 0.271745 -0.704044
    outer loop
      vertex -31.0793 16.7597 1.09
      vertex -31.8797 15.8682 0
      vertex -32.1321 16.4776 0
    endloop
  endfacet
  facet normal 0.563402 0.432293 -0.70406
    outer loop
      vertex -30.704 16.1097 1.09
      vertex -31.4747 15.3389 0
      vertex -31.8763 15.8623 0
    endloop
  endfacet
  facet normal 0.432281 0.563429 -0.704046
    outer loop
      vertex -31.472 15.3369 0
      vertex -30.704 16.1097 1.09
      vertex -30.4037 15.8793 1.09
    endloop
  endfacet
  facet normal 0.423189 0.571305 -0.703223
    outer loop
      vertex -30.704 16.1097 1.09
      vertex -31.472 15.3369 0
      vertex -31.4747 15.3389 0
    endloop
  endfacet
  facet normal -0.704673 0.0829027 -0.704673
    outer loop
      vertex -27.1391 17.1316 0
      vertex -28.2287 17.135 1.09
      vertex -27.1387 17.135 0
    endloop
  endfacet
  facet normal -0.704048 0.0926725 -0.704079
    outer loop
      vertex -28.2287 17.135 1.09
      vertex -27.1391 17.1316 0
      vertex -28.2781 16.7597 1.09
    endloop
  endfacet
  facet normal 0.563356 -0.432341 -0.704068
    outer loop
      vertex -31.4768 18.9283 0
      vertex -30.9344 17.86 1.09
      vertex -31.8784 18.405 0
    endloop
  endfacet
  facet normal -0.0926892 0.70405 -0.704075
    outer loop
      vertex -29.3034 15.7344 1.09
      vertex -29.0213 14.6815 0
      vertex -29.6753 14.5954 0
    endloop
  endfacet
  facet normal -0.560788 -0.436168 -0.703757
    outer loop
      vertex -28.423 17.86 1.09
      vertex -27.4811 18.4077 0
      vertex -27.479 18.405 0
    endloop
  endfacet
  facet normal -0.563413 -0.432269 -0.704066
    outer loop
      vertex -27.4811 18.4077 0
      vertex -28.423 17.86 1.09
      vertex -28.6534 18.1603 1.09
    endloop
  endfacet
  facet normal -0.271735 -0.656082 -0.704071
    outer loop
      vertex -28.4087 19.3347 0
      vertex -28.9537 18.3907 1.09
      vertex -29.0181 19.5871 0
    endloop
  endfacet
  facet normal -0.271828 0.656047 -0.704068
    outer loop
      vertex -28.4119 14.934 0
      vertex -29.0213 14.6815 0
      vertex -29.3034 15.7344 1.09
    endloop
  endfacet
  facet normal -0.70405 0.0926892 -0.704075
    outer loop
      vertex -27.1391 17.1316 0
      vertex -27.2252 16.4776 0
      vertex -28.2781 16.7597 1.09
    endloop
  endfacet
  facet normal -0.568516 0.426387 -0.703551
    outer loop
      vertex -28.6534 16.1097 1.09
      vertex -27.8805 15.3417 0
      vertex -27.8826 15.3389 0
    endloop
  endfacet
  facet normal -0.563409 0.432266 -0.704072
    outer loop
      vertex -27.8805 15.3417 0
      vertex -28.6534 16.1097 1.09
      vertex -28.423 16.41 1.09
    endloop
  endfacet
  facet normal 0.0926892 0.70405 -0.704075
    outer loop
      vertex -30.054 15.7344 1.09
      vertex -29.6821 14.5954 0
      vertex -30.3361 14.6815 0
    endloop
  endfacet
  facet normal 0.0829027 -0.704673 -0.704673
    outer loop
      vertex -29.6787 18.585 1.09
      vertex -29.6821 19.6746 0
      vertex -29.6787 19.675 0
    endloop
  endfacet
  facet normal 0.0926725 -0.704048 -0.704079
    outer loop
      vertex -29.6821 19.6746 0
      vertex -29.6787 18.585 1.09
      vertex -30.054 18.5356 1.09
    endloop
  endfacet
  facet normal 0.0926892 -0.70405 -0.704075
    outer loop
      vertex -29.6821 19.6746 0
      vertex -30.054 18.5356 1.09
      vertex -30.3361 19.5885 0
    endloop
  endfacet
  facet normal 0.285026 0.651489 -0.703081
    outer loop
      vertex -30.3393 14.6829 0
      vertex -30.054 15.7344 1.09
      vertex -30.3361 14.6815 0
    endloop
  endfacet
  facet normal 0.271844 0.656065 -0.704045
    outer loop
      vertex -30.054 15.7344 1.09
      vertex -30.3393 14.6829 0
      vertex -30.4037 15.8793 1.09
    endloop
  endfacet
  facet normal 0.0829027 0.704673 -0.704673
    outer loop
      vertex -29.6821 14.5954 0
      vertex -29.6787 15.685 1.09
      vertex -29.6787 14.595 0
    endloop
  endfacet
  facet normal 0.0926725 0.704048 -0.704079
    outer loop
      vertex -29.6787 15.685 1.09
      vertex -29.6821 14.5954 0
      vertex -30.054 15.7344 1.09
    endloop
  endfacet
  facet normal -0.267398 0.65821 -0.703745
    outer loop
      vertex -28.4119 14.934 0
      vertex -28.9537 15.8793 1.09
      vertex -28.4087 14.9353 0
    endloop
  endfacet
  facet normal -0.271834 0.656042 -0.70407
    outer loop
      vertex -28.9537 15.8793 1.09
      vertex -28.4119 14.934 0
      vertex -29.3034 15.7344 1.09
    endloop
  endfacet
  facet normal -0.563404 0.432269 -0.704073
    outer loop
      vertex -27.479 15.865 0
      vertex -27.8805 15.3417 0
      vertex -28.423 16.41 1.09
    endloop
  endfacet
  facet normal -0.70405 -0.0926892 -0.704075
    outer loop
      vertex -27.2252 17.7924 0
      vertex -27.1391 17.1384 0
      vertex -28.2781 17.5103 1.09
    endloop
  endfacet
  facet normal -0.413789 -0.579304 -0.702272
    outer loop
      vertex -28.6534 18.1603 1.09
      vertex -27.8854 18.9331 0
      vertex -27.8826 18.9311 0
    endloop
  endfacet
  facet normal -0.432281 -0.563429 -0.704046
    outer loop
      vertex -27.8854 18.9331 0
      vertex -28.6534 18.1603 1.09
      vertex -28.9537 18.3907 1.09
    endloop
  endfacet
  facet normal 0.271828 -0.656047 -0.704068
    outer loop
      vertex -30.3361 19.5885 0
      vertex -30.054 18.5356 1.09
      vertex -30.9455 19.336 0
    endloop
  endfacet
  facet normal -0.656047 -0.271828 -0.704068
    outer loop
      vertex -27.4777 18.4018 0
      vertex -27.2252 17.7924 0
      vertex -28.2781 17.5103 1.09
    endloop
  endfacet
  facet normal 0.65821 0.267398 -0.703745
    outer loop
      vertex -31.8797 15.8682 0
      vertex -30.9344 16.41 1.09
      vertex -31.8784 15.865 0
    endloop
  endfacet
  facet normal 0.656042 0.271834 -0.70407
    outer loop
      vertex -30.9344 16.41 1.09
      vertex -31.8797 15.8682 0
      vertex -31.0793 16.7597 1.09
    endloop
  endfacet
  facet normal -0.656042 -0.271834 -0.70407
    outer loop
      vertex -28.423 17.86 1.09
      vertex -27.4777 18.4018 0
      vertex -28.2781 17.5103 1.09
    endloop
  endfacet
  facet normal -0.65821 -0.267398 -0.703745
    outer loop
      vertex -27.4777 18.4018 0
      vertex -28.423 17.86 1.09
      vertex -27.479 18.405 0
    endloop
  endfacet
  facet normal 0.563413 0.432269 -0.704066
    outer loop
      vertex -31.8763 15.8623 0
      vertex -30.9344 16.41 1.09
      vertex -30.704 16.1097 1.09
    endloop
  endfacet
  facet normal 0.560788 0.436168 -0.703757
    outer loop
      vertex -30.9344 16.41 1.09
      vertex -31.8763 15.8623 0
      vertex -31.8784 15.865 0
    endloop
  endfacet
  facet normal 0.271735 0.656082 -0.704071
    outer loop
      vertex -30.4037 15.8793 1.09
      vertex -30.3393 14.6829 0
      vertex -30.9487 14.9353 0
    endloop
  endfacet
  facet normal 0.432341 0.563356 -0.704068
    outer loop
      vertex -30.4037 15.8793 1.09
      vertex -30.9487 14.9353 0
      vertex -31.472 15.3369 0
    endloop
  endfacet
  facet normal 0.704081 -0.0926767 -0.704047
    outer loop
      vertex -31.1287 17.135 1.09
      vertex -32.2182 17.1384 0
      vertex -31.0793 17.5103 1.09
    endloop
  endfacet
  facet normal 0.703314 -0.103429 -0.703314
    outer loop
      vertex -32.2182 17.1384 0
      vertex -31.1287 17.135 1.09
      vertex -32.2187 17.135 0
    endloop
  endfacet
  facet normal 0.704082 0.0926934 -0.704043
    outer loop
      vertex -31.0793 16.7597 1.09
      vertex -32.1321 16.4776 0
      vertex -32.2182 17.1316 0
    endloop
  endfacet
  facet normal -0.656082 0.271735 -0.704071
    outer loop
      vertex -27.2266 16.4744 0
      vertex -27.479 15.865 0
      vertex -28.423 16.41 1.09
    endloop
  endfacet
  facet normal -0.704673 -0.0829027 -0.704673
    outer loop
      vertex -28.2287 17.135 1.09
      vertex -27.1391 17.1384 0
      vertex -27.1387 17.135 0
    endloop
  endfacet
  facet normal -0.704048 -0.0926725 -0.704079
    outer loop
      vertex -27.1391 17.1384 0
      vertex -28.2287 17.135 1.09
      vertex -28.2781 17.5103 1.09
    endloop
  endfacet
  facet normal 0.432275 -0.56341 -0.704065
    outer loop
      vertex -30.9514 19.3326 0
      vertex -30.704 18.1603 1.09
      vertex -31.4747 18.9311 0
    endloop
  endfacet
  facet normal 0.563429 -0.432281 -0.704046
    outer loop
      vertex -31.4768 18.9283 0
      vertex -30.704 18.1603 1.09
      vertex -30.9344 17.86 1.09
    endloop
  endfacet
  facet normal 0.568537 -0.426402 -0.703525
    outer loop
      vertex -30.704 18.1603 1.09
      vertex -31.4768 18.9283 0
      vertex -31.4747 18.9311 0
    endloop
  endfacet
  facet normal -0.432341 -0.563356 -0.704068
    outer loop
      vertex -28.4087 19.3347 0
      vertex -27.8854 18.9331 0
      vertex -28.9537 18.3907 1.09
    endloop
  endfacet
  facet normal -0.271844 -0.656065 -0.704045
    outer loop
      vertex -29.3034 18.5356 1.09
      vertex -29.0181 19.5871 0
      vertex -28.9537 18.3907 1.09
    endloop
  endfacet
  facet normal -0.285026 -0.651489 -0.703081
    outer loop
      vertex -29.0181 19.5871 0
      vertex -29.3034 18.5356 1.09
      vertex -29.0213 19.5885 0
    endloop
  endfacet
  facet normal -0.0926725 -0.704048 -0.704079
    outer loop
      vertex -29.6787 18.585 1.09
      vertex -29.6753 19.6746 0
      vertex -29.3034 18.5356 1.09
    endloop
  endfacet
  facet normal -0.0829027 -0.704673 -0.704673
    outer loop
      vertex -29.6753 19.6746 0
      vertex -29.6787 18.585 1.09
      vertex -29.6787 19.675 0
    endloop
  endfacet
  facet normal -0.436168 0.560788 -0.703757
    outer loop
      vertex -28.9537 15.8793 1.09
      vertex -28.406 14.9374 0
      vertex -28.4087 14.9353 0
    endloop
  endfacet
  facet normal -0.432269 0.563413 -0.704066
    outer loop
      vertex -28.406 14.9374 0
      vertex -28.9537 15.8793 1.09
      vertex -28.6534 16.1097 1.09
    endloop
  endfacet
  facet normal -0.432213 0.563438 -0.704081
    outer loop
      vertex -27.8826 15.3389 0
      vertex -28.406 14.9374 0
      vertex -28.6534 16.1097 1.09
    endloop
  endfacet
  facet normal -0.651489 0.285026 -0.703081
    outer loop
      vertex -27.2266 16.4744 0
      vertex -28.2781 16.7597 1.09
      vertex -27.2252 16.4776 0
    endloop
  endfacet
  facet normal -0.656065 0.271844 -0.704045
    outer loop
      vertex -28.2781 16.7597 1.09
      vertex -27.2266 16.4744 0
      vertex -28.423 16.41 1.09
    endloop
  endfacet
  facet normal -0.0926892 -0.70405 -0.704075
    outer loop
      vertex -29.0213 19.5885 0
      vertex -29.3034 18.5356 1.09
      vertex -29.6753 19.6746 0
    endloop
  endfacet
  facet normal 0.656065 -0.271844 -0.704045
    outer loop
      vertex -31.0793 17.5103 1.09
      vertex -32.1308 17.7956 0
      vertex -30.9344 17.86 1.09
    endloop
  endfacet
  facet normal 0.657652 -0.267171 -0.704353
    outer loop
      vertex -32.1308 17.7956 0
      vertex -31.0793 17.5103 1.09
      vertex -32.1321 17.7924 0
    endloop
  endfacet
  facet normal 0.432269 -0.563413 -0.704066
    outer loop
      vertex -30.9514 19.3326 0
      vertex -30.4037 18.3907 1.09
      vertex -30.704 18.1603 1.09
    endloop
  endfacet
  facet normal 0.436168 -0.560788 -0.703757
    outer loop
      vertex -30.4037 18.3907 1.09
      vertex -30.9514 19.3326 0
      vertex -30.9487 19.3347 0
    endloop
  endfacet
  facet normal -0.382784 0.923838 0
    outer loop
      vertex 0.724999 -35.5257 1.09
      vertex 0.375287 -35.6706 20
      vertex 0.724999 -35.5257 20
    endloop
  endfacet
  facet normal -0.382784 0.923838 0
    outer loop
      vertex 0.375287 -35.6706 20
      vertex 0.724999 -35.5257 1.09
      vertex 0.375287 -35.6706 1.09
    endloop
  endfacet
  facet normal -0.130507 0.991447 0
    outer loop
      vertex 0.375287 -35.6706 1.09
      vertex 0 -35.72 20
      vertex 0.375287 -35.6706 20
    endloop
  endfacet
  facet normal -0.130507 0.991447 0
    outer loop
      vertex 0 -35.72 20
      vertex 0.375287 -35.6706 1.09
      vertex 0 -35.72 1.09
    endloop
  endfacet
  facet normal -0.608713 0.79339 0
    outer loop
      vertex 1.0253 -35.2953 1.09
      vertex 0.724999 -35.5257 20
      vertex 1.0253 -35.2953 20
    endloop
  endfacet
  facet normal -0.608713 0.79339 0
    outer loop
      vertex 0.724999 -35.5257 20
      vertex 1.0253 -35.2953 1.09
      vertex 0.724999 -35.5257 1.09
    endloop
  endfacet
  facet normal -0.608713 -0.79339 0
    outer loop
      vertex 0.724999 -33.0143 1.09
      vertex 1.0253 -33.2447 20
      vertex 0.724999 -33.0143 20
    endloop
  endfacet
  facet normal -0.608713 -0.79339 -0
    outer loop
      vertex 1.0253 -33.2447 20
      vertex 0.724999 -33.0143 1.09
      vertex 1.0253 -33.2447 1.09
    endloop
  endfacet
  facet normal -0.793338 -0.608781 0
    outer loop
      vertex 1.25574 -33.545 1.09
      vertex 1.0253 -33.2447 20
      vertex 1.0253 -33.2447 1.09
    endloop
  endfacet
  facet normal -0.793338 -0.608781 0
    outer loop
      vertex 1.0253 -33.2447 20
      vertex 1.25574 -33.545 1.09
      vertex 1.25574 -33.545 20
    endloop
  endfacet
  facet normal 0.92388 0.382682 0
    outer loop
      vertex -1.25574 -34.995 20
      vertex -1.40059 -34.6453 1.09
      vertex -1.40059 -34.6453 20
    endloop
  endfacet
  facet normal 0.92388 0.382682 0
    outer loop
      vertex -1.40059 -34.6453 1.09
      vertex -1.25574 -34.995 20
      vertex -1.25574 -34.995 1.09
    endloop
  endfacet
  facet normal -0.382784 -0.923838 0
    outer loop
      vertex 0.375287 -32.8694 1.09
      vertex 0.724999 -33.0143 20
      vertex 0.375287 -32.8694 20
    endloop
  endfacet
  facet normal -0.382784 -0.923838 -0
    outer loop
      vertex 0.724999 -33.0143 20
      vertex 0.375287 -32.8694 1.09
      vertex 0.724999 -33.0143 1.09
    endloop
  endfacet
  facet normal -0.793338 0.608781 0
    outer loop
      vertex 1.0253 -35.2953 1.09
      vertex 1.25574 -34.995 20
      vertex 1.25574 -34.995 1.09
    endloop
  endfacet
  facet normal -0.793338 0.608781 0
    outer loop
      vertex 1.25574 -34.995 20
      vertex 1.0253 -35.2953 1.09
      vertex 1.0253 -35.2953 20
    endloop
  endfacet
  facet normal -0.991445 0.130528 0
    outer loop
      vertex 1.40059 -34.6453 1.09
      vertex 1.45 -34.27 20
      vertex 1.45 -34.27 1.09
    endloop
  endfacet
  facet normal -0.991445 0.130528 0
    outer loop
      vertex 1.45 -34.27 20
      vertex 1.40059 -34.6453 1.09
      vertex 1.40059 -34.6453 20
    endloop
  endfacet
  facet normal 0.92388 -0.382682 0
    outer loop
      vertex -1.40059 -33.8947 20
      vertex -1.25574 -33.545 1.09
      vertex -1.25574 -33.545 20
    endloop
  endfacet
  facet normal 0.92388 -0.382682 0
    outer loop
      vertex -1.25574 -33.545 1.09
      vertex -1.40059 -33.8947 20
      vertex -1.40059 -33.8947 1.09
    endloop
  endfacet
  facet normal 0.991445 0.130528 0
    outer loop
      vertex -1.40059 -34.6453 20
      vertex -1.45 -34.27 1.09
      vertex -1.45 -34.27 20
    endloop
  endfacet
  facet normal 0.991445 0.130528 0
    outer loop
      vertex -1.45 -34.27 1.09
      vertex -1.40059 -34.6453 20
      vertex -1.40059 -34.6453 1.09
    endloop
  endfacet
  facet normal 0.608713 0.79339 -0
    outer loop
      vertex -0.724999 -35.5257 1.09
      vertex -1.0253 -35.2953 20
      vertex -0.724999 -35.5257 20
    endloop
  endfacet
  facet normal 0.608713 0.79339 0
    outer loop
      vertex -1.0253 -35.2953 20
      vertex -0.724999 -35.5257 1.09
      vertex -1.0253 -35.2953 1.09
    endloop
  endfacet
  facet normal 0.793338 0.608781 0
    outer loop
      vertex -1.0253 -35.2953 20
      vertex -1.25574 -34.995 1.09
      vertex -1.25574 -34.995 20
    endloop
  endfacet
  facet normal 0.793338 0.608781 0
    outer loop
      vertex -1.25574 -34.995 1.09
      vertex -1.0253 -35.2953 20
      vertex -1.0253 -35.2953 1.09
    endloop
  endfacet
  facet normal 0.608713 -0.79339 0
    outer loop
      vertex -1.0253 -33.2447 1.09
      vertex -0.724999 -33.0143 20
      vertex -1.0253 -33.2447 20
    endloop
  endfacet
  facet normal 0.608713 -0.79339 0
    outer loop
      vertex -0.724999 -33.0143 20
      vertex -1.0253 -33.2447 1.09
      vertex -0.724999 -33.0143 1.09
    endloop
  endfacet
  facet normal 0.130507 0.991447 -0
    outer loop
      vertex 0 -35.72 1.09
      vertex -0.375287 -35.6706 20
      vertex 0 -35.72 20
    endloop
  endfacet
  facet normal 0.130507 0.991447 0
    outer loop
      vertex -0.375287 -35.6706 20
      vertex 0 -35.72 1.09
      vertex -0.375287 -35.6706 1.09
    endloop
  endfacet
  facet normal -0.130507 -0.991447 0
    outer loop
      vertex 0 -32.82 1.09
      vertex 0.375287 -32.8694 20
      vertex 0 -32.82 20
    endloop
  endfacet
  facet normal -0.130507 -0.991447 -0
    outer loop
      vertex 0.375287 -32.8694 20
      vertex 0 -32.82 1.09
      vertex 0.375287 -32.8694 1.09
    endloop
  endfacet
  facet normal -0.991445 -0.130528 0
    outer loop
      vertex 1.45 -34.27 1.09
      vertex 1.40059 -33.8947 20
      vertex 1.40059 -33.8947 1.09
    endloop
  endfacet
  facet normal -0.991445 -0.130528 0
    outer loop
      vertex 1.40059 -33.8947 20
      vertex 1.45 -34.27 1.09
      vertex 1.45 -34.27 20
    endloop
  endfacet
  facet normal 0.382784 0.923838 -0
    outer loop
      vertex -0.375287 -35.6706 1.09
      vertex -0.724999 -35.5257 20
      vertex -0.375287 -35.6706 20
    endloop
  endfacet
  facet normal 0.382784 0.923838 0
    outer loop
      vertex -0.724999 -35.5257 20
      vertex -0.375287 -35.6706 1.09
      vertex -0.724999 -35.5257 1.09
    endloop
  endfacet
  facet normal -0.92388 -0.382682 0
    outer loop
      vertex 1.40059 -33.8947 1.09
      vertex 1.25574 -33.545 20
      vertex 1.25574 -33.545 1.09
    endloop
  endfacet
  facet normal -0.92388 -0.382682 0
    outer loop
      vertex 1.25574 -33.545 20
      vertex 1.40059 -33.8947 1.09
      vertex 1.40059 -33.8947 20
    endloop
  endfacet
  facet normal -0.92388 0.382682 0
    outer loop
      vertex 1.25574 -34.995 1.09
      vertex 1.40059 -34.6453 20
      vertex 1.40059 -34.6453 1.09
    endloop
  endfacet
  facet normal -0.92388 0.382682 0
    outer loop
      vertex 1.40059 -34.6453 20
      vertex 1.25574 -34.995 1.09
      vertex 1.25574 -34.995 20
    endloop
  endfacet
  facet normal 0.991445 -0.130528 0
    outer loop
      vertex -1.45 -34.27 20
      vertex -1.40059 -33.8947 1.09
      vertex -1.40059 -33.8947 20
    endloop
  endfacet
  facet normal 0.991445 -0.130528 0
    outer loop
      vertex -1.40059 -33.8947 1.09
      vertex -1.45 -34.27 20
      vertex -1.45 -34.27 1.09
    endloop
  endfacet
  facet normal 0.382784 -0.923838 0
    outer loop
      vertex -0.724999 -33.0143 1.09
      vertex -0.375287 -32.8694 20
      vertex -0.724999 -33.0143 20
    endloop
  endfacet
  facet normal 0.382784 -0.923838 0
    outer loop
      vertex -0.375287 -32.8694 20
      vertex -0.724999 -33.0143 1.09
      vertex -0.375287 -32.8694 1.09
    endloop
  endfacet
  facet normal 0.130507 -0.991447 0
    outer loop
      vertex -0.375287 -32.8694 1.09
      vertex 0 -32.82 20
      vertex -0.375287 -32.8694 20
    endloop
  endfacet
  facet normal 0.130507 -0.991447 0
    outer loop
      vertex 0 -32.82 20
      vertex -0.375287 -32.8694 1.09
      vertex 0 -32.82 1.09
    endloop
  endfacet
  facet normal 0.793338 -0.608781 0
    outer loop
      vertex -1.25574 -33.545 20
      vertex -1.0253 -33.2447 1.09
      vertex -1.0253 -33.2447 20
    endloop
  endfacet
  facet normal 0.793338 -0.608781 0
    outer loop
      vertex -1.0253 -33.2447 1.09
      vertex -1.25574 -33.545 20
      vertex -1.25574 -33.545 1.09
    endloop
  endfacet
  facet normal -0.0926924 0.704063 -0.704063
    outer loop
      vertex 0 -35.72 1.09
      vertex 0.653989 -36.7239 0
      vertex 0 -36.81 0
    endloop
  endfacet
  facet normal 0.65608 -0.271766 -0.704061
    outer loop
      vertex -2.20102 -33.0032 0
      vertex -1.40059 -33.8947 1.09
      vertex -2.45345 -33.6126 0
    endloop
  endfacet
  facet normal -0.561715 -0.434809 -0.703859
    outer loop
      vertex 1.25574 -33.545 1.09
      vertex 2.19761 -32.9973 0
      vertex 2.1997 -33 0
    endloop
  endfacet
  facet normal -0.563386 -0.432323 -0.704055
    outer loop
      vertex 2.19761 -32.9973 0
      vertex 1.25574 -33.545 1.09
      vertex 1.0253 -33.2447 1.09
    endloop
  endfacet
  facet normal 0.433008 0.56291 -0.704015
    outer loop
      vertex -1.27273 -36.4676 0
      vertex -0.724999 -35.5257 1.09
      vertex -1.27 -36.4697 0
    endloop
  endfacet
  facet normal 0.432264 0.563409 -0.704073
    outer loop
      vertex -0.724999 -35.5257 1.09
      vertex -1.27273 -36.4676 0
      vertex -1.0253 -35.2953 1.09
    endloop
  endfacet
  facet normal -0.433008 0.56291 -0.704015
    outer loop
      vertex 0.724999 -35.5257 1.09
      vertex 1.27273 -36.4676 0
      vertex 1.27 -36.4697 0
    endloop
  endfacet
  facet normal -0.432264 0.563409 -0.704073
    outer loop
      vertex 1.27273 -36.4676 0
      vertex 0.724999 -35.5257 1.09
      vertex 1.0253 -35.2953 1.09
    endloop
  endfacet
  facet normal -0.271736 0.656108 -0.704047
    outer loop
      vertex 1.26682 -36.471 0
      vertex 0.6574 -36.7234 0
      vertex 0.375287 -35.6706 1.09
    endloop
  endfacet
  facet normal -0.563414 0.43226 -0.704071
    outer loop
      vertex 2.19761 -35.5427 0
      vertex 1.79605 -36.0661 0
      vertex 1.0253 -35.2953 1.09
    endloop
  endfacet
  facet normal -0.65608 0.271766 -0.704061
    outer loop
      vertex 2.45345 -34.9274 0
      vertex 2.20102 -35.5368 0
      vertex 1.40059 -34.6453 1.09
    endloop
  endfacet
  facet normal -0.703967 0.0931721 -0.704094
    outer loop
      vertex 1.40059 -34.6453 1.09
      vertex 2.4539 -34.924 0
      vertex 2.45345 -34.9274 0
    endloop
  endfacet
  facet normal -0.704062 0.092693 -0.704063
    outer loop
      vertex 2.4539 -34.924 0
      vertex 1.40059 -34.6453 1.09
      vertex 1.45 -34.27 1.09
    endloop
  endfacet
  facet normal 0.271826 -0.656043 -0.704072
    outer loop
      vertex -0.724999 -33.0143 1.09
      vertex -1.26682 -32.069 0
      vertex -0.375287 -32.8694 1.09
    endloop
  endfacet
  facet normal 0.268799 -0.657525 -0.703852
    outer loop
      vertex -1.26682 -32.069 0
      vertex -0.724999 -33.0143 1.09
      vertex -1.27 -32.0703 0
    endloop
  endfacet
  facet normal 0.0926924 0.704063 -0.704063
    outer loop
      vertex 0 -35.72 1.09
      vertex 0 -36.81 0
      vertex -0.653989 -36.7239 0
    endloop
  endfacet
  facet normal -0.563414 -0.43226 -0.704071
    outer loop
      vertex 1.79605 -32.4739 0
      vertex 2.19761 -32.9973 0
      vertex 1.0253 -33.2447 1.09
    endloop
  endfacet
  facet normal 0.656086 -0.271759 -0.704059
    outer loop
      vertex -2.20102 -33.0032 0
      vertex -1.25574 -33.545 1.09
      vertex -1.40059 -33.8947 1.09
    endloop
  endfacet
  facet normal 0.656544 -0.270824 -0.703991
    outer loop
      vertex -1.25574 -33.545 1.09
      vertex -2.20102 -33.0032 0
      vertex -2.1997 -33 0
    endloop
  endfacet
  facet normal 0.704063 0.0926908 -0.704063
    outer loop
      vertex -1.45 -34.27 1.09
      vertex -2.4539 -34.924 0
      vertex -2.54 -34.27 0
    endloop
  endfacet
  facet normal -0.432259 -0.563411 -0.704074
    outer loop
      vertex 1.27273 -32.0724 0
      vertex 1.79605 -32.4739 0
      vertex 1.0253 -33.2447 1.09
    endloop
  endfacet
  facet normal 0.271819 -0.656048 -0.70407
    outer loop
      vertex -0.6574 -31.8165 0
      vertex -0.375287 -32.8694 1.09
      vertex -1.26682 -32.069 0
    endloop
  endfacet
  facet normal -0.0827885 -0.705979 -0.703377
    outer loop
      vertex 0.375287 -32.8694 1.09
      vertex 0.653989 -31.8161 0
      vertex 0.6574 -31.8165 0
    endloop
  endfacet
  facet normal -0.0926783 -0.704068 -0.704059
    outer loop
      vertex 0.653989 -31.8161 0
      vertex 0.375287 -32.8694 1.09
      vertex 0 -32.82 1.09
    endloop
  endfacet
  facet normal -0.65608 -0.271766 -0.704061
    outer loop
      vertex 2.20102 -33.0032 0
      vertex 2.45345 -33.6126 0
      vertex 1.40059 -33.8947 1.09
    endloop
  endfacet
  facet normal 0.563386 0.432323 -0.704055
    outer loop
      vertex -2.19761 -35.5427 0
      vertex -1.25574 -34.995 1.09
      vertex -1.0253 -35.2953 1.09
    endloop
  endfacet
  facet normal 0.561715 0.434809 -0.703859
    outer loop
      vertex -1.25574 -34.995 1.09
      vertex -2.19761 -35.5427 0
      vertex -2.1997 -35.54 0
    endloop
  endfacet
  facet normal 0.563414 0.43226 -0.704071
    outer loop
      vertex -1.0253 -35.2953 1.09
      vertex -1.79605 -36.0661 0
      vertex -2.19761 -35.5427 0
    endloop
  endfacet
  facet normal -0.704062 -0.092693 -0.704063
    outer loop
      vertex 1.40059 -33.8947 1.09
      vertex 2.4539 -33.616 0
      vertex 1.45 -34.27 1.09
    endloop
  endfacet
  facet normal -0.703967 -0.0931721 -0.704094
    outer loop
      vertex 2.4539 -33.616 0
      vertex 1.40059 -33.8947 1.09
      vertex 2.45345 -33.6126 0
    endloop
  endfacet
  facet normal -0.656086 -0.271759 -0.704059
    outer loop
      vertex 1.25574 -33.545 1.09
      vertex 2.20102 -33.0032 0
      vertex 1.40059 -33.8947 1.09
    endloop
  endfacet
  facet normal -0.656544 -0.270824 -0.703991
    outer loop
      vertex 2.20102 -33.0032 0
      vertex 1.25574 -33.545 1.09
      vertex 2.1997 -33 0
    endloop
  endfacet
  facet normal -0.432264 -0.563409 -0.704073
    outer loop
      vertex 0.724999 -33.0143 1.09
      vertex 1.27273 -32.0724 0
      vertex 1.0253 -33.2447 1.09
    endloop
  endfacet
  facet normal -0.433008 -0.56291 -0.704015
    outer loop
      vertex 1.27273 -32.0724 0
      vertex 0.724999 -33.0143 1.09
      vertex 1.27 -32.0703 0
    endloop
  endfacet
  facet normal -0.0926924 -0.704063 -0.704063
    outer loop
      vertex 0 -31.73 0
      vertex 0.653989 -31.8161 0
      vertex 0 -32.82 1.09
    endloop
  endfacet
  facet normal 0.432259 -0.563411 -0.704074
    outer loop
      vertex -1.27273 -32.0724 0
      vertex -1.0253 -33.2447 1.09
      vertex -1.79605 -32.4739 0
    endloop
  endfacet
  facet normal 0.704062 -0.092693 -0.704063
    outer loop
      vertex -2.4539 -33.616 0
      vertex -1.40059 -33.8947 1.09
      vertex -1.45 -34.27 1.09
    endloop
  endfacet
  facet normal 0.703967 -0.0931721 -0.704094
    outer loop
      vertex -1.40059 -33.8947 1.09
      vertex -2.4539 -33.616 0
      vertex -2.45345 -33.6126 0
    endloop
  endfacet
  facet normal 0.432259 0.563411 -0.704074
    outer loop
      vertex -1.0253 -35.2953 1.09
      vertex -1.27273 -36.4676 0
      vertex -1.79605 -36.0661 0
    endloop
  endfacet
  facet normal 0.563414 -0.43226 -0.704071
    outer loop
      vertex -1.79605 -32.4739 0
      vertex -1.0253 -33.2447 1.09
      vertex -2.19761 -32.9973 0
    endloop
  endfacet
  facet normal -0.561715 0.434809 -0.703859
    outer loop
      vertex 2.19761 -35.5427 0
      vertex 1.25574 -34.995 1.09
      vertex 2.1997 -35.54 0
    endloop
  endfacet
  facet normal -0.563386 0.432323 -0.704055
    outer loop
      vertex 1.25574 -34.995 1.09
      vertex 2.19761 -35.5427 0
      vertex 1.0253 -35.2953 1.09
    endloop
  endfacet
  facet normal 0.563386 -0.432323 -0.704055
    outer loop
      vertex -1.25574 -33.545 1.09
      vertex -2.19761 -32.9973 0
      vertex -1.0253 -33.2447 1.09
    endloop
  endfacet
  facet normal 0.561715 -0.434809 -0.703859
    outer loop
      vertex -2.19761 -32.9973 0
      vertex -1.25574 -33.545 1.09
      vertex -2.1997 -33 0
    endloop
  endfacet
  facet normal -0.656544 0.270824 -0.703991
    outer loop
      vertex 1.25574 -34.995 1.09
      vertex 2.20102 -35.5368 0
      vertex 2.1997 -35.54 0
    endloop
  endfacet
  facet normal -0.656086 0.271759 -0.704059
    outer loop
      vertex 2.20102 -35.5368 0
      vertex 1.25574 -34.995 1.09
      vertex 1.40059 -34.6453 1.09
    endloop
  endfacet
  facet normal -0.704063 -0.0926908 -0.704063
    outer loop
      vertex 2.4539 -33.616 0
      vertex 2.54 -34.27 0
      vertex 1.45 -34.27 1.09
    endloop
  endfacet
  facet normal -0.704063 0.0926908 -0.704063
    outer loop
      vertex 2.54 -34.27 0
      vertex 2.4539 -34.924 0
      vertex 1.45 -34.27 1.09
    endloop
  endfacet
  facet normal -0.268799 0.657525 -0.703852
    outer loop
      vertex 1.26682 -36.471 0
      vertex 0.724999 -35.5257 1.09
      vertex 1.27 -36.4697 0
    endloop
  endfacet
  facet normal -0.271826 0.656043 -0.704072
    outer loop
      vertex 0.724999 -35.5257 1.09
      vertex 1.26682 -36.471 0
      vertex 0.375287 -35.6706 1.09
    endloop
  endfacet
  facet normal -0.432259 0.563411 -0.704074
    outer loop
      vertex 1.79605 -36.0661 0
      vertex 1.27273 -36.4676 0
      vertex 1.0253 -35.2953 1.09
    endloop
  endfacet
  facet normal 0.0926924 -0.704063 -0.704063
    outer loop
      vertex 0 -31.73 0
      vertex 0 -32.82 1.09
      vertex -0.653989 -31.8161 0
    endloop
  endfacet
  facet normal 0.432264 -0.563409 -0.704073
    outer loop
      vertex -1.27273 -32.0724 0
      vertex -0.724999 -33.0143 1.09
      vertex -1.0253 -33.2447 1.09
    endloop
  endfacet
  facet normal 0.433008 -0.56291 -0.704015
    outer loop
      vertex -0.724999 -33.0143 1.09
      vertex -1.27273 -32.0724 0
      vertex -1.27 -32.0703 0
    endloop
  endfacet
  facet normal 0.271736 0.656108 -0.704047
    outer loop
      vertex -0.375287 -35.6706 1.09
      vertex -0.6574 -36.7234 0
      vertex -1.26682 -36.471 0
    endloop
  endfacet
  facet normal 0.0926783 0.704068 -0.704059
    outer loop
      vertex -0.653989 -36.7239 0
      vertex -0.375287 -35.6706 1.09
      vertex 0 -35.72 1.09
    endloop
  endfacet
  facet normal 0.102904 0.702014 -0.704689
    outer loop
      vertex -0.375287 -35.6706 1.09
      vertex -0.653989 -36.7239 0
      vertex -0.6574 -36.7234 0
    endloop
  endfacet
  facet normal 0.704063 -0.0926908 -0.704063
    outer loop
      vertex -2.4539 -33.616 0
      vertex -1.45 -34.27 1.09
      vertex -2.54 -34.27 0
    endloop
  endfacet
  facet normal 0.703967 0.0931721 -0.704094
    outer loop
      vertex -2.4539 -34.924 0
      vertex -1.40059 -34.6453 1.09
      vertex -2.45345 -34.9274 0
    endloop
  endfacet
  facet normal 0.704062 0.092693 -0.704063
    outer loop
      vertex -1.40059 -34.6453 1.09
      vertex -2.4539 -34.924 0
      vertex -1.45 -34.27 1.09
    endloop
  endfacet
  facet normal 0.656544 0.270824 -0.703991
    outer loop
      vertex -2.20102 -35.5368 0
      vertex -1.25574 -34.995 1.09
      vertex -2.1997 -35.54 0
    endloop
  endfacet
  facet normal 0.656086 0.271759 -0.704059
    outer loop
      vertex -1.25574 -34.995 1.09
      vertex -2.20102 -35.5368 0
      vertex -1.40059 -34.6453 1.09
    endloop
  endfacet
  facet normal -0.268799 -0.657525 -0.703852
    outer loop
      vertex 0.724999 -33.0143 1.09
      vertex 1.26682 -32.069 0
      vertex 1.27 -32.0703 0
    endloop
  endfacet
  facet normal -0.271826 -0.656043 -0.704072
    outer loop
      vertex 1.26682 -32.069 0
      vertex 0.724999 -33.0143 1.09
      vertex 0.375287 -32.8694 1.09
    endloop
  endfacet
  facet normal -0.271819 -0.656048 -0.70407
    outer loop
      vertex 0.6574 -31.8165 0
      vertex 1.26682 -32.069 0
      vertex 0.375287 -32.8694 1.09
    endloop
  endfacet
  facet normal 0.0926783 -0.704068 -0.704059
    outer loop
      vertex -0.375287 -32.8694 1.09
      vertex -0.653989 -31.8161 0
      vertex 0 -32.82 1.09
    endloop
  endfacet
  facet normal 0.0827885 -0.705979 -0.703377
    outer loop
      vertex -0.653989 -31.8161 0
      vertex -0.375287 -32.8694 1.09
      vertex -0.6574 -31.8165 0
    endloop
  endfacet
  facet normal 0.65608 0.271766 -0.704061
    outer loop
      vertex -1.40059 -34.6453 1.09
      vertex -2.20102 -35.5368 0
      vertex -2.45345 -34.9274 0
    endloop
  endfacet
  facet normal -0.102904 0.702014 -0.704689
    outer loop
      vertex 0.653989 -36.7239 0
      vertex 0.375287 -35.6706 1.09
      vertex 0.6574 -36.7234 0
    endloop
  endfacet
  facet normal -0.0926783 0.704068 -0.704059
    outer loop
      vertex 0.375287 -35.6706 1.09
      vertex 0.653989 -36.7239 0
      vertex 0 -35.72 1.09
    endloop
  endfacet
  facet normal 0.271826 0.656043 -0.704072
    outer loop
      vertex -1.26682 -36.471 0
      vertex -0.724999 -35.5257 1.09
      vertex -0.375287 -35.6706 1.09
    endloop
  endfacet
  facet normal 0.268799 0.657525 -0.703852
    outer loop
      vertex -0.724999 -35.5257 1.09
      vertex -1.26682 -36.471 0
      vertex -1.27 -36.4697 0
    endloop
  endfacet
  facet normal 0 1 -0
    outer loop
      vertex -14.85 -8.05384 0
      vertex -16.35 -8.05384 2
      vertex -14.85 -8.05384 2
    endloop
  endfacet
  facet normal 0 1 0
    outer loop
      vertex -16.35 -8.05384 2
      vertex -14.85 -8.05384 0
      vertex -16.35 -8.05384 0
    endloop
  endfacet
  facet normal -0.866026 0.499999 0
    outer loop
      vertex -14.85 -8.05384 0
      vertex -14.1 -6.7548 2
      vertex -14.1 -6.7548 0
    endloop
  endfacet
  facet normal -0.866026 0.499999 0
    outer loop
      vertex -14.1 -6.7548 2
      vertex -14.85 -8.05384 0
      vertex -14.85 -8.05384 2
    endloop
  endfacet
  facet normal 0 -1 0
    outer loop
      vertex -16.35 -5.45576 0
      vertex -14.85 -5.45576 2
      vertex -16.35 -5.45576 2
    endloop
  endfacet
  facet normal 0 -1 -0
    outer loop
      vertex -14.85 -5.45576 2
      vertex -16.35 -5.45576 0
      vertex -14.85 -5.45576 0
    endloop
  endfacet
  facet normal -0.866026 -0.499999 0
    outer loop
      vertex -14.1 -6.7548 0
      vertex -14.85 -5.45576 2
      vertex -14.85 -5.45576 0
    endloop
  endfacet
  facet normal -0.866026 -0.499999 0
    outer loop
      vertex -14.85 -5.45576 2
      vertex -14.1 -6.7548 0
      vertex -14.1 -6.7548 2
    endloop
  endfacet
  facet normal 0.866026 -0.499999 0
    outer loop
      vertex -17.1 -6.7548 2
      vertex -16.35 -5.45576 0
      vertex -16.35 -5.45576 2
    endloop
  endfacet
  facet normal 0.866026 -0.499999 0
    outer loop
      vertex -16.35 -5.45576 0
      vertex -17.1 -6.7548 2
      vertex -17.1 -6.7548 0
    endloop
  endfacet
  facet normal 0.866026 0.499999 0
    outer loop
      vertex -16.35 -8.05384 2
      vertex -17.1 -6.7548 0
      vertex -17.1 -6.7548 2
    endloop
  endfacet
  facet normal 0.866026 0.499999 0
    outer loop
      vertex -17.1 -6.7548 0
      vertex -16.35 -8.05384 2
      vertex -16.35 -8.05384 0
    endloop
  endfacet
  facet normal 0 1 -0
    outer loop
      vertex -16.8 -4.67644 0
      vertex -18.3 -4.67644 2
      vertex -16.8 -4.67644 2
    endloop
  endfacet
  facet normal 0 1 0
    outer loop
      vertex -18.3 -4.67644 2
      vertex -16.8 -4.67644 0
      vertex -18.3 -4.67644 0
    endloop
  endfacet
  facet normal -0.866026 0.499999 0
    outer loop
      vertex -16.8 -4.67644 0
      vertex -16.05 -3.3774 2
      vertex -16.05 -3.3774 0
    endloop
  endfacet
  facet normal -0.866026 0.499999 0
    outer loop
      vertex -16.05 -3.3774 2
      vertex -16.8 -4.67644 0
      vertex -16.8 -4.67644 2
    endloop
  endfacet
  facet normal 0 -1 0
    outer loop
      vertex -18.3 -2.07836 0
      vertex -16.8 -2.07836 2
      vertex -18.3 -2.07836 2
    endloop
  endfacet
  facet normal 0 -1 -0
    outer loop
      vertex -16.8 -2.07836 2
      vertex -18.3 -2.07836 0
      vertex -16.8 -2.07836 0
    endloop
  endfacet
  facet normal -0.866026 -0.499999 0
    outer loop
      vertex -16.05 -3.3774 0
      vertex -16.8 -2.07836 2
      vertex -16.8 -2.07836 0
    endloop
  endfacet
  facet normal -0.866026 -0.499999 0
    outer loop
      vertex -16.8 -2.07836 2
      vertex -16.05 -3.3774 0
      vertex -16.05 -3.3774 2
    endloop
  endfacet
  facet normal 0.866026 -0.499999 0
    outer loop
      vertex -19.05 -3.3774 2
      vertex -18.3 -2.07836 0
      vertex -18.3 -2.07836 2
    endloop
  endfacet
  facet normal 0.866026 -0.499999 0
    outer loop
      vertex -18.3 -2.07836 0
      vertex -19.05 -3.3774 2
      vertex -19.05 -3.3774 0
    endloop
  endfacet
  facet normal 0.866026 0.499999 0
    outer loop
      vertex -18.3 -4.67644 2
      vertex -19.05 -3.3774 0
      vertex -19.05 -3.3774 2
    endloop
  endfacet
  facet normal 0.866026 0.499999 0
    outer loop
      vertex -19.05 -3.3774 0
      vertex -18.3 -4.67644 2
      vertex -18.3 -4.67644 0
    endloop
  endfacet
  facet normal 0 1 -0
    outer loop
      vertex -14.85 -1.29904 0
      vertex -16.35 -1.29904 2
      vertex -14.85 -1.29904 2
    endloop
  endfacet
  facet normal 0 1 0
    outer loop
      vertex -16.35 -1.29904 2
      vertex -14.85 -1.29904 0
      vertex -16.35 -1.29904 0
    endloop
  endfacet
  facet normal -0.866026 0.499999 0
    outer loop
      vertex -14.85 -1.29904 0
      vertex -14.1 0 2
      vertex -14.1 0 0
    endloop
  endfacet
  facet normal -0.866026 0.499999 0
    outer loop
      vertex -14.1 0 2
      vertex -14.85 -1.29904 0
      vertex -14.85 -1.29904 2
    endloop
  endfacet
  facet normal 0 -1 0
    outer loop
      vertex -16.35 1.29904 0
      vertex -14.85 1.29904 2
      vertex -16.35 1.29904 2
    endloop
  endfacet
  facet normal 0 -1 -0
    outer loop
      vertex -14.85 1.29904 2
      vertex -16.35 1.29904 0
      vertex -14.85 1.29904 0
    endloop
  endfacet
  facet normal -0.866026 -0.499999 0
    outer loop
      vertex -14.1 0 0
      vertex -14.85 1.29904 2
      vertex -14.85 1.29904 0
    endloop
  endfacet
  facet normal -0.866026 -0.499999 0
    outer loop
      vertex -14.85 1.29904 2
      vertex -14.1 0 0
      vertex -14.1 0 2
    endloop
  endfacet
  facet normal 0.866026 -0.499999 0
    outer loop
      vertex -17.1 0 2
      vertex -16.35 1.29904 0
      vertex -16.35 1.29904 2
    endloop
  endfacet
  facet normal 0.866026 -0.499999 0
    outer loop
      vertex -16.35 1.29904 0
      vertex -17.1 0 2
      vertex -17.1 0 0
    endloop
  endfacet
  facet normal 0.866026 0.499999 0
    outer loop
      vertex -16.35 -1.29904 2
      vertex -17.1 0 0
      vertex -17.1 0 2
    endloop
  endfacet
  facet normal 0.866026 0.499999 0
    outer loop
      vertex -17.1 0 0
      vertex -16.35 -1.29904 2
      vertex -16.35 -1.29904 0
    endloop
  endfacet
  facet normal 0 1 -0
    outer loop
      vertex -12.9 2.07836 0
      vertex -14.4 2.07836 2
      vertex -12.9 2.07836 2
    endloop
  endfacet
  facet normal 0 1 0
    outer loop
      vertex -14.4 2.07836 2
      vertex -12.9 2.07836 0
      vertex -14.4 2.07836 0
    endloop
  endfacet
  facet normal -0.866026 0.499999 0
    outer loop
      vertex -12.9 2.07836 0
      vertex -12.15 3.3774 2
      vertex -12.15 3.3774 0
    endloop
  endfacet
  facet normal -0.866026 0.499999 0
    outer loop
      vertex -12.15 3.3774 2
      vertex -12.9 2.07836 0
      vertex -12.9 2.07836 2
    endloop
  endfacet
  facet normal 0 -1 0
    outer loop
      vertex -14.4 4.67644 0
      vertex -12.9 4.67644 2
      vertex -14.4 4.67644 2
    endloop
  endfacet
  facet normal 0 -1 -0
    outer loop
      vertex -12.9 4.67644 2
      vertex -14.4 4.67644 0
      vertex -12.9 4.67644 0
    endloop
  endfacet
  facet normal -0.866026 -0.499999 0
    outer loop
      vertex -12.15 3.3774 0
      vertex -12.9 4.67644 2
      vertex -12.9 4.67644 0
    endloop
  endfacet
  facet normal -0.866026 -0.499999 0
    outer loop
      vertex -12.9 4.67644 2
      vertex -12.15 3.3774 0
      vertex -12.15 3.3774 2
    endloop
  endfacet
  facet normal 0.866026 -0.499999 0
    outer loop
      vertex -15.15 3.3774 2
      vertex -14.4 4.67644 0
      vertex -14.4 4.67644 2
    endloop
  endfacet
  facet normal 0.866026 -0.499999 0
    outer loop
      vertex -14.4 4.67644 0
      vertex -15.15 3.3774 2
      vertex -15.15 3.3774 0
    endloop
  endfacet
  facet normal 0.866026 0.499999 0
    outer loop
      vertex -14.4 2.07836 2
      vertex -15.15 3.3774 0
      vertex -15.15 3.3774 2
    endloop
  endfacet
  facet normal 0.866026 0.499999 0
    outer loop
      vertex -15.15 3.3774 0
      vertex -14.4 2.07836 2
      vertex -14.4 2.07836 0
    endloop
  endfacet
  facet normal 0 1 -0
    outer loop
      vertex -10.95 -14.8086 0
      vertex -12.45 -14.8086 2
      vertex -10.95 -14.8086 2
    endloop
  endfacet
  facet normal 0 1 0
    outer loop
      vertex -12.45 -14.8086 2
      vertex -10.95 -14.8086 0
      vertex -12.45 -14.8086 0
    endloop
  endfacet
  facet normal -0.866019 0.500011 0
    outer loop
      vertex -10.95 -14.8086 0
      vertex -10.2 -13.5096 2
      vertex -10.2 -13.5096 0
    endloop
  endfacet
  facet normal -0.866019 0.500011 0
    outer loop
      vertex -10.2 -13.5096 2
      vertex -10.95 -14.8086 0
      vertex -10.95 -14.8086 2
    endloop
  endfacet
  facet normal 0 -1 0
    outer loop
      vertex -12.45 -12.2106 0
      vertex -10.95 -12.2106 2
      vertex -12.45 -12.2106 2
    endloop
  endfacet
  facet normal 0 -1 -0
    outer loop
      vertex -10.95 -12.2106 2
      vertex -12.45 -12.2106 0
      vertex -10.95 -12.2106 0
    endloop
  endfacet
  facet normal -0.866019 -0.500011 0
    outer loop
      vertex -10.2 -13.5096 0
      vertex -10.95 -12.2106 2
      vertex -10.95 -12.2106 0
    endloop
  endfacet
  facet normal -0.866019 -0.500011 0
    outer loop
      vertex -10.95 -12.2106 2
      vertex -10.2 -13.5096 0
      vertex -10.2 -13.5096 2
    endloop
  endfacet
  facet normal 0.866019 -0.500011 0
    outer loop
      vertex -13.2 -13.5096 2
      vertex -12.45 -12.2106 0
      vertex -12.45 -12.2106 2
    endloop
  endfacet
  facet normal 0.866019 -0.500011 0
    outer loop
      vertex -12.45 -12.2106 0
      vertex -13.2 -13.5096 2
      vertex -13.2 -13.5096 0
    endloop
  endfacet
  facet normal 0.866019 0.500011 0
    outer loop
      vertex -12.45 -14.8086 2
      vertex -13.2 -13.5096 0
      vertex -13.2 -13.5096 2
    endloop
  endfacet
  facet normal 0.866019 0.500011 0
    outer loop
      vertex -13.2 -13.5096 0
      vertex -12.45 -14.8086 2
      vertex -12.45 -14.8086 0
    endloop
  endfacet
  facet normal 0 1 -0
    outer loop
      vertex -12.9 -11.4312 0
      vertex -14.4 -11.4312 2
      vertex -12.9 -11.4312 2
    endloop
  endfacet
  facet normal 0 1 0
    outer loop
      vertex -14.4 -11.4312 2
      vertex -12.9 -11.4312 0
      vertex -14.4 -11.4312 0
    endloop
  endfacet
  facet normal -0.866019 0.500011 0
    outer loop
      vertex -12.9 -11.4312 0
      vertex -12.15 -10.1322 2
      vertex -12.15 -10.1322 0
    endloop
  endfacet
  facet normal -0.866019 0.500011 0
    outer loop
      vertex -12.15 -10.1322 2
      vertex -12.9 -11.4312 0
      vertex -12.9 -11.4312 2
    endloop
  endfacet
  facet normal 0 -1 0
    outer loop
      vertex -14.4 -8.83316 0
      vertex -12.9 -8.83316 2
      vertex -14.4 -8.83316 2
    endloop
  endfacet
  facet normal 0 -1 -0
    outer loop
      vertex -12.9 -8.83316 2
      vertex -14.4 -8.83316 0
      vertex -12.9 -8.83316 0
    endloop
  endfacet
  facet normal -0.866026 -0.499999 0
    outer loop
      vertex -12.15 -10.1322 0
      vertex -12.9 -8.83316 2
      vertex -12.9 -8.83316 0
    endloop
  endfacet
  facet normal -0.866026 -0.499999 0
    outer loop
      vertex -12.9 -8.83316 2
      vertex -12.15 -10.1322 0
      vertex -12.15 -10.1322 2
    endloop
  endfacet
  facet normal 0.866026 -0.499999 0
    outer loop
      vertex -15.15 -10.1322 2
      vertex -14.4 -8.83316 0
      vertex -14.4 -8.83316 2
    endloop
  endfacet
  facet normal 0.866026 -0.499999 0
    outer loop
      vertex -14.4 -8.83316 0
      vertex -15.15 -10.1322 2
      vertex -15.15 -10.1322 0
    endloop
  endfacet
  facet normal 0.866019 0.500011 0
    outer loop
      vertex -14.4 -11.4312 2
      vertex -15.15 -10.1322 0
      vertex -15.15 -10.1322 2
    endloop
  endfacet
  facet normal 0.866019 0.500011 0
    outer loop
      vertex -15.15 -10.1322 0
      vertex -14.4 -11.4312 2
      vertex -14.4 -11.4312 0
    endloop
  endfacet
  facet normal 0 1 -0
    outer loop
      vertex -10.95 -8.05384 0
      vertex -12.45 -8.05384 2
      vertex -10.95 -8.05384 2
    endloop
  endfacet
  facet normal 0 1 0
    outer loop
      vertex -12.45 -8.05384 2
      vertex -10.95 -8.05384 0
      vertex -12.45 -8.05384 0
    endloop
  endfacet
  facet normal -0.866026 0.499999 0
    outer loop
      vertex -10.95 -8.05384 0
      vertex -10.2 -6.7548 2
      vertex -10.2 -6.7548 0
    endloop
  endfacet
  facet normal -0.866026 0.499999 0
    outer loop
      vertex -10.2 -6.7548 2
      vertex -10.95 -8.05384 0
      vertex -10.95 -8.05384 2
    endloop
  endfacet
  facet normal 0 -1 0
    outer loop
      vertex -12.45 -5.45576 0
      vertex -10.95 -5.45576 2
      vertex -12.45 -5.45576 2
    endloop
  endfacet
  facet normal 0 -1 -0
    outer loop
      vertex -10.95 -5.45576 2
      vertex -12.45 -5.45576 0
      vertex -10.95 -5.45576 0
    endloop
  endfacet
  facet normal -0.866026 -0.499999 0
    outer loop
      vertex -10.2 -6.7548 0
      vertex -10.95 -5.45576 2
      vertex -10.95 -5.45576 0
    endloop
  endfacet
  facet normal -0.866026 -0.499999 0
    outer loop
      vertex -10.95 -5.45576 2
      vertex -10.2 -6.7548 0
      vertex -10.2 -6.7548 2
    endloop
  endfacet
  facet normal 0.866026 -0.499999 0
    outer loop
      vertex -13.2 -6.7548 2
      vertex -12.45 -5.45576 0
      vertex -12.45 -5.45576 2
    endloop
  endfacet
  facet normal 0.866026 -0.499999 0
    outer loop
      vertex -12.45 -5.45576 0
      vertex -13.2 -6.7548 2
      vertex -13.2 -6.7548 0
    endloop
  endfacet
  facet normal 0.866026 0.499999 0
    outer loop
      vertex -12.45 -8.05384 2
      vertex -13.2 -6.7548 0
      vertex -13.2 -6.7548 2
    endloop
  endfacet
  facet normal 0.866026 0.499999 0
    outer loop
      vertex -13.2 -6.7548 0
      vertex -12.45 -8.05384 2
      vertex -12.45 -8.05384 0
    endloop
  endfacet
  facet normal 0 1 -0
    outer loop
      vertex -12.9 -4.67644 0
      vertex -14.4 -4.67644 2
      vertex -12.9 -4.67644 2
    endloop
  endfacet
  facet normal 0 1 0
    outer loop
      vertex -14.4 -4.67644 2
      vertex -12.9 -4.67644 0
      vertex -14.4 -4.67644 0
    endloop
  endfacet
  facet normal -0.866026 0.499999 0
    outer loop
      vertex -12.9 -4.67644 0
      vertex -12.15 -3.3774 2
      vertex -12.15 -3.3774 0
    endloop
  endfacet
  facet normal -0.866026 0.499999 0
    outer loop
      vertex -12.15 -3.3774 2
      vertex -12.9 -4.67644 0
      vertex -12.9 -4.67644 2
    endloop
  endfacet
  facet normal 0 -1 0
    outer loop
      vertex -14.4 -2.07836 0
      vertex -12.9 -2.07836 2
      vertex -14.4 -2.07836 2
    endloop
  endfacet
  facet normal 0 -1 -0
    outer loop
      vertex -12.9 -2.07836 2
      vertex -14.4 -2.07836 0
      vertex -12.9 -2.07836 0
    endloop
  endfacet
  facet normal -0.866026 -0.499999 0
    outer loop
      vertex -12.15 -3.3774 0
      vertex -12.9 -2.07836 2
      vertex -12.9 -2.07836 0
    endloop
  endfacet
  facet normal -0.866026 -0.499999 0
    outer loop
      vertex -12.9 -2.07836 2
      vertex -12.15 -3.3774 0
      vertex -12.15 -3.3774 2
    endloop
  endfacet
  facet normal 0.866026 -0.499999 0
    outer loop
      vertex -15.15 -3.3774 2
      vertex -14.4 -2.07836 0
      vertex -14.4 -2.07836 2
    endloop
  endfacet
  facet normal 0.866026 -0.499999 0
    outer loop
      vertex -14.4 -2.07836 0
      vertex -15.15 -3.3774 2
      vertex -15.15 -3.3774 0
    endloop
  endfacet
  facet normal 0.866026 0.499999 0
    outer loop
      vertex -14.4 -4.67644 2
      vertex -15.15 -3.3774 0
      vertex -15.15 -3.3774 2
    endloop
  endfacet
  facet normal 0.866026 0.499999 0
    outer loop
      vertex -15.15 -3.3774 0
      vertex -14.4 -4.67644 2
      vertex -14.4 -4.67644 0
    endloop
  endfacet
  facet normal 0 1 -0
    outer loop
      vertex -10.95 -1.29904 0
      vertex -12.45 -1.29904 2
      vertex -10.95 -1.29904 2
    endloop
  endfacet
  facet normal 0 1 0
    outer loop
      vertex -12.45 -1.29904 2
      vertex -10.95 -1.29904 0
      vertex -12.45 -1.29904 0
    endloop
  endfacet
  facet normal -0.866026 0.499999 0
    outer loop
      vertex -10.95 -1.29904 0
      vertex -10.2 0 2
      vertex -10.2 0 0
    endloop
  endfacet
  facet normal -0.866026 0.499999 0
    outer loop
      vertex -10.2 0 2
      vertex -10.95 -1.29904 0
      vertex -10.95 -1.29904 2
    endloop
  endfacet
  facet normal 0 -1 0
    outer loop
      vertex -12.45 1.29904 0
      vertex -10.95 1.29904 2
      vertex -12.45 1.29904 2
    endloop
  endfacet
  facet normal 0 -1 -0
    outer loop
      vertex -10.95 1.29904 2
      vertex -12.45 1.29904 0
      vertex -10.95 1.29904 0
    endloop
  endfacet
  facet normal -0.866026 -0.499999 0
    outer loop
      vertex -10.2 0 0
      vertex -10.95 1.29904 2
      vertex -10.95 1.29904 0
    endloop
  endfacet
  facet normal -0.866026 -0.499999 0
    outer loop
      vertex -10.95 1.29904 2
      vertex -10.2 0 0
      vertex -10.2 0 2
    endloop
  endfacet
  facet normal 0.866026 -0.499999 0
    outer loop
      vertex -13.2 0 2
      vertex -12.45 1.29904 0
      vertex -12.45 1.29904 2
    endloop
  endfacet
  facet normal 0.866026 -0.499999 0
    outer loop
      vertex -12.45 1.29904 0
      vertex -13.2 0 2
      vertex -13.2 0 0
    endloop
  endfacet
  facet normal 0.866026 0.499999 0
    outer loop
      vertex -12.45 -1.29904 2
      vertex -13.2 0 0
      vertex -13.2 0 2
    endloop
  endfacet
  facet normal 0.866026 0.499999 0
    outer loop
      vertex -13.2 0 0
      vertex -12.45 -1.29904 2
      vertex -12.45 -1.29904 0
    endloop
  endfacet
  facet normal 0 1 -0
    outer loop
      vertex -9 2.07836 0
      vertex -10.5 2.07836 2
      vertex -9 2.07836 2
    endloop
  endfacet
  facet normal 0 1 0
    outer loop
      vertex -10.5 2.07836 2
      vertex -9 2.07836 0
      vertex -10.5 2.07836 0
    endloop
  endfacet
  facet normal -0.866026 0.499999 0
    outer loop
      vertex -9 2.07836 0
      vertex -8.25 3.3774 2
      vertex -8.25 3.3774 0
    endloop
  endfacet
  facet normal -0.866026 0.499999 0
    outer loop
      vertex -8.25 3.3774 2
      vertex -9 2.07836 0
      vertex -9 2.07836 2
    endloop
  endfacet
  facet normal 0 -1 0
    outer loop
      vertex -10.5 4.67644 0
      vertex -9 4.67644 2
      vertex -10.5 4.67644 2
    endloop
  endfacet
  facet normal 0 -1 -0
    outer loop
      vertex -9 4.67644 2
      vertex -10.5 4.67644 0
      vertex -9 4.67644 0
    endloop
  endfacet
  facet normal -0.866026 -0.499999 0
    outer loop
      vertex -8.25 3.3774 0
      vertex -9 4.67644 2
      vertex -9 4.67644 0
    endloop
  endfacet
  facet normal -0.866026 -0.499999 0
    outer loop
      vertex -9 4.67644 2
      vertex -8.25 3.3774 0
      vertex -8.25 3.3774 2
    endloop
  endfacet
  facet normal 0.866026 -0.499999 0
    outer loop
      vertex -11.25 3.3774 2
      vertex -10.5 4.67644 0
      vertex -10.5 4.67644 2
    endloop
  endfacet
  facet normal 0.866026 -0.499999 0
    outer loop
      vertex -10.5 4.67644 0
      vertex -11.25 3.3774 2
      vertex -11.25 3.3774 0
    endloop
  endfacet
  facet normal 0.866026 0.499999 0
    outer loop
      vertex -10.5 2.07836 2
      vertex -11.25 3.3774 0
      vertex -11.25 3.3774 2
    endloop
  endfacet
  facet normal 0.866026 0.499999 0
    outer loop
      vertex -11.25 3.3774 0
      vertex -10.5 2.07836 2
      vertex -10.5 2.07836 0
    endloop
  endfacet
  facet normal 0 -1 0
    outer loop
      vertex -12.45 8.05384 0
      vertex -10.95 8.05384 2
      vertex -12.45 8.05384 2
    endloop
  endfacet
  facet normal 0 -1 -0
    outer loop
      vertex -10.95 8.05384 2
      vertex -12.45 8.05384 0
      vertex -10.95 8.05384 0
    endloop
  endfacet
  facet normal -0.866026 -0.499999 0
    outer loop
      vertex -10.2 6.7548 0
      vertex -10.95 8.05384 2
      vertex -10.95 8.05384 0
    endloop
  endfacet
  facet normal -0.866026 -0.499999 0
    outer loop
      vertex -10.95 8.05384 2
      vertex -10.2 6.7548 0
      vertex -10.2 6.7548 2
    endloop
  endfacet
  facet normal 0.866026 -0.499999 0
    outer loop
      vertex -13.2 6.7548 2
      vertex -12.45 8.05384 0
      vertex -12.45 8.05384 2
    endloop
  endfacet
  facet normal 0.866026 -0.499999 0
    outer loop
      vertex -12.45 8.05384 0
      vertex -13.2 6.7548 2
      vertex -13.2 6.7548 0
    endloop
  endfacet
  facet normal 0.866026 0.499999 0
    outer loop
      vertex -12.45 5.45576 2
      vertex -13.2 6.7548 0
      vertex -13.2 6.7548 2
    endloop
  endfacet
  facet normal 0.866026 0.499999 0
    outer loop
      vertex -13.2 6.7548 0
      vertex -12.45 5.45576 2
      vertex -12.45 5.45576 0
    endloop
  endfacet
  facet normal 0 1 -0
    outer loop
      vertex -10.95 5.45576 0
      vertex -12.45 5.45576 2
      vertex -10.95 5.45576 2
    endloop
  endfacet
  facet normal 0 1 0
    outer loop
      vertex -12.45 5.45576 2
      vertex -10.95 5.45576 0
      vertex -12.45 5.45576 0
    endloop
  endfacet
  facet normal -0.866026 0.499999 0
    outer loop
      vertex -10.95 5.45576 0
      vertex -10.2 6.7548 2
      vertex -10.2 6.7548 0
    endloop
  endfacet
  facet normal -0.866026 0.499999 0
    outer loop
      vertex -10.2 6.7548 2
      vertex -10.95 5.45576 0
      vertex -10.95 5.45576 2
    endloop
  endfacet
  facet normal 0 1 -0
    outer loop
      vertex -9 8.83316 0
      vertex -10.5 8.83316 2
      vertex -9 8.83316 2
    endloop
  endfacet
  facet normal 0 1 0
    outer loop
      vertex -10.5 8.83316 2
      vertex -9 8.83316 0
      vertex -10.5 8.83316 0
    endloop
  endfacet
  facet normal -0.866026 0.499999 0
    outer loop
      vertex -9 8.83316 0
      vertex -8.25 10.1322 2
      vertex -8.25 10.1322 0
    endloop
  endfacet
  facet normal -0.866026 0.499999 0
    outer loop
      vertex -8.25 10.1322 2
      vertex -9 8.83316 0
      vertex -9 8.83316 2
    endloop
  endfacet
  facet normal 0 -1 0
    outer loop
      vertex -10.5 11.4312 0
      vertex -9 11.4312 2
      vertex -10.5 11.4312 2
    endloop
  endfacet
  facet normal 0 -1 -0
    outer loop
      vertex -9 11.4312 2
      vertex -10.5 11.4312 0
      vertex -9 11.4312 0
    endloop
  endfacet
  facet normal -0.866019 -0.500011 0
    outer loop
      vertex -8.25 10.1322 0
      vertex -9 11.4312 2
      vertex -9 11.4312 0
    endloop
  endfacet
  facet normal -0.866019 -0.500011 0
    outer loop
      vertex -9 11.4312 2
      vertex -8.25 10.1322 0
      vertex -8.25 10.1322 2
    endloop
  endfacet
  facet normal 0.866019 -0.500011 0
    outer loop
      vertex -11.25 10.1322 2
      vertex -10.5 11.4312 0
      vertex -10.5 11.4312 2
    endloop
  endfacet
  facet normal 0.866019 -0.500011 0
    outer loop
      vertex -10.5 11.4312 0
      vertex -11.25 10.1322 2
      vertex -11.25 10.1322 0
    endloop
  endfacet
  facet normal 0.866026 0.499999 0
    outer loop
      vertex -10.5 8.83316 2
      vertex -11.25 10.1322 0
      vertex -11.25 10.1322 2
    endloop
  endfacet
  facet normal 0.866026 0.499999 0
    outer loop
      vertex -11.25 10.1322 0
      vertex -10.5 8.83316 2
      vertex -10.5 8.83316 0
    endloop
  endfacet
  facet normal 0 1 -0
    outer loop
      vertex -10.95 12.2106 0
      vertex -12.45 12.2106 2
      vertex -10.95 12.2106 2
    endloop
  endfacet
  facet normal 0 1 0
    outer loop
      vertex -12.45 12.2106 2
      vertex -10.95 12.2106 0
      vertex -12.45 12.2106 0
    endloop
  endfacet
  facet normal -0.866019 0.500011 0
    outer loop
      vertex -10.95 12.2106 0
      vertex -10.2 13.5096 2
      vertex -10.2 13.5096 0
    endloop
  endfacet
  facet normal -0.866019 0.500011 0
    outer loop
      vertex -10.2 13.5096 2
      vertex -10.95 12.2106 0
      vertex -10.95 12.2106 2
    endloop
  endfacet
  facet normal 0 -1 0
    outer loop
      vertex -12.45 14.8086 0
      vertex -10.95 14.8086 2
      vertex -12.45 14.8086 2
    endloop
  endfacet
  facet normal 0 -1 -0
    outer loop
      vertex -10.95 14.8086 2
      vertex -12.45 14.8086 0
      vertex -10.95 14.8086 0
    endloop
  endfacet
  facet normal -0.866019 -0.500011 0
    outer loop
      vertex -10.2 13.5096 0
      vertex -10.95 14.8086 2
      vertex -10.95 14.8086 0
    endloop
  endfacet
  facet normal -0.866019 -0.500011 0
    outer loop
      vertex -10.95 14.8086 2
      vertex -10.2 13.5096 0
      vertex -10.2 13.5096 2
    endloop
  endfacet
  facet normal 0.866019 -0.500011 0
    outer loop
      vertex -13.2 13.5096 2
      vertex -12.45 14.8086 0
      vertex -12.45 14.8086 2
    endloop
  endfacet
  facet normal 0.866019 -0.500011 0
    outer loop
      vertex -12.45 14.8086 0
      vertex -13.2 13.5096 2
      vertex -13.2 13.5096 0
    endloop
  endfacet
  facet normal 0.866019 0.500011 0
    outer loop
      vertex -12.45 12.2106 2
      vertex -13.2 13.5096 0
      vertex -13.2 13.5096 2
    endloop
  endfacet
  facet normal 0.866019 0.500011 0
    outer loop
      vertex -13.2 13.5096 0
      vertex -12.45 12.2106 2
      vertex -12.45 12.2106 0
    endloop
  endfacet
  facet normal 0 1 -0
    outer loop
      vertex -9 15.588 0
      vertex -10.5 15.588 2
      vertex -9 15.588 2
    endloop
  endfacet
  facet normal 0 1 0
    outer loop
      vertex -10.5 15.588 2
      vertex -9 15.588 0
      vertex -10.5 15.588 0
    endloop
  endfacet
  facet normal -0.866019 0.500011 0
    outer loop
      vertex -9 15.588 0
      vertex -8.25 16.887 2
      vertex -8.25 16.887 0
    endloop
  endfacet
  facet normal -0.866019 0.500011 0
    outer loop
      vertex -8.25 16.887 2
      vertex -9 15.588 0
      vertex -9 15.588 2
    endloop
  endfacet
  facet normal 0 -1 0
    outer loop
      vertex -10.5 18.186 0
      vertex -9 18.186 2
      vertex -10.5 18.186 2
    endloop
  endfacet
  facet normal 0 -1 -0
    outer loop
      vertex -9 18.186 2
      vertex -10.5 18.186 0
      vertex -9 18.186 0
    endloop
  endfacet
  facet normal -0.866019 -0.500011 0
    outer loop
      vertex -8.25 16.887 0
      vertex -9 18.186 2
      vertex -9 18.186 0
    endloop
  endfacet
  facet normal -0.866019 -0.500011 0
    outer loop
      vertex -9 18.186 2
      vertex -8.25 16.887 0
      vertex -8.25 16.887 2
    endloop
  endfacet
  facet normal 0.866019 -0.500011 0
    outer loop
      vertex -11.25 16.887 2
      vertex -10.5 18.186 0
      vertex -10.5 18.186 2
    endloop
  endfacet
  facet normal 0.866019 -0.500011 0
    outer loop
      vertex -10.5 18.186 0
      vertex -11.25 16.887 2
      vertex -11.25 16.887 0
    endloop
  endfacet
  facet normal 0.866019 0.500011 0
    outer loop
      vertex -10.5 15.588 2
      vertex -11.25 16.887 0
      vertex -11.25 16.887 2
    endloop
  endfacet
  facet normal 0.866019 0.500011 0
    outer loop
      vertex -11.25 16.887 0
      vertex -10.5 15.588 2
      vertex -10.5 15.588 0
    endloop
  endfacet
  facet normal 0 1 -0
    outer loop
      vertex -9 -18.186 0
      vertex -10.5 -18.186 2
      vertex -9 -18.186 2
    endloop
  endfacet
  facet normal 0 1 0
    outer loop
      vertex -10.5 -18.186 2
      vertex -9 -18.186 0
      vertex -10.5 -18.186 0
    endloop
  endfacet
  facet normal 0 -1 0
    outer loop
      vertex -10.5 -15.588 0
      vertex -9 -15.588 2
      vertex -10.5 -15.588 2
    endloop
  endfacet
  facet normal 0 -1 -0
    outer loop
      vertex -9 -15.588 2
      vertex -10.5 -15.588 0
      vertex -9 -15.588 0
    endloop
  endfacet
  facet normal -0.866019 -0.500011 0
    outer loop
      vertex -8.25 -16.887 0
      vertex -9 -15.588 2
      vertex -9 -15.588 0
    endloop
  endfacet
  facet normal -0.866019 -0.500011 0
    outer loop
      vertex -9 -15.588 2
      vertex -8.25 -16.887 0
      vertex -8.25 -16.887 2
    endloop
  endfacet
  facet normal 0.866019 -0.500011 0
    outer loop
      vertex -11.25 -16.887 2
      vertex -10.5 -15.588 0
      vertex -10.5 -15.588 2
    endloop
  endfacet
  facet normal 0.866019 -0.500011 0
    outer loop
      vertex -10.5 -15.588 0
      vertex -11.25 -16.887 2
      vertex -11.25 -16.887 0
    endloop
  endfacet
  facet normal 0.866019 0.500011 0
    outer loop
      vertex -10.5 -18.186 2
      vertex -11.25 -16.887 0
      vertex -11.25 -16.887 2
    endloop
  endfacet
  facet normal 0.866019 0.500011 0
    outer loop
      vertex -11.25 -16.887 0
      vertex -10.5 -18.186 2
      vertex -10.5 -18.186 0
    endloop
  endfacet
  facet normal -0.866019 0.500011 0
    outer loop
      vertex -9 -18.186 0
      vertex -8.25 -16.887 2
      vertex -8.25 -16.887 0
    endloop
  endfacet
  facet normal -0.866019 0.500011 0
    outer loop
      vertex -8.25 -16.887 2
      vertex -9 -18.186 0
      vertex -9 -18.186 2
    endloop
  endfacet
  facet normal 0 1 -0
    outer loop
      vertex -7.05 -14.8086 0
      vertex -8.55 -14.8086 2
      vertex -7.05 -14.8086 2
    endloop
  endfacet
  facet normal 0 1 0
    outer loop
      vertex -8.55 -14.8086 2
      vertex -7.05 -14.8086 0
      vertex -8.55 -14.8086 0
    endloop
  endfacet
  facet normal -0.866019 0.500011 0
    outer loop
      vertex -7.05 -14.8086 0
      vertex -6.3 -13.5096 2
      vertex -6.3 -13.5096 0
    endloop
  endfacet
  facet normal -0.866019 0.500011 0
    outer loop
      vertex -6.3 -13.5096 2
      vertex -7.05 -14.8086 0
      vertex -7.05 -14.8086 2
    endloop
  endfacet
  facet normal 0 -1 0
    outer loop
      vertex -8.55 -12.2106 0
      vertex -7.05 -12.2106 2
      vertex -8.55 -12.2106 2
    endloop
  endfacet
  facet normal 0 -1 -0
    outer loop
      vertex -7.05 -12.2106 2
      vertex -8.55 -12.2106 0
      vertex -7.05 -12.2106 0
    endloop
  endfacet
  facet normal -0.866019 -0.500011 0
    outer loop
      vertex -6.3 -13.5096 0
      vertex -7.05 -12.2106 2
      vertex -7.05 -12.2106 0
    endloop
  endfacet
  facet normal -0.866019 -0.500011 0
    outer loop
      vertex -7.05 -12.2106 2
      vertex -6.3 -13.5096 0
      vertex -6.3 -13.5096 2
    endloop
  endfacet
  facet normal 0.866019 -0.500011 0
    outer loop
      vertex -9.3 -13.5096 2
      vertex -8.55 -12.2106 0
      vertex -8.55 -12.2106 2
    endloop
  endfacet
  facet normal 0.866019 -0.500011 0
    outer loop
      vertex -8.55 -12.2106 0
      vertex -9.3 -13.5096 2
      vertex -9.3 -13.5096 0
    endloop
  endfacet
  facet normal 0.866019 0.500011 0
    outer loop
      vertex -8.55 -14.8086 2
      vertex -9.3 -13.5096 0
      vertex -9.3 -13.5096 2
    endloop
  endfacet
  facet normal 0.866019 0.500011 0
    outer loop
      vertex -9.3 -13.5096 0
      vertex -8.55 -14.8086 2
      vertex -8.55 -14.8086 0
    endloop
  endfacet
  facet normal 0 1 -0
    outer loop
      vertex -9 -11.4312 0
      vertex -10.5 -11.4312 2
      vertex -9 -11.4312 2
    endloop
  endfacet
  facet normal 0 1 0
    outer loop
      vertex -10.5 -11.4312 2
      vertex -9 -11.4312 0
      vertex -10.5 -11.4312 0
    endloop
  endfacet
  facet normal -0.866019 0.500011 0
    outer loop
      vertex -9 -11.4312 0
      vertex -8.25 -10.1322 2
      vertex -8.25 -10.1322 0
    endloop
  endfacet
  facet normal -0.866019 0.500011 0
    outer loop
      vertex -8.25 -10.1322 2
      vertex -9 -11.4312 0
      vertex -9 -11.4312 2
    endloop
  endfacet
  facet normal 0 -1 0
    outer loop
      vertex -10.5 -8.83316 0
      vertex -9 -8.83316 2
      vertex -10.5 -8.83316 2
    endloop
  endfacet
  facet normal 0 -1 -0
    outer loop
      vertex -9 -8.83316 2
      vertex -10.5 -8.83316 0
      vertex -9 -8.83316 0
    endloop
  endfacet
  facet normal -0.866026 -0.499999 0
    outer loop
      vertex -8.25 -10.1322 0
      vertex -9 -8.83316 2
      vertex -9 -8.83316 0
    endloop
  endfacet
  facet normal -0.866026 -0.499999 0
    outer loop
      vertex -9 -8.83316 2
      vertex -8.25 -10.1322 0
      vertex -8.25 -10.1322 2
    endloop
  endfacet
  facet normal 0.866026 -0.499999 0
    outer loop
      vertex -11.25 -10.1322 2
      vertex -10.5 -8.83316 0
      vertex -10.5 -8.83316 2
    endloop
  endfacet
  facet normal 0.866026 -0.499999 0
    outer loop
      vertex -10.5 -8.83316 0
      vertex -11.25 -10.1322 2
      vertex -11.25 -10.1322 0
    endloop
  endfacet
  facet normal 0.866019 0.500011 0
    outer loop
      vertex -10.5 -11.4312 2
      vertex -11.25 -10.1322 0
      vertex -11.25 -10.1322 2
    endloop
  endfacet
  facet normal 0.866019 0.500011 0
    outer loop
      vertex -11.25 -10.1322 0
      vertex -10.5 -11.4312 2
      vertex -10.5 -11.4312 0
    endloop
  endfacet
  facet normal 0 1 -0
    outer loop
      vertex -7.05 -8.05384 0
      vertex -8.55 -8.05384 2
      vertex -7.05 -8.05384 2
    endloop
  endfacet
  facet normal 0 1 0
    outer loop
      vertex -8.55 -8.05384 2
      vertex -7.05 -8.05384 0
      vertex -8.55 -8.05384 0
    endloop
  endfacet
  facet normal -0.866026 0.499999 0
    outer loop
      vertex -7.05 -8.05384 0
      vertex -6.3 -6.7548 2
      vertex -6.3 -6.7548 0
    endloop
  endfacet
  facet normal -0.866026 0.499999 0
    outer loop
      vertex -6.3 -6.7548 2
      vertex -7.05 -8.05384 0
      vertex -7.05 -8.05384 2
    endloop
  endfacet
  facet normal 0 -1 0
    outer loop
      vertex -8.55 -5.45576 0
      vertex -7.05 -5.45576 2
      vertex -8.55 -5.45576 2
    endloop
  endfacet
  facet normal 0 -1 -0
    outer loop
      vertex -7.05 -5.45576 2
      vertex -8.55 -5.45576 0
      vertex -7.05 -5.45576 0
    endloop
  endfacet
  facet normal -0.866026 -0.499999 0
    outer loop
      vertex -6.3 -6.7548 0
      vertex -7.05 -5.45576 2
      vertex -7.05 -5.45576 0
    endloop
  endfacet
  facet normal -0.866026 -0.499999 0
    outer loop
      vertex -7.05 -5.45576 2
      vertex -6.3 -6.7548 0
      vertex -6.3 -6.7548 2
    endloop
  endfacet
  facet normal 0.866026 -0.499999 0
    outer loop
      vertex -9.3 -6.7548 2
      vertex -8.55 -5.45576 0
      vertex -8.55 -5.45576 2
    endloop
  endfacet
  facet normal 0.866026 -0.499999 0
    outer loop
      vertex -8.55 -5.45576 0
      vertex -9.3 -6.7548 2
      vertex -9.3 -6.7548 0
    endloop
  endfacet
  facet normal 0.866026 0.499999 0
    outer loop
      vertex -8.55 -8.05384 2
      vertex -9.3 -6.7548 0
      vertex -9.3 -6.7548 2
    endloop
  endfacet
  facet normal 0.866026 0.499999 0
    outer loop
      vertex -9.3 -6.7548 0
      vertex -8.55 -8.05384 2
      vertex -8.55 -8.05384 0
    endloop
  endfacet
  facet normal 0 1 -0
    outer loop
      vertex -9 -4.67644 0
      vertex -10.5 -4.67644 2
      vertex -9 -4.67644 2
    endloop
  endfacet
  facet normal 0 1 0
    outer loop
      vertex -10.5 -4.67644 2
      vertex -9 -4.67644 0
      vertex -10.5 -4.67644 0
    endloop
  endfacet
  facet normal -0.866026 0.499999 0
    outer loop
      vertex -9 -4.67644 0
      vertex -8.25 -3.3774 2
      vertex -8.25 -3.3774 0
    endloop
  endfacet
  facet normal -0.866026 0.499999 0
    outer loop
      vertex -8.25 -3.3774 2
      vertex -9 -4.67644 0
      vertex -9 -4.67644 2
    endloop
  endfacet
  facet normal 0 -1 0
    outer loop
      vertex -10.5 -2.07836 0
      vertex -9 -2.07836 2
      vertex -10.5 -2.07836 2
    endloop
  endfacet
  facet normal 0 -1 -0
    outer loop
      vertex -9 -2.07836 2
      vertex -10.5 -2.07836 0
      vertex -9 -2.07836 0
    endloop
  endfacet
  facet normal -0.866026 -0.499999 0
    outer loop
      vertex -8.25 -3.3774 0
      vertex -9 -2.07836 2
      vertex -9 -2.07836 0
    endloop
  endfacet
  facet normal -0.866026 -0.499999 0
    outer loop
      vertex -9 -2.07836 2
      vertex -8.25 -3.3774 0
      vertex -8.25 -3.3774 2
    endloop
  endfacet
  facet normal 0.866026 -0.499999 0
    outer loop
      vertex -11.25 -3.3774 2
      vertex -10.5 -2.07836 0
      vertex -10.5 -2.07836 2
    endloop
  endfacet
  facet normal 0.866026 -0.499999 0
    outer loop
      vertex -10.5 -2.07836 0
      vertex -11.25 -3.3774 2
      vertex -11.25 -3.3774 0
    endloop
  endfacet
  facet normal 0.866026 0.499999 0
    outer loop
      vertex -10.5 -4.67644 2
      vertex -11.25 -3.3774 0
      vertex -11.25 -3.3774 2
    endloop
  endfacet
  facet normal 0.866026 0.499999 0
    outer loop
      vertex -11.25 -3.3774 0
      vertex -10.5 -4.67644 2
      vertex -10.5 -4.67644 0
    endloop
  endfacet
  facet normal 0 1 -0
    outer loop
      vertex -7.05 -1.29904 0
      vertex -8.55 -1.29904 2
      vertex -7.05 -1.29904 2
    endloop
  endfacet
  facet normal 0 1 0
    outer loop
      vertex -8.55 -1.29904 2
      vertex -7.05 -1.29904 0
      vertex -8.55 -1.29904 0
    endloop
  endfacet
  facet normal -0.866026 0.499999 0
    outer loop
      vertex -7.05 -1.29904 0
      vertex -6.3 0 2
      vertex -6.3 0 0
    endloop
  endfacet
  facet normal -0.866026 0.499999 0
    outer loop
      vertex -6.3 0 2
      vertex -7.05 -1.29904 0
      vertex -7.05 -1.29904 2
    endloop
  endfacet
  facet normal 0 -1 0
    outer loop
      vertex -8.55 1.29904 0
      vertex -7.05 1.29904 2
      vertex -8.55 1.29904 2
    endloop
  endfacet
  facet normal 0 -1 -0
    outer loop
      vertex -7.05 1.29904 2
      vertex -8.55 1.29904 0
      vertex -7.05 1.29904 0
    endloop
  endfacet
  facet normal -0.866026 -0.499999 0
    outer loop
      vertex -6.3 0 0
      vertex -7.05 1.29904 2
      vertex -7.05 1.29904 0
    endloop
  endfacet
  facet normal -0.866026 -0.499999 0
    outer loop
      vertex -7.05 1.29904 2
      vertex -6.3 0 0
      vertex -6.3 0 2
    endloop
  endfacet
  facet normal 0.866026 -0.499999 0
    outer loop
      vertex -9.3 0 2
      vertex -8.55 1.29904 0
      vertex -8.55 1.29904 2
    endloop
  endfacet
  facet normal 0.866026 -0.499999 0
    outer loop
      vertex -8.55 1.29904 0
      vertex -9.3 0 2
      vertex -9.3 0 0
    endloop
  endfacet
  facet normal 0.866026 0.499999 0
    outer loop
      vertex -8.55 -1.29904 2
      vertex -9.3 0 0
      vertex -9.3 0 2
    endloop
  endfacet
  facet normal 0.866026 0.499999 0
    outer loop
      vertex -9.3 0 0
      vertex -8.55 -1.29904 2
      vertex -8.55 -1.29904 0
    endloop
  endfacet
  facet normal 0 1 -0
    outer loop
      vertex -5.1 2.07836 0
      vertex -6.6 2.07836 2
      vertex -5.1 2.07836 2
    endloop
  endfacet
  facet normal 0 1 0
    outer loop
      vertex -6.6 2.07836 2
      vertex -5.1 2.07836 0
      vertex -6.6 2.07836 0
    endloop
  endfacet
  facet normal -0.866026 0.499999 0
    outer loop
      vertex -5.1 2.07836 0
      vertex -4.35 3.3774 2
      vertex -4.35 3.3774 0
    endloop
  endfacet
  facet normal -0.866026 0.499999 0
    outer loop
      vertex -4.35 3.3774 2
      vertex -5.1 2.07836 0
      vertex -5.1 2.07836 2
    endloop
  endfacet
  facet normal 0 -1 0
    outer loop
      vertex -6.6 4.67644 0
      vertex -5.1 4.67644 2
      vertex -6.6 4.67644 2
    endloop
  endfacet
  facet normal 0 -1 -0
    outer loop
      vertex -5.1 4.67644 2
      vertex -6.6 4.67644 0
      vertex -5.1 4.67644 0
    endloop
  endfacet
  facet normal -0.866026 -0.499999 0
    outer loop
      vertex -4.35 3.3774 0
      vertex -5.1 4.67644 2
      vertex -5.1 4.67644 0
    endloop
  endfacet
  facet normal -0.866026 -0.499999 0
    outer loop
      vertex -5.1 4.67644 2
      vertex -4.35 3.3774 0
      vertex -4.35 3.3774 2
    endloop
  endfacet
  facet normal 0.866026 -0.499999 0
    outer loop
      vertex -7.35 3.3774 2
      vertex -6.6 4.67644 0
      vertex -6.6 4.67644 2
    endloop
  endfacet
  facet normal 0.866026 -0.499999 0
    outer loop
      vertex -6.6 4.67644 0
      vertex -7.35 3.3774 2
      vertex -7.35 3.3774 0
    endloop
  endfacet
  facet normal 0.866026 0.499999 0
    outer loop
      vertex -6.6 2.07836 2
      vertex -7.35 3.3774 0
      vertex -7.35 3.3774 2
    endloop
  endfacet
  facet normal 0.866026 0.499999 0
    outer loop
      vertex -7.35 3.3774 0
      vertex -6.6 2.07836 2
      vertex -6.6 2.07836 0
    endloop
  endfacet
  facet normal 0 1 -0
    outer loop
      vertex -7.05 5.45576 0
      vertex -8.55 5.45576 2
      vertex -7.05 5.45576 2
    endloop
  endfacet
  facet normal 0 1 0
    outer loop
      vertex -8.55 5.45576 2
      vertex -7.05 5.45576 0
      vertex -8.55 5.45576 0
    endloop
  endfacet
  facet normal 0 -1 0
    outer loop
      vertex -8.55 8.05384 0
      vertex -7.05 8.05384 2
      vertex -8.55 8.05384 2
    endloop
  endfacet
  facet normal 0 -1 -0
    outer loop
      vertex -7.05 8.05384 2
      vertex -8.55 8.05384 0
      vertex -7.05 8.05384 0
    endloop
  endfacet
  facet normal -0.866026 -0.499999 0
    outer loop
      vertex -6.3 6.7548 0
      vertex -7.05 8.05384 2
      vertex -7.05 8.05384 0
    endloop
  endfacet
  facet normal -0.866026 -0.499999 0
    outer loop
      vertex -7.05 8.05384 2
      vertex -6.3 6.7548 0
      vertex -6.3 6.7548 2
    endloop
  endfacet
  facet normal 0.866026 -0.499999 0
    outer loop
      vertex -9.3 6.7548 2
      vertex -8.55 8.05384 0
      vertex -8.55 8.05384 2
    endloop
  endfacet
  facet normal 0.866026 -0.499999 0
    outer loop
      vertex -8.55 8.05384 0
      vertex -9.3 6.7548 2
      vertex -9.3 6.7548 0
    endloop
  endfacet
  facet normal 0.866026 0.499999 0
    outer loop
      vertex -8.55 5.45576 2
      vertex -9.3 6.7548 0
      vertex -9.3 6.7548 2
    endloop
  endfacet
  facet normal 0.866026 0.499999 0
    outer loop
      vertex -9.3 6.7548 0
      vertex -8.55 5.45576 2
      vertex -8.55 5.45576 0
    endloop
  endfacet
  facet normal -0.866026 0.499999 0
    outer loop
      vertex -7.05 5.45576 0
      vertex -6.3 6.7548 2
      vertex -6.3 6.7548 0
    endloop
  endfacet
  facet normal -0.866026 0.499999 0
    outer loop
      vertex -6.3 6.7548 2
      vertex -7.05 5.45576 0
      vertex -7.05 5.45576 2
    endloop
  endfacet
  facet normal 0 1 -0
    outer loop
      vertex -5.1 8.83316 0
      vertex -6.6 8.83316 2
      vertex -5.1 8.83316 2
    endloop
  endfacet
  facet normal 0 1 0
    outer loop
      vertex -6.6 8.83316 2
      vertex -5.1 8.83316 0
      vertex -6.6 8.83316 0
    endloop
  endfacet
  facet normal -0.866026 0.499999 0
    outer loop
      vertex -5.1 8.83316 0
      vertex -4.35 10.1322 2
      vertex -4.35 10.1322 0
    endloop
  endfacet
  facet normal -0.866026 0.499999 0
    outer loop
      vertex -4.35 10.1322 2
      vertex -5.1 8.83316 0
      vertex -5.1 8.83316 2
    endloop
  endfacet
  facet normal 0 -1 0
    outer loop
      vertex -6.6 11.4312 0
      vertex -5.1 11.4312 2
      vertex -6.6 11.4312 2
    endloop
  endfacet
  facet normal 0 -1 -0
    outer loop
      vertex -5.1 11.4312 2
      vertex -6.6 11.4312 0
      vertex -5.1 11.4312 0
    endloop
  endfacet
  facet normal -0.866019 -0.500011 0
    outer loop
      vertex -4.35 10.1322 0
      vertex -5.1 11.4312 2
      vertex -5.1 11.4312 0
    endloop
  endfacet
  facet normal -0.866019 -0.500011 0
    outer loop
      vertex -5.1 11.4312 2
      vertex -4.35 10.1322 0
      vertex -4.35 10.1322 2
    endloop
  endfacet
  facet normal 0.866019 -0.500011 0
    outer loop
      vertex -7.35 10.1322 2
      vertex -6.6 11.4312 0
      vertex -6.6 11.4312 2
    endloop
  endfacet
  facet normal 0.866019 -0.500011 0
    outer loop
      vertex -6.6 11.4312 0
      vertex -7.35 10.1322 2
      vertex -7.35 10.1322 0
    endloop
  endfacet
  facet normal 0.866026 0.499999 0
    outer loop
      vertex -6.6 8.83316 2
      vertex -7.35 10.1322 0
      vertex -7.35 10.1322 2
    endloop
  endfacet
  facet normal 0.866026 0.499999 0
    outer loop
      vertex -7.35 10.1322 0
      vertex -6.6 8.83316 2
      vertex -6.6 8.83316 0
    endloop
  endfacet
  facet normal 0 1 -0
    outer loop
      vertex -7.05 12.2106 0
      vertex -8.55 12.2106 2
      vertex -7.05 12.2106 2
    endloop
  endfacet
  facet normal 0 1 0
    outer loop
      vertex -8.55 12.2106 2
      vertex -7.05 12.2106 0
      vertex -8.55 12.2106 0
    endloop
  endfacet
  facet normal -0.866019 0.500011 0
    outer loop
      vertex -7.05 12.2106 0
      vertex -6.3 13.5096 2
      vertex -6.3 13.5096 0
    endloop
  endfacet
  facet normal -0.866019 0.500011 0
    outer loop
      vertex -6.3 13.5096 2
      vertex -7.05 12.2106 0
      vertex -7.05 12.2106 2
    endloop
  endfacet
  facet normal 0 -1 0
    outer loop
      vertex -8.55 14.8086 0
      vertex -7.05 14.8086 2
      vertex -8.55 14.8086 2
    endloop
  endfacet
  facet normal 0 -1 -0
    outer loop
      vertex -7.05 14.8086 2
      vertex -8.55 14.8086 0
      vertex -7.05 14.8086 0
    endloop
  endfacet
  facet normal -0.866019 -0.500011 0
    outer loop
      vertex -6.3 13.5096 0
      vertex -7.05 14.8086 2
      vertex -7.05 14.8086 0
    endloop
  endfacet
  facet normal -0.866019 -0.500011 0
    outer loop
      vertex -7.05 14.8086 2
      vertex -6.3 13.5096 0
      vertex -6.3 13.5096 2
    endloop
  endfacet
  facet normal 0.866019 -0.500011 0
    outer loop
      vertex -9.3 13.5096 2
      vertex -8.55 14.8086 0
      vertex -8.55 14.8086 2
    endloop
  endfacet
  facet normal 0.866019 -0.500011 0
    outer loop
      vertex -8.55 14.8086 0
      vertex -9.3 13.5096 2
      vertex -9.3 13.5096 0
    endloop
  endfacet
  facet normal 0.866019 0.500011 0
    outer loop
      vertex -8.55 12.2106 2
      vertex -9.3 13.5096 0
      vertex -9.3 13.5096 2
    endloop
  endfacet
  facet normal 0.866019 0.500011 0
    outer loop
      vertex -9.3 13.5096 0
      vertex -8.55 12.2106 2
      vertex -8.55 12.2106 0
    endloop
  endfacet
  facet normal 0 1 -0
    outer loop
      vertex -5.1 15.588 0
      vertex -6.6 15.588 2
      vertex -5.1 15.588 2
    endloop
  endfacet
  facet normal 0 1 0
    outer loop
      vertex -6.6 15.588 2
      vertex -5.1 15.588 0
      vertex -6.6 15.588 0
    endloop
  endfacet
  facet normal -0.866019 0.500011 0
    outer loop
      vertex -5.1 15.588 0
      vertex -4.35 16.887 2
      vertex -4.35 16.887 0
    endloop
  endfacet
  facet normal -0.866019 0.500011 0
    outer loop
      vertex -4.35 16.887 2
      vertex -5.1 15.588 0
      vertex -5.1 15.588 2
    endloop
  endfacet
  facet normal 0 -1 0
    outer loop
      vertex -6.6 18.186 0
      vertex -5.1 18.186 2
      vertex -6.6 18.186 2
    endloop
  endfacet
  facet normal 0 -1 -0
    outer loop
      vertex -5.1 18.186 2
      vertex -6.6 18.186 0
      vertex -5.1 18.186 0
    endloop
  endfacet
  facet normal -0.866019 -0.500011 0
    outer loop
      vertex -4.35 16.887 0
      vertex -5.1 18.186 2
      vertex -5.1 18.186 0
    endloop
  endfacet
  facet normal -0.866019 -0.500011 0
    outer loop
      vertex -5.1 18.186 2
      vertex -4.35 16.887 0
      vertex -4.35 16.887 2
    endloop
  endfacet
  facet normal 0.866019 -0.500011 0
    outer loop
      vertex -7.35 16.887 2
      vertex -6.6 18.186 0
      vertex -6.6 18.186 2
    endloop
  endfacet
  facet normal 0.866019 -0.500011 0
    outer loop
      vertex -6.6 18.186 0
      vertex -7.35 16.887 2
      vertex -7.35 16.887 0
    endloop
  endfacet
  facet normal 0.866019 0.500011 0
    outer loop
      vertex -6.6 15.588 2
      vertex -7.35 16.887 0
      vertex -7.35 16.887 2
    endloop
  endfacet
  facet normal 0.866019 0.500011 0
    outer loop
      vertex -7.35 16.887 0
      vertex -6.6 15.588 2
      vertex -6.6 15.588 0
    endloop
  endfacet
  facet normal 0 1 -0
    outer loop
      vertex -5.1 -18.186 0
      vertex -6.6 -18.186 2
      vertex -5.1 -18.186 2
    endloop
  endfacet
  facet normal 0 1 0
    outer loop
      vertex -6.6 -18.186 2
      vertex -5.1 -18.186 0
      vertex -6.6 -18.186 0
    endloop
  endfacet
  facet normal 0 -1 0
    outer loop
      vertex -6.6 -15.588 0
      vertex -5.1 -15.588 2
      vertex -6.6 -15.588 2
    endloop
  endfacet
  facet normal 0 -1 -0
    outer loop
      vertex -5.1 -15.588 2
      vertex -6.6 -15.588 0
      vertex -5.1 -15.588 0
    endloop
  endfacet
  facet normal -0.866019 -0.500011 0
    outer loop
      vertex -4.35 -16.887 0
      vertex -5.1 -15.588 2
      vertex -5.1 -15.588 0
    endloop
  endfacet
  facet normal -0.866019 -0.500011 0
    outer loop
      vertex -5.1 -15.588 2
      vertex -4.35 -16.887 0
      vertex -4.35 -16.887 2
    endloop
  endfacet
  facet normal 0.866019 -0.500011 0
    outer loop
      vertex -7.35 -16.887 2
      vertex -6.6 -15.588 0
      vertex -6.6 -15.588 2
    endloop
  endfacet
  facet normal 0.866019 -0.500011 0
    outer loop
      vertex -6.6 -15.588 0
      vertex -7.35 -16.887 2
      vertex -7.35 -16.887 0
    endloop
  endfacet
  facet normal 0.866019 0.500011 0
    outer loop
      vertex -6.6 -18.186 2
      vertex -7.35 -16.887 0
      vertex -7.35 -16.887 2
    endloop
  endfacet
  facet normal 0.866019 0.500011 0
    outer loop
      vertex -7.35 -16.887 0
      vertex -6.6 -18.186 2
      vertex -6.6 -18.186 0
    endloop
  endfacet
  facet normal -0.866019 0.500011 0
    outer loop
      vertex -5.1 -18.186 0
      vertex -4.35 -16.887 2
      vertex -4.35 -16.887 0
    endloop
  endfacet
  facet normal -0.866019 0.500011 0
    outer loop
      vertex -4.35 -16.887 2
      vertex -5.1 -18.186 0
      vertex -5.1 -18.186 2
    endloop
  endfacet
  facet normal 0 1 -0
    outer loop
      vertex -3.15 -14.8086 0
      vertex -4.65 -14.8086 2
      vertex -3.15 -14.8086 2
    endloop
  endfacet
  facet normal 0 1 0
    outer loop
      vertex -4.65 -14.8086 2
      vertex -3.15 -14.8086 0
      vertex -4.65 -14.8086 0
    endloop
  endfacet
  facet normal -0.866019 0.500011 0
    outer loop
      vertex -3.15 -14.8086 0
      vertex -2.4 -13.5096 2
      vertex -2.4 -13.5096 0
    endloop
  endfacet
  facet normal -0.866019 0.500011 0
    outer loop
      vertex -2.4 -13.5096 2
      vertex -3.15 -14.8086 0
      vertex -3.15 -14.8086 2
    endloop
  endfacet
  facet normal 0 -1 0
    outer loop
      vertex -4.65 -12.2106 0
      vertex -3.15 -12.2106 2
      vertex -4.65 -12.2106 2
    endloop
  endfacet
  facet normal 0 -1 -0
    outer loop
      vertex -3.15 -12.2106 2
      vertex -4.65 -12.2106 0
      vertex -3.15 -12.2106 0
    endloop
  endfacet
  facet normal -0.866019 -0.500011 0
    outer loop
      vertex -2.4 -13.5096 0
      vertex -3.15 -12.2106 2
      vertex -3.15 -12.2106 0
    endloop
  endfacet
  facet normal -0.866019 -0.500011 0
    outer loop
      vertex -3.15 -12.2106 2
      vertex -2.4 -13.5096 0
      vertex -2.4 -13.5096 2
    endloop
  endfacet
  facet normal 0.866019 -0.500011 0
    outer loop
      vertex -5.4 -13.5096 2
      vertex -4.65 -12.2106 0
      vertex -4.65 -12.2106 2
    endloop
  endfacet
  facet normal 0.866019 -0.500011 0
    outer loop
      vertex -4.65 -12.2106 0
      vertex -5.4 -13.5096 2
      vertex -5.4 -13.5096 0
    endloop
  endfacet
  facet normal 0.866019 0.500011 0
    outer loop
      vertex -4.65 -14.8086 2
      vertex -5.4 -13.5096 0
      vertex -5.4 -13.5096 2
    endloop
  endfacet
  facet normal 0.866019 0.500011 0
    outer loop
      vertex -5.4 -13.5096 0
      vertex -4.65 -14.8086 2
      vertex -4.65 -14.8086 0
    endloop
  endfacet
  facet normal 0 1 -0
    outer loop
      vertex -5.1 -11.4312 0
      vertex -6.6 -11.4312 2
      vertex -5.1 -11.4312 2
    endloop
  endfacet
  facet normal 0 1 0
    outer loop
      vertex -6.6 -11.4312 2
      vertex -5.1 -11.4312 0
      vertex -6.6 -11.4312 0
    endloop
  endfacet
  facet normal -0.866019 0.500011 0
    outer loop
      vertex -5.1 -11.4312 0
      vertex -4.35 -10.1322 2
      vertex -4.35 -10.1322 0
    endloop
  endfacet
  facet normal -0.866019 0.500011 0
    outer loop
      vertex -4.35 -10.1322 2
      vertex -5.1 -11.4312 0
      vertex -5.1 -11.4312 2
    endloop
  endfacet
  facet normal 0 -1 0
    outer loop
      vertex -6.6 -8.83316 0
      vertex -5.1 -8.83316 2
      vertex -6.6 -8.83316 2
    endloop
  endfacet
  facet normal 0 -1 -0
    outer loop
      vertex -5.1 -8.83316 2
      vertex -6.6 -8.83316 0
      vertex -5.1 -8.83316 0
    endloop
  endfacet
  facet normal -0.866026 -0.499999 0
    outer loop
      vertex -4.35 -10.1322 0
      vertex -5.1 -8.83316 2
      vertex -5.1 -8.83316 0
    endloop
  endfacet
  facet normal -0.866026 -0.499999 0
    outer loop
      vertex -5.1 -8.83316 2
      vertex -4.35 -10.1322 0
      vertex -4.35 -10.1322 2
    endloop
  endfacet
  facet normal 0.866026 -0.499999 0
    outer loop
      vertex -7.35 -10.1322 2
      vertex -6.6 -8.83316 0
      vertex -6.6 -8.83316 2
    endloop
  endfacet
  facet normal 0.866026 -0.499999 0
    outer loop
      vertex -6.6 -8.83316 0
      vertex -7.35 -10.1322 2
      vertex -7.35 -10.1322 0
    endloop
  endfacet
  facet normal 0.866019 0.500011 0
    outer loop
      vertex -6.6 -11.4312 2
      vertex -7.35 -10.1322 0
      vertex -7.35 -10.1322 2
    endloop
  endfacet
  facet normal 0.866019 0.500011 0
    outer loop
      vertex -7.35 -10.1322 0
      vertex -6.6 -11.4312 2
      vertex -6.6 -11.4312 0
    endloop
  endfacet
  facet normal 0 1 -0
    outer loop
      vertex -3.15 -8.05384 0
      vertex -4.65 -8.05384 2
      vertex -3.15 -8.05384 2
    endloop
  endfacet
  facet normal 0 1 0
    outer loop
      vertex -4.65 -8.05384 2
      vertex -3.15 -8.05384 0
      vertex -4.65 -8.05384 0
    endloop
  endfacet
  facet normal -0.866026 0.499999 0
    outer loop
      vertex -3.15 -8.05384 0
      vertex -2.4 -6.7548 2
      vertex -2.4 -6.7548 0
    endloop
  endfacet
  facet normal -0.866026 0.499999 0
    outer loop
      vertex -2.4 -6.7548 2
      vertex -3.15 -8.05384 0
      vertex -3.15 -8.05384 2
    endloop
  endfacet
  facet normal 0 -1 0
    outer loop
      vertex -4.65 -5.45576 0
      vertex -3.15 -5.45576 2
      vertex -4.65 -5.45576 2
    endloop
  endfacet
  facet normal 0 -1 -0
    outer loop
      vertex -3.15 -5.45576 2
      vertex -4.65 -5.45576 0
      vertex -3.15 -5.45576 0
    endloop
  endfacet
  facet normal -0.866026 -0.499999 0
    outer loop
      vertex -2.4 -6.7548 0
      vertex -3.15 -5.45576 2
      vertex -3.15 -5.45576 0
    endloop
  endfacet
  facet normal -0.866026 -0.499999 0
    outer loop
      vertex -3.15 -5.45576 2
      vertex -2.4 -6.7548 0
      vertex -2.4 -6.7548 2
    endloop
  endfacet
  facet normal 0.866026 -0.499999 0
    outer loop
      vertex -5.4 -6.7548 2
      vertex -4.65 -5.45576 0
      vertex -4.65 -5.45576 2
    endloop
  endfacet
  facet normal 0.866026 -0.499999 0
    outer loop
      vertex -4.65 -5.45576 0
      vertex -5.4 -6.7548 2
      vertex -5.4 -6.7548 0
    endloop
  endfacet
  facet normal 0.866026 0.499999 0
    outer loop
      vertex -4.65 -8.05384 2
      vertex -5.4 -6.7548 0
      vertex -5.4 -6.7548 2
    endloop
  endfacet
  facet normal 0.866026 0.499999 0
    outer loop
      vertex -5.4 -6.7548 0
      vertex -4.65 -8.05384 2
      vertex -4.65 -8.05384 0
    endloop
  endfacet
  facet normal 0 1 -0
    outer loop
      vertex -5.1 -4.67644 0
      vertex -6.6 -4.67644 2
      vertex -5.1 -4.67644 2
    endloop
  endfacet
  facet normal 0 1 0
    outer loop
      vertex -6.6 -4.67644 2
      vertex -5.1 -4.67644 0
      vertex -6.6 -4.67644 0
    endloop
  endfacet
  facet normal -0.866026 0.499999 0
    outer loop
      vertex -5.1 -4.67644 0
      vertex -4.35 -3.3774 2
      vertex -4.35 -3.3774 0
    endloop
  endfacet
  facet normal -0.866026 0.499999 0
    outer loop
      vertex -4.35 -3.3774 2
      vertex -5.1 -4.67644 0
      vertex -5.1 -4.67644 2
    endloop
  endfacet
  facet normal 0 -1 0
    outer loop
      vertex -6.6 -2.07836 0
      vertex -5.1 -2.07836 2
      vertex -6.6 -2.07836 2
    endloop
  endfacet
  facet normal 0 -1 -0
    outer loop
      vertex -5.1 -2.07836 2
      vertex -6.6 -2.07836 0
      vertex -5.1 -2.07836 0
    endloop
  endfacet
  facet normal -0.866026 -0.499999 0
    outer loop
      vertex -4.35 -3.3774 0
      vertex -5.1 -2.07836 2
      vertex -5.1 -2.07836 0
    endloop
  endfacet
  facet normal -0.866026 -0.499999 0
    outer loop
      vertex -5.1 -2.07836 2
      vertex -4.35 -3.3774 0
      vertex -4.35 -3.3774 2
    endloop
  endfacet
  facet normal 0.866026 -0.499999 0
    outer loop
      vertex -7.35 -3.3774 2
      vertex -6.6 -2.07836 0
      vertex -6.6 -2.07836 2
    endloop
  endfacet
  facet normal 0.866026 -0.499999 0
    outer loop
      vertex -6.6 -2.07836 0
      vertex -7.35 -3.3774 2
      vertex -7.35 -3.3774 0
    endloop
  endfacet
  facet normal 0.866026 0.499999 0
    outer loop
      vertex -6.6 -4.67644 2
      vertex -7.35 -3.3774 0
      vertex -7.35 -3.3774 2
    endloop
  endfacet
  facet normal 0.866026 0.499999 0
    outer loop
      vertex -7.35 -3.3774 0
      vertex -6.6 -4.67644 2
      vertex -6.6 -4.67644 0
    endloop
  endfacet
  facet normal 0 1 -0
    outer loop
      vertex -3.15 -1.29904 0
      vertex -4.65 -1.29904 2
      vertex -3.15 -1.29904 2
    endloop
  endfacet
  facet normal 0 1 0
    outer loop
      vertex -4.65 -1.29904 2
      vertex -3.15 -1.29904 0
      vertex -4.65 -1.29904 0
    endloop
  endfacet
  facet normal -0.866026 0.499999 0
    outer loop
      vertex -3.15 -1.29904 0
      vertex -2.4 0 2
      vertex -2.4 0 0
    endloop
  endfacet
  facet normal -0.866026 0.499999 0
    outer loop
      vertex -2.4 0 2
      vertex -3.15 -1.29904 0
      vertex -3.15 -1.29904 2
    endloop
  endfacet
  facet normal 0 -1 0
    outer loop
      vertex -4.65 1.29904 0
      vertex -3.15 1.29904 2
      vertex -4.65 1.29904 2
    endloop
  endfacet
  facet normal 0 -1 -0
    outer loop
      vertex -3.15 1.29904 2
      vertex -4.65 1.29904 0
      vertex -3.15 1.29904 0
    endloop
  endfacet
  facet normal -0.866026 -0.499999 0
    outer loop
      vertex -2.4 0 0
      vertex -3.15 1.29904 2
      vertex -3.15 1.29904 0
    endloop
  endfacet
  facet normal -0.866026 -0.499999 0
    outer loop
      vertex -3.15 1.29904 2
      vertex -2.4 0 0
      vertex -2.4 0 2
    endloop
  endfacet
  facet normal 0.866026 -0.499999 0
    outer loop
      vertex -5.4 0 2
      vertex -4.65 1.29904 0
      vertex -4.65 1.29904 2
    endloop
  endfacet
  facet normal 0.866026 -0.499999 0
    outer loop
      vertex -4.65 1.29904 0
      vertex -5.4 0 2
      vertex -5.4 0 0
    endloop
  endfacet
  facet normal 0.866026 0.499999 0
    outer loop
      vertex -4.65 -1.29904 2
      vertex -5.4 0 0
      vertex -5.4 0 2
    endloop
  endfacet
  facet normal 0.866026 0.499999 0
    outer loop
      vertex -5.4 0 0
      vertex -4.65 -1.29904 2
      vertex -4.65 -1.29904 0
    endloop
  endfacet
  facet normal 0 1 -0
    outer loop
      vertex -1.2 2.07836 0
      vertex -2.7 2.07836 2
      vertex -1.2 2.07836 2
    endloop
  endfacet
  facet normal 0 1 0
    outer loop
      vertex -2.7 2.07836 2
      vertex -1.2 2.07836 0
      vertex -2.7 2.07836 0
    endloop
  endfacet
  facet normal -0.866026 0.499999 0
    outer loop
      vertex -1.2 2.07836 0
      vertex -0.45 3.3774 2
      vertex -0.45 3.3774 0
    endloop
  endfacet
  facet normal -0.866026 0.499999 0
    outer loop
      vertex -0.45 3.3774 2
      vertex -1.2 2.07836 0
      vertex -1.2 2.07836 2
    endloop
  endfacet
  facet normal 0 -1 0
    outer loop
      vertex -2.7 4.67644 0
      vertex -1.2 4.67644 2
      vertex -2.7 4.67644 2
    endloop
  endfacet
  facet normal 0 -1 -0
    outer loop
      vertex -1.2 4.67644 2
      vertex -2.7 4.67644 0
      vertex -1.2 4.67644 0
    endloop
  endfacet
  facet normal -0.866026 -0.499999 0
    outer loop
      vertex -0.45 3.3774 0
      vertex -1.2 4.67644 2
      vertex -1.2 4.67644 0
    endloop
  endfacet
  facet normal -0.866026 -0.499999 0
    outer loop
      vertex -1.2 4.67644 2
      vertex -0.45 3.3774 0
      vertex -0.45 3.3774 2
    endloop
  endfacet
  facet normal 0.866026 -0.499999 0
    outer loop
      vertex -3.45 3.3774 2
      vertex -2.7 4.67644 0
      vertex -2.7 4.67644 2
    endloop
  endfacet
  facet normal 0.866026 -0.499999 0
    outer loop
      vertex -2.7 4.67644 0
      vertex -3.45 3.3774 2
      vertex -3.45 3.3774 0
    endloop
  endfacet
  facet normal 0.866026 0.499999 0
    outer loop
      vertex -2.7 2.07836 2
      vertex -3.45 3.3774 0
      vertex -3.45 3.3774 2
    endloop
  endfacet
  facet normal 0.866026 0.499999 0
    outer loop
      vertex -3.45 3.3774 0
      vertex -2.7 2.07836 2
      vertex -2.7 2.07836 0
    endloop
  endfacet
  facet normal 0 1 -0
    outer loop
      vertex -3.15 5.45576 0
      vertex -4.65 5.45576 2
      vertex -3.15 5.45576 2
    endloop
  endfacet
  facet normal 0 1 0
    outer loop
      vertex -4.65 5.45576 2
      vertex -3.15 5.45576 0
      vertex -4.65 5.45576 0
    endloop
  endfacet
  facet normal 0 -1 0
    outer loop
      vertex -4.65 8.05384 0
      vertex -3.15 8.05384 2
      vertex -4.65 8.05384 2
    endloop
  endfacet
  facet normal 0 -1 -0
    outer loop
      vertex -3.15 8.05384 2
      vertex -4.65 8.05384 0
      vertex -3.15 8.05384 0
    endloop
  endfacet
  facet normal -0.866026 -0.499999 0
    outer loop
      vertex -2.4 6.7548 0
      vertex -3.15 8.05384 2
      vertex -3.15 8.05384 0
    endloop
  endfacet
  facet normal -0.866026 -0.499999 0
    outer loop
      vertex -3.15 8.05384 2
      vertex -2.4 6.7548 0
      vertex -2.4 6.7548 2
    endloop
  endfacet
  facet normal 0.866026 -0.499999 0
    outer loop
      vertex -5.4 6.7548 2
      vertex -4.65 8.05384 0
      vertex -4.65 8.05384 2
    endloop
  endfacet
  facet normal 0.866026 -0.499999 0
    outer loop
      vertex -4.65 8.05384 0
      vertex -5.4 6.7548 2
      vertex -5.4 6.7548 0
    endloop
  endfacet
  facet normal 0.866026 0.499999 0
    outer loop
      vertex -4.65 5.45576 2
      vertex -5.4 6.7548 0
      vertex -5.4 6.7548 2
    endloop
  endfacet
  facet normal 0.866026 0.499999 0
    outer loop
      vertex -5.4 6.7548 0
      vertex -4.65 5.45576 2
      vertex -4.65 5.45576 0
    endloop
  endfacet
  facet normal -0.866026 0.499999 0
    outer loop
      vertex -3.15 5.45576 0
      vertex -2.4 6.7548 2
      vertex -2.4 6.7548 0
    endloop
  endfacet
  facet normal -0.866026 0.499999 0
    outer loop
      vertex -2.4 6.7548 2
      vertex -3.15 5.45576 0
      vertex -3.15 5.45576 2
    endloop
  endfacet
  facet normal 0 1 -0
    outer loop
      vertex -1.2 8.83316 0
      vertex -2.7 8.83316 2
      vertex -1.2 8.83316 2
    endloop
  endfacet
  facet normal 0 1 0
    outer loop
      vertex -2.7 8.83316 2
      vertex -1.2 8.83316 0
      vertex -2.7 8.83316 0
    endloop
  endfacet
  facet normal -0.866026 0.499999 0
    outer loop
      vertex -1.2 8.83316 0
      vertex -0.45 10.1322 2
      vertex -0.45 10.1322 0
    endloop
  endfacet
  facet normal -0.866026 0.499999 0
    outer loop
      vertex -0.45 10.1322 2
      vertex -1.2 8.83316 0
      vertex -1.2 8.83316 2
    endloop
  endfacet
  facet normal 0 -1 0
    outer loop
      vertex -2.7 11.4312 0
      vertex -1.2 11.4312 2
      vertex -2.7 11.4312 2
    endloop
  endfacet
  facet normal 0 -1 -0
    outer loop
      vertex -1.2 11.4312 2
      vertex -2.7 11.4312 0
      vertex -1.2 11.4312 0
    endloop
  endfacet
  facet normal -0.866019 -0.500011 0
    outer loop
      vertex -0.45 10.1322 0
      vertex -1.2 11.4312 2
      vertex -1.2 11.4312 0
    endloop
  endfacet
  facet normal -0.866019 -0.500011 0
    outer loop
      vertex -1.2 11.4312 2
      vertex -0.45 10.1322 0
      vertex -0.45 10.1322 2
    endloop
  endfacet
  facet normal 0.866019 -0.500011 0
    outer loop
      vertex -3.45 10.1322 2
      vertex -2.7 11.4312 0
      vertex -2.7 11.4312 2
    endloop
  endfacet
  facet normal 0.866019 -0.500011 0
    outer loop
      vertex -2.7 11.4312 0
      vertex -3.45 10.1322 2
      vertex -3.45 10.1322 0
    endloop
  endfacet
  facet normal 0.866026 0.499999 0
    outer loop
      vertex -2.7 8.83316 2
      vertex -3.45 10.1322 0
      vertex -3.45 10.1322 2
    endloop
  endfacet
  facet normal 0.866026 0.499999 0
    outer loop
      vertex -3.45 10.1322 0
      vertex -2.7 8.83316 2
      vertex -2.7 8.83316 0
    endloop
  endfacet
  facet normal 0 1 -0
    outer loop
      vertex -3.15 12.2106 0
      vertex -4.65 12.2106 2
      vertex -3.15 12.2106 2
    endloop
  endfacet
  facet normal 0 1 0
    outer loop
      vertex -4.65 12.2106 2
      vertex -3.15 12.2106 0
      vertex -4.65 12.2106 0
    endloop
  endfacet
  facet normal -0.866019 0.500011 0
    outer loop
      vertex -3.15 12.2106 0
      vertex -2.4 13.5096 2
      vertex -2.4 13.5096 0
    endloop
  endfacet
  facet normal -0.866019 0.500011 0
    outer loop
      vertex -2.4 13.5096 2
      vertex -3.15 12.2106 0
      vertex -3.15 12.2106 2
    endloop
  endfacet
  facet normal 0 -1 0
    outer loop
      vertex -4.65 14.8086 0
      vertex -3.15 14.8086 2
      vertex -4.65 14.8086 2
    endloop
  endfacet
  facet normal 0 -1 -0
    outer loop
      vertex -3.15 14.8086 2
      vertex -4.65 14.8086 0
      vertex -3.15 14.8086 0
    endloop
  endfacet
  facet normal -0.866019 -0.500011 0
    outer loop
      vertex -2.4 13.5096 0
      vertex -3.15 14.8086 2
      vertex -3.15 14.8086 0
    endloop
  endfacet
  facet normal -0.866019 -0.500011 0
    outer loop
      vertex -3.15 14.8086 2
      vertex -2.4 13.5096 0
      vertex -2.4 13.5096 2
    endloop
  endfacet
  facet normal 0.866019 -0.500011 0
    outer loop
      vertex -5.4 13.5096 2
      vertex -4.65 14.8086 0
      vertex -4.65 14.8086 2
    endloop
  endfacet
  facet normal 0.866019 -0.500011 0
    outer loop
      vertex -4.65 14.8086 0
      vertex -5.4 13.5096 2
      vertex -5.4 13.5096 0
    endloop
  endfacet
  facet normal 0.866019 0.500011 0
    outer loop
      vertex -4.65 12.2106 2
      vertex -5.4 13.5096 0
      vertex -5.4 13.5096 2
    endloop
  endfacet
  facet normal 0.866019 0.500011 0
    outer loop
      vertex -5.4 13.5096 0
      vertex -4.65 12.2106 2
      vertex -4.65 12.2106 0
    endloop
  endfacet
  facet normal 0 1 -0
    outer loop
      vertex -1.2 15.588 0
      vertex -2.7 15.588 2
      vertex -1.2 15.588 2
    endloop
  endfacet
  facet normal 0 1 0
    outer loop
      vertex -2.7 15.588 2
      vertex -1.2 15.588 0
      vertex -2.7 15.588 0
    endloop
  endfacet
  facet normal -0.866019 0.500011 0
    outer loop
      vertex -1.2 15.588 0
      vertex -0.45 16.887 2
      vertex -0.45 16.887 0
    endloop
  endfacet
  facet normal -0.866019 0.500011 0
    outer loop
      vertex -0.45 16.887 2
      vertex -1.2 15.588 0
      vertex -1.2 15.588 2
    endloop
  endfacet
  facet normal 0 -1 0
    outer loop
      vertex -2.7 18.186 0
      vertex -1.2 18.186 2
      vertex -2.7 18.186 2
    endloop
  endfacet
  facet normal 0 -1 -0
    outer loop
      vertex -1.2 18.186 2
      vertex -2.7 18.186 0
      vertex -1.2 18.186 0
    endloop
  endfacet
  facet normal -0.866019 -0.500011 0
    outer loop
      vertex -0.45 16.887 0
      vertex -1.2 18.186 2
      vertex -1.2 18.186 0
    endloop
  endfacet
  facet normal -0.866019 -0.500011 0
    outer loop
      vertex -1.2 18.186 2
      vertex -0.45 16.887 0
      vertex -0.45 16.887 2
    endloop
  endfacet
  facet normal 0.866019 -0.500011 0
    outer loop
      vertex -3.45 16.887 2
      vertex -2.7 18.186 0
      vertex -2.7 18.186 2
    endloop
  endfacet
  facet normal 0.866019 -0.500011 0
    outer loop
      vertex -2.7 18.186 0
      vertex -3.45 16.887 2
      vertex -3.45 16.887 0
    endloop
  endfacet
  facet normal 0.866019 0.500011 0
    outer loop
      vertex -2.7 15.588 2
      vertex -3.45 16.887 0
      vertex -3.45 16.887 2
    endloop
  endfacet
  facet normal 0.866019 0.500011 0
    outer loop
      vertex -3.45 16.887 0
      vertex -2.7 15.588 2
      vertex -2.7 15.588 0
    endloop
  endfacet
  facet normal 0 -1 0
    outer loop
      vertex -2.7 -15.588 0
      vertex -1.2 -15.588 2
      vertex -2.7 -15.588 2
    endloop
  endfacet
  facet normal 0 -1 -0
    outer loop
      vertex -1.2 -15.588 2
      vertex -2.7 -15.588 0
      vertex -1.2 -15.588 0
    endloop
  endfacet
  facet normal -0.866019 -0.500011 0
    outer loop
      vertex -0.45 -16.887 0
      vertex -1.2 -15.588 2
      vertex -1.2 -15.588 0
    endloop
  endfacet
  facet normal -0.866019 -0.500011 0
    outer loop
      vertex -1.2 -15.588 2
      vertex -0.45 -16.887 0
      vertex -0.45 -16.887 2
    endloop
  endfacet
  facet normal 0.866019 -0.500011 0
    outer loop
      vertex -3.45 -16.887 2
      vertex -2.7 -15.588 0
      vertex -2.7 -15.588 2
    endloop
  endfacet
  facet normal 0.866019 -0.500011 0
    outer loop
      vertex -2.7 -15.588 0
      vertex -3.45 -16.887 2
      vertex -3.45 -16.887 0
    endloop
  endfacet
  facet normal 0.866019 0.500011 0
    outer loop
      vertex -2.7 -18.186 2
      vertex -3.45 -16.887 0
      vertex -3.45 -16.887 2
    endloop
  endfacet
  facet normal 0.866019 0.500011 0
    outer loop
      vertex -3.45 -16.887 0
      vertex -2.7 -18.186 2
      vertex -2.7 -18.186 0
    endloop
  endfacet
  facet normal 0 1 -0
    outer loop
      vertex -1.2 -18.186 0
      vertex -2.7 -18.186 2
      vertex -1.2 -18.186 2
    endloop
  endfacet
  facet normal 0 1 0
    outer loop
      vertex -2.7 -18.186 2
      vertex -1.2 -18.186 0
      vertex -2.7 -18.186 0
    endloop
  endfacet
  facet normal -0.866019 0.500011 0
    outer loop
      vertex -1.2 -18.186 0
      vertex -0.45 -16.887 2
      vertex -0.45 -16.887 0
    endloop
  endfacet
  facet normal -0.866019 0.500011 0
    outer loop
      vertex -0.45 -16.887 2
      vertex -1.2 -18.186 0
      vertex -1.2 -18.186 2
    endloop
  endfacet
  facet normal 0 1 -0
    outer loop
      vertex 0.75 -14.8086 0
      vertex -0.75 -14.8086 2
      vertex 0.75 -14.8086 2
    endloop
  endfacet
  facet normal 0 1 0
    outer loop
      vertex -0.75 -14.8086 2
      vertex 0.75 -14.8086 0
      vertex -0.75 -14.8086 0
    endloop
  endfacet
  facet normal -0.866019 0.500011 0
    outer loop
      vertex 0.75 -14.8086 0
      vertex 1.5 -13.5096 2
      vertex 1.5 -13.5096 0
    endloop
  endfacet
  facet normal -0.866019 0.500011 0
    outer loop
      vertex 1.5 -13.5096 2
      vertex 0.75 -14.8086 0
      vertex 0.75 -14.8086 2
    endloop
  endfacet
  facet normal 0 -1 0
    outer loop
      vertex -0.75 -12.2106 0
      vertex 0.75 -12.2106 2
      vertex -0.75 -12.2106 2
    endloop
  endfacet
  facet normal 0 -1 -0
    outer loop
      vertex 0.75 -12.2106 2
      vertex -0.75 -12.2106 0
      vertex 0.75 -12.2106 0
    endloop
  endfacet
  facet normal -0.866019 -0.500011 0
    outer loop
      vertex 1.5 -13.5096 0
      vertex 0.75 -12.2106 2
      vertex 0.75 -12.2106 0
    endloop
  endfacet
  facet normal -0.866019 -0.500011 0
    outer loop
      vertex 0.75 -12.2106 2
      vertex 1.5 -13.5096 0
      vertex 1.5 -13.5096 2
    endloop
  endfacet
  facet normal 0.866019 -0.500011 0
    outer loop
      vertex -1.5 -13.5096 2
      vertex -0.75 -12.2106 0
      vertex -0.75 -12.2106 2
    endloop
  endfacet
  facet normal 0.866019 -0.500011 0
    outer loop
      vertex -0.75 -12.2106 0
      vertex -1.5 -13.5096 2
      vertex -1.5 -13.5096 0
    endloop
  endfacet
  facet normal 0.866019 0.500011 0
    outer loop
      vertex -0.75 -14.8086 2
      vertex -1.5 -13.5096 0
      vertex -1.5 -13.5096 2
    endloop
  endfacet
  facet normal 0.866019 0.500011 0
    outer loop
      vertex -1.5 -13.5096 0
      vertex -0.75 -14.8086 2
      vertex -0.75 -14.8086 0
    endloop
  endfacet
  facet normal 0 1 -0
    outer loop
      vertex -1.2 -11.4312 0
      vertex -2.7 -11.4312 2
      vertex -1.2 -11.4312 2
    endloop
  endfacet
  facet normal 0 1 0
    outer loop
      vertex -2.7 -11.4312 2
      vertex -1.2 -11.4312 0
      vertex -2.7 -11.4312 0
    endloop
  endfacet
  facet normal -0.866019 0.500011 0
    outer loop
      vertex -1.2 -11.4312 0
      vertex -0.45 -10.1322 2
      vertex -0.45 -10.1322 0
    endloop
  endfacet
  facet normal -0.866019 0.500011 0
    outer loop
      vertex -0.45 -10.1322 2
      vertex -1.2 -11.4312 0
      vertex -1.2 -11.4312 2
    endloop
  endfacet
  facet normal 0 -1 0
    outer loop
      vertex -2.7 -8.83316 0
      vertex -1.2 -8.83316 2
      vertex -2.7 -8.83316 2
    endloop
  endfacet
  facet normal 0 -1 -0
    outer loop
      vertex -1.2 -8.83316 2
      vertex -2.7 -8.83316 0
      vertex -1.2 -8.83316 0
    endloop
  endfacet
  facet normal -0.866026 -0.499999 0
    outer loop
      vertex -0.45 -10.1322 0
      vertex -1.2 -8.83316 2
      vertex -1.2 -8.83316 0
    endloop
  endfacet
  facet normal -0.866026 -0.499999 0
    outer loop
      vertex -1.2 -8.83316 2
      vertex -0.45 -10.1322 0
      vertex -0.45 -10.1322 2
    endloop
  endfacet
  facet normal 0.866026 -0.499999 0
    outer loop
      vertex -3.45 -10.1322 2
      vertex -2.7 -8.83316 0
      vertex -2.7 -8.83316 2
    endloop
  endfacet
  facet normal 0.866026 -0.499999 0
    outer loop
      vertex -2.7 -8.83316 0
      vertex -3.45 -10.1322 2
      vertex -3.45 -10.1322 0
    endloop
  endfacet
  facet normal 0.866019 0.500011 0
    outer loop
      vertex -2.7 -11.4312 2
      vertex -3.45 -10.1322 0
      vertex -3.45 -10.1322 2
    endloop
  endfacet
  facet normal 0.866019 0.500011 0
    outer loop
      vertex -3.45 -10.1322 0
      vertex -2.7 -11.4312 2
      vertex -2.7 -11.4312 0
    endloop
  endfacet
  facet normal 0 1 -0
    outer loop
      vertex 0.75 -8.05384 0
      vertex -0.75 -8.05384 2
      vertex 0.75 -8.05384 2
    endloop
  endfacet
  facet normal 0 1 0
    outer loop
      vertex -0.75 -8.05384 2
      vertex 0.75 -8.05384 0
      vertex -0.75 -8.05384 0
    endloop
  endfacet
  facet normal -0.866026 0.499999 0
    outer loop
      vertex 0.75 -8.05384 0
      vertex 1.5 -6.7548 2
      vertex 1.5 -6.7548 0
    endloop
  endfacet
  facet normal -0.866026 0.499999 0
    outer loop
      vertex 1.5 -6.7548 2
      vertex 0.75 -8.05384 0
      vertex 0.75 -8.05384 2
    endloop
  endfacet
  facet normal 0 -1 0
    outer loop
      vertex -0.75 -5.45576 0
      vertex 0.75 -5.45576 2
      vertex -0.75 -5.45576 2
    endloop
  endfacet
  facet normal 0 -1 -0
    outer loop
      vertex 0.75 -5.45576 2
      vertex -0.75 -5.45576 0
      vertex 0.75 -5.45576 0
    endloop
  endfacet
  facet normal -0.866026 -0.499999 0
    outer loop
      vertex 1.5 -6.7548 0
      vertex 0.75 -5.45576 2
      vertex 0.75 -5.45576 0
    endloop
  endfacet
  facet normal -0.866026 -0.499999 0
    outer loop
      vertex 0.75 -5.45576 2
      vertex 1.5 -6.7548 0
      vertex 1.5 -6.7548 2
    endloop
  endfacet
  facet normal 0.866026 -0.499999 0
    outer loop
      vertex -1.5 -6.7548 2
      vertex -0.75 -5.45576 0
      vertex -0.75 -5.45576 2
    endloop
  endfacet
  facet normal 0.866026 -0.499999 0
    outer loop
      vertex -0.75 -5.45576 0
      vertex -1.5 -6.7548 2
      vertex -1.5 -6.7548 0
    endloop
  endfacet
  facet normal 0.866026 0.499999 0
    outer loop
      vertex -0.75 -8.05384 2
      vertex -1.5 -6.7548 0
      vertex -1.5 -6.7548 2
    endloop
  endfacet
  facet normal 0.866026 0.499999 0
    outer loop
      vertex -1.5 -6.7548 0
      vertex -0.75 -8.05384 2
      vertex -0.75 -8.05384 0
    endloop
  endfacet
  facet normal 0 1 -0
    outer loop
      vertex -1.2 -4.67644 0
      vertex -2.7 -4.67644 2
      vertex -1.2 -4.67644 2
    endloop
  endfacet
  facet normal 0 1 0
    outer loop
      vertex -2.7 -4.67644 2
      vertex -1.2 -4.67644 0
      vertex -2.7 -4.67644 0
    endloop
  endfacet
  facet normal -0.866026 0.499999 0
    outer loop
      vertex -1.2 -4.67644 0
      vertex -0.45 -3.3774 2
      vertex -0.45 -3.3774 0
    endloop
  endfacet
  facet normal -0.866026 0.499999 0
    outer loop
      vertex -0.45 -3.3774 2
      vertex -1.2 -4.67644 0
      vertex -1.2 -4.67644 2
    endloop
  endfacet
  facet normal 0 -1 0
    outer loop
      vertex -2.7 -2.07836 0
      vertex -1.2 -2.07836 2
      vertex -2.7 -2.07836 2
    endloop
  endfacet
  facet normal 0 -1 -0
    outer loop
      vertex -1.2 -2.07836 2
      vertex -2.7 -2.07836 0
      vertex -1.2 -2.07836 0
    endloop
  endfacet
  facet normal -0.866026 -0.499999 0
    outer loop
      vertex -0.45 -3.3774 0
      vertex -1.2 -2.07836 2
      vertex -1.2 -2.07836 0
    endloop
  endfacet
  facet normal -0.866026 -0.499999 0
    outer loop
      vertex -1.2 -2.07836 2
      vertex -0.45 -3.3774 0
      vertex -0.45 -3.3774 2
    endloop
  endfacet
  facet normal 0.866026 -0.499999 0
    outer loop
      vertex -3.45 -3.3774 2
      vertex -2.7 -2.07836 0
      vertex -2.7 -2.07836 2
    endloop
  endfacet
  facet normal 0.866026 -0.499999 0
    outer loop
      vertex -2.7 -2.07836 0
      vertex -3.45 -3.3774 2
      vertex -3.45 -3.3774 0
    endloop
  endfacet
  facet normal 0.866026 0.499999 0
    outer loop
      vertex -2.7 -4.67644 2
      vertex -3.45 -3.3774 0
      vertex -3.45 -3.3774 2
    endloop
  endfacet
  facet normal 0.866026 0.499999 0
    outer loop
      vertex -3.45 -3.3774 0
      vertex -2.7 -4.67644 2
      vertex -2.7 -4.67644 0
    endloop
  endfacet
  facet normal 0 1 -0
    outer loop
      vertex 0.75 -1.29904 0
      vertex -0.75 -1.29904 2
      vertex 0.75 -1.29904 2
    endloop
  endfacet
  facet normal 0 1 0
    outer loop
      vertex -0.75 -1.29904 2
      vertex 0.75 -1.29904 0
      vertex -0.75 -1.29904 0
    endloop
  endfacet
  facet normal -0.866026 0.499999 0
    outer loop
      vertex 0.75 -1.29904 0
      vertex 1.5 0 2
      vertex 1.5 0 0
    endloop
  endfacet
  facet normal -0.866026 0.499999 0
    outer loop
      vertex 1.5 0 2
      vertex 0.75 -1.29904 0
      vertex 0.75 -1.29904 2
    endloop
  endfacet
  facet normal 0 -1 0
    outer loop
      vertex -0.75 1.29904 0
      vertex 0.75 1.29904 2
      vertex -0.75 1.29904 2
    endloop
  endfacet
  facet normal 0 -1 -0
    outer loop
      vertex 0.75 1.29904 2
      vertex -0.75 1.29904 0
      vertex 0.75 1.29904 0
    endloop
  endfacet
  facet normal -0.866026 -0.499999 0
    outer loop
      vertex 1.5 0 0
      vertex 0.75 1.29904 2
      vertex 0.75 1.29904 0
    endloop
  endfacet
  facet normal -0.866026 -0.499999 0
    outer loop
      vertex 0.75 1.29904 2
      vertex 1.5 0 0
      vertex 1.5 0 2
    endloop
  endfacet
  facet normal 0.866026 -0.499999 0
    outer loop
      vertex -1.5 0 2
      vertex -0.75 1.29904 0
      vertex -0.75 1.29904 2
    endloop
  endfacet
  facet normal 0.866026 -0.499999 0
    outer loop
      vertex -0.75 1.29904 0
      vertex -1.5 0 2
      vertex -1.5 0 0
    endloop
  endfacet
  facet normal 0.866026 0.499999 0
    outer loop
      vertex -0.75 -1.29904 2
      vertex -1.5 0 0
      vertex -1.5 0 2
    endloop
  endfacet
  facet normal 0.866026 0.499999 0
    outer loop
      vertex -1.5 0 0
      vertex -0.75 -1.29904 2
      vertex -0.75 -1.29904 0
    endloop
  endfacet
  facet normal 0 1 -0
    outer loop
      vertex 2.7 2.07836 0
      vertex 1.2 2.07836 2
      vertex 2.7 2.07836 2
    endloop
  endfacet
  facet normal 0 1 0
    outer loop
      vertex 1.2 2.07836 2
      vertex 2.7 2.07836 0
      vertex 1.2 2.07836 0
    endloop
  endfacet
  facet normal -0.866026 0.499999 0
    outer loop
      vertex 2.7 2.07836 0
      vertex 3.45 3.3774 2
      vertex 3.45 3.3774 0
    endloop
  endfacet
  facet normal -0.866026 0.499999 0
    outer loop
      vertex 3.45 3.3774 2
      vertex 2.7 2.07836 0
      vertex 2.7 2.07836 2
    endloop
  endfacet
  facet normal 0 -1 0
    outer loop
      vertex 1.2 4.67644 0
      vertex 2.7 4.67644 2
      vertex 1.2 4.67644 2
    endloop
  endfacet
  facet normal 0 -1 -0
    outer loop
      vertex 2.7 4.67644 2
      vertex 1.2 4.67644 0
      vertex 2.7 4.67644 0
    endloop
  endfacet
  facet normal -0.866026 -0.499999 0
    outer loop
      vertex 3.45 3.3774 0
      vertex 2.7 4.67644 2
      vertex 2.7 4.67644 0
    endloop
  endfacet
  facet normal -0.866026 -0.499999 0
    outer loop
      vertex 2.7 4.67644 2
      vertex 3.45 3.3774 0
      vertex 3.45 3.3774 2
    endloop
  endfacet
  facet normal 0.866026 -0.499999 0
    outer loop
      vertex 0.45 3.3774 2
      vertex 1.2 4.67644 0
      vertex 1.2 4.67644 2
    endloop
  endfacet
  facet normal 0.866026 -0.499999 0
    outer loop
      vertex 1.2 4.67644 0
      vertex 0.45 3.3774 2
      vertex 0.45 3.3774 0
    endloop
  endfacet
  facet normal 0.866026 0.499999 0
    outer loop
      vertex 1.2 2.07836 2
      vertex 0.45 3.3774 0
      vertex 0.45 3.3774 2
    endloop
  endfacet
  facet normal 0.866026 0.499999 0
    outer loop
      vertex 0.45 3.3774 0
      vertex 1.2 2.07836 2
      vertex 1.2 2.07836 0
    endloop
  endfacet
  facet normal 0 1 -0
    outer loop
      vertex 0.75 5.45576 0
      vertex -0.75 5.45576 2
      vertex 0.75 5.45576 2
    endloop
  endfacet
  facet normal 0 1 0
    outer loop
      vertex -0.75 5.45576 2
      vertex 0.75 5.45576 0
      vertex -0.75 5.45576 0
    endloop
  endfacet
  facet normal 0 -1 0
    outer loop
      vertex -0.75 8.05384 0
      vertex 0.75 8.05384 2
      vertex -0.75 8.05384 2
    endloop
  endfacet
  facet normal 0 -1 -0
    outer loop
      vertex 0.75 8.05384 2
      vertex -0.75 8.05384 0
      vertex 0.75 8.05384 0
    endloop
  endfacet
  facet normal -0.866026 -0.499999 0
    outer loop
      vertex 1.5 6.7548 0
      vertex 0.75 8.05384 2
      vertex 0.75 8.05384 0
    endloop
  endfacet
  facet normal -0.866026 -0.499999 0
    outer loop
      vertex 0.75 8.05384 2
      vertex 1.5 6.7548 0
      vertex 1.5 6.7548 2
    endloop
  endfacet
  facet normal 0.866026 -0.499999 0
    outer loop
      vertex -1.5 6.7548 2
      vertex -0.75 8.05384 0
      vertex -0.75 8.05384 2
    endloop
  endfacet
  facet normal 0.866026 -0.499999 0
    outer loop
      vertex -0.75 8.05384 0
      vertex -1.5 6.7548 2
      vertex -1.5 6.7548 0
    endloop
  endfacet
  facet normal 0.866026 0.499999 0
    outer loop
      vertex -0.75 5.45576 2
      vertex -1.5 6.7548 0
      vertex -1.5 6.7548 2
    endloop
  endfacet
  facet normal 0.866026 0.499999 0
    outer loop
      vertex -1.5 6.7548 0
      vertex -0.75 5.45576 2
      vertex -0.75 5.45576 0
    endloop
  endfacet
  facet normal -0.866026 0.499999 0
    outer loop
      vertex 0.75 5.45576 0
      vertex 1.5 6.7548 2
      vertex 1.5 6.7548 0
    endloop
  endfacet
  facet normal -0.866026 0.499999 0
    outer loop
      vertex 1.5 6.7548 2
      vertex 0.75 5.45576 0
      vertex 0.75 5.45576 2
    endloop
  endfacet
  facet normal 0 1 -0
    outer loop
      vertex 2.7 8.83316 0
      vertex 1.2 8.83316 2
      vertex 2.7 8.83316 2
    endloop
  endfacet
  facet normal 0 1 0
    outer loop
      vertex 1.2 8.83316 2
      vertex 2.7 8.83316 0
      vertex 1.2 8.83316 0
    endloop
  endfacet
  facet normal -0.866026 0.499999 0
    outer loop
      vertex 2.7 8.83316 0
      vertex 3.45 10.1322 2
      vertex 3.45 10.1322 0
    endloop
  endfacet
  facet normal -0.866026 0.499999 0
    outer loop
      vertex 3.45 10.1322 2
      vertex 2.7 8.83316 0
      vertex 2.7 8.83316 2
    endloop
  endfacet
  facet normal 0 -1 0
    outer loop
      vertex 1.2 11.4312 0
      vertex 2.7 11.4312 2
      vertex 1.2 11.4312 2
    endloop
  endfacet
  facet normal 0 -1 -0
    outer loop
      vertex 2.7 11.4312 2
      vertex 1.2 11.4312 0
      vertex 2.7 11.4312 0
    endloop
  endfacet
  facet normal -0.866019 -0.500011 0
    outer loop
      vertex 3.45 10.1322 0
      vertex 2.7 11.4312 2
      vertex 2.7 11.4312 0
    endloop
  endfacet
  facet normal -0.866019 -0.500011 0
    outer loop
      vertex 2.7 11.4312 2
      vertex 3.45 10.1322 0
      vertex 3.45 10.1322 2
    endloop
  endfacet
  facet normal 0.866019 -0.500011 0
    outer loop
      vertex 0.45 10.1322 2
      vertex 1.2 11.4312 0
      vertex 1.2 11.4312 2
    endloop
  endfacet
  facet normal 0.866019 -0.500011 0
    outer loop
      vertex 1.2 11.4312 0
      vertex 0.45 10.1322 2
      vertex 0.45 10.1322 0
    endloop
  endfacet
  facet normal 0.866026 0.499999 0
    outer loop
      vertex 1.2 8.83316 2
      vertex 0.45 10.1322 0
      vertex 0.45 10.1322 2
    endloop
  endfacet
  facet normal 0.866026 0.499999 0
    outer loop
      vertex 0.45 10.1322 0
      vertex 1.2 8.83316 2
      vertex 1.2 8.83316 0
    endloop
  endfacet
  facet normal 0 1 -0
    outer loop
      vertex 0.75 12.2106 0
      vertex -0.75 12.2106 2
      vertex 0.75 12.2106 2
    endloop
  endfacet
  facet normal 0 1 0
    outer loop
      vertex -0.75 12.2106 2
      vertex 0.75 12.2106 0
      vertex -0.75 12.2106 0
    endloop
  endfacet
  facet normal -0.866019 0.500011 0
    outer loop
      vertex 0.75 12.2106 0
      vertex 1.5 13.5096 2
      vertex 1.5 13.5096 0
    endloop
  endfacet
  facet normal -0.866019 0.500011 0
    outer loop
      vertex 1.5 13.5096 2
      vertex 0.75 12.2106 0
      vertex 0.75 12.2106 2
    endloop
  endfacet
  facet normal 0 -1 0
    outer loop
      vertex -0.75 14.8086 0
      vertex 0.75 14.8086 2
      vertex -0.75 14.8086 2
    endloop
  endfacet
  facet normal 0 -1 -0
    outer loop
      vertex 0.75 14.8086 2
      vertex -0.75 14.8086 0
      vertex 0.75 14.8086 0
    endloop
  endfacet
  facet normal -0.866019 -0.500011 0
    outer loop
      vertex 1.5 13.5096 0
      vertex 0.75 14.8086 2
      vertex 0.75 14.8086 0
    endloop
  endfacet
  facet normal -0.866019 -0.500011 0
    outer loop
      vertex 0.75 14.8086 2
      vertex 1.5 13.5096 0
      vertex 1.5 13.5096 2
    endloop
  endfacet
  facet normal 0.866019 -0.500011 0
    outer loop
      vertex -1.5 13.5096 2
      vertex -0.75 14.8086 0
      vertex -0.75 14.8086 2
    endloop
  endfacet
  facet normal 0.866019 -0.500011 0
    outer loop
      vertex -0.75 14.8086 0
      vertex -1.5 13.5096 2
      vertex -1.5 13.5096 0
    endloop
  endfacet
  facet normal 0.866019 0.500011 0
    outer loop
      vertex -0.75 12.2106 2
      vertex -1.5 13.5096 0
      vertex -1.5 13.5096 2
    endloop
  endfacet
  facet normal 0.866019 0.500011 0
    outer loop
      vertex -1.5 13.5096 0
      vertex -0.75 12.2106 2
      vertex -0.75 12.2106 0
    endloop
  endfacet
  facet normal 0 1 -0
    outer loop
      vertex 2.7 15.588 0
      vertex 1.2 15.588 2
      vertex 2.7 15.588 2
    endloop
  endfacet
  facet normal 0 1 0
    outer loop
      vertex 1.2 15.588 2
      vertex 2.7 15.588 0
      vertex 1.2 15.588 0
    endloop
  endfacet
  facet normal -0.866019 0.500011 0
    outer loop
      vertex 2.7 15.588 0
      vertex 3.45 16.887 2
      vertex 3.45 16.887 0
    endloop
  endfacet
  facet normal -0.866019 0.500011 0
    outer loop
      vertex 3.45 16.887 2
      vertex 2.7 15.588 0
      vertex 2.7 15.588 2
    endloop
  endfacet
  facet normal 0 -1 0
    outer loop
      vertex 1.2 18.186 0
      vertex 2.7 18.186 2
      vertex 1.2 18.186 2
    endloop
  endfacet
  facet normal 0 -1 -0
    outer loop
      vertex 2.7 18.186 2
      vertex 1.2 18.186 0
      vertex 2.7 18.186 0
    endloop
  endfacet
  facet normal -0.866019 -0.500011 0
    outer loop
      vertex 3.45 16.887 0
      vertex 2.7 18.186 2
      vertex 2.7 18.186 0
    endloop
  endfacet
  facet normal -0.866019 -0.500011 0
    outer loop
      vertex 2.7 18.186 2
      vertex 3.45 16.887 0
      vertex 3.45 16.887 2
    endloop
  endfacet
  facet normal 0.866019 -0.500011 0
    outer loop
      vertex 0.45 16.887 2
      vertex 1.2 18.186 0
      vertex 1.2 18.186 2
    endloop
  endfacet
  facet normal 0.866019 -0.500011 0
    outer loop
      vertex 1.2 18.186 0
      vertex 0.45 16.887 2
      vertex 0.45 16.887 0
    endloop
  endfacet
  facet normal 0.866019 0.500011 0
    outer loop
      vertex 1.2 15.588 2
      vertex 0.45 16.887 0
      vertex 0.45 16.887 2
    endloop
  endfacet
  facet normal 0.866019 0.500011 0
    outer loop
      vertex 0.45 16.887 0
      vertex 1.2 15.588 2
      vertex 1.2 15.588 0
    endloop
  endfacet
  facet normal 0 -1 0
    outer loop
      vertex 1.2 -15.588 0
      vertex 2.7 -15.588 2
      vertex 1.2 -15.588 2
    endloop
  endfacet
  facet normal 0 -1 -0
    outer loop
      vertex 2.7 -15.588 2
      vertex 1.2 -15.588 0
      vertex 2.7 -15.588 0
    endloop
  endfacet
  facet normal -0.866019 -0.500011 0
    outer loop
      vertex 3.45 -16.887 0
      vertex 2.7 -15.588 2
      vertex 2.7 -15.588 0
    endloop
  endfacet
  facet normal -0.866019 -0.500011 0
    outer loop
      vertex 2.7 -15.588 2
      vertex 3.45 -16.887 0
      vertex 3.45 -16.887 2
    endloop
  endfacet
  facet normal 0.866019 -0.500011 0
    outer loop
      vertex 0.45 -16.887 2
      vertex 1.2 -15.588 0
      vertex 1.2 -15.588 2
    endloop
  endfacet
  facet normal 0.866019 -0.500011 0
    outer loop
      vertex 1.2 -15.588 0
      vertex 0.45 -16.887 2
      vertex 0.45 -16.887 0
    endloop
  endfacet
  facet normal 0.866019 0.500011 0
    outer loop
      vertex 1.2 -18.186 2
      vertex 0.45 -16.887 0
      vertex 0.45 -16.887 2
    endloop
  endfacet
  facet normal 0.866019 0.500011 0
    outer loop
      vertex 0.45 -16.887 0
      vertex 1.2 -18.186 2
      vertex 1.2 -18.186 0
    endloop
  endfacet
  facet normal 0 1 -0
    outer loop
      vertex 2.7 -18.186 0
      vertex 1.2 -18.186 2
      vertex 2.7 -18.186 2
    endloop
  endfacet
  facet normal 0 1 0
    outer loop
      vertex 1.2 -18.186 2
      vertex 2.7 -18.186 0
      vertex 1.2 -18.186 0
    endloop
  endfacet
  facet normal -0.866019 0.500011 0
    outer loop
      vertex 2.7 -18.186 0
      vertex 3.45 -16.887 2
      vertex 3.45 -16.887 0
    endloop
  endfacet
  facet normal -0.866019 0.500011 0
    outer loop
      vertex 3.45 -16.887 2
      vertex 2.7 -18.186 0
      vertex 2.7 -18.186 2
    endloop
  endfacet
  facet normal 0 1 -0
    outer loop
      vertex 4.65 -14.8086 0
      vertex 3.15 -14.8086 2
      vertex 4.65 -14.8086 2
    endloop
  endfacet
  facet normal 0 1 0
    outer loop
      vertex 3.15 -14.8086 2
      vertex 4.65 -14.8086 0
      vertex 3.15 -14.8086 0
    endloop
  endfacet
  facet normal -0.866019 0.500011 0
    outer loop
      vertex 4.65 -14.8086 0
      vertex 5.4 -13.5096 2
      vertex 5.4 -13.5096 0
    endloop
  endfacet
  facet normal -0.866019 0.500011 0
    outer loop
      vertex 5.4 -13.5096 2
      vertex 4.65 -14.8086 0
      vertex 4.65 -14.8086 2
    endloop
  endfacet
  facet normal 0 -1 0
    outer loop
      vertex 3.15 -12.2106 0
      vertex 4.65 -12.2106 2
      vertex 3.15 -12.2106 2
    endloop
  endfacet
  facet normal 0 -1 -0
    outer loop
      vertex 4.65 -12.2106 2
      vertex 3.15 -12.2106 0
      vertex 4.65 -12.2106 0
    endloop
  endfacet
  facet normal -0.866019 -0.500011 0
    outer loop
      vertex 5.4 -13.5096 0
      vertex 4.65 -12.2106 2
      vertex 4.65 -12.2106 0
    endloop
  endfacet
  facet normal -0.866019 -0.500011 0
    outer loop
      vertex 4.65 -12.2106 2
      vertex 5.4 -13.5096 0
      vertex 5.4 -13.5096 2
    endloop
  endfacet
  facet normal 0.866019 -0.500011 0
    outer loop
      vertex 2.4 -13.5096 2
      vertex 3.15 -12.2106 0
      vertex 3.15 -12.2106 2
    endloop
  endfacet
  facet normal 0.866019 -0.500011 0
    outer loop
      vertex 3.15 -12.2106 0
      vertex 2.4 -13.5096 2
      vertex 2.4 -13.5096 0
    endloop
  endfacet
  facet normal 0.866019 0.500011 0
    outer loop
      vertex 3.15 -14.8086 2
      vertex 2.4 -13.5096 0
      vertex 2.4 -13.5096 2
    endloop
  endfacet
  facet normal 0.866019 0.500011 0
    outer loop
      vertex 2.4 -13.5096 0
      vertex 3.15 -14.8086 2
      vertex 3.15 -14.8086 0
    endloop
  endfacet
  facet normal 0 1 -0
    outer loop
      vertex 2.7 -11.4312 0
      vertex 1.2 -11.4312 2
      vertex 2.7 -11.4312 2
    endloop
  endfacet
  facet normal 0 1 0
    outer loop
      vertex 1.2 -11.4312 2
      vertex 2.7 -11.4312 0
      vertex 1.2 -11.4312 0
    endloop
  endfacet
  facet normal -0.866019 0.500011 0
    outer loop
      vertex 2.7 -11.4312 0
      vertex 3.45 -10.1322 2
      vertex 3.45 -10.1322 0
    endloop
  endfacet
  facet normal -0.866019 0.500011 0
    outer loop
      vertex 3.45 -10.1322 2
      vertex 2.7 -11.4312 0
      vertex 2.7 -11.4312 2
    endloop
  endfacet
  facet normal 0 -1 0
    outer loop
      vertex 1.2 -8.83316 0
      vertex 2.7 -8.83316 2
      vertex 1.2 -8.83316 2
    endloop
  endfacet
  facet normal 0 -1 -0
    outer loop
      vertex 2.7 -8.83316 2
      vertex 1.2 -8.83316 0
      vertex 2.7 -8.83316 0
    endloop
  endfacet
  facet normal -0.866026 -0.499999 0
    outer loop
      vertex 3.45 -10.1322 0
      vertex 2.7 -8.83316 2
      vertex 2.7 -8.83316 0
    endloop
  endfacet
  facet normal -0.866026 -0.499999 0
    outer loop
      vertex 2.7 -8.83316 2
      vertex 3.45 -10.1322 0
      vertex 3.45 -10.1322 2
    endloop
  endfacet
  facet normal 0.866026 -0.499999 0
    outer loop
      vertex 0.45 -10.1322 2
      vertex 1.2 -8.83316 0
      vertex 1.2 -8.83316 2
    endloop
  endfacet
  facet normal 0.866026 -0.499999 0
    outer loop
      vertex 1.2 -8.83316 0
      vertex 0.45 -10.1322 2
      vertex 0.45 -10.1322 0
    endloop
  endfacet
  facet normal 0.866019 0.500011 0
    outer loop
      vertex 1.2 -11.4312 2
      vertex 0.45 -10.1322 0
      vertex 0.45 -10.1322 2
    endloop
  endfacet
  facet normal 0.866019 0.500011 0
    outer loop
      vertex 0.45 -10.1322 0
      vertex 1.2 -11.4312 2
      vertex 1.2 -11.4312 0
    endloop
  endfacet
  facet normal 0 1 -0
    outer loop
      vertex 4.65 -8.05384 0
      vertex 3.15 -8.05384 2
      vertex 4.65 -8.05384 2
    endloop
  endfacet
  facet normal 0 1 0
    outer loop
      vertex 3.15 -8.05384 2
      vertex 4.65 -8.05384 0
      vertex 3.15 -8.05384 0
    endloop
  endfacet
  facet normal -0.866026 0.499999 0
    outer loop
      vertex 4.65 -8.05384 0
      vertex 5.4 -6.7548 2
      vertex 5.4 -6.7548 0
    endloop
  endfacet
  facet normal -0.866026 0.499999 0
    outer loop
      vertex 5.4 -6.7548 2
      vertex 4.65 -8.05384 0
      vertex 4.65 -8.05384 2
    endloop
  endfacet
  facet normal 0 -1 0
    outer loop
      vertex 3.15 -5.45576 0
      vertex 4.65 -5.45576 2
      vertex 3.15 -5.45576 2
    endloop
  endfacet
  facet normal 0 -1 -0
    outer loop
      vertex 4.65 -5.45576 2
      vertex 3.15 -5.45576 0
      vertex 4.65 -5.45576 0
    endloop
  endfacet
  facet normal -0.866026 -0.499999 0
    outer loop
      vertex 5.4 -6.7548 0
      vertex 4.65 -5.45576 2
      vertex 4.65 -5.45576 0
    endloop
  endfacet
  facet normal -0.866026 -0.499999 0
    outer loop
      vertex 4.65 -5.45576 2
      vertex 5.4 -6.7548 0
      vertex 5.4 -6.7548 2
    endloop
  endfacet
  facet normal 0.866026 -0.499999 0
    outer loop
      vertex 2.4 -6.7548 2
      vertex 3.15 -5.45576 0
      vertex 3.15 -5.45576 2
    endloop
  endfacet
  facet normal 0.866026 -0.499999 0
    outer loop
      vertex 3.15 -5.45576 0
      vertex 2.4 -6.7548 2
      vertex 2.4 -6.7548 0
    endloop
  endfacet
  facet normal 0.866026 0.499999 0
    outer loop
      vertex 3.15 -8.05384 2
      vertex 2.4 -6.7548 0
      vertex 2.4 -6.7548 2
    endloop
  endfacet
  facet normal 0.866026 0.499999 0
    outer loop
      vertex 2.4 -6.7548 0
      vertex 3.15 -8.05384 2
      vertex 3.15 -8.05384 0
    endloop
  endfacet
  facet normal 0 1 -0
    outer loop
      vertex 2.7 -4.67644 0
      vertex 1.2 -4.67644 2
      vertex 2.7 -4.67644 2
    endloop
  endfacet
  facet normal 0 1 0
    outer loop
      vertex 1.2 -4.67644 2
      vertex 2.7 -4.67644 0
      vertex 1.2 -4.67644 0
    endloop
  endfacet
  facet normal -0.866026 0.499999 0
    outer loop
      vertex 2.7 -4.67644 0
      vertex 3.45 -3.3774 2
      vertex 3.45 -3.3774 0
    endloop
  endfacet
  facet normal -0.866026 0.499999 0
    outer loop
      vertex 3.45 -3.3774 2
      vertex 2.7 -4.67644 0
      vertex 2.7 -4.67644 2
    endloop
  endfacet
  facet normal 0 -1 0
    outer loop
      vertex 1.2 -2.07836 0
      vertex 2.7 -2.07836 2
      vertex 1.2 -2.07836 2
    endloop
  endfacet
  facet normal 0 -1 -0
    outer loop
      vertex 2.7 -2.07836 2
      vertex 1.2 -2.07836 0
      vertex 2.7 -2.07836 0
    endloop
  endfacet
  facet normal -0.866026 -0.499999 0
    outer loop
      vertex 3.45 -3.3774 0
      vertex 2.7 -2.07836 2
      vertex 2.7 -2.07836 0
    endloop
  endfacet
  facet normal -0.866026 -0.499999 0
    outer loop
      vertex 2.7 -2.07836 2
      vertex 3.45 -3.3774 0
      vertex 3.45 -3.3774 2
    endloop
  endfacet
  facet normal 0.866026 -0.499999 0
    outer loop
      vertex 0.45 -3.3774 2
      vertex 1.2 -2.07836 0
      vertex 1.2 -2.07836 2
    endloop
  endfacet
  facet normal 0.866026 -0.499999 0
    outer loop
      vertex 1.2 -2.07836 0
      vertex 0.45 -3.3774 2
      vertex 0.45 -3.3774 0
    endloop
  endfacet
  facet normal 0.866026 0.499999 0
    outer loop
      vertex 1.2 -4.67644 2
      vertex 0.45 -3.3774 0
      vertex 0.45 -3.3774 2
    endloop
  endfacet
  facet normal 0.866026 0.499999 0
    outer loop
      vertex 0.45 -3.3774 0
      vertex 1.2 -4.67644 2
      vertex 1.2 -4.67644 0
    endloop
  endfacet
  facet normal 0 1 -0
    outer loop
      vertex 4.65 -1.29904 0
      vertex 3.15 -1.29904 2
      vertex 4.65 -1.29904 2
    endloop
  endfacet
  facet normal 0 1 0
    outer loop
      vertex 3.15 -1.29904 2
      vertex 4.65 -1.29904 0
      vertex 3.15 -1.29904 0
    endloop
  endfacet
  facet normal -0.866026 0.499999 0
    outer loop
      vertex 4.65 -1.29904 0
      vertex 5.4 0 2
      vertex 5.4 0 0
    endloop
  endfacet
  facet normal -0.866026 0.499999 0
    outer loop
      vertex 5.4 0 2
      vertex 4.65 -1.29904 0
      vertex 4.65 -1.29904 2
    endloop
  endfacet
  facet normal 0 -1 0
    outer loop
      vertex 3.15 1.29904 0
      vertex 4.65 1.29904 2
      vertex 3.15 1.29904 2
    endloop
  endfacet
  facet normal 0 -1 -0
    outer loop
      vertex 4.65 1.29904 2
      vertex 3.15 1.29904 0
      vertex 4.65 1.29904 0
    endloop
  endfacet
  facet normal -0.866026 -0.499999 0
    outer loop
      vertex 5.4 0 0
      vertex 4.65 1.29904 2
      vertex 4.65 1.29904 0
    endloop
  endfacet
  facet normal -0.866026 -0.499999 0
    outer loop
      vertex 4.65 1.29904 2
      vertex 5.4 0 0
      vertex 5.4 0 2
    endloop
  endfacet
  facet normal 0.866026 -0.499999 0
    outer loop
      vertex 2.4 0 2
      vertex 3.15 1.29904 0
      vertex 3.15 1.29904 2
    endloop
  endfacet
  facet normal 0.866026 -0.499999 0
    outer loop
      vertex 3.15 1.29904 0
      vertex 2.4 0 2
      vertex 2.4 0 0
    endloop
  endfacet
  facet normal 0.866026 0.499999 0
    outer loop
      vertex 3.15 -1.29904 2
      vertex 2.4 0 0
      vertex 2.4 0 2
    endloop
  endfacet
  facet normal 0.866026 0.499999 0
    outer loop
      vertex 2.4 0 0
      vertex 3.15 -1.29904 2
      vertex 3.15 -1.29904 0
    endloop
  endfacet
  facet normal 0 1 -0
    outer loop
      vertex 6.6 2.07836 0
      vertex 5.1 2.07836 2
      vertex 6.6 2.07836 2
    endloop
  endfacet
  facet normal 0 1 0
    outer loop
      vertex 5.1 2.07836 2
      vertex 6.6 2.07836 0
      vertex 5.1 2.07836 0
    endloop
  endfacet
  facet normal -0.866026 0.499999 0
    outer loop
      vertex 6.6 2.07836 0
      vertex 7.35 3.3774 2
      vertex 7.35 3.3774 0
    endloop
  endfacet
  facet normal -0.866026 0.499999 0
    outer loop
      vertex 7.35 3.3774 2
      vertex 6.6 2.07836 0
      vertex 6.6 2.07836 2
    endloop
  endfacet
  facet normal 0 -1 0
    outer loop
      vertex 5.1 4.67644 0
      vertex 6.6 4.67644 2
      vertex 5.1 4.67644 2
    endloop
  endfacet
  facet normal 0 -1 -0
    outer loop
      vertex 6.6 4.67644 2
      vertex 5.1 4.67644 0
      vertex 6.6 4.67644 0
    endloop
  endfacet
  facet normal -0.866026 -0.499999 0
    outer loop
      vertex 7.35 3.3774 0
      vertex 6.6 4.67644 2
      vertex 6.6 4.67644 0
    endloop
  endfacet
  facet normal -0.866026 -0.499999 0
    outer loop
      vertex 6.6 4.67644 2
      vertex 7.35 3.3774 0
      vertex 7.35 3.3774 2
    endloop
  endfacet
  facet normal 0.866026 -0.499999 0
    outer loop
      vertex 4.35 3.3774 2
      vertex 5.1 4.67644 0
      vertex 5.1 4.67644 2
    endloop
  endfacet
  facet normal 0.866026 -0.499999 0
    outer loop
      vertex 5.1 4.67644 0
      vertex 4.35 3.3774 2
      vertex 4.35 3.3774 0
    endloop
  endfacet
  facet normal 0.866026 0.499999 0
    outer loop
      vertex 5.1 2.07836 2
      vertex 4.35 3.3774 0
      vertex 4.35 3.3774 2
    endloop
  endfacet
  facet normal 0.866026 0.499999 0
    outer loop
      vertex 4.35 3.3774 0
      vertex 5.1 2.07836 2
      vertex 5.1 2.07836 0
    endloop
  endfacet
  facet normal 0 1 -0
    outer loop
      vertex 4.65 5.45576 0
      vertex 3.15 5.45576 2
      vertex 4.65 5.45576 2
    endloop
  endfacet
  facet normal 0 1 0
    outer loop
      vertex 3.15 5.45576 2
      vertex 4.65 5.45576 0
      vertex 3.15 5.45576 0
    endloop
  endfacet
  facet normal 0 -1 0
    outer loop
      vertex 3.15 8.05384 0
      vertex 4.65 8.05384 2
      vertex 3.15 8.05384 2
    endloop
  endfacet
  facet normal 0 -1 -0
    outer loop
      vertex 4.65 8.05384 2
      vertex 3.15 8.05384 0
      vertex 4.65 8.05384 0
    endloop
  endfacet
  facet normal -0.866026 -0.499999 0
    outer loop
      vertex 5.4 6.7548 0
      vertex 4.65 8.05384 2
      vertex 4.65 8.05384 0
    endloop
  endfacet
  facet normal -0.866026 -0.499999 0
    outer loop
      vertex 4.65 8.05384 2
      vertex 5.4 6.7548 0
      vertex 5.4 6.7548 2
    endloop
  endfacet
  facet normal 0.866026 -0.499999 0
    outer loop
      vertex 2.4 6.7548 2
      vertex 3.15 8.05384 0
      vertex 3.15 8.05384 2
    endloop
  endfacet
  facet normal 0.866026 -0.499999 0
    outer loop
      vertex 3.15 8.05384 0
      vertex 2.4 6.7548 2
      vertex 2.4 6.7548 0
    endloop
  endfacet
  facet normal 0.866026 0.499999 0
    outer loop
      vertex 3.15 5.45576 2
      vertex 2.4 6.7548 0
      vertex 2.4 6.7548 2
    endloop
  endfacet
  facet normal 0.866026 0.499999 0
    outer loop
      vertex 2.4 6.7548 0
      vertex 3.15 5.45576 2
      vertex 3.15 5.45576 0
    endloop
  endfacet
  facet normal -0.866026 0.499999 0
    outer loop
      vertex 4.65 5.45576 0
      vertex 5.4 6.7548 2
      vertex 5.4 6.7548 0
    endloop
  endfacet
  facet normal -0.866026 0.499999 0
    outer loop
      vertex 5.4 6.7548 2
      vertex 4.65 5.45576 0
      vertex 4.65 5.45576 2
    endloop
  endfacet
  facet normal 0 1 -0
    outer loop
      vertex 6.6 8.83316 0
      vertex 5.1 8.83316 2
      vertex 6.6 8.83316 2
    endloop
  endfacet
  facet normal 0 1 0
    outer loop
      vertex 5.1 8.83316 2
      vertex 6.6 8.83316 0
      vertex 5.1 8.83316 0
    endloop
  endfacet
  facet normal -0.866026 0.499999 0
    outer loop
      vertex 6.6 8.83316 0
      vertex 7.35 10.1322 2
      vertex 7.35 10.1322 0
    endloop
  endfacet
  facet normal -0.866026 0.499999 0
    outer loop
      vertex 7.35 10.1322 2
      vertex 6.6 8.83316 0
      vertex 6.6 8.83316 2
    endloop
  endfacet
  facet normal 0 -1 0
    outer loop
      vertex 5.1 11.4312 0
      vertex 6.6 11.4312 2
      vertex 5.1 11.4312 2
    endloop
  endfacet
  facet normal 0 -1 -0
    outer loop
      vertex 6.6 11.4312 2
      vertex 5.1 11.4312 0
      vertex 6.6 11.4312 0
    endloop
  endfacet
  facet normal -0.866019 -0.500011 0
    outer loop
      vertex 7.35 10.1322 0
      vertex 6.6 11.4312 2
      vertex 6.6 11.4312 0
    endloop
  endfacet
  facet normal -0.866019 -0.500011 0
    outer loop
      vertex 6.6 11.4312 2
      vertex 7.35 10.1322 0
      vertex 7.35 10.1322 2
    endloop
  endfacet
  facet normal 0.866019 -0.500011 0
    outer loop
      vertex 4.35 10.1322 2
      vertex 5.1 11.4312 0
      vertex 5.1 11.4312 2
    endloop
  endfacet
  facet normal 0.866019 -0.500011 0
    outer loop
      vertex 5.1 11.4312 0
      vertex 4.35 10.1322 2
      vertex 4.35 10.1322 0
    endloop
  endfacet
  facet normal 0.866026 0.499999 0
    outer loop
      vertex 5.1 8.83316 2
      vertex 4.35 10.1322 0
      vertex 4.35 10.1322 2
    endloop
  endfacet
  facet normal 0.866026 0.499999 0
    outer loop
      vertex 4.35 10.1322 0
      vertex 5.1 8.83316 2
      vertex 5.1 8.83316 0
    endloop
  endfacet
  facet normal 0 1 -0
    outer loop
      vertex 4.65 12.2106 0
      vertex 3.15 12.2106 2
      vertex 4.65 12.2106 2
    endloop
  endfacet
  facet normal 0 1 0
    outer loop
      vertex 3.15 12.2106 2
      vertex 4.65 12.2106 0
      vertex 3.15 12.2106 0
    endloop
  endfacet
  facet normal -0.866019 0.500011 0
    outer loop
      vertex 4.65 12.2106 0
      vertex 5.4 13.5096 2
      vertex 5.4 13.5096 0
    endloop
  endfacet
  facet normal -0.866019 0.500011 0
    outer loop
      vertex 5.4 13.5096 2
      vertex 4.65 12.2106 0
      vertex 4.65 12.2106 2
    endloop
  endfacet
  facet normal 0 -1 0
    outer loop
      vertex 3.15 14.8086 0
      vertex 4.65 14.8086 2
      vertex 3.15 14.8086 2
    endloop
  endfacet
  facet normal 0 -1 -0
    outer loop
      vertex 4.65 14.8086 2
      vertex 3.15 14.8086 0
      vertex 4.65 14.8086 0
    endloop
  endfacet
  facet normal -0.866019 -0.500011 0
    outer loop
      vertex 5.4 13.5096 0
      vertex 4.65 14.8086 2
      vertex 4.65 14.8086 0
    endloop
  endfacet
  facet normal -0.866019 -0.500011 0
    outer loop
      vertex 4.65 14.8086 2
      vertex 5.4 13.5096 0
      vertex 5.4 13.5096 2
    endloop
  endfacet
  facet normal 0.866019 -0.500011 0
    outer loop
      vertex 2.4 13.5096 2
      vertex 3.15 14.8086 0
      vertex 3.15 14.8086 2
    endloop
  endfacet
  facet normal 0.866019 -0.500011 0
    outer loop
      vertex 3.15 14.8086 0
      vertex 2.4 13.5096 2
      vertex 2.4 13.5096 0
    endloop
  endfacet
  facet normal 0.866019 0.500011 0
    outer loop
      vertex 3.15 12.2106 2
      vertex 2.4 13.5096 0
      vertex 2.4 13.5096 2
    endloop
  endfacet
  facet normal 0.866019 0.500011 0
    outer loop
      vertex 2.4 13.5096 0
      vertex 3.15 12.2106 2
      vertex 3.15 12.2106 0
    endloop
  endfacet
  facet normal 0 1 -0
    outer loop
      vertex 6.6 15.588 0
      vertex 5.1 15.588 2
      vertex 6.6 15.588 2
    endloop
  endfacet
  facet normal 0 1 0
    outer loop
      vertex 5.1 15.588 2
      vertex 6.6 15.588 0
      vertex 5.1 15.588 0
    endloop
  endfacet
  facet normal -0.866019 0.500011 0
    outer loop
      vertex 6.6 15.588 0
      vertex 7.35 16.887 2
      vertex 7.35 16.887 0
    endloop
  endfacet
  facet normal -0.866019 0.500011 0
    outer loop
      vertex 7.35 16.887 2
      vertex 6.6 15.588 0
      vertex 6.6 15.588 2
    endloop
  endfacet
  facet normal 0 -1 0
    outer loop
      vertex 5.1 18.186 0
      vertex 6.6 18.186 2
      vertex 5.1 18.186 2
    endloop
  endfacet
  facet normal 0 -1 -0
    outer loop
      vertex 6.6 18.186 2
      vertex 5.1 18.186 0
      vertex 6.6 18.186 0
    endloop
  endfacet
  facet normal -0.866019 -0.500011 0
    outer loop
      vertex 7.35 16.887 0
      vertex 6.6 18.186 2
      vertex 6.6 18.186 0
    endloop
  endfacet
  facet normal -0.866019 -0.500011 0
    outer loop
      vertex 6.6 18.186 2
      vertex 7.35 16.887 0
      vertex 7.35 16.887 2
    endloop
  endfacet
  facet normal 0.866019 -0.500011 0
    outer loop
      vertex 4.35 16.887 2
      vertex 5.1 18.186 0
      vertex 5.1 18.186 2
    endloop
  endfacet
  facet normal 0.866019 -0.500011 0
    outer loop
      vertex 5.1 18.186 0
      vertex 4.35 16.887 2
      vertex 4.35 16.887 0
    endloop
  endfacet
  facet normal 0.866019 0.500011 0
    outer loop
      vertex 5.1 15.588 2
      vertex 4.35 16.887 0
      vertex 4.35 16.887 2
    endloop
  endfacet
  facet normal 0.866019 0.500011 0
    outer loop
      vertex 4.35 16.887 0
      vertex 5.1 15.588 2
      vertex 5.1 15.588 0
    endloop
  endfacet
  facet normal 0 -1 0
    outer loop
      vertex 5.1 -15.588 0
      vertex 6.6 -15.588 2
      vertex 5.1 -15.588 2
    endloop
  endfacet
  facet normal 0 -1 -0
    outer loop
      vertex 6.6 -15.588 2
      vertex 5.1 -15.588 0
      vertex 6.6 -15.588 0
    endloop
  endfacet
  facet normal -0.866019 -0.500011 0
    outer loop
      vertex 7.35 -16.887 0
      vertex 6.6 -15.588 2
      vertex 6.6 -15.588 0
    endloop
  endfacet
  facet normal -0.866019 -0.500011 0
    outer loop
      vertex 6.6 -15.588 2
      vertex 7.35 -16.887 0
      vertex 7.35 -16.887 2
    endloop
  endfacet
  facet normal 0.866019 -0.500011 0
    outer loop
      vertex 4.35 -16.887 2
      vertex 5.1 -15.588 0
      vertex 5.1 -15.588 2
    endloop
  endfacet
  facet normal 0.866019 -0.500011 0
    outer loop
      vertex 5.1 -15.588 0
      vertex 4.35 -16.887 2
      vertex 4.35 -16.887 0
    endloop
  endfacet
  facet normal 0.866019 0.500011 0
    outer loop
      vertex 5.1 -18.186 2
      vertex 4.35 -16.887 0
      vertex 4.35 -16.887 2
    endloop
  endfacet
  facet normal 0.866019 0.500011 0
    outer loop
      vertex 4.35 -16.887 0
      vertex 5.1 -18.186 2
      vertex 5.1 -18.186 0
    endloop
  endfacet
  facet normal 0 1 -0
    outer loop
      vertex 6.6 -18.186 0
      vertex 5.1 -18.186 2
      vertex 6.6 -18.186 2
    endloop
  endfacet
  facet normal 0 1 0
    outer loop
      vertex 5.1 -18.186 2
      vertex 6.6 -18.186 0
      vertex 5.1 -18.186 0
    endloop
  endfacet
  facet normal -0.866019 0.500011 0
    outer loop
      vertex 6.6 -18.186 0
      vertex 7.35 -16.887 2
      vertex 7.35 -16.887 0
    endloop
  endfacet
  facet normal -0.866019 0.500011 0
    outer loop
      vertex 7.35 -16.887 2
      vertex 6.6 -18.186 0
      vertex 6.6 -18.186 2
    endloop
  endfacet
  facet normal 0 1 -0
    outer loop
      vertex 8.55 -14.8086 0
      vertex 7.05 -14.8086 2
      vertex 8.55 -14.8086 2
    endloop
  endfacet
  facet normal 0 1 0
    outer loop
      vertex 7.05 -14.8086 2
      vertex 8.55 -14.8086 0
      vertex 7.05 -14.8086 0
    endloop
  endfacet
  facet normal -0.866019 0.500011 0
    outer loop
      vertex 8.55 -14.8086 0
      vertex 9.3 -13.5096 2
      vertex 9.3 -13.5096 0
    endloop
  endfacet
  facet normal -0.866019 0.500011 0
    outer loop
      vertex 9.3 -13.5096 2
      vertex 8.55 -14.8086 0
      vertex 8.55 -14.8086 2
    endloop
  endfacet
  facet normal 0 -1 0
    outer loop
      vertex 7.05 -12.2106 0
      vertex 8.55 -12.2106 2
      vertex 7.05 -12.2106 2
    endloop
  endfacet
  facet normal 0 -1 -0
    outer loop
      vertex 8.55 -12.2106 2
      vertex 7.05 -12.2106 0
      vertex 8.55 -12.2106 0
    endloop
  endfacet
  facet normal -0.866019 -0.500011 0
    outer loop
      vertex 9.3 -13.5096 0
      vertex 8.55 -12.2106 2
      vertex 8.55 -12.2106 0
    endloop
  endfacet
  facet normal -0.866019 -0.500011 0
    outer loop
      vertex 8.55 -12.2106 2
      vertex 9.3 -13.5096 0
      vertex 9.3 -13.5096 2
    endloop
  endfacet
  facet normal 0.866019 -0.500011 0
    outer loop
      vertex 6.3 -13.5096 2
      vertex 7.05 -12.2106 0
      vertex 7.05 -12.2106 2
    endloop
  endfacet
  facet normal 0.866019 -0.500011 0
    outer loop
      vertex 7.05 -12.2106 0
      vertex 6.3 -13.5096 2
      vertex 6.3 -13.5096 0
    endloop
  endfacet
  facet normal 0.866019 0.500011 0
    outer loop
      vertex 7.05 -14.8086 2
      vertex 6.3 -13.5096 0
      vertex 6.3 -13.5096 2
    endloop
  endfacet
  facet normal 0.866019 0.500011 0
    outer loop
      vertex 6.3 -13.5096 0
      vertex 7.05 -14.8086 2
      vertex 7.05 -14.8086 0
    endloop
  endfacet
  facet normal 0 1 -0
    outer loop
      vertex 6.6 -11.4312 0
      vertex 5.1 -11.4312 2
      vertex 6.6 -11.4312 2
    endloop
  endfacet
  facet normal 0 1 0
    outer loop
      vertex 5.1 -11.4312 2
      vertex 6.6 -11.4312 0
      vertex 5.1 -11.4312 0
    endloop
  endfacet
  facet normal -0.866019 0.500011 0
    outer loop
      vertex 6.6 -11.4312 0
      vertex 7.35 -10.1322 2
      vertex 7.35 -10.1322 0
    endloop
  endfacet
  facet normal -0.866019 0.500011 0
    outer loop
      vertex 7.35 -10.1322 2
      vertex 6.6 -11.4312 0
      vertex 6.6 -11.4312 2
    endloop
  endfacet
  facet normal 0 -1 0
    outer loop
      vertex 5.1 -8.83316 0
      vertex 6.6 -8.83316 2
      vertex 5.1 -8.83316 2
    endloop
  endfacet
  facet normal 0 -1 -0
    outer loop
      vertex 6.6 -8.83316 2
      vertex 5.1 -8.83316 0
      vertex 6.6 -8.83316 0
    endloop
  endfacet
  facet normal -0.866026 -0.499999 0
    outer loop
      vertex 7.35 -10.1322 0
      vertex 6.6 -8.83316 2
      vertex 6.6 -8.83316 0
    endloop
  endfacet
  facet normal -0.866026 -0.499999 0
    outer loop
      vertex 6.6 -8.83316 2
      vertex 7.35 -10.1322 0
      vertex 7.35 -10.1322 2
    endloop
  endfacet
  facet normal 0.866026 -0.499999 0
    outer loop
      vertex 4.35 -10.1322 2
      vertex 5.1 -8.83316 0
      vertex 5.1 -8.83316 2
    endloop
  endfacet
  facet normal 0.866026 -0.499999 0
    outer loop
      vertex 5.1 -8.83316 0
      vertex 4.35 -10.1322 2
      vertex 4.35 -10.1322 0
    endloop
  endfacet
  facet normal 0.866019 0.500011 0
    outer loop
      vertex 5.1 -11.4312 2
      vertex 4.35 -10.1322 0
      vertex 4.35 -10.1322 2
    endloop
  endfacet
  facet normal 0.866019 0.500011 0
    outer loop
      vertex 4.35 -10.1322 0
      vertex 5.1 -11.4312 2
      vertex 5.1 -11.4312 0
    endloop
  endfacet
  facet normal 0 1 -0
    outer loop
      vertex 8.55 -8.05384 0
      vertex 7.05 -8.05384 2
      vertex 8.55 -8.05384 2
    endloop
  endfacet
  facet normal 0 1 0
    outer loop
      vertex 7.05 -8.05384 2
      vertex 8.55 -8.05384 0
      vertex 7.05 -8.05384 0
    endloop
  endfacet
  facet normal -0.866026 0.499999 0
    outer loop
      vertex 8.55 -8.05384 0
      vertex 9.3 -6.7548 2
      vertex 9.3 -6.7548 0
    endloop
  endfacet
  facet normal -0.866026 0.499999 0
    outer loop
      vertex 9.3 -6.7548 2
      vertex 8.55 -8.05384 0
      vertex 8.55 -8.05384 2
    endloop
  endfacet
  facet normal 0 -1 0
    outer loop
      vertex 7.05 -5.45576 0
      vertex 8.55 -5.45576 2
      vertex 7.05 -5.45576 2
    endloop
  endfacet
  facet normal 0 -1 -0
    outer loop
      vertex 8.55 -5.45576 2
      vertex 7.05 -5.45576 0
      vertex 8.55 -5.45576 0
    endloop
  endfacet
  facet normal -0.866026 -0.499999 0
    outer loop
      vertex 9.3 -6.7548 0
      vertex 8.55 -5.45576 2
      vertex 8.55 -5.45576 0
    endloop
  endfacet
  facet normal -0.866026 -0.499999 0
    outer loop
      vertex 8.55 -5.45576 2
      vertex 9.3 -6.7548 0
      vertex 9.3 -6.7548 2
    endloop
  endfacet
  facet normal 0.866026 -0.499999 0
    outer loop
      vertex 6.3 -6.7548 2
      vertex 7.05 -5.45576 0
      vertex 7.05 -5.45576 2
    endloop
  endfacet
  facet normal 0.866026 -0.499999 0
    outer loop
      vertex 7.05 -5.45576 0
      vertex 6.3 -6.7548 2
      vertex 6.3 -6.7548 0
    endloop
  endfacet
  facet normal 0.866026 0.499999 0
    outer loop
      vertex 7.05 -8.05384 2
      vertex 6.3 -6.7548 0
      vertex 6.3 -6.7548 2
    endloop
  endfacet
  facet normal 0.866026 0.499999 0
    outer loop
      vertex 6.3 -6.7548 0
      vertex 7.05 -8.05384 2
      vertex 7.05 -8.05384 0
    endloop
  endfacet
  facet normal 0 1 -0
    outer loop
      vertex 6.6 -4.67644 0
      vertex 5.1 -4.67644 2
      vertex 6.6 -4.67644 2
    endloop
  endfacet
  facet normal 0 1 0
    outer loop
      vertex 5.1 -4.67644 2
      vertex 6.6 -4.67644 0
      vertex 5.1 -4.67644 0
    endloop
  endfacet
  facet normal -0.866026 0.499999 0
    outer loop
      vertex 6.6 -4.67644 0
      vertex 7.35 -3.3774 2
      vertex 7.35 -3.3774 0
    endloop
  endfacet
  facet normal -0.866026 0.499999 0
    outer loop
      vertex 7.35 -3.3774 2
      vertex 6.6 -4.67644 0
      vertex 6.6 -4.67644 2
    endloop
  endfacet
  facet normal 0 -1 0
    outer loop
      vertex 5.1 -2.07836 0
      vertex 6.6 -2.07836 2
      vertex 5.1 -2.07836 2
    endloop
  endfacet
  facet normal 0 -1 -0
    outer loop
      vertex 6.6 -2.07836 2
      vertex 5.1 -2.07836 0
      vertex 6.6 -2.07836 0
    endloop
  endfacet
  facet normal -0.866026 -0.499999 0
    outer loop
      vertex 7.35 -3.3774 0
      vertex 6.6 -2.07836 2
      vertex 6.6 -2.07836 0
    endloop
  endfacet
  facet normal -0.866026 -0.499999 0
    outer loop
      vertex 6.6 -2.07836 2
      vertex 7.35 -3.3774 0
      vertex 7.35 -3.3774 2
    endloop
  endfacet
  facet normal 0.866026 -0.499999 0
    outer loop
      vertex 4.35 -3.3774 2
      vertex 5.1 -2.07836 0
      vertex 5.1 -2.07836 2
    endloop
  endfacet
  facet normal 0.866026 -0.499999 0
    outer loop
      vertex 5.1 -2.07836 0
      vertex 4.35 -3.3774 2
      vertex 4.35 -3.3774 0
    endloop
  endfacet
  facet normal 0.866026 0.499999 0
    outer loop
      vertex 5.1 -4.67644 2
      vertex 4.35 -3.3774 0
      vertex 4.35 -3.3774 2
    endloop
  endfacet
  facet normal 0.866026 0.499999 0
    outer loop
      vertex 4.35 -3.3774 0
      vertex 5.1 -4.67644 2
      vertex 5.1 -4.67644 0
    endloop
  endfacet
  facet normal 0 1 -0
    outer loop
      vertex 8.55 -1.29904 0
      vertex 7.05 -1.29904 2
      vertex 8.55 -1.29904 2
    endloop
  endfacet
  facet normal 0 1 0
    outer loop
      vertex 7.05 -1.29904 2
      vertex 8.55 -1.29904 0
      vertex 7.05 -1.29904 0
    endloop
  endfacet
  facet normal -0.866026 0.499999 0
    outer loop
      vertex 8.55 -1.29904 0
      vertex 9.3 0 2
      vertex 9.3 0 0
    endloop
  endfacet
  facet normal -0.866026 0.499999 0
    outer loop
      vertex 9.3 0 2
      vertex 8.55 -1.29904 0
      vertex 8.55 -1.29904 2
    endloop
  endfacet
  facet normal 0 -1 0
    outer loop
      vertex 7.05 1.29904 0
      vertex 8.55 1.29904 2
      vertex 7.05 1.29904 2
    endloop
  endfacet
  facet normal 0 -1 -0
    outer loop
      vertex 8.55 1.29904 2
      vertex 7.05 1.29904 0
      vertex 8.55 1.29904 0
    endloop
  endfacet
  facet normal -0.866026 -0.499999 0
    outer loop
      vertex 9.3 0 0
      vertex 8.55 1.29904 2
      vertex 8.55 1.29904 0
    endloop
  endfacet
  facet normal -0.866026 -0.499999 0
    outer loop
      vertex 8.55 1.29904 2
      vertex 9.3 0 0
      vertex 9.3 0 2
    endloop
  endfacet
  facet normal 0.866026 -0.499999 0
    outer loop
      vertex 6.3 0 2
      vertex 7.05 1.29904 0
      vertex 7.05 1.29904 2
    endloop
  endfacet
  facet normal 0.866026 -0.499999 0
    outer loop
      vertex 7.05 1.29904 0
      vertex 6.3 0 2
      vertex 6.3 0 0
    endloop
  endfacet
  facet normal 0.866026 0.499999 0
    outer loop
      vertex 7.05 -1.29904 2
      vertex 6.3 0 0
      vertex 6.3 0 2
    endloop
  endfacet
  facet normal 0.866026 0.499999 0
    outer loop
      vertex 6.3 0 0
      vertex 7.05 -1.29904 2
      vertex 7.05 -1.29904 0
    endloop
  endfacet
  facet normal 0 1 -0
    outer loop
      vertex 10.5 2.07836 0
      vertex 9 2.07836 2
      vertex 10.5 2.07836 2
    endloop
  endfacet
  facet normal 0 1 0
    outer loop
      vertex 9 2.07836 2
      vertex 10.5 2.07836 0
      vertex 9 2.07836 0
    endloop
  endfacet
  facet normal -0.866026 0.499999 0
    outer loop
      vertex 10.5 2.07836 0
      vertex 11.25 3.3774 2
      vertex 11.25 3.3774 0
    endloop
  endfacet
  facet normal -0.866026 0.499999 0
    outer loop
      vertex 11.25 3.3774 2
      vertex 10.5 2.07836 0
      vertex 10.5 2.07836 2
    endloop
  endfacet
  facet normal 0 -1 0
    outer loop
      vertex 9 4.67644 0
      vertex 10.5 4.67644 2
      vertex 9 4.67644 2
    endloop
  endfacet
  facet normal 0 -1 -0
    outer loop
      vertex 10.5 4.67644 2
      vertex 9 4.67644 0
      vertex 10.5 4.67644 0
    endloop
  endfacet
  facet normal -0.866026 -0.499999 0
    outer loop
      vertex 11.25 3.3774 0
      vertex 10.5 4.67644 2
      vertex 10.5 4.67644 0
    endloop
  endfacet
  facet normal -0.866026 -0.499999 0
    outer loop
      vertex 10.5 4.67644 2
      vertex 11.25 3.3774 0
      vertex 11.25 3.3774 2
    endloop
  endfacet
  facet normal 0.866026 -0.499999 0
    outer loop
      vertex 8.25 3.3774 2
      vertex 9 4.67644 0
      vertex 9 4.67644 2
    endloop
  endfacet
  facet normal 0.866026 -0.499999 0
    outer loop
      vertex 9 4.67644 0
      vertex 8.25 3.3774 2
      vertex 8.25 3.3774 0
    endloop
  endfacet
  facet normal 0.866026 0.499999 0
    outer loop
      vertex 9 2.07836 2
      vertex 8.25 3.3774 0
      vertex 8.25 3.3774 2
    endloop
  endfacet
  facet normal 0.866026 0.499999 0
    outer loop
      vertex 8.25 3.3774 0
      vertex 9 2.07836 2
      vertex 9 2.07836 0
    endloop
  endfacet
  facet normal 0 -1 0
    outer loop
      vertex 7.05 8.05384 0
      vertex 8.55 8.05384 2
      vertex 7.05 8.05384 2
    endloop
  endfacet
  facet normal 0 -1 -0
    outer loop
      vertex 8.55 8.05384 2
      vertex 7.05 8.05384 0
      vertex 8.55 8.05384 0
    endloop
  endfacet
  facet normal -0.866026 -0.499999 0
    outer loop
      vertex 9.3 6.7548 0
      vertex 8.55 8.05384 2
      vertex 8.55 8.05384 0
    endloop
  endfacet
  facet normal -0.866026 -0.499999 0
    outer loop
      vertex 8.55 8.05384 2
      vertex 9.3 6.7548 0
      vertex 9.3 6.7548 2
    endloop
  endfacet
  facet normal 0.866026 -0.499999 0
    outer loop
      vertex 6.3 6.7548 2
      vertex 7.05 8.05384 0
      vertex 7.05 8.05384 2
    endloop
  endfacet
  facet normal 0.866026 -0.499999 0
    outer loop
      vertex 7.05 8.05384 0
      vertex 6.3 6.7548 2
      vertex 6.3 6.7548 0
    endloop
  endfacet
  facet normal 0.866026 0.499999 0
    outer loop
      vertex 7.05 5.45576 2
      vertex 6.3 6.7548 0
      vertex 6.3 6.7548 2
    endloop
  endfacet
  facet normal 0.866026 0.499999 0
    outer loop
      vertex 6.3 6.7548 0
      vertex 7.05 5.45576 2
      vertex 7.05 5.45576 0
    endloop
  endfacet
  facet normal 0 1 -0
    outer loop
      vertex 8.55 5.45576 0
      vertex 7.05 5.45576 2
      vertex 8.55 5.45576 2
    endloop
  endfacet
  facet normal 0 1 0
    outer loop
      vertex 7.05 5.45576 2
      vertex 8.55 5.45576 0
      vertex 7.05 5.45576 0
    endloop
  endfacet
  facet normal -0.866026 0.499999 0
    outer loop
      vertex 8.55 5.45576 0
      vertex 9.3 6.7548 2
      vertex 9.3 6.7548 0
    endloop
  endfacet
  facet normal -0.866026 0.499999 0
    outer loop
      vertex 9.3 6.7548 2
      vertex 8.55 5.45576 0
      vertex 8.55 5.45576 2
    endloop
  endfacet
  facet normal 0 1 -0
    outer loop
      vertex 10.5 8.83316 0
      vertex 9 8.83316 2
      vertex 10.5 8.83316 2
    endloop
  endfacet
  facet normal 0 1 0
    outer loop
      vertex 9 8.83316 2
      vertex 10.5 8.83316 0
      vertex 9 8.83316 0
    endloop
  endfacet
  facet normal -0.866026 0.499999 0
    outer loop
      vertex 10.5 8.83316 0
      vertex 11.25 10.1322 2
      vertex 11.25 10.1322 0
    endloop
  endfacet
  facet normal -0.866026 0.499999 0
    outer loop
      vertex 11.25 10.1322 2
      vertex 10.5 8.83316 0
      vertex 10.5 8.83316 2
    endloop
  endfacet
  facet normal 0 -1 0
    outer loop
      vertex 9 11.4312 0
      vertex 10.5 11.4312 2
      vertex 9 11.4312 2
    endloop
  endfacet
  facet normal 0 -1 -0
    outer loop
      vertex 10.5 11.4312 2
      vertex 9 11.4312 0
      vertex 10.5 11.4312 0
    endloop
  endfacet
  facet normal -0.866019 -0.500011 0
    outer loop
      vertex 11.25 10.1322 0
      vertex 10.5 11.4312 2
      vertex 10.5 11.4312 0
    endloop
  endfacet
  facet normal -0.866019 -0.500011 0
    outer loop
      vertex 10.5 11.4312 2
      vertex 11.25 10.1322 0
      vertex 11.25 10.1322 2
    endloop
  endfacet
  facet normal 0.866019 -0.500011 0
    outer loop
      vertex 8.25 10.1322 2
      vertex 9 11.4312 0
      vertex 9 11.4312 2
    endloop
  endfacet
  facet normal 0.866019 -0.500011 0
    outer loop
      vertex 9 11.4312 0
      vertex 8.25 10.1322 2
      vertex 8.25 10.1322 0
    endloop
  endfacet
  facet normal 0.866026 0.499999 0
    outer loop
      vertex 9 8.83316 2
      vertex 8.25 10.1322 0
      vertex 8.25 10.1322 2
    endloop
  endfacet
  facet normal 0.866026 0.499999 0
    outer loop
      vertex 8.25 10.1322 0
      vertex 9 8.83316 2
      vertex 9 8.83316 0
    endloop
  endfacet
  facet normal 0 1 -0
    outer loop
      vertex 8.55 12.2106 0
      vertex 7.05 12.2106 2
      vertex 8.55 12.2106 2
    endloop
  endfacet
  facet normal 0 1 0
    outer loop
      vertex 7.05 12.2106 2
      vertex 8.55 12.2106 0
      vertex 7.05 12.2106 0
    endloop
  endfacet
  facet normal -0.866019 0.500011 0
    outer loop
      vertex 8.55 12.2106 0
      vertex 9.3 13.5096 2
      vertex 9.3 13.5096 0
    endloop
  endfacet
  facet normal -0.866019 0.500011 0
    outer loop
      vertex 9.3 13.5096 2
      vertex 8.55 12.2106 0
      vertex 8.55 12.2106 2
    endloop
  endfacet
  facet normal 0 -1 0
    outer loop
      vertex 7.05 14.8086 0
      vertex 8.55 14.8086 2
      vertex 7.05 14.8086 2
    endloop
  endfacet
  facet normal 0 -1 -0
    outer loop
      vertex 8.55 14.8086 2
      vertex 7.05 14.8086 0
      vertex 8.55 14.8086 0
    endloop
  endfacet
  facet normal -0.866019 -0.500011 0
    outer loop
      vertex 9.3 13.5096 0
      vertex 8.55 14.8086 2
      vertex 8.55 14.8086 0
    endloop
  endfacet
  facet normal -0.866019 -0.500011 0
    outer loop
      vertex 8.55 14.8086 2
      vertex 9.3 13.5096 0
      vertex 9.3 13.5096 2
    endloop
  endfacet
  facet normal 0.866019 -0.500011 0
    outer loop
      vertex 6.3 13.5096 2
      vertex 7.05 14.8086 0
      vertex 7.05 14.8086 2
    endloop
  endfacet
  facet normal 0.866019 -0.500011 0
    outer loop
      vertex 7.05 14.8086 0
      vertex 6.3 13.5096 2
      vertex 6.3 13.5096 0
    endloop
  endfacet
  facet normal 0.866019 0.500011 0
    outer loop
      vertex 7.05 12.2106 2
      vertex 6.3 13.5096 0
      vertex 6.3 13.5096 2
    endloop
  endfacet
  facet normal 0.866019 0.500011 0
    outer loop
      vertex 6.3 13.5096 0
      vertex 7.05 12.2106 2
      vertex 7.05 12.2106 0
    endloop
  endfacet
  facet normal 0 1 -0
    outer loop
      vertex 10.5 15.588 0
      vertex 9 15.588 2
      vertex 10.5 15.588 2
    endloop
  endfacet
  facet normal 0 1 0
    outer loop
      vertex 9 15.588 2
      vertex 10.5 15.588 0
      vertex 9 15.588 0
    endloop
  endfacet
  facet normal -0.866019 0.500011 0
    outer loop
      vertex 10.5 15.588 0
      vertex 11.25 16.887 2
      vertex 11.25 16.887 0
    endloop
  endfacet
  facet normal -0.866019 0.500011 0
    outer loop
      vertex 11.25 16.887 2
      vertex 10.5 15.588 0
      vertex 10.5 15.588 2
    endloop
  endfacet
  facet normal 0 -1 0
    outer loop
      vertex 9 18.186 0
      vertex 10.5 18.186 2
      vertex 9 18.186 2
    endloop
  endfacet
  facet normal 0 -1 -0
    outer loop
      vertex 10.5 18.186 2
      vertex 9 18.186 0
      vertex 10.5 18.186 0
    endloop
  endfacet
  facet normal -0.866019 -0.500011 0
    outer loop
      vertex 11.25 16.887 0
      vertex 10.5 18.186 2
      vertex 10.5 18.186 0
    endloop
  endfacet
  facet normal -0.866019 -0.500011 0
    outer loop
      vertex 10.5 18.186 2
      vertex 11.25 16.887 0
      vertex 11.25 16.887 2
    endloop
  endfacet
  facet normal 0.866019 -0.500011 0
    outer loop
      vertex 8.25 16.887 2
      vertex 9 18.186 0
      vertex 9 18.186 2
    endloop
  endfacet
  facet normal 0.866019 -0.500011 0
    outer loop
      vertex 9 18.186 0
      vertex 8.25 16.887 2
      vertex 8.25 16.887 0
    endloop
  endfacet
  facet normal 0.866019 0.500011 0
    outer loop
      vertex 9 15.588 2
      vertex 8.25 16.887 0
      vertex 8.25 16.887 2
    endloop
  endfacet
  facet normal 0.866019 0.500011 0
    outer loop
      vertex 8.25 16.887 0
      vertex 9 15.588 2
      vertex 9 15.588 0
    endloop
  endfacet
  facet normal 0 1 -0
    outer loop
      vertex 10.5 -18.186 0
      vertex 9 -18.186 2
      vertex 10.5 -18.186 2
    endloop
  endfacet
  facet normal 0 1 0
    outer loop
      vertex 9 -18.186 2
      vertex 10.5 -18.186 0
      vertex 9 -18.186 0
    endloop
  endfacet
  facet normal 0 -1 0
    outer loop
      vertex 9 -15.588 0
      vertex 10.5 -15.588 2
      vertex 9 -15.588 2
    endloop
  endfacet
  facet normal 0 -1 -0
    outer loop
      vertex 10.5 -15.588 2
      vertex 9 -15.588 0
      vertex 10.5 -15.588 0
    endloop
  endfacet
  facet normal -0.866019 -0.500011 0
    outer loop
      vertex 11.25 -16.887 0
      vertex 10.5 -15.588 2
      vertex 10.5 -15.588 0
    endloop
  endfacet
  facet normal -0.866019 -0.500011 0
    outer loop
      vertex 10.5 -15.588 2
      vertex 11.25 -16.887 0
      vertex 11.25 -16.887 2
    endloop
  endfacet
  facet normal 0.866019 -0.500011 0
    outer loop
      vertex 8.25 -16.887 2
      vertex 9 -15.588 0
      vertex 9 -15.588 2
    endloop
  endfacet
  facet normal 0.866019 -0.500011 0
    outer loop
      vertex 9 -15.588 0
      vertex 8.25 -16.887 2
      vertex 8.25 -16.887 0
    endloop
  endfacet
  facet normal 0.866019 0.500011 0
    outer loop
      vertex 9 -18.186 2
      vertex 8.25 -16.887 0
      vertex 8.25 -16.887 2
    endloop
  endfacet
  facet normal 0.866019 0.500011 0
    outer loop
      vertex 8.25 -16.887 0
      vertex 9 -18.186 2
      vertex 9 -18.186 0
    endloop
  endfacet
  facet normal -0.866019 0.500011 0
    outer loop
      vertex 10.5 -18.186 0
      vertex 11.25 -16.887 2
      vertex 11.25 -16.887 0
    endloop
  endfacet
  facet normal -0.866019 0.500011 0
    outer loop
      vertex 11.25 -16.887 2
      vertex 10.5 -18.186 0
      vertex 10.5 -18.186 2
    endloop
  endfacet
  facet normal 0 1 -0
    outer loop
      vertex 12.45 -14.8086 0
      vertex 10.95 -14.8086 2
      vertex 12.45 -14.8086 2
    endloop
  endfacet
  facet normal 0 1 0
    outer loop
      vertex 10.95 -14.8086 2
      vertex 12.45 -14.8086 0
      vertex 10.95 -14.8086 0
    endloop
  endfacet
  facet normal -0.866019 0.500011 0
    outer loop
      vertex 12.45 -14.8086 0
      vertex 13.2 -13.5096 2
      vertex 13.2 -13.5096 0
    endloop
  endfacet
  facet normal -0.866019 0.500011 0
    outer loop
      vertex 13.2 -13.5096 2
      vertex 12.45 -14.8086 0
      vertex 12.45 -14.8086 2
    endloop
  endfacet
  facet normal 0 -1 0
    outer loop
      vertex 10.95 -12.2106 0
      vertex 12.45 -12.2106 2
      vertex 10.95 -12.2106 2
    endloop
  endfacet
  facet normal 0 -1 -0
    outer loop
      vertex 12.45 -12.2106 2
      vertex 10.95 -12.2106 0
      vertex 12.45 -12.2106 0
    endloop
  endfacet
  facet normal -0.866019 -0.500011 0
    outer loop
      vertex 13.2 -13.5096 0
      vertex 12.45 -12.2106 2
      vertex 12.45 -12.2106 0
    endloop
  endfacet
  facet normal -0.866019 -0.500011 0
    outer loop
      vertex 12.45 -12.2106 2
      vertex 13.2 -13.5096 0
      vertex 13.2 -13.5096 2
    endloop
  endfacet
  facet normal 0.866019 -0.500011 0
    outer loop
      vertex 10.2 -13.5096 2
      vertex 10.95 -12.2106 0
      vertex 10.95 -12.2106 2
    endloop
  endfacet
  facet normal 0.866019 -0.500011 0
    outer loop
      vertex 10.95 -12.2106 0
      vertex 10.2 -13.5096 2
      vertex 10.2 -13.5096 0
    endloop
  endfacet
  facet normal 0.866019 0.500011 0
    outer loop
      vertex 10.95 -14.8086 2
      vertex 10.2 -13.5096 0
      vertex 10.2 -13.5096 2
    endloop
  endfacet
  facet normal 0.866019 0.500011 0
    outer loop
      vertex 10.2 -13.5096 0
      vertex 10.95 -14.8086 2
      vertex 10.95 -14.8086 0
    endloop
  endfacet
  facet normal 0 1 -0
    outer loop
      vertex 10.5 -11.4312 0
      vertex 9 -11.4312 2
      vertex 10.5 -11.4312 2
    endloop
  endfacet
  facet normal 0 1 0
    outer loop
      vertex 9 -11.4312 2
      vertex 10.5 -11.4312 0
      vertex 9 -11.4312 0
    endloop
  endfacet
  facet normal -0.866019 0.500011 0
    outer loop
      vertex 10.5 -11.4312 0
      vertex 11.25 -10.1322 2
      vertex 11.25 -10.1322 0
    endloop
  endfacet
  facet normal -0.866019 0.500011 0
    outer loop
      vertex 11.25 -10.1322 2
      vertex 10.5 -11.4312 0
      vertex 10.5 -11.4312 2
    endloop
  endfacet
  facet normal 0 -1 0
    outer loop
      vertex 9 -8.83316 0
      vertex 10.5 -8.83316 2
      vertex 9 -8.83316 2
    endloop
  endfacet
  facet normal 0 -1 -0
    outer loop
      vertex 10.5 -8.83316 2
      vertex 9 -8.83316 0
      vertex 10.5 -8.83316 0
    endloop
  endfacet
  facet normal -0.866026 -0.499999 0
    outer loop
      vertex 11.25 -10.1322 0
      vertex 10.5 -8.83316 2
      vertex 10.5 -8.83316 0
    endloop
  endfacet
  facet normal -0.866026 -0.499999 0
    outer loop
      vertex 10.5 -8.83316 2
      vertex 11.25 -10.1322 0
      vertex 11.25 -10.1322 2
    endloop
  endfacet
  facet normal 0.866026 -0.499999 0
    outer loop
      vertex 8.25 -10.1322 2
      vertex 9 -8.83316 0
      vertex 9 -8.83316 2
    endloop
  endfacet
  facet normal 0.866026 -0.499999 0
    outer loop
      vertex 9 -8.83316 0
      vertex 8.25 -10.1322 2
      vertex 8.25 -10.1322 0
    endloop
  endfacet
  facet normal 0.866019 0.500011 0
    outer loop
      vertex 9 -11.4312 2
      vertex 8.25 -10.1322 0
      vertex 8.25 -10.1322 2
    endloop
  endfacet
  facet normal 0.866019 0.500011 0
    outer loop
      vertex 8.25 -10.1322 0
      vertex 9 -11.4312 2
      vertex 9 -11.4312 0
    endloop
  endfacet
  facet normal 0 1 -0
    outer loop
      vertex 12.45 -8.05384 0
      vertex 10.95 -8.05384 2
      vertex 12.45 -8.05384 2
    endloop
  endfacet
  facet normal 0 1 0
    outer loop
      vertex 10.95 -8.05384 2
      vertex 12.45 -8.05384 0
      vertex 10.95 -8.05384 0
    endloop
  endfacet
  facet normal -0.866026 0.499999 0
    outer loop
      vertex 12.45 -8.05384 0
      vertex 13.2 -6.7548 2
      vertex 13.2 -6.7548 0
    endloop
  endfacet
  facet normal -0.866026 0.499999 0
    outer loop
      vertex 13.2 -6.7548 2
      vertex 12.45 -8.05384 0
      vertex 12.45 -8.05384 2
    endloop
  endfacet
  facet normal 0 -1 0
    outer loop
      vertex 10.95 -5.45576 0
      vertex 12.45 -5.45576 2
      vertex 10.95 -5.45576 2
    endloop
  endfacet
  facet normal 0 -1 -0
    outer loop
      vertex 12.45 -5.45576 2
      vertex 10.95 -5.45576 0
      vertex 12.45 -5.45576 0
    endloop
  endfacet
  facet normal -0.866026 -0.499999 0
    outer loop
      vertex 13.2 -6.7548 0
      vertex 12.45 -5.45576 2
      vertex 12.45 -5.45576 0
    endloop
  endfacet
  facet normal -0.866026 -0.499999 0
    outer loop
      vertex 12.45 -5.45576 2
      vertex 13.2 -6.7548 0
      vertex 13.2 -6.7548 2
    endloop
  endfacet
  facet normal 0.866026 -0.499999 0
    outer loop
      vertex 10.2 -6.7548 2
      vertex 10.95 -5.45576 0
      vertex 10.95 -5.45576 2
    endloop
  endfacet
  facet normal 0.866026 -0.499999 0
    outer loop
      vertex 10.95 -5.45576 0
      vertex 10.2 -6.7548 2
      vertex 10.2 -6.7548 0
    endloop
  endfacet
  facet normal 0.866026 0.499999 0
    outer loop
      vertex 10.95 -8.05384 2
      vertex 10.2 -6.7548 0
      vertex 10.2 -6.7548 2
    endloop
  endfacet
  facet normal 0.866026 0.499999 0
    outer loop
      vertex 10.2 -6.7548 0
      vertex 10.95 -8.05384 2
      vertex 10.95 -8.05384 0
    endloop
  endfacet
  facet normal 0 1 -0
    outer loop
      vertex 10.5 -4.67644 0
      vertex 9 -4.67644 2
      vertex 10.5 -4.67644 2
    endloop
  endfacet
  facet normal 0 1 0
    outer loop
      vertex 9 -4.67644 2
      vertex 10.5 -4.67644 0
      vertex 9 -4.67644 0
    endloop
  endfacet
  facet normal -0.866026 0.499999 0
    outer loop
      vertex 10.5 -4.67644 0
      vertex 11.25 -3.3774 2
      vertex 11.25 -3.3774 0
    endloop
  endfacet
  facet normal -0.866026 0.499999 0
    outer loop
      vertex 11.25 -3.3774 2
      vertex 10.5 -4.67644 0
      vertex 10.5 -4.67644 2
    endloop
  endfacet
  facet normal 0 -1 0
    outer loop
      vertex 9 -2.07836 0
      vertex 10.5 -2.07836 2
      vertex 9 -2.07836 2
    endloop
  endfacet
  facet normal 0 -1 -0
    outer loop
      vertex 10.5 -2.07836 2
      vertex 9 -2.07836 0
      vertex 10.5 -2.07836 0
    endloop
  endfacet
  facet normal -0.866026 -0.499999 0
    outer loop
      vertex 11.25 -3.3774 0
      vertex 10.5 -2.07836 2
      vertex 10.5 -2.07836 0
    endloop
  endfacet
  facet normal -0.866026 -0.499999 0
    outer loop
      vertex 10.5 -2.07836 2
      vertex 11.25 -3.3774 0
      vertex 11.25 -3.3774 2
    endloop
  endfacet
  facet normal 0.866026 -0.499999 0
    outer loop
      vertex 8.25 -3.3774 2
      vertex 9 -2.07836 0
      vertex 9 -2.07836 2
    endloop
  endfacet
  facet normal 0.866026 -0.499999 0
    outer loop
      vertex 9 -2.07836 0
      vertex 8.25 -3.3774 2
      vertex 8.25 -3.3774 0
    endloop
  endfacet
  facet normal 0.866026 0.499999 0
    outer loop
      vertex 9 -4.67644 2
      vertex 8.25 -3.3774 0
      vertex 8.25 -3.3774 2
    endloop
  endfacet
  facet normal 0.866026 0.499999 0
    outer loop
      vertex 8.25 -3.3774 0
      vertex 9 -4.67644 2
      vertex 9 -4.67644 0
    endloop
  endfacet
  facet normal 0 1 -0
    outer loop
      vertex 12.45 -1.29904 0
      vertex 10.95 -1.29904 2
      vertex 12.45 -1.29904 2
    endloop
  endfacet
  facet normal 0 1 0
    outer loop
      vertex 10.95 -1.29904 2
      vertex 12.45 -1.29904 0
      vertex 10.95 -1.29904 0
    endloop
  endfacet
  facet normal -0.866026 0.499999 0
    outer loop
      vertex 12.45 -1.29904 0
      vertex 13.2 0 2
      vertex 13.2 0 0
    endloop
  endfacet
  facet normal -0.866026 0.499999 0
    outer loop
      vertex 13.2 0 2
      vertex 12.45 -1.29904 0
      vertex 12.45 -1.29904 2
    endloop
  endfacet
  facet normal 0 -1 0
    outer loop
      vertex 10.95 1.29904 0
      vertex 12.45 1.29904 2
      vertex 10.95 1.29904 2
    endloop
  endfacet
  facet normal 0 -1 -0
    outer loop
      vertex 12.45 1.29904 2
      vertex 10.95 1.29904 0
      vertex 12.45 1.29904 0
    endloop
  endfacet
  facet normal -0.866026 -0.499999 0
    outer loop
      vertex 13.2 0 0
      vertex 12.45 1.29904 2
      vertex 12.45 1.29904 0
    endloop
  endfacet
  facet normal -0.866026 -0.499999 0
    outer loop
      vertex 12.45 1.29904 2
      vertex 13.2 0 0
      vertex 13.2 0 2
    endloop
  endfacet
  facet normal 0.866026 -0.499999 0
    outer loop
      vertex 10.2 0 2
      vertex 10.95 1.29904 0
      vertex 10.95 1.29904 2
    endloop
  endfacet
  facet normal 0.866026 -0.499999 0
    outer loop
      vertex 10.95 1.29904 0
      vertex 10.2 0 2
      vertex 10.2 0 0
    endloop
  endfacet
  facet normal 0.866026 0.499999 0
    outer loop
      vertex 10.95 -1.29904 2
      vertex 10.2 0 0
      vertex 10.2 0 2
    endloop
  endfacet
  facet normal 0.866026 0.499999 0
    outer loop
      vertex 10.2 0 0
      vertex 10.95 -1.29904 2
      vertex 10.95 -1.29904 0
    endloop
  endfacet
  facet normal 0 1 -0
    outer loop
      vertex 14.4 2.07836 0
      vertex 12.9 2.07836 2
      vertex 14.4 2.07836 2
    endloop
  endfacet
  facet normal 0 1 0
    outer loop
      vertex 12.9 2.07836 2
      vertex 14.4 2.07836 0
      vertex 12.9 2.07836 0
    endloop
  endfacet
  facet normal -0.866026 0.499999 0
    outer loop
      vertex 14.4 2.07836 0
      vertex 15.15 3.3774 2
      vertex 15.15 3.3774 0
    endloop
  endfacet
  facet normal -0.866026 0.499999 0
    outer loop
      vertex 15.15 3.3774 2
      vertex 14.4 2.07836 0
      vertex 14.4 2.07836 2
    endloop
  endfacet
  facet normal 0 -1 0
    outer loop
      vertex 12.9 4.67644 0
      vertex 14.4 4.67644 2
      vertex 12.9 4.67644 2
    endloop
  endfacet
  facet normal 0 -1 -0
    outer loop
      vertex 14.4 4.67644 2
      vertex 12.9 4.67644 0
      vertex 14.4 4.67644 0
    endloop
  endfacet
  facet normal -0.866026 -0.499999 0
    outer loop
      vertex 15.15 3.3774 0
      vertex 14.4 4.67644 2
      vertex 14.4 4.67644 0
    endloop
  endfacet
  facet normal -0.866026 -0.499999 0
    outer loop
      vertex 14.4 4.67644 2
      vertex 15.15 3.3774 0
      vertex 15.15 3.3774 2
    endloop
  endfacet
  facet normal 0.866026 -0.499999 0
    outer loop
      vertex 12.15 3.3774 2
      vertex 12.9 4.67644 0
      vertex 12.9 4.67644 2
    endloop
  endfacet
  facet normal 0.866026 -0.499999 0
    outer loop
      vertex 12.9 4.67644 0
      vertex 12.15 3.3774 2
      vertex 12.15 3.3774 0
    endloop
  endfacet
  facet normal 0.866026 0.499999 0
    outer loop
      vertex 12.9 2.07836 2
      vertex 12.15 3.3774 0
      vertex 12.15 3.3774 2
    endloop
  endfacet
  facet normal 0.866026 0.499999 0
    outer loop
      vertex 12.15 3.3774 0
      vertex 12.9 2.07836 2
      vertex 12.9 2.07836 0
    endloop
  endfacet
  facet normal 0 1 -0
    outer loop
      vertex 12.45 5.45576 0
      vertex 10.95 5.45576 2
      vertex 12.45 5.45576 2
    endloop
  endfacet
  facet normal 0 1 0
    outer loop
      vertex 10.95 5.45576 2
      vertex 12.45 5.45576 0
      vertex 10.95 5.45576 0
    endloop
  endfacet
  facet normal 0 -1 0
    outer loop
      vertex 10.95 8.05384 0
      vertex 12.45 8.05384 2
      vertex 10.95 8.05384 2
    endloop
  endfacet
  facet normal 0 -1 -0
    outer loop
      vertex 12.45 8.05384 2
      vertex 10.95 8.05384 0
      vertex 12.45 8.05384 0
    endloop
  endfacet
  facet normal -0.866026 -0.499999 0
    outer loop
      vertex 13.2 6.7548 0
      vertex 12.45 8.05384 2
      vertex 12.45 8.05384 0
    endloop
  endfacet
  facet normal -0.866026 -0.499999 0
    outer loop
      vertex 12.45 8.05384 2
      vertex 13.2 6.7548 0
      vertex 13.2 6.7548 2
    endloop
  endfacet
  facet normal 0.866026 -0.499999 0
    outer loop
      vertex 10.2 6.7548 2
      vertex 10.95 8.05384 0
      vertex 10.95 8.05384 2
    endloop
  endfacet
  facet normal 0.866026 -0.499999 0
    outer loop
      vertex 10.95 8.05384 0
      vertex 10.2 6.7548 2
      vertex 10.2 6.7548 0
    endloop
  endfacet
  facet normal 0.866026 0.499999 0
    outer loop
      vertex 10.95 5.45576 2
      vertex 10.2 6.7548 0
      vertex 10.2 6.7548 2
    endloop
  endfacet
  facet normal 0.866026 0.499999 0
    outer loop
      vertex 10.2 6.7548 0
      vertex 10.95 5.45576 2
      vertex 10.95 5.45576 0
    endloop
  endfacet
  facet normal -0.866026 0.499999 0
    outer loop
      vertex 12.45 5.45576 0
      vertex 13.2 6.7548 2
      vertex 13.2 6.7548 0
    endloop
  endfacet
  facet normal -0.866026 0.499999 0
    outer loop
      vertex 13.2 6.7548 2
      vertex 12.45 5.45576 0
      vertex 12.45 5.45576 2
    endloop
  endfacet
  facet normal 0 1 -0
    outer loop
      vertex 14.4 8.83316 0
      vertex 12.9 8.83316 2
      vertex 14.4 8.83316 2
    endloop
  endfacet
  facet normal 0 1 0
    outer loop
      vertex 12.9 8.83316 2
      vertex 14.4 8.83316 0
      vertex 12.9 8.83316 0
    endloop
  endfacet
  facet normal -0.866026 0.499999 0
    outer loop
      vertex 14.4 8.83316 0
      vertex 15.15 10.1322 2
      vertex 15.15 10.1322 0
    endloop
  endfacet
  facet normal -0.866026 0.499999 0
    outer loop
      vertex 15.15 10.1322 2
      vertex 14.4 8.83316 0
      vertex 14.4 8.83316 2
    endloop
  endfacet
  facet normal 0 -1 0
    outer loop
      vertex 12.9 11.4312 0
      vertex 14.4 11.4312 2
      vertex 12.9 11.4312 2
    endloop
  endfacet
  facet normal 0 -1 -0
    outer loop
      vertex 14.4 11.4312 2
      vertex 12.9 11.4312 0
      vertex 14.4 11.4312 0
    endloop
  endfacet
  facet normal -0.866019 -0.500011 0
    outer loop
      vertex 15.15 10.1322 0
      vertex 14.4 11.4312 2
      vertex 14.4 11.4312 0
    endloop
  endfacet
  facet normal -0.866019 -0.500011 0
    outer loop
      vertex 14.4 11.4312 2
      vertex 15.15 10.1322 0
      vertex 15.15 10.1322 2
    endloop
  endfacet
  facet normal 0.866019 -0.500011 0
    outer loop
      vertex 12.15 10.1322 2
      vertex 12.9 11.4312 0
      vertex 12.9 11.4312 2
    endloop
  endfacet
  facet normal 0.866019 -0.500011 0
    outer loop
      vertex 12.9 11.4312 0
      vertex 12.15 10.1322 2
      vertex 12.15 10.1322 0
    endloop
  endfacet
  facet normal 0.866026 0.499999 0
    outer loop
      vertex 12.9 8.83316 2
      vertex 12.15 10.1322 0
      vertex 12.15 10.1322 2
    endloop
  endfacet
  facet normal 0.866026 0.499999 0
    outer loop
      vertex 12.15 10.1322 0
      vertex 12.9 8.83316 2
      vertex 12.9 8.83316 0
    endloop
  endfacet
  facet normal 0 1 -0
    outer loop
      vertex 12.45 12.2106 0
      vertex 10.95 12.2106 2
      vertex 12.45 12.2106 2
    endloop
  endfacet
  facet normal 0 1 0
    outer loop
      vertex 10.95 12.2106 2
      vertex 12.45 12.2106 0
      vertex 10.95 12.2106 0
    endloop
  endfacet
  facet normal -0.866019 0.500011 0
    outer loop
      vertex 12.45 12.2106 0
      vertex 13.2 13.5096 2
      vertex 13.2 13.5096 0
    endloop
  endfacet
  facet normal -0.866019 0.500011 0
    outer loop
      vertex 13.2 13.5096 2
      vertex 12.45 12.2106 0
      vertex 12.45 12.2106 2
    endloop
  endfacet
  facet normal 0 -1 0
    outer loop
      vertex 10.95 14.8086 0
      vertex 12.45 14.8086 2
      vertex 10.95 14.8086 2
    endloop
  endfacet
  facet normal 0 -1 -0
    outer loop
      vertex 12.45 14.8086 2
      vertex 10.95 14.8086 0
      vertex 12.45 14.8086 0
    endloop
  endfacet
  facet normal -0.866019 -0.500011 0
    outer loop
      vertex 13.2 13.5096 0
      vertex 12.45 14.8086 2
      vertex 12.45 14.8086 0
    endloop
  endfacet
  facet normal -0.866019 -0.500011 0
    outer loop
      vertex 12.45 14.8086 2
      vertex 13.2 13.5096 0
      vertex 13.2 13.5096 2
    endloop
  endfacet
  facet normal 0.866019 -0.500011 0
    outer loop
      vertex 10.2 13.5096 2
      vertex 10.95 14.8086 0
      vertex 10.95 14.8086 2
    endloop
  endfacet
  facet normal 0.866019 -0.500011 0
    outer loop
      vertex 10.95 14.8086 0
      vertex 10.2 13.5096 2
      vertex 10.2 13.5096 0
    endloop
  endfacet
  facet normal 0.866019 0.500011 0
    outer loop
      vertex 10.95 12.2106 2
      vertex 10.2 13.5096 0
      vertex 10.2 13.5096 2
    endloop
  endfacet
  facet normal 0.866019 0.500011 0
    outer loop
      vertex 10.2 13.5096 0
      vertex 10.95 12.2106 2
      vertex 10.95 12.2106 0
    endloop
  endfacet
  facet normal 0 1 -0
    outer loop
      vertex 14.4 -11.4312 0
      vertex 12.9 -11.4312 2
      vertex 14.4 -11.4312 2
    endloop
  endfacet
  facet normal 0 1 0
    outer loop
      vertex 12.9 -11.4312 2
      vertex 14.4 -11.4312 0
      vertex 12.9 -11.4312 0
    endloop
  endfacet
  facet normal -0.866019 0.500011 0
    outer loop
      vertex 14.4 -11.4312 0
      vertex 15.15 -10.1322 2
      vertex 15.15 -10.1322 0
    endloop
  endfacet
  facet normal -0.866019 0.500011 0
    outer loop
      vertex 15.15 -10.1322 2
      vertex 14.4 -11.4312 0
      vertex 14.4 -11.4312 2
    endloop
  endfacet
  facet normal 0 -1 0
    outer loop
      vertex 12.9 -8.83316 0
      vertex 14.4 -8.83316 2
      vertex 12.9 -8.83316 2
    endloop
  endfacet
  facet normal 0 -1 -0
    outer loop
      vertex 14.4 -8.83316 2
      vertex 12.9 -8.83316 0
      vertex 14.4 -8.83316 0
    endloop
  endfacet
  facet normal -0.866026 -0.499999 0
    outer loop
      vertex 15.15 -10.1322 0
      vertex 14.4 -8.83316 2
      vertex 14.4 -8.83316 0
    endloop
  endfacet
  facet normal -0.866026 -0.499999 0
    outer loop
      vertex 14.4 -8.83316 2
      vertex 15.15 -10.1322 0
      vertex 15.15 -10.1322 2
    endloop
  endfacet
  facet normal 0.866026 -0.499999 0
    outer loop
      vertex 12.15 -10.1322 2
      vertex 12.9 -8.83316 0
      vertex 12.9 -8.83316 2
    endloop
  endfacet
  facet normal 0.866026 -0.499999 0
    outer loop
      vertex 12.9 -8.83316 0
      vertex 12.15 -10.1322 2
      vertex 12.15 -10.1322 0
    endloop
  endfacet
  facet normal 0.866019 0.500011 0
    outer loop
      vertex 12.9 -11.4312 2
      vertex 12.15 -10.1322 0
      vertex 12.15 -10.1322 2
    endloop
  endfacet
  facet normal 0.866019 0.500011 0
    outer loop
      vertex 12.15 -10.1322 0
      vertex 12.9 -11.4312 2
      vertex 12.9 -11.4312 0
    endloop
  endfacet
  facet normal 0 1 -0
    outer loop
      vertex 16.35 -8.05384 0
      vertex 14.85 -8.05384 2
      vertex 16.35 -8.05384 2
    endloop
  endfacet
  facet normal 0 1 0
    outer loop
      vertex 14.85 -8.05384 2
      vertex 16.35 -8.05384 0
      vertex 14.85 -8.05384 0
    endloop
  endfacet
  facet normal -0.866026 0.499999 0
    outer loop
      vertex 16.35 -8.05384 0
      vertex 17.1 -6.7548 2
      vertex 17.1 -6.7548 0
    endloop
  endfacet
  facet normal -0.866026 0.499999 0
    outer loop
      vertex 17.1 -6.7548 2
      vertex 16.35 -8.05384 0
      vertex 16.35 -8.05384 2
    endloop
  endfacet
  facet normal 0 -1 0
    outer loop
      vertex 14.85 -5.45576 0
      vertex 16.35 -5.45576 2
      vertex 14.85 -5.45576 2
    endloop
  endfacet
  facet normal 0 -1 -0
    outer loop
      vertex 16.35 -5.45576 2
      vertex 14.85 -5.45576 0
      vertex 16.35 -5.45576 0
    endloop
  endfacet
  facet normal -0.866026 -0.499999 0
    outer loop
      vertex 17.1 -6.7548 0
      vertex 16.35 -5.45576 2
      vertex 16.35 -5.45576 0
    endloop
  endfacet
  facet normal -0.866026 -0.499999 0
    outer loop
      vertex 16.35 -5.45576 2
      vertex 17.1 -6.7548 0
      vertex 17.1 -6.7548 2
    endloop
  endfacet
  facet normal 0.866026 -0.499999 0
    outer loop
      vertex 14.1 -6.7548 2
      vertex 14.85 -5.45576 0
      vertex 14.85 -5.45576 2
    endloop
  endfacet
  facet normal 0.866026 -0.499999 0
    outer loop
      vertex 14.85 -5.45576 0
      vertex 14.1 -6.7548 2
      vertex 14.1 -6.7548 0
    endloop
  endfacet
  facet normal 0.866026 0.499999 0
    outer loop
      vertex 14.85 -8.05384 2
      vertex 14.1 -6.7548 0
      vertex 14.1 -6.7548 2
    endloop
  endfacet
  facet normal 0.866026 0.499999 0
    outer loop
      vertex 14.1 -6.7548 0
      vertex 14.85 -8.05384 2
      vertex 14.85 -8.05384 0
    endloop
  endfacet
  facet normal 0 1 -0
    outer loop
      vertex 14.4 -4.67644 0
      vertex 12.9 -4.67644 2
      vertex 14.4 -4.67644 2
    endloop
  endfacet
  facet normal 0 1 0
    outer loop
      vertex 12.9 -4.67644 2
      vertex 14.4 -4.67644 0
      vertex 12.9 -4.67644 0
    endloop
  endfacet
  facet normal -0.866026 0.499999 0
    outer loop
      vertex 14.4 -4.67644 0
      vertex 15.15 -3.3774 2
      vertex 15.15 -3.3774 0
    endloop
  endfacet
  facet normal -0.866026 0.499999 0
    outer loop
      vertex 15.15 -3.3774 2
      vertex 14.4 -4.67644 0
      vertex 14.4 -4.67644 2
    endloop
  endfacet
  facet normal 0 -1 0
    outer loop
      vertex 12.9 -2.07836 0
      vertex 14.4 -2.07836 2
      vertex 12.9 -2.07836 2
    endloop
  endfacet
  facet normal 0 -1 -0
    outer loop
      vertex 14.4 -2.07836 2
      vertex 12.9 -2.07836 0
      vertex 14.4 -2.07836 0
    endloop
  endfacet
  facet normal -0.866026 -0.499999 0
    outer loop
      vertex 15.15 -3.3774 0
      vertex 14.4 -2.07836 2
      vertex 14.4 -2.07836 0
    endloop
  endfacet
  facet normal -0.866026 -0.499999 0
    outer loop
      vertex 14.4 -2.07836 2
      vertex 15.15 -3.3774 0
      vertex 15.15 -3.3774 2
    endloop
  endfacet
  facet normal 0.866026 -0.499999 0
    outer loop
      vertex 12.15 -3.3774 2
      vertex 12.9 -2.07836 0
      vertex 12.9 -2.07836 2
    endloop
  endfacet
  facet normal 0.866026 -0.499999 0
    outer loop
      vertex 12.9 -2.07836 0
      vertex 12.15 -3.3774 2
      vertex 12.15 -3.3774 0
    endloop
  endfacet
  facet normal 0.866026 0.499999 0
    outer loop
      vertex 12.9 -4.67644 2
      vertex 12.15 -3.3774 0
      vertex 12.15 -3.3774 2
    endloop
  endfacet
  facet normal 0.866026 0.499999 0
    outer loop
      vertex 12.15 -3.3774 0
      vertex 12.9 -4.67644 2
      vertex 12.9 -4.67644 0
    endloop
  endfacet
  facet normal 0 1 -0
    outer loop
      vertex 16.35 -1.29904 0
      vertex 14.85 -1.29904 2
      vertex 16.35 -1.29904 2
    endloop
  endfacet
  facet normal 0 1 0
    outer loop
      vertex 14.85 -1.29904 2
      vertex 16.35 -1.29904 0
      vertex 14.85 -1.29904 0
    endloop
  endfacet
  facet normal -0.866026 0.499999 0
    outer loop
      vertex 16.35 -1.29904 0
      vertex 17.1 0 2
      vertex 17.1 0 0
    endloop
  endfacet
  facet normal -0.866026 0.499999 0
    outer loop
      vertex 17.1 0 2
      vertex 16.35 -1.29904 0
      vertex 16.35 -1.29904 2
    endloop
  endfacet
  facet normal 0 -1 0
    outer loop
      vertex 14.85 1.29904 0
      vertex 16.35 1.29904 2
      vertex 14.85 1.29904 2
    endloop
  endfacet
  facet normal 0 -1 -0
    outer loop
      vertex 16.35 1.29904 2
      vertex 14.85 1.29904 0
      vertex 16.35 1.29904 0
    endloop
  endfacet
  facet normal -0.866026 -0.499999 0
    outer loop
      vertex 17.1 0 0
      vertex 16.35 1.29904 2
      vertex 16.35 1.29904 0
    endloop
  endfacet
  facet normal -0.866026 -0.499999 0
    outer loop
      vertex 16.35 1.29904 2
      vertex 17.1 0 0
      vertex 17.1 0 2
    endloop
  endfacet
  facet normal 0.866026 -0.499999 0
    outer loop
      vertex 14.1 0 2
      vertex 14.85 1.29904 0
      vertex 14.85 1.29904 2
    endloop
  endfacet
  facet normal 0.866026 -0.499999 0
    outer loop
      vertex 14.85 1.29904 0
      vertex 14.1 0 2
      vertex 14.1 0 0
    endloop
  endfacet
  facet normal 0.866026 0.499999 0
    outer loop
      vertex 14.85 -1.29904 2
      vertex 14.1 0 0
      vertex 14.1 0 2
    endloop
  endfacet
  facet normal 0.866026 0.499999 0
    outer loop
      vertex 14.1 0 0
      vertex 14.85 -1.29904 2
      vertex 14.85 -1.29904 0
    endloop
  endfacet
  facet normal 0 1 -0
    outer loop
      vertex 18.3 2.07836 0
      vertex 16.8 2.07836 2
      vertex 18.3 2.07836 2
    endloop
  endfacet
  facet normal 0 1 0
    outer loop
      vertex 16.8 2.07836 2
      vertex 18.3 2.07836 0
      vertex 16.8 2.07836 0
    endloop
  endfacet
  facet normal -0.866026 0.499999 0
    outer loop
      vertex 18.3 2.07836 0
      vertex 19.05 3.3774 2
      vertex 19.05 3.3774 0
    endloop
  endfacet
  facet normal -0.866026 0.499999 0
    outer loop
      vertex 19.05 3.3774 2
      vertex 18.3 2.07836 0
      vertex 18.3 2.07836 2
    endloop
  endfacet
  facet normal 0 -1 0
    outer loop
      vertex 16.8 4.67644 0
      vertex 18.3 4.67644 2
      vertex 16.8 4.67644 2
    endloop
  endfacet
  facet normal 0 -1 -0
    outer loop
      vertex 18.3 4.67644 2
      vertex 16.8 4.67644 0
      vertex 18.3 4.67644 0
    endloop
  endfacet
  facet normal -0.866026 -0.499999 0
    outer loop
      vertex 19.05 3.3774 0
      vertex 18.3 4.67644 2
      vertex 18.3 4.67644 0
    endloop
  endfacet
  facet normal -0.866026 -0.499999 0
    outer loop
      vertex 18.3 4.67644 2
      vertex 19.05 3.3774 0
      vertex 19.05 3.3774 2
    endloop
  endfacet
  facet normal 0.866026 -0.499999 0
    outer loop
      vertex 16.05 3.3774 2
      vertex 16.8 4.67644 0
      vertex 16.8 4.67644 2
    endloop
  endfacet
  facet normal 0.866026 -0.499999 0
    outer loop
      vertex 16.8 4.67644 0
      vertex 16.05 3.3774 2
      vertex 16.05 3.3774 0
    endloop
  endfacet
  facet normal 0.866026 0.499999 0
    outer loop
      vertex 16.8 2.07836 2
      vertex 16.05 3.3774 0
      vertex 16.05 3.3774 2
    endloop
  endfacet
  facet normal 0.866026 0.499999 0
    outer loop
      vertex 16.05 3.3774 0
      vertex 16.8 2.07836 2
      vertex 16.8 2.07836 0
    endloop
  endfacet
  facet normal 0 1 -0
    outer loop
      vertex 16.35 5.45576 0
      vertex 14.85 5.45576 2
      vertex 16.35 5.45576 2
    endloop
  endfacet
  facet normal 0 1 0
    outer loop
      vertex 14.85 5.45576 2
      vertex 16.35 5.45576 0
      vertex 14.85 5.45576 0
    endloop
  endfacet
  facet normal 0 -1 0
    outer loop
      vertex 14.85 8.05384 0
      vertex 16.35 8.05384 2
      vertex 14.85 8.05384 2
    endloop
  endfacet
  facet normal 0 -1 -0
    outer loop
      vertex 16.35 8.05384 2
      vertex 14.85 8.05384 0
      vertex 16.35 8.05384 0
    endloop
  endfacet
  facet normal -0.866026 -0.499999 0
    outer loop
      vertex 17.1 6.7548 0
      vertex 16.35 8.05384 2
      vertex 16.35 8.05384 0
    endloop
  endfacet
  facet normal -0.866026 -0.499999 0
    outer loop
      vertex 16.35 8.05384 2
      vertex 17.1 6.7548 0
      vertex 17.1 6.7548 2
    endloop
  endfacet
  facet normal 0.866026 -0.499999 0
    outer loop
      vertex 14.1 6.7548 2
      vertex 14.85 8.05384 0
      vertex 14.85 8.05384 2
    endloop
  endfacet
  facet normal 0.866026 -0.499999 0
    outer loop
      vertex 14.85 8.05384 0
      vertex 14.1 6.7548 2
      vertex 14.1 6.7548 0
    endloop
  endfacet
  facet normal 0.866026 0.499999 0
    outer loop
      vertex 14.85 5.45576 2
      vertex 14.1 6.7548 0
      vertex 14.1 6.7548 2
    endloop
  endfacet
  facet normal 0.866026 0.499999 0
    outer loop
      vertex 14.1 6.7548 0
      vertex 14.85 5.45576 2
      vertex 14.85 5.45576 0
    endloop
  endfacet
  facet normal -0.866026 0.499999 0
    outer loop
      vertex 16.35 5.45576 0
      vertex 17.1 6.7548 2
      vertex 17.1 6.7548 0
    endloop
  endfacet
  facet normal -0.866026 0.499999 0
    outer loop
      vertex 17.1 6.7548 2
      vertex 16.35 5.45576 0
      vertex 16.35 5.45576 2
    endloop
  endfacet
  facet normal 0 1 -0
    outer loop
      vertex 18.3 -4.67644 0
      vertex 16.8 -4.67644 2
      vertex 18.3 -4.67644 2
    endloop
  endfacet
  facet normal 0 1 0
    outer loop
      vertex 16.8 -4.67644 2
      vertex 18.3 -4.67644 0
      vertex 16.8 -4.67644 0
    endloop
  endfacet
  facet normal -0.866026 0.499999 0
    outer loop
      vertex 18.3 -4.67644 0
      vertex 19.05 -3.3774 2
      vertex 19.05 -3.3774 0
    endloop
  endfacet
  facet normal -0.866026 0.499999 0
    outer loop
      vertex 19.05 -3.3774 2
      vertex 18.3 -4.67644 0
      vertex 18.3 -4.67644 2
    endloop
  endfacet
  facet normal 0 -1 0
    outer loop
      vertex 16.8 -2.07836 0
      vertex 18.3 -2.07836 2
      vertex 16.8 -2.07836 2
    endloop
  endfacet
  facet normal 0 -1 -0
    outer loop
      vertex 18.3 -2.07836 2
      vertex 16.8 -2.07836 0
      vertex 18.3 -2.07836 0
    endloop
  endfacet
  facet normal -0.866026 -0.499999 0
    outer loop
      vertex 19.05 -3.3774 0
      vertex 18.3 -2.07836 2
      vertex 18.3 -2.07836 0
    endloop
  endfacet
  facet normal -0.866026 -0.499999 0
    outer loop
      vertex 18.3 -2.07836 2
      vertex 19.05 -3.3774 0
      vertex 19.05 -3.3774 2
    endloop
  endfacet
  facet normal 0.866026 -0.499999 0
    outer loop
      vertex 16.05 -3.3774 2
      vertex 16.8 -2.07836 0
      vertex 16.8 -2.07836 2
    endloop
  endfacet
  facet normal 0.866026 -0.499999 0
    outer loop
      vertex 16.8 -2.07836 0
      vertex 16.05 -3.3774 2
      vertex 16.05 -3.3774 0
    endloop
  endfacet
  facet normal 0.866026 0.499999 0
    outer loop
      vertex 16.8 -4.67644 2
      vertex 16.05 -3.3774 0
      vertex 16.05 -3.3774 2
    endloop
  endfacet
  facet normal 0.866026 0.499999 0
    outer loop
      vertex 16.05 -3.3774 0
      vertex 16.8 -4.67644 2
      vertex 16.8 -4.67644 0
    endloop
  endfacet
  facet normal -0.973882 0.227053 0
    outer loop
      vertex 21.0572 -5.64225 2
      vertex 21.3811 -4.25297 19
      vertex 21.3811 -4.25297 2
    endloop
  endfacet
  facet normal -0.973882 0.227053 0
    outer loop
      vertex 21.3811 -4.25297 19
      vertex 21.0572 -5.64225 2
      vertex 21.0572 -5.64225 19
    endloop
  endfacet
  facet normal -0.995187 -0.0979989 0
    outer loop
      vertex 21.7533 1.42579 2
      vertex 21.6135 2.84547 19
      vertex 21.6135 2.84547 2
    endloop
  endfacet
  facet normal -0.995187 -0.0979989 0
    outer loop
      vertex 21.6135 2.84547 19
      vertex 21.7533 1.42579 2
      vertex 21.7533 1.42579 19
    endloop
  endfacet
  facet normal -0.999464 -0.0327362 0
    outer loop
      vertex 21.8 0 2
      vertex 21.7533 1.42579 19
      vertex 21.7533 1.42579 2
    endloop
  endfacet
  facet normal -0.999464 -0.0327362 0
    outer loop
      vertex 21.7533 1.42579 19
      vertex 21.8 0 2
      vertex 21.8 0 19
    endloop
  endfacet
  facet normal -0.986641 -0.16291 0
    outer loop
      vertex 21.6135 2.84547 2
      vertex 21.3811 4.25297 19
      vertex 21.3811 4.25297 2
    endloop
  endfacet
  facet normal -0.986641 -0.16291 0
    outer loop
      vertex 21.3811 4.25297 19
      vertex 21.6135 2.84547 2
      vertex 21.6135 2.84547 19
    endloop
  endfacet
  facet normal -0.973882 -0.227053 0
    outer loop
      vertex 21.3811 4.25297 2
      vertex 21.0572 5.64225 19
      vertex 21.0572 5.64225 2
    endloop
  endfacet
  facet normal -0.973882 -0.227053 0
    outer loop
      vertex 21.0572 5.64225 19
      vertex 21.3811 4.25297 2
      vertex 21.3811 4.25297 19
    endloop
  endfacet
  facet normal 0.729861 0.683596 0
    outer loop
      vertex -15.4149 -15.4149 19
      vertex -16.3901 -14.3737 2
      vertex -16.3901 -14.3737 19
    endloop
  endfacet
  facet normal 0.729861 0.683596 0
    outer loop
      vertex -16.3901 -14.3737 2
      vertex -15.4149 -15.4149 19
      vertex -15.4149 -15.4149 2
    endloop
  endfacet
  facet normal 0.0979989 -0.995187 0
    outer loop
      vertex -2.84547 21.6135 2
      vertex -1.42579 21.7533 19
      vertex -2.84547 21.6135 19
    endloop
  endfacet
  facet normal 0.0979989 -0.995187 0
    outer loop
      vertex -1.42579 21.7533 19
      vertex -2.84547 21.6135 2
      vertex -1.42579 21.7533 2
    endloop
  endfacet
  facet normal 0.29028 0.956942 -0
    outer loop
      vertex -5.64225 -21.0572 2
      vertex -7.00738 -20.6431 19
      vertex -5.64225 -21.0572 19
    endloop
  endfacet
  facet normal 0.29028 0.956942 0
    outer loop
      vertex -7.00738 -20.6431 19
      vertex -5.64225 -21.0572 2
      vertex -7.00738 -20.6431 2
    endloop
  endfacet
  facet normal 0.16291 -0.986641 0
    outer loop
      vertex -4.25297 21.3811 2
      vertex -2.84547 21.6135 19
      vertex -4.25297 21.3811 19
    endloop
  endfacet
  facet normal 0.16291 -0.986641 0
    outer loop
      vertex -2.84547 21.6135 19
      vertex -4.25297 21.3811 2
      vertex -2.84547 21.6135 2
    endloop
  endfacet
  facet normal -0.935907 0.352248 0
    outer loop
      vertex 20.1406 -8.3425 2
      vertex 20.6431 -7.00738 19
      vertex 20.6431 -7.00738 2
    endloop
  endfacet
  facet normal -0.935907 0.352248 0
    outer loop
      vertex 20.6431 -7.00738 19
      vertex 20.1406 -8.3425 2
      vertex 20.1406 -8.3425 19
    endloop
  endfacet
  facet normal 0.0976879 0.995217 0
    outer loop
      vertex -1.42579 -21.7533 17
      vertex -1.42579 -21.7533 2
      vertex -1.6 -21.7362 17
    endloop
  endfacet
  facet normal 0.0980424 0.995182 -0
    outer loop
      vertex -1.6 -21.7362 17
      vertex -2.84547 -21.6135 19
      vertex -1.6 -21.7362 19
    endloop
  endfacet
  facet normal 0.0979989 0.995187 3.64657e-06
    outer loop
      vertex -2.84547 -21.6135 2
      vertex -1.6 -21.7362 17
      vertex -1.42579 -21.7533 2
    endloop
  endfacet
  facet normal 0.0980424 0.995182 0
    outer loop
      vertex -1.6 -21.7362 17
      vertex -2.84547 -21.6135 2
      vertex -2.84547 -21.6135 19
    endloop
  endfacet
  facet normal 0.227053 -0.973882 0
    outer loop
      vertex -5.64225 21.0572 2
      vertex -4.25297 21.3811 19
      vertex -5.64225 21.0572 19
    endloop
  endfacet
  facet normal 0.227053 -0.973882 0
    outer loop
      vertex -4.25297 21.3811 19
      vertex -5.64225 21.0572 2
      vertex -4.25297 21.3811 2
    endloop
  endfacet
  facet normal 0.973882 -0.227053 0
    outer loop
      vertex -21.3811 4.25297 19
      vertex -21.0572 5.64225 7
      vertex -21.0572 5.64225 19
    endloop
  endfacet
  facet normal 0.973882 -0.227053 0
    outer loop
      vertex -21.0572 5.64225 7
      vertex -21.3811 4.25297 19
      vertex -21.3811 4.25297 7
    endloop
  endfacet
  facet normal 0.227053 0.973882 -0
    outer loop
      vertex -4.25297 -21.3811 2
      vertex -5.64225 -21.0572 19
      vertex -4.25297 -21.3811 19
    endloop
  endfacet
  facet normal 0.227053 0.973882 0
    outer loop
      vertex -5.64225 -21.0572 19
      vertex -4.25297 -21.3811 2
      vertex -5.64225 -21.0572 2
    endloop
  endfacet
  facet normal -0.582451 0.812866 0
    outer loop
      vertex 13.271 -17.2951 2
      vertex 12.1114 -18.126 19
      vertex 13.271 -17.2951 19
    endloop
  endfacet
  facet normal -0.582451 0.812866 0
    outer loop
      vertex 12.1114 -18.126 19
      vertex 13.271 -17.2951 2
      vertex 12.1114 -18.126 2
    endloop
  endfacet
  facet normal 0.973882 0.227053 0
    outer loop
      vertex -21.0572 -5.64225 19
      vertex -21.3811 -4.25297 2
      vertex -21.3811 -4.25297 19
    endloop
  endfacet
  facet normal 0.973882 0.227053 0
    outer loop
      vertex -21.3811 -4.25297 2
      vertex -21.0572 -5.64225 19
      vertex -21.0572 -5.64225 2
    endloop
  endfacet
  facet normal 0.729861 -0.683596 0
    outer loop
      vertex -16.3901 14.3737 19
      vertex -15.4149 15.4149 2
      vertex -15.4149 15.4149 19
    endloop
  endfacet
  facet normal 0.729861 -0.683596 0
    outer loop
      vertex -15.4149 15.4149 2
      vertex -16.3901 14.3737 19
      vertex -16.3901 14.3737 2
    endloop
  endfacet
  facet normal 0.582451 0.812866 -0
    outer loop
      vertex -12.1114 -18.126 2
      vertex -13.271 -17.2951 19
      vertex -12.1114 -18.126 19
    endloop
  endfacet
  facet normal 0.582451 0.812866 0
    outer loop
      vertex -13.271 -17.2951 19
      vertex -12.1114 -18.126 2
      vertex -13.271 -17.2951 2
    endloop
  endfacet
  facet normal -0.29028 0.956942 0
    outer loop
      vertex 7.00738 -20.6431 2
      vertex 5.64225 -21.0572 19
      vertex 7.00738 -20.6431 19
    endloop
  endfacet
  facet normal -0.29028 0.956942 0
    outer loop
      vertex 5.64225 -21.0572 19
      vertex 7.00738 -20.6431 2
      vertex 5.64225 -21.0572 2
    endloop
  endfacet
  facet normal -0.881943 -0.471356 0
    outer loop
      vertex 19.5518 9.64189 2
      vertex 18.8794 10.9 19
      vertex 18.8794 10.9 2
    endloop
  endfacet
  facet normal -0.881943 -0.471356 0
    outer loop
      vertex 18.8794 10.9 19
      vertex 19.5518 9.64189 2
      vertex 19.5518 9.64189 19
    endloop
  endfacet
  facet normal -0.881943 0.471356 0
    outer loop
      vertex 18.8794 -10.9 2
      vertex 19.5518 -9.64189 19
      vertex 19.5518 -9.64189 2
    endloop
  endfacet
  facet normal -0.881943 0.471356 0
    outer loop
      vertex 19.5518 -9.64189 19
      vertex 18.8794 -10.9 2
      vertex 18.8794 -10.9 19
    endloop
  endfacet
  facet normal 0.999464 0.0327362 0
    outer loop
      vertex -21.7533 -1.42579 19
      vertex -21.8 0 2
      vertex -21.8 0 19
    endloop
  endfacet
  facet normal 0.999464 0.0327362 0
    outer loop
      vertex -21.8 0 2
      vertex -21.7533 -1.42579 19
      vertex -21.7533 -1.42579 2
    endloop
  endfacet
  facet normal 0.881943 -0.471356 0
    outer loop
      vertex -19.5518 9.64189 19
      vertex -18.8794 10.9 7
      vertex -18.8794 10.9 19
    endloop
  endfacet
  facet normal 0.881943 -0.471356 0
    outer loop
      vertex -18.8794 10.9 7
      vertex -19.5518 9.64189 19
      vertex -19.5518 9.64189 7
    endloop
  endfacet
  facet normal 0.471356 -0.881943 0
    outer loop
      vertex -10.9 18.8794 2
      vertex -9.64189 19.5518 19
      vertex -10.9 18.8794 19
    endloop
  endfacet
  facet normal 0.471356 -0.881943 0
    outer loop
      vertex -9.64189 19.5518 19
      vertex -10.9 18.8794 2
      vertex -9.64189 19.5518 2
    endloop
  endfacet
  facet normal 0.772998 0.634409 0
    outer loop
      vertex -16.3901 -14.3737 19
      vertex -17.2951 -13.271 2
      vertex -17.2951 -13.271 19
    endloop
  endfacet
  facet normal 0.772998 0.634409 0
    outer loop
      vertex -17.2951 -13.271 2
      vertex -16.3901 -14.3737 19
      vertex -16.3901 -14.3737 2
    endloop
  endfacet
  facet normal 0.634409 -0.772998 0
    outer loop
      vertex -14.3737 16.3901 2
      vertex -13.271 17.2951 19
      vertex -14.3737 16.3901 19
    endloop
  endfacet
  facet normal 0.634409 -0.772998 0
    outer loop
      vertex -13.271 17.2951 19
      vertex -14.3737 16.3901 2
      vertex -13.271 17.2951 2
    endloop
  endfacet
  facet normal 0.935907 -0.352248 0
    outer loop
      vertex -20.6431 7.00738 19
      vertex -20.1406 8.3425 7
      vertex -20.1406 8.3425 19
    endloop
  endfacet
  facet normal 0.935907 -0.352248 0
    outer loop
      vertex -20.1406 8.3425 7
      vertex -20.6431 7.00738 19
      vertex -20.6431 7.00738 7
    endloop
  endfacet
  facet normal 0.849197 -0.528076 0
    outer loop
      vertex -18.126 12.1114 19
      vertex -18.8277 10.983 7
      vertex -18.126 12.1114 2
    endloop
  endfacet
  facet normal 0.84917 -0.52812 5.67679e-06
    outer loop
      vertex -18.8794 10.9 19
      vertex -18.8277 10.983 7
      vertex -18.126 12.1114 19
    endloop
  endfacet
  facet normal 0.848802 -0.528711 0
    outer loop
      vertex -18.8277 10.983 7
      vertex -18.8794 10.9 19
      vertex -18.8794 10.9 7
    endloop
  endfacet
  facet normal 0.849197 -0.528076 0
    outer loop
      vertex -18.126 12.1114 2
      vertex -18.8277 10.983 7
      vertex -18.8277 10.983 2
    endloop
  endfacet
  facet normal -0.812866 -0.582451 0
    outer loop
      vertex 18.126 12.1114 2
      vertex 17.2951 13.271 19
      vertex 17.2951 13.271 2
    endloop
  endfacet
  facet normal -0.812866 -0.582451 0
    outer loop
      vertex 17.2951 13.271 19
      vertex 18.126 12.1114 2
      vertex 18.126 12.1114 19
    endloop
  endfacet
  facet normal 0.999464 -0.0327362 0
    outer loop
      vertex -21.8 0 19
      vertex -21.7533 1.42579 2
      vertex -21.7533 1.42579 19
    endloop
  endfacet
  facet normal 0.999464 -0.0327362 0
    outer loop
      vertex -21.7533 1.42579 2
      vertex -21.8 0 19
      vertex -21.8 0 2
    endloop
  endfacet
  facet normal -0.0327362 0.999464 0
    outer loop
      vertex 1.42579 -21.7533 2
      vertex 0 -21.8 17
      vertex 1.42579 -21.7533 17
    endloop
  endfacet
  facet normal -0.0327362 0.999464 0
    outer loop
      vertex 0 -21.8 17
      vertex 1.42579 -21.7533 2
      vertex 0 -21.8 2
    endloop
  endfacet
  facet normal 0.683596 -0.729861 0
    outer loop
      vertex -15.4149 15.4149 2
      vertex -14.3737 16.3901 19
      vertex -15.4149 15.4149 19
    endloop
  endfacet
  facet normal 0.683596 -0.729861 0
    outer loop
      vertex -14.3737 16.3901 19
      vertex -15.4149 15.4149 2
      vertex -14.3737 16.3901 2
    endloop
  endfacet
  facet normal -0.956942 0.29028 0
    outer loop
      vertex 20.6431 -7.00738 2
      vertex 21.0572 -5.64225 19
      vertex 21.0572 -5.64225 2
    endloop
  endfacet
  facet normal -0.956942 0.29028 0
    outer loop
      vertex 21.0572 -5.64225 19
      vertex 20.6431 -7.00738 2
      vertex 20.6431 -7.00738 19
    endloop
  endfacet
  facet normal -0.0979989 -0.995187 0
    outer loop
      vertex 1.42579 21.7533 2
      vertex 2.84547 21.6135 19
      vertex 1.42579 21.7533 19
    endloop
  endfacet
  facet normal -0.0979989 -0.995187 -0
    outer loop
      vertex 2.84547 21.6135 19
      vertex 1.42579 21.7533 2
      vertex 2.84547 21.6135 2
    endloop
  endfacet
  facet normal -0.91085 -0.412738 0
    outer loop
      vertex 20.1406 8.3425 2
      vertex 19.5518 9.64189 19
      vertex 19.5518 9.64189 2
    endloop
  endfacet
  facet normal -0.91085 -0.412738 0
    outer loop
      vertex 19.5518 9.64189 19
      vertex 20.1406 8.3425 2
      vertex 20.1406 8.3425 19
    endloop
  endfacet
  facet normal -0.956942 -0.29028 0
    outer loop
      vertex 21.0572 5.64225 2
      vertex 20.6431 7.00738 19
      vertex 20.6431 7.00738 2
    endloop
  endfacet
  facet normal -0.956942 -0.29028 0
    outer loop
      vertex 20.6431 7.00738 19
      vertex 21.0572 5.64225 2
      vertex 21.0572 5.64225 19
    endloop
  endfacet
  facet normal -0.986641 0.16291 0
    outer loop
      vertex 21.3811 -4.25297 2
      vertex 21.6135 -2.84547 19
      vertex 21.6135 -2.84547 2
    endloop
  endfacet
  facet normal -0.986641 0.16291 0
    outer loop
      vertex 21.6135 -2.84547 19
      vertex 21.3811 -4.25297 2
      vertex 21.3811 -4.25297 19
    endloop
  endfacet
  facet normal -0.16291 0.986641 0
    outer loop
      vertex 4.25297 -21.3811 2
      vertex 2.84547 -21.6135 19
      vertex 4.25297 -21.3811 19
    endloop
  endfacet
  facet normal -0.16291 0.986641 0
    outer loop
      vertex 2.84547 -21.6135 19
      vertex 4.25297 -21.3811 2
      vertex 2.84547 -21.6135 2
    endloop
  endfacet
  facet normal -0.772998 0.634409 0
    outer loop
      vertex 16.3901 -14.3737 2
      vertex 17.2951 -13.271 19
      vertex 17.2951 -13.271 2
    endloop
  endfacet
  facet normal -0.772998 0.634409 0
    outer loop
      vertex 17.2951 -13.271 19
      vertex 16.3901 -14.3737 2
      vertex 16.3901 -14.3737 19
    endloop
  endfacet
  facet normal -0.352248 -0.935907 0
    outer loop
      vertex 7.00738 20.6431 2
      vertex 8.3425 20.1406 19
      vertex 7.00738 20.6431 19
    endloop
  endfacet
  facet normal -0.352248 -0.935907 -0
    outer loop
      vertex 8.3425 20.1406 19
      vertex 7.00738 20.6431 2
      vertex 8.3425 20.1406 2
    endloop
  endfacet
  facet normal 0.52812 0.84917 -0
    outer loop
      vertex -10.9 -18.8794 2
      vertex -12.1114 -18.126 19
      vertex -10.9 -18.8794 19
    endloop
  endfacet
  facet normal 0.52812 0.84917 0
    outer loop
      vertex -12.1114 -18.126 19
      vertex -10.9 -18.8794 2
      vertex -12.1114 -18.126 2
    endloop
  endfacet
  facet normal -0.227053 0.973882 0
    outer loop
      vertex 5.64225 -21.0572 2
      vertex 4.25297 -21.3811 19
      vertex 5.64225 -21.0572 19
    endloop
  endfacet
  facet normal -0.227053 0.973882 0
    outer loop
      vertex 4.25297 -21.3811 19
      vertex 5.64225 -21.0572 2
      vertex 4.25297 -21.3811 2
    endloop
  endfacet
  facet normal 0.84917 0.52812 0
    outer loop
      vertex -18.126 -12.1114 19
      vertex -18.8794 -10.9 2
      vertex -18.8794 -10.9 19
    endloop
  endfacet
  facet normal 0.84917 0.52812 0
    outer loop
      vertex -18.8794 -10.9 2
      vertex -18.126 -12.1114 19
      vertex -18.126 -12.1114 2
    endloop
  endfacet
  facet normal 0.995187 -0.0979989 0
    outer loop
      vertex -21.7533 1.42579 19
      vertex -21.6135 2.84547 2
      vertex -21.6135 2.84547 19
    endloop
  endfacet
  facet normal 0.995187 -0.0979989 0
    outer loop
      vertex -21.6135 2.84547 2
      vertex -21.7533 1.42579 19
      vertex -21.7533 1.42579 2
    endloop
  endfacet
  facet normal -0.52812 0.84917 0
    outer loop
      vertex 12.1114 -18.126 2
      vertex 10.9 -18.8794 19
      vertex 12.1114 -18.126 19
    endloop
  endfacet
  facet normal -0.52812 0.84917 0
    outer loop
      vertex 10.9 -18.8794 19
      vertex 12.1114 -18.126 2
      vertex 10.9 -18.8794 2
    endloop
  endfacet
  facet normal -0.634409 -0.772998 0
    outer loop
      vertex 13.271 17.2951 2
      vertex 14.3737 16.3901 19
      vertex 13.271 17.2951 19
    endloop
  endfacet
  facet normal -0.634409 -0.772998 -0
    outer loop
      vertex 14.3737 16.3901 19
      vertex 13.271 17.2951 2
      vertex 14.3737 16.3901 2
    endloop
  endfacet
  facet normal 0.91085 0.412738 0
    outer loop
      vertex -19.5518 -9.64189 19
      vertex -20.1406 -8.3425 2
      vertex -20.1406 -8.3425 19
    endloop
  endfacet
  facet normal 0.91085 0.412738 0
    outer loop
      vertex -20.1406 -8.3425 2
      vertex -19.5518 -9.64189 19
      vertex -19.5518 -9.64189 2
    endloop
  endfacet
  facet normal -0.84917 0.52812 0
    outer loop
      vertex 18.126 -12.1114 2
      vertex 18.8794 -10.9 19
      vertex 18.8794 -10.9 2
    endloop
  endfacet
  facet normal -0.84917 0.52812 0
    outer loop
      vertex 18.8794 -10.9 19
      vertex 18.126 -12.1114 2
      vertex 18.126 -12.1114 19
    endloop
  endfacet
  facet normal -0.995187 0.0979989 0
    outer loop
      vertex 21.6135 -2.84547 2
      vertex 21.7533 -1.42579 19
      vertex 21.7533 -1.42579 2
    endloop
  endfacet
  facet normal -0.995187 0.0979989 0
    outer loop
      vertex 21.7533 -1.42579 19
      vertex 21.6135 -2.84547 2
      vertex 21.6135 -2.84547 19
    endloop
  endfacet
  facet normal -0.91085 0.412738 0
    outer loop
      vertex 19.5518 -9.64189 2
      vertex 20.1406 -8.3425 19
      vertex 20.1406 -8.3425 2
    endloop
  endfacet
  facet normal -0.91085 0.412738 0
    outer loop
      vertex 20.1406 -8.3425 19
      vertex 19.5518 -9.64189 2
      vertex 19.5518 -9.64189 19
    endloop
  endfacet
  facet normal 0.471356 0.881943 -0
    outer loop
      vertex -9.64189 -19.5518 2
      vertex -10.9 -18.8794 19
      vertex -9.64189 -19.5518 19
    endloop
  endfacet
  facet normal 0.471356 0.881943 0
    outer loop
      vertex -10.9 -18.8794 19
      vertex -9.64189 -19.5518 2
      vertex -10.9 -18.8794 2
    endloop
  endfacet
  facet normal -0.935907 -0.352248 0
    outer loop
      vertex 20.6431 7.00738 2
      vertex 20.1406 8.3425 19
      vertex 20.1406 8.3425 2
    endloop
  endfacet
  facet normal -0.935907 -0.352248 0
    outer loop
      vertex 20.1406 8.3425 19
      vertex 20.6431 7.00738 2
      vertex 20.6431 7.00738 19
    endloop
  endfacet
  facet normal 0.634409 0.772998 -0
    outer loop
      vertex -13.271 -17.2951 2
      vertex -14.3737 -16.3901 19
      vertex -13.271 -17.2951 19
    endloop
  endfacet
  facet normal 0.634409 0.772998 0
    outer loop
      vertex -14.3737 -16.3901 19
      vertex -13.271 -17.2951 2
      vertex -14.3737 -16.3901 2
    endloop
  endfacet
  facet normal -0.812866 0.582451 0
    outer loop
      vertex 17.2951 -13.271 2
      vertex 18.126 -12.1114 19
      vertex 18.126 -12.1114 2
    endloop
  endfacet
  facet normal -0.812866 0.582451 0
    outer loop
      vertex 18.126 -12.1114 19
      vertex 17.2951 -13.271 2
      vertex 17.2951 -13.271 19
    endloop
  endfacet
  facet normal 0.412738 -0.91085 0
    outer loop
      vertex -9.64189 19.5518 2
      vertex -8.3425 20.1406 19
      vertex -9.64189 19.5518 19
    endloop
  endfacet
  facet normal 0.412738 -0.91085 0
    outer loop
      vertex -8.3425 20.1406 19
      vertex -9.64189 19.5518 2
      vertex -8.3425 20.1406 2
    endloop
  endfacet
  facet normal 0.995187 0.0979989 0
    outer loop
      vertex -21.6135 -2.84547 19
      vertex -21.7533 -1.42579 2
      vertex -21.7533 -1.42579 19
    endloop
  endfacet
  facet normal 0.995187 0.0979989 0
    outer loop
      vertex -21.7533 -1.42579 2
      vertex -21.6135 -2.84547 19
      vertex -21.6135 -2.84547 2
    endloop
  endfacet
  facet normal 0.29028 -0.956942 0
    outer loop
      vertex -7.00738 20.6431 2
      vertex -5.64225 21.0572 19
      vertex -7.00738 20.6431 19
    endloop
  endfacet
  facet normal 0.29028 -0.956942 0
    outer loop
      vertex -5.64225 21.0572 19
      vertex -7.00738 20.6431 2
      vertex -5.64225 21.0572 2
    endloop
  endfacet
  facet normal -0.999464 0.0327362 0
    outer loop
      vertex 21.7533 -1.42579 2
      vertex 21.8 0 19
      vertex 21.8 0 2
    endloop
  endfacet
  facet normal -0.999464 0.0327362 0
    outer loop
      vertex 21.8 0 19
      vertex 21.7533 -1.42579 2
      vertex 21.7533 -1.42579 19
    endloop
  endfacet
  facet normal 0.956942 0.29028 0
    outer loop
      vertex -20.6431 -7.00738 19
      vertex -21.0572 -5.64225 2
      vertex -21.0572 -5.64225 19
    endloop
  endfacet
  facet normal 0.956942 0.29028 0
    outer loop
      vertex -21.0572 -5.64225 2
      vertex -20.6431 -7.00738 19
      vertex -20.6431 -7.00738 2
    endloop
  endfacet
  facet normal -0.412738 -0.91085 0
    outer loop
      vertex 8.3425 20.1406 2
      vertex 9.64189 19.5518 19
      vertex 8.3425 20.1406 19
    endloop
  endfacet
  facet normal -0.412738 -0.91085 -0
    outer loop
      vertex 9.64189 19.5518 19
      vertex 8.3425 20.1406 2
      vertex 9.64189 19.5518 2
    endloop
  endfacet
  facet normal 0.16291 0.986641 -0
    outer loop
      vertex -2.84547 -21.6135 2
      vertex -4.25297 -21.3811 19
      vertex -2.84547 -21.6135 19
    endloop
  endfacet
  facet normal 0.16291 0.986641 0
    outer loop
      vertex -4.25297 -21.3811 19
      vertex -2.84547 -21.6135 2
      vertex -4.25297 -21.3811 2
    endloop
  endfacet
  facet normal 0.0327362 0.999464 -0
    outer loop
      vertex 0 -21.8 2
      vertex -1.42579 -21.7533 17
      vertex 0 -21.8 17
    endloop
  endfacet
  facet normal 0.0327362 0.999464 0
    outer loop
      vertex -1.42579 -21.7533 17
      vertex 0 -21.8 2
      vertex -1.42579 -21.7533 2
    endloop
  endfacet
  facet normal 0.812866 0.582451 0
    outer loop
      vertex -17.2951 -13.271 19
      vertex -18.126 -12.1114 2
      vertex -18.126 -12.1114 19
    endloop
  endfacet
  facet normal 0.812866 0.582451 0
    outer loop
      vertex -18.126 -12.1114 2
      vertex -17.2951 -13.271 19
      vertex -17.2951 -13.271 2
    endloop
  endfacet
  facet normal -0.84917 -0.52812 0
    outer loop
      vertex 18.8794 10.9 2
      vertex 18.126 12.1114 19
      vertex 18.126 12.1114 2
    endloop
  endfacet
  facet normal -0.84917 -0.52812 0
    outer loop
      vertex 18.126 12.1114 19
      vertex 18.8794 10.9 2
      vertex 18.8794 10.9 19
    endloop
  endfacet
  facet normal -0.52812 -0.84917 0
    outer loop
      vertex 10.9 18.8794 2
      vertex 12.1114 18.126 19
      vertex 10.9 18.8794 19
    endloop
  endfacet
  facet normal -0.52812 -0.84917 -0
    outer loop
      vertex 12.1114 18.126 19
      vertex 10.9 18.8794 2
      vertex 12.1114 18.126 2
    endloop
  endfacet
  facet normal -0.683596 -0.729861 0
    outer loop
      vertex 14.3737 16.3901 2
      vertex 15.4149 15.4149 19
      vertex 14.3737 16.3901 19
    endloop
  endfacet
  facet normal -0.683596 -0.729861 -0
    outer loop
      vertex 15.4149 15.4149 19
      vertex 14.3737 16.3901 2
      vertex 15.4149 15.4149 2
    endloop
  endfacet
  facet normal -0.0980424 0.995182 0
    outer loop
      vertex 2.84547 -21.6135 19
      vertex 1.6 -21.7362 17
      vertex 1.6 -21.7362 19
    endloop
  endfacet
  facet normal -0.0980424 0.995182 0
    outer loop
      vertex 2.84547 -21.6135 2
      vertex 1.6 -21.7362 17
      vertex 2.84547 -21.6135 19
    endloop
  endfacet
  facet normal -0.0979989 0.995187 3.64657e-06
    outer loop
      vertex 1.42579 -21.7533 2
      vertex 1.6 -21.7362 17
      vertex 2.84547 -21.6135 2
    endloop
  endfacet
  facet normal -0.0976879 0.995217 0
    outer loop
      vertex 1.6 -21.7362 17
      vertex 1.42579 -21.7533 2
      vertex 1.42579 -21.7533 17
    endloop
  endfacet
  facet normal -0.352248 0.935907 0
    outer loop
      vertex 8.3425 -20.1406 2
      vertex 7.00738 -20.6431 19
      vertex 8.3425 -20.1406 19
    endloop
  endfacet
  facet normal -0.352248 0.935907 0
    outer loop
      vertex 7.00738 -20.6431 19
      vertex 8.3425 -20.1406 2
      vertex 7.00738 -20.6431 2
    endloop
  endfacet
  facet normal -0.412738 0.91085 0
    outer loop
      vertex 9.64189 -19.5518 2
      vertex 8.3425 -20.1406 19
      vertex 9.64189 -19.5518 19
    endloop
  endfacet
  facet normal -0.412738 0.91085 0
    outer loop
      vertex 8.3425 -20.1406 19
      vertex 9.64189 -19.5518 2
      vertex 8.3425 -20.1406 2
    endloop
  endfacet
  facet normal -0.0327362 -0.999464 0
    outer loop
      vertex 0 21.8 2
      vertex 1.42579 21.7533 19
      vertex 0 21.8 19
    endloop
  endfacet
  facet normal -0.0327362 -0.999464 -0
    outer loop
      vertex 1.42579 21.7533 19
      vertex 0 21.8 2
      vertex 1.42579 21.7533 2
    endloop
  endfacet
  facet normal -0.16291 -0.986641 0
    outer loop
      vertex 2.84547 21.6135 2
      vertex 4.25297 21.3811 19
      vertex 2.84547 21.6135 19
    endloop
  endfacet
  facet normal -0.16291 -0.986641 -0
    outer loop
      vertex 4.25297 21.3811 19
      vertex 2.84547 21.6135 2
      vertex 4.25297 21.3811 2
    endloop
  endfacet
  facet normal 0.352248 -0.935907 0
    outer loop
      vertex -8.3425 20.1406 2
      vertex -7.00738 20.6431 19
      vertex -8.3425 20.1406 19
    endloop
  endfacet
  facet normal 0.352248 -0.935907 0
    outer loop
      vertex -7.00738 20.6431 19
      vertex -8.3425 20.1406 2
      vertex -7.00738 20.6431 2
    endloop
  endfacet
  facet normal 0.881943 0.471356 0
    outer loop
      vertex -18.8794 -10.9 19
      vertex -19.5518 -9.64189 2
      vertex -19.5518 -9.64189 19
    endloop
  endfacet
  facet normal 0.881943 0.471356 0
    outer loop
      vertex -19.5518 -9.64189 2
      vertex -18.8794 -10.9 19
      vertex -18.8794 -10.9 2
    endloop
  endfacet
  facet normal 0.582451 -0.812866 0
    outer loop
      vertex -13.271 17.2951 2
      vertex -12.1114 18.126 19
      vertex -13.271 17.2951 19
    endloop
  endfacet
  facet normal 0.582451 -0.812866 0
    outer loop
      vertex -12.1114 18.126 19
      vertex -13.271 17.2951 2
      vertex -12.1114 18.126 2
    endloop
  endfacet
  facet normal 0.986648 -0.162868 0
    outer loop
      vertex -21.3811 4.25297 19
      vertex -21.4463 3.85799 7
      vertex -21.3811 4.25297 7
    endloop
  endfacet
  facet normal 0.986641 -0.16291 1.42254e-06
    outer loop
      vertex -21.6135 2.84547 19
      vertex -21.4463 3.85799 7
      vertex -21.3811 4.25297 19
    endloop
  endfacet
  facet normal 0.986638 -0.162926 0
    outer loop
      vertex -21.6135 2.84547 2
      vertex -21.4463 3.85799 7
      vertex -21.6135 2.84547 19
    endloop
  endfacet
  facet normal 0.986638 -0.162926 0
    outer loop
      vertex -21.4463 3.85799 7
      vertex -21.6135 2.84547 2
      vertex -21.4463 3.85799 2
    endloop
  endfacet
  facet normal -0.582451 -0.812866 0
    outer loop
      vertex 12.1114 18.126 2
      vertex 13.271 17.2951 19
      vertex 12.1114 18.126 19
    endloop
  endfacet
  facet normal -0.582451 -0.812866 -0
    outer loop
      vertex 13.271 17.2951 19
      vertex 12.1114 18.126 2
      vertex 13.271 17.2951 2
    endloop
  endfacet
  facet normal -0.729861 0.683596 0
    outer loop
      vertex 15.4149 -15.4149 2
      vertex 16.3901 -14.3737 19
      vertex 16.3901 -14.3737 2
    endloop
  endfacet
  facet normal -0.729861 0.683596 0
    outer loop
      vertex 16.3901 -14.3737 19
      vertex 15.4149 -15.4149 2
      vertex 15.4149 -15.4149 19
    endloop
  endfacet
  facet normal 0.683596 0.729861 -0
    outer loop
      vertex -14.3737 -16.3901 2
      vertex -15.4149 -15.4149 19
      vertex -14.3737 -16.3901 19
    endloop
  endfacet
  facet normal 0.683596 0.729861 0
    outer loop
      vertex -15.4149 -15.4149 19
      vertex -14.3737 -16.3901 2
      vertex -15.4149 -15.4149 2
    endloop
  endfacet
  facet normal -0.471356 0.881943 0
    outer loop
      vertex 10.9 -18.8794 2
      vertex 9.64189 -19.5518 19
      vertex 10.9 -18.8794 19
    endloop
  endfacet
  facet normal -0.471356 0.881943 0
    outer loop
      vertex 9.64189 -19.5518 19
      vertex 10.9 -18.8794 2
      vertex 9.64189 -19.5518 2
    endloop
  endfacet
  facet normal 0.412738 0.91085 -0
    outer loop
      vertex -8.3425 -20.1406 2
      vertex -9.64189 -19.5518 19
      vertex -8.3425 -20.1406 19
    endloop
  endfacet
  facet normal 0.412738 0.91085 0
    outer loop
      vertex -9.64189 -19.5518 19
      vertex -8.3425 -20.1406 2
      vertex -9.64189 -19.5518 2
    endloop
  endfacet
  facet normal 0.0327362 -0.999464 0
    outer loop
      vertex -1.42579 21.7533 2
      vertex 0 21.8 19
      vertex -1.42579 21.7533 19
    endloop
  endfacet
  facet normal 0.0327362 -0.999464 0
    outer loop
      vertex 0 21.8 19
      vertex -1.42579 21.7533 2
      vertex 0 21.8 2
    endloop
  endfacet
  facet normal -0.772998 -0.634409 0
    outer loop
      vertex 17.2951 13.271 2
      vertex 16.3901 14.3737 19
      vertex 16.3901 14.3737 2
    endloop
  endfacet
  facet normal -0.772998 -0.634409 0
    outer loop
      vertex 16.3901 14.3737 19
      vertex 17.2951 13.271 2
      vertex 17.2951 13.271 19
    endloop
  endfacet
  facet normal -0.227053 -0.973882 0
    outer loop
      vertex 4.25297 21.3811 2
      vertex 5.64225 21.0572 19
      vertex 4.25297 21.3811 19
    endloop
  endfacet
  facet normal -0.227053 -0.973882 -0
    outer loop
      vertex 5.64225 21.0572 19
      vertex 4.25297 21.3811 2
      vertex 5.64225 21.0572 2
    endloop
  endfacet
  facet normal -0.471356 -0.881943 0
    outer loop
      vertex 9.64189 19.5518 2
      vertex 10.9 18.8794 19
      vertex 9.64189 19.5518 19
    endloop
  endfacet
  facet normal -0.471356 -0.881943 -0
    outer loop
      vertex 10.9 18.8794 19
      vertex 9.64189 19.5518 2
      vertex 10.9 18.8794 2
    endloop
  endfacet
  facet normal -0.729861 -0.683596 0
    outer loop
      vertex 16.3901 14.3737 2
      vertex 15.4149 15.4149 19
      vertex 15.4149 15.4149 2
    endloop
  endfacet
  facet normal -0.729861 -0.683596 0
    outer loop
      vertex 15.4149 15.4149 19
      vertex 16.3901 14.3737 2
      vertex 16.3901 14.3737 19
    endloop
  endfacet
  facet normal 0.812866 -0.582451 0
    outer loop
      vertex -18.126 12.1114 19
      vertex -17.2951 13.271 2
      vertex -17.2951 13.271 19
    endloop
  endfacet
  facet normal 0.812866 -0.582451 0
    outer loop
      vertex -17.2951 13.271 2
      vertex -18.126 12.1114 19
      vertex -18.126 12.1114 2
    endloop
  endfacet
  facet normal 0.986641 0.16291 0
    outer loop
      vertex -21.3811 -4.25297 19
      vertex -21.6135 -2.84547 2
      vertex -21.6135 -2.84547 19
    endloop
  endfacet
  facet normal 0.986641 0.16291 0
    outer loop
      vertex -21.6135 -2.84547 2
      vertex -21.3811 -4.25297 19
      vertex -21.3811 -4.25297 2
    endloop
  endfacet
  facet normal 0.935907 0.352248 0
    outer loop
      vertex -20.1406 -8.3425 19
      vertex -20.6431 -7.00738 2
      vertex -20.6431 -7.00738 19
    endloop
  endfacet
  facet normal 0.935907 0.352248 0
    outer loop
      vertex -20.6431 -7.00738 2
      vertex -20.1406 -8.3425 19
      vertex -20.1406 -8.3425 2
    endloop
  endfacet
  facet normal 0.772998 -0.634409 0
    outer loop
      vertex -17.2951 13.271 19
      vertex -16.3901 14.3737 2
      vertex -16.3901 14.3737 19
    endloop
  endfacet
  facet normal 0.772998 -0.634409 0
    outer loop
      vertex -16.3901 14.3737 2
      vertex -17.2951 13.271 19
      vertex -17.2951 13.271 2
    endloop
  endfacet
  facet normal 0.352248 0.935907 -0
    outer loop
      vertex -7.00738 -20.6431 2
      vertex -8.3425 -20.1406 19
      vertex -7.00738 -20.6431 19
    endloop
  endfacet
  facet normal 0.352248 0.935907 0
    outer loop
      vertex -8.3425 -20.1406 19
      vertex -7.00738 -20.6431 2
      vertex -8.3425 -20.1406 2
    endloop
  endfacet
  facet normal 0.52812 -0.84917 0
    outer loop
      vertex -12.1114 18.126 2
      vertex -10.9 18.8794 19
      vertex -12.1114 18.126 19
    endloop
  endfacet
  facet normal 0.52812 -0.84917 0
    outer loop
      vertex -10.9 18.8794 19
      vertex -12.1114 18.126 2
      vertex -10.9 18.8794 2
    endloop
  endfacet
  facet normal 0.956942 -0.29028 0
    outer loop
      vertex -21.0572 5.64225 19
      vertex -20.6431 7.00738 7
      vertex -20.6431 7.00738 19
    endloop
  endfacet
  facet normal 0.956942 -0.29028 0
    outer loop
      vertex -20.6431 7.00738 7
      vertex -21.0572 5.64225 19
      vertex -21.0572 5.64225 7
    endloop
  endfacet
  facet normal -0.29028 -0.956942 0
    outer loop
      vertex 5.64225 21.0572 2
      vertex 7.00738 20.6431 19
      vertex 5.64225 21.0572 19
    endloop
  endfacet
  facet normal -0.29028 -0.956942 -0
    outer loop
      vertex 7.00738 20.6431 19
      vertex 5.64225 21.0572 2
      vertex 7.00738 20.6431 2
    endloop
  endfacet
  facet normal 0.91085 -0.412738 0
    outer loop
      vertex -20.1406 8.3425 19
      vertex -19.5518 9.64189 7
      vertex -19.5518 9.64189 19
    endloop
  endfacet
  facet normal 0.91085 -0.412738 0
    outer loop
      vertex -19.5518 9.64189 7
      vertex -20.1406 8.3425 19
      vertex -20.1406 8.3425 7
    endloop
  endfacet
  facet normal -0.634409 0.772998 0
    outer loop
      vertex 14.3737 -16.3901 2
      vertex 13.271 -17.2951 19
      vertex 14.3737 -16.3901 19
    endloop
  endfacet
  facet normal -0.634409 0.772998 0
    outer loop
      vertex 13.271 -17.2951 19
      vertex 14.3737 -16.3901 2
      vertex 13.271 -17.2951 2
    endloop
  endfacet
  facet normal -0.683596 0.729861 0
    outer loop
      vertex 15.4149 -15.4149 2
      vertex 14.3737 -16.3901 19
      vertex 15.4149 -15.4149 19
    endloop
  endfacet
  facet normal -0.683596 0.729861 0
    outer loop
      vertex 14.3737 -16.3901 19
      vertex 15.4149 -15.4149 2
      vertex 14.3737 -16.3901 2
    endloop
  endfacet
  facet normal 0 0 1
    outer loop
      vertex -13.2 6.7548 2
      vertex -15.0769 6.21964 2
      vertex -14.4 4.67644 2
    endloop
  endfacet
  facet normal -0 0 1
    outer loop
      vertex -15.3045 5.46927 2
      vertex -14.4 4.67644 2
      vertex -15.0769 6.21964 2
    endloop
  endfacet
  facet normal -0 0 1
    outer loop
      vertex -15.6741 4.77772 2
      vertex -14.4 4.67644 2
      vertex -15.3045 5.46927 2
    endloop
  endfacet
  facet normal 0 0 1
    outer loop
      vertex -2.7 18.186 2
      vertex -5.1 18.186 2
      vertex -4.35 16.887 2
    endloop
  endfacet
  facet normal -0 0 1
    outer loop
      vertex -5.64225 21.0572 2
      vertex -5.1 18.186 2
      vertex -4.25297 21.3811 2
    endloop
  endfacet
  facet normal 0 0 1
    outer loop
      vertex -5.64225 21.0572 2
      vertex -6.6 18.186 2
      vertex -5.1 18.186 2
    endloop
  endfacet
  facet normal -0 0 1
    outer loop
      vertex -7.00738 20.6431 2
      vertex -6.6 18.186 2
      vertex -5.64225 21.0572 2
    endloop
  endfacet
  facet normal -0 0 1
    outer loop
      vertex -8.3425 20.1406 2
      vertex -6.6 18.186 2
      vertex -7.00738 20.6431 2
    endloop
  endfacet
  facet normal 0 0 1
    outer loop
      vertex -9 18.186 2
      vertex -6.6 18.186 2
      vertex -8.3425 20.1406 2
    endloop
  endfacet
  facet normal 0 0 1
    outer loop
      vertex -6.6 18.186 2
      vertex -9 18.186 2
      vertex -7.35 16.887 2
    endloop
  endfacet
  facet normal 0 0 1
    outer loop
      vertex -7.35 16.887 2
      vertex -9 18.186 2
      vertex -8.25 16.887 2
    endloop
  endfacet
  facet normal -0 0 1
    outer loop
      vertex -9.64189 19.5518 2
      vertex -9 18.186 2
      vertex -8.3425 20.1406 2
    endloop
  endfacet
  facet normal 0 0 1
    outer loop
      vertex -9.64189 19.5518 2
      vertex -10.5 18.186 2
      vertex -9 18.186 2
    endloop
  endfacet
  facet normal -0 0 1
    outer loop
      vertex -10.9 18.8794 2
      vertex -10.5 18.186 2
      vertex -9.64189 19.5518 2
    endloop
  endfacet
  facet normal 0 0 1
    outer loop
      vertex -12.1114 18.126 2
      vertex -10.5 18.186 2
      vertex -10.9 18.8794 2
    endloop
  endfacet
  facet normal 0 0 1
    outer loop
      vertex -10.5 18.186 2
      vertex -12.1114 18.126 2
      vertex -11.25 16.887 2
    endloop
  endfacet
  facet normal 0 0 1
    outer loop
      vertex -2.7 -18.186 2
      vertex -5.1 -18.186 2
      vertex -4.25297 -21.3811 2
    endloop
  endfacet
  facet normal 0 0 1
    outer loop
      vertex -5.1 -18.186 2
      vertex -5.64225 -21.0572 2
      vertex -4.25297 -21.3811 2
    endloop
  endfacet
  facet normal -0 0 1
    outer loop
      vertex -6.6 -18.186 2
      vertex -5.64225 -21.0572 2
      vertex -5.1 -18.186 2
    endloop
  endfacet
  facet normal 0 0 1
    outer loop
      vertex -6.6 -18.186 2
      vertex -7.00738 -20.6431 2
      vertex -5.64225 -21.0572 2
    endloop
  endfacet
  facet normal 0 0 1
    outer loop
      vertex -9 -18.186 2
      vertex -6.6 -18.186 2
      vertex -7.35 -16.887 2
    endloop
  endfacet
  facet normal 0 0 1
    outer loop
      vertex -9 -18.186 2
      vertex -7.35 -16.887 2
      vertex -8.25 -16.887 2
    endloop
  endfacet
  facet normal 0 0 1
    outer loop
      vertex -6.6 -18.186 2
      vertex -9 -18.186 2
      vertex -8.3425 -20.1406 2
    endloop
  endfacet
  facet normal 0 0 1
    outer loop
      vertex -6.6 -18.186 2
      vertex -8.3425 -20.1406 2
      vertex -7.00738 -20.6431 2
    endloop
  endfacet
  facet normal 0 0 1
    outer loop
      vertex -9 -18.186 2
      vertex -9.64189 -19.5518 2
      vertex -8.3425 -20.1406 2
    endloop
  endfacet
  facet normal -0 0 1
    outer loop
      vertex -10.5 -18.186 2
      vertex -9.64189 -19.5518 2
      vertex -9 -18.186 2
    endloop
  endfacet
  facet normal 0 0 1
    outer loop
      vertex -10.5 -18.186 2
      vertex -10.9 -18.8794 2
      vertex -9.64189 -19.5518 2
    endloop
  endfacet
  facet normal -0 0 1
    outer loop
      vertex -12.1114 -18.126 2
      vertex -10.5 -18.186 2
      vertex -11.25 -16.887 2
    endloop
  endfacet
  facet normal 0 0 1
    outer loop
      vertex -10.5 -18.186 2
      vertex -12.1114 -18.126 2
      vertex -10.9 -18.8794 2
    endloop
  endfacet
  facet normal 0 0 1
    outer loop
      vertex 1.2 18.186 2
      vertex -1.2 18.186 2
      vertex -0.45 16.887 2
    endloop
  endfacet
  facet normal -0 0 1
    outer loop
      vertex -1.42579 21.7533 2
      vertex -1.2 18.186 2
      vertex 0 21.8 2
    endloop
  endfacet
  facet normal 0 0 1
    outer loop
      vertex -1.42579 21.7533 2
      vertex -2.7 18.186 2
      vertex -1.2 18.186 2
    endloop
  endfacet
  facet normal -0 0 1
    outer loop
      vertex -2.84547 21.6135 2
      vertex -2.7 18.186 2
      vertex -1.42579 21.7533 2
    endloop
  endfacet
  facet normal -0 0 1
    outer loop
      vertex -4.25297 21.3811 2
      vertex -2.7 18.186 2
      vertex -2.84547 21.6135 2
    endloop
  endfacet
  facet normal 0 0 1
    outer loop
      vertex -5.1 18.186 2
      vertex -2.7 18.186 2
      vertex -4.25297 21.3811 2
    endloop
  endfacet
  facet normal 0 0 1
    outer loop
      vertex 1.2 -18.186 2
      vertex -1.2 -18.186 2
      vertex 0 -21.8 2
    endloop
  endfacet
  facet normal 0 0 1
    outer loop
      vertex -1.2 -18.186 2
      vertex -1.42579 -21.7533 2
      vertex 0 -21.8 2
    endloop
  endfacet
  facet normal -0 0 1
    outer loop
      vertex -2.7 -18.186 2
      vertex -1.42579 -21.7533 2
      vertex -1.2 -18.186 2
    endloop
  endfacet
  facet normal 0 0 1
    outer loop
      vertex -2.7 -18.186 2
      vertex -2.84547 -21.6135 2
      vertex -1.42579 -21.7533 2
    endloop
  endfacet
  facet normal -0 0 1
    outer loop
      vertex -4.35 -16.887 2
      vertex -2.7 -18.186 2
      vertex -3.45 -16.887 2
    endloop
  endfacet
  facet normal 0 0 1
    outer loop
      vertex -2.7 -18.186 2
      vertex -4.25297 -21.3811 2
      vertex -2.84547 -21.6135 2
    endloop
  endfacet
  facet normal 0 0 1
    outer loop
      vertex 4.25297 21.3811 2
      vertex 2.7 18.186 2
      vertex 5.1 18.186 2
    endloop
  endfacet
  facet normal 0 0 1
    outer loop
      vertex 5.1 18.186 2
      vertex 2.7 18.186 2
      vertex 3.45 16.887 2
    endloop
  endfacet
  facet normal 0 0 1
    outer loop
      vertex 1.42579 21.7533 2
      vertex 2.7 18.186 2
      vertex 2.84547 21.6135 2
    endloop
  endfacet
  facet normal 0 0 1
    outer loop
      vertex 1.42579 21.7533 2
      vertex 1.2 18.186 2
      vertex 2.7 18.186 2
    endloop
  endfacet
  facet normal 0 0 1
    outer loop
      vertex 0 21.8 2
      vertex 1.2 18.186 2
      vertex 1.42579 21.7533 2
    endloop
  endfacet
  facet normal 0 0 1
    outer loop
      vertex -1.2 18.186 2
      vertex 1.2 18.186 2
      vertex 0 21.8 2
    endloop
  endfacet
  facet normal 0 0 1
    outer loop
      vertex 5.1 -18.186 2
      vertex 2.84547 -21.6135 2
      vertex 4.25297 -21.3811 2
    endloop
  endfacet
  facet normal 0 0 1
    outer loop
      vertex 5.1 -18.186 2
      vertex 2.7 -18.186 2
      vertex 2.84547 -21.6135 2
    endloop
  endfacet
  facet normal 0 0 1
    outer loop
      vertex 2.7 -18.186 2
      vertex 1.42579 -21.7533 2
      vertex 2.84547 -21.6135 2
    endloop
  endfacet
  facet normal -0 0 1
    outer loop
      vertex 1.2 -18.186 2
      vertex 1.42579 -21.7533 2
      vertex 2.7 -18.186 2
    endloop
  endfacet
  facet normal -0 0 1
    outer loop
      vertex -0.45 -16.887 2
      vertex 1.2 -18.186 2
      vertex 0.45 -16.887 2
    endloop
  endfacet
  facet normal 0 0 1
    outer loop
      vertex 1.2 -18.186 2
      vertex 0 -21.8 2
      vertex 1.42579 -21.7533 2
    endloop
  endfacet
  facet normal -0 0 1
    outer loop
      vertex 10.5 18.186 2
      vertex 12.1114 18.126 2
      vertex 10.9 18.8794 2
    endloop
  endfacet
  facet normal 0 0 1
    outer loop
      vertex 12.1114 18.126 2
      vertex 10.5 18.186 2
      vertex 11.25 16.887 2
    endloop
  endfacet
  facet normal 0 0 1
    outer loop
      vertex 9.64189 19.5518 2
      vertex 10.5 18.186 2
      vertex 10.9 18.8794 2
    endloop
  endfacet
  facet normal 0 0 1
    outer loop
      vertex 9.64189 19.5518 2
      vertex 9 18.186 2
      vertex 10.5 18.186 2
    endloop
  endfacet
  facet normal 0 0 1
    outer loop
      vertex 8.3425 20.1406 2
      vertex 9 18.186 2
      vertex 9.64189 19.5518 2
    endloop
  endfacet
  facet normal 0 0 1
    outer loop
      vertex 6.6 18.186 2
      vertex 9 18.186 2
      vertex 8.3425 20.1406 2
    endloop
  endfacet
  facet normal 0 0 1
    outer loop
      vertex 9 18.186 2
      vertex 6.6 18.186 2
      vertex 8.25 16.887 2
    endloop
  endfacet
  facet normal 0 0 1
    outer loop
      vertex 6.6 18.186 2
      vertex 8.3425 20.1406 2
      vertex 7.00738 20.6431 2
    endloop
  endfacet
  facet normal 0 0 1
    outer loop
      vertex 8.25 16.887 2
      vertex 6.6 18.186 2
      vertex 7.35 16.887 2
    endloop
  endfacet
  facet normal 0 0 1
    outer loop
      vertex 5.64225 21.0572 2
      vertex 6.6 18.186 2
      vertex 7.00738 20.6431 2
    endloop
  endfacet
  facet normal 0 0 1
    outer loop
      vertex 5.64225 21.0572 2
      vertex 5.1 18.186 2
      vertex 6.6 18.186 2
    endloop
  endfacet
  facet normal 0 0 1
    outer loop
      vertex 4.25297 21.3811 2
      vertex 5.1 18.186 2
      vertex 5.64225 21.0572 2
    endloop
  endfacet
  facet normal 0 0 1
    outer loop
      vertex 2.7 18.186 2
      vertex 4.25297 21.3811 2
      vertex 2.84547 21.6135 2
    endloop
  endfacet
  facet normal 0 0 1
    outer loop
      vertex 15.4149 15.4149 2
      vertex 12.45 14.8086 2
      vertex 13.2 13.5096 2
    endloop
  endfacet
  facet normal 0 0 1
    outer loop
      vertex 11.25 16.887 2
      vertex 13.271 17.2951 2
      vertex 12.1114 18.126 2
    endloop
  endfacet
  facet normal 0 0 1
    outer loop
      vertex 13.271 17.2951 2
      vertex 11.25 16.887 2
      vertex 12.45 14.8086 2
    endloop
  endfacet
  facet normal 0 0 1
    outer loop
      vertex 11.25 16.887 2
      vertex 10.95 14.8086 2
      vertex 12.45 14.8086 2
    endloop
  endfacet
  facet normal -0 0 1
    outer loop
      vertex 10.5 15.588 2
      vertex 10.95 14.8086 2
      vertex 11.25 16.887 2
    endloop
  endfacet
  facet normal 0 0 1
    outer loop
      vertex 10.5 15.588 2
      vertex 10.2 13.5096 2
      vertex 10.95 14.8086 2
    endloop
  endfacet
  facet normal 0 0 1
    outer loop
      vertex 10.5 15.588 2
      vertex 9.3 13.5096 2
      vertex 10.2 13.5096 2
    endloop
  endfacet
  facet normal -0 0 1
    outer loop
      vertex 9 15.588 2
      vertex 9.3 13.5096 2
      vertex 10.5 15.588 2
    endloop
  endfacet
  facet normal 0 0 1
    outer loop
      vertex 9 15.588 2
      vertex 8.55 14.8086 2
      vertex 9.3 13.5096 2
    endloop
  endfacet
  facet normal 0 0 1
    outer loop
      vertex 8.25 16.887 2
      vertex 8.55 14.8086 2
      vertex 9 15.588 2
    endloop
  endfacet
  facet normal -0 0 1
    outer loop
      vertex 7.35 16.887 2
      vertex 8.55 14.8086 2
      vertex 8.25 16.887 2
    endloop
  endfacet
  facet normal 0 0 1
    outer loop
      vertex 7.35 16.887 2
      vertex 7.05 14.8086 2
      vertex 8.55 14.8086 2
    endloop
  endfacet
  facet normal -0 0 1
    outer loop
      vertex 6.6 15.588 2
      vertex 7.05 14.8086 2
      vertex 7.35 16.887 2
    endloop
  endfacet
  facet normal 0 0 1
    outer loop
      vertex 6.6 15.588 2
      vertex 6.3 13.5096 2
      vertex 7.05 14.8086 2
    endloop
  endfacet
  facet normal 0 0 1
    outer loop
      vertex 6.6 15.588 2
      vertex 5.4 13.5096 2
      vertex 6.3 13.5096 2
    endloop
  endfacet
  facet normal -0 0 1
    outer loop
      vertex 5.1 15.588 2
      vertex 5.4 13.5096 2
      vertex 6.6 15.588 2
    endloop
  endfacet
  facet normal 0 0 1
    outer loop
      vertex 5.1 15.588 2
      vertex 4.65 14.8086 2
      vertex 5.4 13.5096 2
    endloop
  endfacet
  facet normal 0 0 1
    outer loop
      vertex 4.35 16.887 2
      vertex 4.65 14.8086 2
      vertex 5.1 15.588 2
    endloop
  endfacet
  facet normal 0 0 1
    outer loop
      vertex 5.1 18.186 2
      vertex 3.45 16.887 2
      vertex 4.35 16.887 2
    endloop
  endfacet
  facet normal -0 0 1
    outer loop
      vertex 3.45 16.887 2
      vertex 4.65 14.8086 2
      vertex 4.35 16.887 2
    endloop
  endfacet
  facet normal 0 0 1
    outer loop
      vertex 3.45 16.887 2
      vertex 3.15 14.8086 2
      vertex 4.65 14.8086 2
    endloop
  endfacet
  facet normal -0 0 1
    outer loop
      vertex 2.7 15.588 2
      vertex 3.15 14.8086 2
      vertex 3.45 16.887 2
    endloop
  endfacet
  facet normal 0 0 1
    outer loop
      vertex 2.7 15.588 2
      vertex 2.4 13.5096 2
      vertex 3.15 14.8086 2
    endloop
  endfacet
  facet normal 0 0 1
    outer loop
      vertex 2.7 15.588 2
      vertex 1.5 13.5096 2
      vertex 2.4 13.5096 2
    endloop
  endfacet
  facet normal -0 0 1
    outer loop
      vertex 1.2 15.588 2
      vertex 1.5 13.5096 2
      vertex 2.7 15.588 2
    endloop
  endfacet
  facet normal 0 0 1
    outer loop
      vertex 1.2 15.588 2
      vertex 0.75 14.8086 2
      vertex 1.5 13.5096 2
    endloop
  endfacet
  facet normal 0 0 1
    outer loop
      vertex 0.45 16.887 2
      vertex 0.75 14.8086 2
      vertex 1.2 15.588 2
    endloop
  endfacet
  facet normal 0 0 1
    outer loop
      vertex 1.2 18.186 2
      vertex -0.45 16.887 2
      vertex 0.45 16.887 2
    endloop
  endfacet
  facet normal -0 0 1
    outer loop
      vertex -0.45 16.887 2
      vertex 0.75 14.8086 2
      vertex 0.45 16.887 2
    endloop
  endfacet
  facet normal 0 0 1
    outer loop
      vertex -0.45 16.887 2
      vertex -0.75 14.8086 2
      vertex 0.75 14.8086 2
    endloop
  endfacet
  facet normal -0 0 1
    outer loop
      vertex -1.2 15.588 2
      vertex -0.75 14.8086 2
      vertex -0.45 16.887 2
    endloop
  endfacet
  facet normal 0 0 1
    outer loop
      vertex -1.2 15.588 2
      vertex -1.5 13.5096 2
      vertex -0.75 14.8086 2
    endloop
  endfacet
  facet normal 0 0 1
    outer loop
      vertex -1.2 15.588 2
      vertex -2.4 13.5096 2
      vertex -1.5 13.5096 2
    endloop
  endfacet
  facet normal -0 0 1
    outer loop
      vertex -2.7 15.588 2
      vertex -2.4 13.5096 2
      vertex -1.2 15.588 2
    endloop
  endfacet
  facet normal 0 0 1
    outer loop
      vertex -2.7 15.588 2
      vertex -3.15 14.8086 2
      vertex -2.4 13.5096 2
    endloop
  endfacet
  facet normal 0 0 1
    outer loop
      vertex -3.45 16.887 2
      vertex -3.15 14.8086 2
      vertex -2.7 15.588 2
    endloop
  endfacet
  facet normal 0 0 1
    outer loop
      vertex -2.7 18.186 2
      vertex -4.35 16.887 2
      vertex -3.45 16.887 2
    endloop
  endfacet
  facet normal 0 0 1
    outer loop
      vertex -3.45 16.887 2
      vertex -4.35 16.887 2
      vertex -3.15 14.8086 2
    endloop
  endfacet
  facet normal 0 0 1
    outer loop
      vertex -4.35 16.887 2
      vertex -4.65 14.8086 2
      vertex -3.15 14.8086 2
    endloop
  endfacet
  facet normal -0 0 1
    outer loop
      vertex -5.1 15.588 2
      vertex -4.65 14.8086 2
      vertex -4.35 16.887 2
    endloop
  endfacet
  facet normal 0 0 1
    outer loop
      vertex -5.1 15.588 2
      vertex -5.4 13.5096 2
      vertex -4.65 14.8086 2
    endloop
  endfacet
  facet normal 0 0 1
    outer loop
      vertex -5.1 15.588 2
      vertex -6.3 13.5096 2
      vertex -5.4 13.5096 2
    endloop
  endfacet
  facet normal -0 0 1
    outer loop
      vertex -6.6 15.588 2
      vertex -6.3 13.5096 2
      vertex -5.1 15.588 2
    endloop
  endfacet
  facet normal 0 0 1
    outer loop
      vertex -6.6 15.588 2
      vertex -7.05 14.8086 2
      vertex -6.3 13.5096 2
    endloop
  endfacet
  facet normal 0 0 1
    outer loop
      vertex -7.35 16.887 2
      vertex -7.05 14.8086 2
      vertex -6.6 15.588 2
    endloop
  endfacet
  facet normal -0 0 1
    outer loop
      vertex -8.25 16.887 2
      vertex -7.05 14.8086 2
      vertex -7.35 16.887 2
    endloop
  endfacet
  facet normal 0 0 1
    outer loop
      vertex -8.25 16.887 2
      vertex -8.55 14.8086 2
      vertex -7.05 14.8086 2
    endloop
  endfacet
  facet normal -0 0 1
    outer loop
      vertex -9 15.588 2
      vertex -8.55 14.8086 2
      vertex -8.25 16.887 2
    endloop
  endfacet
  facet normal 0 0 1
    outer loop
      vertex -9 15.588 2
      vertex -9.3 13.5096 2
      vertex -8.55 14.8086 2
    endloop
  endfacet
  facet normal 0 0 1
    outer loop
      vertex -9 15.588 2
      vertex -10.2 13.5096 2
      vertex -9.3 13.5096 2
    endloop
  endfacet
  facet normal -0 0 1
    outer loop
      vertex -10.5 15.588 2
      vertex -10.2 13.5096 2
      vertex -9 15.588 2
    endloop
  endfacet
  facet normal 0 0 1
    outer loop
      vertex -10.5 15.588 2
      vertex -10.95 14.8086 2
      vertex -10.2 13.5096 2
    endloop
  endfacet
  facet normal 0 0 1
    outer loop
      vertex -11.25 16.887 2
      vertex -10.95 14.8086 2
      vertex -10.5 15.588 2
    endloop
  endfacet
  facet normal -0 0 1
    outer loop
      vertex -13.271 17.2951 2
      vertex -11.25 16.887 2
      vertex -12.1114 18.126 2
    endloop
  endfacet
  facet normal 0 0 1
    outer loop
      vertex -11.25 16.887 2
      vertex -12.45 14.8086 2
      vertex -10.95 14.8086 2
    endloop
  endfacet
  facet normal 0 0 1
    outer loop
      vertex -11.25 16.887 2
      vertex -13.271 17.2951 2
      vertex -12.45 14.8086 2
    endloop
  endfacet
  facet normal -0 0 1
    outer loop
      vertex -15.4149 15.4149 2
      vertex -12.45 14.8086 2
      vertex -14.3737 16.3901 2
    endloop
  endfacet
  facet normal -0 0 1
    outer loop
      vertex -14.3737 16.3901 2
      vertex -12.45 14.8086 2
      vertex -13.271 17.2951 2
    endloop
  endfacet
  facet normal 0 0 1
    outer loop
      vertex 17.2951 13.271 2
      vertex 14.4 11.4312 2
      vertex 15.15 10.1322 2
    endloop
  endfacet
  facet normal 0 0 1
    outer loop
      vertex 12.45 14.8086 2
      vertex 15.4149 15.4149 2
      vertex 14.3737 16.3901 2
    endloop
  endfacet
  facet normal 0 0 1
    outer loop
      vertex 12.45 14.8086 2
      vertex 14.3737 16.3901 2
      vertex 13.271 17.2951 2
    endloop
  endfacet
  facet normal 0 0 1
    outer loop
      vertex 16.3901 14.3737 2
      vertex 13.2 13.5096 2
      vertex 14.4 11.4312 2
    endloop
  endfacet
  facet normal 0 0 1
    outer loop
      vertex 13.2 13.5096 2
      vertex 12.9 11.4312 2
      vertex 14.4 11.4312 2
    endloop
  endfacet
  facet normal -0 0 1
    outer loop
      vertex 12.45 12.2106 2
      vertex 12.9 11.4312 2
      vertex 13.2 13.5096 2
    endloop
  endfacet
  facet normal 0 0 1
    outer loop
      vertex 12.45 12.2106 2
      vertex 12.15 10.1322 2
      vertex 12.9 11.4312 2
    endloop
  endfacet
  facet normal 0 0 1
    outer loop
      vertex 12.45 12.2106 2
      vertex 11.25 10.1322 2
      vertex 12.15 10.1322 2
    endloop
  endfacet
  facet normal -0 0 1
    outer loop
      vertex 10.95 12.2106 2
      vertex 11.25 10.1322 2
      vertex 12.45 12.2106 2
    endloop
  endfacet
  facet normal 0 0 1
    outer loop
      vertex 10.95 12.2106 2
      vertex 10.5 11.4312 2
      vertex 11.25 10.1322 2
    endloop
  endfacet
  facet normal 0 0 1
    outer loop
      vertex 10.2 13.5096 2
      vertex 10.5 11.4312 2
      vertex 10.95 12.2106 2
    endloop
  endfacet
  facet normal -0 0 1
    outer loop
      vertex 9.3 13.5096 2
      vertex 10.5 11.4312 2
      vertex 10.2 13.5096 2
    endloop
  endfacet
  facet normal 0 0 1
    outer loop
      vertex 9.3 13.5096 2
      vertex 9 11.4312 2
      vertex 10.5 11.4312 2
    endloop
  endfacet
  facet normal -0 0 1
    outer loop
      vertex 8.55 12.2106 2
      vertex 9 11.4312 2
      vertex 9.3 13.5096 2
    endloop
  endfacet
  facet normal 0 0 1
    outer loop
      vertex 8.55 12.2106 2
      vertex 8.25 10.1322 2
      vertex 9 11.4312 2
    endloop
  endfacet
  facet normal 0 0 1
    outer loop
      vertex 8.55 12.2106 2
      vertex 7.35 10.1322 2
      vertex 8.25 10.1322 2
    endloop
  endfacet
  facet normal -0 0 1
    outer loop
      vertex 7.05 12.2106 2
      vertex 7.35 10.1322 2
      vertex 8.55 12.2106 2
    endloop
  endfacet
  facet normal 0 0 1
    outer loop
      vertex 7.05 12.2106 2
      vertex 6.6 11.4312 2
      vertex 7.35 10.1322 2
    endloop
  endfacet
  facet normal 0 0 1
    outer loop
      vertex 6.3 13.5096 2
      vertex 6.6 11.4312 2
      vertex 7.05 12.2106 2
    endloop
  endfacet
  facet normal -0 0 1
    outer loop
      vertex 5.4 13.5096 2
      vertex 6.6 11.4312 2
      vertex 6.3 13.5096 2
    endloop
  endfacet
  facet normal 0 0 1
    outer loop
      vertex 5.4 13.5096 2
      vertex 5.1 11.4312 2
      vertex 6.6 11.4312 2
    endloop
  endfacet
  facet normal -0 0 1
    outer loop
      vertex 4.65 12.2106 2
      vertex 5.1 11.4312 2
      vertex 5.4 13.5096 2
    endloop
  endfacet
  facet normal 0 0 1
    outer loop
      vertex 4.65 12.2106 2
      vertex 4.35 10.1322 2
      vertex 5.1 11.4312 2
    endloop
  endfacet
  facet normal 0 0 1
    outer loop
      vertex 4.65 12.2106 2
      vertex 3.45 10.1322 2
      vertex 4.35 10.1322 2
    endloop
  endfacet
  facet normal -0 0 1
    outer loop
      vertex 3.15 12.2106 2
      vertex 3.45 10.1322 2
      vertex 4.65 12.2106 2
    endloop
  endfacet
  facet normal 0 0 1
    outer loop
      vertex 3.15 12.2106 2
      vertex 2.7 11.4312 2
      vertex 3.45 10.1322 2
    endloop
  endfacet
  facet normal 0 0 1
    outer loop
      vertex 2.4 13.5096 2
      vertex 2.7 11.4312 2
      vertex 3.15 12.2106 2
    endloop
  endfacet
  facet normal -0 0 1
    outer loop
      vertex 1.5 13.5096 2
      vertex 2.7 11.4312 2
      vertex 2.4 13.5096 2
    endloop
  endfacet
  facet normal 0 0 1
    outer loop
      vertex 1.5 13.5096 2
      vertex 1.2 11.4312 2
      vertex 2.7 11.4312 2
    endloop
  endfacet
  facet normal -0 0 1
    outer loop
      vertex 0.75 12.2106 2
      vertex 1.2 11.4312 2
      vertex 1.5 13.5096 2
    endloop
  endfacet
  facet normal 0 0 1
    outer loop
      vertex 0.75 12.2106 2
      vertex 0.45 10.1322 2
      vertex 1.2 11.4312 2
    endloop
  endfacet
  facet normal 0 0 1
    outer loop
      vertex 0.75 12.2106 2
      vertex -0.45 10.1322 2
      vertex 0.45 10.1322 2
    endloop
  endfacet
  facet normal -0 0 1
    outer loop
      vertex -0.75 12.2106 2
      vertex -0.45 10.1322 2
      vertex 0.75 12.2106 2
    endloop
  endfacet
  facet normal 0 0 1
    outer loop
      vertex -0.75 12.2106 2
      vertex -1.2 11.4312 2
      vertex -0.45 10.1322 2
    endloop
  endfacet
  facet normal 0 0 1
    outer loop
      vertex -1.5 13.5096 2
      vertex -1.2 11.4312 2
      vertex -0.75 12.2106 2
    endloop
  endfacet
  facet normal -0 0 1
    outer loop
      vertex -2.4 13.5096 2
      vertex -1.2 11.4312 2
      vertex -1.5 13.5096 2
    endloop
  endfacet
  facet normal 0 0 1
    outer loop
      vertex -2.4 13.5096 2
      vertex -2.7 11.4312 2
      vertex -1.2 11.4312 2
    endloop
  endfacet
  facet normal -0 0 1
    outer loop
      vertex -3.15 12.2106 2
      vertex -2.7 11.4312 2
      vertex -2.4 13.5096 2
    endloop
  endfacet
  facet normal 0 0 1
    outer loop
      vertex -3.15 12.2106 2
      vertex -3.45 10.1322 2
      vertex -2.7 11.4312 2
    endloop
  endfacet
  facet normal 0 0 1
    outer loop
      vertex -3.15 12.2106 2
      vertex -4.35 10.1322 2
      vertex -3.45 10.1322 2
    endloop
  endfacet
  facet normal -0 0 1
    outer loop
      vertex -4.65 12.2106 2
      vertex -4.35 10.1322 2
      vertex -3.15 12.2106 2
    endloop
  endfacet
  facet normal 0 0 1
    outer loop
      vertex -4.65 12.2106 2
      vertex -5.1 11.4312 2
      vertex -4.35 10.1322 2
    endloop
  endfacet
  facet normal 0 0 1
    outer loop
      vertex -5.4 13.5096 2
      vertex -5.1 11.4312 2
      vertex -4.65 12.2106 2
    endloop
  endfacet
  facet normal -0 0 1
    outer loop
      vertex -6.3 13.5096 2
      vertex -5.1 11.4312 2
      vertex -5.4 13.5096 2
    endloop
  endfacet
  facet normal 0 0 1
    outer loop
      vertex -6.3 13.5096 2
      vertex -6.6 11.4312 2
      vertex -5.1 11.4312 2
    endloop
  endfacet
  facet normal -0 0 1
    outer loop
      vertex -7.05 12.2106 2
      vertex -6.6 11.4312 2
      vertex -6.3 13.5096 2
    endloop
  endfacet
  facet normal 0 0 1
    outer loop
      vertex -7.05 12.2106 2
      vertex -7.35 10.1322 2
      vertex -6.6 11.4312 2
    endloop
  endfacet
  facet normal 0 0 1
    outer loop
      vertex -7.05 12.2106 2
      vertex -8.25 10.1322 2
      vertex -7.35 10.1322 2
    endloop
  endfacet
  facet normal -0 0 1
    outer loop
      vertex -8.55 12.2106 2
      vertex -8.25 10.1322 2
      vertex -7.05 12.2106 2
    endloop
  endfacet
  facet normal 0 0 1
    outer loop
      vertex -8.55 12.2106 2
      vertex -9 11.4312 2
      vertex -8.25 10.1322 2
    endloop
  endfacet
  facet normal 0 0 1
    outer loop
      vertex -9.3 13.5096 2
      vertex -9 11.4312 2
      vertex -8.55 12.2106 2
    endloop
  endfacet
  facet normal -0 0 1
    outer loop
      vertex -10.2 13.5096 2
      vertex -9 11.4312 2
      vertex -9.3 13.5096 2
    endloop
  endfacet
  facet normal 0 0 1
    outer loop
      vertex -10.2 13.5096 2
      vertex -10.5 11.4312 2
      vertex -9 11.4312 2
    endloop
  endfacet
  facet normal -0 0 1
    outer loop
      vertex -10.95 12.2106 2
      vertex -10.5 11.4312 2
      vertex -10.2 13.5096 2
    endloop
  endfacet
  facet normal 0 0 1
    outer loop
      vertex -10.95 12.2106 2
      vertex -11.25 10.1322 2
      vertex -10.5 11.4312 2
    endloop
  endfacet
  facet normal 0 -0 1
    outer loop
      vertex -11.25 10.1322 2
      vertex -10.95 12.2106 2
      vertex -12.45 12.2106 2
    endloop
  endfacet
  facet normal 0 0 1
    outer loop
      vertex 14.4 11.4312 2
      vertex 17.2951 13.271 2
      vertex 16.3901 14.3737 2
    endloop
  endfacet
  facet normal 0 0 1
    outer loop
      vertex 17.2951 13.271 2
      vertex 16.35 8.05384 2
      vertex 17.1 6.7548 2
    endloop
  endfacet
  facet normal 0 0 1
    outer loop
      vertex 13.2 13.5096 2
      vertex 16.3901 14.3737 2
      vertex 15.4149 15.4149 2
    endloop
  endfacet
  facet normal 0 0 1
    outer loop
      vertex 17.2951 13.271 2
      vertex 15.15 10.1322 2
      vertex 16.35 8.05384 2
    endloop
  endfacet
  facet normal 0 0 1
    outer loop
      vertex 15.15 10.1322 2
      vertex 14.85 8.05384 2
      vertex 16.35 8.05384 2
    endloop
  endfacet
  facet normal -0 0 1
    outer loop
      vertex 14.4 8.83316 2
      vertex 14.85 8.05384 2
      vertex 15.15 10.1322 2
    endloop
  endfacet
  facet normal 0 0 1
    outer loop
      vertex 14.4 8.83316 2
      vertex 14.1 6.7548 2
      vertex 14.85 8.05384 2
    endloop
  endfacet
  facet normal 0 0 1
    outer loop
      vertex 14.4 8.83316 2
      vertex 13.2 6.7548 2
      vertex 14.1 6.7548 2
    endloop
  endfacet
  facet normal -0 0 1
    outer loop
      vertex 12.9 8.83316 2
      vertex 13.2 6.7548 2
      vertex 14.4 8.83316 2
    endloop
  endfacet
  facet normal 0 0 1
    outer loop
      vertex 12.9 8.83316 2
      vertex 12.45 8.05384 2
      vertex 13.2 6.7548 2
    endloop
  endfacet
  facet normal 0 0 1
    outer loop
      vertex 12.15 10.1322 2
      vertex 12.45 8.05384 2
      vertex 12.9 8.83316 2
    endloop
  endfacet
  facet normal -0 0 1
    outer loop
      vertex 11.25 10.1322 2
      vertex 12.45 8.05384 2
      vertex 12.15 10.1322 2
    endloop
  endfacet
  facet normal 0 0 1
    outer loop
      vertex 11.25 10.1322 2
      vertex 10.95 8.05384 2
      vertex 12.45 8.05384 2
    endloop
  endfacet
  facet normal -0 0 1
    outer loop
      vertex 10.5 8.83316 2
      vertex 10.95 8.05384 2
      vertex 11.25 10.1322 2
    endloop
  endfacet
  facet normal 0 0 1
    outer loop
      vertex 10.5 8.83316 2
      vertex 10.2 6.7548 2
      vertex 10.95 8.05384 2
    endloop
  endfacet
  facet normal 0 0 1
    outer loop
      vertex 10.5 8.83316 2
      vertex 9.3 6.7548 2
      vertex 10.2 6.7548 2
    endloop
  endfacet
  facet normal -0 0 1
    outer loop
      vertex 9 8.83316 2
      vertex 9.3 6.7548 2
      vertex 10.5 8.83316 2
    endloop
  endfacet
  facet normal 0 0 1
    outer loop
      vertex 9 8.83316 2
      vertex 8.55 8.05384 2
      vertex 9.3 6.7548 2
    endloop
  endfacet
  facet normal 0 0 1
    outer loop
      vertex 8.25 10.1322 2
      vertex 8.55 8.05384 2
      vertex 9 8.83316 2
    endloop
  endfacet
  facet normal -0 0 1
    outer loop
      vertex 7.35 10.1322 2
      vertex 8.55 8.05384 2
      vertex 8.25 10.1322 2
    endloop
  endfacet
  facet normal 0 0 1
    outer loop
      vertex 7.35 10.1322 2
      vertex 7.05 8.05384 2
      vertex 8.55 8.05384 2
    endloop
  endfacet
  facet normal -0 0 1
    outer loop
      vertex 6.6 8.83316 2
      vertex 7.05 8.05384 2
      vertex 7.35 10.1322 2
    endloop
  endfacet
  facet normal 0 0 1
    outer loop
      vertex 6.6 8.83316 2
      vertex 6.3 6.7548 2
      vertex 7.05 8.05384 2
    endloop
  endfacet
  facet normal 0 0 1
    outer loop
      vertex 6.6 8.83316 2
      vertex 5.4 6.7548 2
      vertex 6.3 6.7548 2
    endloop
  endfacet
  facet normal -0 0 1
    outer loop
      vertex 5.1 8.83316 2
      vertex 5.4 6.7548 2
      vertex 6.6 8.83316 2
    endloop
  endfacet
  facet normal 0 0 1
    outer loop
      vertex 5.1 8.83316 2
      vertex 4.65 8.05384 2
      vertex 5.4 6.7548 2
    endloop
  endfacet
  facet normal 0 0 1
    outer loop
      vertex 4.35 10.1322 2
      vertex 4.65 8.05384 2
      vertex 5.1 8.83316 2
    endloop
  endfacet
  facet normal -0 0 1
    outer loop
      vertex 3.45 10.1322 2
      vertex 4.65 8.05384 2
      vertex 4.35 10.1322 2
    endloop
  endfacet
  facet normal 0 0 1
    outer loop
      vertex 3.45 10.1322 2
      vertex 3.15 8.05384 2
      vertex 4.65 8.05384 2
    endloop
  endfacet
  facet normal -0 0 1
    outer loop
      vertex 2.7 8.83316 2
      vertex 3.15 8.05384 2
      vertex 3.45 10.1322 2
    endloop
  endfacet
  facet normal 0 0 1
    outer loop
      vertex 2.7 8.83316 2
      vertex 2.4 6.7548 2
      vertex 3.15 8.05384 2
    endloop
  endfacet
  facet normal 0 0 1
    outer loop
      vertex 2.7 8.83316 2
      vertex 1.5 6.7548 2
      vertex 2.4 6.7548 2
    endloop
  endfacet
  facet normal -0 0 1
    outer loop
      vertex 1.2 8.83316 2
      vertex 1.5 6.7548 2
      vertex 2.7 8.83316 2
    endloop
  endfacet
  facet normal 0 0 1
    outer loop
      vertex 1.2 8.83316 2
      vertex 0.75 8.05384 2
      vertex 1.5 6.7548 2
    endloop
  endfacet
  facet normal 0 0 1
    outer loop
      vertex 0.45 10.1322 2
      vertex 0.75 8.05384 2
      vertex 1.2 8.83316 2
    endloop
  endfacet
  facet normal -0 0 1
    outer loop
      vertex -0.45 10.1322 2
      vertex 0.75 8.05384 2
      vertex 0.45 10.1322 2
    endloop
  endfacet
  facet normal 0 0 1
    outer loop
      vertex -0.45 10.1322 2
      vertex -0.75 8.05384 2
      vertex 0.75 8.05384 2
    endloop
  endfacet
  facet normal -0 0 1
    outer loop
      vertex -1.2 8.83316 2
      vertex -0.75 8.05384 2
      vertex -0.45 10.1322 2
    endloop
  endfacet
  facet normal 0 0 1
    outer loop
      vertex -1.2 8.83316 2
      vertex -1.5 6.7548 2
      vertex -0.75 8.05384 2
    endloop
  endfacet
  facet normal 0 0 1
    outer loop
      vertex -1.2 8.83316 2
      vertex -2.4 6.7548 2
      vertex -1.5 6.7548 2
    endloop
  endfacet
  facet normal -0 0 1
    outer loop
      vertex -2.7 8.83316 2
      vertex -2.4 6.7548 2
      vertex -1.2 8.83316 2
    endloop
  endfacet
  facet normal 0 0 1
    outer loop
      vertex -2.7 8.83316 2
      vertex -3.15 8.05384 2
      vertex -2.4 6.7548 2
    endloop
  endfacet
  facet normal 0 0 1
    outer loop
      vertex -3.45 10.1322 2
      vertex -3.15 8.05384 2
      vertex -2.7 8.83316 2
    endloop
  endfacet
  facet normal -0 0 1
    outer loop
      vertex -4.35 10.1322 2
      vertex -3.15 8.05384 2
      vertex -3.45 10.1322 2
    endloop
  endfacet
  facet normal 0 0 1
    outer loop
      vertex -4.35 10.1322 2
      vertex -4.65 8.05384 2
      vertex -3.15 8.05384 2
    endloop
  endfacet
  facet normal -0 0 1
    outer loop
      vertex -5.1 8.83316 2
      vertex -4.65 8.05384 2
      vertex -4.35 10.1322 2
    endloop
  endfacet
  facet normal 0 0 1
    outer loop
      vertex -5.1 8.83316 2
      vertex -5.4 6.7548 2
      vertex -4.65 8.05384 2
    endloop
  endfacet
  facet normal 0 0 1
    outer loop
      vertex -5.1 8.83316 2
      vertex -6.3 6.7548 2
      vertex -5.4 6.7548 2
    endloop
  endfacet
  facet normal -0 0 1
    outer loop
      vertex -6.6 8.83316 2
      vertex -6.3 6.7548 2
      vertex -5.1 8.83316 2
    endloop
  endfacet
  facet normal 0 0 1
    outer loop
      vertex -6.6 8.83316 2
      vertex -7.05 8.05384 2
      vertex -6.3 6.7548 2
    endloop
  endfacet
  facet normal 0 0 1
    outer loop
      vertex -7.35 10.1322 2
      vertex -7.05 8.05384 2
      vertex -6.6 8.83316 2
    endloop
  endfacet
  facet normal -0 0 1
    outer loop
      vertex -8.25 10.1322 2
      vertex -7.05 8.05384 2
      vertex -7.35 10.1322 2
    endloop
  endfacet
  facet normal 0 0 1
    outer loop
      vertex -8.25 10.1322 2
      vertex -8.55 8.05384 2
      vertex -7.05 8.05384 2
    endloop
  endfacet
  facet normal -0 0 1
    outer loop
      vertex -9 8.83316 2
      vertex -8.55 8.05384 2
      vertex -8.25 10.1322 2
    endloop
  endfacet
  facet normal 0 0 1
    outer loop
      vertex -9 8.83316 2
      vertex -9.3 6.7548 2
      vertex -8.55 8.05384 2
    endloop
  endfacet
  facet normal 0 0 1
    outer loop
      vertex -9 8.83316 2
      vertex -10.2 6.7548 2
      vertex -9.3 6.7548 2
    endloop
  endfacet
  facet normal -0 0 1
    outer loop
      vertex -10.5 8.83316 2
      vertex -10.2 6.7548 2
      vertex -9 8.83316 2
    endloop
  endfacet
  facet normal 0 0 1
    outer loop
      vertex -10.5 8.83316 2
      vertex -10.95 8.05384 2
      vertex -10.2 6.7548 2
    endloop
  endfacet
  facet normal 0 0 1
    outer loop
      vertex -11.25 10.1322 2
      vertex -10.95 8.05384 2
      vertex -10.5 8.83316 2
    endloop
  endfacet
  facet normal 0 0 1
    outer loop
      vertex -12.45 8.05384 2
      vertex -11.25 10.1322 2
      vertex -12.45 12.2106 2
    endloop
  endfacet
  facet normal 0 0 1
    outer loop
      vertex -11.25 10.1322 2
      vertex -12.45 8.05384 2
      vertex -10.95 8.05384 2
    endloop
  endfacet
  facet normal 0 0 1
    outer loop
      vertex -13.2 13.5096 2
      vertex -12.45 8.05384 2
      vertex -12.45 12.2106 2
    endloop
  endfacet
  facet normal 0 0 1
    outer loop
      vertex -12.45 8.05384 2
      vertex -13.2 13.5096 2
      vertex -13.2 6.7548 2
    endloop
  endfacet
  facet normal 0 0 1
    outer loop
      vertex 17.1 0 2
      vertex 21.8 0 2
      vertex 18.3 2.07836 2
    endloop
  endfacet
  facet normal 0 0 1
    outer loop
      vertex 21.8 0 2
      vertex 18.3 -2.07836 2
      vertex 19.05 -3.3774 2
    endloop
  endfacet
  facet normal 0 0 1
    outer loop
      vertex 21.8 0 2
      vertex 17.1 0 2
      vertex 18.3 -2.07836 2
    endloop
  endfacet
  facet normal -0 0 1
    outer loop
      vertex 16.8 2.07836 2
      vertex 17.1 0 2
      vertex 18.3 2.07836 2
    endloop
  endfacet
  facet normal 0 0 1
    outer loop
      vertex 16.8 2.07836 2
      vertex 16.35 1.29904 2
      vertex 17.1 0 2
    endloop
  endfacet
  facet normal 0 0 1
    outer loop
      vertex 16.05 3.3774 2
      vertex 16.35 1.29904 2
      vertex 16.8 2.07836 2
    endloop
  endfacet
  facet normal -0 0 1
    outer loop
      vertex 15.15 3.3774 2
      vertex 16.35 1.29904 2
      vertex 16.05 3.3774 2
    endloop
  endfacet
  facet normal 0 0 1
    outer loop
      vertex 15.15 3.3774 2
      vertex 14.85 1.29904 2
      vertex 16.35 1.29904 2
    endloop
  endfacet
  facet normal -0 0 1
    outer loop
      vertex 14.4 2.07836 2
      vertex 14.85 1.29904 2
      vertex 15.15 3.3774 2
    endloop
  endfacet
  facet normal 0 0 1
    outer loop
      vertex 14.4 2.07836 2
      vertex 14.1 0 2
      vertex 14.85 1.29904 2
    endloop
  endfacet
  facet normal 0 0 1
    outer loop
      vertex 14.4 2.07836 2
      vertex 13.2 0 2
      vertex 14.1 0 2
    endloop
  endfacet
  facet normal -0 0 1
    outer loop
      vertex 12.9 2.07836 2
      vertex 13.2 0 2
      vertex 14.4 2.07836 2
    endloop
  endfacet
  facet normal 0 0 1
    outer loop
      vertex 12.9 2.07836 2
      vertex 12.45 1.29904 2
      vertex 13.2 0 2
    endloop
  endfacet
  facet normal 0 0 1
    outer loop
      vertex 12.15 3.3774 2
      vertex 12.45 1.29904 2
      vertex 12.9 2.07836 2
    endloop
  endfacet
  facet normal -0 0 1
    outer loop
      vertex 11.25 3.3774 2
      vertex 12.45 1.29904 2
      vertex 12.15 3.3774 2
    endloop
  endfacet
  facet normal 0 0 1
    outer loop
      vertex 11.25 3.3774 2
      vertex 10.95 1.29904 2
      vertex 12.45 1.29904 2
    endloop
  endfacet
  facet normal -0 0 1
    outer loop
      vertex 10.5 2.07836 2
      vertex 10.95 1.29904 2
      vertex 11.25 3.3774 2
    endloop
  endfacet
  facet normal 0 0 1
    outer loop
      vertex 10.5 2.07836 2
      vertex 10.2 0 2
      vertex 10.95 1.29904 2
    endloop
  endfacet
  facet normal 0 0 1
    outer loop
      vertex 10.5 2.07836 2
      vertex 9.3 0 2
      vertex 10.2 0 2
    endloop
  endfacet
  facet normal -0 0 1
    outer loop
      vertex 9 2.07836 2
      vertex 9.3 0 2
      vertex 10.5 2.07836 2
    endloop
  endfacet
  facet normal 0 0 1
    outer loop
      vertex 9 2.07836 2
      vertex 8.55 1.29904 2
      vertex 9.3 0 2
    endloop
  endfacet
  facet normal 0 0 1
    outer loop
      vertex 8.25 3.3774 2
      vertex 8.55 1.29904 2
      vertex 9 2.07836 2
    endloop
  endfacet
  facet normal -0 0 1
    outer loop
      vertex 7.35 3.3774 2
      vertex 8.55 1.29904 2
      vertex 8.25 3.3774 2
    endloop
  endfacet
  facet normal 0 0 1
    outer loop
      vertex 7.35 3.3774 2
      vertex 7.05 1.29904 2
      vertex 8.55 1.29904 2
    endloop
  endfacet
  facet normal -0 0 1
    outer loop
      vertex 6.6 2.07836 2
      vertex 7.05 1.29904 2
      vertex 7.35 3.3774 2
    endloop
  endfacet
  facet normal 0 0 1
    outer loop
      vertex 6.6 2.07836 2
      vertex 6.3 0 2
      vertex 7.05 1.29904 2
    endloop
  endfacet
  facet normal 0 0 1
    outer loop
      vertex 6.6 2.07836 2
      vertex 5.4 0 2
      vertex 6.3 0 2
    endloop
  endfacet
  facet normal -0 0 1
    outer loop
      vertex 5.1 2.07836 2
      vertex 5.4 0 2
      vertex 6.6 2.07836 2
    endloop
  endfacet
  facet normal 0 0 1
    outer loop
      vertex 5.1 2.07836 2
      vertex 4.65 1.29904 2
      vertex 5.4 0 2
    endloop
  endfacet
  facet normal 0 0 1
    outer loop
      vertex 4.35 3.3774 2
      vertex 4.65 1.29904 2
      vertex 5.1 2.07836 2
    endloop
  endfacet
  facet normal -0 0 1
    outer loop
      vertex 3.45 3.3774 2
      vertex 4.65 1.29904 2
      vertex 4.35 3.3774 2
    endloop
  endfacet
  facet normal 0 0 1
    outer loop
      vertex 3.45 3.3774 2
      vertex 3.15 1.29904 2
      vertex 4.65 1.29904 2
    endloop
  endfacet
  facet normal -0 0 1
    outer loop
      vertex 2.7 2.07836 2
      vertex 3.15 1.29904 2
      vertex 3.45 3.3774 2
    endloop
  endfacet
  facet normal 0 0 1
    outer loop
      vertex 2.7 2.07836 2
      vertex 2.4 0 2
      vertex 3.15 1.29904 2
    endloop
  endfacet
  facet normal 0 0 1
    outer loop
      vertex 2.7 2.07836 2
      vertex 1.5 0 2
      vertex 2.4 0 2
    endloop
  endfacet
  facet normal -0 0 1
    outer loop
      vertex 1.2 2.07836 2
      vertex 1.5 0 2
      vertex 2.7 2.07836 2
    endloop
  endfacet
  facet normal 0 0 1
    outer loop
      vertex 1.2 2.07836 2
      vertex 0.75 1.29904 2
      vertex 1.5 0 2
    endloop
  endfacet
  facet normal 0 0 1
    outer loop
      vertex 0.45 3.3774 2
      vertex 0.75 1.29904 2
      vertex 1.2 2.07836 2
    endloop
  endfacet
  facet normal -0 0 1
    outer loop
      vertex -0.45 3.3774 2
      vertex 0.75 1.29904 2
      vertex 0.45 3.3774 2
    endloop
  endfacet
  facet normal 0 0 1
    outer loop
      vertex -0.45 3.3774 2
      vertex -0.75 1.29904 2
      vertex 0.75 1.29904 2
    endloop
  endfacet
  facet normal -0 0 1
    outer loop
      vertex -1.2 2.07836 2
      vertex -0.75 1.29904 2
      vertex -0.45 3.3774 2
    endloop
  endfacet
  facet normal 0 0 1
    outer loop
      vertex -1.2 2.07836 2
      vertex -1.5 0 2
      vertex -0.75 1.29904 2
    endloop
  endfacet
  facet normal 0 0 1
    outer loop
      vertex -1.2 2.07836 2
      vertex -2.4 0 2
      vertex -1.5 0 2
    endloop
  endfacet
  facet normal -0 0 1
    outer loop
      vertex -2.7 2.07836 2
      vertex -2.4 0 2
      vertex -1.2 2.07836 2
    endloop
  endfacet
  facet normal 0 0 1
    outer loop
      vertex -2.7 2.07836 2
      vertex -3.15 1.29904 2
      vertex -2.4 0 2
    endloop
  endfacet
  facet normal 0 0 1
    outer loop
      vertex -3.45 3.3774 2
      vertex -3.15 1.29904 2
      vertex -2.7 2.07836 2
    endloop
  endfacet
  facet normal -0 0 1
    outer loop
      vertex -4.35 3.3774 2
      vertex -3.15 1.29904 2
      vertex -3.45 3.3774 2
    endloop
  endfacet
  facet normal 0 0 1
    outer loop
      vertex -4.35 3.3774 2
      vertex -4.65 1.29904 2
      vertex -3.15 1.29904 2
    endloop
  endfacet
  facet normal -0 0 1
    outer loop
      vertex -5.1 2.07836 2
      vertex -4.65 1.29904 2
      vertex -4.35 3.3774 2
    endloop
  endfacet
  facet normal 0 0 1
    outer loop
      vertex -5.1 2.07836 2
      vertex -5.4 0 2
      vertex -4.65 1.29904 2
    endloop
  endfacet
  facet normal 0 0 1
    outer loop
      vertex -5.1 2.07836 2
      vertex -6.3 0 2
      vertex -5.4 0 2
    endloop
  endfacet
  facet normal -0 0 1
    outer loop
      vertex -6.6 2.07836 2
      vertex -6.3 0 2
      vertex -5.1 2.07836 2
    endloop
  endfacet
  facet normal 0 0 1
    outer loop
      vertex -6.6 2.07836 2
      vertex -7.05 1.29904 2
      vertex -6.3 0 2
    endloop
  endfacet
  facet normal 0 0 1
    outer loop
      vertex -7.35 3.3774 2
      vertex -7.05 1.29904 2
      vertex -6.6 2.07836 2
    endloop
  endfacet
  facet normal -0 0 1
    outer loop
      vertex -8.25 3.3774 2
      vertex -7.05 1.29904 2
      vertex -7.35 3.3774 2
    endloop
  endfacet
  facet normal 0 0 1
    outer loop
      vertex -8.25 3.3774 2
      vertex -8.55 1.29904 2
      vertex -7.05 1.29904 2
    endloop
  endfacet
  facet normal -0 0 1
    outer loop
      vertex -9 2.07836 2
      vertex -8.55 1.29904 2
      vertex -8.25 3.3774 2
    endloop
  endfacet
  facet normal 0 0 1
    outer loop
      vertex -9 2.07836 2
      vertex -9.3 0 2
      vertex -8.55 1.29904 2
    endloop
  endfacet
  facet normal 0 0 1
    outer loop
      vertex -9 2.07836 2
      vertex -10.2 0 2
      vertex -9.3 0 2
    endloop
  endfacet
  facet normal -0 0 1
    outer loop
      vertex -10.5 2.07836 2
      vertex -10.2 0 2
      vertex -9 2.07836 2
    endloop
  endfacet
  facet normal 0 0 1
    outer loop
      vertex -10.5 2.07836 2
      vertex -10.95 1.29904 2
      vertex -10.2 0 2
    endloop
  endfacet
  facet normal 0 0 1
    outer loop
      vertex -11.25 3.3774 2
      vertex -10.95 1.29904 2
      vertex -10.5 2.07836 2
    endloop
  endfacet
  facet normal -0 0 1
    outer loop
      vertex -12.15 3.3774 2
      vertex -10.95 1.29904 2
      vertex -11.25 3.3774 2
    endloop
  endfacet
  facet normal 0 0 1
    outer loop
      vertex -12.15 3.3774 2
      vertex -12.45 1.29904 2
      vertex -10.95 1.29904 2
    endloop
  endfacet
  facet normal -0 0 1
    outer loop
      vertex -12.9 2.07836 2
      vertex -12.45 1.29904 2
      vertex -12.15 3.3774 2
    endloop
  endfacet
  facet normal 0 0 1
    outer loop
      vertex -12.9 2.07836 2
      vertex -13.2 0 2
      vertex -12.45 1.29904 2
    endloop
  endfacet
  facet normal 0 0 1
    outer loop
      vertex -12.9 2.07836 2
      vertex -14.1 0 2
      vertex -13.2 0 2
    endloop
  endfacet
  facet normal -0 0 1
    outer loop
      vertex -14.4 2.07836 2
      vertex -14.1 0 2
      vertex -12.9 2.07836 2
    endloop
  endfacet
  facet normal 0 0 1
    outer loop
      vertex -14.4 2.07836 2
      vertex -14.85 1.29904 2
      vertex -14.1 0 2
    endloop
  endfacet
  facet normal 0 0 1
    outer loop
      vertex -15.15 3.3774 2
      vertex -14.85 1.29904 2
      vertex -14.4 2.07836 2
    endloop
  endfacet
  facet normal 0 0 1
    outer loop
      vertex -14.4 4.67644 2
      vertex -15.6741 4.77772 2
      vertex -15.15 3.3774 2
    endloop
  endfacet
  facet normal -0 0 1
    outer loop
      vertex -16.1716 4.17157 2
      vertex -15.15 3.3774 2
      vertex -15.6741 4.77772 2
    endloop
  endfacet
  facet normal -0 0 1
    outer loop
      vertex -16.7777 3.67412 2
      vertex -15.15 3.3774 2
      vertex -16.1716 4.17157 2
    endloop
  endfacet
  facet normal 0 -0 1
    outer loop
      vertex -16.35 1.29904 2
      vertex -15.15 3.3774 2
      vertex -16.7777 3.67412 2
    endloop
  endfacet
  facet normal 0 0 1
    outer loop
      vertex -15.15 3.3774 2
      vertex -16.35 1.29904 2
      vertex -14.85 1.29904 2
    endloop
  endfacet
  facet normal -0 0 1
    outer loop
      vertex -17.4693 3.30448 2
      vertex -16.35 1.29904 2
      vertex -16.7777 3.67412 2
    endloop
  endfacet
  facet normal -0 0 1
    outer loop
      vertex -18.2196 3.07686 2
      vertex -16.35 1.29904 2
      vertex -17.4693 3.30448 2
    endloop
  endfacet
  facet normal -0 0 1
    outer loop
      vertex 18.3 2.07836 2
      vertex 21.7533 1.42579 2
      vertex 19.05 3.3774 2
    endloop
  endfacet
  facet normal 0 0 1
    outer loop
      vertex 19.05 3.3774 2
      vertex 21.7533 1.42579 2
      vertex 21.6135 2.84547 2
    endloop
  endfacet
  facet normal 0 0 1
    outer loop
      vertex 21.7533 1.42579 2
      vertex 18.3 2.07836 2
      vertex 21.8 0 2
    endloop
  endfacet
  facet normal -0 0 1
    outer loop
      vertex 19.05 3.3774 2
      vertex 21.6135 2.84547 2
      vertex 21.3811 4.25297 2
    endloop
  endfacet
  facet normal 0 0 1
    outer loop
      vertex 21.8 0 2
      vertex 19.05 -3.3774 2
      vertex 21.7533 -1.42579 2
    endloop
  endfacet
  facet normal 0 0 1
    outer loop
      vertex 19.05 3.3774 2
      vertex 21.3811 4.25297 2
      vertex 21.0572 5.64225 2
    endloop
  endfacet
  facet normal 0 0 1
    outer loop
      vertex 21.7533 -1.42579 2
      vertex 19.05 -3.3774 2
      vertex 21.6135 -2.84547 2
    endloop
  endfacet
  facet normal 0 0 1
    outer loop
      vertex 18.3 4.67644 2
      vertex 21.0572 5.64225 2
      vertex 20.6431 7.00738 2
    endloop
  endfacet
  facet normal 0 0 1
    outer loop
      vertex 21.6135 -2.84547 2
      vertex 19.05 -3.3774 2
      vertex 21.3811 -4.25297 2
    endloop
  endfacet
  facet normal 0 0 1
    outer loop
      vertex 17.1 6.7548 2
      vertex 20.6431 7.00738 2
      vertex 20.1406 8.3425 2
    endloop
  endfacet
  facet normal 0 0 1
    outer loop
      vertex 21.3811 -4.25297 2
      vertex 19.05 -3.3774 2
      vertex 21.0572 -5.64225 2
    endloop
  endfacet
  facet normal 0 0 1
    outer loop
      vertex 17.1 6.7548 2
      vertex 20.1406 8.3425 2
      vertex 19.5518 9.64189 2
    endloop
  endfacet
  facet normal -0 0 1
    outer loop
      vertex 18.3 -4.67644 2
      vertex 21.0572 -5.64225 2
      vertex 19.05 -3.3774 2
    endloop
  endfacet
  facet normal 0 0 1
    outer loop
      vertex 21.0572 -5.64225 2
      vertex 18.3 -4.67644 2
      vertex 20.6431 -7.00738 2
    endloop
  endfacet
  facet normal 0 0 1
    outer loop
      vertex 17.1 6.7548 2
      vertex 19.5518 9.64189 2
      vertex 18.8794 10.9 2
    endloop
  endfacet
  facet normal 0 0 1
    outer loop
      vertex 21.0572 5.64225 2
      vertex 18.3 4.67644 2
      vertex 19.05 3.3774 2
    endloop
  endfacet
  facet normal 0 0 1
    outer loop
      vertex 17.1 6.7548 2
      vertex 18.8794 10.9 2
      vertex 18.126 12.1114 2
    endloop
  endfacet
  facet normal 0 0 1
    outer loop
      vertex 17.1 6.7548 2
      vertex 18.126 12.1114 2
      vertex 17.2951 13.271 2
    endloop
  endfacet
  facet normal 0 0 1
    outer loop
      vertex 20.6431 7.00738 2
      vertex 17.1 6.7548 2
      vertex 18.3 4.67644 2
    endloop
  endfacet
  facet normal 0 0 1
    outer loop
      vertex 17.1 6.7548 2
      vertex 16.8 4.67644 2
      vertex 18.3 4.67644 2
    endloop
  endfacet
  facet normal -0 0 1
    outer loop
      vertex 16.35 5.45576 2
      vertex 16.8 4.67644 2
      vertex 17.1 6.7548 2
    endloop
  endfacet
  facet normal 0 0 1
    outer loop
      vertex 16.35 5.45576 2
      vertex 16.05 3.3774 2
      vertex 16.8 4.67644 2
    endloop
  endfacet
  facet normal 0 0 1
    outer loop
      vertex 16.35 5.45576 2
      vertex 15.15 3.3774 2
      vertex 16.05 3.3774 2
    endloop
  endfacet
  facet normal -0 0 1
    outer loop
      vertex 14.85 5.45576 2
      vertex 15.15 3.3774 2
      vertex 16.35 5.45576 2
    endloop
  endfacet
  facet normal 0 0 1
    outer loop
      vertex 14.85 5.45576 2
      vertex 14.4 4.67644 2
      vertex 15.15 3.3774 2
    endloop
  endfacet
  facet normal 0 0 1
    outer loop
      vertex 14.1 6.7548 2
      vertex 14.4 4.67644 2
      vertex 14.85 5.45576 2
    endloop
  endfacet
  facet normal -0 0 1
    outer loop
      vertex 13.2 6.7548 2
      vertex 14.4 4.67644 2
      vertex 14.1 6.7548 2
    endloop
  endfacet
  facet normal 0 0 1
    outer loop
      vertex 13.2 6.7548 2
      vertex 12.9 4.67644 2
      vertex 14.4 4.67644 2
    endloop
  endfacet
  facet normal -0 0 1
    outer loop
      vertex 12.45 5.45576 2
      vertex 12.9 4.67644 2
      vertex 13.2 6.7548 2
    endloop
  endfacet
  facet normal 0 0 1
    outer loop
      vertex 12.45 5.45576 2
      vertex 12.15 3.3774 2
      vertex 12.9 4.67644 2
    endloop
  endfacet
  facet normal 0 0 1
    outer loop
      vertex 12.45 5.45576 2
      vertex 11.25 3.3774 2
      vertex 12.15 3.3774 2
    endloop
  endfacet
  facet normal -0 0 1
    outer loop
      vertex 10.95 5.45576 2
      vertex 11.25 3.3774 2
      vertex 12.45 5.45576 2
    endloop
  endfacet
  facet normal 0 0 1
    outer loop
      vertex 10.95 5.45576 2
      vertex 10.5 4.67644 2
      vertex 11.25 3.3774 2
    endloop
  endfacet
  facet normal 0 0 1
    outer loop
      vertex 10.2 6.7548 2
      vertex 10.5 4.67644 2
      vertex 10.95 5.45576 2
    endloop
  endfacet
  facet normal -0 0 1
    outer loop
      vertex 9.3 6.7548 2
      vertex 10.5 4.67644 2
      vertex 10.2 6.7548 2
    endloop
  endfacet
  facet normal 0 0 1
    outer loop
      vertex 9.3 6.7548 2
      vertex 9 4.67644 2
      vertex 10.5 4.67644 2
    endloop
  endfacet
  facet normal -0 0 1
    outer loop
      vertex 8.55 5.45576 2
      vertex 9 4.67644 2
      vertex 9.3 6.7548 2
    endloop
  endfacet
  facet normal 0 0 1
    outer loop
      vertex 8.55 5.45576 2
      vertex 8.25 3.3774 2
      vertex 9 4.67644 2
    endloop
  endfacet
  facet normal 0 0 1
    outer loop
      vertex 8.55 5.45576 2
      vertex 7.35 3.3774 2
      vertex 8.25 3.3774 2
    endloop
  endfacet
  facet normal -0 0 1
    outer loop
      vertex 7.05 5.45576 2
      vertex 7.35 3.3774 2
      vertex 8.55 5.45576 2
    endloop
  endfacet
  facet normal 0 0 1
    outer loop
      vertex 7.05 5.45576 2
      vertex 6.6 4.67644 2
      vertex 7.35 3.3774 2
    endloop
  endfacet
  facet normal 0 0 1
    outer loop
      vertex 6.3 6.7548 2
      vertex 6.6 4.67644 2
      vertex 7.05 5.45576 2
    endloop
  endfacet
  facet normal -0 0 1
    outer loop
      vertex 5.4 6.7548 2
      vertex 6.6 4.67644 2
      vertex 6.3 6.7548 2
    endloop
  endfacet
  facet normal 0 0 1
    outer loop
      vertex 5.4 6.7548 2
      vertex 5.1 4.67644 2
      vertex 6.6 4.67644 2
    endloop
  endfacet
  facet normal -0 0 1
    outer loop
      vertex 4.65 5.45576 2
      vertex 5.1 4.67644 2
      vertex 5.4 6.7548 2
    endloop
  endfacet
  facet normal 0 0 1
    outer loop
      vertex 4.65 5.45576 2
      vertex 4.35 3.3774 2
      vertex 5.1 4.67644 2
    endloop
  endfacet
  facet normal 0 0 1
    outer loop
      vertex 4.65 5.45576 2
      vertex 3.45 3.3774 2
      vertex 4.35 3.3774 2
    endloop
  endfacet
  facet normal -0 0 1
    outer loop
      vertex 3.15 5.45576 2
      vertex 3.45 3.3774 2
      vertex 4.65 5.45576 2
    endloop
  endfacet
  facet normal 0 0 1
    outer loop
      vertex 3.15 5.45576 2
      vertex 2.7 4.67644 2
      vertex 3.45 3.3774 2
    endloop
  endfacet
  facet normal 0 0 1
    outer loop
      vertex 2.4 6.7548 2
      vertex 2.7 4.67644 2
      vertex 3.15 5.45576 2
    endloop
  endfacet
  facet normal -0 0 1
    outer loop
      vertex 1.5 6.7548 2
      vertex 2.7 4.67644 2
      vertex 2.4 6.7548 2
    endloop
  endfacet
  facet normal 0 0 1
    outer loop
      vertex 1.5 6.7548 2
      vertex 1.2 4.67644 2
      vertex 2.7 4.67644 2
    endloop
  endfacet
  facet normal -0 0 1
    outer loop
      vertex 0.75 5.45576 2
      vertex 1.2 4.67644 2
      vertex 1.5 6.7548 2
    endloop
  endfacet
  facet normal 0 0 1
    outer loop
      vertex 0.75 5.45576 2
      vertex 0.45 3.3774 2
      vertex 1.2 4.67644 2
    endloop
  endfacet
  facet normal 0 0 1
    outer loop
      vertex 0.75 5.45576 2
      vertex -0.45 3.3774 2
      vertex 0.45 3.3774 2
    endloop
  endfacet
  facet normal -0 0 1
    outer loop
      vertex -0.75 5.45576 2
      vertex -0.45 3.3774 2
      vertex 0.75 5.45576 2
    endloop
  endfacet
  facet normal 0 0 1
    outer loop
      vertex -0.75 5.45576 2
      vertex -1.2 4.67644 2
      vertex -0.45 3.3774 2
    endloop
  endfacet
  facet normal 0 0 1
    outer loop
      vertex -1.5 6.7548 2
      vertex -1.2 4.67644 2
      vertex -0.75 5.45576 2
    endloop
  endfacet
  facet normal -0 0 1
    outer loop
      vertex -2.4 6.7548 2
      vertex -1.2 4.67644 2
      vertex -1.5 6.7548 2
    endloop
  endfacet
  facet normal 0 0 1
    outer loop
      vertex -2.4 6.7548 2
      vertex -2.7 4.67644 2
      vertex -1.2 4.67644 2
    endloop
  endfacet
  facet normal -0 0 1
    outer loop
      vertex -3.15 5.45576 2
      vertex -2.7 4.67644 2
      vertex -2.4 6.7548 2
    endloop
  endfacet
  facet normal 0 0 1
    outer loop
      vertex -3.15 5.45576 2
      vertex -3.45 3.3774 2
      vertex -2.7 4.67644 2
    endloop
  endfacet
  facet normal 0 0 1
    outer loop
      vertex -3.15 5.45576 2
      vertex -4.35 3.3774 2
      vertex -3.45 3.3774 2
    endloop
  endfacet
  facet normal -0 0 1
    outer loop
      vertex -4.65 5.45576 2
      vertex -4.35 3.3774 2
      vertex -3.15 5.45576 2
    endloop
  endfacet
  facet normal 0 0 1
    outer loop
      vertex -4.65 5.45576 2
      vertex -5.1 4.67644 2
      vertex -4.35 3.3774 2
    endloop
  endfacet
  facet normal 0 0 1
    outer loop
      vertex -5.4 6.7548 2
      vertex -5.1 4.67644 2
      vertex -4.65 5.45576 2
    endloop
  endfacet
  facet normal -0 0 1
    outer loop
      vertex -6.3 6.7548 2
      vertex -5.1 4.67644 2
      vertex -5.4 6.7548 2
    endloop
  endfacet
  facet normal 0 0 1
    outer loop
      vertex -6.3 6.7548 2
      vertex -6.6 4.67644 2
      vertex -5.1 4.67644 2
    endloop
  endfacet
  facet normal -0 0 1
    outer loop
      vertex -7.05 5.45576 2
      vertex -6.6 4.67644 2
      vertex -6.3 6.7548 2
    endloop
  endfacet
  facet normal 0 0 1
    outer loop
      vertex -7.05 5.45576 2
      vertex -7.35 3.3774 2
      vertex -6.6 4.67644 2
    endloop
  endfacet
  facet normal 0 0 1
    outer loop
      vertex -7.05 5.45576 2
      vertex -8.25 3.3774 2
      vertex -7.35 3.3774 2
    endloop
  endfacet
  facet normal -0 0 1
    outer loop
      vertex -8.55 5.45576 2
      vertex -8.25 3.3774 2
      vertex -7.05 5.45576 2
    endloop
  endfacet
  facet normal 0 0 1
    outer loop
      vertex -8.55 5.45576 2
      vertex -9 4.67644 2
      vertex -8.25 3.3774 2
    endloop
  endfacet
  facet normal 0 0 1
    outer loop
      vertex -9.3 6.7548 2
      vertex -9 4.67644 2
      vertex -8.55 5.45576 2
    endloop
  endfacet
  facet normal -0 0 1
    outer loop
      vertex -10.2 6.7548 2
      vertex -9 4.67644 2
      vertex -9.3 6.7548 2
    endloop
  endfacet
  facet normal 0 0 1
    outer loop
      vertex -10.2 6.7548 2
      vertex -10.5 4.67644 2
      vertex -9 4.67644 2
    endloop
  endfacet
  facet normal -0 0 1
    outer loop
      vertex -10.95 5.45576 2
      vertex -10.5 4.67644 2
      vertex -10.2 6.7548 2
    endloop
  endfacet
  facet normal 0 0 1
    outer loop
      vertex -10.95 5.45576 2
      vertex -11.25 3.3774 2
      vertex -10.5 4.67644 2
    endloop
  endfacet
  facet normal 0 0 1
    outer loop
      vertex -10.95 5.45576 2
      vertex -12.15 3.3774 2
      vertex -11.25 3.3774 2
    endloop
  endfacet
  facet normal -0 0 1
    outer loop
      vertex -12.45 5.45576 2
      vertex -12.15 3.3774 2
      vertex -10.95 5.45576 2
    endloop
  endfacet
  facet normal 0 0 1
    outer loop
      vertex -12.45 5.45576 2
      vertex -12.9 4.67644 2
      vertex -12.15 3.3774 2
    endloop
  endfacet
  facet normal 0 0 1
    outer loop
      vertex -13.2 6.7548 2
      vertex -12.9 4.67644 2
      vertex -12.45 5.45576 2
    endloop
  endfacet
  facet normal 0 0 1
    outer loop
      vertex -12.45 14.8086 2
      vertex -15.4149 15.4149 2
      vertex -13.2 13.5096 2
    endloop
  endfacet
  facet normal 0 0 1
    outer loop
      vertex -13.2 6.7548 2
      vertex -14.4 4.67644 2
      vertex -12.9 4.67644 2
    endloop
  endfacet
  facet normal 0 -0 1
    outer loop
      vertex -15.3045 8.53073 2
      vertex -13.2 13.5096 2
      vertex -15.6741 9.22228 2
    endloop
  endfacet
  facet normal -0 -0 1
    outer loop
      vertex -15 7 2
      vertex -13.2 6.7548 2
      vertex -15.0769 7.78036 2
    endloop
  endfacet
  facet normal 0 0 1
    outer loop
      vertex -15.0769 6.21964 2
      vertex -13.2 6.7548 2
      vertex -15 7 2
    endloop
  endfacet
  facet normal 0 0 1
    outer loop
      vertex -13.2 6.7548 2
      vertex -15.3045 8.53073 2
      vertex -15.0769 7.78036 2
    endloop
  endfacet
  facet normal -0 0 1
    outer loop
      vertex -16.3901 14.3737 2
      vertex -13.2 13.5096 2
      vertex -15.4149 15.4149 2
    endloop
  endfacet
  facet normal 0 0 1
    outer loop
      vertex -13.2 13.5096 2
      vertex -15.3045 8.53073 2
      vertex -13.2 6.7548 2
    endloop
  endfacet
  facet normal 0 0 1
    outer loop
      vertex -13.2 13.5096 2
      vertex -16.1716 9.82843 2
      vertex -15.6741 9.22228 2
    endloop
  endfacet
  facet normal 0 0 1
    outer loop
      vertex -17.2951 13.271 2
      vertex -13.2 13.5096 2
      vertex -16.3901 14.3737 2
    endloop
  endfacet
  facet normal 0 0 1
    outer loop
      vertex -13.2 13.5096 2
      vertex -16.7777 10.3259 2
      vertex -16.1716 9.82843 2
    endloop
  endfacet
  facet normal 0 0 1
    outer loop
      vertex -13.2 13.5096 2
      vertex -17.2951 13.271 2
      vertex -16.7777 10.3259 2
    endloop
  endfacet
  facet normal 0 0 1
    outer loop
      vertex -17.2951 13.271 2
      vertex -17.4693 10.6955 2
      vertex -16.7777 10.3259 2
    endloop
  endfacet
  facet normal -0 0 1
    outer loop
      vertex -18.126 12.1114 2
      vertex -17.4693 10.6955 2
      vertex -17.2951 13.271 2
    endloop
  endfacet
  facet normal 0 0 1
    outer loop
      vertex -18.126 12.1114 2
      vertex -18.2196 10.9231 2
      vertex -17.4693 10.6955 2
    endloop
  endfacet
  facet normal 0 -0 1
    outer loop
      vertex -18.2196 10.9231 2
      vertex -18.126 12.1114 2
      vertex -18.8277 10.983 2
    endloop
  endfacet
  facet normal -0 0 1
    outer loop
      vertex 17.1 -6.7548 2
      vertex 20.6431 -7.00738 2
      vertex 18.3 -4.67644 2
    endloop
  endfacet
  facet normal 0 0 1
    outer loop
      vertex 20.6431 -7.00738 2
      vertex 17.1 -6.7548 2
      vertex 20.1406 -8.3425 2
    endloop
  endfacet
  facet normal 0 0 1
    outer loop
      vertex 20.1406 -8.3425 2
      vertex 17.1 -6.7548 2
      vertex 19.5518 -9.64189 2
    endloop
  endfacet
  facet normal -0 0 1
    outer loop
      vertex 16.35 -8.05384 2
      vertex 19.5518 -9.64189 2
      vertex 17.1 -6.7548 2
    endloop
  endfacet
  facet normal 0 0 1
    outer loop
      vertex 19.5518 -9.64189 2
      vertex 16.35 -8.05384 2
      vertex 18.8794 -10.9 2
    endloop
  endfacet
  facet normal -0 0 1
    outer loop
      vertex 15.15 -10.1322 2
      vertex 18.8794 -10.9 2
      vertex 16.35 -8.05384 2
    endloop
  endfacet
  facet normal -0 0 1
    outer loop
      vertex 16.8 -4.67644 2
      vertex 17.1 -6.7548 2
      vertex 18.3 -4.67644 2
    endloop
  endfacet
  facet normal 0 0 1
    outer loop
      vertex 16.8 -4.67644 2
      vertex 16.35 -5.45576 2
      vertex 17.1 -6.7548 2
    endloop
  endfacet
  facet normal 0 0 1
    outer loop
      vertex 16.05 -3.3774 2
      vertex 16.35 -5.45576 2
      vertex 16.8 -4.67644 2
    endloop
  endfacet
  facet normal -0 0 1
    outer loop
      vertex 15.15 -3.3774 2
      vertex 16.35 -5.45576 2
      vertex 16.05 -3.3774 2
    endloop
  endfacet
  facet normal 0 0 1
    outer loop
      vertex 15.15 -3.3774 2
      vertex 14.85 -5.45576 2
      vertex 16.35 -5.45576 2
    endloop
  endfacet
  facet normal -0 0 1
    outer loop
      vertex 14.4 -4.67644 2
      vertex 14.85 -5.45576 2
      vertex 15.15 -3.3774 2
    endloop
  endfacet
  facet normal 0 0 1
    outer loop
      vertex 14.4 -4.67644 2
      vertex 14.1 -6.7548 2
      vertex 14.85 -5.45576 2
    endloop
  endfacet
  facet normal 0 0 1
    outer loop
      vertex 14.4 -4.67644 2
      vertex 13.2 -6.7548 2
      vertex 14.1 -6.7548 2
    endloop
  endfacet
  facet normal -0 0 1
    outer loop
      vertex 12.9 -4.67644 2
      vertex 13.2 -6.7548 2
      vertex 14.4 -4.67644 2
    endloop
  endfacet
  facet normal 0 0 1
    outer loop
      vertex 12.9 -4.67644 2
      vertex 12.45 -5.45576 2
      vertex 13.2 -6.7548 2
    endloop
  endfacet
  facet normal 0 0 1
    outer loop
      vertex 12.15 -3.3774 2
      vertex 12.45 -5.45576 2
      vertex 12.9 -4.67644 2
    endloop
  endfacet
  facet normal -0 0 1
    outer loop
      vertex 11.25 -3.3774 2
      vertex 12.45 -5.45576 2
      vertex 12.15 -3.3774 2
    endloop
  endfacet
  facet normal 0 0 1
    outer loop
      vertex 11.25 -3.3774 2
      vertex 10.95 -5.45576 2
      vertex 12.45 -5.45576 2
    endloop
  endfacet
  facet normal -0 0 1
    outer loop
      vertex 10.5 -4.67644 2
      vertex 10.95 -5.45576 2
      vertex 11.25 -3.3774 2
    endloop
  endfacet
  facet normal 0 0 1
    outer loop
      vertex 10.5 -4.67644 2
      vertex 10.2 -6.7548 2
      vertex 10.95 -5.45576 2
    endloop
  endfacet
  facet normal 0 0 1
    outer loop
      vertex 10.5 -4.67644 2
      vertex 9.3 -6.7548 2
      vertex 10.2 -6.7548 2
    endloop
  endfacet
  facet normal -0 0 1
    outer loop
      vertex 9 -4.67644 2
      vertex 9.3 -6.7548 2
      vertex 10.5 -4.67644 2
    endloop
  endfacet
  facet normal 0 0 1
    outer loop
      vertex 9 -4.67644 2
      vertex 8.55 -5.45576 2
      vertex 9.3 -6.7548 2
    endloop
  endfacet
  facet normal 0 0 1
    outer loop
      vertex 8.25 -3.3774 2
      vertex 8.55 -5.45576 2
      vertex 9 -4.67644 2
    endloop
  endfacet
  facet normal -0 0 1
    outer loop
      vertex 7.35 -3.3774 2
      vertex 8.55 -5.45576 2
      vertex 8.25 -3.3774 2
    endloop
  endfacet
  facet normal 0 0 1
    outer loop
      vertex 7.35 -3.3774 2
      vertex 7.05 -5.45576 2
      vertex 8.55 -5.45576 2
    endloop
  endfacet
  facet normal -0 0 1
    outer loop
      vertex 6.6 -4.67644 2
      vertex 7.05 -5.45576 2
      vertex 7.35 -3.3774 2
    endloop
  endfacet
  facet normal 0 0 1
    outer loop
      vertex 6.6 -4.67644 2
      vertex 6.3 -6.7548 2
      vertex 7.05 -5.45576 2
    endloop
  endfacet
  facet normal 0 0 1
    outer loop
      vertex 6.6 -4.67644 2
      vertex 5.4 -6.7548 2
      vertex 6.3 -6.7548 2
    endloop
  endfacet
  facet normal -0 0 1
    outer loop
      vertex 5.1 -4.67644 2
      vertex 5.4 -6.7548 2
      vertex 6.6 -4.67644 2
    endloop
  endfacet
  facet normal 0 0 1
    outer loop
      vertex 5.1 -4.67644 2
      vertex 4.65 -5.45576 2
      vertex 5.4 -6.7548 2
    endloop
  endfacet
  facet normal 0 0 1
    outer loop
      vertex 4.35 -3.3774 2
      vertex 4.65 -5.45576 2
      vertex 5.1 -4.67644 2
    endloop
  endfacet
  facet normal -0 0 1
    outer loop
      vertex 3.45 -3.3774 2
      vertex 4.65 -5.45576 2
      vertex 4.35 -3.3774 2
    endloop
  endfacet
  facet normal 0 0 1
    outer loop
      vertex 3.45 -3.3774 2
      vertex 3.15 -5.45576 2
      vertex 4.65 -5.45576 2
    endloop
  endfacet
  facet normal -0 0 1
    outer loop
      vertex 2.7 -4.67644 2
      vertex 3.15 -5.45576 2
      vertex 3.45 -3.3774 2
    endloop
  endfacet
  facet normal 0 0 1
    outer loop
      vertex 2.7 -4.67644 2
      vertex 2.4 -6.7548 2
      vertex 3.15 -5.45576 2
    endloop
  endfacet
  facet normal 0 0 1
    outer loop
      vertex 2.7 -4.67644 2
      vertex 1.5 -6.7548 2
      vertex 2.4 -6.7548 2
    endloop
  endfacet
  facet normal -0 0 1
    outer loop
      vertex 1.2 -4.67644 2
      vertex 1.5 -6.7548 2
      vertex 2.7 -4.67644 2
    endloop
  endfacet
  facet normal 0 0 1
    outer loop
      vertex 1.2 -4.67644 2
      vertex 0.75 -5.45576 2
      vertex 1.5 -6.7548 2
    endloop
  endfacet
  facet normal 0 0 1
    outer loop
      vertex 0.45 -3.3774 2
      vertex 0.75 -5.45576 2
      vertex 1.2 -4.67644 2
    endloop
  endfacet
  facet normal -0 0 1
    outer loop
      vertex -0.45 -3.3774 2
      vertex 0.75 -5.45576 2
      vertex 0.45 -3.3774 2
    endloop
  endfacet
  facet normal 0 0 1
    outer loop
      vertex -0.45 -3.3774 2
      vertex -0.75 -5.45576 2
      vertex 0.75 -5.45576 2
    endloop
  endfacet
  facet normal -0 0 1
    outer loop
      vertex -1.2 -4.67644 2
      vertex -0.75 -5.45576 2
      vertex -0.45 -3.3774 2
    endloop
  endfacet
  facet normal 0 0 1
    outer loop
      vertex -1.2 -4.67644 2
      vertex -1.5 -6.7548 2
      vertex -0.75 -5.45576 2
    endloop
  endfacet
  facet normal 0 0 1
    outer loop
      vertex -1.2 -4.67644 2
      vertex -2.4 -6.7548 2
      vertex -1.5 -6.7548 2
    endloop
  endfacet
  facet normal -0 0 1
    outer loop
      vertex -2.7 -4.67644 2
      vertex -2.4 -6.7548 2
      vertex -1.2 -4.67644 2
    endloop
  endfacet
  facet normal 0 0 1
    outer loop
      vertex -2.7 -4.67644 2
      vertex -3.15 -5.45576 2
      vertex -2.4 -6.7548 2
    endloop
  endfacet
  facet normal 0 0 1
    outer loop
      vertex -3.45 -3.3774 2
      vertex -3.15 -5.45576 2
      vertex -2.7 -4.67644 2
    endloop
  endfacet
  facet normal -0 0 1
    outer loop
      vertex -4.35 -3.3774 2
      vertex -3.15 -5.45576 2
      vertex -3.45 -3.3774 2
    endloop
  endfacet
  facet normal 0 0 1
    outer loop
      vertex -4.35 -3.3774 2
      vertex -4.65 -5.45576 2
      vertex -3.15 -5.45576 2
    endloop
  endfacet
  facet normal -0 0 1
    outer loop
      vertex -5.1 -4.67644 2
      vertex -4.65 -5.45576 2
      vertex -4.35 -3.3774 2
    endloop
  endfacet
  facet normal 0 0 1
    outer loop
      vertex -5.1 -4.67644 2
      vertex -5.4 -6.7548 2
      vertex -4.65 -5.45576 2
    endloop
  endfacet
  facet normal 0 0 1
    outer loop
      vertex -5.1 -4.67644 2
      vertex -6.3 -6.7548 2
      vertex -5.4 -6.7548 2
    endloop
  endfacet
  facet normal -0 0 1
    outer loop
      vertex -6.6 -4.67644 2
      vertex -6.3 -6.7548 2
      vertex -5.1 -4.67644 2
    endloop
  endfacet
  facet normal 0 0 1
    outer loop
      vertex -6.6 -4.67644 2
      vertex -7.05 -5.45576 2
      vertex -6.3 -6.7548 2
    endloop
  endfacet
  facet normal 0 0 1
    outer loop
      vertex -7.35 -3.3774 2
      vertex -7.05 -5.45576 2
      vertex -6.6 -4.67644 2
    endloop
  endfacet
  facet normal -0 0 1
    outer loop
      vertex -8.25 -3.3774 2
      vertex -7.05 -5.45576 2
      vertex -7.35 -3.3774 2
    endloop
  endfacet
  facet normal 0 0 1
    outer loop
      vertex -8.25 -3.3774 2
      vertex -8.55 -5.45576 2
      vertex -7.05 -5.45576 2
    endloop
  endfacet
  facet normal -0 0 1
    outer loop
      vertex -9 -4.67644 2
      vertex -8.55 -5.45576 2
      vertex -8.25 -3.3774 2
    endloop
  endfacet
  facet normal 0 0 1
    outer loop
      vertex -9 -4.67644 2
      vertex -9.3 -6.7548 2
      vertex -8.55 -5.45576 2
    endloop
  endfacet
  facet normal 0 0 1
    outer loop
      vertex -9 -4.67644 2
      vertex -10.2 -6.7548 2
      vertex -9.3 -6.7548 2
    endloop
  endfacet
  facet normal -0 0 1
    outer loop
      vertex -10.5 -4.67644 2
      vertex -10.2 -6.7548 2
      vertex -9 -4.67644 2
    endloop
  endfacet
  facet normal 0 0 1
    outer loop
      vertex -10.5 -4.67644 2
      vertex -10.95 -5.45576 2
      vertex -10.2 -6.7548 2
    endloop
  endfacet
  facet normal 0 0 1
    outer loop
      vertex -11.25 -3.3774 2
      vertex -10.95 -5.45576 2
      vertex -10.5 -4.67644 2
    endloop
  endfacet
  facet normal -0 0 1
    outer loop
      vertex -12.15 -3.3774 2
      vertex -10.95 -5.45576 2
      vertex -11.25 -3.3774 2
    endloop
  endfacet
  facet normal 0 0 1
    outer loop
      vertex -12.15 -3.3774 2
      vertex -12.45 -5.45576 2
      vertex -10.95 -5.45576 2
    endloop
  endfacet
  facet normal -0 0 1
    outer loop
      vertex -12.9 -4.67644 2
      vertex -12.45 -5.45576 2
      vertex -12.15 -3.3774 2
    endloop
  endfacet
  facet normal 0 0 1
    outer loop
      vertex -12.9 -4.67644 2
      vertex -13.2 -6.7548 2
      vertex -12.45 -5.45576 2
    endloop
  endfacet
  facet normal 0 0 1
    outer loop
      vertex -12.9 -4.67644 2
      vertex -14.1 -6.7548 2
      vertex -13.2 -6.7548 2
    endloop
  endfacet
  facet normal -0 0 1
    outer loop
      vertex -14.4 -4.67644 2
      vertex -14.1 -6.7548 2
      vertex -12.9 -4.67644 2
    endloop
  endfacet
  facet normal 0 0 1
    outer loop
      vertex -14.4 -4.67644 2
      vertex -14.85 -5.45576 2
      vertex -14.1 -6.7548 2
    endloop
  endfacet
  facet normal 0 0 1
    outer loop
      vertex -15.15 -3.3774 2
      vertex -14.85 -5.45576 2
      vertex -14.4 -4.67644 2
    endloop
  endfacet
  facet normal -0 0 1
    outer loop
      vertex -16.05 -3.3774 2
      vertex -14.85 -5.45576 2
      vertex -15.15 -3.3774 2
    endloop
  endfacet
  facet normal 0 0 1
    outer loop
      vertex -16.05 -3.3774 2
      vertex -16.35 -5.45576 2
      vertex -14.85 -5.45576 2
    endloop
  endfacet
  facet normal -0 0 1
    outer loop
      vertex -16.8 -4.67644 2
      vertex -16.35 -5.45576 2
      vertex -16.05 -3.3774 2
    endloop
  endfacet
  facet normal 0 0 1
    outer loop
      vertex -16.8 -4.67644 2
      vertex -17.1 -6.7548 2
      vertex -16.35 -5.45576 2
    endloop
  endfacet
  facet normal 0 0 1
    outer loop
      vertex -15.15 -10.1322 2
      vertex -18.126 -12.1114 2
      vertex -17.2951 -13.271 2
    endloop
  endfacet
  facet normal -0 0 1
    outer loop
      vertex -18.3 -4.67644 2
      vertex -17.1 -6.7548 2
      vertex -16.8 -4.67644 2
    endloop
  endfacet
  facet normal 0 0 1
    outer loop
      vertex -20.6431 -7.00738 2
      vertex -17.1 -6.7548 2
      vertex -18.3 -4.67644 2
    endloop
  endfacet
  facet normal 0 0 1
    outer loop
      vertex -16.35 -8.05384 2
      vertex -18.8794 -10.9 2
      vertex -18.126 -12.1114 2
    endloop
  endfacet
  facet normal 0 0 1
    outer loop
      vertex -21.0572 -5.64225 2
      vertex -18.3 -4.67644 2
      vertex -19.05 -3.3774 2
    endloop
  endfacet
  facet normal 0 0 1
    outer loop
      vertex -16.35 -8.05384 2
      vertex -19.5518 -9.64189 2
      vertex -18.8794 -10.9 2
    endloop
  endfacet
  facet normal 0 0 1
    outer loop
      vertex 17.1 0 2
      vertex 16.8 -2.07836 2
      vertex 18.3 -2.07836 2
    endloop
  endfacet
  facet normal -0 0 1
    outer loop
      vertex 16.35 -1.29904 2
      vertex 16.8 -2.07836 2
      vertex 17.1 0 2
    endloop
  endfacet
  facet normal 0 0 1
    outer loop
      vertex 16.35 -1.29904 2
      vertex 16.05 -3.3774 2
      vertex 16.8 -2.07836 2
    endloop
  endfacet
  facet normal 0 0 1
    outer loop
      vertex 16.35 -1.29904 2
      vertex 15.15 -3.3774 2
      vertex 16.05 -3.3774 2
    endloop
  endfacet
  facet normal -0 0 1
    outer loop
      vertex 14.85 -1.29904 2
      vertex 15.15 -3.3774 2
      vertex 16.35 -1.29904 2
    endloop
  endfacet
  facet normal 0 0 1
    outer loop
      vertex 14.85 -1.29904 2
      vertex 14.4 -2.07836 2
      vertex 15.15 -3.3774 2
    endloop
  endfacet
  facet normal 0 0 1
    outer loop
      vertex 14.1 0 2
      vertex 14.4 -2.07836 2
      vertex 14.85 -1.29904 2
    endloop
  endfacet
  facet normal -0 0 1
    outer loop
      vertex 13.2 0 2
      vertex 14.4 -2.07836 2
      vertex 14.1 0 2
    endloop
  endfacet
  facet normal 0 0 1
    outer loop
      vertex 13.2 0 2
      vertex 12.9 -2.07836 2
      vertex 14.4 -2.07836 2
    endloop
  endfacet
  facet normal -0 0 1
    outer loop
      vertex 12.45 -1.29904 2
      vertex 12.9 -2.07836 2
      vertex 13.2 0 2
    endloop
  endfacet
  facet normal 0 0 1
    outer loop
      vertex 12.45 -1.29904 2
      vertex 12.15 -3.3774 2
      vertex 12.9 -2.07836 2
    endloop
  endfacet
  facet normal 0 0 1
    outer loop
      vertex 12.45 -1.29904 2
      vertex 11.25 -3.3774 2
      vertex 12.15 -3.3774 2
    endloop
  endfacet
  facet normal -0 0 1
    outer loop
      vertex 10.95 -1.29904 2
      vertex 11.25 -3.3774 2
      vertex 12.45 -1.29904 2
    endloop
  endfacet
  facet normal 0 0 1
    outer loop
      vertex 10.95 -1.29904 2
      vertex 10.5 -2.07836 2
      vertex 11.25 -3.3774 2
    endloop
  endfacet
  facet normal 0 0 1
    outer loop
      vertex 10.2 0 2
      vertex 10.5 -2.07836 2
      vertex 10.95 -1.29904 2
    endloop
  endfacet
  facet normal -0 0 1
    outer loop
      vertex 9.3 0 2
      vertex 10.5 -2.07836 2
      vertex 10.2 0 2
    endloop
  endfacet
  facet normal 0 0 1
    outer loop
      vertex 9.3 0 2
      vertex 9 -2.07836 2
      vertex 10.5 -2.07836 2
    endloop
  endfacet
  facet normal -0 0 1
    outer loop
      vertex 8.55 -1.29904 2
      vertex 9 -2.07836 2
      vertex 9.3 0 2
    endloop
  endfacet
  facet normal 0 0 1
    outer loop
      vertex 8.55 -1.29904 2
      vertex 8.25 -3.3774 2
      vertex 9 -2.07836 2
    endloop
  endfacet
  facet normal 0 0 1
    outer loop
      vertex 8.55 -1.29904 2
      vertex 7.35 -3.3774 2
      vertex 8.25 -3.3774 2
    endloop
  endfacet
  facet normal -0 0 1
    outer loop
      vertex 7.05 -1.29904 2
      vertex 7.35 -3.3774 2
      vertex 8.55 -1.29904 2
    endloop
  endfacet
  facet normal 0 0 1
    outer loop
      vertex 7.05 -1.29904 2
      vertex 6.6 -2.07836 2
      vertex 7.35 -3.3774 2
    endloop
  endfacet
  facet normal 0 0 1
    outer loop
      vertex 6.3 0 2
      vertex 6.6 -2.07836 2
      vertex 7.05 -1.29904 2
    endloop
  endfacet
  facet normal -0 0 1
    outer loop
      vertex 5.4 0 2
      vertex 6.6 -2.07836 2
      vertex 6.3 0 2
    endloop
  endfacet
  facet normal 0 0 1
    outer loop
      vertex 5.4 0 2
      vertex 5.1 -2.07836 2
      vertex 6.6 -2.07836 2
    endloop
  endfacet
  facet normal -0 0 1
    outer loop
      vertex 4.65 -1.29904 2
      vertex 5.1 -2.07836 2
      vertex 5.4 0 2
    endloop
  endfacet
  facet normal 0 0 1
    outer loop
      vertex 4.65 -1.29904 2
      vertex 4.35 -3.3774 2
      vertex 5.1 -2.07836 2
    endloop
  endfacet
  facet normal 0 0 1
    outer loop
      vertex 4.65 -1.29904 2
      vertex 3.45 -3.3774 2
      vertex 4.35 -3.3774 2
    endloop
  endfacet
  facet normal -0 0 1
    outer loop
      vertex 3.15 -1.29904 2
      vertex 3.45 -3.3774 2
      vertex 4.65 -1.29904 2
    endloop
  endfacet
  facet normal 0 0 1
    outer loop
      vertex 3.15 -1.29904 2
      vertex 2.7 -2.07836 2
      vertex 3.45 -3.3774 2
    endloop
  endfacet
  facet normal 0 0 1
    outer loop
      vertex 2.4 0 2
      vertex 2.7 -2.07836 2
      vertex 3.15 -1.29904 2
    endloop
  endfacet
  facet normal -0 0 1
    outer loop
      vertex 1.5 0 2
      vertex 2.7 -2.07836 2
      vertex 2.4 0 2
    endloop
  endfacet
  facet normal 0 0 1
    outer loop
      vertex 1.5 0 2
      vertex 1.2 -2.07836 2
      vertex 2.7 -2.07836 2
    endloop
  endfacet
  facet normal -0 0 1
    outer loop
      vertex 0.75 -1.29904 2
      vertex 1.2 -2.07836 2
      vertex 1.5 0 2
    endloop
  endfacet
  facet normal 0 0 1
    outer loop
      vertex 0.75 -1.29904 2
      vertex 0.45 -3.3774 2
      vertex 1.2 -2.07836 2
    endloop
  endfacet
  facet normal 0 0 1
    outer loop
      vertex 0.75 -1.29904 2
      vertex -0.45 -3.3774 2
      vertex 0.45 -3.3774 2
    endloop
  endfacet
  facet normal -0 0 1
    outer loop
      vertex -0.75 -1.29904 2
      vertex -0.45 -3.3774 2
      vertex 0.75 -1.29904 2
    endloop
  endfacet
  facet normal 0 0 1
    outer loop
      vertex -0.75 -1.29904 2
      vertex -1.2 -2.07836 2
      vertex -0.45 -3.3774 2
    endloop
  endfacet
  facet normal 0 0 1
    outer loop
      vertex -1.5 0 2
      vertex -1.2 -2.07836 2
      vertex -0.75 -1.29904 2
    endloop
  endfacet
  facet normal -0 0 1
    outer loop
      vertex -2.4 0 2
      vertex -1.2 -2.07836 2
      vertex -1.5 0 2
    endloop
  endfacet
  facet normal 0 0 1
    outer loop
      vertex -2.4 0 2
      vertex -2.7 -2.07836 2
      vertex -1.2 -2.07836 2
    endloop
  endfacet
  facet normal -0 0 1
    outer loop
      vertex -3.15 -1.29904 2
      vertex -2.7 -2.07836 2
      vertex -2.4 0 2
    endloop
  endfacet
  facet normal 0 0 1
    outer loop
      vertex -3.15 -1.29904 2
      vertex -3.45 -3.3774 2
      vertex -2.7 -2.07836 2
    endloop
  endfacet
  facet normal 0 0 1
    outer loop
      vertex -3.15 -1.29904 2
      vertex -4.35 -3.3774 2
      vertex -3.45 -3.3774 2
    endloop
  endfacet
  facet normal -0 0 1
    outer loop
      vertex -4.65 -1.29904 2
      vertex -4.35 -3.3774 2
      vertex -3.15 -1.29904 2
    endloop
  endfacet
  facet normal 0 0 1
    outer loop
      vertex -4.65 -1.29904 2
      vertex -5.1 -2.07836 2
      vertex -4.35 -3.3774 2
    endloop
  endfacet
  facet normal 0 0 1
    outer loop
      vertex -5.4 0 2
      vertex -5.1 -2.07836 2
      vertex -4.65 -1.29904 2
    endloop
  endfacet
  facet normal -0 0 1
    outer loop
      vertex -6.3 0 2
      vertex -5.1 -2.07836 2
      vertex -5.4 0 2
    endloop
  endfacet
  facet normal 0 0 1
    outer loop
      vertex -6.3 0 2
      vertex -6.6 -2.07836 2
      vertex -5.1 -2.07836 2
    endloop
  endfacet
  facet normal -0 0 1
    outer loop
      vertex -7.05 -1.29904 2
      vertex -6.6 -2.07836 2
      vertex -6.3 0 2
    endloop
  endfacet
  facet normal 0 0 1
    outer loop
      vertex -7.05 -1.29904 2
      vertex -7.35 -3.3774 2
      vertex -6.6 -2.07836 2
    endloop
  endfacet
  facet normal 0 0 1
    outer loop
      vertex -7.05 -1.29904 2
      vertex -8.25 -3.3774 2
      vertex -7.35 -3.3774 2
    endloop
  endfacet
  facet normal -0 0 1
    outer loop
      vertex -8.55 -1.29904 2
      vertex -8.25 -3.3774 2
      vertex -7.05 -1.29904 2
    endloop
  endfacet
  facet normal 0 0 1
    outer loop
      vertex -8.55 -1.29904 2
      vertex -9 -2.07836 2
      vertex -8.25 -3.3774 2
    endloop
  endfacet
  facet normal 0 0 1
    outer loop
      vertex -9.3 0 2
      vertex -9 -2.07836 2
      vertex -8.55 -1.29904 2
    endloop
  endfacet
  facet normal -0 0 1
    outer loop
      vertex -10.2 0 2
      vertex -9 -2.07836 2
      vertex -9.3 0 2
    endloop
  endfacet
  facet normal 0 0 1
    outer loop
      vertex -10.2 0 2
      vertex -10.5 -2.07836 2
      vertex -9 -2.07836 2
    endloop
  endfacet
  facet normal -0 0 1
    outer loop
      vertex -10.95 -1.29904 2
      vertex -10.5 -2.07836 2
      vertex -10.2 0 2
    endloop
  endfacet
  facet normal 0 0 1
    outer loop
      vertex -10.95 -1.29904 2
      vertex -11.25 -3.3774 2
      vertex -10.5 -2.07836 2
    endloop
  endfacet
  facet normal 0 0 1
    outer loop
      vertex -10.95 -1.29904 2
      vertex -12.15 -3.3774 2
      vertex -11.25 -3.3774 2
    endloop
  endfacet
  facet normal -0 0 1
    outer loop
      vertex -12.45 -1.29904 2
      vertex -12.15 -3.3774 2
      vertex -10.95 -1.29904 2
    endloop
  endfacet
  facet normal 0 0 1
    outer loop
      vertex -12.45 -1.29904 2
      vertex -12.9 -2.07836 2
      vertex -12.15 -3.3774 2
    endloop
  endfacet
  facet normal 0 0 1
    outer loop
      vertex -13.2 0 2
      vertex -12.9 -2.07836 2
      vertex -12.45 -1.29904 2
    endloop
  endfacet
  facet normal -0 0 1
    outer loop
      vertex -14.1 0 2
      vertex -12.9 -2.07836 2
      vertex -13.2 0 2
    endloop
  endfacet
  facet normal 0 0 1
    outer loop
      vertex -14.1 0 2
      vertex -14.4 -2.07836 2
      vertex -12.9 -2.07836 2
    endloop
  endfacet
  facet normal -0 0 1
    outer loop
      vertex -14.85 -1.29904 2
      vertex -14.4 -2.07836 2
      vertex -14.1 0 2
    endloop
  endfacet
  facet normal 0 0 1
    outer loop
      vertex -14.85 -1.29904 2
      vertex -15.15 -3.3774 2
      vertex -14.4 -2.07836 2
    endloop
  endfacet
  facet normal 0 0 1
    outer loop
      vertex -14.85 -1.29904 2
      vertex -16.05 -3.3774 2
      vertex -15.15 -3.3774 2
    endloop
  endfacet
  facet normal -0 0 1
    outer loop
      vertex -16.35 -1.29904 2
      vertex -16.05 -3.3774 2
      vertex -14.85 -1.29904 2
    endloop
  endfacet
  facet normal 0 0 1
    outer loop
      vertex -16.35 -1.29904 2
      vertex -16.8 -2.07836 2
      vertex -16.05 -3.3774 2
    endloop
  endfacet
  facet normal 0 0 1
    outer loop
      vertex -17.1 0 2
      vertex -16.8 -2.07836 2
      vertex -16.35 -1.29904 2
    endloop
  endfacet
  facet normal 0 0 1
    outer loop
      vertex -16.35 1.29904 2
      vertex -18.2196 3.07686 2
      vertex -17.1 0 2
    endloop
  endfacet
  facet normal -0 0 1
    outer loop
      vertex -19 3 2
      vertex -17.1 0 2
      vertex -18.2196 3.07686 2
    endloop
  endfacet
  facet normal 0 0 1
    outer loop
      vertex -17.1 0 2
      vertex -18.3 -2.07836 2
      vertex -16.8 -2.07836 2
    endloop
  endfacet
  facet normal 0 0 1
    outer loop
      vertex -21.8 0 2
      vertex -17.1 0 2
      vertex -19 3 2
    endloop
  endfacet
  facet normal 0 0 1
    outer loop
      vertex -17.1 0 2
      vertex -21.8 0 2
      vertex -18.3 -2.07836 2
    endloop
  endfacet
  facet normal -0 -0 1
    outer loop
      vertex -21.7533 -1.42579 2
      vertex -18.3 -2.07836 2
      vertex -21.8 0 2
    endloop
  endfacet
  facet normal 0 0 1
    outer loop
      vertex -21.7533 1.42579 2
      vertex -19 3 2
      vertex -19.7804 3.07686 2
    endloop
  endfacet
  facet normal 0 0 1
    outer loop
      vertex -17.1 -6.7548 2
      vertex -20.1406 -8.3425 2
      vertex -19.5518 -9.64189 2
    endloop
  endfacet
  facet normal 0 0 1
    outer loop
      vertex -21.7533 1.42579 2
      vertex -19.7804 3.07686 2
      vertex -20.5307 3.30448 2
    endloop
  endfacet
  facet normal 0 0 1
    outer loop
      vertex -17.1 -6.7548 2
      vertex -20.6431 -7.00738 2
      vertex -20.1406 -8.3425 2
    endloop
  endfacet
  facet normal 0 0 1
    outer loop
      vertex -18.3 -4.67644 2
      vertex -21.0572 -5.64225 2
      vertex -20.6431 -7.00738 2
    endloop
  endfacet
  facet normal 0 0 1
    outer loop
      vertex -21.6135 2.84547 2
      vertex -20.5307 3.30448 2
      vertex -21.2223 3.67412 2
    endloop
  endfacet
  facet normal 0 0 1
    outer loop
      vertex -19.05 -3.3774 2
      vertex -21.3811 -4.25297 2
      vertex -21.0572 -5.64225 2
    endloop
  endfacet
  facet normal 0 0 1
    outer loop
      vertex -21.6135 2.84547 2
      vertex -21.2223 3.67412 2
      vertex -21.4463 3.85799 2
    endloop
  endfacet
  facet normal 0 0 1
    outer loop
      vertex -20.5307 3.30448 2
      vertex -21.6135 2.84547 2
      vertex -21.7533 1.42579 2
    endloop
  endfacet
  facet normal 0 0 1
    outer loop
      vertex -19.05 -3.3774 2
      vertex -21.6135 -2.84547 2
      vertex -21.3811 -4.25297 2
    endloop
  endfacet
  facet normal 0 0 1
    outer loop
      vertex -19 3 2
      vertex -21.7533 1.42579 2
      vertex -21.8 0 2
    endloop
  endfacet
  facet normal 0 0 1
    outer loop
      vertex -19.05 -3.3774 2
      vertex -21.7533 -1.42579 2
      vertex -21.6135 -2.84547 2
    endloop
  endfacet
  facet normal 0 0 1
    outer loop
      vertex -18.3 -2.07836 2
      vertex -21.7533 -1.42579 2
      vertex -19.05 -3.3774 2
    endloop
  endfacet
  facet normal 0 0 1
    outer loop
      vertex 18.8794 -10.9 2
      vertex 15.15 -10.1322 2
      vertex 18.126 -12.1114 2
    endloop
  endfacet
  facet normal 0 0 1
    outer loop
      vertex 18.126 -12.1114 2
      vertex 15.15 -10.1322 2
      vertex 17.2951 -13.271 2
    endloop
  endfacet
  facet normal -0 0 1
    outer loop
      vertex 14.4 -11.4312 2
      vertex 17.2951 -13.271 2
      vertex 15.15 -10.1322 2
    endloop
  endfacet
  facet normal 0 0 1
    outer loop
      vertex 17.2951 -13.271 2
      vertex 14.4 -11.4312 2
      vertex 16.3901 -14.3737 2
    endloop
  endfacet
  facet normal -0 0 1
    outer loop
      vertex 14.85 -8.05384 2
      vertex 15.15 -10.1322 2
      vertex 16.35 -8.05384 2
    endloop
  endfacet
  facet normal 0 0 1
    outer loop
      vertex 14.85 -8.05384 2
      vertex 14.4 -8.83316 2
      vertex 15.15 -10.1322 2
    endloop
  endfacet
  facet normal 0 0 1
    outer loop
      vertex 14.1 -6.7548 2
      vertex 14.4 -8.83316 2
      vertex 14.85 -8.05384 2
    endloop
  endfacet
  facet normal -0 0 1
    outer loop
      vertex 13.2 -6.7548 2
      vertex 14.4 -8.83316 2
      vertex 14.1 -6.7548 2
    endloop
  endfacet
  facet normal 0 0 1
    outer loop
      vertex 13.2 -6.7548 2
      vertex 12.9 -8.83316 2
      vertex 14.4 -8.83316 2
    endloop
  endfacet
  facet normal -0 0 1
    outer loop
      vertex 12.45 -8.05384 2
      vertex 12.9 -8.83316 2
      vertex 13.2 -6.7548 2
    endloop
  endfacet
  facet normal 0 0 1
    outer loop
      vertex 12.45 -8.05384 2
      vertex 12.15 -10.1322 2
      vertex 12.9 -8.83316 2
    endloop
  endfacet
  facet normal 0 0 1
    outer loop
      vertex 12.45 -8.05384 2
      vertex 11.25 -10.1322 2
      vertex 12.15 -10.1322 2
    endloop
  endfacet
  facet normal -0 0 1
    outer loop
      vertex 10.95 -8.05384 2
      vertex 11.25 -10.1322 2
      vertex 12.45 -8.05384 2
    endloop
  endfacet
  facet normal 0 0 1
    outer loop
      vertex 10.95 -8.05384 2
      vertex 10.5 -8.83316 2
      vertex 11.25 -10.1322 2
    endloop
  endfacet
  facet normal 0 0 1
    outer loop
      vertex 10.2 -6.7548 2
      vertex 10.5 -8.83316 2
      vertex 10.95 -8.05384 2
    endloop
  endfacet
  facet normal -0 0 1
    outer loop
      vertex 9.3 -6.7548 2
      vertex 10.5 -8.83316 2
      vertex 10.2 -6.7548 2
    endloop
  endfacet
  facet normal 0 0 1
    outer loop
      vertex 9.3 -6.7548 2
      vertex 9 -8.83316 2
      vertex 10.5 -8.83316 2
    endloop
  endfacet
  facet normal -0 0 1
    outer loop
      vertex 8.55 -8.05384 2
      vertex 9 -8.83316 2
      vertex 9.3 -6.7548 2
    endloop
  endfacet
  facet normal 0 0 1
    outer loop
      vertex 8.55 -8.05384 2
      vertex 8.25 -10.1322 2
      vertex 9 -8.83316 2
    endloop
  endfacet
  facet normal 0 0 1
    outer loop
      vertex 8.55 -8.05384 2
      vertex 7.35 -10.1322 2
      vertex 8.25 -10.1322 2
    endloop
  endfacet
  facet normal -0 0 1
    outer loop
      vertex 7.05 -8.05384 2
      vertex 7.35 -10.1322 2
      vertex 8.55 -8.05384 2
    endloop
  endfacet
  facet normal 0 0 1
    outer loop
      vertex 7.05 -8.05384 2
      vertex 6.6 -8.83316 2
      vertex 7.35 -10.1322 2
    endloop
  endfacet
  facet normal 0 0 1
    outer loop
      vertex 6.3 -6.7548 2
      vertex 6.6 -8.83316 2
      vertex 7.05 -8.05384 2
    endloop
  endfacet
  facet normal -0 0 1
    outer loop
      vertex 5.4 -6.7548 2
      vertex 6.6 -8.83316 2
      vertex 6.3 -6.7548 2
    endloop
  endfacet
  facet normal 0 0 1
    outer loop
      vertex 5.4 -6.7548 2
      vertex 5.1 -8.83316 2
      vertex 6.6 -8.83316 2
    endloop
  endfacet
  facet normal -0 0 1
    outer loop
      vertex 4.65 -8.05384 2
      vertex 5.1 -8.83316 2
      vertex 5.4 -6.7548 2
    endloop
  endfacet
  facet normal 0 0 1
    outer loop
      vertex 4.65 -8.05384 2
      vertex 4.35 -10.1322 2
      vertex 5.1 -8.83316 2
    endloop
  endfacet
  facet normal 0 0 1
    outer loop
      vertex 4.65 -8.05384 2
      vertex 3.45 -10.1322 2
      vertex 4.35 -10.1322 2
    endloop
  endfacet
  facet normal -0 0 1
    outer loop
      vertex 3.15 -8.05384 2
      vertex 3.45 -10.1322 2
      vertex 4.65 -8.05384 2
    endloop
  endfacet
  facet normal 0 0 1
    outer loop
      vertex 3.15 -8.05384 2
      vertex 2.7 -8.83316 2
      vertex 3.45 -10.1322 2
    endloop
  endfacet
  facet normal 0 0 1
    outer loop
      vertex 2.4 -6.7548 2
      vertex 2.7 -8.83316 2
      vertex 3.15 -8.05384 2
    endloop
  endfacet
  facet normal -0 0 1
    outer loop
      vertex 1.5 -6.7548 2
      vertex 2.7 -8.83316 2
      vertex 2.4 -6.7548 2
    endloop
  endfacet
  facet normal 0 0 1
    outer loop
      vertex 1.5 -6.7548 2
      vertex 1.2 -8.83316 2
      vertex 2.7 -8.83316 2
    endloop
  endfacet
  facet normal -0 0 1
    outer loop
      vertex 0.75 -8.05384 2
      vertex 1.2 -8.83316 2
      vertex 1.5 -6.7548 2
    endloop
  endfacet
  facet normal 0 0 1
    outer loop
      vertex 0.75 -8.05384 2
      vertex 0.45 -10.1322 2
      vertex 1.2 -8.83316 2
    endloop
  endfacet
  facet normal 0 0 1
    outer loop
      vertex 0.75 -8.05384 2
      vertex -0.45 -10.1322 2
      vertex 0.45 -10.1322 2
    endloop
  endfacet
  facet normal -0 0 1
    outer loop
      vertex -0.75 -8.05384 2
      vertex -0.45 -10.1322 2
      vertex 0.75 -8.05384 2
    endloop
  endfacet
  facet normal 0 0 1
    outer loop
      vertex -0.75 -8.05384 2
      vertex -1.2 -8.83316 2
      vertex -0.45 -10.1322 2
    endloop
  endfacet
  facet normal 0 0 1
    outer loop
      vertex -1.5 -6.7548 2
      vertex -1.2 -8.83316 2
      vertex -0.75 -8.05384 2
    endloop
  endfacet
  facet normal -0 0 1
    outer loop
      vertex -2.4 -6.7548 2
      vertex -1.2 -8.83316 2
      vertex -1.5 -6.7548 2
    endloop
  endfacet
  facet normal 0 0 1
    outer loop
      vertex -2.4 -6.7548 2
      vertex -2.7 -8.83316 2
      vertex -1.2 -8.83316 2
    endloop
  endfacet
  facet normal -0 0 1
    outer loop
      vertex -3.15 -8.05384 2
      vertex -2.7 -8.83316 2
      vertex -2.4 -6.7548 2
    endloop
  endfacet
  facet normal 0 0 1
    outer loop
      vertex -3.15 -8.05384 2
      vertex -3.45 -10.1322 2
      vertex -2.7 -8.83316 2
    endloop
  endfacet
  facet normal 0 0 1
    outer loop
      vertex -3.15 -8.05384 2
      vertex -4.35 -10.1322 2
      vertex -3.45 -10.1322 2
    endloop
  endfacet
  facet normal -0 0 1
    outer loop
      vertex -4.65 -8.05384 2
      vertex -4.35 -10.1322 2
      vertex -3.15 -8.05384 2
    endloop
  endfacet
  facet normal 0 0 1
    outer loop
      vertex -4.65 -8.05384 2
      vertex -5.1 -8.83316 2
      vertex -4.35 -10.1322 2
    endloop
  endfacet
  facet normal 0 0 1
    outer loop
      vertex -5.4 -6.7548 2
      vertex -5.1 -8.83316 2
      vertex -4.65 -8.05384 2
    endloop
  endfacet
  facet normal -0 0 1
    outer loop
      vertex -6.3 -6.7548 2
      vertex -5.1 -8.83316 2
      vertex -5.4 -6.7548 2
    endloop
  endfacet
  facet normal 0 0 1
    outer loop
      vertex -6.3 -6.7548 2
      vertex -6.6 -8.83316 2
      vertex -5.1 -8.83316 2
    endloop
  endfacet
  facet normal -0 0 1
    outer loop
      vertex -7.05 -8.05384 2
      vertex -6.6 -8.83316 2
      vertex -6.3 -6.7548 2
    endloop
  endfacet
  facet normal 0 0 1
    outer loop
      vertex -7.05 -8.05384 2
      vertex -7.35 -10.1322 2
      vertex -6.6 -8.83316 2
    endloop
  endfacet
  facet normal 0 0 1
    outer loop
      vertex -7.05 -8.05384 2
      vertex -8.25 -10.1322 2
      vertex -7.35 -10.1322 2
    endloop
  endfacet
  facet normal -0 0 1
    outer loop
      vertex -8.55 -8.05384 2
      vertex -8.25 -10.1322 2
      vertex -7.05 -8.05384 2
    endloop
  endfacet
  facet normal 0 0 1
    outer loop
      vertex -8.55 -8.05384 2
      vertex -9 -8.83316 2
      vertex -8.25 -10.1322 2
    endloop
  endfacet
  facet normal 0 0 1
    outer loop
      vertex -9.3 -6.7548 2
      vertex -9 -8.83316 2
      vertex -8.55 -8.05384 2
    endloop
  endfacet
  facet normal -0 0 1
    outer loop
      vertex -10.2 -6.7548 2
      vertex -9 -8.83316 2
      vertex -9.3 -6.7548 2
    endloop
  endfacet
  facet normal 0 0 1
    outer loop
      vertex -10.2 -6.7548 2
      vertex -10.5 -8.83316 2
      vertex -9 -8.83316 2
    endloop
  endfacet
  facet normal -0 0 1
    outer loop
      vertex -10.95 -8.05384 2
      vertex -10.5 -8.83316 2
      vertex -10.2 -6.7548 2
    endloop
  endfacet
  facet normal 0 0 1
    outer loop
      vertex -10.95 -8.05384 2
      vertex -11.25 -10.1322 2
      vertex -10.5 -8.83316 2
    endloop
  endfacet
  facet normal 0 0 1
    outer loop
      vertex -10.95 -8.05384 2
      vertex -12.15 -10.1322 2
      vertex -11.25 -10.1322 2
    endloop
  endfacet
  facet normal -0 0 1
    outer loop
      vertex -12.45 -8.05384 2
      vertex -12.15 -10.1322 2
      vertex -10.95 -8.05384 2
    endloop
  endfacet
  facet normal 0 0 1
    outer loop
      vertex -12.45 -8.05384 2
      vertex -12.9 -8.83316 2
      vertex -12.15 -10.1322 2
    endloop
  endfacet
  facet normal 0 0 1
    outer loop
      vertex -13.2 -6.7548 2
      vertex -12.9 -8.83316 2
      vertex -12.45 -8.05384 2
    endloop
  endfacet
  facet normal -0 0 1
    outer loop
      vertex -14.1 -6.7548 2
      vertex -12.9 -8.83316 2
      vertex -13.2 -6.7548 2
    endloop
  endfacet
  facet normal 0 0 1
    outer loop
      vertex -14.1 -6.7548 2
      vertex -14.4 -8.83316 2
      vertex -12.9 -8.83316 2
    endloop
  endfacet
  facet normal -0 0 1
    outer loop
      vertex -14.85 -8.05384 2
      vertex -14.4 -8.83316 2
      vertex -14.1 -6.7548 2
    endloop
  endfacet
  facet normal 0 0 1
    outer loop
      vertex -14.85 -8.05384 2
      vertex -15.15 -10.1322 2
      vertex -14.4 -8.83316 2
    endloop
  endfacet
  facet normal -0 0 1
    outer loop
      vertex -16.35 -8.05384 2
      vertex -15.15 -10.1322 2
      vertex -14.85 -8.05384 2
    endloop
  endfacet
  facet normal 0 0 1
    outer loop
      vertex -18.126 -12.1114 2
      vertex -15.15 -10.1322 2
      vertex -16.35 -8.05384 2
    endloop
  endfacet
  facet normal 0 0 1
    outer loop
      vertex -15.15 -10.1322 2
      vertex -16.3901 -14.3737 2
      vertex -15.4149 -15.4149 2
    endloop
  endfacet
  facet normal 0 0 1
    outer loop
      vertex -19.5518 -9.64189 2
      vertex -16.35 -8.05384 2
      vertex -17.1 -6.7548 2
    endloop
  endfacet
  facet normal 0 0 1
    outer loop
      vertex -15.15 -10.1322 2
      vertex -17.2951 -13.271 2
      vertex -16.3901 -14.3737 2
    endloop
  endfacet
  facet normal -0 0 1
    outer loop
      vertex 13.2 -13.5096 2
      vertex 16.3901 -14.3737 2
      vertex 14.4 -11.4312 2
    endloop
  endfacet
  facet normal 0 0 1
    outer loop
      vertex 16.3901 -14.3737 2
      vertex 13.2 -13.5096 2
      vertex 15.4149 -15.4149 2
    endloop
  endfacet
  facet normal -0 0 1
    outer loop
      vertex 12.45 -14.8086 2
      vertex 15.4149 -15.4149 2
      vertex 13.2 -13.5096 2
    endloop
  endfacet
  facet normal 0 0 1
    outer loop
      vertex 15.4149 -15.4149 2
      vertex 12.45 -14.8086 2
      vertex 14.3737 -16.3901 2
    endloop
  endfacet
  facet normal -0 0 1
    outer loop
      vertex 12.9 -11.4312 2
      vertex 13.2 -13.5096 2
      vertex 14.4 -11.4312 2
    endloop
  endfacet
  facet normal 0 0 1
    outer loop
      vertex 12.9 -11.4312 2
      vertex 12.45 -12.2106 2
      vertex 13.2 -13.5096 2
    endloop
  endfacet
  facet normal 0 0 1
    outer loop
      vertex 12.15 -10.1322 2
      vertex 12.45 -12.2106 2
      vertex 12.9 -11.4312 2
    endloop
  endfacet
  facet normal -0 0 1
    outer loop
      vertex 11.25 -10.1322 2
      vertex 12.45 -12.2106 2
      vertex 12.15 -10.1322 2
    endloop
  endfacet
  facet normal 0 0 1
    outer loop
      vertex 11.25 -10.1322 2
      vertex 10.95 -12.2106 2
      vertex 12.45 -12.2106 2
    endloop
  endfacet
  facet normal -0 0 1
    outer loop
      vertex 10.5 -11.4312 2
      vertex 10.95 -12.2106 2
      vertex 11.25 -10.1322 2
    endloop
  endfacet
  facet normal 0 0 1
    outer loop
      vertex 10.5 -11.4312 2
      vertex 10.2 -13.5096 2
      vertex 10.95 -12.2106 2
    endloop
  endfacet
  facet normal 0 0 1
    outer loop
      vertex 10.5 -11.4312 2
      vertex 9.3 -13.5096 2
      vertex 10.2 -13.5096 2
    endloop
  endfacet
  facet normal -0 0 1
    outer loop
      vertex 9 -11.4312 2
      vertex 9.3 -13.5096 2
      vertex 10.5 -11.4312 2
    endloop
  endfacet
  facet normal 0 0 1
    outer loop
      vertex 9 -11.4312 2
      vertex 8.55 -12.2106 2
      vertex 9.3 -13.5096 2
    endloop
  endfacet
  facet normal 0 0 1
    outer loop
      vertex 8.25 -10.1322 2
      vertex 8.55 -12.2106 2
      vertex 9 -11.4312 2
    endloop
  endfacet
  facet normal -0 0 1
    outer loop
      vertex 7.35 -10.1322 2
      vertex 8.55 -12.2106 2
      vertex 8.25 -10.1322 2
    endloop
  endfacet
  facet normal 0 0 1
    outer loop
      vertex 7.35 -10.1322 2
      vertex 7.05 -12.2106 2
      vertex 8.55 -12.2106 2
    endloop
  endfacet
  facet normal -0 0 1
    outer loop
      vertex 6.6 -11.4312 2
      vertex 7.05 -12.2106 2
      vertex 7.35 -10.1322 2
    endloop
  endfacet
  facet normal 0 0 1
    outer loop
      vertex 6.6 -11.4312 2
      vertex 6.3 -13.5096 2
      vertex 7.05 -12.2106 2
    endloop
  endfacet
  facet normal 0 0 1
    outer loop
      vertex 6.6 -11.4312 2
      vertex 5.4 -13.5096 2
      vertex 6.3 -13.5096 2
    endloop
  endfacet
  facet normal -0 0 1
    outer loop
      vertex 5.1 -11.4312 2
      vertex 5.4 -13.5096 2
      vertex 6.6 -11.4312 2
    endloop
  endfacet
  facet normal 0 0 1
    outer loop
      vertex 5.1 -11.4312 2
      vertex 4.65 -12.2106 2
      vertex 5.4 -13.5096 2
    endloop
  endfacet
  facet normal 0 0 1
    outer loop
      vertex 4.35 -10.1322 2
      vertex 4.65 -12.2106 2
      vertex 5.1 -11.4312 2
    endloop
  endfacet
  facet normal -0 0 1
    outer loop
      vertex 3.45 -10.1322 2
      vertex 4.65 -12.2106 2
      vertex 4.35 -10.1322 2
    endloop
  endfacet
  facet normal 0 0 1
    outer loop
      vertex 3.45 -10.1322 2
      vertex 3.15 -12.2106 2
      vertex 4.65 -12.2106 2
    endloop
  endfacet
  facet normal -0 0 1
    outer loop
      vertex 2.7 -11.4312 2
      vertex 3.15 -12.2106 2
      vertex 3.45 -10.1322 2
    endloop
  endfacet
  facet normal 0 0 1
    outer loop
      vertex 2.7 -11.4312 2
      vertex 2.4 -13.5096 2
      vertex 3.15 -12.2106 2
    endloop
  endfacet
  facet normal 0 0 1
    outer loop
      vertex 2.7 -11.4312 2
      vertex 1.5 -13.5096 2
      vertex 2.4 -13.5096 2
    endloop
  endfacet
  facet normal -0 0 1
    outer loop
      vertex 1.2 -11.4312 2
      vertex 1.5 -13.5096 2
      vertex 2.7 -11.4312 2
    endloop
  endfacet
  facet normal 0 0 1
    outer loop
      vertex 1.2 -11.4312 2
      vertex 0.75 -12.2106 2
      vertex 1.5 -13.5096 2
    endloop
  endfacet
  facet normal 0 0 1
    outer loop
      vertex 0.45 -10.1322 2
      vertex 0.75 -12.2106 2
      vertex 1.2 -11.4312 2
    endloop
  endfacet
  facet normal -0 0 1
    outer loop
      vertex -0.45 -10.1322 2
      vertex 0.75 -12.2106 2
      vertex 0.45 -10.1322 2
    endloop
  endfacet
  facet normal 0 0 1
    outer loop
      vertex -0.45 -10.1322 2
      vertex -0.75 -12.2106 2
      vertex 0.75 -12.2106 2
    endloop
  endfacet
  facet normal -0 0 1
    outer loop
      vertex -1.2 -11.4312 2
      vertex -0.75 -12.2106 2
      vertex -0.45 -10.1322 2
    endloop
  endfacet
  facet normal 0 0 1
    outer loop
      vertex -1.2 -11.4312 2
      vertex -1.5 -13.5096 2
      vertex -0.75 -12.2106 2
    endloop
  endfacet
  facet normal 0 0 1
    outer loop
      vertex -1.2 -11.4312 2
      vertex -2.4 -13.5096 2
      vertex -1.5 -13.5096 2
    endloop
  endfacet
  facet normal -0 0 1
    outer loop
      vertex -2.7 -11.4312 2
      vertex -2.4 -13.5096 2
      vertex -1.2 -11.4312 2
    endloop
  endfacet
  facet normal 0 0 1
    outer loop
      vertex -2.7 -11.4312 2
      vertex -3.15 -12.2106 2
      vertex -2.4 -13.5096 2
    endloop
  endfacet
  facet normal 0 0 1
    outer loop
      vertex -3.45 -10.1322 2
      vertex -3.15 -12.2106 2
      vertex -2.7 -11.4312 2
    endloop
  endfacet
  facet normal -0 0 1
    outer loop
      vertex -4.35 -10.1322 2
      vertex -3.15 -12.2106 2
      vertex -3.45 -10.1322 2
    endloop
  endfacet
  facet normal 0 0 1
    outer loop
      vertex -4.35 -10.1322 2
      vertex -4.65 -12.2106 2
      vertex -3.15 -12.2106 2
    endloop
  endfacet
  facet normal -0 0 1
    outer loop
      vertex -5.1 -11.4312 2
      vertex -4.65 -12.2106 2
      vertex -4.35 -10.1322 2
    endloop
  endfacet
  facet normal 0 0 1
    outer loop
      vertex -5.1 -11.4312 2
      vertex -5.4 -13.5096 2
      vertex -4.65 -12.2106 2
    endloop
  endfacet
  facet normal 0 0 1
    outer loop
      vertex -5.1 -11.4312 2
      vertex -6.3 -13.5096 2
      vertex -5.4 -13.5096 2
    endloop
  endfacet
  facet normal -0 0 1
    outer loop
      vertex -6.6 -11.4312 2
      vertex -6.3 -13.5096 2
      vertex -5.1 -11.4312 2
    endloop
  endfacet
  facet normal 0 0 1
    outer loop
      vertex -6.6 -11.4312 2
      vertex -7.05 -12.2106 2
      vertex -6.3 -13.5096 2
    endloop
  endfacet
  facet normal 0 0 1
    outer loop
      vertex -7.35 -10.1322 2
      vertex -7.05 -12.2106 2
      vertex -6.6 -11.4312 2
    endloop
  endfacet
  facet normal -0 0 1
    outer loop
      vertex -8.25 -10.1322 2
      vertex -7.05 -12.2106 2
      vertex -7.35 -10.1322 2
    endloop
  endfacet
  facet normal 0 0 1
    outer loop
      vertex -8.25 -10.1322 2
      vertex -8.55 -12.2106 2
      vertex -7.05 -12.2106 2
    endloop
  endfacet
  facet normal -0 0 1
    outer loop
      vertex -9 -11.4312 2
      vertex -8.55 -12.2106 2
      vertex -8.25 -10.1322 2
    endloop
  endfacet
  facet normal 0 0 1
    outer loop
      vertex -9 -11.4312 2
      vertex -9.3 -13.5096 2
      vertex -8.55 -12.2106 2
    endloop
  endfacet
  facet normal 0 0 1
    outer loop
      vertex -9 -11.4312 2
      vertex -10.2 -13.5096 2
      vertex -9.3 -13.5096 2
    endloop
  endfacet
  facet normal -0 0 1
    outer loop
      vertex -10.5 -11.4312 2
      vertex -10.2 -13.5096 2
      vertex -9 -11.4312 2
    endloop
  endfacet
  facet normal 0 0 1
    outer loop
      vertex -10.5 -11.4312 2
      vertex -10.95 -12.2106 2
      vertex -10.2 -13.5096 2
    endloop
  endfacet
  facet normal 0 0 1
    outer loop
      vertex -11.25 -10.1322 2
      vertex -10.95 -12.2106 2
      vertex -10.5 -11.4312 2
    endloop
  endfacet
  facet normal -0 0 1
    outer loop
      vertex -12.15 -10.1322 2
      vertex -10.95 -12.2106 2
      vertex -11.25 -10.1322 2
    endloop
  endfacet
  facet normal 0 0 1
    outer loop
      vertex -12.15 -10.1322 2
      vertex -12.45 -12.2106 2
      vertex -10.95 -12.2106 2
    endloop
  endfacet
  facet normal -0 0 1
    outer loop
      vertex -12.9 -11.4312 2
      vertex -12.45 -12.2106 2
      vertex -12.15 -10.1322 2
    endloop
  endfacet
  facet normal 0 0 1
    outer loop
      vertex -12.9 -11.4312 2
      vertex -13.2 -13.5096 2
      vertex -12.45 -12.2106 2
    endloop
  endfacet
  facet normal 0 0 1
    outer loop
      vertex -12.45 -14.8086 2
      vertex -14.3737 -16.3901 2
      vertex -13.271 -17.2951 2
    endloop
  endfacet
  facet normal -0 0 1
    outer loop
      vertex -14.4 -11.4312 2
      vertex -13.2 -13.5096 2
      vertex -12.9 -11.4312 2
    endloop
  endfacet
  facet normal 0 0 1
    outer loop
      vertex -13.2 -13.5096 2
      vertex -14.4 -11.4312 2
      vertex -15.4149 -15.4149 2
    endloop
  endfacet
  facet normal 0 0 1
    outer loop
      vertex -15.4149 -15.4149 2
      vertex -14.4 -11.4312 2
      vertex -15.15 -10.1322 2
    endloop
  endfacet
  facet normal 0 0 1
    outer loop
      vertex -12.45 -14.8086 2
      vertex -15.4149 -15.4149 2
      vertex -14.3737 -16.3901 2
    endloop
  endfacet
  facet normal 0 0 1
    outer loop
      vertex 14.3737 -16.3901 2
      vertex 12.45 -14.8086 2
      vertex 13.271 -17.2951 2
    endloop
  endfacet
  facet normal -0 0 1
    outer loop
      vertex 11.25 -16.887 2
      vertex 13.271 -17.2951 2
      vertex 12.45 -14.8086 2
    endloop
  endfacet
  facet normal 0 0 1
    outer loop
      vertex 13.271 -17.2951 2
      vertex 11.25 -16.887 2
      vertex 12.1114 -18.126 2
    endloop
  endfacet
  facet normal -0 0 1
    outer loop
      vertex 10.95 -14.8086 2
      vertex 11.25 -16.887 2
      vertex 12.45 -14.8086 2
    endloop
  endfacet
  facet normal 0 0 1
    outer loop
      vertex 10.95 -14.8086 2
      vertex 10.5 -15.588 2
      vertex 11.25 -16.887 2
    endloop
  endfacet
  facet normal 0 0 1
    outer loop
      vertex 10.2 -13.5096 2
      vertex 10.5 -15.588 2
      vertex 10.95 -14.8086 2
    endloop
  endfacet
  facet normal -0 0 1
    outer loop
      vertex 9.3 -13.5096 2
      vertex 10.5 -15.588 2
      vertex 10.2 -13.5096 2
    endloop
  endfacet
  facet normal 0 0 1
    outer loop
      vertex 9.3 -13.5096 2
      vertex 9 -15.588 2
      vertex 10.5 -15.588 2
    endloop
  endfacet
  facet normal -0 0 1
    outer loop
      vertex 8.55 -14.8086 2
      vertex 9 -15.588 2
      vertex 9.3 -13.5096 2
    endloop
  endfacet
  facet normal 0 0 1
    outer loop
      vertex 8.55 -14.8086 2
      vertex 8.25 -16.887 2
      vertex 9 -15.588 2
    endloop
  endfacet
  facet normal 0 0 1
    outer loop
      vertex 8.55 -14.8086 2
      vertex 7.35 -16.887 2
      vertex 8.25 -16.887 2
    endloop
  endfacet
  facet normal -0 0 1
    outer loop
      vertex 7.05 -14.8086 2
      vertex 7.35 -16.887 2
      vertex 8.55 -14.8086 2
    endloop
  endfacet
  facet normal 0 0 1
    outer loop
      vertex 7.05 -14.8086 2
      vertex 6.6 -15.588 2
      vertex 7.35 -16.887 2
    endloop
  endfacet
  facet normal 0 0 1
    outer loop
      vertex 6.3 -13.5096 2
      vertex 6.6 -15.588 2
      vertex 7.05 -14.8086 2
    endloop
  endfacet
  facet normal -0 0 1
    outer loop
      vertex 5.4 -13.5096 2
      vertex 6.6 -15.588 2
      vertex 6.3 -13.5096 2
    endloop
  endfacet
  facet normal 0 0 1
    outer loop
      vertex 5.4 -13.5096 2
      vertex 5.1 -15.588 2
      vertex 6.6 -15.588 2
    endloop
  endfacet
  facet normal -0 0 1
    outer loop
      vertex 4.65 -14.8086 2
      vertex 5.1 -15.588 2
      vertex 5.4 -13.5096 2
    endloop
  endfacet
  facet normal 0 0 1
    outer loop
      vertex 4.65 -14.8086 2
      vertex 4.35 -16.887 2
      vertex 5.1 -15.588 2
    endloop
  endfacet
  facet normal 0 0 1
    outer loop
      vertex 2.7 -18.186 2
      vertex 5.1 -18.186 2
      vertex 3.45 -16.887 2
    endloop
  endfacet
  facet normal 0 0 1
    outer loop
      vertex 4.65 -14.8086 2
      vertex 3.45 -16.887 2
      vertex 4.35 -16.887 2
    endloop
  endfacet
  facet normal -0 0 1
    outer loop
      vertex 3.15 -14.8086 2
      vertex 3.45 -16.887 2
      vertex 4.65 -14.8086 2
    endloop
  endfacet
  facet normal 0 0 1
    outer loop
      vertex 3.15 -14.8086 2
      vertex 2.7 -15.588 2
      vertex 3.45 -16.887 2
    endloop
  endfacet
  facet normal 0 0 1
    outer loop
      vertex 2.4 -13.5096 2
      vertex 2.7 -15.588 2
      vertex 3.15 -14.8086 2
    endloop
  endfacet
  facet normal -0 0 1
    outer loop
      vertex 1.5 -13.5096 2
      vertex 2.7 -15.588 2
      vertex 2.4 -13.5096 2
    endloop
  endfacet
  facet normal 0 0 1
    outer loop
      vertex 1.5 -13.5096 2
      vertex 1.2 -15.588 2
      vertex 2.7 -15.588 2
    endloop
  endfacet
  facet normal -0 0 1
    outer loop
      vertex 0.75 -14.8086 2
      vertex 1.2 -15.588 2
      vertex 1.5 -13.5096 2
    endloop
  endfacet
  facet normal 0 0 1
    outer loop
      vertex 0.75 -14.8086 2
      vertex 0.45 -16.887 2
      vertex 1.2 -15.588 2
    endloop
  endfacet
  facet normal 0 0 1
    outer loop
      vertex -1.2 -18.186 2
      vertex 1.2 -18.186 2
      vertex -0.45 -16.887 2
    endloop
  endfacet
  facet normal 0 0 1
    outer loop
      vertex 0.75 -14.8086 2
      vertex -0.45 -16.887 2
      vertex 0.45 -16.887 2
    endloop
  endfacet
  facet normal -0 0 1
    outer loop
      vertex -0.75 -14.8086 2
      vertex -0.45 -16.887 2
      vertex 0.75 -14.8086 2
    endloop
  endfacet
  facet normal 0 0 1
    outer loop
      vertex -0.75 -14.8086 2
      vertex -1.2 -15.588 2
      vertex -0.45 -16.887 2
    endloop
  endfacet
  facet normal 0 0 1
    outer loop
      vertex -1.5 -13.5096 2
      vertex -1.2 -15.588 2
      vertex -0.75 -14.8086 2
    endloop
  endfacet
  facet normal -0 0 1
    outer loop
      vertex -2.4 -13.5096 2
      vertex -1.2 -15.588 2
      vertex -1.5 -13.5096 2
    endloop
  endfacet
  facet normal 0 0 1
    outer loop
      vertex -2.4 -13.5096 2
      vertex -2.7 -15.588 2
      vertex -1.2 -15.588 2
    endloop
  endfacet
  facet normal -0 0 1
    outer loop
      vertex -3.15 -14.8086 2
      vertex -2.7 -15.588 2
      vertex -2.4 -13.5096 2
    endloop
  endfacet
  facet normal 0 0 1
    outer loop
      vertex -3.15 -14.8086 2
      vertex -3.45 -16.887 2
      vertex -2.7 -15.588 2
    endloop
  endfacet
  facet normal 0 0 1
    outer loop
      vertex -4.35 -16.887 2
      vertex -3.45 -16.887 2
      vertex -3.15 -14.8086 2
    endloop
  endfacet
  facet normal 0 0 1
    outer loop
      vertex -5.1 -18.186 2
      vertex -2.7 -18.186 2
      vertex -4.35 -16.887 2
    endloop
  endfacet
  facet normal -0 0 1
    outer loop
      vertex -4.65 -14.8086 2
      vertex -4.35 -16.887 2
      vertex -3.15 -14.8086 2
    endloop
  endfacet
  facet normal 0 0 1
    outer loop
      vertex -4.65 -14.8086 2
      vertex -5.1 -15.588 2
      vertex -4.35 -16.887 2
    endloop
  endfacet
  facet normal 0 0 1
    outer loop
      vertex -5.4 -13.5096 2
      vertex -5.1 -15.588 2
      vertex -4.65 -14.8086 2
    endloop
  endfacet
  facet normal -0 0 1
    outer loop
      vertex -6.3 -13.5096 2
      vertex -5.1 -15.588 2
      vertex -5.4 -13.5096 2
    endloop
  endfacet
  facet normal 0 0 1
    outer loop
      vertex -6.3 -13.5096 2
      vertex -6.6 -15.588 2
      vertex -5.1 -15.588 2
    endloop
  endfacet
  facet normal -0 0 1
    outer loop
      vertex -7.05 -14.8086 2
      vertex -6.6 -15.588 2
      vertex -6.3 -13.5096 2
    endloop
  endfacet
  facet normal 0 0 1
    outer loop
      vertex -7.05 -14.8086 2
      vertex -7.35 -16.887 2
      vertex -6.6 -15.588 2
    endloop
  endfacet
  facet normal 0 0 1
    outer loop
      vertex -7.05 -14.8086 2
      vertex -8.25 -16.887 2
      vertex -7.35 -16.887 2
    endloop
  endfacet
  facet normal -0 0 1
    outer loop
      vertex -8.55 -14.8086 2
      vertex -8.25 -16.887 2
      vertex -7.05 -14.8086 2
    endloop
  endfacet
  facet normal 0 0 1
    outer loop
      vertex -8.55 -14.8086 2
      vertex -9 -15.588 2
      vertex -8.25 -16.887 2
    endloop
  endfacet
  facet normal 0 0 1
    outer loop
      vertex -9.3 -13.5096 2
      vertex -9 -15.588 2
      vertex -8.55 -14.8086 2
    endloop
  endfacet
  facet normal -0 0 1
    outer loop
      vertex -10.2 -13.5096 2
      vertex -9 -15.588 2
      vertex -9.3 -13.5096 2
    endloop
  endfacet
  facet normal 0 0 1
    outer loop
      vertex -10.2 -13.5096 2
      vertex -10.5 -15.588 2
      vertex -9 -15.588 2
    endloop
  endfacet
  facet normal -0 0 1
    outer loop
      vertex -10.95 -14.8086 2
      vertex -10.5 -15.588 2
      vertex -10.2 -13.5096 2
    endloop
  endfacet
  facet normal 0 0 1
    outer loop
      vertex -10.95 -14.8086 2
      vertex -11.25 -16.887 2
      vertex -10.5 -15.588 2
    endloop
  endfacet
  facet normal -0 0 1
    outer loop
      vertex -12.45 -14.8086 2
      vertex -11.25 -16.887 2
      vertex -10.95 -14.8086 2
    endloop
  endfacet
  facet normal 0 0 1
    outer loop
      vertex -13.271 -17.2951 2
      vertex -11.25 -16.887 2
      vertex -12.45 -14.8086 2
    endloop
  endfacet
  facet normal 0 0 1
    outer loop
      vertex -15.4149 -15.4149 2
      vertex -12.45 -14.8086 2
      vertex -13.2 -13.5096 2
    endloop
  endfacet
  facet normal 0 0 1
    outer loop
      vertex -11.25 -16.887 2
      vertex -13.271 -17.2951 2
      vertex -12.1114 -18.126 2
    endloop
  endfacet
  facet normal 0 0 1
    outer loop
      vertex 10.5 -18.186 2
      vertex 12.1114 -18.126 2
      vertex 11.25 -16.887 2
    endloop
  endfacet
  facet normal 0 0 1
    outer loop
      vertex 12.1114 -18.126 2
      vertex 10.5 -18.186 2
      vertex 10.9 -18.8794 2
    endloop
  endfacet
  facet normal 0 0 1
    outer loop
      vertex 10.5 -18.186 2
      vertex 9.64189 -19.5518 2
      vertex 10.9 -18.8794 2
    endloop
  endfacet
  facet normal -0 0 1
    outer loop
      vertex 9 -18.186 2
      vertex 9.64189 -19.5518 2
      vertex 10.5 -18.186 2
    endloop
  endfacet
  facet normal 0 0 1
    outer loop
      vertex 9 -18.186 2
      vertex 8.3425 -20.1406 2
      vertex 9.64189 -19.5518 2
    endloop
  endfacet
  facet normal 0 0 1
    outer loop
      vertex 6.6 -18.186 2
      vertex 9 -18.186 2
      vertex 8.25 -16.887 2
    endloop
  endfacet
  facet normal 0 0 1
    outer loop
      vertex 6.6 -18.186 2
      vertex 8.25 -16.887 2
      vertex 7.35 -16.887 2
    endloop
  endfacet
  facet normal 0 0 1
    outer loop
      vertex 9 -18.186 2
      vertex 6.6 -18.186 2
      vertex 8.3425 -20.1406 2
    endloop
  endfacet
  facet normal 0 0 1
    outer loop
      vertex 8.3425 -20.1406 2
      vertex 6.6 -18.186 2
      vertex 7.00738 -20.6431 2
    endloop
  endfacet
  facet normal 0 0 1
    outer loop
      vertex 6.6 -18.186 2
      vertex 5.64225 -21.0572 2
      vertex 7.00738 -20.6431 2
    endloop
  endfacet
  facet normal -0 0 1
    outer loop
      vertex 5.1 -18.186 2
      vertex 5.64225 -21.0572 2
      vertex 6.6 -18.186 2
    endloop
  endfacet
  facet normal -0 0 1
    outer loop
      vertex 3.45 -16.887 2
      vertex 5.1 -18.186 2
      vertex 4.35 -16.887 2
    endloop
  endfacet
  facet normal 0 0 1
    outer loop
      vertex 5.1 -18.186 2
      vertex 4.25297 -21.3811 2
      vertex 5.64225 -21.0572 2
    endloop
  endfacet
  facet normal -0.412725 0.910856 0
    outer loop
      vertex 11.2651 -22.8433 19
      vertex 9.74695 -23.5312 20
      vertex 11.2651 -22.8433 20
    endloop
  endfacet
  facet normal -0.412725 0.910856 0
    outer loop
      vertex 9.74695 -23.5312 20
      vertex 11.2651 -22.8433 19
      vertex 9.74695 -23.5312 19
    endloop
  endfacet
  facet normal -0.995183 -0.0980375 0
    outer loop
      vertex 25.4155 1.66582 19
      vertex 25.2521 3.3245 20
      vertex 25.2521 3.3245 19
    endloop
  endfacet
  facet normal -0.995183 -0.0980375 0
    outer loop
      vertex 25.2521 3.3245 20
      vertex 25.4155 1.66582 19
      vertex 25.4155 1.66582 20
    endloop
  endfacet
  facet normal -0.999465 -0.0326991 0
    outer loop
      vertex 25.47 0 19
      vertex 25.4155 1.66582 20
      vertex 25.4155 1.66582 19
    endloop
  endfacet
  facet normal -0.999465 -0.0326991 0
    outer loop
      vertex 25.4155 1.66582 20
      vertex 25.47 0 19
      vertex 25.47 0 20
    endloop
  endfacet
  facet normal -0.986643 -0.162896 0
    outer loop
      vertex 25.2521 3.3245 19
      vertex 24.9806 4.96895 20
      vertex 24.9806 4.96895 19
    endloop
  endfacet
  facet normal -0.986643 -0.162896 0
    outer loop
      vertex 24.9806 4.96895 20
      vertex 25.2521 3.3245 19
      vertex 25.2521 3.3245 20
    endloop
  endfacet
  facet normal -0.973873 -0.227093 0
    outer loop
      vertex 24.9806 4.96895 19
      vertex 24.6021 6.59212 20
      vertex 24.6021 6.59212 19
    endloop
  endfacet
  facet normal -0.973873 -0.227093 0
    outer loop
      vertex 24.6021 6.59212 20
      vertex 24.9806 4.96895 19
      vertex 24.9806 4.96895 20
    endloop
  endfacet
  facet normal 0.6344 -0.773005 0
    outer loop
      vertex -16.7935 19.1494 19
      vertex -15.5052 20.2067 20
      vertex -16.7935 19.1494 20
    endloop
  endfacet
  facet normal 0.6344 -0.773005 0
    outer loop
      vertex -15.5052 20.2067 20
      vertex -16.7935 19.1494 19
      vertex -15.5052 20.2067 19
    endloop
  endfacet
  facet normal 0.910856 0.412725 0
    outer loop
      vertex -22.8433 -11.2651 20
      vertex -23.5312 -9.74695 19
      vertex -23.5312 -9.74695 20
    endloop
  endfacet
  facet normal 0.910856 0.412725 0
    outer loop
      vertex -23.5312 -9.74695 19
      vertex -22.8433 -11.2651 20
      vertex -22.8433 -11.2651 19
    endloop
  endfacet
  facet normal -0.729857 -0.6836 0
    outer loop
      vertex 19.1494 16.7935 19
      vertex 18.01 18.01 20
      vertex 18.01 18.01 19
    endloop
  endfacet
  facet normal -0.729857 -0.6836 0
    outer loop
      vertex 18.01 18.01 20
      vertex 19.1494 16.7935 19
      vertex 19.1494 16.7935 20
    endloop
  endfacet
  facet normal 0.6836 -0.729857 0
    outer loop
      vertex -18.01 18.01 19
      vertex -16.7935 19.1494 20
      vertex -18.01 18.01 20
    endloop
  endfacet
  facet normal 0.6836 -0.729857 0
    outer loop
      vertex -16.7935 19.1494 20
      vertex -18.01 18.01 19
      vertex -16.7935 19.1494 19
    endloop
  endfacet
  facet normal -0.986643 0.162896 0
    outer loop
      vertex 24.9806 -4.96895 19
      vertex 25.2521 -3.3245 20
      vertex 25.2521 -3.3245 19
    endloop
  endfacet
  facet normal -0.986643 0.162896 0
    outer loop
      vertex 25.2521 -3.3245 20
      vertex 24.9806 -4.96895 19
      vertex 24.9806 -4.96895 20
    endloop
  endfacet
  facet normal 0.6836 0.729857 -0
    outer loop
      vertex -16.7935 -19.1494 19
      vertex -18.01 -18.01 20
      vertex -16.7935 -19.1494 20
    endloop
  endfacet
  facet normal 0.6836 0.729857 0
    outer loop
      vertex -18.01 -18.01 20
      vertex -16.7935 -19.1494 19
      vertex -18.01 -18.01 19
    endloop
  endfacet
  facet normal -0.849189 -0.528088 0
    outer loop
      vertex 22.0577 12.735 19
      vertex 21.1775 14.1504 20
      vertex 21.1775 14.1504 19
    endloop
  endfacet
  facet normal -0.849189 -0.528088 0
    outer loop
      vertex 21.1775 14.1504 20
      vertex 22.0577 12.735 19
      vertex 22.0577 12.735 20
    endloop
  endfacet
  facet normal -0.031889 0.999491 0
    outer loop
      vertex 1.66582 -25.4155 19
      vertex 1.6 -25.4176 20
      vertex 1.66582 -25.4155 20
    endloop
  endfacet
  facet normal -0.031889 0.999491 0
    outer loop
      vertex 1.6 -25.4176 20
      vertex 1.66582 -25.4155 19
      vertex 1.6 -25.4176 19
    endloop
  endfacet
  facet normal 0.773005 0.6344 0
    outer loop
      vertex -19.1494 -16.7935 20
      vertex -20.2067 -15.5052 19
      vertex -20.2067 -15.5052 20
    endloop
  endfacet
  facet normal 0.773005 0.6344 0
    outer loop
      vertex -20.2067 -15.5052 19
      vertex -19.1494 -16.7935 20
      vertex -19.1494 -16.7935 19
    endloop
  endfacet
  facet normal 0.849189 0.528088 0
    outer loop
      vertex -21.1775 -14.1504 20
      vertex -22.0577 -12.735 19
      vertex -22.0577 -12.735 20
    endloop
  endfacet
  facet normal 0.849189 0.528088 0
    outer loop
      vertex -22.0577 -12.735 19
      vertex -21.1775 -14.1504 20
      vertex -21.1775 -14.1504 19
    endloop
  endfacet
  facet normal -0.910856 -0.412725 0
    outer loop
      vertex 23.5312 9.74695 19
      vertex 22.8433 11.2651 20
      vertex 22.8433 11.2651 19
    endloop
  endfacet
  facet normal -0.910856 -0.412725 0
    outer loop
      vertex 22.8433 11.2651 20
      vertex 23.5312 9.74695 19
      vertex 23.5312 9.74695 20
    endloop
  endfacet
  facet normal 0.528088 0.849189 -0
    outer loop
      vertex -12.735 -22.0577 19
      vertex -14.1504 -21.1775 20
      vertex -12.735 -22.0577 20
    endloop
  endfacet
  facet normal 0.528088 0.849189 0
    outer loop
      vertex -14.1504 -21.1775 20
      vertex -12.735 -22.0577 19
      vertex -14.1504 -21.1775 19
    endloop
  endfacet
  facet normal -0.0980375 0.995183 0
    outer loop
      vertex 3.3245 -25.2521 19
      vertex 1.66582 -25.4155 20
      vertex 3.3245 -25.2521 20
    endloop
  endfacet
  facet normal -0.0980375 0.995183 0
    outer loop
      vertex 1.66582 -25.4155 20
      vertex 3.3245 -25.2521 19
      vertex 1.66582 -25.4155 19
    endloop
  endfacet
  facet normal 0.849189 -0.528088 0
    outer loop
      vertex -22.0577 12.735 20
      vertex -21.1775 14.1504 19
      vertex -21.1775 14.1504 20
    endloop
  endfacet
  facet normal 0.849189 -0.528088 0
    outer loop
      vertex -21.1775 14.1504 19
      vertex -22.0577 12.735 20
      vertex -22.0577 12.735 19
    endloop
  endfacet
  facet normal -0.412725 -0.910856 0
    outer loop
      vertex 9.74695 23.5312 19
      vertex 11.2651 22.8433 20
      vertex 9.74695 23.5312 20
    endloop
  endfacet
  facet normal -0.412725 -0.910856 -0
    outer loop
      vertex 11.2651 22.8433 20
      vertex 9.74695 23.5312 19
      vertex 11.2651 22.8433 19
    endloop
  endfacet
  facet normal -0.881941 -0.47136 0
    outer loop
      vertex 22.8433 11.2651 19
      vertex 22.0577 12.735 20
      vertex 22.0577 12.735 19
    endloop
  endfacet
  facet normal -0.881941 -0.47136 0
    outer loop
      vertex 22.0577 12.735 20
      vertex 22.8433 11.2651 19
      vertex 22.8433 11.2651 20
    endloop
  endfacet
  facet normal -0.162896 -0.986643 0
    outer loop
      vertex 3.3245 25.2521 19
      vertex 4.96895 24.9806 20
      vertex 3.3245 25.2521 20
    endloop
  endfacet
  facet normal -0.162896 -0.986643 -0
    outer loop
      vertex 4.96895 24.9806 20
      vertex 3.3245 25.2521 19
      vertex 4.96895 24.9806 19
    endloop
  endfacet
  facet normal -0.729857 0.6836 0
    outer loop
      vertex 18.01 -18.01 19
      vertex 19.1494 -16.7935 20
      vertex 19.1494 -16.7935 19
    endloop
  endfacet
  facet normal -0.729857 0.6836 0
    outer loop
      vertex 19.1494 -16.7935 20
      vertex 18.01 -18.01 19
      vertex 18.01 -18.01 20
    endloop
  endfacet
  facet normal -0.35225 0.935906 0
    outer loop
      vertex 9.74695 -23.5312 19
      vertex 8.18706 -24.1183 20
      vertex 9.74695 -23.5312 20
    endloop
  endfacet
  facet normal -0.35225 0.935906 0
    outer loop
      vertex 8.18706 -24.1183 20
      vertex 9.74695 -23.5312 19
      vertex 8.18706 -24.1183 19
    endloop
  endfacet
  facet normal -0.162896 0.986643 0
    outer loop
      vertex 4.96895 -24.9806 19
      vertex 3.3245 -25.2521 20
      vertex 4.96895 -24.9806 20
    endloop
  endfacet
  facet normal -0.162896 0.986643 0
    outer loop
      vertex 3.3245 -25.2521 20
      vertex 4.96895 -24.9806 19
      vertex 3.3245 -25.2521 19
    endloop
  endfacet
  facet normal 0.999465 -0.0326991 0
    outer loop
      vertex -25.47 0 20
      vertex -25.4155 1.66582 19
      vertex -25.4155 1.66582 20
    endloop
  endfacet
  facet normal 0.999465 -0.0326991 0
    outer loop
      vertex -25.4155 1.66582 19
      vertex -25.47 0 20
      vertex -25.47 0 19
    endloop
  endfacet
  facet normal -0.0980375 -0.995183 0
    outer loop
      vertex 1.66582 25.4155 19
      vertex 3.3245 25.2521 20
      vertex 1.66582 25.4155 20
    endloop
  endfacet
  facet normal -0.0980375 -0.995183 -0
    outer loop
      vertex 3.3245 25.2521 20
      vertex 1.66582 25.4155 19
      vertex 3.3245 25.2521 19
    endloop
  endfacet
  facet normal 0.935906 0.35225 0
    outer loop
      vertex -23.5312 -9.74695 20
      vertex -24.1183 -8.18706 19
      vertex -24.1183 -8.18706 20
    endloop
  endfacet
  facet normal 0.935906 0.35225 0
    outer loop
      vertex -24.1183 -8.18706 19
      vertex -23.5312 -9.74695 20
      vertex -23.5312 -9.74695 19
    endloop
  endfacet
  facet normal 0.0326991 -0.999465 0
    outer loop
      vertex -1.66582 25.4155 19
      vertex 0 25.47 20
      vertex -1.66582 25.4155 20
    endloop
  endfacet
  facet normal 0.0326991 -0.999465 0
    outer loop
      vertex 0 25.47 20
      vertex -1.66582 25.4155 19
      vertex 0 25.47 19
    endloop
  endfacet
  facet normal 0.162896 -0.986643 0
    outer loop
      vertex -4.96895 24.9806 19
      vertex -3.3245 25.2521 20
      vertex -4.96895 24.9806 20
    endloop
  endfacet
  facet normal 0.162896 -0.986643 0
    outer loop
      vertex -3.3245 25.2521 20
      vertex -4.96895 24.9806 19
      vertex -3.3245 25.2521 19
    endloop
  endfacet
  facet normal -0.47136 0.881941 0
    outer loop
      vertex 12.735 -22.0577 19
      vertex 11.2651 -22.8433 20
      vertex 12.735 -22.0577 20
    endloop
  endfacet
  facet normal -0.47136 0.881941 0
    outer loop
      vertex 11.2651 -22.8433 20
      vertex 12.735 -22.0577 19
      vertex 11.2651 -22.8433 19
    endloop
  endfacet
  facet normal 0.227093 -0.973873 0
    outer loop
      vertex -6.59212 24.6021 19
      vertex -4.96895 24.9806 20
      vertex -6.59212 24.6021 20
    endloop
  endfacet
  facet normal 0.227093 -0.973873 0
    outer loop
      vertex -4.96895 24.9806 20
      vertex -6.59212 24.6021 19
      vertex -4.96895 24.9806 19
    endloop
  endfacet
  facet normal 0.290274 -0.956944 0
    outer loop
      vertex -8.18706 24.1183 19
      vertex -6.59212 24.6021 20
      vertex -8.18706 24.1183 20
    endloop
  endfacet
  facet normal 0.290274 -0.956944 0
    outer loop
      vertex -6.59212 24.6021 20
      vertex -8.18706 24.1183 19
      vertex -6.59212 24.6021 19
    endloop
  endfacet
  facet normal -0.910856 0.412725 0
    outer loop
      vertex 22.8433 -11.2651 19
      vertex 23.5312 -9.74695 20
      vertex 23.5312 -9.74695 19
    endloop
  endfacet
  facet normal -0.910856 0.412725 0
    outer loop
      vertex 23.5312 -9.74695 20
      vertex 22.8433 -11.2651 19
      vertex 22.8433 -11.2651 20
    endloop
  endfacet
  facet normal 0.999465 0.0326991 0
    outer loop
      vertex -25.4155 -1.66582 20
      vertex -25.47 0 19
      vertex -25.47 0 20
    endloop
  endfacet
  facet normal 0.999465 0.0326991 0
    outer loop
      vertex -25.47 0 19
      vertex -25.4155 -1.66582 20
      vertex -25.4155 -1.66582 19
    endloop
  endfacet
  facet normal 0.47136 -0.881941 0
    outer loop
      vertex -12.735 22.0577 19
      vertex -11.2651 22.8433 20
      vertex -12.735 22.0577 20
    endloop
  endfacet
  facet normal 0.47136 -0.881941 0
    outer loop
      vertex -11.2651 22.8433 20
      vertex -12.735 22.0577 19
      vertex -11.2651 22.8433 19
    endloop
  endfacet
  facet normal -0.956944 -0.290274 0
    outer loop
      vertex 24.6021 6.59212 19
      vertex 24.1183 8.18706 20
      vertex 24.1183 8.18706 19
    endloop
  endfacet
  facet normal -0.956944 -0.290274 0
    outer loop
      vertex 24.1183 8.18706 20
      vertex 24.6021 6.59212 19
      vertex 24.6021 6.59212 20
    endloop
  endfacet
  facet normal -0.881941 0.47136 0
    outer loop
      vertex 22.0577 -12.735 19
      vertex 22.8433 -11.2651 20
      vertex 22.8433 -11.2651 19
    endloop
  endfacet
  facet normal -0.881941 0.47136 0
    outer loop
      vertex 22.8433 -11.2651 20
      vertex 22.0577 -12.735 19
      vertex 22.0577 -12.735 20
    endloop
  endfacet
  facet normal -0.6836 -0.729857 0
    outer loop
      vertex 16.7935 19.1494 19
      vertex 18.01 18.01 20
      vertex 16.7935 19.1494 20
    endloop
  endfacet
  facet normal -0.6836 -0.729857 -0
    outer loop
      vertex 18.01 18.01 20
      vertex 16.7935 19.1494 19
      vertex 18.01 18.01 19
    endloop
  endfacet
  facet normal -0.290274 0.956944 0
    outer loop
      vertex 8.18706 -24.1183 19
      vertex 6.59212 -24.6021 20
      vertex 8.18706 -24.1183 20
    endloop
  endfacet
  facet normal -0.290274 0.956944 0
    outer loop
      vertex 6.59212 -24.6021 20
      vertex 8.18706 -24.1183 19
      vertex 6.59212 -24.6021 19
    endloop
  endfacet
  facet normal -0.956944 0.290274 0
    outer loop
      vertex 24.1183 -8.18706 19
      vertex 24.6021 -6.59212 20
      vertex 24.6021 -6.59212 19
    endloop
  endfacet
  facet normal -0.956944 0.290274 0
    outer loop
      vertex 24.6021 -6.59212 20
      vertex 24.1183 -8.18706 19
      vertex 24.1183 -8.18706 20
    endloop
  endfacet
  facet normal -0.528088 -0.849189 0
    outer loop
      vertex 12.735 22.0577 19
      vertex 14.1504 21.1775 20
      vertex 12.735 22.0577 20
    endloop
  endfacet
  facet normal -0.528088 -0.849189 -0
    outer loop
      vertex 14.1504 21.1775 20
      vertex 12.735 22.0577 19
      vertex 14.1504 21.1775 19
    endloop
  endfacet
  facet normal -0.0326991 -0.999465 0
    outer loop
      vertex 0 25.47 19
      vertex 1.66582 25.4155 20
      vertex 0 25.47 20
    endloop
  endfacet
  facet normal -0.0326991 -0.999465 -0
    outer loop
      vertex 1.66582 25.4155 20
      vertex 0 25.47 19
      vertex 1.66582 25.4155 19
    endloop
  endfacet
  facet normal 0.0980375 -0.995183 0
    outer loop
      vertex -3.3245 25.2521 19
      vertex -1.66582 25.4155 20
      vertex -3.3245 25.2521 20
    endloop
  endfacet
  facet normal 0.0980375 -0.995183 0
    outer loop
      vertex -1.66582 25.4155 20
      vertex -3.3245 25.2521 19
      vertex -1.66582 25.4155 19
    endloop
  endfacet
  facet normal -0.773005 -0.6344 0
    outer loop
      vertex 20.2067 15.5052 19
      vertex 19.1494 16.7935 20
      vertex 19.1494 16.7935 19
    endloop
  endfacet
  facet normal -0.773005 -0.6344 0
    outer loop
      vertex 19.1494 16.7935 20
      vertex 20.2067 15.5052 19
      vertex 20.2067 15.5052 20
    endloop
  endfacet
  facet normal -0.227093 -0.973873 0
    outer loop
      vertex 4.96895 24.9806 19
      vertex 6.59212 24.6021 20
      vertex 4.96895 24.9806 20
    endloop
  endfacet
  facet normal -0.227093 -0.973873 -0
    outer loop
      vertex 6.59212 24.6021 20
      vertex 4.96895 24.9806 19
      vertex 6.59212 24.6021 19
    endloop
  endfacet
  facet normal 0.47136 0.881941 -0
    outer loop
      vertex -11.2651 -22.8433 19
      vertex -12.735 -22.0577 20
      vertex -11.2651 -22.8433 20
    endloop
  endfacet
  facet normal 0.47136 0.881941 0
    outer loop
      vertex -12.735 -22.0577 20
      vertex -11.2651 -22.8433 19
      vertex -12.735 -22.0577 19
    endloop
  endfacet
  facet normal -0.812857 -0.582463 0
    outer loop
      vertex 21.1775 14.1504 19
      vertex 20.2067 15.5052 20
      vertex 20.2067 15.5052 19
    endloop
  endfacet
  facet normal -0.812857 -0.582463 0
    outer loop
      vertex 20.2067 15.5052 20
      vertex 21.1775 14.1504 19
      vertex 21.1775 14.1504 20
    endloop
  endfacet
  facet normal -0.6344 -0.773005 0
    outer loop
      vertex 15.5052 20.2067 19
      vertex 16.7935 19.1494 20
      vertex 15.5052 20.2067 20
    endloop
  endfacet
  facet normal -0.6344 -0.773005 -0
    outer loop
      vertex 16.7935 19.1494 20
      vertex 15.5052 20.2067 19
      vertex 16.7935 19.1494 19
    endloop
  endfacet
  facet normal 0.227093 0.973873 -0
    outer loop
      vertex -4.96895 -24.9806 19
      vertex -6.59212 -24.6021 20
      vertex -4.96895 -24.9806 20
    endloop
  endfacet
  facet normal 0.227093 0.973873 0
    outer loop
      vertex -6.59212 -24.6021 20
      vertex -4.96895 -24.9806 19
      vertex -6.59212 -24.6021 19
    endloop
  endfacet
  facet normal 0.290274 0.956944 -0
    outer loop
      vertex -6.59212 -24.6021 19
      vertex -8.18706 -24.1183 20
      vertex -6.59212 -24.6021 20
    endloop
  endfacet
  facet normal 0.290274 0.956944 0
    outer loop
      vertex -8.18706 -24.1183 20
      vertex -6.59212 -24.6021 19
      vertex -8.18706 -24.1183 19
    endloop
  endfacet
  facet normal -0.935906 0.35225 0
    outer loop
      vertex 23.5312 -9.74695 19
      vertex 24.1183 -8.18706 20
      vertex 24.1183 -8.18706 19
    endloop
  endfacet
  facet normal -0.935906 0.35225 0
    outer loop
      vertex 24.1183 -8.18706 20
      vertex 23.5312 -9.74695 19
      vertex 23.5312 -9.74695 20
    endloop
  endfacet
  facet normal -0.47136 -0.881941 0
    outer loop
      vertex 11.2651 22.8433 19
      vertex 12.735 22.0577 20
      vertex 11.2651 22.8433 20
    endloop
  endfacet
  facet normal -0.47136 -0.881941 -0
    outer loop
      vertex 12.735 22.0577 20
      vertex 11.2651 22.8433 19
      vertex 12.735 22.0577 19
    endloop
  endfacet
  facet normal 0.986643 -0.162896 0
    outer loop
      vertex -25.2521 3.3245 20
      vertex -24.9806 4.96895 19
      vertex -24.9806 4.96895 20
    endloop
  endfacet
  facet normal 0.986643 -0.162896 0
    outer loop
      vertex -24.9806 4.96895 19
      vertex -25.2521 3.3245 20
      vertex -25.2521 3.3245 19
    endloop
  endfacet
  facet normal -0.35225 -0.935906 0
    outer loop
      vertex 8.18706 24.1183 19
      vertex 9.74695 23.5312 20
      vertex 8.18706 24.1183 20
    endloop
  endfacet
  facet normal -0.35225 -0.935906 -0
    outer loop
      vertex 9.74695 23.5312 20
      vertex 8.18706 24.1183 19
      vertex 9.74695 23.5312 19
    endloop
  endfacet
  facet normal -0.227093 0.973873 0
    outer loop
      vertex 6.59212 -24.6021 19
      vertex 4.96895 -24.9806 20
      vertex 6.59212 -24.6021 20
    endloop
  endfacet
  facet normal -0.227093 0.973873 0
    outer loop
      vertex 4.96895 -24.9806 20
      vertex 6.59212 -24.6021 19
      vertex 4.96895 -24.9806 19
    endloop
  endfacet
  facet normal -0.849189 0.528088 0
    outer loop
      vertex 21.1775 -14.1504 19
      vertex 22.0577 -12.735 20
      vertex 22.0577 -12.735 19
    endloop
  endfacet
  facet normal -0.849189 0.528088 0
    outer loop
      vertex 22.0577 -12.735 20
      vertex 21.1775 -14.1504 19
      vertex 21.1775 -14.1504 20
    endloop
  endfacet
  facet normal 0.881941 -0.47136 0
    outer loop
      vertex -22.8433 11.2651 20
      vertex -22.0577 12.735 19
      vertex -22.0577 12.735 20
    endloop
  endfacet
  facet normal 0.881941 -0.47136 0
    outer loop
      vertex -22.0577 12.735 19
      vertex -22.8433 11.2651 20
      vertex -22.8433 11.2651 19
    endloop
  endfacet
  facet normal 0.973873 0.227093 0
    outer loop
      vertex -24.6021 -6.59212 20
      vertex -24.9806 -4.96895 19
      vertex -24.9806 -4.96895 20
    endloop
  endfacet
  facet normal 0.973873 0.227093 0
    outer loop
      vertex -24.9806 -4.96895 19
      vertex -24.6021 -6.59212 20
      vertex -24.6021 -6.59212 19
    endloop
  endfacet
  facet normal -0.995183 0.0980375 0
    outer loop
      vertex 25.2521 -3.3245 19
      vertex 25.4155 -1.66582 20
      vertex 25.4155 -1.66582 19
    endloop
  endfacet
  facet normal -0.995183 0.0980375 0
    outer loop
      vertex 25.4155 -1.66582 20
      vertex 25.2521 -3.3245 19
      vertex 25.2521 -3.3245 20
    endloop
  endfacet
  facet normal -0.999465 0.0326991 0
    outer loop
      vertex 25.4155 -1.66582 19
      vertex 25.47 0 20
      vertex 25.47 0 19
    endloop
  endfacet
  facet normal -0.999465 0.0326991 0
    outer loop
      vertex 25.47 0 20
      vertex 25.4155 -1.66582 19
      vertex 25.4155 -1.66582 20
    endloop
  endfacet
  facet normal -0.6344 0.773005 0
    outer loop
      vertex 16.7935 -19.1494 19
      vertex 15.5052 -20.2067 20
      vertex 16.7935 -19.1494 20
    endloop
  endfacet
  facet normal -0.6344 0.773005 0
    outer loop
      vertex 15.5052 -20.2067 20
      vertex 16.7935 -19.1494 19
      vertex 15.5052 -20.2067 19
    endloop
  endfacet
  facet normal -0.6836 0.729857 0
    outer loop
      vertex 18.01 -18.01 19
      vertex 16.7935 -19.1494 20
      vertex 18.01 -18.01 20
    endloop
  endfacet
  facet normal -0.6836 0.729857 0
    outer loop
      vertex 16.7935 -19.1494 20
      vertex 18.01 -18.01 19
      vertex 16.7935 -19.1494 19
    endloop
  endfacet
  facet normal -0.290274 -0.956944 0
    outer loop
      vertex 6.59212 24.6021 19
      vertex 8.18706 24.1183 20
      vertex 6.59212 24.6021 20
    endloop
  endfacet
  facet normal -0.290274 -0.956944 -0
    outer loop
      vertex 8.18706 24.1183 20
      vertex 6.59212 24.6021 19
      vertex 8.18706 24.1183 19
    endloop
  endfacet
  facet normal 0.973873 -0.227093 0
    outer loop
      vertex -24.9806 4.96895 20
      vertex -24.6021 6.59212 19
      vertex -24.6021 6.59212 20
    endloop
  endfacet
  facet normal 0.973873 -0.227093 0
    outer loop
      vertex -24.6021 6.59212 19
      vertex -24.9806 4.96895 20
      vertex -24.9806 4.96895 19
    endloop
  endfacet
  facet normal 0.812857 0.582463 0
    outer loop
      vertex -20.2067 -15.5052 20
      vertex -21.1775 -14.1504 19
      vertex -21.1775 -14.1504 20
    endloop
  endfacet
  facet normal 0.812857 0.582463 0
    outer loop
      vertex -21.1775 -14.1504 19
      vertex -20.2067 -15.5052 20
      vertex -20.2067 -15.5052 19
    endloop
  endfacet
  facet normal 0.582463 -0.812857 0
    outer loop
      vertex -15.5052 20.2067 19
      vertex -14.1504 21.1775 20
      vertex -15.5052 20.2067 20
    endloop
  endfacet
  facet normal 0.582463 -0.812857 0
    outer loop
      vertex -14.1504 21.1775 20
      vertex -15.5052 20.2067 19
      vertex -14.1504 21.1775 19
    endloop
  endfacet
  facet normal 0.0980375 0.995183 -0
    outer loop
      vertex -1.66582 -25.4155 19
      vertex -3.3245 -25.2521 20
      vertex -1.66582 -25.4155 20
    endloop
  endfacet
  facet normal 0.0980375 0.995183 0
    outer loop
      vertex -3.3245 -25.2521 20
      vertex -1.66582 -25.4155 19
      vertex -3.3245 -25.2521 19
    endloop
  endfacet
  facet normal -0.582463 -0.812857 0
    outer loop
      vertex 14.1504 21.1775 19
      vertex 15.5052 20.2067 20
      vertex 14.1504 21.1775 20
    endloop
  endfacet
  facet normal -0.582463 -0.812857 -0
    outer loop
      vertex 15.5052 20.2067 20
      vertex 14.1504 21.1775 19
      vertex 15.5052 20.2067 19
    endloop
  endfacet
  facet normal 0.729857 0.6836 0
    outer loop
      vertex -18.01 -18.01 20
      vertex -19.1494 -16.7935 19
      vertex -19.1494 -16.7935 20
    endloop
  endfacet
  facet normal 0.729857 0.6836 0
    outer loop
      vertex -19.1494 -16.7935 19
      vertex -18.01 -18.01 20
      vertex -18.01 -18.01 19
    endloop
  endfacet
  facet normal 0.412725 -0.910856 0
    outer loop
      vertex -11.2651 22.8433 19
      vertex -9.74695 23.5312 20
      vertex -11.2651 22.8433 20
    endloop
  endfacet
  facet normal 0.412725 -0.910856 0
    outer loop
      vertex -9.74695 23.5312 20
      vertex -11.2651 22.8433 19
      vertex -9.74695 23.5312 19
    endloop
  endfacet
  facet normal -0.528088 0.849189 0
    outer loop
      vertex 14.1504 -21.1775 19
      vertex 12.735 -22.0577 20
      vertex 14.1504 -21.1775 20
    endloop
  endfacet
  facet normal -0.528088 0.849189 0
    outer loop
      vertex 12.735 -22.0577 20
      vertex 14.1504 -21.1775 19
      vertex 12.735 -22.0577 19
    endloop
  endfacet
  facet normal 0.986643 0.162896 0
    outer loop
      vertex -24.9806 -4.96895 20
      vertex -25.2521 -3.3245 19
      vertex -25.2521 -3.3245 20
    endloop
  endfacet
  facet normal 0.986643 0.162896 0
    outer loop
      vertex -25.2521 -3.3245 19
      vertex -24.9806 -4.96895 20
      vertex -24.9806 -4.96895 19
    endloop
  endfacet
  facet normal -0.582463 0.812857 0
    outer loop
      vertex 15.5052 -20.2067 19
      vertex 14.1504 -21.1775 20
      vertex 15.5052 -20.2067 20
    endloop
  endfacet
  facet normal -0.582463 0.812857 0
    outer loop
      vertex 14.1504 -21.1775 20
      vertex 15.5052 -20.2067 19
      vertex 14.1504 -21.1775 19
    endloop
  endfacet
  facet normal 0.35225 -0.935906 0
    outer loop
      vertex -9.74695 23.5312 19
      vertex -8.18706 24.1183 20
      vertex -9.74695 23.5312 20
    endloop
  endfacet
  facet normal 0.35225 -0.935906 0
    outer loop
      vertex -8.18706 24.1183 20
      vertex -9.74695 23.5312 19
      vertex -8.18706 24.1183 19
    endloop
  endfacet
  facet normal 0.528088 -0.849189 0
    outer loop
      vertex -14.1504 21.1775 19
      vertex -12.735 22.0577 20
      vertex -14.1504 21.1775 20
    endloop
  endfacet
  facet normal 0.528088 -0.849189 0
    outer loop
      vertex -12.735 22.0577 20
      vertex -14.1504 21.1775 19
      vertex -12.735 22.0577 19
    endloop
  endfacet
  facet normal 0.935906 -0.35225 0
    outer loop
      vertex -24.1183 8.18706 20
      vertex -23.5312 9.74695 19
      vertex -23.5312 9.74695 20
    endloop
  endfacet
  facet normal 0.935906 -0.35225 0
    outer loop
      vertex -23.5312 9.74695 19
      vertex -24.1183 8.18706 20
      vertex -24.1183 8.18706 19
    endloop
  endfacet
  facet normal -0.973873 0.227093 0
    outer loop
      vertex 24.6021 -6.59212 19
      vertex 24.9806 -4.96895 20
      vertex 24.9806 -4.96895 19
    endloop
  endfacet
  facet normal -0.973873 0.227093 0
    outer loop
      vertex 24.9806 -4.96895 20
      vertex 24.6021 -6.59212 19
      vertex 24.6021 -6.59212 20
    endloop
  endfacet
  facet normal 0.729857 -0.6836 0
    outer loop
      vertex -19.1494 16.7935 20
      vertex -18.01 18.01 19
      vertex -18.01 18.01 20
    endloop
  endfacet
  facet normal 0.729857 -0.6836 0
    outer loop
      vertex -18.01 18.01 19
      vertex -19.1494 16.7935 20
      vertex -19.1494 16.7935 19
    endloop
  endfacet
  facet normal 0.995183 -0.0980375 0
    outer loop
      vertex -25.4155 1.66582 20
      vertex -25.2521 3.3245 19
      vertex -25.2521 3.3245 20
    endloop
  endfacet
  facet normal 0.995183 -0.0980375 0
    outer loop
      vertex -25.2521 3.3245 19
      vertex -25.4155 1.66582 20
      vertex -25.4155 1.66582 19
    endloop
  endfacet
  facet normal 0.773005 -0.6344 0
    outer loop
      vertex -20.2067 15.5052 20
      vertex -19.1494 16.7935 19
      vertex -19.1494 16.7935 20
    endloop
  endfacet
  facet normal 0.773005 -0.6344 0
    outer loop
      vertex -19.1494 16.7935 19
      vertex -20.2067 15.5052 20
      vertex -20.2067 15.5052 19
    endloop
  endfacet
  facet normal 0.881941 0.47136 0
    outer loop
      vertex -22.0577 -12.735 20
      vertex -22.8433 -11.2651 19
      vertex -22.8433 -11.2651 20
    endloop
  endfacet
  facet normal 0.881941 0.47136 0
    outer loop
      vertex -22.8433 -11.2651 19
      vertex -22.0577 -12.735 20
      vertex -22.0577 -12.735 19
    endloop
  endfacet
  facet normal 0.995183 0.0980375 0
    outer loop
      vertex -25.2521 -3.3245 20
      vertex -25.4155 -1.66582 19
      vertex -25.4155 -1.66582 20
    endloop
  endfacet
  facet normal 0.995183 0.0980375 0
    outer loop
      vertex -25.4155 -1.66582 19
      vertex -25.2521 -3.3245 20
      vertex -25.2521 -3.3245 19
    endloop
  endfacet
  facet normal 0.956944 -0.290274 0
    outer loop
      vertex -24.6021 6.59212 20
      vertex -24.1183 8.18706 19
      vertex -24.1183 8.18706 20
    endloop
  endfacet
  facet normal 0.956944 -0.290274 0
    outer loop
      vertex -24.1183 8.18706 19
      vertex -24.6021 6.59212 20
      vertex -24.6021 6.59212 19
    endloop
  endfacet
  facet normal 0.812857 -0.582463 0
    outer loop
      vertex -21.1775 14.1504 20
      vertex -20.2067 15.5052 19
      vertex -20.2067 15.5052 20
    endloop
  endfacet
  facet normal 0.812857 -0.582463 0
    outer loop
      vertex -20.2067 15.5052 19
      vertex -21.1775 14.1504 20
      vertex -21.1775 14.1504 19
    endloop
  endfacet
  facet normal 0.162896 0.986643 -0
    outer loop
      vertex -3.3245 -25.2521 19
      vertex -4.96895 -24.9806 20
      vertex -3.3245 -25.2521 20
    endloop
  endfacet
  facet normal 0.162896 0.986643 0
    outer loop
      vertex -4.96895 -24.9806 20
      vertex -3.3245 -25.2521 19
      vertex -4.96895 -24.9806 19
    endloop
  endfacet
  facet normal 0.35225 0.935906 -0
    outer loop
      vertex -8.18706 -24.1183 19
      vertex -9.74695 -23.5312 20
      vertex -8.18706 -24.1183 20
    endloop
  endfacet
  facet normal 0.35225 0.935906 0
    outer loop
      vertex -9.74695 -23.5312 20
      vertex -8.18706 -24.1183 19
      vertex -9.74695 -23.5312 19
    endloop
  endfacet
  facet normal -0.935906 -0.35225 0
    outer loop
      vertex 24.1183 8.18706 19
      vertex 23.5312 9.74695 20
      vertex 23.5312 9.74695 19
    endloop
  endfacet
  facet normal -0.935906 -0.35225 0
    outer loop
      vertex 23.5312 9.74695 20
      vertex 24.1183 8.18706 19
      vertex 24.1183 8.18706 20
    endloop
  endfacet
  facet normal -0.773005 0.6344 0
    outer loop
      vertex 19.1494 -16.7935 19
      vertex 20.2067 -15.5052 20
      vertex 20.2067 -15.5052 19
    endloop
  endfacet
  facet normal -0.773005 0.6344 0
    outer loop
      vertex 20.2067 -15.5052 20
      vertex 19.1494 -16.7935 19
      vertex 19.1494 -16.7935 20
    endloop
  endfacet
  facet normal 0.956944 0.290274 0
    outer loop
      vertex -24.1183 -8.18706 20
      vertex -24.6021 -6.59212 19
      vertex -24.6021 -6.59212 20
    endloop
  endfacet
  facet normal 0.956944 0.290274 0
    outer loop
      vertex -24.6021 -6.59212 19
      vertex -24.1183 -8.18706 20
      vertex -24.1183 -8.18706 19
    endloop
  endfacet
  facet normal -0.812857 0.582463 0
    outer loop
      vertex 20.2067 -15.5052 19
      vertex 21.1775 -14.1504 20
      vertex 21.1775 -14.1504 19
    endloop
  endfacet
  facet normal -0.812857 0.582463 0
    outer loop
      vertex 21.1775 -14.1504 20
      vertex 20.2067 -15.5052 19
      vertex 20.2067 -15.5052 20
    endloop
  endfacet
  facet normal 0.031889 0.999491 -0
    outer loop
      vertex -1.6 -25.4176 19
      vertex -1.66582 -25.4155 20
      vertex -1.6 -25.4176 20
    endloop
  endfacet
  facet normal 0.031889 0.999491 0
    outer loop
      vertex -1.66582 -25.4155 20
      vertex -1.6 -25.4176 19
      vertex -1.66582 -25.4155 19
    endloop
  endfacet
  facet normal 0.910856 -0.412725 0
    outer loop
      vertex -23.5312 9.74695 20
      vertex -22.8433 11.2651 19
      vertex -22.8433 11.2651 20
    endloop
  endfacet
  facet normal 0.910856 -0.412725 0
    outer loop
      vertex -22.8433 11.2651 19
      vertex -23.5312 9.74695 20
      vertex -23.5312 9.74695 19
    endloop
  endfacet
  facet normal 0.582463 0.812857 -0
    outer loop
      vertex -14.1504 -21.1775 19
      vertex -15.5052 -20.2067 20
      vertex -14.1504 -21.1775 20
    endloop
  endfacet
  facet normal 0.582463 0.812857 0
    outer loop
      vertex -15.5052 -20.2067 20
      vertex -14.1504 -21.1775 19
      vertex -15.5052 -20.2067 19
    endloop
  endfacet
  facet normal 0.6344 0.773005 -0
    outer loop
      vertex -15.5052 -20.2067 19
      vertex -16.7935 -19.1494 20
      vertex -15.5052 -20.2067 20
    endloop
  endfacet
  facet normal 0.6344 0.773005 0
    outer loop
      vertex -16.7935 -19.1494 20
      vertex -15.5052 -20.2067 19
      vertex -16.7935 -19.1494 19
    endloop
  endfacet
  facet normal 0.412725 0.910856 -0
    outer loop
      vertex -9.74695 -23.5312 19
      vertex -11.2651 -22.8433 20
      vertex -9.74695 -23.5312 20
    endloop
  endfacet
  facet normal 0.412725 0.910856 0
    outer loop
      vertex -11.2651 -22.8433 20
      vertex -9.74695 -23.5312 19
      vertex -11.2651 -22.8433 19
    endloop
  endfacet
  facet normal 0 0 1
    outer loop
      vertex 21.8 0 19
      vertex 25.47 0 19
      vertex 25.4155 1.66582 19
    endloop
  endfacet
  facet normal 0 0 1
    outer loop
      vertex 21.7533 1.42579 19
      vertex 25.4155 1.66582 19
      vertex 25.2521 3.3245 19
    endloop
  endfacet
  facet normal 0 0 1
    outer loop
      vertex 25.47 0 19
      vertex 21.8 0 19
      vertex 25.4155 -1.66582 19
    endloop
  endfacet
  facet normal 0 0 1
    outer loop
      vertex 21.6135 2.84547 19
      vertex 25.2521 3.3245 19
      vertex 24.9806 4.96895 19
    endloop
  endfacet
  facet normal -0 0 1
    outer loop
      vertex 21.7533 -1.42579 19
      vertex 25.4155 -1.66582 19
      vertex 21.8 0 19
    endloop
  endfacet
  facet normal 0 0 1
    outer loop
      vertex 21.3811 4.25297 19
      vertex 24.9806 4.96895 19
      vertex 24.6021 6.59212 19
    endloop
  endfacet
  facet normal 0 0 1
    outer loop
      vertex 25.4155 -1.66582 19
      vertex 21.7533 -1.42579 19
      vertex 25.2521 -3.3245 19
    endloop
  endfacet
  facet normal 0 0 1
    outer loop
      vertex 21.0572 5.64225 19
      vertex 24.6021 6.59212 19
      vertex 24.1183 8.18706 19
    endloop
  endfacet
  facet normal -0 0 1
    outer loop
      vertex 21.6135 -2.84547 19
      vertex 25.2521 -3.3245 19
      vertex 21.7533 -1.42579 19
    endloop
  endfacet
  facet normal 0 0 1
    outer loop
      vertex 20.6431 7.00738 19
      vertex 24.1183 8.18706 19
      vertex 23.5312 9.74695 19
    endloop
  endfacet
  facet normal 0 0 1
    outer loop
      vertex 25.2521 -3.3245 19
      vertex 21.6135 -2.84547 19
      vertex 24.9806 -4.96895 19
    endloop
  endfacet
  facet normal 0 0 1
    outer loop
      vertex 20.1406 8.3425 19
      vertex 23.5312 9.74695 19
      vertex 22.8433 11.2651 19
    endloop
  endfacet
  facet normal -0 0 1
    outer loop
      vertex 21.3811 -4.25297 19
      vertex 24.9806 -4.96895 19
      vertex 21.6135 -2.84547 19
    endloop
  endfacet
  facet normal 0 0 1
    outer loop
      vertex 19.5518 9.64189 19
      vertex 22.8433 11.2651 19
      vertex 22.0577 12.735 19
    endloop
  endfacet
  facet normal 0 0 1
    outer loop
      vertex 24.9806 -4.96895 19
      vertex 21.3811 -4.25297 19
      vertex 24.6021 -6.59212 19
    endloop
  endfacet
  facet normal -0 0 1
    outer loop
      vertex 21.0572 -5.64225 19
      vertex 24.6021 -6.59212 19
      vertex 21.3811 -4.25297 19
    endloop
  endfacet
  facet normal 0 0 1
    outer loop
      vertex 25.4155 1.66582 19
      vertex 21.7533 1.42579 19
      vertex 21.8 0 19
    endloop
  endfacet
  facet normal 0 0 1
    outer loop
      vertex 25.2521 3.3245 19
      vertex 21.6135 2.84547 19
      vertex 21.7533 1.42579 19
    endloop
  endfacet
  facet normal 0 0 1
    outer loop
      vertex 24.9806 4.96895 19
      vertex 21.3811 4.25297 19
      vertex 21.6135 2.84547 19
    endloop
  endfacet
  facet normal 0 0 1
    outer loop
      vertex 18.8794 10.9 19
      vertex 22.0577 12.735 19
      vertex 21.1775 14.1504 19
    endloop
  endfacet
  facet normal 0 0 1
    outer loop
      vertex 24.6021 6.59212 19
      vertex 21.0572 5.64225 19
      vertex 21.3811 4.25297 19
    endloop
  endfacet
  facet normal 0 0 1
    outer loop
      vertex 24.1183 8.18706 19
      vertex 20.6431 7.00738 19
      vertex 21.0572 5.64225 19
    endloop
  endfacet
  facet normal 0 0 1
    outer loop
      vertex 18.126 12.1114 19
      vertex 21.1775 14.1504 19
      vertex 20.2067 15.5052 19
    endloop
  endfacet
  facet normal 0 0 1
    outer loop
      vertex 23.5312 9.74695 19
      vertex 20.1406 8.3425 19
      vertex 20.6431 7.00738 19
    endloop
  endfacet
  facet normal 0 0 1
    outer loop
      vertex 22.8433 11.2651 19
      vertex 19.5518 9.64189 19
      vertex 20.1406 8.3425 19
    endloop
  endfacet
  facet normal 0 0 1
    outer loop
      vertex 17.2951 13.271 19
      vertex 20.2067 15.5052 19
      vertex 19.1494 16.7935 19
    endloop
  endfacet
  facet normal 0 0 1
    outer loop
      vertex 22.0577 12.735 19
      vertex 18.8794 10.9 19
      vertex 19.5518 9.64189 19
    endloop
  endfacet
  facet normal 0 0 1
    outer loop
      vertex 21.1775 14.1504 19
      vertex 18.126 12.1114 19
      vertex 18.8794 10.9 19
    endloop
  endfacet
  facet normal 0 0 1
    outer loop
      vertex 16.3901 14.3737 19
      vertex 19.1494 16.7935 19
      vertex 18.01 18.01 19
    endloop
  endfacet
  facet normal 0 0 1
    outer loop
      vertex 20.2067 15.5052 19
      vertex 17.2951 13.271 19
      vertex 18.126 12.1114 19
    endloop
  endfacet
  facet normal 0 0 1
    outer loop
      vertex 15.4149 15.4149 19
      vertex 18.01 18.01 19
      vertex 16.7935 19.1494 19
    endloop
  endfacet
  facet normal 0 0 1
    outer loop
      vertex 19.1494 16.7935 19
      vertex 16.3901 14.3737 19
      vertex 17.2951 13.271 19
    endloop
  endfacet
  facet normal 0 0 1
    outer loop
      vertex 14.3737 16.3901 19
      vertex 16.7935 19.1494 19
      vertex 15.5052 20.2067 19
    endloop
  endfacet
  facet normal 0 0 1
    outer loop
      vertex 18.01 18.01 19
      vertex 15.4149 15.4149 19
      vertex 16.3901 14.3737 19
    endloop
  endfacet
  facet normal 0 0 1
    outer loop
      vertex 16.7935 19.1494 19
      vertex 14.3737 16.3901 19
      vertex 15.4149 15.4149 19
    endloop
  endfacet
  facet normal 0 0 1
    outer loop
      vertex 13.271 17.2951 19
      vertex 15.5052 20.2067 19
      vertex 14.1504 21.1775 19
    endloop
  endfacet
  facet normal 0 0 1
    outer loop
      vertex 15.5052 20.2067 19
      vertex 13.271 17.2951 19
      vertex 14.3737 16.3901 19
    endloop
  endfacet
  facet normal 0 0 1
    outer loop
      vertex 12.1114 18.126 19
      vertex 14.1504 21.1775 19
      vertex 12.735 22.0577 19
    endloop
  endfacet
  facet normal 0 0 1
    outer loop
      vertex 14.1504 21.1775 19
      vertex 12.1114 18.126 19
      vertex 13.271 17.2951 19
    endloop
  endfacet
  facet normal 0 0 1
    outer loop
      vertex 10.9 18.8794 19
      vertex 12.735 22.0577 19
      vertex 11.2651 22.8433 19
    endloop
  endfacet
  facet normal 0 0 1
    outer loop
      vertex 12.735 22.0577 19
      vertex 10.9 18.8794 19
      vertex 12.1114 18.126 19
    endloop
  endfacet
  facet normal 0 0 1
    outer loop
      vertex 9.64189 19.5518 19
      vertex 11.2651 22.8433 19
      vertex 9.74695 23.5312 19
    endloop
  endfacet
  facet normal 0 0 1
    outer loop
      vertex 11.2651 22.8433 19
      vertex 9.64189 19.5518 19
      vertex 10.9 18.8794 19
    endloop
  endfacet
  facet normal 0 0 1
    outer loop
      vertex 9.74695 23.5312 19
      vertex 8.3425 20.1406 19
      vertex 9.64189 19.5518 19
    endloop
  endfacet
  facet normal 0 0 1
    outer loop
      vertex 8.18706 24.1183 19
      vertex 8.3425 20.1406 19
      vertex 9.74695 23.5312 19
    endloop
  endfacet
  facet normal 0 0 1
    outer loop
      vertex 8.18706 24.1183 19
      vertex 7.00738 20.6431 19
      vertex 8.3425 20.1406 19
    endloop
  endfacet
  facet normal 0 0 1
    outer loop
      vertex 6.59212 24.6021 19
      vertex 7.00738 20.6431 19
      vertex 8.18706 24.1183 19
    endloop
  endfacet
  facet normal 0 0 1
    outer loop
      vertex 6.59212 24.6021 19
      vertex 5.64225 21.0572 19
      vertex 7.00738 20.6431 19
    endloop
  endfacet
  facet normal 0 0 1
    outer loop
      vertex 4.96895 24.9806 19
      vertex 5.64225 21.0572 19
      vertex 6.59212 24.6021 19
    endloop
  endfacet
  facet normal 0 0 1
    outer loop
      vertex 4.96895 24.9806 19
      vertex 4.25297 21.3811 19
      vertex 5.64225 21.0572 19
    endloop
  endfacet
  facet normal 0 0 1
    outer loop
      vertex 3.3245 25.2521 19
      vertex 4.25297 21.3811 19
      vertex 4.96895 24.9806 19
    endloop
  endfacet
  facet normal 0 0 1
    outer loop
      vertex 3.3245 25.2521 19
      vertex 2.84547 21.6135 19
      vertex 4.25297 21.3811 19
    endloop
  endfacet
  facet normal 0 0 1
    outer loop
      vertex 1.66582 25.4155 19
      vertex 2.84547 21.6135 19
      vertex 3.3245 25.2521 19
    endloop
  endfacet
  facet normal 0 0 1
    outer loop
      vertex 1.66582 25.4155 19
      vertex 1.42579 21.7533 19
      vertex 2.84547 21.6135 19
    endloop
  endfacet
  facet normal 0 0 1
    outer loop
      vertex 0 25.47 19
      vertex 1.42579 21.7533 19
      vertex 1.66582 25.4155 19
    endloop
  endfacet
  facet normal 0 0 1
    outer loop
      vertex 0 25.47 19
      vertex 0 21.8 19
      vertex 1.42579 21.7533 19
    endloop
  endfacet
  facet normal 0 0 1
    outer loop
      vertex 0 25.47 19
      vertex -1.42579 21.7533 19
      vertex 0 21.8 19
    endloop
  endfacet
  facet normal -0 0 1
    outer loop
      vertex -1.66582 25.4155 19
      vertex -1.42579 21.7533 19
      vertex 0 25.47 19
    endloop
  endfacet
  facet normal 0 0 1
    outer loop
      vertex -1.66582 25.4155 19
      vertex -2.84547 21.6135 19
      vertex -1.42579 21.7533 19
    endloop
  endfacet
  facet normal -0 0 1
    outer loop
      vertex -3.3245 25.2521 19
      vertex -2.84547 21.6135 19
      vertex -1.66582 25.4155 19
    endloop
  endfacet
  facet normal 0 0 1
    outer loop
      vertex -3.3245 25.2521 19
      vertex -4.25297 21.3811 19
      vertex -2.84547 21.6135 19
    endloop
  endfacet
  facet normal -0 0 1
    outer loop
      vertex -4.96895 24.9806 19
      vertex -4.25297 21.3811 19
      vertex -3.3245 25.2521 19
    endloop
  endfacet
  facet normal 0 0 1
    outer loop
      vertex -4.96895 24.9806 19
      vertex -5.64225 21.0572 19
      vertex -4.25297 21.3811 19
    endloop
  endfacet
  facet normal -0 0 1
    outer loop
      vertex -6.59212 24.6021 19
      vertex -5.64225 21.0572 19
      vertex -4.96895 24.9806 19
    endloop
  endfacet
  facet normal 0 0 1
    outer loop
      vertex -6.59212 24.6021 19
      vertex -7.00738 20.6431 19
      vertex -5.64225 21.0572 19
    endloop
  endfacet
  facet normal -0 0 1
    outer loop
      vertex -8.18706 24.1183 19
      vertex -7.00738 20.6431 19
      vertex -6.59212 24.6021 19
    endloop
  endfacet
  facet normal 0 0 1
    outer loop
      vertex -8.18706 24.1183 19
      vertex -8.3425 20.1406 19
      vertex -7.00738 20.6431 19
    endloop
  endfacet
  facet normal -0 0 1
    outer loop
      vertex -9.74695 23.5312 19
      vertex -8.3425 20.1406 19
      vertex -8.18706 24.1183 19
    endloop
  endfacet
  facet normal 0 0 1
    outer loop
      vertex -8.3425 20.1406 19
      vertex -9.74695 23.5312 19
      vertex -9.64189 19.5518 19
    endloop
  endfacet
  facet normal -0 0 1
    outer loop
      vertex -11.2651 22.8433 19
      vertex -9.64189 19.5518 19
      vertex -9.74695 23.5312 19
    endloop
  endfacet
  facet normal 0 0 1
    outer loop
      vertex -9.64189 19.5518 19
      vertex -11.2651 22.8433 19
      vertex -10.9 18.8794 19
    endloop
  endfacet
  facet normal -0 0 1
    outer loop
      vertex -12.735 22.0577 19
      vertex -10.9 18.8794 19
      vertex -11.2651 22.8433 19
    endloop
  endfacet
  facet normal 0 0 1
    outer loop
      vertex -10.9 18.8794 19
      vertex -12.735 22.0577 19
      vertex -12.1114 18.126 19
    endloop
  endfacet
  facet normal -0 0 1
    outer loop
      vertex -14.1504 21.1775 19
      vertex -12.1114 18.126 19
      vertex -12.735 22.0577 19
    endloop
  endfacet
  facet normal 0 0 1
    outer loop
      vertex -12.1114 18.126 19
      vertex -14.1504 21.1775 19
      vertex -13.271 17.2951 19
    endloop
  endfacet
  facet normal -0 0 1
    outer loop
      vertex -15.5052 20.2067 19
      vertex -13.271 17.2951 19
      vertex -14.1504 21.1775 19
    endloop
  endfacet
  facet normal 0 0 1
    outer loop
      vertex -13.271 17.2951 19
      vertex -15.5052 20.2067 19
      vertex -14.3737 16.3901 19
    endloop
  endfacet
  facet normal -0 0 1
    outer loop
      vertex -16.7935 19.1494 19
      vertex -14.3737 16.3901 19
      vertex -15.5052 20.2067 19
    endloop
  endfacet
  facet normal 0 0 1
    outer loop
      vertex -14.3737 16.3901 19
      vertex -16.7935 19.1494 19
      vertex -15.4149 15.4149 19
    endloop
  endfacet
  facet normal -0 0 1
    outer loop
      vertex -18.01 18.01 19
      vertex -15.4149 15.4149 19
      vertex -16.7935 19.1494 19
    endloop
  endfacet
  facet normal 0 0 1
    outer loop
      vertex -15.4149 15.4149 19
      vertex -18.01 18.01 19
      vertex -16.3901 14.3737 19
    endloop
  endfacet
  facet normal -0 0 1
    outer loop
      vertex -19.1494 16.7935 19
      vertex -16.3901 14.3737 19
      vertex -18.01 18.01 19
    endloop
  endfacet
  facet normal 0 0 1
    outer loop
      vertex -16.3901 14.3737 19
      vertex -19.1494 16.7935 19
      vertex -17.2951 13.271 19
    endloop
  endfacet
  facet normal -0 0 1
    outer loop
      vertex -20.2067 15.5052 19
      vertex -17.2951 13.271 19
      vertex -19.1494 16.7935 19
    endloop
  endfacet
  facet normal 0 0 1
    outer loop
      vertex -17.2951 13.271 19
      vertex -20.2067 15.5052 19
      vertex -18.126 12.1114 19
    endloop
  endfacet
  facet normal -0 0 1
    outer loop
      vertex -21.1775 14.1504 19
      vertex -18.126 12.1114 19
      vertex -20.2067 15.5052 19
    endloop
  endfacet
  facet normal 0 0 1
    outer loop
      vertex -18.126 12.1114 19
      vertex -21.1775 14.1504 19
      vertex -18.8794 10.9 19
    endloop
  endfacet
  facet normal -0 0 1
    outer loop
      vertex -22.0577 12.735 19
      vertex -18.8794 10.9 19
      vertex -21.1775 14.1504 19
    endloop
  endfacet
  facet normal 0 0 1
    outer loop
      vertex -18.8794 10.9 19
      vertex -22.0577 12.735 19
      vertex -19.5518 9.64189 19
    endloop
  endfacet
  facet normal -0 0 1
    outer loop
      vertex -22.8433 11.2651 19
      vertex -19.5518 9.64189 19
      vertex -22.0577 12.735 19
    endloop
  endfacet
  facet normal 0 0 1
    outer loop
      vertex -19.5518 9.64189 19
      vertex -22.8433 11.2651 19
      vertex -20.1406 8.3425 19
    endloop
  endfacet
  facet normal -0 0 1
    outer loop
      vertex -23.5312 9.74695 19
      vertex -20.1406 8.3425 19
      vertex -22.8433 11.2651 19
    endloop
  endfacet
  facet normal 0 0 1
    outer loop
      vertex -20.1406 8.3425 19
      vertex -23.5312 9.74695 19
      vertex -20.6431 7.00738 19
    endloop
  endfacet
  facet normal -0 0 1
    outer loop
      vertex -24.1183 8.18706 19
      vertex -20.6431 7.00738 19
      vertex -23.5312 9.74695 19
    endloop
  endfacet
  facet normal -0 0 1
    outer loop
      vertex -24.6021 6.59212 19
      vertex -21.0572 5.64225 19
      vertex -24.1183 8.18706 19
    endloop
  endfacet
  facet normal 0 0 1
    outer loop
      vertex -20.6431 7.00738 19
      vertex -24.1183 8.18706 19
      vertex -21.0572 5.64225 19
    endloop
  endfacet
  facet normal 0 0 1
    outer loop
      vertex 24.6021 -6.59212 19
      vertex 21.0572 -5.64225 19
      vertex 24.1183 -8.18706 19
    endloop
  endfacet
  facet normal -0 0 1
    outer loop
      vertex 20.6431 -7.00738 19
      vertex 24.1183 -8.18706 19
      vertex 21.0572 -5.64225 19
    endloop
  endfacet
  facet normal 0 0 1
    outer loop
      vertex 24.1183 -8.18706 19
      vertex 20.6431 -7.00738 19
      vertex 23.5312 -9.74695 19
    endloop
  endfacet
  facet normal -0 0 1
    outer loop
      vertex 20.1406 -8.3425 19
      vertex 23.5312 -9.74695 19
      vertex 20.6431 -7.00738 19
    endloop
  endfacet
  facet normal 0 0 1
    outer loop
      vertex 23.5312 -9.74695 19
      vertex 20.1406 -8.3425 19
      vertex 22.8433 -11.2651 19
    endloop
  endfacet
  facet normal -0 0 1
    outer loop
      vertex 19.5518 -9.64189 19
      vertex 22.8433 -11.2651 19
      vertex 20.1406 -8.3425 19
    endloop
  endfacet
  facet normal 0 0 1
    outer loop
      vertex 22.8433 -11.2651 19
      vertex 19.5518 -9.64189 19
      vertex 22.0577 -12.735 19
    endloop
  endfacet
  facet normal -0 0 1
    outer loop
      vertex 18.8794 -10.9 19
      vertex 22.0577 -12.735 19
      vertex 19.5518 -9.64189 19
    endloop
  endfacet
  facet normal 0 0 1
    outer loop
      vertex 22.0577 -12.735 19
      vertex 18.8794 -10.9 19
      vertex 21.1775 -14.1504 19
    endloop
  endfacet
  facet normal -0 0 1
    outer loop
      vertex 18.126 -12.1114 19
      vertex 21.1775 -14.1504 19
      vertex 18.8794 -10.9 19
    endloop
  endfacet
  facet normal 0 0 1
    outer loop
      vertex 21.1775 -14.1504 19
      vertex 18.126 -12.1114 19
      vertex 20.2067 -15.5052 19
    endloop
  endfacet
  facet normal -0 0 1
    outer loop
      vertex 17.2951 -13.271 19
      vertex 20.2067 -15.5052 19
      vertex 18.126 -12.1114 19
    endloop
  endfacet
  facet normal 0 0 1
    outer loop
      vertex 20.2067 -15.5052 19
      vertex 17.2951 -13.271 19
      vertex 19.1494 -16.7935 19
    endloop
  endfacet
  facet normal -0 0 1
    outer loop
      vertex 16.3901 -14.3737 19
      vertex 19.1494 -16.7935 19
      vertex 17.2951 -13.271 19
    endloop
  endfacet
  facet normal 0 0 1
    outer loop
      vertex 19.1494 -16.7935 19
      vertex 16.3901 -14.3737 19
      vertex 18.01 -18.01 19
    endloop
  endfacet
  facet normal -0 0 1
    outer loop
      vertex 15.4149 -15.4149 19
      vertex 18.01 -18.01 19
      vertex 16.3901 -14.3737 19
    endloop
  endfacet
  facet normal 0 0 1
    outer loop
      vertex 18.01 -18.01 19
      vertex 15.4149 -15.4149 19
      vertex 16.7935 -19.1494 19
    endloop
  endfacet
  facet normal -0 0 1
    outer loop
      vertex 14.3737 -16.3901 19
      vertex 16.7935 -19.1494 19
      vertex 15.4149 -15.4149 19
    endloop
  endfacet
  facet normal 0 0 1
    outer loop
      vertex 16.7935 -19.1494 19
      vertex 14.3737 -16.3901 19
      vertex 15.5052 -20.2067 19
    endloop
  endfacet
  facet normal -0 0 1
    outer loop
      vertex 13.271 -17.2951 19
      vertex 15.5052 -20.2067 19
      vertex 14.3737 -16.3901 19
    endloop
  endfacet
  facet normal 0 0 1
    outer loop
      vertex 15.5052 -20.2067 19
      vertex 13.271 -17.2951 19
      vertex 14.1504 -21.1775 19
    endloop
  endfacet
  facet normal -0 0 1
    outer loop
      vertex 12.1114 -18.126 19
      vertex 14.1504 -21.1775 19
      vertex 13.271 -17.2951 19
    endloop
  endfacet
  facet normal 0 0 1
    outer loop
      vertex 14.1504 -21.1775 19
      vertex 12.1114 -18.126 19
      vertex 12.735 -22.0577 19
    endloop
  endfacet
  facet normal -0 0 1
    outer loop
      vertex 10.9 -18.8794 19
      vertex 12.735 -22.0577 19
      vertex 12.1114 -18.126 19
    endloop
  endfacet
  facet normal 0 0 1
    outer loop
      vertex 12.735 -22.0577 19
      vertex 10.9 -18.8794 19
      vertex 11.2651 -22.8433 19
    endloop
  endfacet
  facet normal -0 0 1
    outer loop
      vertex 9.64189 -19.5518 19
      vertex 11.2651 -22.8433 19
      vertex 10.9 -18.8794 19
    endloop
  endfacet
  facet normal 0 0 1
    outer loop
      vertex 11.2651 -22.8433 19
      vertex 9.64189 -19.5518 19
      vertex 9.74695 -23.5312 19
    endloop
  endfacet
  facet normal -0 0 1
    outer loop
      vertex 8.3425 -20.1406 19
      vertex 9.74695 -23.5312 19
      vertex 9.64189 -19.5518 19
    endloop
  endfacet
  facet normal 0 0 1
    outer loop
      vertex 8.3425 -20.1406 19
      vertex 8.18706 -24.1183 19
      vertex 9.74695 -23.5312 19
    endloop
  endfacet
  facet normal -0 0 1
    outer loop
      vertex 7.00738 -20.6431 19
      vertex 8.18706 -24.1183 19
      vertex 8.3425 -20.1406 19
    endloop
  endfacet
  facet normal 0 0 1
    outer loop
      vertex 7.00738 -20.6431 19
      vertex 6.59212 -24.6021 19
      vertex 8.18706 -24.1183 19
    endloop
  endfacet
  facet normal -0 0 1
    outer loop
      vertex 5.64225 -21.0572 19
      vertex 6.59212 -24.6021 19
      vertex 7.00738 -20.6431 19
    endloop
  endfacet
  facet normal 0 0 1
    outer loop
      vertex 5.64225 -21.0572 19
      vertex 4.96895 -24.9806 19
      vertex 6.59212 -24.6021 19
    endloop
  endfacet
  facet normal -0 0 1
    outer loop
      vertex 4.25297 -21.3811 19
      vertex 4.96895 -24.9806 19
      vertex 5.64225 -21.0572 19
    endloop
  endfacet
  facet normal 0 0 1
    outer loop
      vertex 4.25297 -21.3811 19
      vertex 3.3245 -25.2521 19
      vertex 4.96895 -24.9806 19
    endloop
  endfacet
  facet normal -0 0 1
    outer loop
      vertex 2.84547 -21.6135 19
      vertex 3.3245 -25.2521 19
      vertex 4.25297 -21.3811 19
    endloop
  endfacet
  facet normal -0 0 1
    outer loop
      vertex 1.6 -21.7362 19
      vertex 3.3245 -25.2521 19
      vertex 2.84547 -21.6135 19
    endloop
  endfacet
  facet normal 0 0 1
    outer loop
      vertex 3.3245 -25.2521 19
      vertex 1.6 -21.7362 19
      vertex 1.66582 -25.4155 19
    endloop
  endfacet
  facet normal 0 0 1
    outer loop
      vertex 1.66582 -25.4155 19
      vertex 1.6 -21.7362 19
      vertex 1.6 -25.4176 19
    endloop
  endfacet
  facet normal 0 0 1
    outer loop
      vertex -1.6 -21.7362 19
      vertex -1.66582 -25.4155 19
      vertex -1.6 -25.4176 19
    endloop
  endfacet
  facet normal 0 0 1
    outer loop
      vertex -3.3245 -25.2521 19
      vertex -1.6 -21.7362 19
      vertex -2.84547 -21.6135 19
    endloop
  endfacet
  facet normal 0 0 1
    outer loop
      vertex -1.6 -21.7362 19
      vertex -3.3245 -25.2521 19
      vertex -1.66582 -25.4155 19
    endloop
  endfacet
  facet normal 0 0 1
    outer loop
      vertex -4.25297 -21.3811 19
      vertex -3.3245 -25.2521 19
      vertex -2.84547 -21.6135 19
    endloop
  endfacet
  facet normal 0 0 1
    outer loop
      vertex -4.25297 -21.3811 19
      vertex -4.96895 -24.9806 19
      vertex -3.3245 -25.2521 19
    endloop
  endfacet
  facet normal 0 0 1
    outer loop
      vertex -5.64225 -21.0572 19
      vertex -4.96895 -24.9806 19
      vertex -4.25297 -21.3811 19
    endloop
  endfacet
  facet normal 0 0 1
    outer loop
      vertex -5.64225 -21.0572 19
      vertex -6.59212 -24.6021 19
      vertex -4.96895 -24.9806 19
    endloop
  endfacet
  facet normal 0 0 1
    outer loop
      vertex -7.00738 -20.6431 19
      vertex -6.59212 -24.6021 19
      vertex -5.64225 -21.0572 19
    endloop
  endfacet
  facet normal 0 0 1
    outer loop
      vertex -7.00738 -20.6431 19
      vertex -8.18706 -24.1183 19
      vertex -6.59212 -24.6021 19
    endloop
  endfacet
  facet normal 0 0 1
    outer loop
      vertex -8.3425 -20.1406 19
      vertex -8.18706 -24.1183 19
      vertex -7.00738 -20.6431 19
    endloop
  endfacet
  facet normal 0 0 1
    outer loop
      vertex -9.74695 -23.5312 19
      vertex -8.3425 -20.1406 19
      vertex -9.64189 -19.5518 19
    endloop
  endfacet
  facet normal 0 0 1
    outer loop
      vertex -8.3425 -20.1406 19
      vertex -9.74695 -23.5312 19
      vertex -8.18706 -24.1183 19
    endloop
  endfacet
  facet normal 0 0 1
    outer loop
      vertex -11.2651 -22.8433 19
      vertex -9.64189 -19.5518 19
      vertex -10.9 -18.8794 19
    endloop
  endfacet
  facet normal 0 0 1
    outer loop
      vertex -9.64189 -19.5518 19
      vertex -11.2651 -22.8433 19
      vertex -9.74695 -23.5312 19
    endloop
  endfacet
  facet normal 0 0 1
    outer loop
      vertex -12.735 -22.0577 19
      vertex -10.9 -18.8794 19
      vertex -12.1114 -18.126 19
    endloop
  endfacet
  facet normal 0 0 1
    outer loop
      vertex -10.9 -18.8794 19
      vertex -12.735 -22.0577 19
      vertex -11.2651 -22.8433 19
    endloop
  endfacet
  facet normal 0 0 1
    outer loop
      vertex -14.1504 -21.1775 19
      vertex -12.1114 -18.126 19
      vertex -13.271 -17.2951 19
    endloop
  endfacet
  facet normal 0 0 1
    outer loop
      vertex -12.1114 -18.126 19
      vertex -14.1504 -21.1775 19
      vertex -12.735 -22.0577 19
    endloop
  endfacet
  facet normal 0 0 1
    outer loop
      vertex -15.5052 -20.2067 19
      vertex -13.271 -17.2951 19
      vertex -14.3737 -16.3901 19
    endloop
  endfacet
  facet normal 0 0 1
    outer loop
      vertex -16.7935 -19.1494 19
      vertex -14.3737 -16.3901 19
      vertex -15.4149 -15.4149 19
    endloop
  endfacet
  facet normal 0 0 1
    outer loop
      vertex -13.271 -17.2951 19
      vertex -15.5052 -20.2067 19
      vertex -14.1504 -21.1775 19
    endloop
  endfacet
  facet normal 0 0 1
    outer loop
      vertex -18.01 -18.01 19
      vertex -15.4149 -15.4149 19
      vertex -16.3901 -14.3737 19
    endloop
  endfacet
  facet normal 0 0 1
    outer loop
      vertex -14.3737 -16.3901 19
      vertex -16.7935 -19.1494 19
      vertex -15.5052 -20.2067 19
    endloop
  endfacet
  facet normal 0 0 1
    outer loop
      vertex -19.1494 -16.7935 19
      vertex -16.3901 -14.3737 19
      vertex -17.2951 -13.271 19
    endloop
  endfacet
  facet normal 0 0 1
    outer loop
      vertex -15.4149 -15.4149 19
      vertex -18.01 -18.01 19
      vertex -16.7935 -19.1494 19
    endloop
  endfacet
  facet normal 0 0 1
    outer loop
      vertex -20.2067 -15.5052 19
      vertex -17.2951 -13.271 19
      vertex -18.126 -12.1114 19
    endloop
  endfacet
  facet normal 0 0 1
    outer loop
      vertex -21.1775 -14.1504 19
      vertex -18.126 -12.1114 19
      vertex -18.8794 -10.9 19
    endloop
  endfacet
  facet normal 0 0 1
    outer loop
      vertex -16.3901 -14.3737 19
      vertex -19.1494 -16.7935 19
      vertex -18.01 -18.01 19
    endloop
  endfacet
  facet normal 0 0 1
    outer loop
      vertex -22.0577 -12.735 19
      vertex -18.8794 -10.9 19
      vertex -19.5518 -9.64189 19
    endloop
  endfacet
  facet normal 0 0 1
    outer loop
      vertex -22.8433 -11.2651 19
      vertex -19.5518 -9.64189 19
      vertex -20.1406 -8.3425 19
    endloop
  endfacet
  facet normal 0 0 1
    outer loop
      vertex -17.2951 -13.271 19
      vertex -20.2067 -15.5052 19
      vertex -19.1494 -16.7935 19
    endloop
  endfacet
  facet normal 0 0 1
    outer loop
      vertex -23.5312 -9.74695 19
      vertex -20.1406 -8.3425 19
      vertex -20.6431 -7.00738 19
    endloop
  endfacet
  facet normal 0 0 1
    outer loop
      vertex -24.1183 -8.18706 19
      vertex -20.6431 -7.00738 19
      vertex -21.0572 -5.64225 19
    endloop
  endfacet
  facet normal 0 0 1
    outer loop
      vertex -18.126 -12.1114 19
      vertex -21.1775 -14.1504 19
      vertex -20.2067 -15.5052 19
    endloop
  endfacet
  facet normal 0 0 1
    outer loop
      vertex -24.6021 -6.59212 19
      vertex -21.0572 -5.64225 19
      vertex -21.3811 -4.25297 19
    endloop
  endfacet
  facet normal 0 0 1
    outer loop
      vertex -24.9806 -4.96895 19
      vertex -21.3811 -4.25297 19
      vertex -21.6135 -2.84547 19
    endloop
  endfacet
  facet normal 0 0 1
    outer loop
      vertex -25.2521 -3.3245 19
      vertex -21.6135 -2.84547 19
      vertex -21.7533 -1.42579 19
    endloop
  endfacet
  facet normal 0 0 1
    outer loop
      vertex -18.8794 -10.9 19
      vertex -22.0577 -12.735 19
      vertex -21.1775 -14.1504 19
    endloop
  endfacet
  facet normal 0 0 1
    outer loop
      vertex -25.4155 -1.66582 19
      vertex -21.7533 -1.42579 19
      vertex -21.8 0 19
    endloop
  endfacet
  facet normal 0 0 1
    outer loop
      vertex -21.0572 5.64225 19
      vertex -24.6021 6.59212 19
      vertex -21.3811 4.25297 19
    endloop
  endfacet
  facet normal -0 0 1
    outer loop
      vertex -24.9806 4.96895 19
      vertex -21.3811 4.25297 19
      vertex -24.6021 6.59212 19
    endloop
  endfacet
  facet normal 0 0 1
    outer loop
      vertex -19.5518 -9.64189 19
      vertex -22.8433 -11.2651 19
      vertex -22.0577 -12.735 19
    endloop
  endfacet
  facet normal 0 0 1
    outer loop
      vertex -21.3811 4.25297 19
      vertex -24.9806 4.96895 19
      vertex -21.6135 2.84547 19
    endloop
  endfacet
  facet normal 0 0 1
    outer loop
      vertex -20.1406 -8.3425 19
      vertex -23.5312 -9.74695 19
      vertex -22.8433 -11.2651 19
    endloop
  endfacet
  facet normal -0 0 1
    outer loop
      vertex -25.2521 3.3245 19
      vertex -21.6135 2.84547 19
      vertex -24.9806 4.96895 19
    endloop
  endfacet
  facet normal 0 0 1
    outer loop
      vertex -20.6431 -7.00738 19
      vertex -24.1183 -8.18706 19
      vertex -23.5312 -9.74695 19
    endloop
  endfacet
  facet normal 0 0 1
    outer loop
      vertex -21.6135 2.84547 19
      vertex -25.2521 3.3245 19
      vertex -21.7533 1.42579 19
    endloop
  endfacet
  facet normal 0 0 1
    outer loop
      vertex -21.0572 -5.64225 19
      vertex -24.6021 -6.59212 19
      vertex -24.1183 -8.18706 19
    endloop
  endfacet
  facet normal -0 0 1
    outer loop
      vertex -25.4155 1.66582 19
      vertex -21.7533 1.42579 19
      vertex -25.2521 3.3245 19
    endloop
  endfacet
  facet normal 0 0 1
    outer loop
      vertex -21.3811 -4.25297 19
      vertex -24.9806 -4.96895 19
      vertex -24.6021 -6.59212 19
    endloop
  endfacet
  facet normal 0 0 1
    outer loop
      vertex -21.7533 1.42579 19
      vertex -25.4155 1.66582 19
      vertex -21.8 0 19
    endloop
  endfacet
  facet normal 0 0 1
    outer loop
      vertex -21.6135 -2.84547 19
      vertex -25.2521 -3.3245 19
      vertex -24.9806 -4.96895 19
    endloop
  endfacet
  facet normal 0 0 1
    outer loop
      vertex -25.47 0 19
      vertex -21.8 0 19
      vertex -25.4155 1.66582 19
    endloop
  endfacet
  facet normal 0 0 1
    outer loop
      vertex -21.7533 -1.42579 19
      vertex -25.4155 -1.66582 19
      vertex -25.2521 -3.3245 19
    endloop
  endfacet
  facet normal 0 0 1
    outer loop
      vertex -21.8 0 19
      vertex -25.47 0 19
      vertex -25.4155 -1.66582 19
    endloop
  endfacet
  facet normal 0 1 -0
    outer loop
      vertex 1.525 -28.67 17
      vertex -1.525 -28.67 20
      vertex 1.525 -28.67 20
    endloop
  endfacet
  facet normal 0 1 0
    outer loop
      vertex -1.525 -28.67 20
      vertex 1.525 -28.67 17
      vertex -1.525 -28.67 17
    endloop
  endfacet
  facet normal 0 0 1
    outer loop
      vertex -1.6 -26.6176 17
      vertex -1.42579 -21.7533 17
      vertex -1.6 -21.7362 17
    endloop
  endfacet
  facet normal 0 0 1
    outer loop
      vertex -1.42579 -21.7533 17
      vertex -1.6 -26.6176 17
      vertex -1.525 -26.6201 17
    endloop
  endfacet
  facet normal -0 0 1
    outer loop
      vertex 1.42579 -21.7533 17
      vertex 1.6 -26.6176 17
      vertex 1.6 -21.7362 17
    endloop
  endfacet
  facet normal 0 0 1
    outer loop
      vertex 1.6 -26.6176 17
      vertex 1.42579 -21.7533 17
      vertex 1.525 -26.6201 17
    endloop
  endfacet
  facet normal -0 0 1
    outer loop
      vertex 0 -21.8 17
      vertex 1.525 -26.6201 17
      vertex 1.42579 -21.7533 17
    endloop
  endfacet
  facet normal 0 0 1
    outer loop
      vertex 1.525 -26.6201 17
      vertex 0 -21.8 17
      vertex -1.525 -26.6201 17
    endloop
  endfacet
  facet normal 0 0 1
    outer loop
      vertex -1.525 -26.6201 17
      vertex 0 -21.8 17
      vertex -1.42579 -21.7533 17
    endloop
  endfacet
  facet normal 0 0 1
    outer loop
      vertex 1.525 -26.6201 17
      vertex -1.525 -26.6201 17
      vertex 1.525 -28.67 17
    endloop
  endfacet
  facet normal 0 0 1
    outer loop
      vertex 1.525 -28.67 17
      vertex -1.525 -26.6201 17
      vertex -1.525 -28.67 17
    endloop
  endfacet
  facet normal -1 0 0
    outer loop
      vertex 1.6 -21.7362 17
      vertex 1.6 -25.4176 19
      vertex 1.6 -21.7362 19
    endloop
  endfacet
  facet normal -1 0 0
    outer loop
      vertex 1.6 -26.6176 17
      vertex 1.6 -25.4176 19
      vertex 1.6 -21.7362 17
    endloop
  endfacet
  facet normal -1 0 0
    outer loop
      vertex 1.6 -26.6176 20
      vertex 1.6 -25.4176 19
      vertex 1.6 -26.6176 17
    endloop
  endfacet
  facet normal -1 0 0
    outer loop
      vertex 1.6 -25.4176 19
      vertex 1.6 -26.6176 20
      vertex 1.6 -25.4176 20
    endloop
  endfacet
  facet normal 1 0 0
    outer loop
      vertex -1.6 -25.4176 20
      vertex -1.6 -26.6176 20
      vertex -1.6 -25.4176 19
    endloop
  endfacet
  facet normal 1 -0 0
    outer loop
      vertex -1.6 -25.4176 19
      vertex -1.6 -21.7362 17
      vertex -1.6 -21.7362 19
    endloop
  endfacet
  facet normal 1 0 0
    outer loop
      vertex -1.6 -25.4176 19
      vertex -1.6 -26.6176 17
      vertex -1.6 -21.7362 17
    endloop
  endfacet
  facet normal 1 0 0
    outer loop
      vertex -1.6 -26.6176 17
      vertex -1.6 -25.4176 19
      vertex -1.6 -26.6176 20
    endloop
  endfacet
  facet normal 0.956948 0.290259 0
    outer loop
      vertex -15.0769 7.78036 7
      vertex -15.3045 8.53073 2
      vertex -15.3045 8.53073 7
    endloop
  endfacet
  facet normal 0.956948 0.290259 0
    outer loop
      vertex -15.3045 8.53073 2
      vertex -15.0769 7.78036 7
      vertex -15.0769 7.78036 2
    endloop
  endfacet
  facet normal 0.99518 0.0980692 0
    outer loop
      vertex -15 7 7
      vertex -15.0769 7.78036 2
      vertex -15.0769 7.78036 7
    endloop
  endfacet
  facet normal 0.99518 0.0980692 0
    outer loop
      vertex -15.0769 7.78036 2
      vertex -15 7 7
      vertex -15 7 2
    endloop
  endfacet
  facet normal 0.881943 0.471356 0
    outer loop
      vertex -15.3045 8.53073 7
      vertex -15.6741 9.22228 2
      vertex -15.6741 9.22228 7
    endloop
  endfacet
  facet normal 0.881943 0.471356 0
    outer loop
      vertex -15.6741 9.22228 2
      vertex -15.3045 8.53073 7
      vertex -15.3045 8.53073 2
    endloop
  endfacet
  facet normal 0.471329 0.881957 -0
    outer loop
      vertex -16.7777 10.3259 2
      vertex -17.4693 10.6955 7
      vertex -16.7777 10.3259 7
    endloop
  endfacet
  facet normal 0.471329 0.881957 0
    outer loop
      vertex -17.4693 10.6955 7
      vertex -16.7777 10.3259 2
      vertex -17.4693 10.6955 2
    endloop
  endfacet
  facet normal 0.634421 -0.772988 0
    outer loop
      vertex -16.7777 3.67412 2
      vertex -16.1716 4.17157 7
      vertex -16.7777 3.67412 7
    endloop
  endfacet
  facet normal 0.634421 -0.772988 0
    outer loop
      vertex -16.1716 4.17157 7
      vertex -16.7777 3.67412 2
      vertex -16.1716 4.17157 2
    endloop
  endfacet
  facet normal 0.99518 -0.0980692 0
    outer loop
      vertex -15.0769 6.21964 7
      vertex -15 7 2
      vertex -15 7 7
    endloop
  endfacet
  facet normal 0.99518 -0.0980692 0
    outer loop
      vertex -15 7 2
      vertex -15.0769 6.21964 7
      vertex -15.0769 6.21964 2
    endloop
  endfacet
  facet normal 0.772982 0.634428 0
    outer loop
      vertex -15.6741 9.22228 7
      vertex -16.1716 9.82843 2
      vertex -16.1716 9.82843 7
    endloop
  endfacet
  facet normal 0.772982 0.634428 0
    outer loop
      vertex -16.1716 9.82843 2
      vertex -15.6741 9.22228 7
      vertex -15.6741 9.22228 2
    endloop
  endfacet
  facet normal 0.471369 -0.881936 0
    outer loop
      vertex -17.4693 3.30448 2
      vertex -16.7777 3.67412 7
      vertex -17.4693 3.30448 7
    endloop
  endfacet
  facet normal 0.471369 -0.881936 0
    outer loop
      vertex -16.7777 3.67412 7
      vertex -17.4693 3.30448 2
      vertex -16.7777 3.67412 2
    endloop
  endfacet
  facet normal 0.881943 -0.471356 0
    outer loop
      vertex -15.6741 4.77772 7
      vertex -15.3045 5.46927 2
      vertex -15.3045 5.46927 7
    endloop
  endfacet
  facet normal 0.881943 -0.471356 0
    outer loop
      vertex -15.3045 5.46927 2
      vertex -15.6741 4.77772 7
      vertex -15.6741 4.77772 2
    endloop
  endfacet
  facet normal -0.0980137 -0.995185 0
    outer loop
      vertex -19.7804 3.07686 2
      vertex -19 3 7
      vertex -19.7804 3.07686 7
    endloop
  endfacet
  facet normal -0.0980137 -0.995185 -0
    outer loop
      vertex -19 3 7
      vertex -19.7804 3.07686 2
      vertex -19 3 2
    endloop
  endfacet
  facet normal 0.956948 -0.290259 0
    outer loop
      vertex -15.3045 5.46927 7
      vertex -15.0769 6.21964 2
      vertex -15.0769 6.21964 7
    endloop
  endfacet
  facet normal 0.956948 -0.290259 0
    outer loop
      vertex -15.0769 6.21964 2
      vertex -15.3045 5.46927 7
      vertex -15.3045 5.46927 2
    endloop
  endfacet
  facet normal -0.634472 -0.772946 0
    outer loop
      vertex -21.4463 3.85799 2
      vertex -21.2223 3.67412 7
      vertex -21.4463 3.85799 7
    endloop
  endfacet
  facet normal -0.634472 -0.772946 -0
    outer loop
      vertex -21.2223 3.67412 7
      vertex -21.4463 3.85799 2
      vertex -21.2223 3.67412 2
    endloop
  endfacet
  facet normal 0.0980137 -0.995185 0
    outer loop
      vertex -19 3 2
      vertex -18.2196 3.07686 7
      vertex -19 3 7
    endloop
  endfacet
  facet normal 0.0980137 -0.995185 0
    outer loop
      vertex -18.2196 3.07686 7
      vertex -19 3 2
      vertex -18.2196 3.07686 2
    endloop
  endfacet
  facet normal 0 0 1
    outer loop
      vertex -20.1406 8.3425 7
      vertex -15 7 7
      vertex -15.0769 7.78036 7
    endloop
  endfacet
  facet normal -0 0 1
    outer loop
      vertex -20.1406 8.3425 7
      vertex -15.0769 7.78036 7
      vertex -15.3045 8.53073 7
    endloop
  endfacet
  facet normal 0 0 1
    outer loop
      vertex -15 7 7
      vertex -20.1406 8.3425 7
      vertex -15.0769 6.21964 7
    endloop
  endfacet
  facet normal 0 0 1
    outer loop
      vertex -20.1406 8.3425 7
      vertex -15.3045 8.53073 7
      vertex -15.6741 9.22228 7
    endloop
  endfacet
  facet normal -0 0 1
    outer loop
      vertex -20.6431 7.00738 7
      vertex -15.0769 6.21964 7
      vertex -20.1406 8.3425 7
    endloop
  endfacet
  facet normal 0 0 1
    outer loop
      vertex -20.1406 8.3425 7
      vertex -15.6741 9.22228 7
      vertex -16.1716 9.82843 7
    endloop
  endfacet
  facet normal 0 0 1
    outer loop
      vertex -15.0769 6.21964 7
      vertex -20.6431 7.00738 7
      vertex -15.3045 5.46927 7
    endloop
  endfacet
  facet normal 0 0 1
    outer loop
      vertex -19.5518 9.64189 7
      vertex -16.1716 9.82843 7
      vertex -16.7777 10.3259 7
    endloop
  endfacet
  facet normal 0 0 1
    outer loop
      vertex -15.3045 5.46927 7
      vertex -20.6431 7.00738 7
      vertex -15.6741 4.77772 7
    endloop
  endfacet
  facet normal 0 0 1
    outer loop
      vertex -19.5518 9.64189 7
      vertex -16.7777 10.3259 7
      vertex -17.4693 10.6955 7
    endloop
  endfacet
  facet normal 0 0 1
    outer loop
      vertex -15.6741 4.77772 7
      vertex -20.6431 7.00738 7
      vertex -16.1716 4.17157 7
    endloop
  endfacet
  facet normal 0 0 1
    outer loop
      vertex -19.5518 9.64189 7
      vertex -17.4693 10.6955 7
      vertex -18.2196 10.9231 7
    endloop
  endfacet
  facet normal 0 0 1
    outer loop
      vertex -16.1716 4.17157 7
      vertex -20.6431 7.00738 7
      vertex -16.7777 3.67412 7
    endloop
  endfacet
  facet normal 0 0 1
    outer loop
      vertex -18.8794 10.9 7
      vertex -18.2196 10.9231 7
      vertex -18.8277 10.983 7
    endloop
  endfacet
  facet normal 0 0 1
    outer loop
      vertex -19.5518 9.64189 7
      vertex -18.2196 10.9231 7
      vertex -18.8794 10.9 7
    endloop
  endfacet
  facet normal 0 0 1
    outer loop
      vertex -16.1716 9.82843 7
      vertex -19.5518 9.64189 7
      vertex -20.1406 8.3425 7
    endloop
  endfacet
  facet normal 0 0 1
    outer loop
      vertex -16.7777 3.67412 7
      vertex -20.6431 7.00738 7
      vertex -17.4693 3.30448 7
    endloop
  endfacet
  facet normal -0 0 1
    outer loop
      vertex -21.0572 5.64225 7
      vertex -17.4693 3.30448 7
      vertex -20.6431 7.00738 7
    endloop
  endfacet
  facet normal 0 0 1
    outer loop
      vertex -17.4693 3.30448 7
      vertex -21.0572 5.64225 7
      vertex -18.2196 3.07686 7
    endloop
  endfacet
  facet normal 0 0 1
    outer loop
      vertex -18.2196 3.07686 7
      vertex -21.0572 5.64225 7
      vertex -19 3 7
    endloop
  endfacet
  facet normal 0 0 1
    outer loop
      vertex -19 3 7
      vertex -21.0572 5.64225 7
      vertex -19.7804 3.07686 7
    endloop
  endfacet
  facet normal 0 0 1
    outer loop
      vertex -19.7804 3.07686 7
      vertex -21.0572 5.64225 7
      vertex -20.5307 3.30448 7
    endloop
  endfacet
  facet normal -0 0 1
    outer loop
      vertex -21.3811 4.25297 7
      vertex -20.5307 3.30448 7
      vertex -21.0572 5.64225 7
    endloop
  endfacet
  facet normal 0 0 1
    outer loop
      vertex -20.5307 3.30448 7
      vertex -21.3811 4.25297 7
      vertex -21.2223 3.67412 7
    endloop
  endfacet
  facet normal 0 0 1
    outer loop
      vertex -21.2223 3.67412 7
      vertex -21.3811 4.25297 7
      vertex -21.4463 3.85799 7
    endloop
  endfacet
  facet normal 0.290307 -0.956934 0
    outer loop
      vertex -18.2196 3.07686 2
      vertex -17.4693 3.30448 7
      vertex -18.2196 3.07686 7
    endloop
  endfacet
  facet normal 0.290307 -0.956934 0
    outer loop
      vertex -17.4693 3.30448 7
      vertex -18.2196 3.07686 2
      vertex -17.4693 3.30448 2
    endloop
  endfacet
  facet normal 0.0980291 0.995184 -0
    outer loop
      vertex -18.2196 10.9231 2
      vertex -18.8277 10.983 7
      vertex -18.2196 10.9231 7
    endloop
  endfacet
  facet normal 0.0980291 0.995184 0
    outer loop
      vertex -18.8277 10.983 7
      vertex -18.2196 10.9231 2
      vertex -18.8277 10.983 2
    endloop
  endfacet
  facet normal -0.290307 -0.956934 0
    outer loop
      vertex -20.5307 3.30448 2
      vertex -19.7804 3.07686 7
      vertex -20.5307 3.30448 7
    endloop
  endfacet
  facet normal -0.290307 -0.956934 -0
    outer loop
      vertex -19.7804 3.07686 7
      vertex -20.5307 3.30448 2
      vertex -19.7804 3.07686 2
    endloop
  endfacet
  facet normal -0.471369 -0.881936 0
    outer loop
      vertex -21.2223 3.67412 2
      vertex -20.5307 3.30448 7
      vertex -21.2223 3.67412 7
    endloop
  endfacet
  facet normal -0.471369 -0.881936 -0
    outer loop
      vertex -20.5307 3.30448 7
      vertex -21.2223 3.67412 2
      vertex -20.5307 3.30448 2
    endloop
  endfacet
  facet normal 0.290283 0.956941 -0
    outer loop
      vertex -17.4693 10.6955 2
      vertex -18.2196 10.9231 7
      vertex -17.4693 10.6955 7
    endloop
  endfacet
  facet normal 0.290283 0.956941 0
    outer loop
      vertex -18.2196 10.9231 7
      vertex -17.4693 10.6955 2
      vertex -18.2196 10.9231 2
    endloop
  endfacet
  facet normal 0.634436 0.772975 -0
    outer loop
      vertex -16.1716 9.82843 2
      vertex -16.7777 10.3259 7
      vertex -16.1716 9.82843 7
    endloop
  endfacet
  facet normal 0.634436 0.772975 0
    outer loop
      vertex -16.7777 10.3259 7
      vertex -16.1716 9.82843 2
      vertex -16.7777 10.3259 2
    endloop
  endfacet
  facet normal 0.772982 -0.634428 0
    outer loop
      vertex -16.1716 4.17157 7
      vertex -15.6741 4.77772 2
      vertex -15.6741 4.77772 7
    endloop
  endfacet
  facet normal 0.772982 -0.634428 0
    outer loop
      vertex -15.6741 4.77772 2
      vertex -16.1716 4.17157 7
      vertex -16.1716 4.17157 2
    endloop
  endfacet
  facet normal -0.608762 0.793353 0
    outer loop
      vertex -17.7272 5.72721 0
      vertex -18.1 5.44115 4.29
      vertex -17.7272 5.72721 4.29
    endloop
  endfacet
  facet normal -0.608762 0.793353 0
    outer loop
      vertex -18.1 5.44115 4.29
      vertex -17.7272 5.72721 0
      vertex -18.1 5.44115 0
    endloop
  endfacet
  facet normal 0.793407 -0.608692 0
    outer loop
      vertex -20.5588 7.9 4.29
      vertex -20.2728 8.27279 0
      vertex -20.2728 8.27279 4.29
    endloop
  endfacet
  facet normal 0.793407 -0.608692 0
    outer loop
      vertex -20.2728 8.27279 0
      vertex -20.5588 7.9 4.29
      vertex -20.5588 7.9 0
    endloop
  endfacet
  facet normal -0.923821 -0.382824 0
    outer loop
      vertex -17.2613 7.46587 0
      vertex -17.4412 7.9 4.29
      vertex -17.4412 7.9 0
    endloop
  endfacet
  facet normal -0.923821 -0.382824 0
    outer loop
      vertex -17.4412 7.9 4.29
      vertex -17.2613 7.46587 0
      vertex -17.2613 7.46587 4.29
    endloop
  endfacet
  facet normal -0.991454 -0.130457 0
    outer loop
      vertex -17.2 7 0
      vertex -17.2613 7.46587 4.29
      vertex -17.2613 7.46587 0
    endloop
  endfacet
  facet normal -0.991454 -0.130457 0
    outer loop
      vertex -17.2613 7.46587 4.29
      vertex -17.2 7 0
      vertex -17.2 7 4.29
    endloop
  endfacet
  facet normal 0.991454 0.130457 0
    outer loop
      vertex -20.7387 6.53413 4.29
      vertex -20.8 7 0
      vertex -20.8 7 4.29
    endloop
  endfacet
  facet normal 0.991454 0.130457 0
    outer loop
      vertex -20.8 7 0
      vertex -20.7387 6.53413 4.29
      vertex -20.7387 6.53413 0
    endloop
  endfacet
  facet normal -0.382701 0.923872 0
    outer loop
      vertex -18.1 5.44115 0
      vertex -18.5341 5.26133 4.29
      vertex -18.1 5.44115 4.29
    endloop
  endfacet
  facet normal -0.382701 0.923872 0
    outer loop
      vertex -18.5341 5.26133 4.29
      vertex -18.1 5.44115 0
      vertex -18.5341 5.26133 0
    endloop
  endfacet
  facet normal 0.923821 -0.382824 0
    outer loop
      vertex -20.7387 7.46587 4.29
      vertex -20.5588 7.9 0
      vertex -20.5588 7.9 4.29
    endloop
  endfacet
  facet normal 0.923821 -0.382824 0
    outer loop
      vertex -20.5588 7.9 0
      vertex -20.7387 7.46587 4.29
      vertex -20.7387 7.46587 0
    endloop
  endfacet
  facet normal -0.793407 0.608692 0
    outer loop
      vertex -17.7272 5.72721 0
      vertex -17.4412 6.1 4.29
      vertex -17.4412 6.1 0
    endloop
  endfacet
  facet normal -0.793407 0.608692 0
    outer loop
      vertex -17.4412 6.1 4.29
      vertex -17.7272 5.72721 0
      vertex -17.7272 5.72721 4.29
    endloop
  endfacet
  facet normal -0.991454 0.130457 0
    outer loop
      vertex -17.2613 6.53413 0
      vertex -17.2 7 4.29
      vertex -17.2 7 0
    endloop
  endfacet
  facet normal -0.991454 0.130457 0
    outer loop
      vertex -17.2 7 4.29
      vertex -17.2613 6.53413 0
      vertex -17.2613 6.53413 4.29
    endloop
  endfacet
  facet normal 0.382701 0.923872 -0
    outer loop
      vertex -19.4659 5.26133 0
      vertex -19.9 5.44115 4.29
      vertex -19.4659 5.26133 4.29
    endloop
  endfacet
  facet normal 0.382701 0.923872 0
    outer loop
      vertex -19.9 5.44115 4.29
      vertex -19.4659 5.26133 0
      vertex -19.9 5.44115 0
    endloop
  endfacet
  facet normal 0.130512 0.991447 -0
    outer loop
      vertex -19 5.2 0
      vertex -19.4659 5.26133 4.29
      vertex -19 5.2 4.29
    endloop
  endfacet
  facet normal 0.130512 0.991447 0
    outer loop
      vertex -19.4659 5.26133 4.29
      vertex -19 5.2 0
      vertex -19.4659 5.26133 0
    endloop
  endfacet
  facet normal 0.130512 -0.991447 0
    outer loop
      vertex -19.4659 8.73867 0
      vertex -19 8.8 4.29
      vertex -19.4659 8.73867 4.29
    endloop
  endfacet
  facet normal 0.130512 -0.991447 0
    outer loop
      vertex -19 8.8 4.29
      vertex -19.4659 8.73867 0
      vertex -19 8.8 0
    endloop
  endfacet
  facet normal 0.608762 -0.793353 0
    outer loop
      vertex -20.2728 8.27279 0
      vertex -19.9 8.55885 4.29
      vertex -20.2728 8.27279 4.29
    endloop
  endfacet
  facet normal 0.608762 -0.793353 0
    outer loop
      vertex -19.9 8.55885 4.29
      vertex -20.2728 8.27279 0
      vertex -19.9 8.55885 0
    endloop
  endfacet
  facet normal -0.382701 -0.923872 0
    outer loop
      vertex -18.5341 8.73867 0
      vertex -18.1 8.55885 4.29
      vertex -18.5341 8.73867 4.29
    endloop
  endfacet
  facet normal -0.382701 -0.923872 -0
    outer loop
      vertex -18.1 8.55885 4.29
      vertex -18.5341 8.73867 0
      vertex -18.1 8.55885 0
    endloop
  endfacet
  facet normal 0.382701 -0.923872 0
    outer loop
      vertex -19.9 8.55885 0
      vertex -19.4659 8.73867 4.29
      vertex -19.9 8.55885 4.29
    endloop
  endfacet
  facet normal 0.382701 -0.923872 0
    outer loop
      vertex -19.4659 8.73867 4.29
      vertex -19.9 8.55885 0
      vertex -19.4659 8.73867 0
    endloop
  endfacet
  facet normal -0.923821 0.382824 0
    outer loop
      vertex -17.4412 6.1 0
      vertex -17.2613 6.53413 4.29
      vertex -17.2613 6.53413 0
    endloop
  endfacet
  facet normal -0.923821 0.382824 0
    outer loop
      vertex -17.2613 6.53413 4.29
      vertex -17.4412 6.1 0
      vertex -17.4412 6.1 4.29
    endloop
  endfacet
  facet normal 0 0 -1
    outer loop
      vertex -17.2613 6.53413 4.29
      vertex -17.2613 7.46587 4.29
      vertex -17.2 7 4.29
    endloop
  endfacet
  facet normal 0 0 -1
    outer loop
      vertex -17.4412 6.1 4.29
      vertex -17.2613 7.46587 4.29
      vertex -17.2613 6.53413 4.29
    endloop
  endfacet
  facet normal 0 0 -1
    outer loop
      vertex -17.4412 6.1 4.29
      vertex -17.4412 7.9 4.29
      vertex -17.2613 7.46587 4.29
    endloop
  endfacet
  facet normal 0 0 -1
    outer loop
      vertex -17.7272 5.72721 4.29
      vertex -17.4412 7.9 4.29
      vertex -17.4412 6.1 4.29
    endloop
  endfacet
  facet normal 0 0 -1
    outer loop
      vertex -17.7272 5.72721 4.29
      vertex -17.7272 8.27279 4.29
      vertex -17.4412 7.9 4.29
    endloop
  endfacet
  facet normal 0 0 -1
    outer loop
      vertex -18.1 5.44115 4.29
      vertex -17.7272 8.27279 4.29
      vertex -17.7272 5.72721 4.29
    endloop
  endfacet
  facet normal 0 0 -1
    outer loop
      vertex -18.1 5.44115 4.29
      vertex -18.1 8.55885 4.29
      vertex -17.7272 8.27279 4.29
    endloop
  endfacet
  facet normal 0 0 -1
    outer loop
      vertex -18.5341 5.26133 4.29
      vertex -18.1 8.55885 4.29
      vertex -18.1 5.44115 4.29
    endloop
  endfacet
  facet normal 0 0 -1
    outer loop
      vertex -18.5341 5.26133 4.29
      vertex -18.5341 8.73867 4.29
      vertex -18.1 8.55885 4.29
    endloop
  endfacet
  facet normal 0 0 -1
    outer loop
      vertex -19 5.2 4.29
      vertex -18.5341 8.73867 4.29
      vertex -18.5341 5.26133 4.29
    endloop
  endfacet
  facet normal 0 0 -1
    outer loop
      vertex -19 5.2 4.29
      vertex -19 8.8 4.29
      vertex -18.5341 8.73867 4.29
    endloop
  endfacet
  facet normal 0 0 -1
    outer loop
      vertex -19.4659 5.26133 4.29
      vertex -19 8.8 4.29
      vertex -19 5.2 4.29
    endloop
  endfacet
  facet normal 0 0 -1
    outer loop
      vertex -19.4659 5.26133 4.29
      vertex -19.4659 8.73867 4.29
      vertex -19 8.8 4.29
    endloop
  endfacet
  facet normal 0 0 -1
    outer loop
      vertex -19.9 5.44115 4.29
      vertex -19.4659 8.73867 4.29
      vertex -19.4659 5.26133 4.29
    endloop
  endfacet
  facet normal 0 0 -1
    outer loop
      vertex -19.9 5.44115 4.29
      vertex -19.9 8.55885 4.29
      vertex -19.4659 8.73867 4.29
    endloop
  endfacet
  facet normal 0 0 -1
    outer loop
      vertex -20.2728 5.72721 4.29
      vertex -19.9 8.55885 4.29
      vertex -19.9 5.44115 4.29
    endloop
  endfacet
  facet normal 0 0 -1
    outer loop
      vertex -20.2728 5.72721 4.29
      vertex -20.2728 8.27279 4.29
      vertex -19.9 8.55885 4.29
    endloop
  endfacet
  facet normal 0 0 -1
    outer loop
      vertex -20.5588 6.1 4.29
      vertex -20.2728 8.27279 4.29
      vertex -20.2728 5.72721 4.29
    endloop
  endfacet
  facet normal 0 0 -1
    outer loop
      vertex -20.5588 6.1 4.29
      vertex -20.5588 7.9 4.29
      vertex -20.2728 8.27279 4.29
    endloop
  endfacet
  facet normal 0 0 -1
    outer loop
      vertex -20.7387 6.53413 4.29
      vertex -20.5588 7.9 4.29
      vertex -20.5588 6.1 4.29
    endloop
  endfacet
  facet normal 0 0 -1
    outer loop
      vertex -20.7387 6.53413 4.29
      vertex -20.7387 7.46587 4.29
      vertex -20.5588 7.9 4.29
    endloop
  endfacet
  facet normal 0 -0 -1
    outer loop
      vertex -20.7387 7.46587 4.29
      vertex -20.7387 6.53413 4.29
      vertex -20.8 7 4.29
    endloop
  endfacet
  facet normal -0.130512 0.991447 0
    outer loop
      vertex -18.5341 5.26133 0
      vertex -19 5.2 4.29
      vertex -18.5341 5.26133 4.29
    endloop
  endfacet
  facet normal -0.130512 0.991447 0
    outer loop
      vertex -19 5.2 4.29
      vertex -18.5341 5.26133 0
      vertex -19 5.2 0
    endloop
  endfacet
  facet normal -0.793407 -0.608692 0
    outer loop
      vertex -17.4412 7.9 0
      vertex -17.7272 8.27279 4.29
      vertex -17.7272 8.27279 0
    endloop
  endfacet
  facet normal -0.793407 -0.608692 0
    outer loop
      vertex -17.7272 8.27279 4.29
      vertex -17.4412 7.9 0
      vertex -17.4412 7.9 4.29
    endloop
  endfacet
  facet normal 0.923821 0.382824 0
    outer loop
      vertex -20.5588 6.1 4.29
      vertex -20.7387 6.53413 0
      vertex -20.7387 6.53413 4.29
    endloop
  endfacet
  facet normal 0.923821 0.382824 0
    outer loop
      vertex -20.7387 6.53413 0
      vertex -20.5588 6.1 4.29
      vertex -20.5588 6.1 0
    endloop
  endfacet
  facet normal -0.608762 -0.793353 0
    outer loop
      vertex -18.1 8.55885 0
      vertex -17.7272 8.27279 4.29
      vertex -18.1 8.55885 4.29
    endloop
  endfacet
  facet normal -0.608762 -0.793353 -0
    outer loop
      vertex -17.7272 8.27279 4.29
      vertex -18.1 8.55885 0
      vertex -17.7272 8.27279 0
    endloop
  endfacet
  facet normal -0.130512 -0.991447 0
    outer loop
      vertex -19 8.8 0
      vertex -18.5341 8.73867 4.29
      vertex -19 8.8 4.29
    endloop
  endfacet
  facet normal -0.130512 -0.991447 -0
    outer loop
      vertex -18.5341 8.73867 4.29
      vertex -19 8.8 0
      vertex -18.5341 8.73867 0
    endloop
  endfacet
  facet normal 0.608762 0.793353 -0
    outer loop
      vertex -19.9 5.44115 0
      vertex -20.2728 5.72721 4.29
      vertex -19.9 5.44115 4.29
    endloop
  endfacet
  facet normal 0.608762 0.793353 0
    outer loop
      vertex -20.2728 5.72721 4.29
      vertex -19.9 5.44115 0
      vertex -20.2728 5.72721 0
    endloop
  endfacet
  facet normal 0.793407 0.608692 0
    outer loop
      vertex -20.2728 5.72721 4.29
      vertex -20.5588 6.1 0
      vertex -20.5588 6.1 4.29
    endloop
  endfacet
  facet normal 0.793407 0.608692 0
    outer loop
      vertex -20.5588 6.1 0
      vertex -20.2728 5.72721 4.29
      vertex -20.2728 5.72721 0
    endloop
  endfacet
  facet normal 0.991454 -0.130457 0
    outer loop
      vertex -20.8 7 4.29
      vertex -20.7387 7.46587 0
      vertex -20.7387 7.46587 4.29
    endloop
  endfacet
  facet normal 0.991454 -0.130457 0
    outer loop
      vertex -20.7387 7.46587 0
      vertex -20.8 7 4.29
      vertex -20.8 7 0
    endloop
  endfacet
endsolid OpenSCAD_Model
