solid OpenSCAD_Model
  facet normal -0.22494 -0.974373 0
    outer loop
      vertex 37.4933 -8.65599 3.9
      vertex 37.0156 -8.54571 5.0132
      vertex 37.0156 -8.54571 3.9
    endloop
  endfacet
  facet normal -0.224956 -0.974369 -7.40675e-06
    outer loop
      vertex 37.4933 -8.65599 3.9
      vertex 39.9379 -9.22037 2.01405
      vertex 37.0156 -8.54571 5.0132
    endloop
  endfacet
  facet normal -0.224951 -0.97437 0
    outer loop
      vertex 37.4933 -8.65599 0
      vertex 39.9379 -9.22037 2.01405
      vertex 37.4933 -8.65599 3.9
    endloop
  endfacet
  facet normal -0.224951 -0.97437 -0
    outer loop
      vertex 39.9379 -9.22037 2.01405
      vertex 37.4933 -8.65599 0
      vertex 39.9379 -9.22037 0
    endloop
  endfacet
  facet normal -0.224956 0.974369 -7.40675e-06
    outer loop
      vertex 39.9379 9.22037 2.01405
      vertex 37.4933 8.65599 3.9
      vertex 37.0156 8.54571 5.0132
    endloop
  endfacet
  facet normal -0.224951 0.97437 0
    outer loop
      vertex 37.4933 8.65599 0
      vertex 39.9379 9.22037 2.01405
      vertex 39.9379 9.22037 0
    endloop
  endfacet
  facet normal -0.224951 0.97437 0
    outer loop
      vertex 39.9379 9.22037 2.01405
      vertex 37.4933 8.65599 0
      vertex 37.4933 8.65599 3.9
    endloop
  endfacet
  facet normal -0.22494 0.974373 0
    outer loop
      vertex 37.0156 8.54571 5.0132
      vertex 37.4933 8.65599 3.9
      vertex 37.0156 8.54571 3.9
    endloop
  endfacet
  facet normal 0.933579 0.358372 -0
    outer loop
      vertex -13.7901 35.9244 0
      vertex -14.6887 38.2653 2.01473
      vertex -13.7901 35.9244 3.9
    endloop
  endfacet
  facet normal 0.93358 0.358369 -4.91971e-06
    outer loop
      vertex -13.6139 35.4654 5.01383
      vertex -13.7901 35.9244 3.9
      vertex -14.6887 38.2653 2.01473
    endloop
  endfacet
  facet normal 0.933576 0.358379 0
    outer loop
      vertex -13.7901 35.9244 3.9
      vertex -13.6139 35.4654 5.01383
      vertex -13.6139 35.4654 3.9
    endloop
  endfacet
  facet normal 0.933579 0.358372 0
    outer loop
      vertex -14.6887 38.2653 2.01473
      vertex -13.7901 35.9244 0
      vertex -14.6887 38.2653 0
    endloop
  endfacet
  facet normal -0.777157 -0.629307 0
    outer loop
      vertex -24.2164 29.9047 0
      vertex -25.7985 31.8585 2.00814
      vertex -25.7985 31.8585 0
    endloop
  endfacet
  facet normal -0.777157 -0.629307 -0
    outer loop
      vertex -24.2164 29.9047 3.9
      vertex -25.7985 31.8585 2.00814
      vertex -24.2164 29.9047 0
    endloop
  endfacet
  facet normal -0.777196 -0.629258 8.30251e-05
    outer loop
      vertex -24.2164 29.9047 3.9
      vertex -23.9108 29.5274 5.00773
      vertex -25.7985 31.8585 2.00814
    endloop
  endfacet
  facet normal -0.777077 -0.629406 -0
    outer loop
      vertex -23.9108 29.5274 5.00773
      vertex -24.2164 29.9047 3.9
      vertex -23.9108 29.5274 3.9
    endloop
  endfacet
  facet normal -0.777157 0.629307 0
    outer loop
      vertex -25.7985 -31.8585 2.00814
      vertex -24.2164 -29.9047 0
      vertex -25.7985 -31.8585 0
    endloop
  endfacet
  facet normal -0.777077 0.629406 0
    outer loop
      vertex -24.2164 -29.9047 3.9
      vertex -23.9108 -29.5274 5.00773
      vertex -23.9108 -29.5274 3.9
    endloop
  endfacet
  facet normal -0.777157 0.629307 0
    outer loop
      vertex -24.2164 -29.9047 0
      vertex -25.7985 -31.8585 2.00814
      vertex -24.2164 -29.9047 3.9
    endloop
  endfacet
  facet normal -0.777196 0.629258 8.30251e-05
    outer loop
      vertex -24.2164 -29.9047 3.9
      vertex -25.7985 -31.8585 2.00814
      vertex -23.9108 -29.5274 5.00773
    endloop
  endfacet
  facet normal 0.933576 -0.358379 0
    outer loop
      vertex -13.6139 -35.4654 5.01383
      vertex -13.7901 -35.9244 3.9
      vertex -13.6139 -35.4654 3.9
    endloop
  endfacet
  facet normal 0.93358 -0.358369 -4.91971e-06
    outer loop
      vertex -14.6887 -38.2653 2.01473
      vertex -13.7901 -35.9244 3.9
      vertex -13.6139 -35.4654 5.01383
    endloop
  endfacet
  facet normal 0.933579 -0.358372 0
    outer loop
      vertex -14.6887 -38.2653 2.01473
      vertex -13.7901 -35.9244 0
      vertex -13.7901 -35.9244 3.9
    endloop
  endfacet
  facet normal 0.933579 -0.358372 0
    outer loop
      vertex -13.7901 -35.9244 0
      vertex -14.6887 -38.2653 2.01473
      vertex -14.6887 -38.2653 0
    endloop
  endfacet
  facet normal -0 0 -1
    outer loop
      vertex -20.5621 -5.51852 0
      vertex -37.1881 -9.96453 0
      vertex -20.5646 -5.51026 0
    endloop
  endfacet
  facet normal 0 -0 -1
    outer loop
      vertex -27.8787 17.135 0
      vertex -21.29 0 0
      vertex -27.94 16.6691 0
    endloop
  endfacet
  facet normal -0 0 -1
    outer loop
      vertex -20.5646 -5.51026 0
      vertex -37.1881 -9.96453 0
      vertex -20.879 -4.16188 0
    endloop
  endfacet
  facet normal 0 0 -1
    outer loop
      vertex -21.29 0 0
      vertex -27.8787 17.135 0
      vertex -24.2164 29.9047 0
    endloop
  endfacet
  facet normal 0 0 -1
    outer loop
      vertex -24.2164 29.9047 0
      vertex -27.94 17.6009 0
      vertex -25.3848 28.9458 0
    endloop
  endfacet
  facet normal 0 0 -1
    outer loop
      vertex -27.94 17.6009 0
      vertex -24.2164 29.9047 0
      vertex -27.8787 17.135 0
    endloop
  endfacet
  facet normal 0 0 -1
    outer loop
      vertex -21.29 0 0
      vertex -28.1198 16.235 0
      vertex -27.94 16.6691 0
    endloop
  endfacet
  facet normal 0 0 -1
    outer loop
      vertex -21.29 0 0
      vertex -28.4059 15.8622 0
      vertex -28.1198 16.235 0
    endloop
  endfacet
  facet normal 0 0 -1
    outer loop
      vertex -37.7602 -7.51098 0
      vertex -20.879 -4.16188 0
      vertex -37.1881 -9.96453 0
    endloop
  endfacet
  facet normal -0 0 -1
    outer loop
      vertex -20.879 -4.16188 0
      vertex -37.7602 -7.51098 0
      vertex -20.8809 -4.15347 0
    endloop
  endfacet
  facet normal -0 0 -1
    outer loop
      vertex -20.8809 -4.15347 0
      vertex -37.7602 -7.51098 0
      vertex -21.1065 -2.78742 0
    endloop
  endfacet
  facet normal 0 0 -1
    outer loop
      vertex -38.1706 -5.02526 0
      vertex -21.1065 -2.78742 0
      vertex -37.7602 -7.51098 0
    endloop
  endfacet
  facet normal -0 0 -1
    outer loop
      vertex -21.1065 -2.78742 0
      vertex -38.1706 -5.02526 0
      vertex -21.1079 -2.7789 0
    endloop
  endfacet
  facet normal -0 0 -1
    outer loop
      vertex -21.1079 -2.7789 0
      vertex -38.1706 -5.02526 0
      vertex -21.1087 -2.77031 0
    endloop
  endfacet
  facet normal -0 0 -1
    outer loop
      vertex -21.1087 -2.77031 0
      vertex -38.1706 -5.02526 0
      vertex -21.2444 -1.39243 0
    endloop
  endfacet
  facet normal 0 0 -1
    outer loop
      vertex -38.4176 -2.51802 0
      vertex -21.2444 -1.39243 0
      vertex -38.1706 -5.02526 0
    endloop
  endfacet
  facet normal 0 0 -1
    outer loop
      vertex -21.29 0 0
      vertex -28.7787 15.5762 0
      vertex -28.4059 15.8622 0
    endloop
  endfacet
  facet normal -0 0 -1
    outer loop
      vertex -21.2444 -1.39243 0
      vertex -38.4176 -2.51802 0
      vertex -21.2897 -0.00863259 0
    endloop
  endfacet
  facet normal 0 0 -1
    outer loop
      vertex -38.5 0 0
      vertex -21.2897 -0.00863259 0
      vertex -38.4176 -2.51802 0
    endloop
  endfacet
  facet normal 0 0 -1
    outer loop
      vertex -21.2897 -0.00863259 0
      vertex -38.5 0 0
      vertex -21.29 0 0
    endloop
  endfacet
  facet normal 0 0 -1
    outer loop
      vertex -21.0782 35.1669 0
      vertex -24.2164 29.9047 0
      vertex -22.7784 34.0903 0
    endloop
  endfacet
  facet normal 0 0 -1
    outer loop
      vertex -24.2164 29.9047 0
      vertex -24.4237 32.9315 0
      vertex -22.7784 34.0903 0
    endloop
  endfacet
  facet normal 0 -0 -1
    outer loop
      vertex -24.4237 32.9315 0
      vertex -24.2164 29.9047 0
      vertex -25.7985 31.8585 0
    endloop
  endfacet
  facet normal 0 0 -1
    outer loop
      vertex -28.1198 18.035 0
      vertex -25.3848 28.9458 0
      vertex -27.94 17.6009 0
    endloop
  endfacet
  facet normal 0 0 -1
    outer loop
      vertex -25.3848 28.9458 0
      vertex -28.1198 18.035 0
      vertex -27.2236 27.2236 0
    endloop
  endfacet
  facet normal 0 0 -1
    outer loop
      vertex -28.4059 18.4078 0
      vertex -27.2236 27.2236 0
      vertex -28.1198 18.035 0
    endloop
  endfacet
  facet normal 0 0 -1
    outer loop
      vertex -28.9458 25.3848 0
      vertex -28.4059 18.4078 0
      vertex -28.7787 18.6938 0
    endloop
  endfacet
  facet normal 0 0 -1
    outer loop
      vertex -28.4059 18.4078 0
      vertex -28.9458 25.3848 0
      vertex -27.2236 27.2236 0
    endloop
  endfacet
  facet normal 0 0 -1
    outer loop
      vertex -30.5441 23.4373 0
      vertex -28.7787 18.6938 0
      vertex -29.2128 18.8737 0
    endloop
  endfacet
  facet normal 0 0 -1
    outer loop
      vertex -30.5441 23.4373 0
      vertex -29.2128 18.8737 0
      vertex -29.6787 18.935 0
    endloop
  endfacet
  facet normal 0 0 -1
    outer loop
      vertex -32.0116 21.3895 0
      vertex -29.6787 18.935 0
      vertex -30.1446 18.8737 0
    endloop
  endfacet
  facet normal 0 0 -1
    outer loop
      vertex -28.7787 18.6938 0
      vertex -30.5441 23.4373 0
      vertex -28.9458 25.3848 0
    endloop
  endfacet
  facet normal 0 0 -1
    outer loop
      vertex -32.0116 21.3895 0
      vertex -30.1446 18.8737 0
      vertex -30.5787 18.6938 0
    endloop
  endfacet
  facet normal 0 0 -1
    outer loop
      vertex -32.0116 21.3895 0
      vertex -30.5787 18.6938 0
      vertex -30.9515 18.4078 0
    endloop
  endfacet
  facet normal 0 0 -1
    outer loop
      vertex -33.342 19.25 0
      vertex -30.9515 18.4078 0
      vertex -31.2375 18.035 0
    endloop
  endfacet
  facet normal 0 0 -1
    outer loop
      vertex -33.342 19.25 0
      vertex -31.2375 18.035 0
      vertex -31.4174 17.6009 0
    endloop
  endfacet
  facet normal 0 0 -1
    outer loop
      vertex -29.6787 18.935 0
      vertex -32.0116 21.3895 0
      vertex -30.5441 23.4373 0
    endloop
  endfacet
  facet normal 0 0 -1
    outer loop
      vertex -34.5296 17.0281 0
      vertex -31.4174 17.6009 0
      vertex -31.4787 17.135 0
    endloop
  endfacet
  facet normal 0 -0 -1
    outer loop
      vertex -38.4176 2.51802 0
      vertex -21.29 0 0
      vertex -38.5 0 0
    endloop
  endfacet
  facet normal 0 -0 -1
    outer loop
      vertex -38.1706 5.02526 0
      vertex -21.29 0 0
      vertex -38.4176 2.51802 0
    endloop
  endfacet
  facet normal 0 0 -1
    outer loop
      vertex -30.9515 18.4078 0
      vertex -33.342 19.25 0
      vertex -32.0116 21.3895 0
    endloop
  endfacet
  facet normal 0 0 -1
    outer loop
      vertex -21.29 0 0
      vertex -29.2128 15.3963 0
      vertex -28.7787 15.5762 0
    endloop
  endfacet
  facet normal -0 0 -1
    outer loop
      vertex -31.4174 17.6009 0
      vertex -34.5296 17.0281 0
      vertex -33.342 19.25 0
    endloop
  endfacet
  facet normal 0 -0 -1
    outer loop
      vertex -37.7602 7.51098 0
      vertex -21.29 0 0
      vertex -38.1706 5.02526 0
    endloop
  endfacet
  facet normal 0 0 -1
    outer loop
      vertex -31.4174 16.6691 0
      vertex -34.5296 17.0281 0
      vertex -31.4787 17.135 0
    endloop
  endfacet
  facet normal 0 -0 -1
    outer loop
      vertex -29.6787 15.335 0
      vertex -21.29 0 0
      vertex -37.7602 7.51098 0
    endloop
  endfacet
  facet normal 0 0 -1
    outer loop
      vertex -31.2375 16.235 0
      vertex -34.5296 17.0281 0
      vertex -31.4174 16.6691 0
    endloop
  endfacet
  facet normal 0 0 -1
    outer loop
      vertex -21.29 0 0
      vertex -29.6787 15.335 0
      vertex -29.2128 15.3963 0
    endloop
  endfacet
  facet normal 0 -0 -1
    outer loop
      vertex -34.5296 17.0281 0
      vertex -31.2375 16.235 0
      vertex -35.5694 14.7333 0
    endloop
  endfacet
  facet normal 0 -0 -1
    outer loop
      vertex -37.1881 9.96453 0
      vertex -29.6787 15.335 0
      vertex -37.7602 7.51098 0
    endloop
  endfacet
  facet normal -0 0 -1
    outer loop
      vertex -30.9515 15.8622 0
      vertex -35.5694 14.7333 0
      vertex -31.2375 16.235 0
    endloop
  endfacet
  facet normal -0 0 -1
    outer loop
      vertex -29.6787 15.335 0
      vertex -37.1881 9.96453 0
      vertex -30.1446 15.3963 0
    endloop
  endfacet
  facet normal -0 0 -1
    outer loop
      vertex -30.5787 15.5762 0
      vertex -35.5694 14.7333 0
      vertex -30.9515 15.8622 0
    endloop
  endfacet
  facet normal 0 -0 -1
    outer loop
      vertex -36.4568 12.3754 0
      vertex -30.1446 15.3963 0
      vertex -37.1881 9.96453 0
    endloop
  endfacet
  facet normal 0 -0 -1
    outer loop
      vertex -35.5694 14.7333 0
      vertex -30.5787 15.5762 0
      vertex -36.4568 12.3754 0
    endloop
  endfacet
  facet normal -0 0 -1
    outer loop
      vertex -30.1446 15.3963 0
      vertex -36.4568 12.3754 0
      vertex -30.5787 15.5762 0
    endloop
  endfacet
  facet normal 0 0 -1
    outer loop
      vertex 5.02526 -38.1706 0
      vertex 1.73867 -34.7359 0
      vertex 1.8 -34.27 0
    endloop
  endfacet
  facet normal 0 0 -1
    outer loop
      vertex 5.02526 -38.1706 0
      vertex 1.55885 -35.17 0
      vertex 1.73867 -34.7359 0
    endloop
  endfacet
  facet normal 0 0 -1
    outer loop
      vertex 2.51802 -38.4176 0
      vertex 1.27279 -35.5428 0
      vertex 1.55885 -35.17 0
    endloop
  endfacet
  facet normal 0 0 -1
    outer loop
      vertex 2.51802 -38.4176 0
      vertex 0.9 -35.8288 0
      vertex 1.27279 -35.5428 0
    endloop
  endfacet
  facet normal 0 0 -1
    outer loop
      vertex 2.51802 -38.4176 0
      vertex 0.465874 -36.0087 0
      vertex 0.9 -35.8288 0
    endloop
  endfacet
  facet normal 0 0 -1
    outer loop
      vertex 0 -38.5 0
      vertex 0.465874 -36.0087 0
      vertex 2.51802 -38.4176 0
    endloop
  endfacet
  facet normal 0 0 -1
    outer loop
      vertex 0 -38.5 0
      vertex 0 -36.07 0
      vertex 0.465874 -36.0087 0
    endloop
  endfacet
  facet normal 0 0 -1
    outer loop
      vertex 0 -38.5 0
      vertex -0.465874 -36.0087 0
      vertex 0 -36.07 0
    endloop
  endfacet
  facet normal 0 0 -1
    outer loop
      vertex -2.51802 -38.4176 0
      vertex -0.465874 -36.0087 0
      vertex 0 -38.5 0
    endloop
  endfacet
  facet normal -0 0 -1
    outer loop
      vertex -0.465874 -36.0087 0
      vertex -2.51802 -38.4176 0
      vertex -0.9 -35.8288 0
    endloop
  endfacet
  facet normal -0 0 -1
    outer loop
      vertex -0.9 -35.8288 0
      vertex -2.51802 -38.4176 0
      vertex -1.27279 -35.5428 0
    endloop
  endfacet
  facet normal -0 0 -1
    outer loop
      vertex -1.55885 -35.17 0
      vertex -5.02526 -38.1706 0
      vertex -1.73867 -34.7359 0
    endloop
  endfacet
  facet normal 0 0 -1
    outer loop
      vertex -5.02526 -38.1706 0
      vertex -1.55885 -35.17 0
      vertex -2.51802 -38.4176 0
    endloop
  endfacet
  facet normal -0 0 -1
    outer loop
      vertex -1.27279 -35.5428 0
      vertex -2.51802 -38.4176 0
      vertex -1.55885 -35.17 0
    endloop
  endfacet
  facet normal 0 0 -1
    outer loop
      vertex 20.5646 5.51026 0
      vertex 29.6787 15.335 0
      vertex 20.879 4.16188 0
    endloop
  endfacet
  facet normal -0 0 -1
    outer loop
      vertex 29.6787 15.335 0
      vertex 20.5646 5.51026 0
      vertex 29.2128 15.3963 0
    endloop
  endfacet
  facet normal 0 0 -1
    outer loop
      vertex 20.5621 5.51852 0
      vertex 29.2128 15.3963 0
      vertex 20.5646 5.51026 0
    endloop
  endfacet
  facet normal 0 0 -1
    outer loop
      vertex 20.1601 6.84345 0
      vertex 29.2128 15.3963 0
      vertex 20.5621 5.51852 0
    endloop
  endfacet
  facet normal -0 0 -1
    outer loop
      vertex 29.2128 15.3963 0
      vertex 20.1601 6.84345 0
      vertex 28.7787 15.5762 0
    endloop
  endfacet
  facet normal 0 0 -1
    outer loop
      vertex 19.6724 8.13925 0
      vertex 28.7787 15.5762 0
      vertex 20.1601 6.84345 0
    endloop
  endfacet
  facet normal 0 0 -1
    outer loop
      vertex 19.6694 8.14733 0
      vertex 28.7787 15.5762 0
      vertex 19.6724 8.13925 0
    endloop
  endfacet
  facet normal -0 0 -1
    outer loop
      vertex 28.7787 15.5762 0
      vertex 19.6694 8.14733 0
      vertex 28.4059 15.8622 0
    endloop
  endfacet
  facet normal 0 0 -1
    outer loop
      vertex 19.098 9.40846 0
      vertex 28.4059 15.8622 0
      vertex 19.6694 8.14733 0
    endloop
  endfacet
  facet normal 0 0 -1
    outer loop
      vertex 19.0944 9.41633 0
      vertex 28.4059 15.8622 0
      vertex 19.098 9.40846 0
    endloop
  endfacet
  facet normal 0 0 -1
    outer loop
      vertex 19.0903 9.42394 0
      vertex 28.4059 15.8622 0
      vertex 19.0944 9.41633 0
    endloop
  endfacet
  facet normal -0 0 -1
    outer loop
      vertex 28.4059 15.8622 0
      vertex 19.0903 9.42394 0
      vertex 28.1198 16.235 0
    endloop
  endfacet
  facet normal 0 0 -1
    outer loop
      vertex 18.4377 10.645 0
      vertex 28.1198 16.235 0
      vertex 19.0903 9.42394 0
    endloop
  endfacet
  facet normal 0 0 -1
    outer loop
      vertex 17.7065 11.8208 0
      vertex 28.1198 16.235 0
      vertex 18.4377 10.645 0
    endloop
  endfacet
  facet normal -0 0 -1
    outer loop
      vertex 28.1198 16.235 0
      vertex 17.7065 11.8208 0
      vertex 27.94 16.6691 0
    endloop
  endfacet
  facet normal 0 0 -1
    outer loop
      vertex 17.702 11.8281 0
      vertex 27.94 16.6691 0
      vertex 17.7065 11.8208 0
    endloop
  endfacet
  facet normal 0 0 -1
    outer loop
      vertex 17.697 11.8351 0
      vertex 27.94 16.6691 0
      vertex 17.702 11.8281 0
    endloop
  endfacet
  facet normal 0 0 -1
    outer loop
      vertex 16.8905 12.9605 0
      vertex 27.94 16.6691 0
      vertex 17.697 11.8351 0
    endloop
  endfacet
  facet normal -0 0 -1
    outer loop
      vertex 27.94 16.6691 0
      vertex 16.8905 12.9605 0
      vertex 27.8787 17.135 0
    endloop
  endfacet
  facet normal 0 0 -1
    outer loop
      vertex 16.885 12.9672 0
      vertex 27.8787 17.135 0
      vertex 16.8905 12.9605 0
    endloop
  endfacet
  facet normal 0 0 -1
    outer loop
      vertex 16.0067 14.0375 0
      vertex 27.8787 17.135 0
      vertex 16.885 12.9672 0
    endloop
  endfacet
  facet normal 0 0 -1
    outer loop
      vertex 15.0602 15.048 0
      vertex 27.8787 17.135 0
      vertex 16.0067 14.0375 0
    endloop
  endfacet
  facet normal 0 0 -1
    outer loop
      vertex 15.0543 15.0543 0
      vertex 27.8787 17.135 0
      vertex 15.0602 15.048 0
    endloop
  endfacet
  facet normal 0 0 -1
    outer loop
      vertex 15.048 15.0602 0
      vertex 27.8787 17.135 0
      vertex 15.0543 15.0543 0
    endloop
  endfacet
  facet normal 0 0 -1
    outer loop
      vertex 14.0375 16.0067 0
      vertex 27.8787 17.135 0
      vertex 15.048 15.0602 0
    endloop
  endfacet
  facet normal -0 0 -1
    outer loop
      vertex 27.8787 17.135 0
      vertex 14.0375 16.0067 0
      vertex 21.3895 32.0116 0
    endloop
  endfacet
  facet normal 0 0 -1
    outer loop
      vertex 12.9672 16.885 0
      vertex 21.3895 32.0116 0
      vertex 14.0375 16.0067 0
    endloop
  endfacet
  facet normal 0 0 -1
    outer loop
      vertex 12.9605 16.8905 0
      vertex 21.3895 32.0116 0
      vertex 12.9672 16.885 0
    endloop
  endfacet
  facet normal 0 0 -1
    outer loop
      vertex 11.8351 17.697 0
      vertex 21.3895 32.0116 0
      vertex 12.9605 16.8905 0
    endloop
  endfacet
  facet normal 0 0 -1
    outer loop
      vertex 11.8281 17.702 0
      vertex 21.3895 32.0116 0
      vertex 11.8351 17.697 0
    endloop
  endfacet
  facet normal 0 0 -1
    outer loop
      vertex 11.8208 17.7065 0
      vertex 21.3895 32.0116 0
      vertex 11.8281 17.702 0
    endloop
  endfacet
  facet normal -0 0 -1
    outer loop
      vertex 21.3895 32.0116 0
      vertex 11.8208 17.7065 0
      vertex 19.25 33.342 0
    endloop
  endfacet
  facet normal 0 0 -1
    outer loop
      vertex 10.645 18.4377 0
      vertex 19.25 33.342 0
      vertex 11.8208 17.7065 0
    endloop
  endfacet
  facet normal -0 0 -1
    outer loop
      vertex 19.25 33.342 0
      vertex 10.645 18.4377 0
      vertex 17.0281 34.5296 0
    endloop
  endfacet
  facet normal 0 0 -1
    outer loop
      vertex 9.42394 19.0903 0
      vertex 17.0281 34.5296 0
      vertex 10.645 18.4377 0
    endloop
  endfacet
  facet normal 0 0 -1
    outer loop
      vertex 9.41633 19.0944 0
      vertex 17.0281 34.5296 0
      vertex 9.42394 19.0903 0
    endloop
  endfacet
  facet normal 0 0 -1
    outer loop
      vertex 9.40846 19.098 0
      vertex 17.0281 34.5296 0
      vertex 9.41633 19.0944 0
    endloop
  endfacet
  facet normal -0 0 -1
    outer loop
      vertex 17.0281 34.5296 0
      vertex 9.40846 19.098 0
      vertex 14.7333 35.5694 0
    endloop
  endfacet
  facet normal 0 0 -1
    outer loop
      vertex 8.14733 19.6694 0
      vertex 14.7333 35.5694 0
      vertex 9.40846 19.098 0
    endloop
  endfacet
  facet normal 0 0 -1
    outer loop
      vertex 8.13925 19.6724 0
      vertex 14.7333 35.5694 0
      vertex 8.14733 19.6694 0
    endloop
  endfacet
  facet normal -0 0 -1
    outer loop
      vertex 14.7333 35.5694 0
      vertex 8.13925 19.6724 0
      vertex 12.3754 36.4568 0
    endloop
  endfacet
  facet normal 0 0 -1
    outer loop
      vertex 6.84345 20.1601 0
      vertex 12.3754 36.4568 0
      vertex 8.13925 19.6724 0
    endloop
  endfacet
  facet normal -0 0 -1
    outer loop
      vertex 12.3754 36.4568 0
      vertex 6.84345 20.1601 0
      vertex 9.96453 37.1881 0
    endloop
  endfacet
  facet normal 0 0 -1
    outer loop
      vertex 5.51852 20.5621 0
      vertex 9.96453 37.1881 0
      vertex 6.84345 20.1601 0
    endloop
  endfacet
  facet normal 0 0 -1
    outer loop
      vertex 5.51026 20.5646 0
      vertex 9.96453 37.1881 0
      vertex 5.51852 20.5621 0
    endloop
  endfacet
  facet normal -0 0 -1
    outer loop
      vertex 9.96453 37.1881 0
      vertex 5.51026 20.5646 0
      vertex 7.51098 37.7602 0
    endloop
  endfacet
  facet normal 0 0 -1
    outer loop
      vertex 4.16188 20.879 0
      vertex 7.51098 37.7602 0
      vertex 5.51026 20.5646 0
    endloop
  endfacet
  facet normal 0 0 -1
    outer loop
      vertex 4.15347 20.8809 0
      vertex 7.51098 37.7602 0
      vertex 4.16188 20.879 0
    endloop
  endfacet
  facet normal -0 0 -1
    outer loop
      vertex 7.51098 37.7602 0
      vertex 4.15347 20.8809 0
      vertex 5.02526 38.1706 0
    endloop
  endfacet
  facet normal 0 0 -1
    outer loop
      vertex 2.78742 21.1065 0
      vertex 5.02526 38.1706 0
      vertex 4.15347 20.8809 0
    endloop
  endfacet
  facet normal 0 0 -1
    outer loop
      vertex 2.7789 21.1079 0
      vertex 5.02526 38.1706 0
      vertex 2.78742 21.1065 0
    endloop
  endfacet
  facet normal 0 0 -1
    outer loop
      vertex 2.77031 21.1087 0
      vertex 5.02526 38.1706 0
      vertex 2.7789 21.1079 0
    endloop
  endfacet
  facet normal 0 0 -1
    outer loop
      vertex 2.77031 21.1087 0
      vertex 2.51802 38.4176 0
      vertex 5.02526 38.1706 0
    endloop
  endfacet
  facet normal 0 0 -1
    outer loop
      vertex 1.39243 21.2444 0
      vertex 2.51802 38.4176 0
      vertex 2.77031 21.1087 0
    endloop
  endfacet
  facet normal 0 0 -1
    outer loop
      vertex 0.00863259 21.2897 0
      vertex 2.51802 38.4176 0
      vertex 1.39243 21.2444 0
    endloop
  endfacet
  facet normal 0 0 -1
    outer loop
      vertex 0 38.5 0
      vertex 0.00863259 21.2897 0
      vertex 0 21.29 0
    endloop
  endfacet
  facet normal 0 0 -1
    outer loop
      vertex 0.00863259 21.2897 0
      vertex 0 38.5 0
      vertex 2.51802 38.4176 0
    endloop
  endfacet
  facet normal 0 0 -1
    outer loop
      vertex -0.00863259 21.2897 0
      vertex 0 38.5 0
      vertex 0 21.29 0
    endloop
  endfacet
  facet normal 0 0 -1
    outer loop
      vertex -1.39243 21.2444 0
      vertex 0 38.5 0
      vertex -0.00863259 21.2897 0
    endloop
  endfacet
  facet normal 0 0 -1
    outer loop
      vertex -1.39243 21.2444 0
      vertex -2.51802 38.4176 0
      vertex 0 38.5 0
    endloop
  endfacet
  facet normal 0 0 -1
    outer loop
      vertex -2.77031 21.1087 0
      vertex -2.51802 38.4176 0
      vertex -1.39243 21.2444 0
    endloop
  endfacet
  facet normal 0 0 -1
    outer loop
      vertex -5.02526 38.1706 0
      vertex -2.77031 21.1087 0
      vertex -2.7789 21.1079 0
    endloop
  endfacet
  facet normal 0 0 -1
    outer loop
      vertex -5.02526 38.1706 0
      vertex -2.7789 21.1079 0
      vertex -2.78742 21.1065 0
    endloop
  endfacet
  facet normal 0 0 -1
    outer loop
      vertex -5.02526 38.1706 0
      vertex -2.78742 21.1065 0
      vertex -4.15347 20.8809 0
    endloop
  endfacet
  facet normal 0 0 -1
    outer loop
      vertex -7.51098 37.7602 0
      vertex -4.15347 20.8809 0
      vertex -4.16188 20.879 0
    endloop
  endfacet
  facet normal 0 0 -1
    outer loop
      vertex -2.77031 21.1087 0
      vertex -5.02526 38.1706 0
      vertex -2.51802 38.4176 0
    endloop
  endfacet
  facet normal 0 0 -1
    outer loop
      vertex -7.51098 37.7602 0
      vertex -4.16188 20.879 0
      vertex -5.51026 20.5646 0
    endloop
  endfacet
  facet normal 0 0 -1
    outer loop
      vertex -9.96453 37.1881 0
      vertex -5.51026 20.5646 0
      vertex -5.51852 20.5621 0
    endloop
  endfacet
  facet normal 0 0 -1
    outer loop
      vertex -9.96453 37.1881 0
      vertex -5.51852 20.5621 0
      vertex -6.84345 20.1601 0
    endloop
  endfacet
  facet normal 0 0 -1
    outer loop
      vertex -4.15347 20.8809 0
      vertex -7.51098 37.7602 0
      vertex -5.02526 38.1706 0
    endloop
  endfacet
  facet normal 0 0 -1
    outer loop
      vertex -13.7901 35.9244 0
      vertex -6.84345 20.1601 0
      vertex -8.13925 19.6724 0
    endloop
  endfacet
  facet normal 0 0 -1
    outer loop
      vertex -13.7901 35.9244 0
      vertex -8.13925 19.6724 0
      vertex -8.14733 19.6694 0
    endloop
  endfacet
  facet normal 0 0 -1
    outer loop
      vertex -13.7901 35.9244 0
      vertex -8.14733 19.6694 0
      vertex -9.40846 19.098 0
    endloop
  endfacet
  facet normal 0 0 -1
    outer loop
      vertex -13.7901 35.9244 0
      vertex -9.40846 19.098 0
      vertex -9.41633 19.0944 0
    endloop
  endfacet
  facet normal 0 0 -1
    outer loop
      vertex -13.7901 35.9244 0
      vertex -9.41633 19.0944 0
      vertex -9.42394 19.0903 0
    endloop
  endfacet
  facet normal 0 0 -1
    outer loop
      vertex -5.51026 20.5646 0
      vertex -9.96453 37.1881 0
      vertex -7.51098 37.7602 0
    endloop
  endfacet
  facet normal 0 0 -1
    outer loop
      vertex -13.7901 35.9244 0
      vertex -9.42394 19.0903 0
      vertex -10.645 18.4377 0
    endloop
  endfacet
  facet normal 0 0 -1
    outer loop
      vertex -24.2164 29.9047 0
      vertex -10.645 18.4377 0
      vertex -11.8208 17.7065 0
    endloop
  endfacet
  facet normal 0 0 -1
    outer loop
      vertex -24.2164 29.9047 0
      vertex -11.8208 17.7065 0
      vertex -11.8281 17.702 0
    endloop
  endfacet
  facet normal 0 0 -1
    outer loop
      vertex -24.2164 29.9047 0
      vertex -11.8281 17.702 0
      vertex -11.8351 17.697 0
    endloop
  endfacet
  facet normal 0 0 -1
    outer loop
      vertex -6.84345 20.1601 0
      vertex -12.3754 36.4568 0
      vertex -9.96453 37.1881 0
    endloop
  endfacet
  facet normal 0 0 -1
    outer loop
      vertex -24.2164 29.9047 0
      vertex -11.8351 17.697 0
      vertex -12.9605 16.8905 0
    endloop
  endfacet
  facet normal 0 0 -1
    outer loop
      vertex -24.2164 29.9047 0
      vertex -12.9605 16.8905 0
      vertex -12.9672 16.885 0
    endloop
  endfacet
  facet normal 0 0 -1
    outer loop
      vertex -6.84345 20.1601 0
      vertex -13.7901 35.9244 0
      vertex -12.3754 36.4568 0
    endloop
  endfacet
  facet normal 0 0 -1
    outer loop
      vertex -24.2164 29.9047 0
      vertex -12.9672 16.885 0
      vertex -14.0375 16.0067 0
    endloop
  endfacet
  facet normal 0 0 -1
    outer loop
      vertex -10.645 18.4377 0
      vertex -24.2164 29.9047 0
      vertex -13.7901 35.9244 0
    endloop
  endfacet
  facet normal 0 0 -1
    outer loop
      vertex -24.2164 29.9047 0
      vertex -14.0375 16.0067 0
      vertex -15.048 15.0602 0
    endloop
  endfacet
  facet normal 0 0 -1
    outer loop
      vertex -24.2164 29.9047 0
      vertex -15.048 15.0602 0
      vertex -15.0543 15.0543 0
    endloop
  endfacet
  facet normal 0 0 -1
    outer loop
      vertex -24.2164 29.9047 0
      vertex -15.0543 15.0543 0
      vertex -15.0602 15.048 0
    endloop
  endfacet
  facet normal 0 0 -1
    outer loop
      vertex -13.7901 35.9244 0
      vertex -15.69 37.8791 0
      vertex -14.6887 38.2653 0
    endloop
  endfacet
  facet normal 0 0 -1
    outer loop
      vertex -24.2164 29.9047 0
      vertex -15.0602 15.048 0
      vertex -16.0067 14.0375 0
    endloop
  endfacet
  facet normal 0 0 -1
    outer loop
      vertex -24.2164 29.9047 0
      vertex -16.0067 14.0375 0
      vertex -16.885 12.9672 0
    endloop
  endfacet
  facet normal 0 0 -1
    outer loop
      vertex -24.2164 29.9047 0
      vertex -16.885 12.9672 0
      vertex -16.8905 12.9605 0
    endloop
  endfacet
  facet normal 0 0 -1
    outer loop
      vertex -13.7901 35.9244 0
      vertex -17.5298 37.0636 0
      vertex -15.69 37.8791 0
    endloop
  endfacet
  facet normal 0 0 -1
    outer loop
      vertex -24.2164 29.9047 0
      vertex -16.8905 12.9605 0
      vertex -17.697 11.8351 0
    endloop
  endfacet
  facet normal 0 0 -1
    outer loop
      vertex -24.2164 29.9047 0
      vertex -17.697 11.8351 0
      vertex -17.702 11.8281 0
    endloop
  endfacet
  facet normal 0 0 -1
    outer loop
      vertex -24.2164 29.9047 0
      vertex -17.702 11.8281 0
      vertex -17.7065 11.8208 0
    endloop
  endfacet
  facet normal 0 0 -1
    outer loop
      vertex -24.2164 29.9047 0
      vertex -17.7065 11.8208 0
      vertex -18.4377 10.645 0
    endloop
  endfacet
  facet normal 0 0 -1
    outer loop
      vertex -24.2164 29.9047 0
      vertex -18.4377 10.645 0
      vertex -19.0903 9.42394 0
    endloop
  endfacet
  facet normal 0 0 -1
    outer loop
      vertex -24.2164 29.9047 0
      vertex -19.0903 9.42394 0
      vertex -19.0944 9.41633 0
    endloop
  endfacet
  facet normal 0 0 -1
    outer loop
      vertex -24.2164 29.9047 0
      vertex -19.0944 9.41633 0
      vertex -19.098 9.40846 0
    endloop
  endfacet
  facet normal 0 0 -1
    outer loop
      vertex -13.7901 35.9244 0
      vertex -19.3273 36.1588 0
      vertex -17.5298 37.0636 0
    endloop
  endfacet
  facet normal 0 0 -1
    outer loop
      vertex -24.2164 29.9047 0
      vertex -19.098 9.40846 0
      vertex -19.6694 8.14733 0
    endloop
  endfacet
  facet normal 0 0 -1
    outer loop
      vertex -24.2164 29.9047 0
      vertex -19.6694 8.14733 0
      vertex -19.6724 8.13925 0
    endloop
  endfacet
  facet normal 0 0 -1
    outer loop
      vertex -24.2164 29.9047 0
      vertex -19.6724 8.13925 0
      vertex -20.1601 6.84345 0
    endloop
  endfacet
  facet normal 0 0 -1
    outer loop
      vertex -24.2164 29.9047 0
      vertex -20.1601 6.84345 0
      vertex -20.5621 5.51852 0
    endloop
  endfacet
  facet normal 0 0 -1
    outer loop
      vertex -24.2164 29.9047 0
      vertex -20.5621 5.51852 0
      vertex -20.5646 5.51026 0
    endloop
  endfacet
  facet normal 0 0 -1
    outer loop
      vertex -24.2164 29.9047 0
      vertex -20.5646 5.51026 0
      vertex -20.879 4.16188 0
    endloop
  endfacet
  facet normal 0 0 -1
    outer loop
      vertex -24.2164 29.9047 0
      vertex -20.879 4.16188 0
      vertex -20.8809 4.15347 0
    endloop
  endfacet
  facet normal -0 0 -1
    outer loop
      vertex -13.7901 35.9244 0
      vertex -21.0782 35.1669 0
      vertex -19.3273 36.1588 0
    endloop
  endfacet
  facet normal 0 0 -1
    outer loop
      vertex -24.2164 29.9047 0
      vertex -20.8809 4.15347 0
      vertex -21.1065 2.78742 0
    endloop
  endfacet
  facet normal 0 0 -1
    outer loop
      vertex -24.2164 29.9047 0
      vertex -21.1065 2.78742 0
      vertex -21.1079 2.7789 0
    endloop
  endfacet
  facet normal 0 0 -1
    outer loop
      vertex -24.2164 29.9047 0
      vertex -21.1079 2.7789 0
      vertex -21.1087 2.77031 0
    endloop
  endfacet
  facet normal 0 0 -1
    outer loop
      vertex -24.2164 29.9047 0
      vertex -21.1087 2.77031 0
      vertex -21.2444 1.39243 0
    endloop
  endfacet
  facet normal 0 0 -1
    outer loop
      vertex -24.2164 29.9047 0
      vertex -21.2444 1.39243 0
      vertex -21.2897 0.00863259 0
    endloop
  endfacet
  facet normal 0 0 -1
    outer loop
      vertex -24.2164 29.9047 0
      vertex -21.2897 0.00863259 0
      vertex -21.29 0 0
    endloop
  endfacet
  facet normal -0 0 -1
    outer loop
      vertex -20.1601 -6.84345 0
      vertex -36.4568 -12.3754 0
      vertex -20.5621 -5.51852 0
    endloop
  endfacet
  facet normal 0 0 -1
    outer loop
      vertex -37.1881 -9.96453 0
      vertex -20.5621 -5.51852 0
      vertex -36.4568 -12.3754 0
    endloop
  endfacet
  facet normal 0 0 -1
    outer loop
      vertex -13.7901 35.9244 0
      vertex -24.2164 29.9047 0
      vertex -21.0782 35.1669 0
    endloop
  endfacet
  facet normal 0 0 -1
    outer loop
      vertex -24.4237 -32.9315 0
      vertex -24.2164 -29.9047 0
      vertex -22.7784 -34.0903 0
    endloop
  endfacet
  facet normal 0 0 -1
    outer loop
      vertex -24.2164 -29.9047 0
      vertex -24.4237 -32.9315 0
      vertex -25.7985 -31.8585 0
    endloop
  endfacet
  facet normal 0 0 -1
    outer loop
      vertex 21.2897 -0.00863259 0
      vertex 41 0 0
      vertex 40.9506 -2.01177 0
    endloop
  endfacet
  facet normal 0 0 -1
    outer loop
      vertex 37.4933 -8.65599 0
      vertex 40.9506 -2.01177 0
      vertex 40.8026 -4.0187 0
    endloop
  endfacet
  facet normal -0 0 -1
    outer loop
      vertex 41 0 0
      vertex 21.2897 -0.00863259 0
      vertex 21.29 0 0
    endloop
  endfacet
  facet normal 0 0 -1
    outer loop
      vertex 37.4933 -8.65599 0
      vertex 40.8026 -4.0187 0
      vertex 40.5562 -6.01595 0
    endloop
  endfacet
  facet normal -0 0 -1
    outer loop
      vertex 40.9506 -2.01177 0
      vertex 37.4933 -8.65599 0
      vertex 21.2897 -0.00863259 0
    endloop
  endfacet
  facet normal 0 0 -1
    outer loop
      vertex 37.4933 -8.65599 0
      vertex 40.5562 -6.01595 0
      vertex 40.2122 -7.9987 0
    endloop
  endfacet
  facet normal 0 0 -1
    outer loop
      vertex 41 0 0
      vertex 21.2897 0.00863259 0
      vertex 40.9506 2.01177 0
    endloop
  endfacet
  facet normal 0 0 -1
    outer loop
      vertex 37.4933 -8.65599 0
      vertex 40.2122 -7.9987 0
      vertex 39.9379 -9.22037 0
    endloop
  endfacet
  facet normal 0 0 -1
    outer loop
      vertex 40.8026 4.0187 0
      vertex 37.4933 8.65599 0
      vertex 40.5562 6.01595 0
    endloop
  endfacet
  facet normal 0 0 -1
    outer loop
      vertex 40.5562 6.01595 0
      vertex 37.4933 8.65599 0
      vertex 40.2122 7.9987 0
    endloop
  endfacet
  facet normal 0 0 -1
    outer loop
      vertex 40.2122 7.9987 0
      vertex 37.4933 8.65599 0
      vertex 39.9379 9.22037 0
    endloop
  endfacet
  facet normal 0 0 -1
    outer loop
      vertex 20.5646 -5.51026 0
      vertex 37.4933 -8.65599 0
      vertex 37.1881 -9.96453 0
    endloop
  endfacet
  facet normal 0 0 -1
    outer loop
      vertex 21.2897 0.00863259 0
      vertex 41 0 0
      vertex 21.29 0 0
    endloop
  endfacet
  facet normal 0 0 -1
    outer loop
      vertex 20.5621 -5.51852 0
      vertex 37.1881 -9.96453 0
      vertex 36.4568 -12.3754 0
    endloop
  endfacet
  facet normal 0 0 -1
    outer loop
      vertex 40.9506 2.01177 0
      vertex 37.4933 8.65599 0
      vertex 40.8026 4.0187 0
    endloop
  endfacet
  facet normal 0 0 -1
    outer loop
      vertex 20.1601 -6.84345 0
      vertex 36.4568 -12.3754 0
      vertex 35.5694 -14.7333 0
    endloop
  endfacet
  facet normal -0 0 -1
    outer loop
      vertex 40.9506 2.01177 0
      vertex 21.2897 0.00863259 0
      vertex 37.4933 8.65599 0
    endloop
  endfacet
  facet normal 0 0 -1
    outer loop
      vertex 19.6694 -8.14733 0
      vertex 35.5694 -14.7333 0
      vertex 34.5296 -17.0281 0
    endloop
  endfacet
  facet normal 0 0 -1
    outer loop
      vertex 37.4933 8.65599 0
      vertex 29.6787 15.335 0
      vertex 37.1881 9.96453 0
    endloop
  endfacet
  facet normal 0 0 -1
    outer loop
      vertex 19.0903 -9.42394 0
      vertex 34.5296 -17.0281 0
      vertex 33.342 -19.25 0
    endloop
  endfacet
  facet normal 0 -0 -1
    outer loop
      vertex 30.1446 15.3963 0
      vertex 37.1881 9.96453 0
      vertex 29.6787 15.335 0
    endloop
  endfacet
  facet normal 0 0 -1
    outer loop
      vertex 18.4377 -10.645 0
      vertex 33.342 -19.25 0
      vertex 32.0116 -21.3895 0
    endloop
  endfacet
  facet normal 0 -0 -1
    outer loop
      vertex 31.4174 16.6691 0
      vertex 34.5296 17.0281 0
      vertex 31.2375 16.235 0
    endloop
  endfacet
  facet normal 0 0 -1
    outer loop
      vertex 34.5296 17.0281 0
      vertex 31.4174 17.6009 0
      vertex 33.342 19.25 0
    endloop
  endfacet
  facet normal 0 0 -1
    outer loop
      vertex 31.4174 17.6009 0
      vertex 34.5296 17.0281 0
      vertex 31.4787 17.135 0
    endloop
  endfacet
  facet normal 0 -0 -1
    outer loop
      vertex 31.4787 17.135 0
      vertex 34.5296 17.0281 0
      vertex 31.4174 16.6691 0
    endloop
  endfacet
  facet normal 0 0 -1
    outer loop
      vertex 35.5694 14.7333 0
      vertex 31.2375 16.235 0
      vertex 34.5296 17.0281 0
    endloop
  endfacet
  facet normal 0 -0 -1
    outer loop
      vertex 31.2375 16.235 0
      vertex 35.5694 14.7333 0
      vertex 30.9515 15.8622 0
    endloop
  endfacet
  facet normal 0 0 -1
    outer loop
      vertex 17.697 -11.8351 0
      vertex 32.0116 -21.3895 0
      vertex 30.5441 -23.4373 0
    endloop
  endfacet
  facet normal 0 0 -1
    outer loop
      vertex 37.4933 -8.65599 0
      vertex 21.2444 -1.39243 0
      vertex 21.2897 -0.00863259 0
    endloop
  endfacet
  facet normal 0 -0 -1
    outer loop
      vertex 30.5787 15.5762 0
      vertex 36.4568 12.3754 0
      vertex 30.1446 15.3963 0
    endloop
  endfacet
  facet normal 0 -0 -1
    outer loop
      vertex 30.9515 15.8622 0
      vertex 35.5694 14.7333 0
      vertex 30.5787 15.5762 0
    endloop
  endfacet
  facet normal 0 0 -1
    outer loop
      vertex 16.885 -12.9672 0
      vertex 30.5441 -23.4373 0
      vertex 28.9458 -25.3848 0
    endloop
  endfacet
  facet normal 0 0 -1
    outer loop
      vertex 36.4568 12.3754 0
      vertex 30.5787 15.5762 0
      vertex 35.5694 14.7333 0
    endloop
  endfacet
  facet normal 0 0 -1
    outer loop
      vertex 37.1881 9.96453 0
      vertex 30.1446 15.3963 0
      vertex 36.4568 12.3754 0
    endloop
  endfacet
  facet normal 0 0 -1
    outer loop
      vertex 21.2444 1.39243 0
      vertex 37.4933 8.65599 0
      vertex 21.2897 0.00863259 0
    endloop
  endfacet
  facet normal 0 0 -1
    outer loop
      vertex 21.1087 2.77031 0
      vertex 37.4933 8.65599 0
      vertex 21.2444 1.39243 0
    endloop
  endfacet
  facet normal 0 0 -1
    outer loop
      vertex 21.1079 2.7789 0
      vertex 37.4933 8.65599 0
      vertex 21.1087 2.77031 0
    endloop
  endfacet
  facet normal 0 0 -1
    outer loop
      vertex 16.0067 -14.0375 0
      vertex 28.9458 -25.3848 0
      vertex 27.2236 -27.2236 0
    endloop
  endfacet
  facet normal 0 0 -1
    outer loop
      vertex 31.2375 18.035 0
      vertex 33.342 19.25 0
      vertex 31.4174 17.6009 0
    endloop
  endfacet
  facet normal 0 0 -1
    outer loop
      vertex 30.9515 18.4078 0
      vertex 33.342 19.25 0
      vertex 31.2375 18.035 0
    endloop
  endfacet
  facet normal -0 0 -1
    outer loop
      vertex 33.342 19.25 0
      vertex 30.9515 18.4078 0
      vertex 32.0116 21.3895 0
    endloop
  endfacet
  facet normal 0 0 -1
    outer loop
      vertex 30.5787 18.6938 0
      vertex 32.0116 21.3895 0
      vertex 30.9515 18.4078 0
    endloop
  endfacet
  facet normal 0 0 -1
    outer loop
      vertex 30.1446 18.8737 0
      vertex 32.0116 21.3895 0
      vertex 30.5787 18.6938 0
    endloop
  endfacet
  facet normal 0 0 -1
    outer loop
      vertex 29.6787 18.935 0
      vertex 32.0116 21.3895 0
      vertex 30.1446 18.8737 0
    endloop
  endfacet
  facet normal -0 0 -1
    outer loop
      vertex 32.0116 21.3895 0
      vertex 29.6787 18.935 0
      vertex 30.5441 23.4373 0
    endloop
  endfacet
  facet normal 0 0 -1
    outer loop
      vertex 29.2128 18.8737 0
      vertex 30.5441 23.4373 0
      vertex 29.6787 18.935 0
    endloop
  endfacet
  facet normal 0 0 -1
    outer loop
      vertex 28.7787 18.6938 0
      vertex 30.5441 23.4373 0
      vertex 29.2128 18.8737 0
    endloop
  endfacet
  facet normal -0 0 -1
    outer loop
      vertex 30.5441 23.4373 0
      vertex 28.7787 18.6938 0
      vertex 28.9458 25.3848 0
    endloop
  endfacet
  facet normal 0 0 -1
    outer loop
      vertex 28.4059 18.4078 0
      vertex 28.9458 25.3848 0
      vertex 28.7787 18.6938 0
    endloop
  endfacet
  facet normal 0 0 -1
    outer loop
      vertex 27.2236 27.2236 0
      vertex 28.4059 18.4078 0
      vertex 28.1198 18.035 0
    endloop
  endfacet
  facet normal 0 0 -1
    outer loop
      vertex 25.3848 28.9458 0
      vertex 28.1198 18.035 0
      vertex 27.94 17.6009 0
    endloop
  endfacet
  facet normal 0 0 -1
    outer loop
      vertex 21.3895 32.0116 0
      vertex 27.94 17.6009 0
      vertex 27.8787 17.135 0
    endloop
  endfacet
  facet normal 0 0 -1
    outer loop
      vertex 28.4059 18.4078 0
      vertex 27.2236 27.2236 0
      vertex 28.9458 25.3848 0
    endloop
  endfacet
  facet normal 0 0 -1
    outer loop
      vertex 21.1065 2.78742 0
      vertex 37.4933 8.65599 0
      vertex 21.1079 2.7789 0
    endloop
  endfacet
  facet normal 0 0 -1
    outer loop
      vertex 15.048 -15.0602 0
      vertex 27.2236 -27.2236 0
      vertex 25.3848 -28.9458 0
    endloop
  endfacet
  facet normal -0 0 -1
    outer loop
      vertex 37.4933 8.65599 0
      vertex 20.879 4.16188 0
      vertex 29.6787 15.335 0
    endloop
  endfacet
  facet normal 0 0 -1
    outer loop
      vertex 14.0375 -16.0067 0
      vertex 25.3848 -28.9458 0
      vertex 23.4373 -30.5441 0
    endloop
  endfacet
  facet normal 0 0 -1
    outer loop
      vertex 28.1198 18.035 0
      vertex 25.3848 28.9458 0
      vertex 27.2236 27.2236 0
    endloop
  endfacet
  facet normal 0 0 -1
    outer loop
      vertex 12.9605 -16.8905 0
      vertex 23.4373 -30.5441 0
      vertex 21.3895 -32.0116 0
    endloop
  endfacet
  facet normal 0 0 -1
    outer loop
      vertex 27.94 17.6009 0
      vertex 23.4373 30.5441 0
      vertex 25.3848 28.9458 0
    endloop
  endfacet
  facet normal 0 0 -1
    outer loop
      vertex 27.94 17.6009 0
      vertex 21.3895 32.0116 0
      vertex 23.4373 30.5441 0
    endloop
  endfacet
  facet normal 0 0 -1
    outer loop
      vertex 20.879 4.16188 0
      vertex 37.4933 8.65599 0
      vertex 20.8809 4.15347 0
    endloop
  endfacet
  facet normal 0 0 -1
    outer loop
      vertex 20.8809 4.15347 0
      vertex 37.4933 8.65599 0
      vertex 21.1065 2.78742 0
    endloop
  endfacet
  facet normal 0 0 -1
    outer loop
      vertex 37.4933 -8.65599 0
      vertex 21.1087 -2.77031 0
      vertex 21.2444 -1.39243 0
    endloop
  endfacet
  facet normal 0 0 -1
    outer loop
      vertex 37.4933 -8.65599 0
      vertex 21.1079 -2.7789 0
      vertex 21.1087 -2.77031 0
    endloop
  endfacet
  facet normal 0 0 -1
    outer loop
      vertex 37.4933 -8.65599 0
      vertex 21.1065 -2.78742 0
      vertex 21.1079 -2.7789 0
    endloop
  endfacet
  facet normal 0 0 -1
    outer loop
      vertex 37.4933 -8.65599 0
      vertex 20.8809 -4.15347 0
      vertex 21.1065 -2.78742 0
    endloop
  endfacet
  facet normal 0 0 -1
    outer loop
      vertex 37.4933 -8.65599 0
      vertex 20.879 -4.16188 0
      vertex 20.8809 -4.15347 0
    endloop
  endfacet
  facet normal 0 0 -1
    outer loop
      vertex 37.4933 -8.65599 0
      vertex 20.5646 -5.51026 0
      vertex 20.879 -4.16188 0
    endloop
  endfacet
  facet normal 0 0 -1
    outer loop
      vertex 37.1881 -9.96453 0
      vertex 20.5621 -5.51852 0
      vertex 20.5646 -5.51026 0
    endloop
  endfacet
  facet normal 0 0 -1
    outer loop
      vertex 36.4568 -12.3754 0
      vertex 20.1601 -6.84345 0
      vertex 20.5621 -5.51852 0
    endloop
  endfacet
  facet normal 0 0 -1
    outer loop
      vertex 35.5694 -14.7333 0
      vertex 19.6724 -8.13925 0
      vertex 20.1601 -6.84345 0
    endloop
  endfacet
  facet normal 0 0 -1
    outer loop
      vertex 35.5694 -14.7333 0
      vertex 19.6694 -8.14733 0
      vertex 19.6724 -8.13925 0
    endloop
  endfacet
  facet normal 0 0 -1
    outer loop
      vertex 11.8208 -17.7065 0
      vertex 21.3895 -32.0116 0
      vertex 19.25 -33.342 0
    endloop
  endfacet
  facet normal 0 0 -1
    outer loop
      vertex 34.5296 -17.0281 0
      vertex 19.098 -9.40846 0
      vertex 19.6694 -8.14733 0
    endloop
  endfacet
  facet normal 0 0 -1
    outer loop
      vertex 34.5296 -17.0281 0
      vertex 19.0944 -9.41633 0
      vertex 19.098 -9.40846 0
    endloop
  endfacet
  facet normal 0 0 -1
    outer loop
      vertex 34.5296 -17.0281 0
      vertex 19.0903 -9.42394 0
      vertex 19.0944 -9.41633 0
    endloop
  endfacet
  facet normal 0 0 -1
    outer loop
      vertex 33.342 -19.25 0
      vertex 18.4377 -10.645 0
      vertex 19.0903 -9.42394 0
    endloop
  endfacet
  facet normal 0 0 -1
    outer loop
      vertex 32.0116 -21.3895 0
      vertex 17.7065 -11.8208 0
      vertex 18.4377 -10.645 0
    endloop
  endfacet
  facet normal 0 0 -1
    outer loop
      vertex 32.0116 -21.3895 0
      vertex 17.702 -11.8281 0
      vertex 17.7065 -11.8208 0
    endloop
  endfacet
  facet normal 0 0 -1
    outer loop
      vertex 32.0116 -21.3895 0
      vertex 17.697 -11.8351 0
      vertex 17.702 -11.8281 0
    endloop
  endfacet
  facet normal 0 0 -1
    outer loop
      vertex 10.645 -18.4377 0
      vertex 19.25 -33.342 0
      vertex 17.0281 -34.5296 0
    endloop
  endfacet
  facet normal 0 0 -1
    outer loop
      vertex 30.5441 -23.4373 0
      vertex 16.8905 -12.9605 0
      vertex 17.697 -11.8351 0
    endloop
  endfacet
  facet normal 0 0 -1
    outer loop
      vertex 30.5441 -23.4373 0
      vertex 16.885 -12.9672 0
      vertex 16.8905 -12.9605 0
    endloop
  endfacet
  facet normal 0 0 -1
    outer loop
      vertex 28.9458 -25.3848 0
      vertex 16.0067 -14.0375 0
      vertex 16.885 -12.9672 0
    endloop
  endfacet
  facet normal 0 0 -1
    outer loop
      vertex 27.2236 -27.2236 0
      vertex 15.0602 -15.048 0
      vertex 16.0067 -14.0375 0
    endloop
  endfacet
  facet normal 0 0 -1
    outer loop
      vertex 27.2236 -27.2236 0
      vertex 15.0543 -15.0543 0
      vertex 15.0602 -15.048 0
    endloop
  endfacet
  facet normal 0 0 -1
    outer loop
      vertex 27.2236 -27.2236 0
      vertex 15.048 -15.0602 0
      vertex 15.0543 -15.0543 0
    endloop
  endfacet
  facet normal 0 0 -1
    outer loop
      vertex 9.40846 -19.098 0
      vertex 17.0281 -34.5296 0
      vertex 14.7333 -35.5694 0
    endloop
  endfacet
  facet normal 0 0 -1
    outer loop
      vertex 25.3848 -28.9458 0
      vertex 14.0375 -16.0067 0
      vertex 15.048 -15.0602 0
    endloop
  endfacet
  facet normal 0 0 -1
    outer loop
      vertex 23.4373 -30.5441 0
      vertex 12.9672 -16.885 0
      vertex 14.0375 -16.0067 0
    endloop
  endfacet
  facet normal 0 0 -1
    outer loop
      vertex 23.4373 -30.5441 0
      vertex 12.9605 -16.8905 0
      vertex 12.9672 -16.885 0
    endloop
  endfacet
  facet normal 0 0 -1
    outer loop
      vertex 8.13925 -19.6724 0
      vertex 14.7333 -35.5694 0
      vertex 12.3754 -36.4568 0
    endloop
  endfacet
  facet normal 0 0 -1
    outer loop
      vertex 21.3895 -32.0116 0
      vertex 11.8351 -17.697 0
      vertex 12.9605 -16.8905 0
    endloop
  endfacet
  facet normal 0 0 -1
    outer loop
      vertex 21.3895 -32.0116 0
      vertex 11.8281 -17.702 0
      vertex 11.8351 -17.697 0
    endloop
  endfacet
  facet normal 0 0 -1
    outer loop
      vertex 21.3895 -32.0116 0
      vertex 11.8208 -17.7065 0
      vertex 11.8281 -17.702 0
    endloop
  endfacet
  facet normal 0 0 -1
    outer loop
      vertex 19.25 -33.342 0
      vertex 10.645 -18.4377 0
      vertex 11.8208 -17.7065 0
    endloop
  endfacet
  facet normal 0 0 -1
    outer loop
      vertex 1.55885 -33.37 0
      vertex 12.3754 -36.4568 0
      vertex 9.96453 -37.1881 0
    endloop
  endfacet
  facet normal 0 0 -1
    outer loop
      vertex 17.0281 -34.5296 0
      vertex 9.42394 -19.0903 0
      vertex 10.645 -18.4377 0
    endloop
  endfacet
  facet normal 0 0 -1
    outer loop
      vertex 17.0281 -34.5296 0
      vertex 9.41633 -19.0944 0
      vertex 9.42394 -19.0903 0
    endloop
  endfacet
  facet normal 0 0 -1
    outer loop
      vertex 17.0281 -34.5296 0
      vertex 9.40846 -19.098 0
      vertex 9.41633 -19.0944 0
    endloop
  endfacet
  facet normal 0 0 -1
    outer loop
      vertex 14.7333 -35.5694 0
      vertex 8.14733 -19.6694 0
      vertex 9.40846 -19.098 0
    endloop
  endfacet
  facet normal 0 0 -1
    outer loop
      vertex 14.7333 -35.5694 0
      vertex 8.13925 -19.6724 0
      vertex 8.14733 -19.6694 0
    endloop
  endfacet
  facet normal 0 0 -1
    outer loop
      vertex 1.73867 -33.8041 0
      vertex 9.96453 -37.1881 0
      vertex 7.51098 -37.7602 0
    endloop
  endfacet
  facet normal 0 0 -1
    outer loop
      vertex 12.3754 -36.4568 0
      vertex 6.84345 -20.1601 0
      vertex 8.13925 -19.6724 0
    endloop
  endfacet
  facet normal 0 0 -1
    outer loop
      vertex 12.3754 -36.4568 0
      vertex 1.55885 -33.37 0
      vertex 6.84345 -20.1601 0
    endloop
  endfacet
  facet normal 0 0 -1
    outer loop
      vertex 6.84345 -20.1601 0
      vertex 1.55885 -33.37 0
      vertex 5.51852 -20.5621 0
    endloop
  endfacet
  facet normal 0 0 -1
    outer loop
      vertex 1.8 -34.27 0
      vertex 7.51098 -37.7602 0
      vertex 5.02526 -38.1706 0
    endloop
  endfacet
  facet normal 0 0 -1
    outer loop
      vertex 9.96453 -37.1881 0
      vertex 1.73867 -33.8041 0
      vertex 1.55885 -33.37 0
    endloop
  endfacet
  facet normal 0 0 -1
    outer loop
      vertex 1.27279 -32.9972 0
      vertex 5.51026 -20.5646 0
      vertex 1.55885 -33.37 0
    endloop
  endfacet
  facet normal 0 0 -1
    outer loop
      vertex 5.51026 -20.5646 0
      vertex 1.27279 -32.9972 0
      vertex 4.16188 -20.879 0
    endloop
  endfacet
  facet normal 0 0 -1
    outer loop
      vertex 4.16188 -20.879 0
      vertex 1.27279 -32.9972 0
      vertex 4.15347 -20.8809 0
    endloop
  endfacet
  facet normal 0 0 -1
    outer loop
      vertex 0.9 -32.7112 0
      vertex 4.15347 -20.8809 0
      vertex 1.27279 -32.9972 0
    endloop
  endfacet
  facet normal 0 0 -1
    outer loop
      vertex 1.55885 -35.17 0
      vertex 5.02526 -38.1706 0
      vertex 2.51802 -38.4176 0
    endloop
  endfacet
  facet normal 0 0 -1
    outer loop
      vertex 7.51098 -37.7602 0
      vertex 1.8 -34.27 0
      vertex 1.73867 -33.8041 0
    endloop
  endfacet
  facet normal 0 0 -1
    outer loop
      vertex 5.51852 -20.5621 0
      vertex 1.55885 -33.37 0
      vertex 5.51026 -20.5646 0
    endloop
  endfacet
  facet normal 0 0 -1
    outer loop
      vertex 4.15347 -20.8809 0
      vertex 0.9 -32.7112 0
      vertex 2.78742 -21.1065 0
    endloop
  endfacet
  facet normal 0 0 -1
    outer loop
      vertex 2.78742 -21.1065 0
      vertex 0.9 -32.7112 0
      vertex 2.7789 -21.1079 0
    endloop
  endfacet
  facet normal 0 0 -1
    outer loop
      vertex 2.7789 -21.1079 0
      vertex 0.9 -32.7112 0
      vertex 2.77031 -21.1087 0
    endloop
  endfacet
  facet normal 0 0 -1
    outer loop
      vertex 0.465874 -32.5313 0
      vertex 2.77031 -21.1087 0
      vertex 0.9 -32.7112 0
    endloop
  endfacet
  facet normal 0 0 -1
    outer loop
      vertex 2.77031 -21.1087 0
      vertex 0.465874 -32.5313 0
      vertex 1.39243 -21.2444 0
    endloop
  endfacet
  facet normal 0 0 -1
    outer loop
      vertex 0 -32.47 0
      vertex 1.39243 -21.2444 0
      vertex 0.465874 -32.5313 0
    endloop
  endfacet
  facet normal 0 0 -1
    outer loop
      vertex 1.39243 -21.2444 0
      vertex 0 -32.47 0
      vertex 0.00863259 -21.2897 0
    endloop
  endfacet
  facet normal 0 0 -1
    outer loop
      vertex 0 -32.47 0
      vertex 0 -21.29 0
      vertex 0.00863259 -21.2897 0
    endloop
  endfacet
  facet normal 0 0 -1
    outer loop
      vertex 0 -32.47 0
      vertex -0.00863259 -21.2897 0
      vertex 0 -21.29 0
    endloop
  endfacet
  facet normal 0 0 -1
    outer loop
      vertex -1.39243 -21.2444 0
      vertex 0 -32.47 0
      vertex -0.465874 -32.5313 0
    endloop
  endfacet
  facet normal 0 0 -1
    outer loop
      vertex -2.77031 -21.1087 0
      vertex -0.465874 -32.5313 0
      vertex -0.9 -32.7112 0
    endloop
  endfacet
  facet normal 0 0 -1
    outer loop
      vertex -4.15347 -20.8809 0
      vertex -0.9 -32.7112 0
      vertex -1.27279 -32.9972 0
    endloop
  endfacet
  facet normal 0 0 -1
    outer loop
      vertex 0 -32.47 0
      vertex -1.39243 -21.2444 0
      vertex -0.00863259 -21.2897 0
    endloop
  endfacet
  facet normal 0 0 -1
    outer loop
      vertex -5.51026 -20.5646 0
      vertex -1.27279 -32.9972 0
      vertex -1.55885 -33.37 0
    endloop
  endfacet
  facet normal 0 0 -1
    outer loop
      vertex -9.96453 -37.1881 0
      vertex -1.55885 -33.37 0
      vertex -1.73867 -33.8041 0
    endloop
  endfacet
  facet normal 0 0 -1
    outer loop
      vertex -7.51098 -37.7602 0
      vertex -1.73867 -33.8041 0
      vertex -1.8 -34.27 0
    endloop
  endfacet
  facet normal -0 0 -1
    outer loop
      vertex -1.73867 -34.7359 0
      vertex -5.02526 -38.1706 0
      vertex -1.8 -34.27 0
    endloop
  endfacet
  facet normal 0 0 -1
    outer loop
      vertex -0.465874 -32.5313 0
      vertex -2.77031 -21.1087 0
      vertex -1.39243 -21.2444 0
    endloop
  endfacet
  facet normal 0 0 -1
    outer loop
      vertex -7.51098 -37.7602 0
      vertex -1.8 -34.27 0
      vertex -5.02526 -38.1706 0
    endloop
  endfacet
  facet normal 0 0 -1
    outer loop
      vertex -0.9 -32.7112 0
      vertex -2.7789 -21.1079 0
      vertex -2.77031 -21.1087 0
    endloop
  endfacet
  facet normal 0 0 -1
    outer loop
      vertex -0.9 -32.7112 0
      vertex -2.78742 -21.1065 0
      vertex -2.7789 -21.1079 0
    endloop
  endfacet
  facet normal 0 0 -1
    outer loop
      vertex -0.9 -32.7112 0
      vertex -4.15347 -20.8809 0
      vertex -2.78742 -21.1065 0
    endloop
  endfacet
  facet normal 0 0 -1
    outer loop
      vertex -1.73867 -33.8041 0
      vertex -7.51098 -37.7602 0
      vertex -9.96453 -37.1881 0
    endloop
  endfacet
  facet normal 0 0 -1
    outer loop
      vertex -1.27279 -32.9972 0
      vertex -4.16188 -20.879 0
      vertex -4.15347 -20.8809 0
    endloop
  endfacet
  facet normal 0 0 -1
    outer loop
      vertex -1.27279 -32.9972 0
      vertex -5.51026 -20.5646 0
      vertex -4.16188 -20.879 0
    endloop
  endfacet
  facet normal 0 0 -1
    outer loop
      vertex -12.3754 -36.4568 0
      vertex -1.55885 -33.37 0
      vertex -9.96453 -37.1881 0
    endloop
  endfacet
  facet normal 0 0 -1
    outer loop
      vertex -1.55885 -33.37 0
      vertex -5.51852 -20.5621 0
      vertex -5.51026 -20.5646 0
    endloop
  endfacet
  facet normal 0 0 -1
    outer loop
      vertex -1.55885 -33.37 0
      vertex -6.84345 -20.1601 0
      vertex -5.51852 -20.5621 0
    endloop
  endfacet
  facet normal -0 0 -1
    outer loop
      vertex -1.55885 -33.37 0
      vertex -12.3754 -36.4568 0
      vertex -6.84345 -20.1601 0
    endloop
  endfacet
  facet normal 0 0 -1
    outer loop
      vertex -13.7901 -35.9244 0
      vertex -6.84345 -20.1601 0
      vertex -12.3754 -36.4568 0
    endloop
  endfacet
  facet normal -0 0 -1
    outer loop
      vertex -6.84345 -20.1601 0
      vertex -13.7901 -35.9244 0
      vertex -8.13925 -19.6724 0
    endloop
  endfacet
  facet normal -0 0 -1
    outer loop
      vertex -8.13925 -19.6724 0
      vertex -13.7901 -35.9244 0
      vertex -8.14733 -19.6694 0
    endloop
  endfacet
  facet normal -0 0 -1
    outer loop
      vertex -8.14733 -19.6694 0
      vertex -13.7901 -35.9244 0
      vertex -9.40846 -19.098 0
    endloop
  endfacet
  facet normal -0 0 -1
    outer loop
      vertex -9.40846 -19.098 0
      vertex -13.7901 -35.9244 0
      vertex -9.41633 -19.0944 0
    endloop
  endfacet
  facet normal -0 0 -1
    outer loop
      vertex -9.41633 -19.0944 0
      vertex -13.7901 -35.9244 0
      vertex -9.42394 -19.0903 0
    endloop
  endfacet
  facet normal -0 0 -1
    outer loop
      vertex -9.42394 -19.0903 0
      vertex -13.7901 -35.9244 0
      vertex -10.645 -18.4377 0
    endloop
  endfacet
  facet normal 0 0 -1
    outer loop
      vertex -24.2164 -29.9047 0
      vertex -10.645 -18.4377 0
      vertex -13.7901 -35.9244 0
    endloop
  endfacet
  facet normal 0 0 -1
    outer loop
      vertex -24.2164 -29.9047 0
      vertex -13.7901 -35.9244 0
      vertex -21.0782 -35.1669 0
    endloop
  endfacet
  facet normal 0 0 -1
    outer loop
      vertex -24.2164 -29.9047 0
      vertex -21.0782 -35.1669 0
      vertex -22.7784 -34.0903 0
    endloop
  endfacet
  facet normal -0 0 -1
    outer loop
      vertex -10.645 -18.4377 0
      vertex -24.2164 -29.9047 0
      vertex -11.8208 -17.7065 0
    endloop
  endfacet
  facet normal -0 0 -1
    outer loop
      vertex -11.8208 -17.7065 0
      vertex -24.2164 -29.9047 0
      vertex -11.8281 -17.702 0
    endloop
  endfacet
  facet normal -0 0 -1
    outer loop
      vertex -11.8281 -17.702 0
      vertex -24.2164 -29.9047 0
      vertex -11.8351 -17.697 0
    endloop
  endfacet
  facet normal 0 0 -1
    outer loop
      vertex -15.69 -37.8791 0
      vertex -13.7901 -35.9244 0
      vertex -14.6887 -38.2653 0
    endloop
  endfacet
  facet normal 0 0 -1
    outer loop
      vertex -17.5298 -37.0636 0
      vertex -13.7901 -35.9244 0
      vertex -15.69 -37.8791 0
    endloop
  endfacet
  facet normal 0 0 -1
    outer loop
      vertex -19.3273 -36.1588 0
      vertex -13.7901 -35.9244 0
      vertex -17.5298 -37.0636 0
    endloop
  endfacet
  facet normal 0 0 -1
    outer loop
      vertex -21.0782 -35.1669 0
      vertex -13.7901 -35.9244 0
      vertex -19.3273 -36.1588 0
    endloop
  endfacet
  facet normal -0 0 -1
    outer loop
      vertex -11.8351 -17.697 0
      vertex -24.2164 -29.9047 0
      vertex -12.9605 -16.8905 0
    endloop
  endfacet
  facet normal -0 0 -1
    outer loop
      vertex -12.9605 -16.8905 0
      vertex -24.2164 -29.9047 0
      vertex -12.9672 -16.885 0
    endloop
  endfacet
  facet normal -0 0 -1
    outer loop
      vertex -12.9672 -16.885 0
      vertex -24.2164 -29.9047 0
      vertex -14.0375 -16.0067 0
    endloop
  endfacet
  facet normal 0 0 -1
    outer loop
      vertex -25.3848 -28.9458 0
      vertex -14.0375 -16.0067 0
      vertex -24.2164 -29.9047 0
    endloop
  endfacet
  facet normal -0 0 -1
    outer loop
      vertex -14.0375 -16.0067 0
      vertex -25.3848 -28.9458 0
      vertex -15.048 -15.0602 0
    endloop
  endfacet
  facet normal 0 0 -1
    outer loop
      vertex -27.2236 -27.2236 0
      vertex -15.048 -15.0602 0
      vertex -25.3848 -28.9458 0
    endloop
  endfacet
  facet normal -0 0 -1
    outer loop
      vertex -15.048 -15.0602 0
      vertex -27.2236 -27.2236 0
      vertex -15.0543 -15.0543 0
    endloop
  endfacet
  facet normal -0 0 -1
    outer loop
      vertex -15.0543 -15.0543 0
      vertex -27.2236 -27.2236 0
      vertex -15.0602 -15.048 0
    endloop
  endfacet
  facet normal -0 0 -1
    outer loop
      vertex -15.0602 -15.048 0
      vertex -27.2236 -27.2236 0
      vertex -16.0067 -14.0375 0
    endloop
  endfacet
  facet normal 0 0 -1
    outer loop
      vertex -28.9458 -25.3848 0
      vertex -16.0067 -14.0375 0
      vertex -27.2236 -27.2236 0
    endloop
  endfacet
  facet normal -0 0 -1
    outer loop
      vertex -16.0067 -14.0375 0
      vertex -28.9458 -25.3848 0
      vertex -16.885 -12.9672 0
    endloop
  endfacet
  facet normal 0 0 -1
    outer loop
      vertex -30.5441 -23.4373 0
      vertex -16.885 -12.9672 0
      vertex -28.9458 -25.3848 0
    endloop
  endfacet
  facet normal -0 0 -1
    outer loop
      vertex -16.885 -12.9672 0
      vertex -30.5441 -23.4373 0
      vertex -16.8905 -12.9605 0
    endloop
  endfacet
  facet normal -0 0 -1
    outer loop
      vertex -16.8905 -12.9605 0
      vertex -30.5441 -23.4373 0
      vertex -17.697 -11.8351 0
    endloop
  endfacet
  facet normal 0 0 -1
    outer loop
      vertex -32.0116 -21.3895 0
      vertex -17.697 -11.8351 0
      vertex -30.5441 -23.4373 0
    endloop
  endfacet
  facet normal -0 0 -1
    outer loop
      vertex -17.697 -11.8351 0
      vertex -32.0116 -21.3895 0
      vertex -17.702 -11.8281 0
    endloop
  endfacet
  facet normal -0 0 -1
    outer loop
      vertex -17.702 -11.8281 0
      vertex -32.0116 -21.3895 0
      vertex -17.7065 -11.8208 0
    endloop
  endfacet
  facet normal -0 0 -1
    outer loop
      vertex -17.7065 -11.8208 0
      vertex -32.0116 -21.3895 0
      vertex -18.4377 -10.645 0
    endloop
  endfacet
  facet normal 0 0 -1
    outer loop
      vertex -33.342 -19.25 0
      vertex -18.4377 -10.645 0
      vertex -32.0116 -21.3895 0
    endloop
  endfacet
  facet normal -0 0 -1
    outer loop
      vertex -18.4377 -10.645 0
      vertex -33.342 -19.25 0
      vertex -19.0903 -9.42394 0
    endloop
  endfacet
  facet normal 0 0 -1
    outer loop
      vertex -34.5296 -17.0281 0
      vertex -19.0903 -9.42394 0
      vertex -33.342 -19.25 0
    endloop
  endfacet
  facet normal -0 0 -1
    outer loop
      vertex -19.0903 -9.42394 0
      vertex -34.5296 -17.0281 0
      vertex -19.0944 -9.41633 0
    endloop
  endfacet
  facet normal -0 0 -1
    outer loop
      vertex -19.0944 -9.41633 0
      vertex -34.5296 -17.0281 0
      vertex -19.098 -9.40846 0
    endloop
  endfacet
  facet normal -0 0 -1
    outer loop
      vertex -19.098 -9.40846 0
      vertex -34.5296 -17.0281 0
      vertex -19.6694 -8.14733 0
    endloop
  endfacet
  facet normal 0 0 -1
    outer loop
      vertex -35.5694 -14.7333 0
      vertex -19.6694 -8.14733 0
      vertex -34.5296 -17.0281 0
    endloop
  endfacet
  facet normal -0 0 -1
    outer loop
      vertex -19.6694 -8.14733 0
      vertex -35.5694 -14.7333 0
      vertex -19.6724 -8.13925 0
    endloop
  endfacet
  facet normal -0 0 -1
    outer loop
      vertex -19.6724 -8.13925 0
      vertex -35.5694 -14.7333 0
      vertex -20.1601 -6.84345 0
    endloop
  endfacet
  facet normal 0 0 -1
    outer loop
      vertex -36.4568 -12.3754 0
      vertex -20.1601 -6.84345 0
      vertex -35.5694 -14.7333 0
    endloop
  endfacet
  facet normal 0.615272 -0.788315 0
    outer loop
      vertex -22.6366 30.5219 3.9
      vertex -23.9108 29.5274 5.00773
      vertex -23.9108 29.5274 3.9
    endloop
  endfacet
  facet normal 0.615272 -0.788315 0
    outer loop
      vertex -23.9108 29.5274 5.00773
      vertex -22.6366 30.5219 3.9
      vertex -22.6366 30.5219 5.43013
    endloop
  endfacet
  facet normal -0.615239 0.788341 0
    outer loop
      vertex -24.4237 32.9315 0
      vertex -25.3901 32.1773 2.14354
      vertex -24.4237 32.9315 2.46942
    endloop
  endfacet
  facet normal -0.615266 0.78832 -1.95385e-05
    outer loop
      vertex -25.7985 31.8585 0
      vertex -25.3901 32.1773 2.14354
      vertex -24.4237 32.9315 0
    endloop
  endfacet
  facet normal -0.615329 0.78827 0
    outer loop
      vertex -25.3901 32.1773 2.14354
      vertex -25.7985 31.8585 0
      vertex -25.7985 31.8585 2.00814
    endloop
  endfacet
  facet normal -0.407239 0.578328 0.70689
    outer loop
      vertex -21.1357 31.5789 6
      vertex -21.1117 31.5958 6
      vertex -21.1684 31.6187 5.9486
    endloop
  endfacet
  facet normal -0.407463 0.57803 0.707005
    outer loop
      vertex -22.7784 34.0903 3
      vertex -21.1684 31.6187 5.9486
      vertex -21.1117 31.5958 6
    endloop
  endfacet
  facet normal -0.40724 0.578181 0.70701
    outer loop
      vertex -21.1684 31.6187 5.9486
      vertex -22.7784 34.0903 3
      vertex -23.0429 33.904 3
    endloop
  endfacet
  facet normal 0.575746 -0.817628 0.000422274
    outer loop
      vertex -21.3373 31.4369 5.92255
      vertex -21.1117 31.5958 6
      vertex -21.1357 31.5789 6
    endloop
  endfacet
  facet normal 0.575781 -0.817604 -1.0379e-05
    outer loop
      vertex -21.1117 31.5958 3.9
      vertex -21.3373 31.4369 5.92255
      vertex -22.6366 30.5219 5.43013
    endloop
  endfacet
  facet normal 0.575788 -0.817599 0
    outer loop
      vertex -21.1117 31.5958 3.9
      vertex -22.6366 30.5219 5.43013
      vertex -22.6366 30.5219 3.9
    endloop
  endfacet
  facet normal 0.575843 -0.81756 0
    outer loop
      vertex -21.3373 31.4369 5.92255
      vertex -21.1117 31.5958 3.9
      vertex -21.1117 31.5958 6
    endloop
  endfacet
  facet normal -0.575846 0.817558 0
    outer loop
      vertex -22.7784 34.0903 0
      vertex -23.0429 33.904 3
      vertex -22.7784 34.0903 3
    endloop
  endfacet
  facet normal -0.575821 0.817576 3.20521e-06
    outer loop
      vertex -23.0429 33.904 3
      vertex -22.7784 34.0903 0
      vertex -24.4237 32.9315 2.46942
    endloop
  endfacet
  facet normal -0.575824 0.817573 0
    outer loop
      vertex -24.4237 32.9315 2.46942
      vertex -22.7784 34.0903 0
      vertex -24.4237 32.9315 0
    endloop
  endfacet
  facet normal -0.378362 0.597478 0.707009
    outer loop
      vertex -21.1117 31.5958 6
      vertex -19.5359 32.5937 6
      vertex -22.7784 34.0903 3
    endloop
  endfacet
  facet normal -0.378347 0.597497 0.707001
    outer loop
      vertex -19.5359 32.5937 6
      vertex -21.0782 35.1669 3
      vertex -22.7784 34.0903 3
    endloop
  endfacet
  facet normal 0.535011 -0.844845 0
    outer loop
      vertex -21.1117 31.5958 3.9
      vertex -19.5359 32.5937 6
      vertex -21.1117 31.5958 6
    endloop
  endfacet
  facet normal 0.535011 -0.844845 0
    outer loop
      vertex -19.5359 32.5937 6
      vertex -21.1117 31.5958 3.9
      vertex -19.5359 32.5937 3.9
    endloop
  endfacet
  facet normal -0.534984 0.844862 0
    outer loop
      vertex -21.0782 35.1669 0
      vertex -22.7784 34.0903 3
      vertex -21.0782 35.1669 3
    endloop
  endfacet
  facet normal -0.534984 0.844862 0
    outer loop
      vertex -22.7784 34.0903 3
      vertex -21.0782 35.1669 0
      vertex -22.7784 34.0903 0
    endloop
  endfacet
  facet normal -0.348582 0.615337 0.707001
    outer loop
      vertex -19.5359 32.5937 6
      vertex -17.9131 33.513 6
      vertex -21.0782 35.1669 3
    endloop
  endfacet
  facet normal -0.348589 0.615329 0.707004
    outer loop
      vertex -17.9131 33.513 6
      vertex -19.3273 36.1588 3
      vertex -21.0782 35.1669 3
    endloop
  endfacet
  facet normal 0.492896 -0.870088 0
    outer loop
      vertex -19.5359 32.5937 3.9
      vertex -17.9131 33.513 6
      vertex -19.5359 32.5937 6
    endloop
  endfacet
  facet normal 0.492896 -0.870088 0
    outer loop
      vertex -17.9131 33.513 6
      vertex -19.5359 32.5937 3.9
      vertex -17.9131 33.513 3.9
    endloop
  endfacet
  facet normal -0.492909 0.870081 0
    outer loop
      vertex -19.3273 36.1588 0
      vertex -21.0782 35.1669 3
      vertex -19.3273 36.1588 3
    endloop
  endfacet
  facet normal -0.492909 0.870081 0
    outer loop
      vertex -21.0782 35.1669 3
      vertex -19.3273 36.1588 0
      vertex -21.0782 35.1669 0
    endloop
  endfacet
  facet normal -0.317974 0.631699 0.707
    outer loop
      vertex -17.0287 34.8102 5.23872
      vertex -17.9131 33.513 6
      vertex -16.7531 34.0969 6
    endloop
  endfacet
  facet normal -0.317967 0.631698 0.707005
    outer loop
      vertex -17.9131 33.513 6
      vertex -17.0287 34.8102 5.23872
      vertex -19.3273 36.1588 3
    endloop
  endfacet
  facet normal -0.317941 0.631723 0.706994
    outer loop
      vertex -17.0287 34.8102 5.23872
      vertex -17.8391 36.9078 3
      vertex -19.3273 36.1588 3
    endloop
  endfacet
  facet normal 0.449614 -0.893223 0
    outer loop
      vertex -17.9131 33.513 3.9
      vertex -16.7531 34.0969 6
      vertex -17.9131 33.513 6
    endloop
  endfacet
  facet normal 0.449737 -0.893161 -8.50836e-05
    outer loop
      vertex -16.7531 34.0969 6
      vertex -17.9131 33.513 3.9
      vertex -16.5571 34.1956 5.92407
    endloop
  endfacet
  facet normal 0.449614 -0.893223 1.8542e-05
    outer loop
      vertex -16.2471 34.3516 3.9
      vertex -16.5571 34.1956 5.92407
      vertex -17.9131 33.513 3.9
    endloop
  endfacet
  facet normal 0.449517 -0.893272 0
    outer loop
      vertex -16.5571 34.1956 5.92407
      vertex -16.2471 34.3516 3.9
      vertex -16.2471 34.3516 5.80544
    endloop
  endfacet
  facet normal -0.449868 0.893095 0
    outer loop
      vertex -17.5298 37.0636 0
      vertex -17.8391 36.9078 3
      vertex -17.5298 37.0636 2.88017
    endloop
  endfacet
  facet normal -0.449617 0.893221 3.24425e-05
    outer loop
      vertex -17.8391 36.9078 3
      vertex -17.5298 37.0636 0
      vertex -19.3273 36.1588 0
    endloop
  endfacet
  facet normal -0.449565 0.893248 0
    outer loop
      vertex -17.8391 36.9078 3
      vertex -19.3273 36.1588 0
      vertex -19.3273 36.1588 3
    endloop
  endfacet
  facet normal 0.405233 -0.914213 0
    outer loop
      vertex -16.2471 34.3516 3.9
      vertex -14.542 35.1074 5.25754
      vertex -16.2471 34.3516 5.80544
    endloop
  endfacet
  facet normal 0.405233 -0.914213 0
    outer loop
      vertex -14.542 35.1074 5.25754
      vertex -16.2471 34.3516 3.9
      vertex -14.542 35.1074 3.9
    endloop
  endfacet
  facet normal -0.40523 0.914215 0
    outer loop
      vertex -17.5298 37.0636 0
      vertex -15.69 37.8791 2.28022
      vertex -15.69 37.8791 0
    endloop
  endfacet
  facet normal -0.40523 0.914215 0
    outer loop
      vertex -15.69 37.8791 2.28022
      vertex -17.5298 37.0636 0
      vertex -17.5298 37.0636 2.88017
    endloop
  endfacet
  facet normal 0.359888 -0.932995 0
    outer loop
      vertex -14.542 35.1074 3.9
      vertex -13.6139 35.4654 5.01383
      vertex -14.542 35.1074 5.25754
    endloop
  endfacet
  facet normal 0.359888 -0.932995 0
    outer loop
      vertex -13.6139 35.4654 5.01383
      vertex -14.542 35.1074 3.9
      vertex -13.6139 35.4654 3.9
    endloop
  endfacet
  facet normal -0.359859 0.933007 0
    outer loop
      vertex -15.69 37.8791 0
      vertex -14.6887 38.2653 2.01473
      vertex -14.6887 38.2653 0
    endloop
  endfacet
  facet normal -0.359815 0.933024 -2.51837e-05
    outer loop
      vertex -14.6887 38.2653 2.01473
      vertex -15.69 37.8791 0
      vertex -15.1705 38.0795 2.14125
    endloop
  endfacet
  facet normal -0.359906 0.932989 0
    outer loop
      vertex -15.1705 38.0795 2.14125
      vertex -15.69 37.8791 0
      vertex -15.69 37.8791 2.28022
    endloop
  endfacet
  facet normal -0.975714 -0.21905 0
    outer loop
      vertex 37.2698 7.41343 3.9
      vertex 37.0156 8.54571 5.0132
      vertex 37.0156 8.54571 3.9
    endloop
  endfacet
  facet normal -0.975714 -0.21905 0
    outer loop
      vertex 37.0156 8.54571 5.0132
      vertex 37.2698 7.41343 3.9
      vertex 37.2698 7.41343 5.30258
    endloop
  endfacet
  facet normal 0.975719 0.219024 0
    outer loop
      vertex 40.0513 8.71519 2.14316
      vertex 39.9379 9.22037 0
      vertex 39.9379 9.22037 2.01405
    endloop
  endfacet
  facet normal 0.9757 0.21911 -0
    outer loop
      vertex 40.2122 7.9987 0
      vertex 40.0513 8.71519 2.14316
      vertex 40.2122 7.9987 2.32962
    endloop
  endfacet
  facet normal 0.975708 0.219074 1.24826e-05
    outer loop
      vertex 40.0513 8.71519 2.14316
      vertex 40.2122 7.9987 0
      vertex 39.9379 9.22037 0
    endloop
  endfacet
  facet normal -0.985275 -0.17098 0
    outer loop
      vertex 37.5887 5.57576 3.9
      vertex 37.2698 7.41343 5.30258
      vertex 37.2698 7.41343 3.9
    endloop
  endfacet
  facet normal -0.985275 -0.17098 0
    outer loop
      vertex 37.2698 7.41343 5.30258
      vertex 37.5887 5.57576 3.9
      vertex 37.5887 5.57576 5.8585
    endloop
  endfacet
  facet normal 0.985281 0.170943 -0
    outer loop
      vertex 40.5562 6.01595 0
      vertex 40.2122 7.9987 2.32962
      vertex 40.5562 6.01595 2.93818
    endloop
  endfacet
  facet normal 0.985281 0.170943 0
    outer loop
      vertex 40.2122 7.9987 2.32962
      vertex 40.5562 6.01595 0
      vertex 40.2122 7.9987 0
    endloop
  endfacet
  facet normal 0.701887 0.0865731 0.707007
    outer loop
      vertex 37.817 3.72465 6
      vertex 40.2606 5.76864 3.32381
      vertex 37.6384 5.17264 6
    endloop
  endfacet
  facet normal 0.701967 0.0866069 0.706924
    outer loop
      vertex 40.2606 5.76864 3.32381
      vertex 40.8026 4.0187 3
      vertex 40.5778 5.84075 3
    endloop
  endfacet
  facet normal 0.70189 0.0865679 0.707006
    outer loop
      vertex 40.8026 4.0187 3
      vertex 40.2606 5.76864 3.32381
      vertex 37.817 3.72465 6
    endloop
  endfacet
  facet normal -0.99249 -0.122322 0
    outer loop
      vertex 37.5887 5.57576 3.9
      vertex 37.6105 5.39888 5.92018
      vertex 37.5887 5.57576 5.8585
    endloop
  endfacet
  facet normal -0.992481 -0.122395 -6.54294e-06
    outer loop
      vertex 37.5887 5.57576 3.9
      vertex 37.6384 5.17264 6
      vertex 37.6105 5.39888 5.92018
    endloop
  endfacet
  facet normal -0.99248 -0.122404 -8.2029e-06
    outer loop
      vertex 37.817 3.72465 3.9
      vertex 37.6384 5.17264 6
      vertex 37.5887 5.57576 3.9
    endloop
  endfacet
  facet normal -0.992479 -0.122416 0
    outer loop
      vertex 37.6384 5.17264 6
      vertex 37.817 3.72465 3.9
      vertex 37.817 3.72465 6
    endloop
  endfacet
  facet normal 0.992486 0.122361 0
    outer loop
      vertex 40.5778 5.84075 3
      vertex 40.5562 6.01595 0
      vertex 40.5562 6.01595 2.93818
    endloop
  endfacet
  facet normal 0.992475 0.122449 -0
    outer loop
      vertex 40.8026 4.0187 0
      vertex 40.5778 5.84075 3
      vertex 40.8026 4.0187 3
    endloop
  endfacet
  facet normal 0.992476 0.122441 4.75057e-06
    outer loop
      vertex 40.5778 5.84075 3
      vertex 40.8026 4.0187 0
      vertex 40.5562 6.01595 0
    endloop
  endfacet
  facet normal 0.705292 0.0520225 0.707006
    outer loop
      vertex 37.9542 1.86457 6
      vertex 40.8026 4.0187 3
      vertex 37.817 3.72465 6
    endloop
  endfacet
  facet normal 0.705296 0.0520117 0.707002
    outer loop
      vertex 40.9506 2.01177 3
      vertex 40.8026 4.0187 3
      vertex 37.9542 1.86457 6
    endloop
  endfacet
  facet normal -0.997291 -0.0735604 0
    outer loop
      vertex 37.9542 1.86457 3.9
      vertex 37.817 3.72465 6
      vertex 37.817 3.72465 3.9
    endloop
  endfacet
  facet normal -0.997291 -0.0735604 0
    outer loop
      vertex 37.817 3.72465 6
      vertex 37.9542 1.86457 3.9
      vertex 37.9542 1.86457 6
    endloop
  endfacet
  facet normal 0.997292 0.0735448 0
    outer loop
      vertex 40.9506 2.01177 3
      vertex 40.8026 4.0187 0
      vertex 40.8026 4.0187 3
    endloop
  endfacet
  facet normal 0.997292 0.0735448 0
    outer loop
      vertex 40.8026 4.0187 0
      vertex 40.9506 2.01177 3
      vertex 40.9506 2.01177 0
    endloop
  endfacet
  facet normal 0.706998 0.0173662 0.707002
    outer loop
      vertex 38 0 6
      vertex 40.9506 2.01177 3
      vertex 37.9542 1.86457 6
    endloop
  endfacet
  facet normal 0.707 0.0173607 0.707
    outer loop
      vertex 41 0 3
      vertex 40.9506 2.01177 3
      vertex 38 0 6
    endloop
  endfacet
  facet normal -0.999698 -0.0245559 0
    outer loop
      vertex 38 0 3.9
      vertex 37.9542 1.86457 6
      vertex 37.9542 1.86457 3.9
    endloop
  endfacet
  facet normal -0.999698 -0.0245559 0
    outer loop
      vertex 37.9542 1.86457 6
      vertex 38 0 3.9
      vertex 38 0 6
    endloop
  endfacet
  facet normal 0.999699 0.0245481 0
    outer loop
      vertex 41 0 3
      vertex 40.9506 2.01177 0
      vertex 40.9506 2.01177 3
    endloop
  endfacet
  facet normal 0.999699 0.0245481 0
    outer loop
      vertex 40.9506 2.01177 0
      vertex 41 0 3
      vertex 41 0 0
    endloop
  endfacet
  facet normal 0.707 -0.0173663 0.707
    outer loop
      vertex 41 0 3
      vertex 38 0 6
      vertex 37.9542 -1.86457 6
    endloop
  endfacet
  facet normal 0.706998 -0.0173607 0.707002
    outer loop
      vertex 40.9506 -2.01177 3
      vertex 41 0 3
      vertex 37.9542 -1.86457 6
    endloop
  endfacet
  facet normal -0.999698 0.0245559 0
    outer loop
      vertex 37.9542 -1.86457 3.9
      vertex 38 0 6
      vertex 38 0 3.9
    endloop
  endfacet
  facet normal -0.999698 0.0245559 0
    outer loop
      vertex 38 0 6
      vertex 37.9542 -1.86457 3.9
      vertex 37.9542 -1.86457 6
    endloop
  endfacet
  facet normal 0.999699 -0.0245481 0
    outer loop
      vertex 40.9506 -2.01177 3
      vertex 41 0 0
      vertex 41 0 3
    endloop
  endfacet
  facet normal 0.999699 -0.0245481 0
    outer loop
      vertex 41 0 0
      vertex 40.9506 -2.01177 3
      vertex 40.9506 -2.01177 0
    endloop
  endfacet
  facet normal 0.705296 -0.0520228 0.707002
    outer loop
      vertex 40.9506 -2.01177 3
      vertex 37.9542 -1.86457 6
      vertex 37.817 -3.72465 6
    endloop
  endfacet
  facet normal 0.705293 -0.0520115 0.707005
    outer loop
      vertex 40.8026 -4.0187 3
      vertex 40.9506 -2.01177 3
      vertex 37.817 -3.72465 6
    endloop
  endfacet
  facet normal -0.997291 0.0735604 0
    outer loop
      vertex 37.817 -3.72465 3.9
      vertex 37.9542 -1.86457 6
      vertex 37.9542 -1.86457 3.9
    endloop
  endfacet
  facet normal -0.997291 0.0735604 0
    outer loop
      vertex 37.9542 -1.86457 6
      vertex 37.817 -3.72465 3.9
      vertex 37.817 -3.72465 6
    endloop
  endfacet
  facet normal 0.997292 -0.0735448 0
    outer loop
      vertex 40.8026 -4.0187 3
      vertex 40.9506 -2.01177 0
      vertex 40.9506 -2.01177 3
    endloop
  endfacet
  facet normal 0.997292 -0.0735448 0
    outer loop
      vertex 40.9506 -2.01177 0
      vertex 40.8026 -4.0187 3
      vertex 40.8026 -4.0187 0
    endloop
  endfacet
  facet normal 0.701888 -0.0865836 0.707005
    outer loop
      vertex 37.817 -3.72465 6
      vertex 38.1709 -5.29368 5.45651
      vertex 40.8026 -4.0187 3
    endloop
  endfacet
  facet normal 0.701903 -0.0865751 0.706991
    outer loop
      vertex 38.1709 -5.29368 5.45651
      vertex 37.817 -3.72465 6
      vertex 37.6384 -5.17264 6
    endloop
  endfacet
  facet normal 0.701891 -0.0865975 0.707001
    outer loop
      vertex 40.5778 -5.84075 3
      vertex 40.8026 -4.0187 3
      vertex 38.1709 -5.29368 5.45651
    endloop
  endfacet
  facet normal -0.992479 0.122416 0
    outer loop
      vertex 37.817 -3.72465 3.9
      vertex 37.6384 -5.17264 6
      vertex 37.817 -3.72465 6
    endloop
  endfacet
  facet normal -0.99248 0.122404 -8.2029e-06
    outer loop
      vertex 37.5887 -5.57576 3.9
      vertex 37.6384 -5.17264 6
      vertex 37.817 -3.72465 3.9
    endloop
  endfacet
  facet normal -0.992481 0.122395 -6.54294e-06
    outer loop
      vertex 37.6384 -5.17264 6
      vertex 37.5887 -5.57576 3.9
      vertex 37.6105 -5.39888 5.92018
    endloop
  endfacet
  facet normal -0.99249 0.122322 0
    outer loop
      vertex 37.6105 -5.39888 5.92018
      vertex 37.5887 -5.57576 3.9
      vertex 37.5887 -5.57576 5.8585
    endloop
  endfacet
  facet normal 0.992475 -0.122449 0
    outer loop
      vertex 40.5778 -5.84075 3
      vertex 40.8026 -4.0187 0
      vertex 40.8026 -4.0187 3
    endloop
  endfacet
  facet normal 0.992486 -0.122361 0
    outer loop
      vertex 40.5562 -6.01595 0
      vertex 40.5778 -5.84075 3
      vertex 40.5562 -6.01595 2.93818
    endloop
  endfacet
  facet normal 0.992476 -0.122441 4.75057e-06
    outer loop
      vertex 40.5778 -5.84075 3
      vertex 40.5562 -6.01595 0
      vertex 40.8026 -4.0187 0
    endloop
  endfacet
  facet normal -0.985275 0.17098 0
    outer loop
      vertex 37.2698 -7.41343 5.30258
      vertex 37.5887 -5.57576 3.9
      vertex 37.2698 -7.41343 3.9
    endloop
  endfacet
  facet normal -0.985275 0.17098 0
    outer loop
      vertex 37.5887 -5.57576 3.9
      vertex 37.2698 -7.41343 5.30258
      vertex 37.5887 -5.57576 5.8585
    endloop
  endfacet
  facet normal 0.985281 -0.170943 0
    outer loop
      vertex 40.2122 -7.9987 2.32962
      vertex 40.5562 -6.01595 0
      vertex 40.5562 -6.01595 2.93818
    endloop
  endfacet
  facet normal 0.985281 -0.170943 0
    outer loop
      vertex 40.5562 -6.01595 0
      vertex 40.2122 -7.9987 2.32962
      vertex 40.2122 -7.9987 0
    endloop
  endfacet
  facet normal -0.975714 0.21905 0
    outer loop
      vertex 37.0156 -8.54571 5.0132
      vertex 37.2698 -7.41343 3.9
      vertex 37.0156 -8.54571 3.9
    endloop
  endfacet
  facet normal -0.975714 0.21905 0
    outer loop
      vertex 37.2698 -7.41343 3.9
      vertex 37.0156 -8.54571 5.0132
      vertex 37.2698 -7.41343 5.30258
    endloop
  endfacet
  facet normal 0.9757 -0.21911 0
    outer loop
      vertex 40.0513 -8.71519 2.14316
      vertex 40.2122 -7.9987 0
      vertex 40.2122 -7.9987 2.32962
    endloop
  endfacet
  facet normal 0.975719 -0.219024 0
    outer loop
      vertex 39.9379 -9.22037 0
      vertex 40.0513 -8.71519 2.14316
      vertex 39.9379 -9.22037 2.01405
    endloop
  endfacet
  facet normal 0.975708 -0.219074 1.24826e-05
    outer loop
      vertex 40.0513 -8.71519 2.14316
      vertex 39.9379 -9.22037 0
      vertex 40.2122 -7.9987 0
    endloop
  endfacet
  facet normal 0.359888 0.932995 0
    outer loop
      vertex -14.542 -35.1074 3.9
      vertex -13.6139 -35.4654 5.01383
      vertex -13.6139 -35.4654 3.9
    endloop
  endfacet
  facet normal 0.359888 0.932995 0
    outer loop
      vertex -13.6139 -35.4654 5.01383
      vertex -14.542 -35.1074 3.9
      vertex -14.542 -35.1074 5.25754
    endloop
  endfacet
  facet normal -0.359906 -0.932989 0
    outer loop
      vertex -15.69 -37.8791 0
      vertex -15.1705 -38.0795 2.14125
      vertex -15.69 -37.8791 2.28022
    endloop
  endfacet
  facet normal -0.359815 -0.933024 -2.51837e-05
    outer loop
      vertex -15.69 -37.8791 0
      vertex -14.6887 -38.2653 2.01473
      vertex -15.1705 -38.0795 2.14125
    endloop
  endfacet
  facet normal -0.359859 -0.933007 -0
    outer loop
      vertex -14.6887 -38.2653 2.01473
      vertex -15.69 -37.8791 0
      vertex -14.6887 -38.2653 0
    endloop
  endfacet
  facet normal 0.405233 0.914213 0
    outer loop
      vertex -16.2471 -34.3516 3.9
      vertex -14.542 -35.1074 5.25754
      vertex -14.542 -35.1074 3.9
    endloop
  endfacet
  facet normal 0.405233 0.914213 0
    outer loop
      vertex -14.542 -35.1074 5.25754
      vertex -16.2471 -34.3516 3.9
      vertex -16.2471 -34.3516 5.80544
    endloop
  endfacet
  facet normal -0.40523 -0.914215 0
    outer loop
      vertex -17.5298 -37.0636 0
      vertex -15.69 -37.8791 2.28022
      vertex -17.5298 -37.0636 2.88017
    endloop
  endfacet
  facet normal -0.40523 -0.914215 -0
    outer loop
      vertex -15.69 -37.8791 2.28022
      vertex -17.5298 -37.0636 0
      vertex -15.69 -37.8791 0
    endloop
  endfacet
  facet normal -0.317971 -0.631695 0.707005
    outer loop
      vertex -17.6105 -36.316 3.63167
      vertex -16.7531 -34.0969 6
      vertex -17.9131 -33.513 6
    endloop
  endfacet
  facet normal -0.317973 -0.631694 0.707005
    outer loop
      vertex -19.3273 -36.1588 3
      vertex -17.6105 -36.316 3.63167
      vertex -17.9131 -33.513 6
    endloop
  endfacet
  facet normal -0.31796 -0.631759 0.706953
    outer loop
      vertex -17.6105 -36.316 3.63167
      vertex -19.3273 -36.1588 3
      vertex -17.8391 -36.9078 3
    endloop
  endfacet
  facet normal 0.449737 0.893161 -8.50836e-05
    outer loop
      vertex -17.9131 -33.513 3.9
      vertex -16.7531 -34.0969 6
      vertex -16.5571 -34.1956 5.92407
    endloop
  endfacet
  facet normal 0.449517 0.893272 -0
    outer loop
      vertex -16.2471 -34.3516 3.9
      vertex -16.5571 -34.1956 5.92407
      vertex -16.2471 -34.3516 5.80544
    endloop
  endfacet
  facet normal 0.449614 0.893223 1.8542e-05
    outer loop
      vertex -16.5571 -34.1956 5.92407
      vertex -16.2471 -34.3516 3.9
      vertex -17.9131 -33.513 3.9
    endloop
  endfacet
  facet normal 0.449614 0.893223 0
    outer loop
      vertex -16.7531 -34.0969 6
      vertex -17.9131 -33.513 3.9
      vertex -17.9131 -33.513 6
    endloop
  endfacet
  facet normal -0.449565 -0.893248 0
    outer loop
      vertex -19.3273 -36.1588 0
      vertex -17.8391 -36.9078 3
      vertex -19.3273 -36.1588 3
    endloop
  endfacet
  facet normal -0.449617 -0.893221 3.24425e-05
    outer loop
      vertex -17.5298 -37.0636 0
      vertex -17.8391 -36.9078 3
      vertex -19.3273 -36.1588 0
    endloop
  endfacet
  facet normal -0.449868 -0.893095 0
    outer loop
      vertex -17.8391 -36.9078 3
      vertex -17.5298 -37.0636 0
      vertex -17.5298 -37.0636 2.88017
    endloop
  endfacet
  facet normal -0.348581 -0.615334 0.707005
    outer loop
      vertex -19.3273 -36.1588 3
      vertex -17.9131 -33.513 6
      vertex -19.5359 -32.5937 6
    endloop
  endfacet
  facet normal -0.348591 -0.615332 0.707001
    outer loop
      vertex -19.3273 -36.1588 3
      vertex -19.5359 -32.5937 6
      vertex -21.0782 -35.1669 3
    endloop
  endfacet
  facet normal 0.492896 0.870088 -0
    outer loop
      vertex -17.9131 -33.513 3.9
      vertex -19.5359 -32.5937 6
      vertex -17.9131 -33.513 6
    endloop
  endfacet
  facet normal 0.492896 0.870088 0
    outer loop
      vertex -19.5359 -32.5937 6
      vertex -17.9131 -33.513 3.9
      vertex -19.5359 -32.5937 3.9
    endloop
  endfacet
  facet normal -0.492909 -0.870081 0
    outer loop
      vertex -21.0782 -35.1669 0
      vertex -19.3273 -36.1588 3
      vertex -21.0782 -35.1669 3
    endloop
  endfacet
  facet normal -0.492909 -0.870081 -0
    outer loop
      vertex -19.3273 -36.1588 3
      vertex -21.0782 -35.1669 0
      vertex -19.3273 -36.1588 0
    endloop
  endfacet
  facet normal -0.378367 -0.597485 0.707001
    outer loop
      vertex -21.0782 -35.1669 3
      vertex -19.5359 -32.5937 6
      vertex -21.1117 -31.5958 6
    endloop
  endfacet
  facet normal -0.378343 -0.597491 0.707009
    outer loop
      vertex -21.0782 -35.1669 3
      vertex -21.1117 -31.5958 6
      vertex -22.7784 -34.0903 3
    endloop
  endfacet
  facet normal 0.535011 0.844845 -0
    outer loop
      vertex -19.5359 -32.5937 3.9
      vertex -21.1117 -31.5958 6
      vertex -19.5359 -32.5937 6
    endloop
  endfacet
  facet normal 0.535011 0.844845 0
    outer loop
      vertex -21.1117 -31.5958 6
      vertex -19.5359 -32.5937 3.9
      vertex -21.1117 -31.5958 3.9
    endloop
  endfacet
  facet normal -0.534984 -0.844862 0
    outer loop
      vertex -22.7784 -34.0903 0
      vertex -21.0782 -35.1669 3
      vertex -22.7784 -34.0903 3
    endloop
  endfacet
  facet normal -0.534984 -0.844862 -0
    outer loop
      vertex -21.0782 -35.1669 3
      vertex -22.7784 -34.0903 0
      vertex -21.0782 -35.1669 0
    endloop
  endfacet
  facet normal -0.40718 -0.578244 0.706992
    outer loop
      vertex -22.7571 -33.5556 3.44945
      vertex -21.1117 -31.5958 6
      vertex -21.1357 -31.5789 6
    endloop
  endfacet
  facet normal -0.407428 -0.578054 0.707005
    outer loop
      vertex -21.1117 -31.5958 6
      vertex -22.7571 -33.5556 3.44945
      vertex -22.7784 -34.0903 3
    endloop
  endfacet
  facet normal -0.407201 -0.578124 0.707078
    outer loop
      vertex -22.7784 -34.0903 3
      vertex -22.7571 -33.5556 3.44945
      vertex -23.0429 -33.904 3
    endloop
  endfacet
  facet normal 0.575746 0.817628 0.000422274
    outer loop
      vertex -21.1117 -31.5958 6
      vertex -21.3373 -31.4369 5.92255
      vertex -21.1357 -31.5789 6
    endloop
  endfacet
  facet normal 0.575843 0.81756 -0
    outer loop
      vertex -21.1117 -31.5958 3.9
      vertex -21.3373 -31.4369 5.92255
      vertex -21.1117 -31.5958 6
    endloop
  endfacet
  facet normal 0.575781 0.817604 -1.0379e-05
    outer loop
      vertex -21.3373 -31.4369 5.92255
      vertex -21.1117 -31.5958 3.9
      vertex -22.6366 -30.5219 5.43013
    endloop
  endfacet
  facet normal 0.575788 0.817599 0
    outer loop
      vertex -22.6366 -30.5219 5.43013
      vertex -21.1117 -31.5958 3.9
      vertex -22.6366 -30.5219 3.9
    endloop
  endfacet
  facet normal -0.575821 -0.817576 3.20521e-06
    outer loop
      vertex -22.7784 -34.0903 0
      vertex -23.0429 -33.904 3
      vertex -24.4237 -32.9315 2.46942
    endloop
  endfacet
  facet normal -0.575824 -0.817573 0
    outer loop
      vertex -22.7784 -34.0903 0
      vertex -24.4237 -32.9315 2.46942
      vertex -24.4237 -32.9315 0
    endloop
  endfacet
  facet normal -0.575846 -0.817558 0
    outer loop
      vertex -23.0429 -33.904 3
      vertex -22.7784 -34.0903 0
      vertex -22.7784 -34.0903 3
    endloop
  endfacet
  facet normal 0.615272 0.788315 -0
    outer loop
      vertex -22.6366 -30.5219 3.9
      vertex -23.9108 -29.5274 5.00773
      vertex -22.6366 -30.5219 5.43013
    endloop
  endfacet
  facet normal 0.615272 0.788315 0
    outer loop
      vertex -23.9108 -29.5274 5.00773
      vertex -22.6366 -30.5219 3.9
      vertex -23.9108 -29.5274 3.9
    endloop
  endfacet
  facet normal -0.615329 -0.78827 0
    outer loop
      vertex -25.7985 -31.8585 0
      vertex -25.3901 -32.1773 2.14354
      vertex -25.7985 -31.8585 2.00814
    endloop
  endfacet
  facet normal -0.615266 -0.78832 -1.95385e-05
    outer loop
      vertex -24.4237 -32.9315 0
      vertex -25.3901 -32.1773 2.14354
      vertex -25.7985 -31.8585 0
    endloop
  endfacet
  facet normal -0.615239 -0.788341 0
    outer loop
      vertex -25.3901 -32.1773 2.14354
      vertex -24.4237 -32.9315 0
      vertex -24.4237 -32.9315 2.46942
    endloop
  endfacet
  facet normal 0.64087 -0.321987 0.696857
    outer loop
      vertex 37.5887 -5.57576 5.8585
      vertex 40.0513 -8.71519 2.14316
      vertex 37.6105 -5.39888 5.92018
    endloop
  endfacet
  facet normal 0.640842 -0.32202 0.696867
    outer loop
      vertex 37.2698 -7.41343 5.30258
      vertex 40.0513 -8.71519 2.14316
      vertex 37.5887 -5.57576 5.8585
    endloop
  endfacet
  facet normal 0.640864 -0.321976 0.696868
    outer loop
      vertex 37.0156 -8.54571 5.0132
      vertex 40.0513 -8.71519 2.14316
      vertex 37.2698 -7.41343 5.30258
    endloop
  endfacet
  facet normal 0.640868 -0.32196 0.696872
    outer loop
      vertex 40.0513 -8.71519 2.14316
      vertex 37.0156 -8.54571 5.0132
      vertex 39.9379 -9.22037 2.01405
    endloop
  endfacet
  facet normal 0.638342 -0.324926 0.697813
    outer loop
      vertex 38.1709 -5.29368 5.45651
      vertex 40.5562 -6.01595 2.93818
      vertex 40.5778 -5.84075 3
    endloop
  endfacet
  facet normal 0.638342 -0.324928 0.697812
    outer loop
      vertex 40.5562 -6.01595 2.93818
      vertex 38.1709 -5.29368 5.45651
      vertex 40.2122 -7.9987 2.32962
    endloop
  endfacet
  facet normal 0.638354 -0.324913 0.697808
    outer loop
      vertex 37.6105 -5.39888 5.92018
      vertex 40.2122 -7.9987 2.32962
      vertex 38.1709 -5.29368 5.45651
    endloop
  endfacet
  facet normal 0.638353 -0.324916 0.697807
    outer loop
      vertex 37.6105 -5.39888 5.92018
      vertex 38.1709 -5.29368 5.45651
      vertex 37.6384 -5.17264 6
    endloop
  endfacet
  facet normal 0.638329 -0.324948 0.697815
    outer loop
      vertex 40.2122 -7.9987 2.32962
      vertex 37.6105 -5.39888 5.92018
      vertex 40.0513 -8.71519 2.14316
    endloop
  endfacet
  facet normal 0.640868 0.32196 0.696872
    outer loop
      vertex 37.0156 8.54571 5.0132
      vertex 40.0513 8.71519 2.14316
      vertex 39.9379 9.22037 2.01405
    endloop
  endfacet
  facet normal 0.64087 0.321987 0.696857
    outer loop
      vertex 40.0513 8.71519 2.14316
      vertex 37.5887 5.57576 5.8585
      vertex 37.6105 5.39888 5.92018
    endloop
  endfacet
  facet normal 0.640842 0.32202 0.696867
    outer loop
      vertex 40.0513 8.71519 2.14316
      vertex 37.2698 7.41343 5.30258
      vertex 37.5887 5.57576 5.8585
    endloop
  endfacet
  facet normal 0.640864 0.321976 0.696868
    outer loop
      vertex 40.0513 8.71519 2.14316
      vertex 37.0156 8.54571 5.0132
      vertex 37.2698 7.41343 5.30258
    endloop
  endfacet
  facet normal 0.638423 0.324912 0.697746
    outer loop
      vertex 40.5562 6.01595 2.93818
      vertex 40.2606 5.76864 3.32381
      vertex 40.5778 5.84075 3
    endloop
  endfacet
  facet normal 0.638417 0.324921 0.697747
    outer loop
      vertex 40.2122 7.9987 2.32962
      vertex 40.2606 5.76864 3.32381
      vertex 40.5562 6.01595 2.93818
    endloop
  endfacet
  facet normal 0.638329 0.324948 0.697815
    outer loop
      vertex 37.6105 5.39888 5.92018
      vertex 40.2122 7.9987 2.32962
      vertex 40.0513 8.71519 2.14316
    endloop
  endfacet
  facet normal 0.638328 0.324949 0.697815
    outer loop
      vertex 40.2122 7.9987 2.32962
      vertex 37.6105 5.39888 5.92018
      vertex 40.2606 5.76864 3.32381
    endloop
  endfacet
  facet normal 0.638337 0.324919 0.69782
    outer loop
      vertex 40.2606 5.76864 3.32381
      vertex 37.6105 5.39888 5.92018
      vertex 37.6384 5.17264 6
    endloop
  endfacet
  facet normal -0.087651 0.710891 0.697819
    outer loop
      vertex -16.5571 34.1956 5.92407
      vertex -17.0287 34.8102 5.23872
      vertex -16.7531 34.0969 6
    endloop
  endfacet
  facet normal -0.0876002 0.710913 0.697803
    outer loop
      vertex -15.69 37.8791 2.28022
      vertex -17.0287 34.8102 5.23872
      vertex -16.5571 34.1956 5.92407
    endloop
  endfacet
  facet normal -0.0877287 0.710877 0.697823
    outer loop
      vertex -17.0287 34.8102 5.23872
      vertex -17.5298 37.0636 2.88017
      vertex -17.8391 36.9078 3
    endloop
  endfacet
  facet normal -0.0875584 0.710906 0.697815
    outer loop
      vertex -17.0287 34.8102 5.23872
      vertex -15.69 37.8791 2.28022
      vertex -17.5298 37.0636 2.88017
    endloop
  endfacet
  facet normal -0.0875691 0.710911 0.697809
    outer loop
      vertex -15.69 37.8791 2.28022
      vertex -16.5571 34.1956 5.92407
      vertex -15.1705 38.0795 2.14125
    endloop
  endfacet
  facet normal -0.0912817 0.711344 0.696892
    outer loop
      vertex -16.2471 34.3516 5.80544
      vertex -15.1705 38.0795 2.14125
      vertex -16.5571 34.1956 5.92407
    endloop
  endfacet
  facet normal -0.0913877 0.711352 0.696869
    outer loop
      vertex -14.542 35.1074 5.25754
      vertex -15.1705 38.0795 2.14125
      vertex -16.2471 34.3516 5.80544
    endloop
  endfacet
  facet normal -0.0914044 0.711355 0.696864
    outer loop
      vertex -14.6887 38.2653 2.01473
      vertex -14.542 35.1074 5.25754
      vertex -13.6139 35.4654 5.01383
    endloop
  endfacet
  facet normal -0.0913312 0.711362 0.696867
    outer loop
      vertex -14.542 35.1074 5.25754
      vertex -14.6887 38.2653 2.01473
      vertex -15.1705 38.0795 2.14125
    endloop
  endfacet
  facet normal -0.570339 0.434857 0.696859
    outer loop
      vertex -25.3901 32.1773 2.14354
      vertex -22.6366 30.5219 5.43013
      vertex -21.3373 31.4369 5.92255
    endloop
  endfacet
  facet normal -0.570373 0.434806 0.696863
    outer loop
      vertex -25.3901 32.1773 2.14354
      vertex -23.9108 29.5274 5.00773
      vertex -22.6366 30.5219 5.43013
    endloop
  endfacet
  facet normal -0.570416 0.434769 0.696851
    outer loop
      vertex -23.9108 29.5274 5.00773
      vertex -25.3901 32.1773 2.14354
      vertex -25.7985 31.8585 2.00814
    endloop
  endfacet
  facet normal -0.57188 0.431314 0.697797
    outer loop
      vertex -21.1684 31.6187 5.9486
      vertex -21.3373 31.4369 5.92255
      vertex -21.1357 31.5789 6
    endloop
  endfacet
  facet normal -0.571864 0.431296 0.697822
    outer loop
      vertex -23.0429 33.904 3
      vertex -21.3373 31.4369 5.92255
      vertex -21.1684 31.6187 5.9486
    endloop
  endfacet
  facet normal -0.571887 0.431274 0.697817
    outer loop
      vertex -24.4237 32.9315 2.46942
      vertex -21.3373 31.4369 5.92255
      vertex -23.0429 33.904 3
    endloop
  endfacet
  facet normal -0.571887 0.431274 0.697817
    outer loop
      vertex -21.3373 31.4369 5.92255
      vertex -24.4237 32.9315 2.46942
      vertex -25.3901 32.1773 2.14354
    endloop
  endfacet
  facet normal -0.570339 -0.434857 0.696859
    outer loop
      vertex -22.6366 -30.5219 5.43013
      vertex -25.3901 -32.1773 2.14354
      vertex -21.3373 -31.4369 5.92255
    endloop
  endfacet
  facet normal -0.570373 -0.434806 0.696863
    outer loop
      vertex -23.9108 -29.5274 5.00773
      vertex -25.3901 -32.1773 2.14354
      vertex -22.6366 -30.5219 5.43013
    endloop
  endfacet
  facet normal -0.570416 -0.434769 0.696851
    outer loop
      vertex -25.3901 -32.1773 2.14354
      vertex -23.9108 -29.5274 5.00773
      vertex -25.7985 -31.8585 2.00814
    endloop
  endfacet
  facet normal -0.571876 -0.431302 0.697808
    outer loop
      vertex -21.3373 -31.4369 5.92255
      vertex -22.7571 -33.5556 3.44945
      vertex -21.1357 -31.5789 6
    endloop
  endfacet
  facet normal -0.57186 -0.431317 0.697812
    outer loop
      vertex -24.4237 -32.9315 2.46942
      vertex -22.7571 -33.5556 3.44945
      vertex -21.3373 -31.4369 5.92255
    endloop
  endfacet
  facet normal -0.571859 -0.431195 0.697888
    outer loop
      vertex -22.7571 -33.5556 3.44945
      vertex -24.4237 -32.9315 2.46942
      vertex -23.0429 -33.904 3
    endloop
  endfacet
  facet normal -0.571887 -0.431274 0.697817
    outer loop
      vertex -24.4237 -32.9315 2.46942
      vertex -21.3373 -31.4369 5.92255
      vertex -25.3901 -32.1773 2.14354
    endloop
  endfacet
  facet normal -0.0912817 -0.711344 0.696892
    outer loop
      vertex -15.1705 -38.0795 2.14125
      vertex -16.2471 -34.3516 5.80544
      vertex -16.5571 -34.1956 5.92407
    endloop
  endfacet
  facet normal -0.0913877 -0.711352 0.696869
    outer loop
      vertex -15.1705 -38.0795 2.14125
      vertex -14.542 -35.1074 5.25754
      vertex -16.2471 -34.3516 5.80544
    endloop
  endfacet
  facet normal -0.0913312 -0.711362 0.696867
    outer loop
      vertex -14.6887 -38.2653 2.01473
      vertex -14.542 -35.1074 5.25754
      vertex -15.1705 -38.0795 2.14125
    endloop
  endfacet
  facet normal -0.0914044 -0.711355 0.696864
    outer loop
      vertex -14.542 -35.1074 5.25754
      vertex -14.6887 -38.2653 2.01473
      vertex -13.6139 -35.4654 5.01383
    endloop
  endfacet
  facet normal -0.0876467 -0.710887 0.697824
    outer loop
      vertex -17.6105 -36.316 3.63167
      vertex -16.5571 -34.1956 5.92407
      vertex -16.7531 -34.0969 6
    endloop
  endfacet
  facet normal -0.0877548 -0.710905 0.697792
    outer loop
      vertex -17.5298 -37.0636 2.88017
      vertex -17.6105 -36.316 3.63167
      vertex -17.8391 -36.9078 3
    endloop
  endfacet
  facet normal -0.0875586 -0.710907 0.697815
    outer loop
      vertex -15.69 -37.8791 2.28022
      vertex -17.6105 -36.316 3.63167
      vertex -17.5298 -37.0636 2.88017
    endloop
  endfacet
  facet normal -0.0875661 -0.710911 0.697809
    outer loop
      vertex -17.6105 -36.316 3.63167
      vertex -15.69 -37.8791 2.28022
      vertex -16.5571 -34.1956 5.92407
    endloop
  endfacet
  facet normal -0.0875691 -0.710911 0.697809
    outer loop
      vertex -16.5571 -34.1956 5.92407
      vertex -15.69 -37.8791 2.28022
      vertex -15.1705 -38.0795 2.14125
    endloop
  endfacet
  facet normal 0.41272 -0.910858 0
    outer loop
      vertex 14.7333 -35.5694 0
      vertex 17.0281 -34.5296 3.9
      vertex 14.7333 -35.5694 3.9
    endloop
  endfacet
  facet normal 0.41272 -0.910858 0
    outer loop
      vertex 17.0281 -34.5296 3.9
      vertex 14.7333 -35.5694 0
      vertex 17.0281 -34.5296 0
    endloop
  endfacet
  facet normal 0.0327325 -0.999464 0
    outer loop
      vertex 0 -38.5 0.9
      vertex 0 -38.5 0
      vertex 1.6 -38.4476 0.9
    endloop
  endfacet
  facet normal 0.0326616 -0.999466 0
    outer loop
      vertex 1.6 -38.4476 0.9
      vertex 2.51802 -38.4176 3.9
      vertex 1.6 -38.4476 3.9
    endloop
  endfacet
  facet normal 0.0326616 -0.999466 0
    outer loop
      vertex 1.6 -38.4476 0.9
      vertex 2.51802 -38.4176 0
      vertex 2.51802 -38.4176 3.9
    endloop
  endfacet
  facet normal 0.0327066 -0.999465 4.59763e-05
    outer loop
      vertex 2.51802 -38.4176 0
      vertex 1.6 -38.4476 0.9
      vertex 0 -38.5 0
    endloop
  endfacet
  facet normal 0.881926 0.471387 0
    outer loop
      vertex 34.5296 17.0281 3.9
      vertex 33.342 19.25 0
      vertex 33.342 19.25 3.9
    endloop
  endfacet
  facet normal 0.881926 0.471387 0
    outer loop
      vertex 33.342 19.25 0
      vertex 34.5296 17.0281 3.9
      vertex 34.5296 17.0281 0
    endloop
  endfacet
  facet normal -0.973876 0.227081 0
    outer loop
      vertex -37.7602 7.51098 0
      vertex -37.1881 9.96453 3.9
      vertex -37.1881 9.96453 0
    endloop
  endfacet
  facet normal -0.973876 0.227081 0
    outer loop
      vertex -37.1881 9.96453 3.9
      vertex -37.7602 7.51098 0
      vertex -37.7602 7.51098 3.9
    endloop
  endfacet
  facet normal 0.582495 0.812834 -0
    outer loop
      vertex 23.4373 30.5441 0
      vertex 21.3895 32.0116 3.9
      vertex 23.4373 30.5441 3.9
    endloop
  endfacet
  facet normal 0.582495 0.812834 0
    outer loop
      vertex 21.3895 32.0116 3.9
      vertex 23.4373 30.5441 0
      vertex 21.3895 32.0116 0
    endloop
  endfacet
  facet normal 0.52806 0.849207 -0
    outer loop
      vertex 21.3895 32.0116 0
      vertex 19.25 33.342 3.9
      vertex 21.3895 32.0116 3.9
    endloop
  endfacet
  facet normal 0.52806 0.849207 0
    outer loop
      vertex 19.25 33.342 3.9
      vertex 21.3895 32.0116 0
      vertex 19.25 33.342 0
    endloop
  endfacet
  facet normal -0.773005 0.6344 0
    outer loop
      vertex -30.5441 23.4373 0
      vertex -28.9458 25.3848 3.9
      vertex -28.9458 25.3848 0
    endloop
  endfacet
  facet normal -0.773005 0.6344 0
    outer loop
      vertex -28.9458 25.3848 3.9
      vertex -30.5441 23.4373 0
      vertex -30.5441 23.4373 3.9
    endloop
  endfacet
  facet normal -0.683587 0.729869 0
    outer loop
      vertex -25.3848 28.9458 0
      vertex -27.2236 27.2236 3.9
      vertex -25.3848 28.9458 3.9
    endloop
  endfacet
  facet normal -0.683587 0.729869 0
    outer loop
      vertex -27.2236 27.2236 3.9
      vertex -25.3848 28.9458 0
      vertex -27.2236 27.2236 0
    endloop
  endfacet
  facet normal 0.162898 -0.986643 0
    outer loop
      vertex 5.02526 -38.1706 0
      vertex 7.51098 -37.7602 3.9
      vertex 5.02526 -38.1706 3.9
    endloop
  endfacet
  facet normal 0.162898 -0.986643 0
    outer loop
      vertex 7.51098 -37.7602 3.9
      vertex 5.02526 -38.1706 0
      vertex 7.51098 -37.7602 0
    endloop
  endfacet
  facet normal -0.881926 0.471387 0
    outer loop
      vertex -34.5296 17.0281 0
      vertex -33.342 19.25 3.9
      vertex -33.342 19.25 0
    endloop
  endfacet
  facet normal -0.881926 0.471387 0
    outer loop
      vertex -33.342 19.25 3.9
      vertex -34.5296 17.0281 0
      vertex -34.5296 17.0281 3.9
    endloop
  endfacet
  facet normal 0.935913 0.352232 0
    outer loop
      vertex 36.4568 12.3754 3.9
      vertex 35.5694 14.7333 0
      vertex 35.5694 14.7333 3.9
    endloop
  endfacet
  facet normal 0.935913 0.352232 0
    outer loop
      vertex 35.5694 14.7333 0
      vertex 36.4568 12.3754 3.9
      vertex 36.4568 12.3754 0
    endloop
  endfacet
  facet normal -0.162898 -0.986643 0
    outer loop
      vertex -7.51098 -37.7602 0
      vertex -5.02526 -38.1706 3.9
      vertex -7.51098 -37.7602 3.9
    endloop
  endfacet
  facet normal -0.162898 -0.986643 -0
    outer loop
      vertex -5.02526 -38.1706 3.9
      vertex -7.51098 -37.7602 0
      vertex -5.02526 -38.1706 0
    endloop
  endfacet
  facet normal 0.162898 0.986643 -0
    outer loop
      vertex 7.51098 37.7602 0
      vertex 5.02526 38.1706 3.9
      vertex 7.51098 37.7602 3.9
    endloop
  endfacet
  facet normal 0.162898 0.986643 0
    outer loop
      vertex 5.02526 38.1706 3.9
      vertex 7.51098 37.7602 0
      vertex 5.02526 38.1706 0
    endloop
  endfacet
  facet normal 0.729869 -0.683587 0
    outer loop
      vertex 27.2236 -27.2236 3.9
      vertex 28.9458 -25.3848 0
      vertex 28.9458 -25.3848 3.9
    endloop
  endfacet
  facet normal 0.729869 -0.683587 0
    outer loop
      vertex 28.9458 -25.3848 0
      vertex 27.2236 -27.2236 3.9
      vertex 27.2236 -27.2236 0
    endloop
  endfacet
  facet normal 0.973862 0.227141 0
    outer loop
      vertex 37.4933 8.65599 3.9
      vertex 37.1881 9.96453 0
      vertex 37.1881 9.96453 3.9
    endloop
  endfacet
  facet normal 0.973862 0.227141 0
    outer loop
      vertex 37.1881 9.96453 0
      vertex 37.4933 8.65599 3.9
      vertex 37.4933 8.65599 0
    endloop
  endfacet
  facet normal 0.910858 -0.41272 0
    outer loop
      vertex 34.5296 -17.0281 3.9
      vertex 35.5694 -14.7333 0
      vertex 35.5694 -14.7333 3.9
    endloop
  endfacet
  facet normal 0.910858 -0.41272 0
    outer loop
      vertex 35.5694 -14.7333 0
      vertex 34.5296 -17.0281 3.9
      vertex 34.5296 -17.0281 0
    endloop
  endfacet
  facet normal -0.0980401 -0.995182 0
    outer loop
      vertex -5.02526 -38.1706 0
      vertex -2.51802 -38.4176 3.9
      vertex -5.02526 -38.1706 3.9
    endloop
  endfacet
  facet normal -0.0980401 -0.995182 -0
    outer loop
      vertex -2.51802 -38.4176 3.9
      vertex -5.02526 -38.1706 0
      vertex -2.51802 -38.4176 0
    endloop
  endfacet
  facet normal -0.956944 0.290274 0
    outer loop
      vertex -37.1881 9.96453 0
      vertex -36.4568 12.3754 3.9
      vertex -36.4568 12.3754 0
    endloop
  endfacet
  facet normal -0.956944 0.290274 0
    outer loop
      vertex -36.4568 12.3754 3.9
      vertex -37.1881 9.96453 0
      vertex -37.1881 9.96453 3.9
    endloop
  endfacet
  facet normal 0.582495 -0.812834 0
    outer loop
      vertex 21.3895 -32.0116 0
      vertex 23.4373 -30.5441 3.9
      vertex 21.3895 -32.0116 3.9
    endloop
  endfacet
  facet normal 0.582495 -0.812834 0
    outer loop
      vertex 23.4373 -30.5441 3.9
      vertex 21.3895 -32.0116 0
      vertex 23.4373 -30.5441 0
    endloop
  endfacet
  facet normal -0.935913 0.352232 0
    outer loop
      vertex -36.4568 12.3754 0
      vertex -35.5694 14.7333 3.9
      vertex -35.5694 14.7333 0
    endloop
  endfacet
  facet normal -0.935913 0.352232 0
    outer loop
      vertex -35.5694 14.7333 3.9
      vertex -36.4568 12.3754 0
      vertex -36.4568 12.3754 3.9
    endloop
  endfacet
  facet normal -0.773005 -0.6344 0
    outer loop
      vertex -28.9458 -25.3848 0
      vertex -30.5441 -23.4373 3.9
      vertex -30.5441 -23.4373 0
    endloop
  endfacet
  facet normal -0.773005 -0.6344 0
    outer loop
      vertex -30.5441 -23.4373 3.9
      vertex -28.9458 -25.3848 0
      vertex -28.9458 -25.3848 3.9
    endloop
  endfacet
  facet normal -0.0327066 0.999465 0
    outer loop
      vertex 0 38.5 0
      vertex -2.51802 38.4176 3.9
      vertex 0 38.5 3.9
    endloop
  endfacet
  facet normal -0.0327066 0.999465 0
    outer loop
      vertex -2.51802 38.4176 3.9
      vertex 0 38.5 0
      vertex -2.51802 38.4176 0
    endloop
  endfacet
  facet normal 0.0980401 -0.995182 0
    outer loop
      vertex 2.51802 -38.4176 0
      vertex 5.02526 -38.1706 3.9
      vertex 2.51802 -38.4176 3.9
    endloop
  endfacet
  facet normal 0.0980401 -0.995182 0
    outer loop
      vertex 5.02526 -38.1706 3.9
      vertex 2.51802 -38.4176 0
      vertex 5.02526 -38.1706 0
    endloop
  endfacet
  facet normal 0.6344 0.773005 -0
    outer loop
      vertex 25.3848 28.9458 0
      vertex 23.4373 30.5441 3.9
      vertex 25.3848 28.9458 3.9
    endloop
  endfacet
  facet normal 0.6344 0.773005 0
    outer loop
      vertex 23.4373 30.5441 3.9
      vertex 25.3848 28.9458 0
      vertex 23.4373 30.5441 0
    endloop
  endfacet
  facet normal 0.812834 -0.582495 0
    outer loop
      vertex 30.5441 -23.4373 3.9
      vertex 32.0116 -21.3895 0
      vertex 32.0116 -21.3895 3.9
    endloop
  endfacet
  facet normal 0.812834 -0.582495 0
    outer loop
      vertex 32.0116 -21.3895 0
      vertex 30.5441 -23.4373 3.9
      vertex 30.5441 -23.4373 0
    endloop
  endfacet
  facet normal 0.881926 -0.471387 0
    outer loop
      vertex 33.342 -19.25 3.9
      vertex 34.5296 -17.0281 0
      vertex 34.5296 -17.0281 3.9
    endloop
  endfacet
  facet normal 0.881926 -0.471387 0
    outer loop
      vertex 34.5296 -17.0281 0
      vertex 33.342 -19.25 3.9
      vertex 33.342 -19.25 0
    endloop
  endfacet
  facet normal -0.634401 0.773004 0
    outer loop
      vertex -24.2164 29.9047 0
      vertex -25.3848 28.9458 3.9
      vertex -24.2164 29.9047 3.9
    endloop
  endfacet
  facet normal -0.634401 0.773004 0
    outer loop
      vertex -25.3848 28.9458 3.9
      vertex -24.2164 29.9047 0
      vertex -25.3848 28.9458 0
    endloop
  endfacet
  facet normal -0.999465 0.0327066 0
    outer loop
      vertex -38.5 0 0
      vertex -38.4176 2.51802 3.9
      vertex -38.4176 2.51802 0
    endloop
  endfacet
  facet normal -0.999465 0.0327066 0
    outer loop
      vertex -38.4176 2.51802 3.9
      vertex -38.5 0 0
      vertex -38.5 0 3.9
    endloop
  endfacet
  facet normal 0.849207 0.52806 0
    outer loop
      vertex 33.342 19.25 3.9
      vertex 32.0116 21.3895 0
      vertex 32.0116 21.3895 3.9
    endloop
  endfacet
  facet normal 0.849207 0.52806 0
    outer loop
      vertex 32.0116 21.3895 0
      vertex 33.342 19.25 3.9
      vertex 33.342 19.25 0
    endloop
  endfacet
  facet normal 0.52806 -0.849207 0
    outer loop
      vertex 19.25 -33.342 0
      vertex 21.3895 -32.0116 3.9
      vertex 19.25 -33.342 3.9
    endloop
  endfacet
  facet normal 0.52806 -0.849207 0
    outer loop
      vertex 21.3895 -32.0116 3.9
      vertex 19.25 -33.342 0
      vertex 21.3895 -32.0116 0
    endloop
  endfacet
  facet normal -0.729869 -0.683587 0
    outer loop
      vertex -27.2236 -27.2236 0
      vertex -28.9458 -25.3848 3.9
      vertex -28.9458 -25.3848 0
    endloop
  endfacet
  facet normal -0.729869 -0.683587 0
    outer loop
      vertex -28.9458 -25.3848 3.9
      vertex -27.2236 -27.2236 0
      vertex -27.2236 -27.2236 3.9
    endloop
  endfacet
  facet normal 0.471387 0.881926 -0
    outer loop
      vertex 19.25 33.342 0
      vertex 17.0281 34.5296 3.9
      vertex 19.25 33.342 3.9
    endloop
  endfacet
  facet normal 0.471387 0.881926 0
    outer loop
      vertex 17.0281 34.5296 3.9
      vertex 19.25 33.342 0
      vertex 17.0281 34.5296 0
    endloop
  endfacet
  facet normal -0.634401 -0.773004 0
    outer loop
      vertex -25.3848 -28.9458 0
      vertex -24.2164 -29.9047 3.9
      vertex -25.3848 -28.9458 3.9
    endloop
  endfacet
  facet normal -0.634401 -0.773004 -0
    outer loop
      vertex -24.2164 -29.9047 3.9
      vertex -25.3848 -28.9458 0
      vertex -24.2164 -29.9047 0
    endloop
  endfacet
  facet normal -0.162898 0.986643 0
    outer loop
      vertex -5.02526 38.1706 0
      vertex -7.51098 37.7602 3.9
      vertex -5.02526 38.1706 3.9
    endloop
  endfacet
  facet normal -0.162898 0.986643 0
    outer loop
      vertex -7.51098 37.7602 3.9
      vertex -5.02526 38.1706 0
      vertex -7.51098 37.7602 0
    endloop
  endfacet
  facet normal -0.910858 -0.41272 0
    outer loop
      vertex -34.5296 -17.0281 0
      vertex -35.5694 -14.7333 3.9
      vertex -35.5694 -14.7333 0
    endloop
  endfacet
  facet normal -0.910858 -0.41272 0
    outer loop
      vertex -35.5694 -14.7333 3.9
      vertex -34.5296 -17.0281 0
      vertex -34.5296 -17.0281 3.9
    endloop
  endfacet
  facet normal 0.973862 -0.227141 0
    outer loop
      vertex 37.1881 -9.96453 3.9
      vertex 37.4933 -8.65599 0
      vertex 37.4933 -8.65599 3.9
    endloop
  endfacet
  facet normal 0.973862 -0.227141 0
    outer loop
      vertex 37.4933 -8.65599 0
      vertex 37.1881 -9.96453 3.9
      vertex 37.1881 -9.96453 0
    endloop
  endfacet
  facet normal 0.0980401 0.995182 -0
    outer loop
      vertex 5.02526 38.1706 0
      vertex 2.51802 38.4176 3.9
      vertex 5.02526 38.1706 3.9
    endloop
  endfacet
  facet normal 0.0980401 0.995182 0
    outer loop
      vertex 2.51802 38.4176 3.9
      vertex 5.02526 38.1706 0
      vertex 2.51802 38.4176 0
    endloop
  endfacet
  facet normal -0.849207 -0.52806 0
    outer loop
      vertex -32.0116 -21.3895 0
      vertex -33.342 -19.25 3.9
      vertex -33.342 -19.25 0
    endloop
  endfacet
  facet normal -0.849207 -0.52806 0
    outer loop
      vertex -33.342 -19.25 3.9
      vertex -32.0116 -21.3895 0
      vertex -32.0116 -21.3895 3.9
    endloop
  endfacet
  facet normal 0.683587 0.729869 -0
    outer loop
      vertex 27.2236 27.2236 0
      vertex 25.3848 28.9458 3.9
      vertex 27.2236 27.2236 3.9
    endloop
  endfacet
  facet normal 0.683587 0.729869 0
    outer loop
      vertex 25.3848 28.9458 3.9
      vertex 27.2236 27.2236 0
      vertex 25.3848 28.9458 0
    endloop
  endfacet
  facet normal 0.0327066 0.999465 -0
    outer loop
      vertex 2.51802 38.4176 0
      vertex 0 38.5 3.9
      vertex 2.51802 38.4176 3.9
    endloop
  endfacet
  facet normal 0.0327066 0.999465 0
    outer loop
      vertex 0 38.5 3.9
      vertex 2.51802 38.4176 0
      vertex 0 38.5 0
    endloop
  endfacet
  facet normal 0.956944 0.290274 0
    outer loop
      vertex 37.1881 9.96453 3.9
      vertex 36.4568 12.3754 0
      vertex 36.4568 12.3754 3.9
    endloop
  endfacet
  facet normal 0.956944 0.290274 0
    outer loop
      vertex 36.4568 12.3754 0
      vertex 37.1881 9.96453 3.9
      vertex 37.1881 9.96453 0
    endloop
  endfacet
  facet normal 0.41272 0.910858 -0
    outer loop
      vertex 17.0281 34.5296 0
      vertex 14.7333 35.5694 3.9
      vertex 17.0281 34.5296 3.9
    endloop
  endfacet
  facet normal 0.41272 0.910858 0
    outer loop
      vertex 14.7333 35.5694 3.9
      vertex 17.0281 34.5296 0
      vertex 14.7333 35.5694 0
    endloop
  endfacet
  facet normal 0.773005 -0.6344 0
    outer loop
      vertex 28.9458 -25.3848 3.9
      vertex 30.5441 -23.4373 0
      vertex 30.5441 -23.4373 3.9
    endloop
  endfacet
  facet normal 0.773005 -0.6344 0
    outer loop
      vertex 30.5441 -23.4373 0
      vertex 28.9458 -25.3848 3.9
      vertex 28.9458 -25.3848 0
    endloop
  endfacet
  facet normal 0 0 1
    outer loop
      vertex 34.5296 -17.0281 3.9
      vertex 20.6012 -10.1594 3.9
      vertex 33.342 -19.25 3.9
    endloop
  endfacet
  facet normal -0 0 1
    outer loop
      vertex 19.8926 -11.485 3.9
      vertex 33.342 -19.25 3.9
      vertex 20.6012 -10.1594 3.9
    endloop
  endfacet
  facet normal 0 0 1
    outer loop
      vertex 33.342 -19.25 3.9
      vertex 19.8926 -11.485 3.9
      vertex 32.0116 -21.3895 3.9
    endloop
  endfacet
  facet normal -0 0 1
    outer loop
      vertex 19.0989 -12.7614 3.9
      vertex 32.0116 -21.3895 3.9
      vertex 19.8926 -11.485 3.9
    endloop
  endfacet
  facet normal 0 0 1
    outer loop
      vertex 32.0116 -21.3895 3.9
      vertex 19.0989 -12.7614 3.9
      vertex 30.5441 -23.4373 3.9
    endloop
  endfacet
  facet normal -0 0 1
    outer loop
      vertex 18.2233 -13.9832 3.9
      vertex 30.5441 -23.4373 3.9
      vertex 19.0989 -12.7614 3.9
    endloop
  endfacet
  facet normal 0 0 1
    outer loop
      vertex 30.5441 -23.4373 3.9
      vertex 18.2233 -13.9832 3.9
      vertex 28.9458 -25.3848 3.9
    endloop
  endfacet
  facet normal -0 0 1
    outer loop
      vertex 17.2698 -15.1452 3.9
      vertex 28.9458 -25.3848 3.9
      vertex 18.2233 -13.9832 3.9
    endloop
  endfacet
  facet normal 0 0 1
    outer loop
      vertex 28.9458 -25.3848 3.9
      vertex 17.2698 -15.1452 3.9
      vertex 27.2236 -27.2236 3.9
    endloop
  endfacet
  facet normal -0 0 1
    outer loop
      vertex 16.2422 -16.2422 3.9
      vertex 27.2236 -27.2236 3.9
      vertex 17.2698 -15.1452 3.9
    endloop
  endfacet
  facet normal 0 0 1
    outer loop
      vertex 27.2236 -27.2236 3.9
      vertex 16.2422 -16.2422 3.9
      vertex 25.3848 -28.9458 3.9
    endloop
  endfacet
  facet normal -0 0 1
    outer loop
      vertex 15.1452 -17.2698 3.9
      vertex 25.3848 -28.9458 3.9
      vertex 16.2422 -16.2422 3.9
    endloop
  endfacet
  facet normal 0 0 1
    outer loop
      vertex 25.3848 -28.9458 3.9
      vertex 15.1452 -17.2698 3.9
      vertex 23.4373 -30.5441 3.9
    endloop
  endfacet
  facet normal -0 0 1
    outer loop
      vertex 13.9832 -18.2233 3.9
      vertex 23.4373 -30.5441 3.9
      vertex 15.1452 -17.2698 3.9
    endloop
  endfacet
  facet normal 0 0 1
    outer loop
      vertex 23.4373 -30.5441 3.9
      vertex 13.9832 -18.2233 3.9
      vertex 21.3895 -32.0116 3.9
    endloop
  endfacet
  facet normal -0 0 1
    outer loop
      vertex 12.7614 -19.0989 3.9
      vertex 21.3895 -32.0116 3.9
      vertex 13.9832 -18.2233 3.9
    endloop
  endfacet
  facet normal 0 0 1
    outer loop
      vertex 21.3895 -32.0116 3.9
      vertex 12.7614 -19.0989 3.9
      vertex 19.25 -33.342 3.9
    endloop
  endfacet
  facet normal -0 0 1
    outer loop
      vertex 11.485 -19.8926 3.9
      vertex 19.25 -33.342 3.9
      vertex 12.7614 -19.0989 3.9
    endloop
  endfacet
  facet normal 0 0 1
    outer loop
      vertex 19.25 -33.342 3.9
      vertex 11.485 -19.8926 3.9
      vertex 17.0281 -34.5296 3.9
    endloop
  endfacet
  facet normal -0 0 1
    outer loop
      vertex 10.1594 -20.6012 3.9
      vertex 17.0281 -34.5296 3.9
      vertex 11.485 -19.8926 3.9
    endloop
  endfacet
  facet normal 0 0 1
    outer loop
      vertex 17.0281 -34.5296 3.9
      vertex 10.1594 -20.6012 3.9
      vertex 14.7333 -35.5694 3.9
    endloop
  endfacet
  facet normal -0 0 1
    outer loop
      vertex 8.79024 -21.2215 3.9
      vertex 14.7333 -35.5694 3.9
      vertex 10.1594 -20.6012 3.9
    endloop
  endfacet
  facet normal 0 0 1
    outer loop
      vertex 14.7333 -35.5694 3.9
      vertex 8.79024 -21.2215 3.9
      vertex 12.3754 -36.4568 3.9
    endloop
  endfacet
  facet normal -0 0 1
    outer loop
      vertex 7.38346 -21.751 3.9
      vertex 12.3754 -36.4568 3.9
      vertex 8.79024 -21.2215 3.9
    endloop
  endfacet
  facet normal 0 0 1
    outer loop
      vertex 12.3754 -36.4568 3.9
      vertex 7.38346 -21.751 3.9
      vertex 9.96453 -37.1881 3.9
    endloop
  endfacet
  facet normal -0 0 1
    outer loop
      vertex 5.94507 -22.1873 3.9
      vertex 9.96453 -37.1881 3.9
      vertex 7.38346 -21.751 3.9
    endloop
  endfacet
  facet normal -0 0 1
    outer loop
      vertex 1.6 -33.4694 3.9
      vertex 9.96453 -37.1881 3.9
      vertex 5.94507 -22.1873 3.9
    endloop
  endfacet
  facet normal -0 -0 1
    outer loop
      vertex 1.73867 -33.8041 3.9
      vertex 9.96453 -37.1881 3.9
      vertex 1.6 -33.4694 3.9
    endloop
  endfacet
  facet normal 0 0 1
    outer loop
      vertex 1.6 -33.4694 3.9
      vertex 5.94507 -22.1873 3.9
      vertex 4.48122 -22.5286 3.9
    endloop
  endfacet
  facet normal 0 0 1
    outer loop
      vertex 1.6 -33.4694 3.9
      vertex 4.48122 -22.5286 3.9
      vertex 2.99819 -22.7735 3.9
    endloop
  endfacet
  facet normal -0 -0 1
    outer loop
      vertex 1.8 -34.27 3.9
      vertex 7.51098 -37.7602 3.9
      vertex 1.73867 -33.8041 3.9
    endloop
  endfacet
  facet normal -0 0 1
    outer loop
      vertex 1.73867 -34.7359 3.9
      vertex 5.02526 -38.1706 3.9
      vertex 1.8 -34.27 3.9
    endloop
  endfacet
  facet normal 0 0 1
    outer loop
      vertex 7.51098 -37.7602 3.9
      vertex 1.8 -34.27 3.9
      vertex 5.02526 -38.1706 3.9
    endloop
  endfacet
  facet normal 0 0 1
    outer loop
      vertex 1.6 -33.4694 3.9
      vertex 2.99819 -22.7735 3.9
      vertex 1.6 -22.9112 3.9
    endloop
  endfacet
  facet normal 0 0 1
    outer loop
      vertex 9.96453 -37.1881 3.9
      vertex 1.73867 -33.8041 3.9
      vertex 7.51098 -37.7602 3.9
    endloop
  endfacet
  facet normal -0 0 1
    outer loop
      vertex 1.6 -35.0706 3.9
      vertex 5.02526 -38.1706 3.9
      vertex 1.73867 -34.7359 3.9
    endloop
  endfacet
  facet normal 0 0 1
    outer loop
      vertex 5.02526 -38.1706 3.9
      vertex 1.6 -35.0706 3.9
      vertex 2.51802 -38.4176 3.9
    endloop
  endfacet
  facet normal 0 0 1
    outer loop
      vertex 2.51802 -38.4176 3.9
      vertex 1.6 -35.0706 3.9
      vertex 1.6 -38.4476 3.9
    endloop
  endfacet
  facet normal -0 0 1
    outer loop
      vertex -17.9131 33.513 3.9
      vertex -10.1594 20.6012 3.9
      vertex -16.2471 34.3516 3.9
    endloop
  endfacet
  facet normal 0 0 1
    outer loop
      vertex -10.1594 20.6012 3.9
      vertex -17.9131 33.513 3.9
      vertex -11.485 19.8926 3.9
    endloop
  endfacet
  facet normal -0 0 1
    outer loop
      vertex -19.5359 32.5937 3.9
      vertex -11.485 19.8926 3.9
      vertex -17.9131 33.513 3.9
    endloop
  endfacet
  facet normal 0 0 1
    outer loop
      vertex -11.485 19.8926 3.9
      vertex -19.5359 32.5937 3.9
      vertex -12.7614 19.0989 3.9
    endloop
  endfacet
  facet normal -0 0 1
    outer loop
      vertex -21.1117 31.5958 3.9
      vertex -12.7614 19.0989 3.9
      vertex -19.5359 32.5937 3.9
    endloop
  endfacet
  facet normal -0 0 1
    outer loop
      vertex -22.6366 30.5219 3.9
      vertex -12.7614 19.0989 3.9
      vertex -21.1117 31.5958 3.9
    endloop
  endfacet
  facet normal 0 0 1
    outer loop
      vertex -12.7614 19.0989 3.9
      vertex -22.6366 30.5219 3.9
      vertex -13.9832 18.2233 3.9
    endloop
  endfacet
  facet normal -0 0 1
    outer loop
      vertex -23.9108 29.5274 3.9
      vertex -13.9832 18.2233 3.9
      vertex -22.6366 30.5219 3.9
    endloop
  endfacet
  facet normal 0 0 1
    outer loop
      vertex -13.9832 18.2233 3.9
      vertex -23.9108 29.5274 3.9
      vertex -15.1452 17.2698 3.9
    endloop
  endfacet
  facet normal 0 0 1
    outer loop
      vertex -15.1452 17.2698 3.9
      vertex -23.9108 29.5274 3.9
      vertex -16.2422 16.2422 3.9
    endloop
  endfacet
  facet normal -0 0 1
    outer loop
      vertex -27.2236 27.2236 3.9
      vertex -16.2422 16.2422 3.9
      vertex -23.9108 29.5274 3.9
    endloop
  endfacet
  facet normal -0 0 1
    outer loop
      vertex -28.1198 18.035 3.9
      vertex -16.2422 16.2422 3.9
      vertex -27.2236 27.2236 3.9
    endloop
  endfacet
  facet normal 0 0 1
    outer loop
      vertex -16.2422 16.2422 3.9
      vertex -27.94 17.6009 3.9
      vertex -17.2698 15.1452 3.9
    endloop
  endfacet
  facet normal 0 0 1
    outer loop
      vertex -17.2698 15.1452 3.9
      vertex -27.94 17.6009 3.9
      vertex -18.2233 13.9832 3.9
    endloop
  endfacet
  facet normal 0 0 1
    outer loop
      vertex -18.2233 13.9832 3.9
      vertex -27.8787 17.135 3.9
      vertex -19.0989 12.7614 3.9
    endloop
  endfacet
  facet normal 0 0 1
    outer loop
      vertex -19.8926 11.485 3.9
      vertex -28.1198 16.235 3.9
      vertex -20.6012 10.1594 3.9
    endloop
  endfacet
  facet normal -0 0 1
    outer loop
      vertex -28.4059 15.8622 3.9
      vertex -20.6012 10.1594 3.9
      vertex -28.1198 16.235 3.9
    endloop
  endfacet
  facet normal 0 0 1
    outer loop
      vertex -19.0989 12.7614 3.9
      vertex -27.94 16.6691 3.9
      vertex -19.8926 11.485 3.9
    endloop
  endfacet
  facet normal -0 0 1
    outer loop
      vertex -28.7787 15.5762 3.9
      vertex -20.6012 10.1594 3.9
      vertex -28.4059 15.8622 3.9
    endloop
  endfacet
  facet normal 0 0 1
    outer loop
      vertex -20.6012 10.1594 3.9
      vertex -28.7787 15.5762 3.9
      vertex -21.2215 8.79024 3.9
    endloop
  endfacet
  facet normal -0 0 1
    outer loop
      vertex -29.2128 15.3963 3.9
      vertex -21.2215 8.79024 3.9
      vertex -28.7787 15.5762 3.9
    endloop
  endfacet
  facet normal -0 0 1
    outer loop
      vertex -27.94 16.6691 3.9
      vertex -19.0989 12.7614 3.9
      vertex -27.8787 17.135 3.9
    endloop
  endfacet
  facet normal 0 0 1
    outer loop
      vertex 37.1881 9.96453 3.9
      vertex 37.0156 8.54571 3.9
      vertex 37.4933 8.65599 3.9
    endloop
  endfacet
  facet normal 0 0 1
    outer loop
      vertex 30.1446 15.3963 3.9
      vertex 37.0156 8.54571 3.9
      vertex 36.4568 12.3754 3.9
    endloop
  endfacet
  facet normal 0 0 1
    outer loop
      vertex 36.4568 12.3754 3.9
      vertex 37.0156 8.54571 3.9
      vertex 37.1881 9.96453 3.9
    endloop
  endfacet
  facet normal 0 0 1
    outer loop
      vertex 37.9542 1.86457 3.9
      vertex 37.9542 -1.86457 3.9
      vertex 38 0 3.9
    endloop
  endfacet
  facet normal 0 0 1
    outer loop
      vertex 37.817 3.72465 3.9
      vertex 37.9542 -1.86457 3.9
      vertex 37.9542 1.86457 3.9
    endloop
  endfacet
  facet normal 0 0 1
    outer loop
      vertex 37.817 3.72465 3.9
      vertex 37.817 -3.72465 3.9
      vertex 37.9542 -1.86457 3.9
    endloop
  endfacet
  facet normal 0 0 1
    outer loop
      vertex 37.5887 5.57576 3.9
      vertex 37.817 -3.72465 3.9
      vertex 37.817 3.72465 3.9
    endloop
  endfacet
  facet normal 0 0 1
    outer loop
      vertex 37.5887 5.57576 3.9
      vertex 37.5887 -5.57576 3.9
      vertex 37.817 -3.72465 3.9
    endloop
  endfacet
  facet normal 0 0 1
    outer loop
      vertex 37.2698 7.41343 3.9
      vertex 37.5887 -5.57576 3.9
      vertex 37.5887 5.57576 3.9
    endloop
  endfacet
  facet normal 0 0 1
    outer loop
      vertex 37.2698 7.41343 3.9
      vertex 37.2698 -7.41343 3.9
      vertex 37.5887 -5.57576 3.9
    endloop
  endfacet
  facet normal 0 0 1
    outer loop
      vertex 37.0156 8.54571 3.9
      vertex 37.2698 -7.41343 3.9
      vertex 37.2698 7.41343 3.9
    endloop
  endfacet
  facet normal 0 0 1
    outer loop
      vertex 37.2698 -7.41343 3.9
      vertex 37.0156 8.54571 3.9
      vertex 37.0156 -8.54571 3.9
    endloop
  endfacet
  facet normal 0 0 1
    outer loop
      vertex 37.0156 -8.54571 3.9
      vertex 37.1881 -9.96453 3.9
      vertex 37.4933 -8.65599 3.9
    endloop
  endfacet
  facet normal 0 0 1
    outer loop
      vertex 37.0156 -8.54571 3.9
      vertex 36.4568 -12.3754 3.9
      vertex 37.1881 -9.96453 3.9
    endloop
  endfacet
  facet normal 0 -0 1
    outer loop
      vertex 22.97 0 3.9
      vertex 37.0156 8.54571 3.9
      vertex 22.9208 1.50231 3.9
    endloop
  endfacet
  facet normal 0 0 1
    outer loop
      vertex 30.5787 15.5762 3.9
      vertex 36.4568 12.3754 3.9
      vertex 35.5694 14.7333 3.9
    endloop
  endfacet
  facet normal -0 0 1
    outer loop
      vertex 22.9208 -1.50231 3.9
      vertex 37.0156 -8.54571 3.9
      vertex 22.97 0 3.9
    endloop
  endfacet
  facet normal -0 0 1
    outer loop
      vertex 31.2375 16.235 3.9
      vertex 35.5694 14.7333 3.9
      vertex 34.5296 17.0281 3.9
    endloop
  endfacet
  facet normal -0 0 1
    outer loop
      vertex 22.7735 -2.99819 3.9
      vertex 37.0156 -8.54571 3.9
      vertex 22.9208 -1.50231 3.9
    endloop
  endfacet
  facet normal -0 0 1
    outer loop
      vertex 31.4174 17.6009 3.9
      vertex 34.5296 17.0281 3.9
      vertex 33.342 19.25 3.9
    endloop
  endfacet
  facet normal 0 0 1
    outer loop
      vertex 35.5694 14.7333 3.9
      vertex 31.2375 16.235 3.9
      vertex 30.9515 15.8622 3.9
    endloop
  endfacet
  facet normal 0 0 1
    outer loop
      vertex 30.9515 18.4078 3.9
      vertex 33.342 19.25 3.9
      vertex 32.0116 21.3895 3.9
    endloop
  endfacet
  facet normal 0 0 1
    outer loop
      vertex 34.5296 17.0281 3.9
      vertex 31.4787 17.135 3.9
      vertex 31.4174 16.6691 3.9
    endloop
  endfacet
  facet normal 0 0 1
    outer loop
      vertex 34.5296 17.0281 3.9
      vertex 31.4174 16.6691 3.9
      vertex 31.2375 16.235 3.9
    endloop
  endfacet
  facet normal 0 0 1
    outer loop
      vertex 34.5296 17.0281 3.9
      vertex 31.4174 17.6009 3.9
      vertex 31.4787 17.135 3.9
    endloop
  endfacet
  facet normal 0 0 1
    outer loop
      vertex 33.342 19.25 3.9
      vertex 31.2375 18.035 3.9
      vertex 31.4174 17.6009 3.9
    endloop
  endfacet
  facet normal 0 0 1
    outer loop
      vertex 33.342 19.25 3.9
      vertex 30.9515 18.4078 3.9
      vertex 31.2375 18.035 3.9
    endloop
  endfacet
  facet normal 0 0 1
    outer loop
      vertex 32.0116 21.3895 3.9
      vertex 30.5787 18.6938 3.9
      vertex 30.9515 18.4078 3.9
    endloop
  endfacet
  facet normal 0 0 1
    outer loop
      vertex 29.6787 18.935 3.9
      vertex 32.0116 21.3895 3.9
      vertex 30.5441 23.4373 3.9
    endloop
  endfacet
  facet normal 0 0 1
    outer loop
      vertex 32.0116 21.3895 3.9
      vertex 30.1446 18.8737 3.9
      vertex 30.5787 18.6938 3.9
    endloop
  endfacet
  facet normal 0 0 1
    outer loop
      vertex 32.0116 21.3895 3.9
      vertex 29.6787 18.935 3.9
      vertex 30.1446 18.8737 3.9
    endloop
  endfacet
  facet normal 0 0 1
    outer loop
      vertex 30.5441 23.4373 3.9
      vertex 29.2128 18.8737 3.9
      vertex 29.6787 18.935 3.9
    endloop
  endfacet
  facet normal 0 0 1
    outer loop
      vertex 28.7787 18.6938 3.9
      vertex 30.5441 23.4373 3.9
      vertex 28.9458 25.3848 3.9
    endloop
  endfacet
  facet normal 0 0 1
    outer loop
      vertex 30.5441 23.4373 3.9
      vertex 28.7787 18.6938 3.9
      vertex 29.2128 18.8737 3.9
    endloop
  endfacet
  facet normal 0 0 1
    outer loop
      vertex 28.9458 25.3848 3.9
      vertex 28.4059 18.4078 3.9
      vertex 28.7787 18.6938 3.9
    endloop
  endfacet
  facet normal 0 0 1
    outer loop
      vertex 27.2236 27.2236 3.9
      vertex 28.4059 18.4078 3.9
      vertex 28.9458 25.3848 3.9
    endloop
  endfacet
  facet normal 0 0 1
    outer loop
      vertex 28.4059 18.4078 3.9
      vertex 27.2236 27.2236 3.9
      vertex 28.1198 18.035 3.9
    endloop
  endfacet
  facet normal 0 0 1
    outer loop
      vertex 16.2422 16.2422 3.9
      vertex 28.1198 18.035 3.9
      vertex 27.2236 27.2236 3.9
    endloop
  endfacet
  facet normal 0 0 1
    outer loop
      vertex 28.1198 18.035 3.9
      vertex 16.2422 16.2422 3.9
      vertex 27.94 17.6009 3.9
    endloop
  endfacet
  facet normal 0 0 1
    outer loop
      vertex -22.6366 -30.5219 3.9
      vertex -12.7614 -19.0989 3.9
      vertex -13.9832 -18.2233 3.9
    endloop
  endfacet
  facet normal 0 0 1
    outer loop
      vertex -12.7614 -19.0989 3.9
      vertex -14.542 -35.1074 3.9
      vertex -13.6139 -35.4654 3.9
    endloop
  endfacet
  facet normal 0 0 1
    outer loop
      vertex -23.9108 -29.5274 3.9
      vertex -13.9832 -18.2233 3.9
      vertex -15.1452 -17.2698 3.9
    endloop
  endfacet
  facet normal 0 0 1
    outer loop
      vertex -23.9108 -29.5274 3.9
      vertex -15.1452 -17.2698 3.9
      vertex -16.2422 -16.2422 3.9
    endloop
  endfacet
  facet normal 0 0 1
    outer loop
      vertex -12.7614 -19.0989 3.9
      vertex -16.2471 -34.3516 3.9
      vertex -14.542 -35.1074 3.9
    endloop
  endfacet
  facet normal 0 0 1
    outer loop
      vertex -27.2236 -27.2236 3.9
      vertex -16.2422 -16.2422 3.9
      vertex -17.2698 -15.1452 3.9
    endloop
  endfacet
  facet normal 0 0 1
    outer loop
      vertex -12.7614 -19.0989 3.9
      vertex -17.9131 -33.513 3.9
      vertex -16.2471 -34.3516 3.9
    endloop
  endfacet
  facet normal 0 0 1
    outer loop
      vertex -28.9458 -25.3848 3.9
      vertex -17.2698 -15.1452 3.9
      vertex -18.2233 -13.9832 3.9
    endloop
  endfacet
  facet normal 0 0 1
    outer loop
      vertex -30.5441 -23.4373 3.9
      vertex -18.2233 -13.9832 3.9
      vertex -19.0989 -12.7614 3.9
    endloop
  endfacet
  facet normal 0 0 1
    outer loop
      vertex -12.7614 -19.0989 3.9
      vertex -19.5359 -32.5937 3.9
      vertex -17.9131 -33.513 3.9
    endloop
  endfacet
  facet normal 0 0 1
    outer loop
      vertex -32.0116 -21.3895 3.9
      vertex -19.0989 -12.7614 3.9
      vertex -19.8926 -11.485 3.9
    endloop
  endfacet
  facet normal 0 0 1
    outer loop
      vertex -33.342 -19.25 3.9
      vertex -19.8926 -11.485 3.9
      vertex -20.6012 -10.1594 3.9
    endloop
  endfacet
  facet normal 0 0 1
    outer loop
      vertex -12.7614 -19.0989 3.9
      vertex -21.1117 -31.5958 3.9
      vertex -19.5359 -32.5937 3.9
    endloop
  endfacet
  facet normal 0 0 1
    outer loop
      vertex -34.5296 -17.0281 3.9
      vertex -20.6012 -10.1594 3.9
      vertex -21.2215 -8.79024 3.9
    endloop
  endfacet
  facet normal 0 0 1
    outer loop
      vertex -35.5694 -14.7333 3.9
      vertex -21.2215 -8.79024 3.9
      vertex -21.751 -7.38346 3.9
    endloop
  endfacet
  facet normal 0 0 1
    outer loop
      vertex -36.4568 -12.3754 3.9
      vertex -21.751 -7.38346 3.9
      vertex -22.1873 -5.94507 3.9
    endloop
  endfacet
  facet normal 0 0 1
    outer loop
      vertex -37.1881 -9.96453 3.9
      vertex -22.1873 -5.94507 3.9
      vertex -22.5286 -4.48122 3.9
    endloop
  endfacet
  facet normal 0 0 1
    outer loop
      vertex -12.7614 -19.0989 3.9
      vertex -22.6366 -30.5219 3.9
      vertex -21.1117 -31.5958 3.9
    endloop
  endfacet
  facet normal 0 0 1
    outer loop
      vertex -37.7602 -7.51098 3.9
      vertex -22.5286 -4.48122 3.9
      vertex -22.7735 -2.99819 3.9
    endloop
  endfacet
  facet normal 0 0 1
    outer loop
      vertex -38.1706 -5.02526 3.9
      vertex -22.7735 -2.99819 3.9
      vertex -22.9208 -1.50231 3.9
    endloop
  endfacet
  facet normal 0 0 1
    outer loop
      vertex -38.4176 -2.51802 3.9
      vertex -22.9208 -1.50231 3.9
      vertex -22.97 0 3.9
    endloop
  endfacet
  facet normal 0 0 1
    outer loop
      vertex -21.2215 8.79024 3.9
      vertex -29.2128 15.3963 3.9
      vertex -21.751 7.38346 3.9
    endloop
  endfacet
  facet normal -0 0 1
    outer loop
      vertex -29.6787 15.335 3.9
      vertex -22.1873 5.94507 3.9
      vertex -29.2128 15.3963 3.9
    endloop
  endfacet
  facet normal 0 0 1
    outer loop
      vertex -25.3848 28.9458 3.9
      vertex -23.9108 29.5274 3.9
      vertex -24.2164 29.9047 3.9
    endloop
  endfacet
  facet normal -0 0 1
    outer loop
      vertex -37.1881 9.96453 3.9
      vertex -22.1873 5.94507 3.9
      vertex -29.6787 15.335 3.9
    endloop
  endfacet
  facet normal 0 0 1
    outer loop
      vertex -27.2236 27.2236 3.9
      vertex -23.9108 29.5274 3.9
      vertex -25.3848 28.9458 3.9
    endloop
  endfacet
  facet normal 0 0 1
    outer loop
      vertex -22.1873 5.94507 3.9
      vertex -37.1881 9.96453 3.9
      vertex -22.5286 4.48122 3.9
    endloop
  endfacet
  facet normal -0 -0 1
    outer loop
      vertex -27.94 17.6009 3.9
      vertex -16.2422 16.2422 3.9
      vertex -28.1198 18.035 3.9
    endloop
  endfacet
  facet normal 0 0 1
    outer loop
      vertex -21.751 7.38346 3.9
      vertex -29.2128 15.3963 3.9
      vertex -22.1873 5.94507 3.9
    endloop
  endfacet
  facet normal 0 0 1
    outer loop
      vertex -13.9832 -18.2233 3.9
      vertex -23.9108 -29.5274 3.9
      vertex -22.6366 -30.5219 3.9
    endloop
  endfacet
  facet normal -0 0 1
    outer loop
      vertex -28.1198 16.235 3.9
      vertex -19.8926 11.485 3.9
      vertex -27.94 16.6691 3.9
    endloop
  endfacet
  facet normal -0 -0 1
    outer loop
      vertex -27.8787 17.135 3.9
      vertex -18.2233 13.9832 3.9
      vertex -27.94 17.6009 3.9
    endloop
  endfacet
  facet normal 0 0 1
    outer loop
      vertex -27.2236 27.2236 3.9
      vertex -28.4059 18.4078 3.9
      vertex -28.1198 18.035 3.9
    endloop
  endfacet
  facet normal -0 0 1
    outer loop
      vertex -28.9458 25.3848 3.9
      vertex -28.4059 18.4078 3.9
      vertex -27.2236 27.2236 3.9
    endloop
  endfacet
  facet normal 0 0 1
    outer loop
      vertex -28.4059 18.4078 3.9
      vertex -28.9458 25.3848 3.9
      vertex -28.7787 18.6938 3.9
    endloop
  endfacet
  facet normal -0 0 1
    outer loop
      vertex -30.5441 23.4373 3.9
      vertex -28.7787 18.6938 3.9
      vertex -28.9458 25.3848 3.9
    endloop
  endfacet
  facet normal 0 0 1
    outer loop
      vertex -28.7787 18.6938 3.9
      vertex -30.5441 23.4373 3.9
      vertex -29.2128 18.8737 3.9
    endloop
  endfacet
  facet normal 0 0 1
    outer loop
      vertex -29.2128 18.8737 3.9
      vertex -30.5441 23.4373 3.9
      vertex -29.6787 18.935 3.9
    endloop
  endfacet
  facet normal -0 0 1
    outer loop
      vertex -32.0116 21.3895 3.9
      vertex -29.6787 18.935 3.9
      vertex -30.5441 23.4373 3.9
    endloop
  endfacet
  facet normal 0 0 1
    outer loop
      vertex -29.6787 18.935 3.9
      vertex -32.0116 21.3895 3.9
      vertex -30.1446 18.8737 3.9
    endloop
  endfacet
  facet normal 0 0 1
    outer loop
      vertex -30.1446 18.8737 3.9
      vertex -32.0116 21.3895 3.9
      vertex -30.5787 18.6938 3.9
    endloop
  endfacet
  facet normal 0 0 1
    outer loop
      vertex -30.5787 18.6938 3.9
      vertex -32.0116 21.3895 3.9
      vertex -30.9515 18.4078 3.9
    endloop
  endfacet
  facet normal -0 0 1
    outer loop
      vertex -33.342 19.25 3.9
      vertex -30.9515 18.4078 3.9
      vertex -32.0116 21.3895 3.9
    endloop
  endfacet
  facet normal 0 0 1
    outer loop
      vertex -31.2375 18.035 3.9
      vertex -33.342 19.25 3.9
      vertex -31.4174 17.6009 3.9
    endloop
  endfacet
  facet normal 0 0 1
    outer loop
      vertex -30.9515 18.4078 3.9
      vertex -33.342 19.25 3.9
      vertex -31.2375 18.035 3.9
    endloop
  endfacet
  facet normal 0 0 1
    outer loop
      vertex -2.99819 -22.7735 3.9
      vertex -1.6 -33.4694 3.9
      vertex -1.6 -22.9112 3.9
    endloop
  endfacet
  facet normal 0 0 1
    outer loop
      vertex -4.48122 -22.5286 3.9
      vertex -1.6 -33.4694 3.9
      vertex -2.99819 -22.7735 3.9
    endloop
  endfacet
  facet normal 0 0 1
    outer loop
      vertex -5.94507 -22.1873 3.9
      vertex -1.6 -33.4694 3.9
      vertex -4.48122 -22.5286 3.9
    endloop
  endfacet
  facet normal 0 0 1
    outer loop
      vertex -9.96453 -37.1881 3.9
      vertex -1.6 -33.4694 3.9
      vertex -5.94507 -22.1873 3.9
    endloop
  endfacet
  facet normal 0 0 1
    outer loop
      vertex -1.6 -33.4694 3.9
      vertex -9.96453 -37.1881 3.9
      vertex -1.73867 -33.8041 3.9
    endloop
  endfacet
  facet normal 0 0 1
    outer loop
      vertex -1.8 -34.27 3.9
      vertex -5.02526 -38.1706 3.9
      vertex -2.51802 -38.4176 3.9
    endloop
  endfacet
  facet normal 0 -0 1
    outer loop
      vertex -7.51098 -37.7602 3.9
      vertex -1.73867 -33.8041 3.9
      vertex -9.96453 -37.1881 3.9
    endloop
  endfacet
  facet normal 0 0 1
    outer loop
      vertex -13.6139 -35.4654 3.9
      vertex -5.94507 -22.1873 3.9
      vertex -7.38346 -21.751 3.9
    endloop
  endfacet
  facet normal 0 0 1
    outer loop
      vertex -1.8 -34.27 3.9
      vertex -7.51098 -37.7602 3.9
      vertex -5.02526 -38.1706 3.9
    endloop
  endfacet
  facet normal 0 0 1
    outer loop
      vertex -13.6139 -35.4654 3.9
      vertex -7.38346 -21.751 3.9
      vertex -8.79024 -21.2215 3.9
    endloop
  endfacet
  facet normal 0 0 1
    outer loop
      vertex -1.73867 -33.8041 3.9
      vertex -7.51098 -37.7602 3.9
      vertex -1.8 -34.27 3.9
    endloop
  endfacet
  facet normal 0 0 1
    outer loop
      vertex -13.6139 -35.4654 3.9
      vertex -8.79024 -21.2215 3.9
      vertex -10.1594 -20.6012 3.9
    endloop
  endfacet
  facet normal 0 0 1
    outer loop
      vertex -13.6139 -35.4654 3.9
      vertex -10.1594 -20.6012 3.9
      vertex -11.485 -19.8926 3.9
    endloop
  endfacet
  facet normal 0 0 1
    outer loop
      vertex -5.94507 -22.1873 3.9
      vertex -13.6139 -35.4654 3.9
      vertex -9.96453 -37.1881 3.9
    endloop
  endfacet
  facet normal 0 0 1
    outer loop
      vertex -13.6139 -35.4654 3.9
      vertex -11.485 -19.8926 3.9
      vertex -12.7614 -19.0989 3.9
    endloop
  endfacet
  facet normal 0 0 1
    outer loop
      vertex -9.96453 -37.1881 3.9
      vertex -13.6139 -35.4654 3.9
      vertex -12.3754 -36.4568 3.9
    endloop
  endfacet
  facet normal 0 0 1
    outer loop
      vertex -12.3754 -36.4568 3.9
      vertex -13.6139 -35.4654 3.9
      vertex -13.7901 -35.9244 3.9
    endloop
  endfacet
  facet normal 0 0 1
    outer loop
      vertex -2.51802 -38.4176 3.9
      vertex -1.6 -35.0706 3.9
      vertex -1.73867 -34.7359 3.9
    endloop
  endfacet
  facet normal 0 0 1
    outer loop
      vertex -2.51802 -38.4176 3.9
      vertex -1.73867 -34.7359 3.9
      vertex -1.8 -34.27 3.9
    endloop
  endfacet
  facet normal 0 0 1
    outer loop
      vertex -1.6 -35.0706 3.9
      vertex -2.51802 -38.4176 3.9
      vertex -1.6 -38.4476 3.9
    endloop
  endfacet
  facet normal 0 0 1
    outer loop
      vertex -19.0989 -12.7614 3.9
      vertex -32.0116 -21.3895 3.9
      vertex -30.5441 -23.4373 3.9
    endloop
  endfacet
  facet normal 0 0 1
    outer loop
      vertex -23.9108 -29.5274 3.9
      vertex -25.3848 -28.9458 3.9
      vertex -24.2164 -29.9047 3.9
    endloop
  endfacet
  facet normal 0 0 1
    outer loop
      vertex -23.9108 -29.5274 3.9
      vertex -27.2236 -27.2236 3.9
      vertex -25.3848 -28.9458 3.9
    endloop
  endfacet
  facet normal -0 0 1
    outer loop
      vertex -37.7602 7.51098 3.9
      vertex -22.5286 4.48122 3.9
      vertex -37.1881 9.96453 3.9
    endloop
  endfacet
  facet normal 0 0 1
    outer loop
      vertex -16.2422 -16.2422 3.9
      vertex -27.2236 -27.2236 3.9
      vertex -23.9108 -29.5274 3.9
    endloop
  endfacet
  facet normal 0 0 1
    outer loop
      vertex -22.5286 4.48122 3.9
      vertex -37.7602 7.51098 3.9
      vertex -22.7735 2.99819 3.9
    endloop
  endfacet
  facet normal 0 0 1
    outer loop
      vertex -22.7735 2.99819 3.9
      vertex -38.1706 5.02526 3.9
      vertex -22.9208 1.50231 3.9
    endloop
  endfacet
  facet normal 0 0 1
    outer loop
      vertex -37.1881 9.96453 3.9
      vertex -29.6787 15.335 3.9
      vertex -30.1446 15.3963 3.9
    endloop
  endfacet
  facet normal 0 0 1
    outer loop
      vertex -17.2698 -15.1452 3.9
      vertex -28.9458 -25.3848 3.9
      vertex -27.2236 -27.2236 3.9
    endloop
  endfacet
  facet normal 0 0 1
    outer loop
      vertex -36.4568 12.3754 3.9
      vertex -30.1446 15.3963 3.9
      vertex -30.5787 15.5762 3.9
    endloop
  endfacet
  facet normal 0 0 1
    outer loop
      vertex -35.5694 14.7333 3.9
      vertex -30.5787 15.5762 3.9
      vertex -30.9515 15.8622 3.9
    endloop
  endfacet
  facet normal 0 0 1
    outer loop
      vertex -35.5694 14.7333 3.9
      vertex -30.9515 15.8622 3.9
      vertex -31.2375 16.235 3.9
    endloop
  endfacet
  facet normal 0 0 1
    outer loop
      vertex -34.5296 17.0281 3.9
      vertex -31.2375 16.235 3.9
      vertex -31.4174 16.6691 3.9
    endloop
  endfacet
  facet normal -0 0 1
    outer loop
      vertex -34.5296 17.0281 3.9
      vertex -31.4174 16.6691 3.9
      vertex -31.4787 17.135 3.9
    endloop
  endfacet
  facet normal 0 0 1
    outer loop
      vertex -34.5296 17.0281 3.9
      vertex -31.4174 17.6009 3.9
      vertex -33.342 19.25 3.9
    endloop
  endfacet
  facet normal 0 0 1
    outer loop
      vertex -18.2233 -13.9832 3.9
      vertex -30.5441 -23.4373 3.9
      vertex -28.9458 -25.3848 3.9
    endloop
  endfacet
  facet normal 0 0 1
    outer loop
      vertex -31.4174 17.6009 3.9
      vertex -34.5296 17.0281 3.9
      vertex -31.4787 17.135 3.9
    endloop
  endfacet
  facet normal 0 0 1
    outer loop
      vertex -19.8926 -11.485 3.9
      vertex -33.342 -19.25 3.9
      vertex -32.0116 -21.3895 3.9
    endloop
  endfacet
  facet normal 0 0 1
    outer loop
      vertex -31.2375 16.235 3.9
      vertex -34.5296 17.0281 3.9
      vertex -35.5694 14.7333 3.9
    endloop
  endfacet
  facet normal 0 0 1
    outer loop
      vertex -20.6012 -10.1594 3.9
      vertex -34.5296 -17.0281 3.9
      vertex -33.342 -19.25 3.9
    endloop
  endfacet
  facet normal 0 0 1
    outer loop
      vertex -30.5787 15.5762 3.9
      vertex -35.5694 14.7333 3.9
      vertex -36.4568 12.3754 3.9
    endloop
  endfacet
  facet normal 0 0 1
    outer loop
      vertex -21.2215 -8.79024 3.9
      vertex -35.5694 -14.7333 3.9
      vertex -34.5296 -17.0281 3.9
    endloop
  endfacet
  facet normal 0 0 1
    outer loop
      vertex -30.1446 15.3963 3.9
      vertex -36.4568 12.3754 3.9
      vertex -37.1881 9.96453 3.9
    endloop
  endfacet
  facet normal 0 0 1
    outer loop
      vertex -21.751 -7.38346 3.9
      vertex -36.4568 -12.3754 3.9
      vertex -35.5694 -14.7333 3.9
    endloop
  endfacet
  facet normal -0 0 1
    outer loop
      vertex -38.1706 5.02526 3.9
      vertex -22.7735 2.99819 3.9
      vertex -37.7602 7.51098 3.9
    endloop
  endfacet
  facet normal 0 0 1
    outer loop
      vertex -22.1873 -5.94507 3.9
      vertex -37.1881 -9.96453 3.9
      vertex -36.4568 -12.3754 3.9
    endloop
  endfacet
  facet normal -0 0 1
    outer loop
      vertex -38.4176 2.51802 3.9
      vertex -22.9208 1.50231 3.9
      vertex -38.1706 5.02526 3.9
    endloop
  endfacet
  facet normal 0 0 1
    outer loop
      vertex -22.5286 -4.48122 3.9
      vertex -37.7602 -7.51098 3.9
      vertex -37.1881 -9.96453 3.9
    endloop
  endfacet
  facet normal 0 0 1
    outer loop
      vertex -22.9208 1.50231 3.9
      vertex -38.4176 2.51802 3.9
      vertex -22.97 0 3.9
    endloop
  endfacet
  facet normal 0 0 1
    outer loop
      vertex -22.7735 -2.99819 3.9
      vertex -38.1706 -5.02526 3.9
      vertex -37.7602 -7.51098 3.9
    endloop
  endfacet
  facet normal 0 0 1
    outer loop
      vertex -22.97 0 3.9
      vertex -38.4176 2.51802 3.9
      vertex -38.5 0 3.9
    endloop
  endfacet
  facet normal 0 0 1
    outer loop
      vertex -22.9208 -1.50231 3.9
      vertex -38.4176 -2.51802 3.9
      vertex -38.1706 -5.02526 3.9
    endloop
  endfacet
  facet normal 0 0 1
    outer loop
      vertex -22.97 0 3.9
      vertex -38.5 0 3.9
      vertex -38.4176 -2.51802 3.9
    endloop
  endfacet
  facet normal 0 0 1
    outer loop
      vertex 35.5694 14.7333 3.9
      vertex 30.9515 15.8622 3.9
      vertex 30.5787 15.5762 3.9
    endloop
  endfacet
  facet normal 0 0 1
    outer loop
      vertex 36.4568 12.3754 3.9
      vertex 30.5787 15.5762 3.9
      vertex 30.1446 15.3963 3.9
    endloop
  endfacet
  facet normal -0 0 1
    outer loop
      vertex 22.1873 -5.94507 3.9
      vertex 37.0156 -8.54571 3.9
      vertex 22.5286 -4.48122 3.9
    endloop
  endfacet
  facet normal -0 0 1
    outer loop
      vertex 22.5286 -4.48122 3.9
      vertex 37.0156 -8.54571 3.9
      vertex 22.7735 -2.99819 3.9
    endloop
  endfacet
  facet normal -0 0 1
    outer loop
      vertex 21.751 -7.38346 3.9
      vertex 37.0156 -8.54571 3.9
      vertex 22.1873 -5.94507 3.9
    endloop
  endfacet
  facet normal 0 0 1
    outer loop
      vertex 37.0156 8.54571 3.9
      vertex 30.1446 15.3963 3.9
      vertex 29.6787 15.335 3.9
    endloop
  endfacet
  facet normal 0 0 1
    outer loop
      vertex 37.0156 8.54571 3.9
      vertex 29.6787 15.335 3.9
      vertex 22.1873 5.94507 3.9
    endloop
  endfacet
  facet normal 0 0 1
    outer loop
      vertex 22.1873 5.94507 3.9
      vertex 29.6787 15.335 3.9
      vertex 29.2128 15.3963 3.9
    endloop
  endfacet
  facet normal 0 0 1
    outer loop
      vertex 37.0156 -8.54571 3.9
      vertex 21.751 -7.38346 3.9
      vertex 36.4568 -12.3754 3.9
    endloop
  endfacet
  facet normal 0 0 1
    outer loop
      vertex 21.2215 8.79024 3.9
      vertex 29.2128 15.3963 3.9
      vertex 28.7787 15.5762 3.9
    endloop
  endfacet
  facet normal 0 0 1
    outer loop
      vertex 20.6012 10.1594 3.9
      vertex 28.7787 15.5762 3.9
      vertex 28.4059 15.8622 3.9
    endloop
  endfacet
  facet normal 0 0 1
    outer loop
      vertex 20.6012 10.1594 3.9
      vertex 28.4059 15.8622 3.9
      vertex 28.1198 16.235 3.9
    endloop
  endfacet
  facet normal 0 0 1
    outer loop
      vertex 19.8926 11.485 3.9
      vertex 28.1198 16.235 3.9
      vertex 27.94 16.6691 3.9
    endloop
  endfacet
  facet normal 0 0 1
    outer loop
      vertex 19.0989 12.7614 3.9
      vertex 27.94 16.6691 3.9
      vertex 27.8787 17.135 3.9
    endloop
  endfacet
  facet normal 0 -0 1
    outer loop
      vertex 17.2698 15.1452 3.9
      vertex 27.94 17.6009 3.9
      vertex 16.2422 16.2422 3.9
    endloop
  endfacet
  facet normal 0 0 1
    outer loop
      vertex 36.4568 -12.3754 3.9
      vertex 21.751 -7.38346 3.9
      vertex 35.5694 -14.7333 3.9
    endloop
  endfacet
  facet normal 0 0 1
    outer loop
      vertex 16.2422 16.2422 3.9
      vertex 27.2236 27.2236 3.9
      vertex 25.3848 28.9458 3.9
    endloop
  endfacet
  facet normal -0 0 1
    outer loop
      vertex 21.2215 -8.79024 3.9
      vertex 35.5694 -14.7333 3.9
      vertex 21.751 -7.38346 3.9
    endloop
  endfacet
  facet normal 0 0 1
    outer loop
      vertex 15.1452 17.2698 3.9
      vertex 25.3848 28.9458 3.9
      vertex 23.4373 30.5441 3.9
    endloop
  endfacet
  facet normal 0 0 1
    outer loop
      vertex 35.5694 -14.7333 3.9
      vertex 21.2215 -8.79024 3.9
      vertex 34.5296 -17.0281 3.9
    endloop
  endfacet
  facet normal -0 0 1
    outer loop
      vertex 20.6012 -10.1594 3.9
      vertex 34.5296 -17.0281 3.9
      vertex 21.2215 -8.79024 3.9
    endloop
  endfacet
  facet normal 0 0 1
    outer loop
      vertex 37.0156 8.54571 3.9
      vertex 22.97 0 3.9
      vertex 37.0156 -8.54571 3.9
    endloop
  endfacet
  facet normal 0 0 1
    outer loop
      vertex 37.0156 8.54571 3.9
      vertex 22.7735 2.99819 3.9
      vertex 22.9208 1.50231 3.9
    endloop
  endfacet
  facet normal 0 0 1
    outer loop
      vertex 37.0156 8.54571 3.9
      vertex 22.5286 4.48122 3.9
      vertex 22.7735 2.99819 3.9
    endloop
  endfacet
  facet normal 0 0 1
    outer loop
      vertex 37.0156 8.54571 3.9
      vertex 22.1873 5.94507 3.9
      vertex 22.5286 4.48122 3.9
    endloop
  endfacet
  facet normal 0 0 1
    outer loop
      vertex 29.2128 15.3963 3.9
      vertex 21.751 7.38346 3.9
      vertex 22.1873 5.94507 3.9
    endloop
  endfacet
  facet normal 0 0 1
    outer loop
      vertex 13.9832 18.2233 3.9
      vertex 23.4373 30.5441 3.9
      vertex 21.3895 32.0116 3.9
    endloop
  endfacet
  facet normal 0 0 1
    outer loop
      vertex 29.2128 15.3963 3.9
      vertex 21.2215 8.79024 3.9
      vertex 21.751 7.38346 3.9
    endloop
  endfacet
  facet normal 0 0 1
    outer loop
      vertex 28.7787 15.5762 3.9
      vertex 20.6012 10.1594 3.9
      vertex 21.2215 8.79024 3.9
    endloop
  endfacet
  facet normal 0 0 1
    outer loop
      vertex 28.1198 16.235 3.9
      vertex 19.8926 11.485 3.9
      vertex 20.6012 10.1594 3.9
    endloop
  endfacet
  facet normal 0 0 1
    outer loop
      vertex 12.7614 19.0989 3.9
      vertex 21.3895 32.0116 3.9
      vertex 19.25 33.342 3.9
    endloop
  endfacet
  facet normal 0 0 1
    outer loop
      vertex 27.94 16.6691 3.9
      vertex 19.0989 12.7614 3.9
      vertex 19.8926 11.485 3.9
    endloop
  endfacet
  facet normal 0 0 1
    outer loop
      vertex 27.8787 17.135 3.9
      vertex 18.2233 13.9832 3.9
      vertex 19.0989 12.7614 3.9
    endloop
  endfacet
  facet normal 0 0 1
    outer loop
      vertex 27.94 17.6009 3.9
      vertex 18.2233 13.9832 3.9
      vertex 27.8787 17.135 3.9
    endloop
  endfacet
  facet normal 0 0 1
    outer loop
      vertex 11.485 19.8926 3.9
      vertex 19.25 33.342 3.9
      vertex 17.0281 34.5296 3.9
    endloop
  endfacet
  facet normal 0 -0 1
    outer loop
      vertex 18.2233 13.9832 3.9
      vertex 27.94 17.6009 3.9
      vertex 17.2698 15.1452 3.9
    endloop
  endfacet
  facet normal 0 0 1
    outer loop
      vertex 25.3848 28.9458 3.9
      vertex 15.1452 17.2698 3.9
      vertex 16.2422 16.2422 3.9
    endloop
  endfacet
  facet normal 0 0 1
    outer loop
      vertex 10.1594 20.6012 3.9
      vertex 17.0281 34.5296 3.9
      vertex 14.7333 35.5694 3.9
    endloop
  endfacet
  facet normal 0 0 1
    outer loop
      vertex 23.4373 30.5441 3.9
      vertex 13.9832 18.2233 3.9
      vertex 15.1452 17.2698 3.9
    endloop
  endfacet
  facet normal 0 0 1
    outer loop
      vertex 21.3895 32.0116 3.9
      vertex 12.7614 19.0989 3.9
      vertex 13.9832 18.2233 3.9
    endloop
  endfacet
  facet normal 0 0 1
    outer loop
      vertex 8.79024 21.2215 3.9
      vertex 14.7333 35.5694 3.9
      vertex 12.3754 36.4568 3.9
    endloop
  endfacet
  facet normal 0 0 1
    outer loop
      vertex 19.25 33.342 3.9
      vertex 11.485 19.8926 3.9
      vertex 12.7614 19.0989 3.9
    endloop
  endfacet
  facet normal 0 0 1
    outer loop
      vertex 17.0281 34.5296 3.9
      vertex 10.1594 20.6012 3.9
      vertex 11.485 19.8926 3.9
    endloop
  endfacet
  facet normal 0 0 1
    outer loop
      vertex 7.38346 21.751 3.9
      vertex 12.3754 36.4568 3.9
      vertex 9.96453 37.1881 3.9
    endloop
  endfacet
  facet normal 0 0 1
    outer loop
      vertex 14.7333 35.5694 3.9
      vertex 8.79024 21.2215 3.9
      vertex 10.1594 20.6012 3.9
    endloop
  endfacet
  facet normal 0 0 1
    outer loop
      vertex 5.94507 22.1873 3.9
      vertex 9.96453 37.1881 3.9
      vertex 7.51098 37.7602 3.9
    endloop
  endfacet
  facet normal 0 0 1
    outer loop
      vertex 12.3754 36.4568 3.9
      vertex 7.38346 21.751 3.9
      vertex 8.79024 21.2215 3.9
    endloop
  endfacet
  facet normal 0 0 1
    outer loop
      vertex 9.96453 37.1881 3.9
      vertex 5.94507 22.1873 3.9
      vertex 7.38346 21.751 3.9
    endloop
  endfacet
  facet normal 0 0 1
    outer loop
      vertex 4.48122 22.5286 3.9
      vertex 7.51098 37.7602 3.9
      vertex 5.02526 38.1706 3.9
    endloop
  endfacet
  facet normal 0 0 1
    outer loop
      vertex 7.51098 37.7602 3.9
      vertex 4.48122 22.5286 3.9
      vertex 5.94507 22.1873 3.9
    endloop
  endfacet
  facet normal 0 0 1
    outer loop
      vertex 5.02526 38.1706 3.9
      vertex 2.99819 22.7735 3.9
      vertex 4.48122 22.5286 3.9
    endloop
  endfacet
  facet normal 0 0 1
    outer loop
      vertex 2.51802 38.4176 3.9
      vertex 2.99819 22.7735 3.9
      vertex 5.02526 38.1706 3.9
    endloop
  endfacet
  facet normal 0 0 1
    outer loop
      vertex 2.51802 38.4176 3.9
      vertex 1.50231 22.9208 3.9
      vertex 2.99819 22.7735 3.9
    endloop
  endfacet
  facet normal 0 0 1
    outer loop
      vertex 0 38.5 3.9
      vertex 1.50231 22.9208 3.9
      vertex 2.51802 38.4176 3.9
    endloop
  endfacet
  facet normal 0 0 1
    outer loop
      vertex 0 38.5 3.9
      vertex 0 22.97 3.9
      vertex 1.50231 22.9208 3.9
    endloop
  endfacet
  facet normal 0 0 1
    outer loop
      vertex 0 38.5 3.9
      vertex -1.50231 22.9208 3.9
      vertex 0 22.97 3.9
    endloop
  endfacet
  facet normal -0 0 1
    outer loop
      vertex -2.51802 38.4176 3.9
      vertex -1.50231 22.9208 3.9
      vertex 0 38.5 3.9
    endloop
  endfacet
  facet normal 0 0 1
    outer loop
      vertex -2.51802 38.4176 3.9
      vertex -2.99819 22.7735 3.9
      vertex -1.50231 22.9208 3.9
    endloop
  endfacet
  facet normal -0 0 1
    outer loop
      vertex -5.02526 38.1706 3.9
      vertex -2.99819 22.7735 3.9
      vertex -2.51802 38.4176 3.9
    endloop
  endfacet
  facet normal 0 0 1
    outer loop
      vertex -2.99819 22.7735 3.9
      vertex -5.02526 38.1706 3.9
      vertex -4.48122 22.5286 3.9
    endloop
  endfacet
  facet normal -0 0 1
    outer loop
      vertex -7.51098 37.7602 3.9
      vertex -4.48122 22.5286 3.9
      vertex -5.02526 38.1706 3.9
    endloop
  endfacet
  facet normal 0 0 1
    outer loop
      vertex -4.48122 22.5286 3.9
      vertex -7.51098 37.7602 3.9
      vertex -5.94507 22.1873 3.9
    endloop
  endfacet
  facet normal -0 0 1
    outer loop
      vertex -9.96453 37.1881 3.9
      vertex -5.94507 22.1873 3.9
      vertex -7.51098 37.7602 3.9
    endloop
  endfacet
  facet normal -0 0 1
    outer loop
      vertex -13.6139 35.4654 3.9
      vertex -5.94507 22.1873 3.9
      vertex -9.96453 37.1881 3.9
    endloop
  endfacet
  facet normal 0 0 1
    outer loop
      vertex -5.94507 22.1873 3.9
      vertex -13.6139 35.4654 3.9
      vertex -7.38346 21.751 3.9
    endloop
  endfacet
  facet normal 0 0 1
    outer loop
      vertex -7.38346 21.751 3.9
      vertex -13.6139 35.4654 3.9
      vertex -8.79024 21.2215 3.9
    endloop
  endfacet
  facet normal -0 0 1
    outer loop
      vertex -14.542 35.1074 3.9
      vertex -8.79024 21.2215 3.9
      vertex -13.6139 35.4654 3.9
    endloop
  endfacet
  facet normal 0 0 1
    outer loop
      vertex -13.6139 35.4654 3.9
      vertex -9.96453 37.1881 3.9
      vertex -12.3754 36.4568 3.9
    endloop
  endfacet
  facet normal -0 0 1
    outer loop
      vertex -16.2471 34.3516 3.9
      vertex -8.79024 21.2215 3.9
      vertex -14.542 35.1074 3.9
    endloop
  endfacet
  facet normal 0 0 1
    outer loop
      vertex -8.79024 21.2215 3.9
      vertex -16.2471 34.3516 3.9
      vertex -10.1594 20.6012 3.9
    endloop
  endfacet
  facet normal 0 -0 1
    outer loop
      vertex -13.6139 35.4654 3.9
      vertex -12.3754 36.4568 3.9
      vertex -13.7901 35.9244 3.9
    endloop
  endfacet
  facet normal 0.812834 0.582495 0
    outer loop
      vertex 32.0116 21.3895 3.9
      vertex 30.5441 23.4373 0
      vertex 30.5441 23.4373 3.9
    endloop
  endfacet
  facet normal 0.812834 0.582495 0
    outer loop
      vertex 30.5441 23.4373 0
      vertex 32.0116 21.3895 3.9
      vertex 32.0116 21.3895 0
    endloop
  endfacet
  facet normal -0.986643 -0.162898 0
    outer loop
      vertex -37.7602 -7.51098 0
      vertex -38.1706 -5.02526 3.9
      vertex -38.1706 -5.02526 0
    endloop
  endfacet
  facet normal -0.986643 -0.162898 0
    outer loop
      vertex -38.1706 -5.02526 3.9
      vertex -37.7602 -7.51098 0
      vertex -37.7602 -7.51098 3.9
    endloop
  endfacet
  facet normal 0.910858 0.41272 0
    outer loop
      vertex 35.5694 14.7333 3.9
      vertex 34.5296 17.0281 0
      vertex 34.5296 17.0281 3.9
    endloop
  endfacet
  facet normal 0.910858 0.41272 0
    outer loop
      vertex 34.5296 17.0281 0
      vertex 35.5694 14.7333 3.9
      vertex 35.5694 14.7333 0
    endloop
  endfacet
  facet normal 0.227081 -0.973876 0
    outer loop
      vertex 7.51098 -37.7602 0
      vertex 9.96453 -37.1881 3.9
      vertex 7.51098 -37.7602 3.9
    endloop
  endfacet
  facet normal 0.227081 -0.973876 0
    outer loop
      vertex 9.96453 -37.1881 3.9
      vertex 7.51098 -37.7602 0
      vertex 9.96453 -37.1881 0
    endloop
  endfacet
  facet normal -0.812834 0.582495 0
    outer loop
      vertex -32.0116 21.3895 0
      vertex -30.5441 23.4373 3.9
      vertex -30.5441 23.4373 0
    endloop
  endfacet
  facet normal -0.812834 0.582495 0
    outer loop
      vertex -30.5441 23.4373 3.9
      vertex -32.0116 21.3895 0
      vertex -32.0116 21.3895 3.9
    endloop
  endfacet
  facet normal 0.471387 -0.881926 0
    outer loop
      vertex 17.0281 -34.5296 0
      vertex 19.25 -33.342 3.9
      vertex 17.0281 -34.5296 3.9
    endloop
  endfacet
  facet normal 0.471387 -0.881926 0
    outer loop
      vertex 19.25 -33.342 3.9
      vertex 17.0281 -34.5296 0
      vertex 19.25 -33.342 0
    endloop
  endfacet
  facet normal 0.935913 -0.352232 0
    outer loop
      vertex 35.5694 -14.7333 3.9
      vertex 36.4568 -12.3754 0
      vertex 36.4568 -12.3754 3.9
    endloop
  endfacet
  facet normal 0.935913 -0.352232 0
    outer loop
      vertex 36.4568 -12.3754 0
      vertex 35.5694 -14.7333 3.9
      vertex 35.5694 -14.7333 0
    endloop
  endfacet
  facet normal -0.227081 0.973876 0
    outer loop
      vertex -7.51098 37.7602 0
      vertex -9.96453 37.1881 3.9
      vertex -7.51098 37.7602 3.9
    endloop
  endfacet
  facet normal -0.227081 0.973876 0
    outer loop
      vertex -9.96453 37.1881 3.9
      vertex -7.51098 37.7602 0
      vertex -9.96453 37.1881 0
    endloop
  endfacet
  facet normal -0.973876 -0.227081 0
    outer loop
      vertex -37.1881 -9.96453 0
      vertex -37.7602 -7.51098 3.9
      vertex -37.7602 -7.51098 0
    endloop
  endfacet
  facet normal -0.973876 -0.227081 0
    outer loop
      vertex -37.7602 -7.51098 3.9
      vertex -37.1881 -9.96453 0
      vertex -37.1881 -9.96453 3.9
    endloop
  endfacet
  facet normal -0.352218 -0.935918 0
    outer loop
      vertex -13.7901 -35.9244 0
      vertex -12.3754 -36.4568 3.9
      vertex -13.7901 -35.9244 3.9
    endloop
  endfacet
  facet normal -0.352218 -0.935918 -0
    outer loop
      vertex -12.3754 -36.4568 3.9
      vertex -13.7901 -35.9244 0
      vertex -12.3754 -36.4568 0
    endloop
  endfacet
  facet normal 0.956944 -0.290274 0
    outer loop
      vertex 36.4568 -12.3754 3.9
      vertex 37.1881 -9.96453 0
      vertex 37.1881 -9.96453 3.9
    endloop
  endfacet
  facet normal 0.956944 -0.290274 0
    outer loop
      vertex 37.1881 -9.96453 0
      vertex 36.4568 -12.3754 3.9
      vertex 36.4568 -12.3754 0
    endloop
  endfacet
  facet normal -0.0980401 0.995182 0
    outer loop
      vertex -2.51802 38.4176 0
      vertex -5.02526 38.1706 3.9
      vertex -2.51802 38.4176 3.9
    endloop
  endfacet
  facet normal -0.0980401 0.995182 0
    outer loop
      vertex -5.02526 38.1706 3.9
      vertex -2.51802 38.4176 0
      vertex -5.02526 38.1706 0
    endloop
  endfacet
  facet normal -0.935913 -0.352232 0
    outer loop
      vertex -35.5694 -14.7333 0
      vertex -36.4568 -12.3754 3.9
      vertex -36.4568 -12.3754 0
    endloop
  endfacet
  facet normal -0.935913 -0.352232 0
    outer loop
      vertex -36.4568 -12.3754 3.9
      vertex -35.5694 -14.7333 0
      vertex -35.5694 -14.7333 3.9
    endloop
  endfacet
  facet normal 0.849207 -0.52806 0
    outer loop
      vertex 32.0116 -21.3895 3.9
      vertex 33.342 -19.25 0
      vertex 33.342 -19.25 3.9
    endloop
  endfacet
  facet normal 0.849207 -0.52806 0
    outer loop
      vertex 33.342 -19.25 0
      vertex 32.0116 -21.3895 3.9
      vertex 32.0116 -21.3895 0
    endloop
  endfacet
  facet normal -0.352218 0.935918 0
    outer loop
      vertex -12.3754 36.4568 0
      vertex -13.7901 35.9244 3.9
      vertex -12.3754 36.4568 3.9
    endloop
  endfacet
  facet normal -0.352218 0.935918 0
    outer loop
      vertex -13.7901 35.9244 3.9
      vertex -12.3754 36.4568 0
      vertex -13.7901 35.9244 0
    endloop
  endfacet
  facet normal -0.290274 -0.956944 0
    outer loop
      vertex -12.3754 -36.4568 0
      vertex -9.96453 -37.1881 3.9
      vertex -12.3754 -36.4568 3.9
    endloop
  endfacet
  facet normal -0.290274 -0.956944 -0
    outer loop
      vertex -9.96453 -37.1881 3.9
      vertex -12.3754 -36.4568 0
      vertex -9.96453 -37.1881 0
    endloop
  endfacet
  facet normal 0.729869 0.683587 0
    outer loop
      vertex 28.9458 25.3848 3.9
      vertex 27.2236 27.2236 0
      vertex 27.2236 27.2236 3.9
    endloop
  endfacet
  facet normal 0.729869 0.683587 0
    outer loop
      vertex 27.2236 27.2236 0
      vertex 28.9458 25.3848 3.9
      vertex 28.9458 25.3848 0
    endloop
  endfacet
  facet normal 0.290274 0.956944 -0
    outer loop
      vertex 12.3754 36.4568 0
      vertex 9.96453 37.1881 3.9
      vertex 12.3754 36.4568 3.9
    endloop
  endfacet
  facet normal 0.290274 0.956944 0
    outer loop
      vertex 9.96453 37.1881 3.9
      vertex 12.3754 36.4568 0
      vertex 9.96453 37.1881 0
    endloop
  endfacet
  facet normal -0.956944 -0.290274 0
    outer loop
      vertex -36.4568 -12.3754 0
      vertex -37.1881 -9.96453 3.9
      vertex -37.1881 -9.96453 0
    endloop
  endfacet
  facet normal -0.956944 -0.290274 0
    outer loop
      vertex -37.1881 -9.96453 3.9
      vertex -36.4568 -12.3754 0
      vertex -36.4568 -12.3754 3.9
    endloop
  endfacet
  facet normal -0.995182 0.0980401 0
    outer loop
      vertex -38.4176 2.51802 0
      vertex -38.1706 5.02526 3.9
      vertex -38.1706 5.02526 0
    endloop
  endfacet
  facet normal -0.995182 0.0980401 0
    outer loop
      vertex -38.1706 5.02526 3.9
      vertex -38.4176 2.51802 0
      vertex -38.4176 2.51802 3.9
    endloop
  endfacet
  facet normal -0.986643 0.162898 0
    outer loop
      vertex -38.1706 5.02526 0
      vertex -37.7602 7.51098 3.9
      vertex -37.7602 7.51098 0
    endloop
  endfacet
  facet normal -0.986643 0.162898 0
    outer loop
      vertex -37.7602 7.51098 3.9
      vertex -38.1706 5.02526 0
      vertex -38.1706 5.02526 3.9
    endloop
  endfacet
  facet normal 0.773005 0.6344 0
    outer loop
      vertex 30.5441 23.4373 3.9
      vertex 28.9458 25.3848 0
      vertex 28.9458 25.3848 3.9
    endloop
  endfacet
  facet normal 0.773005 0.6344 0
    outer loop
      vertex 28.9458 25.3848 0
      vertex 30.5441 23.4373 3.9
      vertex 30.5441 23.4373 0
    endloop
  endfacet
  facet normal -0.290274 0.956944 0
    outer loop
      vertex -9.96453 37.1881 0
      vertex -12.3754 36.4568 3.9
      vertex -9.96453 37.1881 3.9
    endloop
  endfacet
  facet normal -0.290274 0.956944 0
    outer loop
      vertex -12.3754 36.4568 3.9
      vertex -9.96453 37.1881 0
      vertex -12.3754 36.4568 0
    endloop
  endfacet
  facet normal -0.881926 -0.471387 0
    outer loop
      vertex -33.342 -19.25 0
      vertex -34.5296 -17.0281 3.9
      vertex -34.5296 -17.0281 0
    endloop
  endfacet
  facet normal -0.881926 -0.471387 0
    outer loop
      vertex -34.5296 -17.0281 3.9
      vertex -33.342 -19.25 0
      vertex -33.342 -19.25 3.9
    endloop
  endfacet
  facet normal 0.352232 -0.935913 0
    outer loop
      vertex 12.3754 -36.4568 0
      vertex 14.7333 -35.5694 3.9
      vertex 12.3754 -36.4568 3.9
    endloop
  endfacet
  facet normal 0.352232 -0.935913 0
    outer loop
      vertex 14.7333 -35.5694 3.9
      vertex 12.3754 -36.4568 0
      vertex 14.7333 -35.5694 0
    endloop
  endfacet
  facet normal 0.227081 0.973876 -0
    outer loop
      vertex 9.96453 37.1881 0
      vertex 7.51098 37.7602 3.9
      vertex 9.96453 37.1881 3.9
    endloop
  endfacet
  facet normal 0.227081 0.973876 0
    outer loop
      vertex 7.51098 37.7602 3.9
      vertex 9.96453 37.1881 0
      vertex 7.51098 37.7602 0
    endloop
  endfacet
  facet normal -0.227081 -0.973876 0
    outer loop
      vertex -9.96453 -37.1881 0
      vertex -7.51098 -37.7602 3.9
      vertex -9.96453 -37.1881 3.9
    endloop
  endfacet
  facet normal -0.227081 -0.973876 -0
    outer loop
      vertex -7.51098 -37.7602 3.9
      vertex -9.96453 -37.1881 0
      vertex -7.51098 -37.7602 0
    endloop
  endfacet
  facet normal -0.910858 0.41272 0
    outer loop
      vertex -35.5694 14.7333 0
      vertex -34.5296 17.0281 3.9
      vertex -34.5296 17.0281 0
    endloop
  endfacet
  facet normal -0.910858 0.41272 0
    outer loop
      vertex -34.5296 17.0281 3.9
      vertex -35.5694 14.7333 0
      vertex -35.5694 14.7333 3.9
    endloop
  endfacet
  facet normal 0.683587 -0.729869 0
    outer loop
      vertex 25.3848 -28.9458 0
      vertex 27.2236 -27.2236 3.9
      vertex 25.3848 -28.9458 3.9
    endloop
  endfacet
  facet normal 0.683587 -0.729869 0
    outer loop
      vertex 27.2236 -27.2236 3.9
      vertex 25.3848 -28.9458 0
      vertex 27.2236 -27.2236 0
    endloop
  endfacet
  facet normal -0.849207 0.52806 0
    outer loop
      vertex -33.342 19.25 0
      vertex -32.0116 21.3895 3.9
      vertex -32.0116 21.3895 0
    endloop
  endfacet
  facet normal -0.849207 0.52806 0
    outer loop
      vertex -32.0116 21.3895 3.9
      vertex -33.342 19.25 0
      vertex -33.342 19.25 3.9
    endloop
  endfacet
  facet normal -0.999465 -0.0327066 0
    outer loop
      vertex -38.4176 -2.51802 0
      vertex -38.5 0 3.9
      vertex -38.5 0 0
    endloop
  endfacet
  facet normal -0.999465 -0.0327066 0
    outer loop
      vertex -38.5 0 3.9
      vertex -38.4176 -2.51802 0
      vertex -38.4176 -2.51802 3.9
    endloop
  endfacet
  facet normal -0.995182 -0.0980401 0
    outer loop
      vertex -38.1706 -5.02526 0
      vertex -38.4176 -2.51802 3.9
      vertex -38.4176 -2.51802 0
    endloop
  endfacet
  facet normal -0.995182 -0.0980401 0
    outer loop
      vertex -38.4176 -2.51802 3.9
      vertex -38.1706 -5.02526 0
      vertex -38.1706 -5.02526 3.9
    endloop
  endfacet
  facet normal -0.729869 0.683587 0
    outer loop
      vertex -28.9458 25.3848 0
      vertex -27.2236 27.2236 3.9
      vertex -27.2236 27.2236 0
    endloop
  endfacet
  facet normal -0.729869 0.683587 0
    outer loop
      vertex -27.2236 27.2236 3.9
      vertex -28.9458 25.3848 0
      vertex -28.9458 25.3848 3.9
    endloop
  endfacet
  facet normal -0.683587 -0.729869 0
    outer loop
      vertex -27.2236 -27.2236 0
      vertex -25.3848 -28.9458 3.9
      vertex -27.2236 -27.2236 3.9
    endloop
  endfacet
  facet normal -0.683587 -0.729869 -0
    outer loop
      vertex -25.3848 -28.9458 3.9
      vertex -27.2236 -27.2236 0
      vertex -25.3848 -28.9458 0
    endloop
  endfacet
  facet normal 0.352232 0.935913 -0
    outer loop
      vertex 14.7333 35.5694 0
      vertex 12.3754 36.4568 3.9
      vertex 14.7333 35.5694 3.9
    endloop
  endfacet
  facet normal 0.352232 0.935913 0
    outer loop
      vertex 12.3754 36.4568 3.9
      vertex 14.7333 35.5694 0
      vertex 12.3754 36.4568 0
    endloop
  endfacet
  facet normal -0.812834 -0.582495 0
    outer loop
      vertex -30.5441 -23.4373 0
      vertex -32.0116 -21.3895 3.9
      vertex -32.0116 -21.3895 0
    endloop
  endfacet
  facet normal -0.812834 -0.582495 0
    outer loop
      vertex -32.0116 -21.3895 3.9
      vertex -30.5441 -23.4373 0
      vertex -30.5441 -23.4373 3.9
    endloop
  endfacet
  facet normal -0.0326616 -0.999466 0
    outer loop
      vertex -2.51802 -38.4176 3.9
      vertex -1.6 -38.4476 0.9
      vertex -1.6 -38.4476 3.9
    endloop
  endfacet
  facet normal -0.0326616 -0.999466 0
    outer loop
      vertex -2.51802 -38.4176 0
      vertex -1.6 -38.4476 0.9
      vertex -2.51802 -38.4176 3.9
    endloop
  endfacet
  facet normal -0.0327066 -0.999465 4.59763e-05
    outer loop
      vertex 0 -38.5 0
      vertex -1.6 -38.4476 0.9
      vertex -2.51802 -38.4176 0
    endloop
  endfacet
  facet normal -0.0327325 -0.999464 0
    outer loop
      vertex -1.6 -38.4476 0.9
      vertex 0 -38.5 0
      vertex 0 -38.5 0.9
    endloop
  endfacet
  facet normal 0.6344 -0.773005 0
    outer loop
      vertex 23.4373 -30.5441 0
      vertex 25.3848 -28.9458 3.9
      vertex 23.4373 -30.5441 3.9
    endloop
  endfacet
  facet normal 0.6344 -0.773005 0
    outer loop
      vertex 25.3848 -28.9458 3.9
      vertex 23.4373 -30.5441 0
      vertex 25.3848 -28.9458 0
    endloop
  endfacet
  facet normal 0.290274 -0.956944 0
    outer loop
      vertex 9.96453 -37.1881 0
      vertex 12.3754 -36.4568 3.9
      vertex 9.96453 -37.1881 3.9
    endloop
  endfacet
  facet normal 0.290274 -0.956944 0
    outer loop
      vertex 12.3754 -36.4568 3.9
      vertex 9.96453 -37.1881 0
      vertex 12.3754 -36.4568 0
    endloop
  endfacet
  facet normal 0.793312 0.608816 0
    outer loop
      vertex 28.4059 15.8622 3.9
      vertex 28.1198 16.235 0
      vertex 28.1198 16.235 3.9
    endloop
  endfacet
  facet normal 0.793312 0.608816 0
    outer loop
      vertex 28.1198 16.235 0
      vertex 28.4059 15.8622 3.9
      vertex 28.4059 15.8622 0
    endloop
  endfacet
  facet normal -0.608682 -0.793414 0
    outer loop
      vertex 30.5787 18.6938 0
      vertex 30.9515 18.4078 3.9
      vertex 30.5787 18.6938 3.9
    endloop
  endfacet
  facet normal -0.608682 -0.793414 -0
    outer loop
      vertex 30.9515 18.4078 3.9
      vertex 30.5787 18.6938 0
      vertex 30.9515 18.4078 0
    endloop
  endfacet
  facet normal -0.793414 0.608682 0
    outer loop
      vertex 30.9515 15.8622 0
      vertex 31.2375 16.235 3.9
      vertex 31.2375 16.235 0
    endloop
  endfacet
  facet normal -0.793414 0.608682 0
    outer loop
      vertex 31.2375 16.235 3.9
      vertex 30.9515 15.8622 0
      vertex 30.9515 15.8622 3.9
    endloop
  endfacet
  facet normal -0.923812 -0.382847 0
    outer loop
      vertex 31.4174 17.6009 0
      vertex 31.2375 18.035 3.9
      vertex 31.2375 18.035 0
    endloop
  endfacet
  facet normal -0.923812 -0.382847 0
    outer loop
      vertex 31.2375 18.035 3.9
      vertex 31.4174 17.6009 0
      vertex 31.4174 17.6009 3.9
    endloop
  endfacet
  facet normal 0.923887 -0.382665 0
    outer loop
      vertex 27.94 17.6009 3.9
      vertex 28.1198 18.035 0
      vertex 28.1198 18.035 3.9
    endloop
  endfacet
  facet normal 0.923887 -0.382665 0
    outer loop
      vertex 28.1198 18.035 0
      vertex 27.94 17.6009 3.9
      vertex 27.94 17.6009 0
    endloop
  endfacet
  facet normal -0.608682 0.793414 0
    outer loop
      vertex 30.9515 15.8622 0
      vertex 30.5787 15.5762 3.9
      vertex 30.9515 15.8622 3.9
    endloop
  endfacet
  facet normal -0.608682 0.793414 0
    outer loop
      vertex 30.5787 15.5762 3.9
      vertex 30.9515 15.8622 0
      vertex 30.5787 15.5762 0
    endloop
  endfacet
  facet normal 0.991455 0.130449 0
    outer loop
      vertex 27.94 16.6691 3.9
      vertex 27.8787 17.135 0
      vertex 27.8787 17.135 3.9
    endloop
  endfacet
  facet normal 0.991455 0.130449 0
    outer loop
      vertex 27.8787 17.135 0
      vertex 27.94 16.6691 3.9
      vertex 27.94 16.6691 0
    endloop
  endfacet
  facet normal 0.608682 -0.793414 0
    outer loop
      vertex 28.4059 18.4078 0
      vertex 28.7787 18.6938 3.9
      vertex 28.4059 18.4078 3.9
    endloop
  endfacet
  facet normal 0.608682 -0.793414 0
    outer loop
      vertex 28.7787 18.6938 3.9
      vertex 28.4059 18.4078 0
      vertex 28.7787 18.6938 0
    endloop
  endfacet
  facet normal -0.130449 -0.991455 0
    outer loop
      vertex 29.6787 18.935 0
      vertex 30.1446 18.8737 3.9
      vertex 29.6787 18.935 3.9
    endloop
  endfacet
  facet normal -0.130449 -0.991455 -0
    outer loop
      vertex 30.1446 18.8737 3.9
      vertex 29.6787 18.935 0
      vertex 30.1446 18.8737 0
    endloop
  endfacet
  facet normal -0.793414 -0.608682 0
    outer loop
      vertex 31.2375 18.035 0
      vertex 30.9515 18.4078 3.9
      vertex 30.9515 18.4078 0
    endloop
  endfacet
  facet normal -0.793414 -0.608682 0
    outer loop
      vertex 30.9515 18.4078 3.9
      vertex 31.2375 18.035 0
      vertex 31.2375 18.035 3.9
    endloop
  endfacet
  facet normal -0.991455 0.130449 0
    outer loop
      vertex 31.4174 16.6691 0
      vertex 31.4787 17.135 3.9
      vertex 31.4787 17.135 0
    endloop
  endfacet
  facet normal -0.991455 0.130449 0
    outer loop
      vertex 31.4787 17.135 3.9
      vertex 31.4174 16.6691 0
      vertex 31.4174 16.6691 3.9
    endloop
  endfacet
  facet normal -0.382847 0.923812 0
    outer loop
      vertex 30.5787 15.5762 0
      vertex 30.1446 15.3963 3.9
      vertex 30.5787 15.5762 3.9
    endloop
  endfacet
  facet normal -0.382847 0.923812 0
    outer loop
      vertex 30.1446 15.3963 3.9
      vertex 30.5787 15.5762 0
      vertex 30.1446 15.3963 0
    endloop
  endfacet
  facet normal -0.382847 -0.923812 0
    outer loop
      vertex 30.1446 18.8737 0
      vertex 30.5787 18.6938 3.9
      vertex 30.1446 18.8737 3.9
    endloop
  endfacet
  facet normal -0.382847 -0.923812 -0
    outer loop
      vertex 30.5787 18.6938 3.9
      vertex 30.1446 18.8737 0
      vertex 30.5787 18.6938 0
    endloop
  endfacet
  facet normal 0.793312 -0.608816 0
    outer loop
      vertex 28.1198 18.035 3.9
      vertex 28.4059 18.4078 0
      vertex 28.4059 18.4078 3.9
    endloop
  endfacet
  facet normal 0.793312 -0.608816 0
    outer loop
      vertex 28.4059 18.4078 0
      vertex 28.1198 18.035 3.9
      vertex 28.1198 18.035 0
    endloop
  endfacet
  facet normal 0.382847 -0.923812 0
    outer loop
      vertex 28.7787 18.6938 0
      vertex 29.2128 18.8737 3.9
      vertex 28.7787 18.6938 3.9
    endloop
  endfacet
  facet normal 0.382847 -0.923812 0
    outer loop
      vertex 29.2128 18.8737 3.9
      vertex 28.7787 18.6938 0
      vertex 29.2128 18.8737 0
    endloop
  endfacet
  facet normal 0.130449 0.991455 -0
    outer loop
      vertex 29.6787 15.335 0
      vertex 29.2128 15.3963 3.9
      vertex 29.6787 15.335 3.9
    endloop
  endfacet
  facet normal 0.130449 0.991455 0
    outer loop
      vertex 29.2128 15.3963 3.9
      vertex 29.6787 15.335 0
      vertex 29.2128 15.3963 0
    endloop
  endfacet
  facet normal 0.130449 -0.991455 0
    outer loop
      vertex 29.2128 18.8737 0
      vertex 29.6787 18.935 3.9
      vertex 29.2128 18.8737 3.9
    endloop
  endfacet
  facet normal 0.130449 -0.991455 0
    outer loop
      vertex 29.6787 18.935 3.9
      vertex 29.2128 18.8737 0
      vertex 29.6787 18.935 0
    endloop
  endfacet
  facet normal 0.991455 -0.130449 0
    outer loop
      vertex 27.8787 17.135 3.9
      vertex 27.94 17.6009 0
      vertex 27.94 17.6009 3.9
    endloop
  endfacet
  facet normal 0.991455 -0.130449 0
    outer loop
      vertex 27.94 17.6009 0
      vertex 27.8787 17.135 3.9
      vertex 27.8787 17.135 0
    endloop
  endfacet
  facet normal -0.991455 -0.130449 0
    outer loop
      vertex 31.4787 17.135 0
      vertex 31.4174 17.6009 3.9
      vertex 31.4174 17.6009 0
    endloop
  endfacet
  facet normal -0.991455 -0.130449 0
    outer loop
      vertex 31.4174 17.6009 3.9
      vertex 31.4787 17.135 0
      vertex 31.4787 17.135 3.9
    endloop
  endfacet
  facet normal 0.923887 0.382665 0
    outer loop
      vertex 28.1198 16.235 3.9
      vertex 27.94 16.6691 0
      vertex 27.94 16.6691 3.9
    endloop
  endfacet
  facet normal 0.923887 0.382665 0
    outer loop
      vertex 27.94 16.6691 0
      vertex 28.1198 16.235 3.9
      vertex 28.1198 16.235 0
    endloop
  endfacet
  facet normal 0.382847 0.923812 -0
    outer loop
      vertex 29.2128 15.3963 0
      vertex 28.7787 15.5762 3.9
      vertex 29.2128 15.3963 3.9
    endloop
  endfacet
  facet normal 0.382847 0.923812 0
    outer loop
      vertex 28.7787 15.5762 3.9
      vertex 29.2128 15.3963 0
      vertex 28.7787 15.5762 0
    endloop
  endfacet
  facet normal 0.608682 0.793414 -0
    outer loop
      vertex 28.7787 15.5762 0
      vertex 28.4059 15.8622 3.9
      vertex 28.7787 15.5762 3.9
    endloop
  endfacet
  facet normal 0.608682 0.793414 0
    outer loop
      vertex 28.4059 15.8622 3.9
      vertex 28.7787 15.5762 0
      vertex 28.4059 15.8622 0
    endloop
  endfacet
  facet normal -0.130449 0.991455 0
    outer loop
      vertex 30.1446 15.3963 0
      vertex 29.6787 15.335 3.9
      vertex 30.1446 15.3963 3.9
    endloop
  endfacet
  facet normal -0.130449 0.991455 0
    outer loop
      vertex 29.6787 15.335 3.9
      vertex 30.1446 15.3963 0
      vertex 29.6787 15.335 0
    endloop
  endfacet
  facet normal -0.923812 0.382847 0
    outer loop
      vertex 31.2375 16.235 0
      vertex 31.4174 16.6691 3.9
      vertex 31.4174 16.6691 0
    endloop
  endfacet
  facet normal -0.923812 0.382847 0
    outer loop
      vertex 31.4174 16.6691 3.9
      vertex 31.2375 16.235 0
      vertex 31.2375 16.235 3.9
    endloop
  endfacet
  facet normal 0.608682 0.793414 -0
    outer loop
      vertex -30.5787 15.5762 0
      vertex -30.9515 15.8622 3.9
      vertex -30.5787 15.5762 3.9
    endloop
  endfacet
  facet normal 0.608682 0.793414 0
    outer loop
      vertex -30.9515 15.8622 3.9
      vertex -30.5787 15.5762 0
      vertex -30.9515 15.8622 0
    endloop
  endfacet
  facet normal 0.991455 -0.130449 0
    outer loop
      vertex -31.4787 17.135 3.9
      vertex -31.4174 17.6009 0
      vertex -31.4174 17.6009 3.9
    endloop
  endfacet
  facet normal 0.991455 -0.130449 0
    outer loop
      vertex -31.4174 17.6009 0
      vertex -31.4787 17.135 3.9
      vertex -31.4787 17.135 0
    endloop
  endfacet
  facet normal -0.608682 0.793414 0
    outer loop
      vertex -28.4059 15.8622 0
      vertex -28.7787 15.5762 3.9
      vertex -28.4059 15.8622 3.9
    endloop
  endfacet
  facet normal -0.608682 0.793414 0
    outer loop
      vertex -28.7787 15.5762 3.9
      vertex -28.4059 15.8622 0
      vertex -28.7787 15.5762 0
    endloop
  endfacet
  facet normal -0.130449 -0.991455 0
    outer loop
      vertex -29.6787 18.935 0
      vertex -29.2128 18.8737 3.9
      vertex -29.6787 18.935 3.9
    endloop
  endfacet
  facet normal -0.130449 -0.991455 -0
    outer loop
      vertex -29.2128 18.8737 3.9
      vertex -29.6787 18.935 0
      vertex -29.2128 18.8737 0
    endloop
  endfacet
  facet normal 0.130449 0.991455 -0
    outer loop
      vertex -29.6787 15.335 0
      vertex -30.1446 15.3963 3.9
      vertex -29.6787 15.335 3.9
    endloop
  endfacet
  facet normal 0.130449 0.991455 0
    outer loop
      vertex -30.1446 15.3963 3.9
      vertex -29.6787 15.335 0
      vertex -30.1446 15.3963 0
    endloop
  endfacet
  facet normal 0.793414 -0.608682 0
    outer loop
      vertex -31.2375 18.035 3.9
      vertex -30.9515 18.4078 0
      vertex -30.9515 18.4078 3.9
    endloop
  endfacet
  facet normal 0.793414 -0.608682 0
    outer loop
      vertex -30.9515 18.4078 0
      vertex -31.2375 18.035 3.9
      vertex -31.2375 18.035 0
    endloop
  endfacet
  facet normal 0.923812 -0.382847 0
    outer loop
      vertex -31.4174 17.6009 3.9
      vertex -31.2375 18.035 0
      vertex -31.2375 18.035 3.9
    endloop
  endfacet
  facet normal 0.923812 -0.382847 0
    outer loop
      vertex -31.2375 18.035 0
      vertex -31.4174 17.6009 3.9
      vertex -31.4174 17.6009 0
    endloop
  endfacet
  facet normal -0.923887 -0.382665 0
    outer loop
      vertex -27.94 17.6009 0
      vertex -28.1198 18.035 3.9
      vertex -28.1198 18.035 0
    endloop
  endfacet
  facet normal -0.923887 -0.382665 0
    outer loop
      vertex -28.1198 18.035 3.9
      vertex -27.94 17.6009 0
      vertex -27.94 17.6009 3.9
    endloop
  endfacet
  facet normal 0.923812 0.382847 0
    outer loop
      vertex -31.2375 16.235 3.9
      vertex -31.4174 16.6691 0
      vertex -31.4174 16.6691 3.9
    endloop
  endfacet
  facet normal 0.923812 0.382847 0
    outer loop
      vertex -31.4174 16.6691 0
      vertex -31.2375 16.235 3.9
      vertex -31.2375 16.235 0
    endloop
  endfacet
  facet normal -0.382847 -0.923812 0
    outer loop
      vertex -29.2128 18.8737 0
      vertex -28.7787 18.6938 3.9
      vertex -29.2128 18.8737 3.9
    endloop
  endfacet
  facet normal -0.382847 -0.923812 -0
    outer loop
      vertex -28.7787 18.6938 3.9
      vertex -29.2128 18.8737 0
      vertex -28.7787 18.6938 0
    endloop
  endfacet
  facet normal -0.991455 -0.130449 0
    outer loop
      vertex -27.8787 17.135 0
      vertex -27.94 17.6009 3.9
      vertex -27.94 17.6009 0
    endloop
  endfacet
  facet normal -0.991455 -0.130449 0
    outer loop
      vertex -27.94 17.6009 3.9
      vertex -27.8787 17.135 0
      vertex -27.8787 17.135 3.9
    endloop
  endfacet
  facet normal -0.923887 0.382665 0
    outer loop
      vertex -28.1198 16.235 0
      vertex -27.94 16.6691 3.9
      vertex -27.94 16.6691 0
    endloop
  endfacet
  facet normal -0.923887 0.382665 0
    outer loop
      vertex -27.94 16.6691 3.9
      vertex -28.1198 16.235 0
      vertex -28.1198 16.235 3.9
    endloop
  endfacet
  facet normal 0.382847 0.923812 -0
    outer loop
      vertex -30.1446 15.3963 0
      vertex -30.5787 15.5762 3.9
      vertex -30.1446 15.3963 3.9
    endloop
  endfacet
  facet normal 0.382847 0.923812 0
    outer loop
      vertex -30.5787 15.5762 3.9
      vertex -30.1446 15.3963 0
      vertex -30.5787 15.5762 0
    endloop
  endfacet
  facet normal 0.793414 0.608682 0
    outer loop
      vertex -30.9515 15.8622 3.9
      vertex -31.2375 16.235 0
      vertex -31.2375 16.235 3.9
    endloop
  endfacet
  facet normal 0.793414 0.608682 0
    outer loop
      vertex -31.2375 16.235 0
      vertex -30.9515 15.8622 3.9
      vertex -30.9515 15.8622 0
    endloop
  endfacet
  facet normal -0.130449 0.991455 0
    outer loop
      vertex -29.2128 15.3963 0
      vertex -29.6787 15.335 3.9
      vertex -29.2128 15.3963 3.9
    endloop
  endfacet
  facet normal -0.130449 0.991455 0
    outer loop
      vertex -29.6787 15.335 3.9
      vertex -29.2128 15.3963 0
      vertex -29.6787 15.335 0
    endloop
  endfacet
  facet normal -0.382847 0.923812 0
    outer loop
      vertex -28.7787 15.5762 0
      vertex -29.2128 15.3963 3.9
      vertex -28.7787 15.5762 3.9
    endloop
  endfacet
  facet normal -0.382847 0.923812 0
    outer loop
      vertex -29.2128 15.3963 3.9
      vertex -28.7787 15.5762 0
      vertex -29.2128 15.3963 0
    endloop
  endfacet
  facet normal 0.991455 0.130449 0
    outer loop
      vertex -31.4174 16.6691 3.9
      vertex -31.4787 17.135 0
      vertex -31.4787 17.135 3.9
    endloop
  endfacet
  facet normal 0.991455 0.130449 0
    outer loop
      vertex -31.4787 17.135 0
      vertex -31.4174 16.6691 3.9
      vertex -31.4174 16.6691 0
    endloop
  endfacet
  facet normal 0.130449 -0.991455 0
    outer loop
      vertex -30.1446 18.8737 0
      vertex -29.6787 18.935 3.9
      vertex -30.1446 18.8737 3.9
    endloop
  endfacet
  facet normal 0.130449 -0.991455 0
    outer loop
      vertex -29.6787 18.935 3.9
      vertex -30.1446 18.8737 0
      vertex -29.6787 18.935 0
    endloop
  endfacet
  facet normal -0.991455 0.130449 0
    outer loop
      vertex -27.94 16.6691 0
      vertex -27.8787 17.135 3.9
      vertex -27.8787 17.135 0
    endloop
  endfacet
  facet normal -0.991455 0.130449 0
    outer loop
      vertex -27.8787 17.135 3.9
      vertex -27.94 16.6691 0
      vertex -27.94 16.6691 3.9
    endloop
  endfacet
  facet normal -0.608682 -0.793414 0
    outer loop
      vertex -28.7787 18.6938 0
      vertex -28.4059 18.4078 3.9
      vertex -28.7787 18.6938 3.9
    endloop
  endfacet
  facet normal -0.608682 -0.793414 -0
    outer loop
      vertex -28.4059 18.4078 3.9
      vertex -28.7787 18.6938 0
      vertex -28.4059 18.4078 0
    endloop
  endfacet
  facet normal 0.382847 -0.923812 0
    outer loop
      vertex -30.5787 18.6938 0
      vertex -30.1446 18.8737 3.9
      vertex -30.5787 18.6938 3.9
    endloop
  endfacet
  facet normal 0.382847 -0.923812 0
    outer loop
      vertex -30.1446 18.8737 3.9
      vertex -30.5787 18.6938 0
      vertex -30.1446 18.8737 0
    endloop
  endfacet
  facet normal 0.608682 -0.793414 0
    outer loop
      vertex -30.9515 18.4078 0
      vertex -30.5787 18.6938 3.9
      vertex -30.9515 18.4078 3.9
    endloop
  endfacet
  facet normal 0.608682 -0.793414 0
    outer loop
      vertex -30.5787 18.6938 3.9
      vertex -30.9515 18.4078 0
      vertex -30.5787 18.6938 0
    endloop
  endfacet
  facet normal -0.793312 0.608816 0
    outer loop
      vertex -28.4059 15.8622 0
      vertex -28.1198 16.235 3.9
      vertex -28.1198 16.235 0
    endloop
  endfacet
  facet normal -0.793312 0.608816 0
    outer loop
      vertex -28.1198 16.235 3.9
      vertex -28.4059 15.8622 0
      vertex -28.4059 15.8622 3.9
    endloop
  endfacet
  facet normal -0.793312 -0.608816 0
    outer loop
      vertex -28.1198 18.035 0
      vertex -28.4059 18.4078 3.9
      vertex -28.4059 18.4078 0
    endloop
  endfacet
  facet normal -0.793312 -0.608816 0
    outer loop
      vertex -28.4059 18.4078 3.9
      vertex -28.1198 18.035 0
      vertex -28.1198 18.035 3.9
    endloop
  endfacet
  facet normal -0.923955 -0.382502 0
    outer loop
      vertex 1.55885 -33.37 0
      vertex 1.6 -33.4694 0.9
      vertex 1.55885 -33.37 0.9
    endloop
  endfacet
  facet normal -0.923872 -0.382701 -2.57589e-05
    outer loop
      vertex 1.73867 -33.8041 0
      vertex 1.6 -33.4694 0.9
      vertex 1.55885 -33.37 0
    endloop
  endfacet
  facet normal -0.923848 -0.382761 -0
    outer loop
      vertex 1.73867 -33.8041 3.9
      vertex 1.6 -33.4694 0.9
      vertex 1.73867 -33.8041 0
    endloop
  endfacet
  facet normal -0.923848 -0.382761 0
    outer loop
      vertex 1.6 -33.4694 0.9
      vertex 1.73867 -33.8041 3.9
      vertex 1.6 -33.4694 3.9
    endloop
  endfacet
  facet normal 0.130456 -0.991454 0
    outer loop
      vertex -0.465874 -32.5313 0
      vertex 0 -32.47 0.9
      vertex -0.465874 -32.5313 0.9
    endloop
  endfacet
  facet normal 0.130456 -0.991454 0
    outer loop
      vertex 0 -32.47 0.9
      vertex -0.465874 -32.5313 0
      vertex 0 -32.47 0
    endloop
  endfacet
  facet normal 0.923848 0.382761 -0
    outer loop
      vertex -1.6 -35.0706 0.9
      vertex -1.73867 -34.7359 3.9
      vertex -1.6 -35.0706 3.9
    endloop
  endfacet
  facet normal 0.923848 0.382761 0
    outer loop
      vertex -1.73867 -34.7359 3.9
      vertex -1.6 -35.0706 0.9
      vertex -1.73867 -34.7359 0
    endloop
  endfacet
  facet normal 0.923955 0.382502 -0
    outer loop
      vertex -1.55885 -35.17 0
      vertex -1.6 -35.0706 0.9
      vertex -1.55885 -35.17 0.9
    endloop
  endfacet
  facet normal 0.923872 0.382701 -2.57589e-05
    outer loop
      vertex -1.6 -35.0706 0.9
      vertex -1.55885 -35.17 0
      vertex -1.73867 -34.7359 0
    endloop
  endfacet
  facet normal 0.793353 0.608762 0
    outer loop
      vertex -1.27279 -35.5428 0.9
      vertex -1.55885 -35.17 0
      vertex -1.55885 -35.17 0.9
    endloop
  endfacet
  facet normal 0.793353 0.608762 0
    outer loop
      vertex -1.55885 -35.17 0
      vertex -1.27279 -35.5428 0.9
      vertex -1.27279 -35.5428 0
    endloop
  endfacet
  facet normal -0.382827 0.92382 0
    outer loop
      vertex 0.9 -35.8288 0
      vertex 0.465874 -36.0087 0.9
      vertex 0.9 -35.8288 0.9
    endloop
  endfacet
  facet normal -0.382827 0.92382 0
    outer loop
      vertex 0.465874 -36.0087 0.9
      vertex 0.9 -35.8288 0
      vertex 0.465874 -36.0087 0
    endloop
  endfacet
  facet normal 0.130456 0.991454 -0
    outer loop
      vertex 0 -36.07 0
      vertex -0.465874 -36.0087 0.9
      vertex 0 -36.07 0.9
    endloop
  endfacet
  facet normal 0.130456 0.991454 0
    outer loop
      vertex -0.465874 -36.0087 0.9
      vertex 0 -36.07 0
      vertex -0.465874 -36.0087 0
    endloop
  endfacet
  facet normal -0.608692 -0.793407 0
    outer loop
      vertex 0.9 -32.7112 0
      vertex 1.27279 -32.9972 0.9
      vertex 0.9 -32.7112 0.9
    endloop
  endfacet
  facet normal -0.608692 -0.793407 -0
    outer loop
      vertex 1.27279 -32.9972 0.9
      vertex 0.9 -32.7112 0
      vertex 1.27279 -32.9972 0
    endloop
  endfacet
  facet normal 0.608692 0.793407 -0
    outer loop
      vertex -0.9 -35.8288 0
      vertex -1.27279 -35.5428 0.9
      vertex -0.9 -35.8288 0.9
    endloop
  endfacet
  facet normal 0.608692 0.793407 0
    outer loop
      vertex -1.27279 -35.5428 0.9
      vertex -0.9 -35.8288 0
      vertex -1.27279 -35.5428 0
    endloop
  endfacet
  facet normal 0.991447 0.130512 0
    outer loop
      vertex -1.73867 -34.7359 3.9
      vertex -1.8 -34.27 0
      vertex -1.8 -34.27 3.9
    endloop
  endfacet
  facet normal 0.991447 0.130512 0
    outer loop
      vertex -1.8 -34.27 0
      vertex -1.73867 -34.7359 3.9
      vertex -1.73867 -34.7359 0
    endloop
  endfacet
  facet normal 0.793353 -0.608762 0
    outer loop
      vertex -1.55885 -33.37 0.9
      vertex -1.27279 -32.9972 0
      vertex -1.27279 -32.9972 0.9
    endloop
  endfacet
  facet normal 0.793353 -0.608762 0
    outer loop
      vertex -1.27279 -32.9972 0
      vertex -1.55885 -33.37 0.9
      vertex -1.55885 -33.37 0
    endloop
  endfacet
  facet normal -0.382827 -0.92382 0
    outer loop
      vertex 0.465874 -32.5313 0
      vertex 0.9 -32.7112 0.9
      vertex 0.465874 -32.5313 0.9
    endloop
  endfacet
  facet normal -0.382827 -0.92382 -0
    outer loop
      vertex 0.9 -32.7112 0.9
      vertex 0.465874 -32.5313 0
      vertex 0.9 -32.7112 0
    endloop
  endfacet
  facet normal -0.130456 0.991454 0
    outer loop
      vertex 0.465874 -36.0087 0
      vertex 0 -36.07 0.9
      vertex 0.465874 -36.0087 0.9
    endloop
  endfacet
  facet normal -0.130456 0.991454 0
    outer loop
      vertex 0 -36.07 0.9
      vertex 0.465874 -36.0087 0
      vertex 0 -36.07 0
    endloop
  endfacet
  facet normal -0.991447 0.130512 0
    outer loop
      vertex 1.73867 -34.7359 0
      vertex 1.8 -34.27 3.9
      vertex 1.8 -34.27 0
    endloop
  endfacet
  facet normal -0.991447 0.130512 0
    outer loop
      vertex 1.8 -34.27 3.9
      vertex 1.73867 -34.7359 0
      vertex 1.73867 -34.7359 3.9
    endloop
  endfacet
  facet normal -0.923848 0.382761 0
    outer loop
      vertex 1.73867 -34.7359 0
      vertex 1.6 -35.0706 0.9
      vertex 1.73867 -34.7359 3.9
    endloop
  endfacet
  facet normal -0.923872 0.382701 -2.57589e-05
    outer loop
      vertex 1.55885 -35.17 0
      vertex 1.6 -35.0706 0.9
      vertex 1.73867 -34.7359 0
    endloop
  endfacet
  facet normal -0.923955 0.382502 0
    outer loop
      vertex 1.6 -35.0706 0.9
      vertex 1.55885 -35.17 0
      vertex 1.55885 -35.17 0.9
    endloop
  endfacet
  facet normal -0.923848 0.382761 0
    outer loop
      vertex 1.73867 -34.7359 3.9
      vertex 1.6 -35.0706 0.9
      vertex 1.6 -35.0706 3.9
    endloop
  endfacet
  facet normal 0.382827 0.92382 -0
    outer loop
      vertex -0.465874 -36.0087 0
      vertex -0.9 -35.8288 0.9
      vertex -0.465874 -36.0087 0.9
    endloop
  endfacet
  facet normal 0.382827 0.92382 0
    outer loop
      vertex -0.9 -35.8288 0.9
      vertex -0.465874 -36.0087 0
      vertex -0.9 -35.8288 0
    endloop
  endfacet
  facet normal -0.793353 -0.608762 0
    outer loop
      vertex 1.55885 -33.37 0
      vertex 1.27279 -32.9972 0.9
      vertex 1.27279 -32.9972 0
    endloop
  endfacet
  facet normal -0.793353 -0.608762 0
    outer loop
      vertex 1.27279 -32.9972 0.9
      vertex 1.55885 -33.37 0
      vertex 1.55885 -33.37 0.9
    endloop
  endfacet
  facet normal 0.608692 -0.793407 0
    outer loop
      vertex -1.27279 -32.9972 0
      vertex -0.9 -32.7112 0.9
      vertex -1.27279 -32.9972 0.9
    endloop
  endfacet
  facet normal 0.608692 -0.793407 0
    outer loop
      vertex -0.9 -32.7112 0.9
      vertex -1.27279 -32.9972 0
      vertex -0.9 -32.7112 0
    endloop
  endfacet
  facet normal -0.793353 0.608762 0
    outer loop
      vertex 1.27279 -35.5428 0
      vertex 1.55885 -35.17 0.9
      vertex 1.55885 -35.17 0
    endloop
  endfacet
  facet normal -0.793353 0.608762 0
    outer loop
      vertex 1.55885 -35.17 0.9
      vertex 1.27279 -35.5428 0
      vertex 1.27279 -35.5428 0.9
    endloop
  endfacet
  facet normal -0.608692 0.793407 0
    outer loop
      vertex 1.27279 -35.5428 0
      vertex 0.9 -35.8288 0.9
      vertex 1.27279 -35.5428 0.9
    endloop
  endfacet
  facet normal -0.608692 0.793407 0
    outer loop
      vertex 0.9 -35.8288 0.9
      vertex 1.27279 -35.5428 0
      vertex 0.9 -35.8288 0
    endloop
  endfacet
  facet normal 0.923848 -0.382761 0
    outer loop
      vertex -1.6 -33.4694 3.9
      vertex -1.73867 -33.8041 3.9
      vertex -1.6 -33.4694 0.9
    endloop
  endfacet
  facet normal 0.923955 -0.382502 0
    outer loop
      vertex -1.6 -33.4694 0.9
      vertex -1.55885 -33.37 0
      vertex -1.55885 -33.37 0.9
    endloop
  endfacet
  facet normal 0.923848 -0.382761 0
    outer loop
      vertex -1.73867 -33.8041 0
      vertex -1.6 -33.4694 0.9
      vertex -1.73867 -33.8041 3.9
    endloop
  endfacet
  facet normal 0.923872 -0.382701 -2.57589e-05
    outer loop
      vertex -1.6 -33.4694 0.9
      vertex -1.73867 -33.8041 0
      vertex -1.55885 -33.37 0
    endloop
  endfacet
  facet normal -0.991447 -0.130512 0
    outer loop
      vertex 1.8 -34.27 0
      vertex 1.73867 -33.8041 3.9
      vertex 1.73867 -33.8041 0
    endloop
  endfacet
  facet normal -0.991447 -0.130512 0
    outer loop
      vertex 1.73867 -33.8041 3.9
      vertex 1.8 -34.27 0
      vertex 1.8 -34.27 3.9
    endloop
  endfacet
  facet normal 0.991447 -0.130512 0
    outer loop
      vertex -1.8 -34.27 3.9
      vertex -1.73867 -33.8041 0
      vertex -1.73867 -33.8041 3.9
    endloop
  endfacet
  facet normal 0.991447 -0.130512 0
    outer loop
      vertex -1.73867 -33.8041 0
      vertex -1.8 -34.27 3.9
      vertex -1.8 -34.27 0
    endloop
  endfacet
  facet normal -0.130456 -0.991454 0
    outer loop
      vertex 0 -32.47 0
      vertex 0.465874 -32.5313 0.9
      vertex 0 -32.47 0.9
    endloop
  endfacet
  facet normal -0.130456 -0.991454 -0
    outer loop
      vertex 0.465874 -32.5313 0.9
      vertex 0 -32.47 0
      vertex 0.465874 -32.5313 0
    endloop
  endfacet
  facet normal 0.382827 -0.92382 0
    outer loop
      vertex -0.9 -32.7112 0
      vertex -0.465874 -32.5313 0.9
      vertex -0.9 -32.7112 0.9
    endloop
  endfacet
  facet normal 0.382827 -0.92382 0
    outer loop
      vertex -0.465874 -32.5313 0.9
      vertex -0.9 -32.7112 0
      vertex -0.465874 -32.5313 0
    endloop
  endfacet
  facet normal 0.772976 -0.634435 0
    outer loop
      vertex -15.7084 12.0535 2.4
      vertex -14.8864 13.055 1.49
      vertex -14.8864 13.055 2.4
    endloop
  endfacet
  facet normal 0.772976 -0.634435 0
    outer loop
      vertex -14.8864 13.055 1.49
      vertex -15.7084 12.0535 2.4
      vertex -15.7084 12.0535 1.49
    endloop
  endfacet
  facet normal -0.528062 -0.849206 0
    outer loop
      vertex 9.9 17.1473 1.49
      vertex 11.0003 16.4631 2.4
      vertex 9.9 17.1473 2.4
    endloop
  endfacet
  facet normal -0.528062 -0.849206 -0
    outer loop
      vertex 11.0003 16.4631 2.4
      vertex 9.9 17.1473 1.49
      vertex 11.0003 16.4631 1.49
    endloop
  endfacet
  facet normal 0.97388 -0.227063 0
    outer loop
      vertex -19.4195 3.86279 2.4
      vertex -19.1253 5.12462 1.49
      vertex -19.1253 5.12462 2.4
    endloop
  endfacet
  facet normal 0.97388 -0.227063 0
    outer loop
      vertex -19.1253 5.12462 1.49
      vertex -19.4195 3.86279 2.4
      vertex -19.4195 3.86279 1.49
    endloop
  endfacet
  facet normal -0.986638 0.162926 0
    outer loop
      vertex 19.4195 -3.86279 1.49
      vertex 19.6306 -2.58442 2.4
      vertex 19.6306 -2.58442 1.49
    endloop
  endfacet
  facet normal -0.986638 0.162926 0
    outer loop
      vertex 19.6306 -2.58442 2.4
      vertex 19.4195 -3.86279 1.49
      vertex 19.4195 -3.86279 2.4
    endloop
  endfacet
  facet normal -0.634435 0.772976 0
    outer loop
      vertex 13.055 -14.8864 1.49
      vertex 12.0535 -15.7084 2.4
      vertex 13.055 -14.8864 2.4
    endloop
  endfacet
  facet normal -0.634435 0.772976 0
    outer loop
      vertex 12.0535 -15.7084 2.4
      vertex 13.055 -14.8864 1.49
      vertex 12.0535 -15.7084 1.49
    endloop
  endfacet
  facet normal -0.0327243 -0.999464 0
    outer loop
      vertex 0 19.8 1.49
      vertex 1.29498 19.7576 2.4
      vertex 0 19.8 2.4
    endloop
  endfacet
  facet normal -0.0327243 -0.999464 -0
    outer loop
      vertex 1.29498 19.7576 2.4
      vertex 0 19.8 1.49
      vertex 1.29498 19.7576 1.49
    endloop
  endfacet
  facet normal -0.910875 -0.412683 0
    outer loop
      vertex 18.2928 7.57713 1.49
      vertex 17.7581 8.75732 2.4
      vertex 17.7581 8.75732 1.49
    endloop
  endfacet
  facet normal -0.910875 -0.412683 0
    outer loop
      vertex 17.7581 8.75732 2.4
      vertex 18.2928 7.57713 1.49
      vertex 18.2928 7.57713 2.4
    endloop
  endfacet
  facet normal -0.956943 -0.290275 0
    outer loop
      vertex 19.1253 5.12462 1.49
      vertex 18.7492 6.3645 2.4
      vertex 18.7492 6.3645 1.49
    endloop
  endfacet
  facet normal -0.956943 -0.290275 0
    outer loop
      vertex 18.7492 6.3645 2.4
      vertex 19.1253 5.12462 1.49
      vertex 19.1253 5.12462 2.4
    endloop
  endfacet
  facet normal -0.97388 0.227063 0
    outer loop
      vertex 19.1253 -5.12462 1.49
      vertex 19.4195 -3.86279 2.4
      vertex 19.4195 -3.86279 1.49
    endloop
  endfacet
  facet normal -0.97388 0.227063 0
    outer loop
      vertex 19.4195 -3.86279 2.4
      vertex 19.1253 -5.12462 1.49
      vertex 19.1253 -5.12462 2.4
    endloop
  endfacet
  facet normal 0.995185 0.0980181 0
    outer loop
      vertex -19.6306 -2.58442 2.4
      vertex -19.7576 -1.29498 1.49
      vertex -19.7576 -1.29498 2.4
    endloop
  endfacet
  facet normal 0.995185 0.0980181 0
    outer loop
      vertex -19.7576 -1.29498 1.49
      vertex -19.6306 -2.58442 2.4
      vertex -19.6306 -2.58442 1.49
    endloop
  endfacet
  facet normal -0.412683 -0.910875 0
    outer loop
      vertex 7.57713 18.2928 1.49
      vertex 8.75732 17.7581 2.4
      vertex 7.57713 18.2928 2.4
    endloop
  endfacet
  facet normal -0.412683 -0.910875 -0
    outer loop
      vertex 8.75732 17.7581 2.4
      vertex 7.57713 18.2928 1.49
      vertex 8.75732 17.7581 1.49
    endloop
  endfacet
  facet normal -0.772976 -0.634435 0
    outer loop
      vertex 15.7084 12.0535 1.49
      vertex 14.8864 13.055 2.4
      vertex 14.8864 13.055 1.49
    endloop
  endfacet
  facet normal -0.772976 -0.634435 0
    outer loop
      vertex 14.8864 13.055 2.4
      vertex 15.7084 12.0535 1.49
      vertex 15.7084 12.0535 2.4
    endloop
  endfacet
  facet normal -0.97388 -0.227063 0
    outer loop
      vertex 19.4195 3.86279 1.49
      vertex 19.1253 5.12462 2.4
      vertex 19.1253 5.12462 1.49
    endloop
  endfacet
  facet normal -0.97388 -0.227063 0
    outer loop
      vertex 19.1253 5.12462 2.4
      vertex 19.4195 3.86279 1.49
      vertex 19.4195 3.86279 2.4
    endloop
  endfacet
  facet normal -0.999464 -0.0327243 0
    outer loop
      vertex 19.8 0 1.49
      vertex 19.7576 1.29498 2.4
      vertex 19.7576 1.29498 1.49
    endloop
  endfacet
  facet normal -0.999464 -0.0327243 0
    outer loop
      vertex 19.7576 1.29498 2.4
      vertex 19.8 0 1.49
      vertex 19.8 0 2.4
    endloop
  endfacet
  facet normal 0.999464 -0.0327243 0
    outer loop
      vertex -19.8 0 2.4
      vertex -19.7576 1.29498 1.49
      vertex -19.7576 1.29498 2.4
    endloop
  endfacet
  facet normal 0.999464 -0.0327243 0
    outer loop
      vertex -19.7576 1.29498 1.49
      vertex -19.8 0 2.4
      vertex -19.8 0 1.49
    endloop
  endfacet
  facet normal -0.729881 -0.683574 0
    outer loop
      vertex 14.8864 13.055 1.49
      vertex 14.0007 14.0007 2.4
      vertex 14.0007 14.0007 1.49
    endloop
  endfacet
  facet normal -0.729881 -0.683574 0
    outer loop
      vertex 14.0007 14.0007 2.4
      vertex 14.8864 13.055 1.49
      vertex 14.8864 13.055 2.4
    endloop
  endfacet
  facet normal -0.582471 -0.812851 0
    outer loop
      vertex 11.0003 16.4631 1.49
      vertex 12.0535 15.7084 2.4
      vertex 11.0003 16.4631 2.4
    endloop
  endfacet
  facet normal -0.582471 -0.812851 -0
    outer loop
      vertex 12.0535 15.7084 2.4
      vertex 11.0003 16.4631 1.49
      vertex 12.0535 15.7084 1.49
    endloop
  endfacet
  facet normal 0.772976 0.634435 0
    outer loop
      vertex -14.8864 -13.055 2.4
      vertex -15.7084 -12.0535 1.49
      vertex -15.7084 -12.0535 2.4
    endloop
  endfacet
  facet normal 0.772976 0.634435 0
    outer loop
      vertex -15.7084 -12.0535 1.49
      vertex -14.8864 -13.055 2.4
      vertex -14.8864 -13.055 1.49
    endloop
  endfacet
  facet normal 0.0327243 -0.999464 0
    outer loop
      vertex -1.29498 19.7576 1.49
      vertex 0 19.8 2.4
      vertex -1.29498 19.7576 2.4
    endloop
  endfacet
  facet normal 0.0327243 -0.999464 0
    outer loop
      vertex 0 19.8 2.4
      vertex -1.29498 19.7576 1.49
      vertex 0 19.8 1.49
    endloop
  endfacet
  facet normal 0.528062 -0.849206 0
    outer loop
      vertex -11.0003 16.4631 1.49
      vertex -9.9 17.1473 2.4
      vertex -11.0003 16.4631 2.4
    endloop
  endfacet
  facet normal 0.528062 -0.849206 0
    outer loop
      vertex -9.9 17.1473 2.4
      vertex -11.0003 16.4631 1.49
      vertex -9.9 17.1473 1.49
    endloop
  endfacet
  facet normal -0.995185 -0.0980181 0
    outer loop
      vertex 19.7576 1.29498 1.49
      vertex 19.6306 2.58442 2.4
      vertex 19.6306 2.58442 1.49
    endloop
  endfacet
  facet normal -0.995185 -0.0980181 0
    outer loop
      vertex 19.6306 2.58442 2.4
      vertex 19.7576 1.29498 1.49
      vertex 19.7576 1.29498 2.4
    endloop
  endfacet
  facet normal 0.956943 -0.290275 0
    outer loop
      vertex -19.1253 5.12462 2.4
      vertex -18.7492 6.3645 1.49
      vertex -18.7492 6.3645 2.4
    endloop
  endfacet
  facet normal 0.956943 -0.290275 0
    outer loop
      vertex -18.7492 6.3645 1.49
      vertex -19.1253 5.12462 2.4
      vertex -19.1253 5.12462 1.49
    endloop
  endfacet
  facet normal -0.634435 -0.772976 0
    outer loop
      vertex 12.0535 15.7084 1.49
      vertex 13.055 14.8864 2.4
      vertex 12.0535 15.7084 2.4
    endloop
  endfacet
  facet normal -0.634435 -0.772976 -0
    outer loop
      vertex 13.055 14.8864 2.4
      vertex 12.0535 15.7084 1.49
      vertex 13.055 14.8864 1.49
    endloop
  endfacet
  facet normal 0.227063 -0.97388 0
    outer loop
      vertex -5.12462 19.1253 1.49
      vertex -3.86279 19.4195 2.4
      vertex -5.12462 19.1253 2.4
    endloop
  endfacet
  facet normal 0.227063 -0.97388 0
    outer loop
      vertex -3.86279 19.4195 2.4
      vertex -5.12462 19.1253 1.49
      vertex -3.86279 19.4195 1.49
    endloop
  endfacet
  facet normal -0.849206 0.528062 0
    outer loop
      vertex 16.4631 -11.0003 1.49
      vertex 17.1473 -9.9 2.4
      vertex 17.1473 -9.9 1.49
    endloop
  endfacet
  facet normal -0.849206 0.528062 0
    outer loop
      vertex 17.1473 -9.9 2.4
      vertex 16.4631 -11.0003 1.49
      vertex 16.4631 -11.0003 2.4
    endloop
  endfacet
  facet normal -0.986638 -0.162926 0
    outer loop
      vertex 19.6306 2.58442 1.49
      vertex 19.4195 3.86279 2.4
      vertex 19.4195 3.86279 1.49
    endloop
  endfacet
  facet normal -0.986638 -0.162926 0
    outer loop
      vertex 19.4195 3.86279 2.4
      vertex 19.6306 2.58442 1.49
      vertex 19.6306 2.58442 2.4
    endloop
  endfacet
  facet normal -0.471412 -0.881913 0
    outer loop
      vertex 8.75732 17.7581 1.49
      vertex 9.9 17.1473 2.4
      vertex 8.75732 17.7581 2.4
    endloop
  endfacet
  facet normal -0.471412 -0.881913 -0
    outer loop
      vertex 9.9 17.1473 2.4
      vertex 8.75732 17.7581 1.49
      vertex 9.9 17.1473 1.49
    endloop
  endfacet
  facet normal -0.881913 -0.471412 0
    outer loop
      vertex 17.7581 8.75732 1.49
      vertex 17.1473 9.9 2.4
      vertex 17.1473 9.9 1.49
    endloop
  endfacet
  facet normal -0.881913 -0.471412 0
    outer loop
      vertex 17.1473 9.9 2.4
      vertex 17.7581 8.75732 1.49
      vertex 17.7581 8.75732 2.4
    endloop
  endfacet
  facet normal 0.935906 0.352249 0
    outer loop
      vertex -18.2928 -7.57713 2.4
      vertex -18.7492 -6.3645 1.49
      vertex -18.7492 -6.3645 2.4
    endloop
  endfacet
  facet normal 0.935906 0.352249 0
    outer loop
      vertex -18.7492 -6.3645 1.49
      vertex -18.2928 -7.57713 2.4
      vertex -18.2928 -7.57713 1.49
    endloop
  endfacet
  facet normal 0.729881 0.683574 0
    outer loop
      vertex -14.0007 -14.0007 2.4
      vertex -14.8864 -13.055 1.49
      vertex -14.8864 -13.055 2.4
    endloop
  endfacet
  facet normal 0.729881 0.683574 0
    outer loop
      vertex -14.8864 -13.055 1.49
      vertex -14.0007 -14.0007 2.4
      vertex -14.0007 -14.0007 1.49
    endloop
  endfacet
  facet normal 0.683574 -0.729881 0
    outer loop
      vertex -14.0007 14.0007 1.49
      vertex -13.055 14.8864 2.4
      vertex -14.0007 14.0007 2.4
    endloop
  endfacet
  facet normal 0.683574 -0.729881 0
    outer loop
      vertex -13.055 14.8864 2.4
      vertex -14.0007 14.0007 1.49
      vertex -13.055 14.8864 1.49
    endloop
  endfacet
  facet normal 0.352249 -0.935906 0
    outer loop
      vertex -7.57713 18.2928 1.49
      vertex -6.3645 18.7492 2.4
      vertex -7.57713 18.2928 2.4
    endloop
  endfacet
  facet normal 0.352249 -0.935906 0
    outer loop
      vertex -6.3645 18.7492 2.4
      vertex -7.57713 18.2928 1.49
      vertex -6.3645 18.7492 1.49
    endloop
  endfacet
  facet normal 0.935906 -0.352249 0
    outer loop
      vertex -18.7492 6.3645 2.4
      vertex -18.2928 7.57713 1.49
      vertex -18.2928 7.57713 2.4
    endloop
  endfacet
  facet normal 0.935906 -0.352249 0
    outer loop
      vertex -18.2928 7.57713 1.49
      vertex -18.7492 6.3645 2.4
      vertex -18.7492 6.3645 1.49
    endloop
  endfacet
  facet normal 0.634435 -0.772976 0
    outer loop
      vertex -13.055 14.8864 1.49
      vertex -12.0535 15.7084 2.4
      vertex -13.055 14.8864 2.4
    endloop
  endfacet
  facet normal 0.634435 -0.772976 0
    outer loop
      vertex -12.0535 15.7084 2.4
      vertex -13.055 14.8864 1.49
      vertex -12.0535 15.7084 1.49
    endloop
  endfacet
  facet normal 0.0980181 -0.995185 0
    outer loop
      vertex -2.58442 19.6306 1.49
      vertex -1.29498 19.7576 2.4
      vertex -2.58442 19.6306 2.4
    endloop
  endfacet
  facet normal 0.0980181 -0.995185 0
    outer loop
      vertex -1.29498 19.7576 2.4
      vertex -2.58442 19.6306 1.49
      vertex -1.29498 19.7576 1.49
    endloop
  endfacet
  facet normal 0.729881 -0.683574 0
    outer loop
      vertex -14.8864 13.055 2.4
      vertex -14.0007 14.0007 1.49
      vertex -14.0007 14.0007 2.4
    endloop
  endfacet
  facet normal 0.729881 -0.683574 0
    outer loop
      vertex -14.0007 14.0007 1.49
      vertex -14.8864 13.055 2.4
      vertex -14.8864 13.055 1.49
    endloop
  endfacet
  facet normal 0.986638 -0.162926 0
    outer loop
      vertex -19.6306 2.58442 2.4
      vertex -19.4195 3.86279 1.49
      vertex -19.4195 3.86279 2.4
    endloop
  endfacet
  facet normal 0.986638 -0.162926 0
    outer loop
      vertex -19.4195 3.86279 1.49
      vertex -19.6306 2.58442 2.4
      vertex -19.6306 2.58442 1.49
    endloop
  endfacet
  facet normal -0.352249 0.935906 0
    outer loop
      vertex 7.57713 -18.2928 1.49
      vertex 6.3645 -18.7492 2.4
      vertex 7.57713 -18.2928 2.4
    endloop
  endfacet
  facet normal -0.352249 0.935906 0
    outer loop
      vertex 6.3645 -18.7492 2.4
      vertex 7.57713 -18.2928 1.49
      vertex 6.3645 -18.7492 1.49
    endloop
  endfacet
  facet normal -0.227063 0.97388 0
    outer loop
      vertex 5.12462 -19.1253 1.49
      vertex 3.86279 -19.4195 2.4
      vertex 5.12462 -19.1253 2.4
    endloop
  endfacet
  facet normal -0.227063 0.97388 0
    outer loop
      vertex 3.86279 -19.4195 2.4
      vertex 5.12462 -19.1253 1.49
      vertex 3.86279 -19.4195 1.49
    endloop
  endfacet
  facet normal -0.290275 -0.956943 0
    outer loop
      vertex 5.12462 19.1253 1.49
      vertex 6.3645 18.7492 2.4
      vertex 5.12462 19.1253 2.4
    endloop
  endfacet
  facet normal -0.290275 -0.956943 -0
    outer loop
      vertex 6.3645 18.7492 2.4
      vertex 5.12462 19.1253 1.49
      vertex 6.3645 18.7492 1.49
    endloop
  endfacet
  facet normal 0.412683 -0.910875 0
    outer loop
      vertex -8.75732 17.7581 1.49
      vertex -7.57713 18.2928 2.4
      vertex -8.75732 17.7581 2.4
    endloop
  endfacet
  facet normal 0.412683 -0.910875 0
    outer loop
      vertex -7.57713 18.2928 2.4
      vertex -8.75732 17.7581 1.49
      vertex -7.57713 18.2928 1.49
    endloop
  endfacet
  facet normal -0.683574 -0.729881 0
    outer loop
      vertex 13.055 14.8864 1.49
      vertex 14.0007 14.0007 2.4
      vertex 13.055 14.8864 2.4
    endloop
  endfacet
  facet normal -0.683574 -0.729881 -0
    outer loop
      vertex 14.0007 14.0007 2.4
      vertex 13.055 14.8864 1.49
      vertex 14.0007 14.0007 1.49
    endloop
  endfacet
  facet normal -0.162926 0.986638 0
    outer loop
      vertex 3.86279 -19.4195 1.49
      vertex 2.58442 -19.6306 2.4
      vertex 3.86279 -19.4195 2.4
    endloop
  endfacet
  facet normal -0.162926 0.986638 0
    outer loop
      vertex 2.58442 -19.6306 2.4
      vertex 3.86279 -19.4195 1.49
      vertex 2.58442 -19.6306 1.49
    endloop
  endfacet
  facet normal -0.352249 -0.935906 0
    outer loop
      vertex 6.3645 18.7492 1.49
      vertex 7.57713 18.2928 2.4
      vertex 6.3645 18.7492 2.4
    endloop
  endfacet
  facet normal -0.352249 -0.935906 -0
    outer loop
      vertex 7.57713 18.2928 2.4
      vertex 6.3645 18.7492 1.49
      vertex 7.57713 18.2928 1.49
    endloop
  endfacet
  facet normal 0.162926 -0.986638 0
    outer loop
      vertex -3.86279 19.4195 1.49
      vertex -2.58442 19.6306 2.4
      vertex -3.86279 19.4195 2.4
    endloop
  endfacet
  facet normal 0.162926 -0.986638 0
    outer loop
      vertex -2.58442 19.6306 2.4
      vertex -3.86279 19.4195 1.49
      vertex -2.58442 19.6306 1.49
    endloop
  endfacet
  facet normal -0.582471 0.812851 0
    outer loop
      vertex 12.0535 -15.7084 1.49
      vertex 11.0003 -16.4631 2.4
      vertex 12.0535 -15.7084 2.4
    endloop
  endfacet
  facet normal -0.582471 0.812851 0
    outer loop
      vertex 11.0003 -16.4631 2.4
      vertex 12.0535 -15.7084 1.49
      vertex 11.0003 -16.4631 1.49
    endloop
  endfacet
  facet normal -0.0980181 0.995185 0
    outer loop
      vertex 2.58442 -19.6306 1.49
      vertex 1.29498 -19.7576 2.4
      vertex 2.58442 -19.6306 2.4
    endloop
  endfacet
  facet normal -0.0980181 0.995185 0
    outer loop
      vertex 1.29498 -19.7576 2.4
      vertex 2.58442 -19.6306 1.49
      vertex 1.29498 -19.7576 1.49
    endloop
  endfacet
  facet normal -0.935906 0.352249 0
    outer loop
      vertex 18.2928 -7.57713 1.49
      vertex 18.7492 -6.3645 2.4
      vertex 18.7492 -6.3645 1.49
    endloop
  endfacet
  facet normal -0.935906 0.352249 0
    outer loop
      vertex 18.7492 -6.3645 2.4
      vertex 18.2928 -7.57713 1.49
      vertex 18.2928 -7.57713 2.4
    endloop
  endfacet
  facet normal 0.849206 0.528062 0
    outer loop
      vertex -16.4631 -11.0003 2.4
      vertex -17.1473 -9.9 1.49
      vertex -17.1473 -9.9 2.4
    endloop
  endfacet
  facet normal 0.849206 0.528062 0
    outer loop
      vertex -17.1473 -9.9 1.49
      vertex -16.4631 -11.0003 2.4
      vertex -16.4631 -11.0003 1.49
    endloop
  endfacet
  facet normal -0.812851 -0.582471 0
    outer loop
      vertex 16.4631 11.0003 1.49
      vertex 15.7084 12.0535 2.4
      vertex 15.7084 12.0535 1.49
    endloop
  endfacet
  facet normal -0.812851 -0.582471 0
    outer loop
      vertex 15.7084 12.0535 2.4
      vertex 16.4631 11.0003 1.49
      vertex 16.4631 11.0003 2.4
    endloop
  endfacet
  facet normal 0.290275 -0.956943 0
    outer loop
      vertex -6.3645 18.7492 1.49
      vertex -5.12462 19.1253 2.4
      vertex -6.3645 18.7492 2.4
    endloop
  endfacet
  facet normal 0.290275 -0.956943 0
    outer loop
      vertex -5.12462 19.1253 2.4
      vertex -6.3645 18.7492 1.49
      vertex -5.12462 19.1253 1.49
    endloop
  endfacet
  facet normal 0.812851 0.582471 0
    outer loop
      vertex -15.7084 -12.0535 2.4
      vertex -16.4631 -11.0003 1.49
      vertex -16.4631 -11.0003 2.4
    endloop
  endfacet
  facet normal 0.812851 0.582471 0
    outer loop
      vertex -16.4631 -11.0003 1.49
      vertex -15.7084 -12.0535 2.4
      vertex -15.7084 -12.0535 1.49
    endloop
  endfacet
  facet normal 0.162926 0.986638 -0
    outer loop
      vertex -2.58442 -19.6306 1.49
      vertex -3.86279 -19.4195 2.4
      vertex -2.58442 -19.6306 2.4
    endloop
  endfacet
  facet normal 0.162926 0.986638 0
    outer loop
      vertex -3.86279 -19.4195 2.4
      vertex -2.58442 -19.6306 1.49
      vertex -3.86279 -19.4195 1.49
    endloop
  endfacet
  facet normal -0.849206 -0.528062 0
    outer loop
      vertex 17.1473 9.9 1.49
      vertex 16.4631 11.0003 2.4
      vertex 16.4631 11.0003 1.49
    endloop
  endfacet
  facet normal -0.849206 -0.528062 0
    outer loop
      vertex 16.4631 11.0003 2.4
      vertex 17.1473 9.9 1.49
      vertex 17.1473 9.9 2.4
    endloop
  endfacet
  facet normal -0.683574 0.729881 0
    outer loop
      vertex 14.0007 -14.0007 1.49
      vertex 13.055 -14.8864 2.4
      vertex 14.0007 -14.0007 2.4
    endloop
  endfacet
  facet normal -0.683574 0.729881 0
    outer loop
      vertex 13.055 -14.8864 2.4
      vertex 14.0007 -14.0007 1.49
      vertex 13.055 -14.8864 1.49
    endloop
  endfacet
  facet normal -0.881913 0.471412 0
    outer loop
      vertex 17.1473 -9.9 1.49
      vertex 17.7581 -8.75732 2.4
      vertex 17.7581 -8.75732 1.49
    endloop
  endfacet
  facet normal -0.881913 0.471412 0
    outer loop
      vertex 17.7581 -8.75732 2.4
      vertex 17.1473 -9.9 1.49
      vertex 17.1473 -9.9 2.4
    endloop
  endfacet
  facet normal -0.999464 0.0327243 0
    outer loop
      vertex 19.7576 -1.29498 1.49
      vertex 19.8 0 2.4
      vertex 19.8 0 1.49
    endloop
  endfacet
  facet normal -0.999464 0.0327243 0
    outer loop
      vertex 19.8 0 2.4
      vertex 19.7576 -1.29498 1.49
      vertex 19.7576 -1.29498 2.4
    endloop
  endfacet
  facet normal -0.995185 0.0980181 0
    outer loop
      vertex 19.6306 -2.58442 1.49
      vertex 19.7576 -1.29498 2.4
      vertex 19.7576 -1.29498 1.49
    endloop
  endfacet
  facet normal -0.995185 0.0980181 0
    outer loop
      vertex 19.7576 -1.29498 2.4
      vertex 19.6306 -2.58442 1.49
      vertex 19.6306 -2.58442 2.4
    endloop
  endfacet
  facet normal 0.97388 0.227063 0
    outer loop
      vertex -19.1253 -5.12462 2.4
      vertex -19.4195 -3.86279 1.49
      vertex -19.4195 -3.86279 2.4
    endloop
  endfacet
  facet normal 0.97388 0.227063 0
    outer loop
      vertex -19.4195 -3.86279 1.49
      vertex -19.1253 -5.12462 2.4
      vertex -19.1253 -5.12462 1.49
    endloop
  endfacet
  facet normal 0.683574 0.729881 -0
    outer loop
      vertex -13.055 -14.8864 1.49
      vertex -14.0007 -14.0007 2.4
      vertex -13.055 -14.8864 2.4
    endloop
  endfacet
  facet normal 0.683574 0.729881 0
    outer loop
      vertex -14.0007 -14.0007 2.4
      vertex -13.055 -14.8864 1.49
      vertex -14.0007 -14.0007 1.49
    endloop
  endfacet
  facet normal 0.881913 0.471412 0
    outer loop
      vertex -17.1473 -9.9 2.4
      vertex -17.7581 -8.75732 1.49
      vertex -17.7581 -8.75732 2.4
    endloop
  endfacet
  facet normal 0.881913 0.471412 0
    outer loop
      vertex -17.7581 -8.75732 1.49
      vertex -17.1473 -9.9 2.4
      vertex -17.1473 -9.9 1.49
    endloop
  endfacet
  facet normal -0.772976 0.634435 0
    outer loop
      vertex 14.8864 -13.055 1.49
      vertex 15.7084 -12.0535 2.4
      vertex 15.7084 -12.0535 1.49
    endloop
  endfacet
  facet normal -0.772976 0.634435 0
    outer loop
      vertex 15.7084 -12.0535 2.4
      vertex 14.8864 -13.055 1.49
      vertex 14.8864 -13.055 2.4
    endloop
  endfacet
  facet normal -0.0980181 -0.995185 0
    outer loop
      vertex 1.29498 19.7576 1.49
      vertex 2.58442 19.6306 2.4
      vertex 1.29498 19.7576 2.4
    endloop
  endfacet
  facet normal -0.0980181 -0.995185 -0
    outer loop
      vertex 2.58442 19.6306 2.4
      vertex 1.29498 19.7576 1.49
      vertex 2.58442 19.6306 1.49
    endloop
  endfacet
  facet normal 0.0980181 0.995185 -0
    outer loop
      vertex -1.29498 -19.7576 1.49
      vertex -2.58442 -19.6306 2.4
      vertex -1.29498 -19.7576 2.4
    endloop
  endfacet
  facet normal 0.0980181 0.995185 0
    outer loop
      vertex -2.58442 -19.6306 2.4
      vertex -1.29498 -19.7576 1.49
      vertex -2.58442 -19.6306 1.49
    endloop
  endfacet
  facet normal 0.352249 0.935906 -0
    outer loop
      vertex -6.3645 -18.7492 1.49
      vertex -7.57713 -18.2928 2.4
      vertex -6.3645 -18.7492 2.4
    endloop
  endfacet
  facet normal 0.352249 0.935906 0
    outer loop
      vertex -7.57713 -18.2928 2.4
      vertex -6.3645 -18.7492 1.49
      vertex -7.57713 -18.2928 1.49
    endloop
  endfacet
  facet normal 0.471412 -0.881913 0
    outer loop
      vertex -9.9 17.1473 1.49
      vertex -8.75732 17.7581 2.4
      vertex -9.9 17.1473 2.4
    endloop
  endfacet
  facet normal 0.471412 -0.881913 0
    outer loop
      vertex -8.75732 17.7581 2.4
      vertex -9.9 17.1473 1.49
      vertex -8.75732 17.7581 1.49
    endloop
  endfacet
  facet normal 0.412683 0.910875 -0
    outer loop
      vertex -7.57713 -18.2928 1.49
      vertex -8.75732 -17.7581 2.4
      vertex -7.57713 -18.2928 2.4
    endloop
  endfacet
  facet normal 0.412683 0.910875 0
    outer loop
      vertex -8.75732 -17.7581 2.4
      vertex -7.57713 -18.2928 1.49
      vertex -8.75732 -17.7581 1.49
    endloop
  endfacet
  facet normal 0.290275 0.956943 -0
    outer loop
      vertex -5.12462 -19.1253 1.49
      vertex -6.3645 -18.7492 2.4
      vertex -5.12462 -19.1253 2.4
    endloop
  endfacet
  facet normal 0.290275 0.956943 0
    outer loop
      vertex -6.3645 -18.7492 2.4
      vertex -5.12462 -19.1253 1.49
      vertex -6.3645 -18.7492 1.49
    endloop
  endfacet
  facet normal -0.412683 0.910875 0
    outer loop
      vertex 8.75732 -17.7581 1.49
      vertex 7.57713 -18.2928 2.4
      vertex 8.75732 -17.7581 2.4
    endloop
  endfacet
  facet normal -0.412683 0.910875 0
    outer loop
      vertex 7.57713 -18.2928 2.4
      vertex 8.75732 -17.7581 1.49
      vertex 7.57713 -18.2928 1.49
    endloop
  endfacet
  facet normal 0.227063 0.97388 -0
    outer loop
      vertex -3.86279 -19.4195 1.49
      vertex -5.12462 -19.1253 2.4
      vertex -3.86279 -19.4195 2.4
    endloop
  endfacet
  facet normal 0.227063 0.97388 0
    outer loop
      vertex -5.12462 -19.1253 2.4
      vertex -3.86279 -19.4195 1.49
      vertex -5.12462 -19.1253 1.49
    endloop
  endfacet
  facet normal 0.528062 0.849206 -0
    outer loop
      vertex -9.9 -17.1473 1.49
      vertex -11.0003 -16.4631 2.4
      vertex -9.9 -17.1473 2.4
    endloop
  endfacet
  facet normal 0.528062 0.849206 0
    outer loop
      vertex -11.0003 -16.4631 2.4
      vertex -9.9 -17.1473 1.49
      vertex -11.0003 -16.4631 1.49
    endloop
  endfacet
  facet normal -0.227063 -0.97388 0
    outer loop
      vertex 3.86279 19.4195 1.49
      vertex 5.12462 19.1253 2.4
      vertex 3.86279 19.4195 2.4
    endloop
  endfacet
  facet normal -0.227063 -0.97388 -0
    outer loop
      vertex 5.12462 19.1253 2.4
      vertex 3.86279 19.4195 1.49
      vertex 5.12462 19.1253 1.49
    endloop
  endfacet
  facet normal -0.729881 0.683574 0
    outer loop
      vertex 14.0007 -14.0007 1.49
      vertex 14.8864 -13.055 2.4
      vertex 14.8864 -13.055 1.49
    endloop
  endfacet
  facet normal -0.729881 0.683574 0
    outer loop
      vertex 14.8864 -13.055 2.4
      vertex 14.0007 -14.0007 1.49
      vertex 14.0007 -14.0007 2.4
    endloop
  endfacet
  facet normal -0.290275 0.956943 0
    outer loop
      vertex 6.3645 -18.7492 1.49
      vertex 5.12462 -19.1253 2.4
      vertex 6.3645 -18.7492 2.4
    endloop
  endfacet
  facet normal -0.290275 0.956943 0
    outer loop
      vertex 5.12462 -19.1253 2.4
      vertex 6.3645 -18.7492 1.49
      vertex 5.12462 -19.1253 1.49
    endloop
  endfacet
  facet normal -0.812851 0.582471 0
    outer loop
      vertex 15.7084 -12.0535 1.49
      vertex 16.4631 -11.0003 2.4
      vertex 16.4631 -11.0003 1.49
    endloop
  endfacet
  facet normal -0.812851 0.582471 0
    outer loop
      vertex 16.4631 -11.0003 2.4
      vertex 15.7084 -12.0535 1.49
      vertex 15.7084 -12.0535 2.4
    endloop
  endfacet
  facet normal 0.986638 0.162926 0
    outer loop
      vertex -19.4195 -3.86279 2.4
      vertex -19.6306 -2.58442 1.49
      vertex -19.6306 -2.58442 2.4
    endloop
  endfacet
  facet normal 0.986638 0.162926 0
    outer loop
      vertex -19.6306 -2.58442 1.49
      vertex -19.4195 -3.86279 2.4
      vertex -19.4195 -3.86279 1.49
    endloop
  endfacet
  facet normal -0.471412 0.881913 0
    outer loop
      vertex 9.9 -17.1473 1.49
      vertex 8.75732 -17.7581 2.4
      vertex 9.9 -17.1473 2.4
    endloop
  endfacet
  facet normal -0.471412 0.881913 0
    outer loop
      vertex 8.75732 -17.7581 2.4
      vertex 9.9 -17.1473 1.49
      vertex 8.75732 -17.7581 1.49
    endloop
  endfacet
  facet normal -0.528062 0.849206 0
    outer loop
      vertex 11.0003 -16.4631 1.49
      vertex 9.9 -17.1473 2.4
      vertex 11.0003 -16.4631 2.4
    endloop
  endfacet
  facet normal -0.528062 0.849206 0
    outer loop
      vertex 9.9 -17.1473 2.4
      vertex 11.0003 -16.4631 1.49
      vertex 9.9 -17.1473 1.49
    endloop
  endfacet
  facet normal -0.956943 0.290275 0
    outer loop
      vertex 18.7492 -6.3645 1.49
      vertex 19.1253 -5.12462 2.4
      vertex 19.1253 -5.12462 1.49
    endloop
  endfacet
  facet normal -0.956943 0.290275 0
    outer loop
      vertex 19.1253 -5.12462 2.4
      vertex 18.7492 -6.3645 1.49
      vertex 18.7492 -6.3645 2.4
    endloop
  endfacet
  facet normal -0.162926 -0.986638 0
    outer loop
      vertex 2.58442 19.6306 1.49
      vertex 3.86279 19.4195 2.4
      vertex 2.58442 19.6306 2.4
    endloop
  endfacet
  facet normal -0.162926 -0.986638 -0
    outer loop
      vertex 3.86279 19.4195 2.4
      vertex 2.58442 19.6306 1.49
      vertex 3.86279 19.4195 1.49
    endloop
  endfacet
  facet normal -0.910875 0.412683 0
    outer loop
      vertex 17.7581 -8.75732 1.49
      vertex 18.2928 -7.57713 2.4
      vertex 18.2928 -7.57713 1.49
    endloop
  endfacet
  facet normal -0.910875 0.412683 0
    outer loop
      vertex 18.2928 -7.57713 2.4
      vertex 17.7581 -8.75732 1.49
      vertex 17.7581 -8.75732 2.4
    endloop
  endfacet
  facet normal 0.910875 0.412683 0
    outer loop
      vertex -17.7581 -8.75732 2.4
      vertex -18.2928 -7.57713 1.49
      vertex -18.2928 -7.57713 2.4
    endloop
  endfacet
  facet normal 0.910875 0.412683 0
    outer loop
      vertex -18.2928 -7.57713 1.49
      vertex -17.7581 -8.75732 2.4
      vertex -17.7581 -8.75732 1.49
    endloop
  endfacet
  facet normal -0.0327243 0.999464 0
    outer loop
      vertex 1.29498 -19.7576 1.49
      vertex 0 -19.8 2.4
      vertex 1.29498 -19.7576 2.4
    endloop
  endfacet
  facet normal -0.0327243 0.999464 0
    outer loop
      vertex 0 -19.8 2.4
      vertex 1.29498 -19.7576 1.49
      vertex 0 -19.8 1.49
    endloop
  endfacet
  facet normal 0.999464 0.0327243 0
    outer loop
      vertex -19.7576 -1.29498 2.4
      vertex -19.8 0 1.49
      vertex -19.8 0 2.4
    endloop
  endfacet
  facet normal 0.999464 0.0327243 0
    outer loop
      vertex -19.8 0 1.49
      vertex -19.7576 -1.29498 2.4
      vertex -19.7576 -1.29498 1.49
    endloop
  endfacet
  facet normal -0.935906 -0.352249 0
    outer loop
      vertex 18.7492 6.3645 1.49
      vertex 18.2928 7.57713 2.4
      vertex 18.2928 7.57713 1.49
    endloop
  endfacet
  facet normal -0.935906 -0.352249 0
    outer loop
      vertex 18.2928 7.57713 2.4
      vertex 18.7492 6.3645 1.49
      vertex 18.7492 6.3645 2.4
    endloop
  endfacet
  facet normal 0.910875 -0.412683 0
    outer loop
      vertex -18.2928 7.57713 2.4
      vertex -17.7581 8.75732 1.49
      vertex -17.7581 8.75732 2.4
    endloop
  endfacet
  facet normal 0.910875 -0.412683 0
    outer loop
      vertex -17.7581 8.75732 1.49
      vertex -18.2928 7.57713 2.4
      vertex -18.2928 7.57713 1.49
    endloop
  endfacet
  facet normal 0.0327243 0.999464 -0
    outer loop
      vertex 0 -19.8 1.49
      vertex -1.29498 -19.7576 2.4
      vertex 0 -19.8 2.4
    endloop
  endfacet
  facet normal 0.0327243 0.999464 0
    outer loop
      vertex -1.29498 -19.7576 2.4
      vertex 0 -19.8 1.49
      vertex -1.29498 -19.7576 1.49
    endloop
  endfacet
  facet normal 0.582471 -0.812851 0
    outer loop
      vertex -12.0535 15.7084 1.49
      vertex -11.0003 16.4631 2.4
      vertex -12.0535 15.7084 2.4
    endloop
  endfacet
  facet normal 0.582471 -0.812851 0
    outer loop
      vertex -11.0003 16.4631 2.4
      vertex -12.0535 15.7084 1.49
      vertex -11.0003 16.4631 1.49
    endloop
  endfacet
  facet normal 0.471412 0.881913 -0
    outer loop
      vertex -8.75732 -17.7581 1.49
      vertex -9.9 -17.1473 2.4
      vertex -8.75732 -17.7581 2.4
    endloop
  endfacet
  facet normal 0.471412 0.881913 0
    outer loop
      vertex -9.9 -17.1473 2.4
      vertex -8.75732 -17.7581 1.49
      vertex -9.9 -17.1473 1.49
    endloop
  endfacet
  facet normal 0.995185 -0.0980181 0
    outer loop
      vertex -19.7576 1.29498 2.4
      vertex -19.6306 2.58442 1.49
      vertex -19.6306 2.58442 2.4
    endloop
  endfacet
  facet normal 0.995185 -0.0980181 0
    outer loop
      vertex -19.6306 2.58442 1.49
      vertex -19.7576 1.29498 2.4
      vertex -19.7576 1.29498 1.49
    endloop
  endfacet
  facet normal 0.881913 -0.471412 0
    outer loop
      vertex -17.7581 8.75732 2.4
      vertex -17.1473 9.9 1.49
      vertex -17.1473 9.9 2.4
    endloop
  endfacet
  facet normal 0.881913 -0.471412 0
    outer loop
      vertex -17.1473 9.9 1.49
      vertex -17.7581 8.75732 2.4
      vertex -17.7581 8.75732 1.49
    endloop
  endfacet
  facet normal 0.956943 0.290275 0
    outer loop
      vertex -18.7492 -6.3645 2.4
      vertex -19.1253 -5.12462 1.49
      vertex -19.1253 -5.12462 2.4
    endloop
  endfacet
  facet normal 0.956943 0.290275 0
    outer loop
      vertex -19.1253 -5.12462 1.49
      vertex -18.7492 -6.3645 2.4
      vertex -18.7492 -6.3645 1.49
    endloop
  endfacet
  facet normal 0.849206 -0.528062 0
    outer loop
      vertex -17.1473 9.9 2.4
      vertex -16.4631 11.0003 1.49
      vertex -16.4631 11.0003 2.4
    endloop
  endfacet
  facet normal 0.849206 -0.528062 0
    outer loop
      vertex -16.4631 11.0003 1.49
      vertex -17.1473 9.9 2.4
      vertex -17.1473 9.9 1.49
    endloop
  endfacet
  facet normal 0.812851 -0.582471 0
    outer loop
      vertex -16.4631 11.0003 2.4
      vertex -15.7084 12.0535 1.49
      vertex -15.7084 12.0535 2.4
    endloop
  endfacet
  facet normal 0.812851 -0.582471 0
    outer loop
      vertex -15.7084 12.0535 1.49
      vertex -16.4631 11.0003 2.4
      vertex -16.4631 11.0003 1.49
    endloop
  endfacet
  facet normal 0.634435 0.772976 -0
    outer loop
      vertex -12.0535 -15.7084 1.49
      vertex -13.055 -14.8864 2.4
      vertex -12.0535 -15.7084 2.4
    endloop
  endfacet
  facet normal 0.634435 0.772976 0
    outer loop
      vertex -13.055 -14.8864 2.4
      vertex -12.0535 -15.7084 1.49
      vertex -13.055 -14.8864 1.49
    endloop
  endfacet
  facet normal 0.582471 0.812851 -0
    outer loop
      vertex -11.0003 -16.4631 1.49
      vertex -12.0535 -15.7084 2.4
      vertex -11.0003 -16.4631 2.4
    endloop
  endfacet
  facet normal 0.582471 0.812851 0
    outer loop
      vertex -12.0535 -15.7084 2.4
      vertex -11.0003 -16.4631 1.49
      vertex -12.0535 -15.7084 1.49
    endloop
  endfacet
  facet normal 0.697836 0.115246 -0.706925
    outer loop
      vertex -19.4195 -3.86279 1.49
      vertex -20.8809 -4.15347 0
      vertex -21.1065 -2.78742 0
    endloop
  endfacet
  facet normal -0.0655929 -0.704304 -0.706862
    outer loop
      vertex 2.58442 19.6306 1.49
      vertex 2.77031 21.1087 0
      vertex 2.7789 21.1079 0
    endloop
  endfacet
  facet normal -0.0693278 -0.70389 -0.706918
    outer loop
      vertex 2.77031 21.1087 0
      vertex 2.58442 19.6306 1.49
      vertex 1.29498 19.7576 1.49
    endloop
  endfacet
  facet normal -0.644248 0.2919 -0.706922
    outer loop
      vertex 19.6694 -8.14733 0
      vertex 19.098 -9.40846 0
      vertex 18.2928 -7.57713 1.49
    endloop
  endfacet
  facet normal 0.335498 0.622718 -0.706869
    outer loop
      vertex -9.42394 -19.0903 0
      vertex -8.75732 -17.7581 1.49
      vertex -9.41633 -19.0944 0
    endloop
  endfacet
  facet normal 0.333435 0.623787 -0.706902
    outer loop
      vertex -8.75732 -17.7581 1.49
      vertex -9.42394 -19.0903 0
      vertex -9.9 -17.1473 1.49
    endloop
  endfacet
  facet normal -0.706893 -0.024566 -0.706893
    outer loop
      vertex 19.8 0 1.49
      vertex 21.2897 0.00863259 0
      vertex 21.29 0 0
    endloop
  endfacet
  facet normal -0.706921 -0.0231459 -0.706913
    outer loop
      vertex 21.2897 0.00863259 0
      vertex 19.8 0 1.49
      vertex 19.7576 1.29498 1.49
    endloop
  endfacet
  facet normal -0.70692 -0.0231417 -0.706915
    outer loop
      vertex 21.2444 1.39243 0
      vertex 21.2897 0.00863259 0
      vertex 19.7576 1.29498 1.49
    endloop
  endfacet
  facet normal 0.024566 0.706893 -0.706893
    outer loop
      vertex -0.00863259 -21.2897 0
      vertex 0 -19.8 1.49
      vertex 0 -21.29 0
    endloop
  endfacet
  facet normal 0.0231459 0.706921 -0.706913
    outer loop
      vertex 0 -19.8 1.49
      vertex -0.00863259 -21.2897 0
      vertex -1.29498 -19.7576 1.49
    endloop
  endfacet
  facet normal 0.644248 -0.2919 -0.706922
    outer loop
      vertex -19.098 9.40846 0
      vertex -18.2928 7.57713 1.49
      vertex -19.6694 8.14733 0
    endloop
  endfacet
  facet normal -0.643169 0.294207 -0.706948
    outer loop
      vertex 17.7581 -8.75732 1.49
      vertex 19.098 -9.40846 0
      vertex 19.0944 -9.41633 0
    endloop
  endfacet
  facet normal -0.64426 0.29189 -0.706916
    outer loop
      vertex 19.098 -9.40846 0
      vertex 17.7581 -8.75732 1.49
      vertex 18.2928 -7.57713 1.49
    endloop
  endfacet
  facet normal 0.411096 0.575535 -0.706937
    outer loop
      vertex -11.8351 -17.697 0
      vertex -11.0003 -16.4631 1.49
      vertex -11.8281 -17.702 0
    endloop
  endfacet
  facet normal 0.411977 0.574922 -0.706923
    outer loop
      vertex -11.0003 -16.4631 1.49
      vertex -11.8351 -17.697 0
      vertex -12.0535 -15.7084 1.49
    endloop
  endfacet
  facet normal 0.574922 -0.411977 -0.706923
    outer loop
      vertex -16.4631 11.0003 1.49
      vertex -17.697 11.8351 0
      vertex -15.7084 12.0535 1.49
    endloop
  endfacet
  facet normal 0.575535 -0.411096 -0.706937
    outer loop
      vertex -17.697 11.8351 0
      vertex -16.4631 11.0003 1.49
      vertex -17.702 11.8281 0
    endloop
  endfacet
  facet normal 0.0231417 0.70692 -0.706915
    outer loop
      vertex -1.29498 -19.7576 1.49
      vertex -0.00863259 -21.2897 0
      vertex -1.39243 -21.2444 0
    endloop
  endfacet
  facet normal -0.516198 -0.483504 -0.706939
    outer loop
      vertex 15.0602 15.048 0
      vertex 16.0067 14.0375 0
      vertex 14.8864 13.055 1.49
    endloop
  endfacet
  facet normal -0.160607 0.688803 -0.706934
    outer loop
      vertex 5.12462 -19.1253 1.49
      vertex 5.51026 -20.5646 0
      vertex 4.16188 -20.879 0
    endloop
  endfacet
  facet normal 0.706893 0.024566 -0.706893
    outer loop
      vertex -19.8 0 1.49
      vertex -21.2897 -0.00863259 0
      vertex -21.29 0 0
    endloop
  endfacet
  facet normal 0.706921 0.0231459 -0.706913
    outer loop
      vertex -21.2897 -0.00863259 0
      vertex -19.8 0 1.49
      vertex -19.7576 -1.29498 1.49
    endloop
  endfacet
  facet normal 0.0693278 -0.70389 -0.706918
    outer loop
      vertex -2.58442 19.6306 1.49
      vertex -2.77031 21.1087 0
      vertex -1.29498 19.7576 1.49
    endloop
  endfacet
  facet normal 0.0655929 -0.704304 -0.706862
    outer loop
      vertex -2.77031 21.1087 0
      vertex -2.58442 19.6306 1.49
      vertex -2.7789 21.1079 0
    endloop
  endfacet
  facet normal -0.697836 0.115246 -0.706925
    outer loop
      vertex 21.1065 -2.78742 0
      vertex 20.8809 -4.15347 0
      vertex 19.4195 -3.86279 1.49
    endloop
  endfacet
  facet normal -0.689833 -0.155848 -0.706995
    outer loop
      vertex 19.4195 3.86279 1.49
      vertex 20.879 4.16188 0
      vertex 20.8809 4.15347 0
    endloop
  endfacet
  facet normal -0.688801 -0.160596 -0.706938
    outer loop
      vertex 20.879 4.16188 0
      vertex 19.4195 3.86279 1.49
      vertex 19.1253 5.12462 1.49
    endloop
  endfacet
  facet normal -0.448668 -0.546749 -0.706939
    outer loop
      vertex 14.0375 16.0067 0
      vertex 13.055 14.8864 1.49
      vertex 12.9672 16.885 0
    endloop
  endfacet
  facet normal -0.249145 0.661968 -0.706912
    outer loop
      vertex 8.13925 -19.6724 0
      vertex 6.84345 -20.1601 0
      vertex 6.3645 -18.7492 1.49
    endloop
  endfacet
  facet normal 0.70692 0.0231417 -0.706915
    outer loop
      vertex -19.7576 -1.29498 1.49
      vertex -21.2444 -1.39243 0
      vertex -21.2897 -0.00863259 0
    endloop
  endfacet
  facet normal -0.44878 0.546696 -0.706908
    outer loop
      vertex 12.0535 -15.7084 1.49
      vertex 12.9672 -16.885 0
      vertex 12.9605 -16.8905 0
    endloop
  endfacet
  facet normal -0.448739 0.54673 -0.706909
    outer loop
      vertex 12.9672 -16.885 0
      vertex 12.0535 -15.7084 1.49
      vertex 13.055 -14.8864 1.49
    endloop
  endfacet
  facet normal 0.333387 0.623791 -0.706922
    outer loop
      vertex -9.9 -17.1473 1.49
      vertex -9.42394 -19.0903 0
      vertex -10.645 -18.4377 0
    endloop
  endfacet
  facet normal -0.483504 -0.516198 -0.706939
    outer loop
      vertex 14.0375 16.0067 0
      vertex 15.048 15.0602 0
      vertex 13.055 14.8864 1.49
    endloop
  endfacet
  facet normal 0.676832 -0.205359 -0.706913
    outer loop
      vertex -20.1601 6.84345 0
      vertex -18.7492 6.3645 1.49
      vertex -20.5621 5.51852 0
    endloop
  endfacet
  facet normal 0.623791 0.333387 -0.706922
    outer loop
      vertex -17.1473 -9.9 1.49
      vertex -18.4377 -10.645 0
      vertex -19.0903 -9.42394 0
    endloop
  endfacet
  facet normal -0.622718 -0.335498 -0.706869
    outer loop
      vertex 17.7581 8.75732 1.49
      vertex 19.0903 9.42394 0
      vertex 19.0944 9.41633 0
    endloop
  endfacet
  facet normal -0.623787 -0.333435 -0.706902
    outer loop
      vertex 19.0903 9.42394 0
      vertex 17.7581 8.75732 1.49
      vertex 17.1473 9.9 1.49
    endloop
  endfacet
  facet normal -0.0693226 -0.703893 -0.706915
    outer loop
      vertex 1.39243 21.2444 0
      vertex 2.77031 21.1087 0
      vertex 1.29498 19.7576 1.49
    endloop
  endfacet
  facet normal -0.2919 -0.644248 -0.706922
    outer loop
      vertex 8.14733 19.6694 0
      vertex 9.40846 19.098 0
      vertex 7.57713 18.2928 1.49
    endloop
  endfacet
  facet normal -0.688803 -0.160607 -0.706934
    outer loop
      vertex 20.5646 5.51026 0
      vertex 20.879 4.16188 0
      vertex 19.1253 5.12462 1.49
    endloop
  endfacet
  facet normal -0.60213 0.371176 -0.706872
    outer loop
      vertex 16.4631 -11.0003 1.49
      vertex 17.7065 -11.8208 0
      vertex 17.702 -11.8281 0
    endloop
  endfacet
  facet normal -0.600645 0.373499 -0.706912
    outer loop
      vertex 17.7065 -11.8208 0
      vertex 16.4631 -11.0003 1.49
      vertex 17.1473 -9.9 1.49
    endloop
  endfacet
  facet normal -0.2919 0.644248 -0.706922
    outer loop
      vertex 9.40846 -19.098 0
      vertex 8.14733 -19.6694 0
      vertex 7.57713 -18.2928 1.49
    endloop
  endfacet
  facet normal 0.114681 -0.697917 -0.706937
    outer loop
      vertex -2.58442 19.6306 1.49
      vertex -2.78742 21.1065 0
      vertex -2.7789 21.1079 0
    endloop
  endfacet
  facet normal 0.115235 -0.697833 -0.70693
    outer loop
      vertex -2.78742 21.1065 0
      vertex -2.58442 19.6306 1.49
      vertex -3.86279 19.4195 1.49
    endloop
  endfacet
  facet normal -0.205305 -0.676826 -0.706935
    outer loop
      vertex 5.12462 19.1253 1.49
      vertex 5.51852 20.5621 0
      vertex 6.3645 18.7492 1.49
    endloop
  endfacet
  facet normal -0.204887 -0.676946 -0.706941
    outer loop
      vertex 5.51852 20.5621 0
      vertex 5.12462 19.1253 1.49
      vertex 5.51026 20.5646 0
    endloop
  endfacet
  facet normal -0.204887 0.676946 -0.706941
    outer loop
      vertex 5.12462 -19.1253 1.49
      vertex 5.51852 -20.5621 0
      vertex 5.51026 -20.5646 0
    endloop
  endfacet
  facet normal -0.205305 0.676826 -0.706935
    outer loop
      vertex 5.51852 -20.5621 0
      vertex 5.12462 -19.1253 1.49
      vertex 6.3645 -18.7492 1.49
    endloop
  endfacet
  facet normal -0.689833 0.155848 -0.706995
    outer loop
      vertex 20.879 -4.16188 0
      vertex 19.4195 -3.86279 1.49
      vertex 20.8809 -4.15347 0
    endloop
  endfacet
  facet normal -0.688801 0.160596 -0.706938
    outer loop
      vertex 19.4195 -3.86279 1.49
      vertex 20.879 -4.16188 0
      vertex 19.1253 -5.12462 1.49
    endloop
  endfacet
  facet normal 0.29189 -0.64426 -0.706916
    outer loop
      vertex -8.75732 17.7581 1.49
      vertex -9.40846 19.098 0
      vertex -7.57713 18.2928 1.49
    endloop
  endfacet
  facet normal 0.294207 -0.643169 -0.706948
    outer loop
      vertex -9.40846 19.098 0
      vertex -8.75732 17.7581 1.49
      vertex -9.41633 19.0944 0
    endloop
  endfacet
  facet normal -0.516252 0.483474 -0.70692
    outer loop
      vertex 14.0007 -14.0007 1.49
      vertex 15.0602 -15.048 0
      vertex 15.0543 -15.0543 0
    endloop
  endfacet
  facet normal -0.51624 0.483487 -0.706921
    outer loop
      vertex 15.0602 -15.048 0
      vertex 14.0007 -14.0007 1.49
      vertex 14.8864 -13.055 1.49
    endloop
  endfacet
  facet normal -0.0231417 -0.70692 -0.706915
    outer loop
      vertex 1.39243 21.2444 0
      vertex 1.29498 19.7576 1.49
      vertex 0.00863259 21.2897 0
    endloop
  endfacet
  facet normal 0.115246 0.697836 -0.706925
    outer loop
      vertex -3.86279 -19.4195 1.49
      vertex -2.78742 -21.1065 0
      vertex -4.15347 -20.8809 0
    endloop
  endfacet
  facet normal -0.688803 0.160607 -0.706934
    outer loop
      vertex 20.879 -4.16188 0
      vertex 20.5646 -5.51026 0
      vertex 19.1253 -5.12462 1.49
    endloop
  endfacet
  facet normal -0.0693226 0.703893 -0.706915
    outer loop
      vertex 2.77031 -21.1087 0
      vertex 1.39243 -21.2444 0
      vertex 1.29498 -19.7576 1.49
    endloop
  endfacet
  facet normal 0.249146 -0.661967 -0.706913
    outer loop
      vertex -7.57713 18.2928 1.49
      vertex -8.13925 19.6724 0
      vertex -6.3645 18.7492 1.49
    endloop
  endfacet
  facet normal 0.246206 -0.663115 -0.706867
    outer loop
      vertex -8.13925 19.6724 0
      vertex -7.57713 18.2928 1.49
      vertex -8.14733 19.6694 0
    endloop
  endfacet
  facet normal 0.0231459 -0.706921 -0.706913
    outer loop
      vertex -0.00863259 21.2897 0
      vertex 0 19.8 1.49
      vertex -1.29498 19.7576 1.49
    endloop
  endfacet
  facet normal 0.024566 -0.706893 -0.706893
    outer loop
      vertex 0 19.8 1.49
      vertex -0.00863259 21.2897 0
      vertex 0 21.29 0
    endloop
  endfacet
  facet normal 0.703893 -0.0693226 -0.706915
    outer loop
      vertex -21.1087 2.77031 0
      vertex -19.7576 1.29498 1.49
      vertex -21.2444 1.39243 0
    endloop
  endfacet
  facet normal -0.546696 -0.44878 -0.706908
    outer loop
      vertex 15.7084 12.0535 1.49
      vertex 16.885 12.9672 0
      vertex 16.8905 12.9605 0
    endloop
  endfacet
  facet normal -0.54673 -0.448739 -0.706909
    outer loop
      vertex 16.885 12.9672 0
      vertex 15.7084 12.0535 1.49
      vertex 14.8864 13.055 1.49
    endloop
  endfacet
  facet normal -0.622718 0.335498 -0.706869
    outer loop
      vertex 19.0903 -9.42394 0
      vertex 17.7581 -8.75732 1.49
      vertex 19.0944 -9.41633 0
    endloop
  endfacet
  facet normal -0.623787 0.333435 -0.706902
    outer loop
      vertex 17.7581 -8.75732 1.49
      vertex 19.0903 -9.42394 0
      vertex 17.1473 -9.9 1.49
    endloop
  endfacet
  facet normal -0.661967 -0.249146 -0.706913
    outer loop
      vertex 18.2928 7.57713 1.49
      vertex 19.6724 8.13925 0
      vertex 18.7492 6.3645 1.49
    endloop
  endfacet
  facet normal -0.663115 -0.246206 -0.706867
    outer loop
      vertex 19.6724 8.13925 0
      vertex 18.2928 7.57713 1.49
      vertex 19.6694 8.14733 0
    endloop
  endfacet
  facet normal 0.373513 0.600625 -0.706922
    outer loop
      vertex -9.9 -17.1473 1.49
      vertex -10.645 -18.4377 0
      vertex -11.8208 -17.7065 0
    endloop
  endfacet
  facet normal 0.411096 -0.575535 -0.706937
    outer loop
      vertex -11.0003 16.4631 1.49
      vertex -11.8351 17.697 0
      vertex -11.8281 17.702 0
    endloop
  endfacet
  facet normal 0.411977 -0.574922 -0.706923
    outer loop
      vertex -11.8351 17.697 0
      vertex -11.0003 16.4631 1.49
      vertex -12.0535 15.7084 1.49
    endloop
  endfacet
  facet normal -0.703893 0.0693226 -0.706915
    outer loop
      vertex 21.2444 -1.39243 0
      vertex 21.1087 -2.77031 0
      vertex 19.7576 -1.29498 1.49
    endloop
  endfacet
  facet normal -0.115246 0.697836 -0.706925
    outer loop
      vertex 3.86279 -19.4195 1.49
      vertex 4.15347 -20.8809 0
      vertex 2.78742 -21.1065 0
    endloop
  endfacet
  facet normal 0.516252 0.483474 -0.70692
    outer loop
      vertex -15.0602 -15.048 0
      vertex -14.0007 -14.0007 1.49
      vertex -15.0543 -15.0543 0
    endloop
  endfacet
  facet normal 0.51624 0.483487 -0.706921
    outer loop
      vertex -14.0007 -14.0007 1.49
      vertex -15.0602 -15.048 0
      vertex -14.8864 -13.055 1.49
    endloop
  endfacet
  facet normal -0.333387 -0.623791 -0.706922
    outer loop
      vertex 10.645 18.4377 0
      vertex 9.9 17.1473 1.49
      vertex 9.42394 19.0903 0
    endloop
  endfacet
  facet normal 0.574917 -0.412005 -0.706911
    outer loop
      vertex -16.8905 12.9605 0
      vertex -15.7084 12.0535 1.49
      vertex -17.697 11.8351 0
    endloop
  endfacet
  facet normal -0.373513 -0.600625 -0.706922
    outer loop
      vertex 10.645 18.4377 0
      vertex 11.8208 17.7065 0
      vertex 9.9 17.1473 1.49
    endloop
  endfacet
  facet normal -0.70389 -0.0693278 -0.706918
    outer loop
      vertex 19.6306 2.58442 1.49
      vertex 21.1087 2.77031 0
      vertex 19.7576 1.29498 1.49
    endloop
  endfacet
  facet normal -0.704304 -0.0655929 -0.706862
    outer loop
      vertex 21.1087 2.77031 0
      vertex 19.6306 2.58442 1.49
      vertex 21.1079 2.7789 0
    endloop
  endfacet
  facet normal -0.333435 -0.623787 -0.706902
    outer loop
      vertex 8.75732 17.7581 1.49
      vertex 9.42394 19.0903 0
      vertex 9.9 17.1473 1.49
    endloop
  endfacet
  facet normal -0.335498 -0.622718 -0.706869
    outer loop
      vertex 9.42394 19.0903 0
      vertex 8.75732 17.7581 1.49
      vertex 9.41633 19.0944 0
    endloop
  endfacet
  facet normal 0.64426 -0.29189 -0.706916
    outer loop
      vertex -19.098 9.40846 0
      vertex -17.7581 8.75732 1.49
      vertex -18.2928 7.57713 1.49
    endloop
  endfacet
  facet normal 0.643169 -0.294207 -0.706948
    outer loop
      vertex -17.7581 8.75732 1.49
      vertex -19.098 9.40846 0
      vertex -19.0944 9.41633 0
    endloop
  endfacet
  facet normal 0.483487 0.51624 -0.706921
    outer loop
      vertex -15.048 -15.0602 0
      vertex -14.0007 -14.0007 1.49
      vertex -13.055 -14.8864 1.49
    endloop
  endfacet
  facet normal 0.483474 0.516252 -0.70692
    outer loop
      vertex -14.0007 -14.0007 1.49
      vertex -15.048 -15.0602 0
      vertex -15.0543 -15.0543 0
    endloop
  endfacet
  facet normal 0.54673 -0.448739 -0.706909
    outer loop
      vertex -15.7084 12.0535 1.49
      vertex -16.885 12.9672 0
      vertex -14.8864 13.055 1.49
    endloop
  endfacet
  facet normal 0.546696 -0.44878 -0.706908
    outer loop
      vertex -16.885 12.9672 0
      vertex -15.7084 12.0535 1.49
      vertex -16.8905 12.9605 0
    endloop
  endfacet
  facet normal 0.2919 -0.644248 -0.706922
    outer loop
      vertex -8.14733 19.6694 0
      vertex -7.57713 18.2928 1.49
      vertex -9.40846 19.098 0
    endloop
  endfacet
  facet normal -0.373513 0.600625 -0.706922
    outer loop
      vertex 11.8208 -17.7065 0
      vertex 10.645 -18.4377 0
      vertex 9.9 -17.1473 1.49
    endloop
  endfacet
  facet normal 0.70692 -0.0231417 -0.706915
    outer loop
      vertex -21.2444 1.39243 0
      vertex -19.7576 1.29498 1.49
      vertex -21.2897 0.00863259 0
    endloop
  endfacet
  facet normal -0.294207 0.643169 -0.706948
    outer loop
      vertex 9.40846 -19.098 0
      vertex 8.75732 -17.7581 1.49
      vertex 9.41633 -19.0944 0
    endloop
  endfacet
  facet normal -0.29189 0.64426 -0.706916
    outer loop
      vertex 8.75732 -17.7581 1.49
      vertex 9.40846 -19.098 0
      vertex 7.57713 -18.2928 1.49
    endloop
  endfacet
  facet normal -0.574917 -0.412005 -0.706911
    outer loop
      vertex 16.8905 12.9605 0
      vertex 17.697 11.8351 0
      vertex 15.7084 12.0535 1.49
    endloop
  endfacet
  facet normal -0.205359 -0.676832 -0.706913
    outer loop
      vertex 6.84345 20.1601 0
      vertex 6.3645 18.7492 1.49
      vertex 5.51852 20.5621 0
    endloop
  endfacet
  facet normal -0.676946 0.204887 -0.706941
    outer loop
      vertex 20.5621 -5.51852 0
      vertex 19.1253 -5.12462 1.49
      vertex 20.5646 -5.51026 0
    endloop
  endfacet
  facet normal -0.676826 0.205305 -0.706935
    outer loop
      vertex 19.1253 -5.12462 1.49
      vertex 20.5621 -5.51852 0
      vertex 18.7492 -6.3645 1.49
    endloop
  endfacet
  facet normal 0.160607 0.688803 -0.706934
    outer loop
      vertex -5.12462 -19.1253 1.49
      vertex -4.16188 -20.879 0
      vertex -5.51026 -20.5646 0
    endloop
  endfacet
  facet normal 0.483504 -0.516198 -0.706939
    outer loop
      vertex -14.0375 16.0067 0
      vertex -13.055 14.8864 1.49
      vertex -15.048 15.0602 0
    endloop
  endfacet
  facet normal -0.70692 0.0231417 -0.706915
    outer loop
      vertex 21.2897 -0.00863259 0
      vertex 21.2444 -1.39243 0
      vertex 19.7576 -1.29498 1.49
    endloop
  endfacet
  facet normal -0.706893 0.024566 -0.706893
    outer loop
      vertex 21.2897 -0.00863259 0
      vertex 19.8 0 1.49
      vertex 21.29 0 0
    endloop
  endfacet
  facet normal -0.706921 0.0231459 -0.706913
    outer loop
      vertex 19.8 0 1.49
      vertex 21.2897 -0.00863259 0
      vertex 19.7576 -1.29498 1.49
    endloop
  endfacet
  facet normal -0.546749 -0.448668 -0.706939
    outer loop
      vertex 16.0067 14.0375 0
      vertex 16.885 12.9672 0
      vertex 14.8864 13.055 1.49
    endloop
  endfacet
  facet normal -0.483474 -0.516252 -0.70692
    outer loop
      vertex 14.0007 14.0007 1.49
      vertex 15.048 15.0602 0
      vertex 15.0543 15.0543 0
    endloop
  endfacet
  facet normal -0.483487 -0.51624 -0.706921
    outer loop
      vertex 15.048 15.0602 0
      vertex 14.0007 14.0007 1.49
      vertex 13.055 14.8864 1.49
    endloop
  endfacet
  facet normal 0.623791 -0.333387 -0.706922
    outer loop
      vertex -18.4377 10.645 0
      vertex -17.1473 9.9 1.49
      vertex -19.0903 9.42394 0
    endloop
  endfacet
  facet normal -0.697836 -0.115246 -0.706925
    outer loop
      vertex 20.8809 4.15347 0
      vertex 21.1065 2.78742 0
      vertex 19.4195 3.86279 1.49
    endloop
  endfacet
  facet normal -0.703893 -0.0693226 -0.706915
    outer loop
      vertex 21.1087 2.77031 0
      vertex 21.2444 1.39243 0
      vertex 19.7576 1.29498 1.49
    endloop
  endfacet
  facet normal 0.483487 -0.51624 -0.706921
    outer loop
      vertex -14.0007 14.0007 1.49
      vertex -15.048 15.0602 0
      vertex -13.055 14.8864 1.49
    endloop
  endfacet
  facet normal 0.483474 -0.516252 -0.70692
    outer loop
      vertex -15.048 15.0602 0
      vertex -14.0007 14.0007 1.49
      vertex -15.0543 15.0543 0
    endloop
  endfacet
  facet normal 0.448668 -0.546749 -0.706939
    outer loop
      vertex -12.9672 16.885 0
      vertex -13.055 14.8864 1.49
      vertex -14.0375 16.0067 0
    endloop
  endfacet
  facet normal 0.546749 -0.448668 -0.706939
    outer loop
      vertex -16.0067 14.0375 0
      vertex -14.8864 13.055 1.49
      vertex -16.885 12.9672 0
    endloop
  endfacet
  facet normal -0.483474 0.516252 -0.70692
    outer loop
      vertex 15.048 -15.0602 0
      vertex 14.0007 -14.0007 1.49
      vertex 15.0543 -15.0543 0
    endloop
  endfacet
  facet normal -0.483487 0.51624 -0.706921
    outer loop
      vertex 14.0007 -14.0007 1.49
      vertex 15.048 -15.0602 0
      vertex 13.055 -14.8864 1.49
    endloop
  endfacet
  facet normal 0.0231417 -0.70692 -0.706915
    outer loop
      vertex -0.00863259 21.2897 0
      vertex -1.29498 19.7576 1.49
      vertex -1.39243 21.2444 0
    endloop
  endfacet
  facet normal 0.412005 -0.574917 -0.706911
    outer loop
      vertex -11.8351 17.697 0
      vertex -12.0535 15.7084 1.49
      vertex -12.9605 16.8905 0
    endloop
  endfacet
  facet normal 0.600625 0.373513 -0.706922
    outer loop
      vertex -17.1473 -9.9 1.49
      vertex -17.7065 -11.8208 0
      vertex -18.4377 -10.645 0
    endloop
  endfacet
  facet normal -0.246206 -0.663115 -0.706867
    outer loop
      vertex 7.57713 18.2928 1.49
      vertex 8.13925 19.6724 0
      vertex 8.14733 19.6694 0
    endloop
  endfacet
  facet normal -0.249146 -0.661967 -0.706913
    outer loop
      vertex 8.13925 19.6724 0
      vertex 7.57713 18.2928 1.49
      vertex 6.3645 18.7492 1.49
    endloop
  endfacet
  facet normal -0.623791 0.333387 -0.706922
    outer loop
      vertex 19.0903 -9.42394 0
      vertex 18.4377 -10.645 0
      vertex 17.1473 -9.9 1.49
    endloop
  endfacet
  facet normal -0.412005 0.574917 -0.706911
    outer loop
      vertex 12.0535 -15.7084 1.49
      vertex 12.9605 -16.8905 0
      vertex 11.8351 -17.697 0
    endloop
  endfacet
  facet normal 0.703893 0.0693226 -0.706915
    outer loop
      vertex -19.7576 -1.29498 1.49
      vertex -21.1087 -2.77031 0
      vertex -21.2444 -1.39243 0
    endloop
  endfacet
  facet normal 0.600625 -0.373513 -0.706922
    outer loop
      vertex -17.7065 11.8208 0
      vertex -17.1473 9.9 1.49
      vertex -18.4377 10.645 0
    endloop
  endfacet
  facet normal 0.644248 0.2919 -0.706922
    outer loop
      vertex -18.2928 -7.57713 1.49
      vertex -19.098 -9.40846 0
      vertex -19.6694 -8.14733 0
    endloop
  endfacet
  facet normal 0.0693226 0.703893 -0.706915
    outer loop
      vertex -1.29498 -19.7576 1.49
      vertex -1.39243 -21.2444 0
      vertex -2.77031 -21.1087 0
    endloop
  endfacet
  facet normal -0.0231417 0.70692 -0.706915
    outer loop
      vertex 1.29498 -19.7576 1.49
      vertex 1.39243 -21.2444 0
      vertex 0.00863259 -21.2897 0
    endloop
  endfacet
  facet normal -0.0231459 0.706921 -0.706913
    outer loop
      vertex 0.00863259 -21.2897 0
      vertex 0 -19.8 1.49
      vertex 1.29498 -19.7576 1.49
    endloop
  endfacet
  facet normal -0.024566 0.706893 -0.706893
    outer loop
      vertex 0 -19.8 1.49
      vertex 0.00863259 -21.2897 0
      vertex 0 -21.29 0
    endloop
  endfacet
  facet normal 0.661967 -0.249146 -0.706913
    outer loop
      vertex -19.6724 8.13925 0
      vertex -18.2928 7.57713 1.49
      vertex -18.7492 6.3645 1.49
    endloop
  endfacet
  facet normal 0.663115 -0.246206 -0.706867
    outer loop
      vertex -18.2928 7.57713 1.49
      vertex -19.6724 8.13925 0
      vertex -19.6694 8.14733 0
    endloop
  endfacet
  facet normal 0.2919 0.644248 -0.706922
    outer loop
      vertex -7.57713 -18.2928 1.49
      vertex -8.14733 -19.6694 0
      vertex -9.40846 -19.098 0
    endloop
  endfacet
  facet normal -0.0655929 0.704304 -0.706862
    outer loop
      vertex 2.77031 -21.1087 0
      vertex 2.58442 -19.6306 1.49
      vertex 2.7789 -21.1079 0
    endloop
  endfacet
  facet normal -0.0693278 0.70389 -0.706918
    outer loop
      vertex 2.58442 -19.6306 1.49
      vertex 2.77031 -21.1087 0
      vertex 1.29498 -19.7576 1.49
    endloop
  endfacet
  facet normal -0.411977 -0.574922 -0.706923
    outer loop
      vertex 11.0003 16.4631 1.49
      vertex 11.8351 17.697 0
      vertex 12.0535 15.7084 1.49
    endloop
  endfacet
  facet normal -0.411096 -0.575535 -0.706937
    outer loop
      vertex 11.8351 17.697 0
      vertex 11.0003 16.4631 1.49
      vertex 11.8281 17.702 0
    endloop
  endfacet
  facet normal 0.412005 0.574917 -0.706911
    outer loop
      vertex -12.0535 -15.7084 1.49
      vertex -11.8351 -17.697 0
      vertex -12.9605 -16.8905 0
    endloop
  endfacet
  facet normal -0.294207 -0.643169 -0.706948
    outer loop
      vertex 8.75732 17.7581 1.49
      vertex 9.40846 19.098 0
      vertex 9.41633 19.0944 0
    endloop
  endfacet
  facet normal -0.29189 -0.64426 -0.706916
    outer loop
      vertex 9.40846 19.098 0
      vertex 8.75732 17.7581 1.49
      vertex 7.57713 18.2928 1.49
    endloop
  endfacet
  facet normal -0.51624 -0.483487 -0.706921
    outer loop
      vertex 14.0007 14.0007 1.49
      vertex 15.0602 15.048 0
      vertex 14.8864 13.055 1.49
    endloop
  endfacet
  facet normal -0.516252 -0.483474 -0.70692
    outer loop
      vertex 15.0602 15.048 0
      vertex 14.0007 14.0007 1.49
      vertex 15.0543 15.0543 0
    endloop
  endfacet
  facet normal 0.516198 -0.483504 -0.706939
    outer loop
      vertex -15.0602 15.048 0
      vertex -14.8864 13.055 1.49
      vertex -16.0067 14.0375 0
    endloop
  endfacet
  facet normal -0.483504 0.516198 -0.706939
    outer loop
      vertex 15.048 -15.0602 0
      vertex 14.0375 -16.0067 0
      vertex 13.055 -14.8864 1.49
    endloop
  endfacet
  facet normal -0.249145 -0.661968 -0.706912
    outer loop
      vertex 6.84345 20.1601 0
      vertex 8.13925 19.6724 0
      vertex 6.3645 18.7492 1.49
    endloop
  endfacet
  facet normal 0.688803 -0.160607 -0.706934
    outer loop
      vertex -20.5646 5.51026 0
      vertex -19.1253 5.12462 1.49
      vertex -20.879 4.16188 0
    endloop
  endfacet
  facet normal -0.335498 0.622718 -0.706869
    outer loop
      vertex 8.75732 -17.7581 1.49
      vertex 9.42394 -19.0903 0
      vertex 9.41633 -19.0944 0
    endloop
  endfacet
  facet normal -0.333435 0.623787 -0.706902
    outer loop
      vertex 9.42394 -19.0903 0
      vertex 8.75732 -17.7581 1.49
      vertex 9.9 -17.1473 1.49
    endloop
  endfacet
  facet normal 0.44878 -0.546696 -0.706908
    outer loop
      vertex -12.0535 15.7084 1.49
      vertex -12.9672 16.885 0
      vertex -12.9605 16.8905 0
    endloop
  endfacet
  facet normal 0.448739 -0.54673 -0.706909
    outer loop
      vertex -12.9672 16.885 0
      vertex -12.0535 15.7084 1.49
      vertex -13.055 14.8864 1.49
    endloop
  endfacet
  facet normal -0.600625 0.373513 -0.706922
    outer loop
      vertex 18.4377 -10.645 0
      vertex 17.7065 -11.8208 0
      vertex 17.1473 -9.9 1.49
    endloop
  endfacet
  facet normal -0.697917 -0.114681 -0.706937
    outer loop
      vertex 19.6306 2.58442 1.49
      vertex 21.1065 2.78742 0
      vertex 21.1079 2.7789 0
    endloop
  endfacet
  facet normal -0.697833 -0.115235 -0.70693
    outer loop
      vertex 21.1065 2.78742 0
      vertex 19.6306 2.58442 1.49
      vertex 19.4195 3.86279 1.49
    endloop
  endfacet
  facet normal -0.412005 -0.574917 -0.706911
    outer loop
      vertex 12.9605 16.8905 0
      vertex 12.0535 15.7084 1.49
      vertex 11.8351 17.697 0
    endloop
  endfacet
  facet normal -0.644248 -0.2919 -0.706922
    outer loop
      vertex 19.098 9.40846 0
      vertex 19.6694 8.14733 0
      vertex 18.2928 7.57713 1.49
    endloop
  endfacet
  facet normal 0.600645 -0.373499 -0.706912
    outer loop
      vertex -17.7065 11.8208 0
      vertex -16.4631 11.0003 1.49
      vertex -17.1473 9.9 1.49
    endloop
  endfacet
  facet normal 0.60213 -0.371176 -0.706872
    outer loop
      vertex -16.4631 11.0003 1.49
      vertex -17.7065 11.8208 0
      vertex -17.702 11.8281 0
    endloop
  endfacet
  facet normal -0.371176 0.60213 -0.706872
    outer loop
      vertex 11.8208 -17.7065 0
      vertex 11.0003 -16.4631 1.49
      vertex 11.8281 -17.702 0
    endloop
  endfacet
  facet normal -0.373499 0.600645 -0.706912
    outer loop
      vertex 11.0003 -16.4631 1.49
      vertex 11.8208 -17.7065 0
      vertex 9.9 -17.1473 1.49
    endloop
  endfacet
  facet normal -0.546749 0.448668 -0.706939
    outer loop
      vertex 16.885 -12.9672 0
      vertex 16.0067 -14.0375 0
      vertex 14.8864 -13.055 1.49
    endloop
  endfacet
  facet normal -0.64426 -0.29189 -0.706916
    outer loop
      vertex 17.7581 8.75732 1.49
      vertex 19.098 9.40846 0
      vertex 18.2928 7.57713 1.49
    endloop
  endfacet
  facet normal -0.643169 -0.294207 -0.706948
    outer loop
      vertex 19.098 9.40846 0
      vertex 17.7581 8.75732 1.49
      vertex 19.0944 9.41633 0
    endloop
  endfacet
  facet normal -0.205359 0.676832 -0.706913
    outer loop
      vertex 6.3645 -18.7492 1.49
      vertex 6.84345 -20.1601 0
      vertex 5.51852 -20.5621 0
    endloop
  endfacet
  facet normal 0.114681 0.697917 -0.706937
    outer loop
      vertex -2.78742 -21.1065 0
      vertex -2.58442 -19.6306 1.49
      vertex -2.7789 -21.1079 0
    endloop
  endfacet
  facet normal 0.115235 0.697833 -0.70693
    outer loop
      vertex -2.58442 -19.6306 1.49
      vertex -2.78742 -21.1065 0
      vertex -3.86279 -19.4195 1.49
    endloop
  endfacet
  facet normal 0.623787 0.333435 -0.706902
    outer loop
      vertex -19.0903 -9.42394 0
      vertex -17.7581 -8.75732 1.49
      vertex -17.1473 -9.9 1.49
    endloop
  endfacet
  facet normal 0.622718 0.335498 -0.706869
    outer loop
      vertex -17.7581 -8.75732 1.49
      vertex -19.0903 -9.42394 0
      vertex -19.0944 -9.41633 0
    endloop
  endfacet
  facet normal 0.688803 0.160607 -0.706934
    outer loop
      vertex -19.1253 -5.12462 1.49
      vertex -20.5646 -5.51026 0
      vertex -20.879 -4.16188 0
    endloop
  endfacet
  facet normal -0.115235 -0.697833 -0.70693
    outer loop
      vertex 2.58442 19.6306 1.49
      vertex 2.78742 21.1065 0
      vertex 3.86279 19.4195 1.49
    endloop
  endfacet
  facet normal -0.114681 -0.697917 -0.706937
    outer loop
      vertex 2.78742 21.1065 0
      vertex 2.58442 19.6306 1.49
      vertex 2.7789 21.1079 0
    endloop
  endfacet
  facet normal -0.697917 0.114681 -0.706937
    outer loop
      vertex 21.1065 -2.78742 0
      vertex 19.6306 -2.58442 1.49
      vertex 21.1079 -2.7789 0
    endloop
  endfacet
  facet normal -0.697833 0.115235 -0.70693
    outer loop
      vertex 19.6306 -2.58442 1.49
      vertex 21.1065 -2.78742 0
      vertex 19.4195 -3.86279 1.49
    endloop
  endfacet
  facet normal -0.574917 0.412005 -0.706911
    outer loop
      vertex 17.697 -11.8351 0
      vertex 16.8905 -12.9605 0
      vertex 15.7084 -12.0535 1.49
    endloop
  endfacet
  facet normal -0.676832 0.205359 -0.706913
    outer loop
      vertex 20.5621 -5.51852 0
      vertex 20.1601 -6.84345 0
      vertex 18.7492 -6.3645 1.49
    endloop
  endfacet
  facet normal 0.706921 -0.0231459 -0.706913
    outer loop
      vertex -19.8 0 1.49
      vertex -21.2897 0.00863259 0
      vertex -19.7576 1.29498 1.49
    endloop
  endfacet
  facet normal 0.706893 -0.024566 -0.706893
    outer loop
      vertex -21.2897 0.00863259 0
      vertex -19.8 0 1.49
      vertex -21.29 0 0
    endloop
  endfacet
  facet normal -0.448739 -0.54673 -0.706909
    outer loop
      vertex 12.0535 15.7084 1.49
      vertex 12.9672 16.885 0
      vertex 13.055 14.8864 1.49
    endloop
  endfacet
  facet normal -0.44878 -0.546696 -0.706908
    outer loop
      vertex 12.9672 16.885 0
      vertex 12.0535 15.7084 1.49
      vertex 12.9605 16.8905 0
    endloop
  endfacet
  facet normal -0.024566 -0.706893 -0.706893
    outer loop
      vertex 0.00863259 21.2897 0
      vertex 0 19.8 1.49
      vertex 0 21.29 0
    endloop
  endfacet
  facet normal -0.0231459 -0.706921 -0.706913
    outer loop
      vertex 0 19.8 1.49
      vertex 0.00863259 21.2897 0
      vertex 1.29498 19.7576 1.49
    endloop
  endfacet
  facet normal 0.333387 -0.623791 -0.706922
    outer loop
      vertex -9.42394 19.0903 0
      vertex -9.9 17.1473 1.49
      vertex -10.645 18.4377 0
    endloop
  endfacet
  facet normal 0.697833 -0.115235 -0.70693
    outer loop
      vertex -19.6306 2.58442 1.49
      vertex -21.1065 2.78742 0
      vertex -19.4195 3.86279 1.49
    endloop
  endfacet
  facet normal 0.697917 -0.114681 -0.706937
    outer loop
      vertex -21.1065 2.78742 0
      vertex -19.6306 2.58442 1.49
      vertex -21.1079 2.7789 0
    endloop
  endfacet
  facet normal 0.676832 0.205359 -0.706913
    outer loop
      vertex -18.7492 -6.3645 1.49
      vertex -20.1601 -6.84345 0
      vertex -20.5621 -5.51852 0
    endloop
  endfacet
  facet normal -0.546696 0.44878 -0.706908
    outer loop
      vertex 16.885 -12.9672 0
      vertex 15.7084 -12.0535 1.49
      vertex 16.8905 -12.9605 0
    endloop
  endfacet
  facet normal -0.54673 0.448739 -0.706909
    outer loop
      vertex 15.7084 -12.0535 1.49
      vertex 16.885 -12.9672 0
      vertex 14.8864 -13.055 1.49
    endloop
  endfacet
  facet normal 0.516198 0.483504 -0.706939
    outer loop
      vertex -14.8864 -13.055 1.49
      vertex -15.0602 -15.048 0
      vertex -16.0067 -14.0375 0
    endloop
  endfacet
  facet normal -0.516198 0.483504 -0.706939
    outer loop
      vertex 16.0067 -14.0375 0
      vertex 15.0602 -15.048 0
      vertex 14.8864 -13.055 1.49
    endloop
  endfacet
  facet normal -0.246206 0.663115 -0.706867
    outer loop
      vertex 8.13925 -19.6724 0
      vertex 7.57713 -18.2928 1.49
      vertex 8.14733 -19.6694 0
    endloop
  endfacet
  facet normal -0.249146 0.661967 -0.706913
    outer loop
      vertex 7.57713 -18.2928 1.49
      vertex 8.13925 -19.6724 0
      vertex 6.3645 -18.7492 1.49
    endloop
  endfacet
  facet normal -0.676832 -0.205359 -0.706913
    outer loop
      vertex 20.1601 6.84345 0
      vertex 20.5621 5.51852 0
      vertex 18.7492 6.3645 1.49
    endloop
  endfacet
  facet normal -0.676946 -0.204887 -0.706941
    outer loop
      vertex 19.1253 5.12462 1.49
      vertex 20.5621 5.51852 0
      vertex 20.5646 5.51026 0
    endloop
  endfacet
  facet normal -0.676826 -0.205305 -0.706935
    outer loop
      vertex 20.5621 5.51852 0
      vertex 19.1253 5.12462 1.49
      vertex 18.7492 6.3645 1.49
    endloop
  endfacet
  facet normal 0.546749 0.448668 -0.706939
    outer loop
      vertex -14.8864 -13.055 1.49
      vertex -16.0067 -14.0375 0
      vertex -16.885 -12.9672 0
    endloop
  endfacet
  facet normal 0.373499 0.600645 -0.706912
    outer loop
      vertex -11.8208 -17.7065 0
      vertex -11.0003 -16.4631 1.49
      vertex -9.9 -17.1473 1.49
    endloop
  endfacet
  facet normal 0.371176 0.60213 -0.706872
    outer loop
      vertex -11.0003 -16.4631 1.49
      vertex -11.8208 -17.7065 0
      vertex -11.8281 -17.702 0
    endloop
  endfacet
  facet normal 0.0693226 -0.703893 -0.706915
    outer loop
      vertex -1.39243 21.2444 0
      vertex -1.29498 19.7576 1.49
      vertex -2.77031 21.1087 0
    endloop
  endfacet
  facet normal 0.676826 -0.205305 -0.706935
    outer loop
      vertex -19.1253 5.12462 1.49
      vertex -20.5621 5.51852 0
      vertex -18.7492 6.3645 1.49
    endloop
  endfacet
  facet normal 0.676946 -0.204887 -0.706941
    outer loop
      vertex -20.5621 5.51852 0
      vertex -19.1253 5.12462 1.49
      vertex -20.5646 5.51026 0
    endloop
  endfacet
  facet normal -0.575535 -0.411096 -0.706937
    outer loop
      vertex 16.4631 11.0003 1.49
      vertex 17.697 11.8351 0
      vertex 17.702 11.8281 0
    endloop
  endfacet
  facet normal -0.574922 -0.411977 -0.706923
    outer loop
      vertex 17.697 11.8351 0
      vertex 16.4631 11.0003 1.49
      vertex 15.7084 12.0535 1.49
    endloop
  endfacet
  facet normal -0.575535 0.411096 -0.706937
    outer loop
      vertex 17.697 -11.8351 0
      vertex 16.4631 -11.0003 1.49
      vertex 17.702 -11.8281 0
    endloop
  endfacet
  facet normal -0.574922 0.411977 -0.706923
    outer loop
      vertex 16.4631 -11.0003 1.49
      vertex 17.697 -11.8351 0
      vertex 15.7084 -12.0535 1.49
    endloop
  endfacet
  facet normal -0.600625 -0.373513 -0.706922
    outer loop
      vertex 17.7065 11.8208 0
      vertex 18.4377 10.645 0
      vertex 17.1473 9.9 1.49
    endloop
  endfacet
  facet normal -0.448668 0.546749 -0.706939
    outer loop
      vertex 13.055 -14.8864 1.49
      vertex 14.0375 -16.0067 0
      vertex 12.9672 -16.885 0
    endloop
  endfacet
  facet normal 0.205359 -0.676832 -0.706913
    outer loop
      vertex -5.51852 20.5621 0
      vertex -6.3645 18.7492 1.49
      vertex -6.84345 20.1601 0
    endloop
  endfacet
  facet normal 0.29189 0.64426 -0.706916
    outer loop
      vertex -9.40846 -19.098 0
      vertex -8.75732 -17.7581 1.49
      vertex -7.57713 -18.2928 1.49
    endloop
  endfacet
  facet normal 0.294207 0.643169 -0.706948
    outer loop
      vertex -8.75732 -17.7581 1.49
      vertex -9.40846 -19.098 0
      vertex -9.41633 -19.0944 0
    endloop
  endfacet
  facet normal 0.373513 -0.600625 -0.706922
    outer loop
      vertex -10.645 18.4377 0
      vertex -9.9 17.1473 1.49
      vertex -11.8208 17.7065 0
    endloop
  endfacet
  facet normal 0.373499 -0.600645 -0.706912
    outer loop
      vertex -11.0003 16.4631 1.49
      vertex -11.8208 17.7065 0
      vertex -9.9 17.1473 1.49
    endloop
  endfacet
  facet normal 0.371176 -0.60213 -0.706872
    outer loop
      vertex -11.8208 17.7065 0
      vertex -11.0003 16.4631 1.49
      vertex -11.8281 17.702 0
    endloop
  endfacet
  facet normal 0.483504 0.516198 -0.706939
    outer loop
      vertex -13.055 -14.8864 1.49
      vertex -14.0375 -16.0067 0
      vertex -15.048 -15.0602 0
    endloop
  endfacet
  facet normal -0.661968 0.249145 -0.706912
    outer loop
      vertex 20.1601 -6.84345 0
      vertex 19.6724 -8.13925 0
      vertex 18.7492 -6.3645 1.49
    endloop
  endfacet
  facet normal -0.663115 0.246206 -0.706867
    outer loop
      vertex 18.2928 -7.57713 1.49
      vertex 19.6724 -8.13925 0
      vertex 19.6694 -8.14733 0
    endloop
  endfacet
  facet normal -0.661967 0.249146 -0.706913
    outer loop
      vertex 19.6724 -8.13925 0
      vertex 18.2928 -7.57713 1.49
      vertex 18.7492 -6.3645 1.49
    endloop
  endfacet
  facet normal -0.160607 -0.688803 -0.706934
    outer loop
      vertex 5.51026 20.5646 0
      vertex 5.12462 19.1253 1.49
      vertex 4.16188 20.879 0
    endloop
  endfacet
  facet normal -0.115246 -0.697836 -0.706925
    outer loop
      vertex 4.15347 20.8809 0
      vertex 3.86279 19.4195 1.49
      vertex 2.78742 21.1065 0
    endloop
  endfacet
  facet normal 0.249145 -0.661968 -0.706912
    outer loop
      vertex -6.84345 20.1601 0
      vertex -6.3645 18.7492 1.49
      vertex -8.13925 19.6724 0
    endloop
  endfacet
  facet normal -0.623791 -0.333387 -0.706922
    outer loop
      vertex 18.4377 10.645 0
      vertex 19.0903 9.42394 0
      vertex 17.1473 9.9 1.49
    endloop
  endfacet
  facet normal -0.371176 -0.60213 -0.706872
    outer loop
      vertex 11.0003 16.4631 1.49
      vertex 11.8208 17.7065 0
      vertex 11.8281 17.702 0
    endloop
  endfacet
  facet normal -0.373499 -0.600645 -0.706912
    outer loop
      vertex 11.8208 17.7065 0
      vertex 11.0003 16.4631 1.49
      vertex 9.9 17.1473 1.49
    endloop
  endfacet
  facet normal 0.115246 -0.697836 -0.706925
    outer loop
      vertex -2.78742 21.1065 0
      vertex -3.86279 19.4195 1.49
      vertex -4.15347 20.8809 0
    endloop
  endfacet
  facet normal -0.704304 0.0655929 -0.706862
    outer loop
      vertex 19.6306 -2.58442 1.49
      vertex 21.1087 -2.77031 0
      vertex 21.1079 -2.7789 0
    endloop
  endfacet
  facet normal -0.70389 0.0693278 -0.706918
    outer loop
      vertex 21.1087 -2.77031 0
      vertex 19.6306 -2.58442 1.49
      vertex 19.7576 -1.29498 1.49
    endloop
  endfacet
  facet normal 0.155848 0.689833 -0.706995
    outer loop
      vertex -4.16188 -20.879 0
      vertex -3.86279 -19.4195 1.49
      vertex -4.15347 -20.8809 0
    endloop
  endfacet
  facet normal 0.160596 0.688801 -0.706938
    outer loop
      vertex -3.86279 -19.4195 1.49
      vertex -4.16188 -20.879 0
      vertex -5.12462 -19.1253 1.49
    endloop
  endfacet
  facet normal 0.335498 -0.622718 -0.706869
    outer loop
      vertex -8.75732 17.7581 1.49
      vertex -9.42394 19.0903 0
      vertex -9.41633 19.0944 0
    endloop
  endfacet
  facet normal 0.333435 -0.623787 -0.706902
    outer loop
      vertex -9.42394 19.0903 0
      vertex -8.75732 17.7581 1.49
      vertex -9.9 17.1473 1.49
    endloop
  endfacet
  facet normal -0.160596 -0.688801 -0.706938
    outer loop
      vertex 3.86279 19.4195 1.49
      vertex 4.16188 20.879 0
      vertex 5.12462 19.1253 1.49
    endloop
  endfacet
  facet normal -0.155848 -0.689833 -0.706995
    outer loop
      vertex 4.16188 20.879 0
      vertex 3.86279 19.4195 1.49
      vertex 4.15347 20.8809 0
    endloop
  endfacet
  facet normal -0.661968 -0.249145 -0.706912
    outer loop
      vertex 19.6724 8.13925 0
      vertex 20.1601 6.84345 0
      vertex 18.7492 6.3645 1.49
    endloop
  endfacet
  facet normal 0.60213 0.371176 -0.706872
    outer loop
      vertex -17.7065 -11.8208 0
      vertex -16.4631 -11.0003 1.49
      vertex -17.702 -11.8281 0
    endloop
  endfacet
  facet normal 0.600645 0.373499 -0.706912
    outer loop
      vertex -16.4631 -11.0003 1.49
      vertex -17.7065 -11.8208 0
      vertex -17.1473 -9.9 1.49
    endloop
  endfacet
  facet normal -0.600645 -0.373499 -0.706912
    outer loop
      vertex 16.4631 11.0003 1.49
      vertex 17.7065 11.8208 0
      vertex 17.1473 9.9 1.49
    endloop
  endfacet
  facet normal -0.60213 -0.371176 -0.706872
    outer loop
      vertex 17.7065 11.8208 0
      vertex 16.4631 11.0003 1.49
      vertex 17.702 11.8281 0
    endloop
  endfacet
  facet normal 0.574922 0.411977 -0.706923
    outer loop
      vertex -17.697 -11.8351 0
      vertex -16.4631 -11.0003 1.49
      vertex -15.7084 -12.0535 1.49
    endloop
  endfacet
  facet normal 0.575535 0.411096 -0.706937
    outer loop
      vertex -16.4631 -11.0003 1.49
      vertex -17.697 -11.8351 0
      vertex -17.702 -11.8281 0
    endloop
  endfacet
  facet normal -0.155848 0.689833 -0.706995
    outer loop
      vertex 3.86279 -19.4195 1.49
      vertex 4.16188 -20.879 0
      vertex 4.15347 -20.8809 0
    endloop
  endfacet
  facet normal -0.160596 0.688801 -0.706938
    outer loop
      vertex 4.16188 -20.879 0
      vertex 3.86279 -19.4195 1.49
      vertex 5.12462 -19.1253 1.49
    endloop
  endfacet
  facet normal 0.51624 -0.483487 -0.706921
    outer loop
      vertex -15.0602 15.048 0
      vertex -14.0007 14.0007 1.49
      vertex -14.8864 13.055 1.49
    endloop
  endfacet
  facet normal 0.516252 -0.483474 -0.70692
    outer loop
      vertex -14.0007 14.0007 1.49
      vertex -15.0602 15.048 0
      vertex -15.0543 15.0543 0
    endloop
  endfacet
  facet normal 0.663115 0.246206 -0.706867
    outer loop
      vertex -19.6724 -8.13925 0
      vertex -18.2928 -7.57713 1.49
      vertex -19.6694 -8.14733 0
    endloop
  endfacet
  facet normal 0.661967 0.249146 -0.706913
    outer loop
      vertex -18.2928 -7.57713 1.49
      vertex -19.6724 -8.13925 0
      vertex -18.7492 -6.3645 1.49
    endloop
  endfacet
  facet normal 0.643169 0.294207 -0.706948
    outer loop
      vertex -19.098 -9.40846 0
      vertex -17.7581 -8.75732 1.49
      vertex -19.0944 -9.41633 0
    endloop
  endfacet
  facet normal 0.64426 0.29189 -0.706916
    outer loop
      vertex -17.7581 -8.75732 1.49
      vertex -19.098 -9.40846 0
      vertex -18.2928 -7.57713 1.49
    endloop
  endfacet
  facet normal 0.249146 0.661967 -0.706913
    outer loop
      vertex -8.13925 -19.6724 0
      vertex -7.57713 -18.2928 1.49
      vertex -6.3645 -18.7492 1.49
    endloop
  endfacet
  facet normal 0.246206 0.663115 -0.706867
    outer loop
      vertex -7.57713 -18.2928 1.49
      vertex -8.13925 -19.6724 0
      vertex -8.14733 -19.6694 0
    endloop
  endfacet
  facet normal 0.249145 0.661968 -0.706912
    outer loop
      vertex -6.3645 -18.7492 1.49
      vertex -6.84345 -20.1601 0
      vertex -8.13925 -19.6724 0
    endloop
  endfacet
  facet normal -0.114681 0.697917 -0.706937
    outer loop
      vertex 2.58442 -19.6306 1.49
      vertex 2.78742 -21.1065 0
      vertex 2.7789 -21.1079 0
    endloop
  endfacet
  facet normal -0.115235 0.697833 -0.70693
    outer loop
      vertex 2.78742 -21.1065 0
      vertex 2.58442 -19.6306 1.49
      vertex 3.86279 -19.4195 1.49
    endloop
  endfacet
  facet normal 0.623787 -0.333435 -0.706902
    outer loop
      vertex -17.7581 8.75732 1.49
      vertex -19.0903 9.42394 0
      vertex -17.1473 9.9 1.49
    endloop
  endfacet
  facet normal 0.622718 -0.335498 -0.706869
    outer loop
      vertex -19.0903 9.42394 0
      vertex -17.7581 8.75732 1.49
      vertex -19.0944 9.41633 0
    endloop
  endfacet
  facet normal -0.333387 0.623791 -0.706922
    outer loop
      vertex 9.9 -17.1473 1.49
      vertex 10.645 -18.4377 0
      vertex 9.42394 -19.0903 0
    endloop
  endfacet
  facet normal 0.676826 0.205305 -0.706935
    outer loop
      vertex -20.5621 -5.51852 0
      vertex -19.1253 -5.12462 1.49
      vertex -18.7492 -6.3645 1.49
    endloop
  endfacet
  facet normal 0.676946 0.204887 -0.706941
    outer loop
      vertex -19.1253 -5.12462 1.49
      vertex -20.5621 -5.51852 0
      vertex -20.5646 -5.51026 0
    endloop
  endfacet
  facet normal 0.661968 0.249145 -0.706912
    outer loop
      vertex -18.7492 -6.3645 1.49
      vertex -19.6724 -8.13925 0
      vertex -20.1601 -6.84345 0
    endloop
  endfacet
  facet normal 0.0693278 0.70389 -0.706918
    outer loop
      vertex -2.77031 -21.1087 0
      vertex -2.58442 -19.6306 1.49
      vertex -1.29498 -19.7576 1.49
    endloop
  endfacet
  facet normal 0.0655929 0.704304 -0.706862
    outer loop
      vertex -2.58442 -19.6306 1.49
      vertex -2.77031 -21.1087 0
      vertex -2.7789 -21.1079 0
    endloop
  endfacet
  facet normal 0.704304 0.0655929 -0.706862
    outer loop
      vertex -21.1087 -2.77031 0
      vertex -19.6306 -2.58442 1.49
      vertex -21.1079 -2.7789 0
    endloop
  endfacet
  facet normal 0.70389 0.0693278 -0.706918
    outer loop
      vertex -19.6306 -2.58442 1.49
      vertex -21.1087 -2.77031 0
      vertex -19.7576 -1.29498 1.49
    endloop
  endfacet
  facet normal 0.697833 0.115235 -0.70693
    outer loop
      vertex -21.1065 -2.78742 0
      vertex -19.6306 -2.58442 1.49
      vertex -19.4195 -3.86279 1.49
    endloop
  endfacet
  facet normal 0.697917 0.114681 -0.706937
    outer loop
      vertex -19.6306 -2.58442 1.49
      vertex -21.1065 -2.78742 0
      vertex -21.1079 -2.7789 0
    endloop
  endfacet
  facet normal 0.54673 0.448739 -0.706909
    outer loop
      vertex -16.885 -12.9672 0
      vertex -15.7084 -12.0535 1.49
      vertex -14.8864 -13.055 1.49
    endloop
  endfacet
  facet normal 0.546696 0.44878 -0.706908
    outer loop
      vertex -15.7084 -12.0535 1.49
      vertex -16.885 -12.9672 0
      vertex -16.8905 -12.9605 0
    endloop
  endfacet
  facet normal -0.411096 0.575535 -0.706937
    outer loop
      vertex 11.0003 -16.4631 1.49
      vertex 11.8351 -17.697 0
      vertex 11.8281 -17.702 0
    endloop
  endfacet
  facet normal -0.411977 0.574922 -0.706923
    outer loop
      vertex 11.8351 -17.697 0
      vertex 11.0003 -16.4631 1.49
      vertex 12.0535 -15.7084 1.49
    endloop
  endfacet
  facet normal 0.205359 0.676832 -0.706913
    outer loop
      vertex -6.3645 -18.7492 1.49
      vertex -5.51852 -20.5621 0
      vertex -6.84345 -20.1601 0
    endloop
  endfacet
  facet normal 0.204887 0.676946 -0.706941
    outer loop
      vertex -5.51852 -20.5621 0
      vertex -5.12462 -19.1253 1.49
      vertex -5.51026 -20.5646 0
    endloop
  endfacet
  facet normal 0.205305 0.676826 -0.706935
    outer loop
      vertex -5.12462 -19.1253 1.49
      vertex -5.51852 -20.5621 0
      vertex -6.3645 -18.7492 1.49
    endloop
  endfacet
  facet normal 0.574917 0.412005 -0.706911
    outer loop
      vertex -15.7084 -12.0535 1.49
      vertex -16.8905 -12.9605 0
      vertex -17.697 -11.8351 0
    endloop
  endfacet
  facet normal 0.44878 0.546696 -0.706908
    outer loop
      vertex -12.9672 -16.885 0
      vertex -12.0535 -15.7084 1.49
      vertex -12.9605 -16.8905 0
    endloop
  endfacet
  facet normal 0.448739 0.54673 -0.706909
    outer loop
      vertex -12.0535 -15.7084 1.49
      vertex -12.9672 -16.885 0
      vertex -13.055 -14.8864 1.49
    endloop
  endfacet
  facet normal 0.661968 -0.249145 -0.706912
    outer loop
      vertex -19.6724 8.13925 0
      vertex -18.7492 6.3645 1.49
      vertex -20.1601 6.84345 0
    endloop
  endfacet
  facet normal 0.155848 -0.689833 -0.706995
    outer loop
      vertex -3.86279 19.4195 1.49
      vertex -4.16188 20.879 0
      vertex -4.15347 20.8809 0
    endloop
  endfacet
  facet normal 0.160596 -0.688801 -0.706938
    outer loop
      vertex -4.16188 20.879 0
      vertex -3.86279 19.4195 1.49
      vertex -5.12462 19.1253 1.49
    endloop
  endfacet
  facet normal 0.204887 -0.676946 -0.706941
    outer loop
      vertex -5.12462 19.1253 1.49
      vertex -5.51852 20.5621 0
      vertex -5.51026 20.5646 0
    endloop
  endfacet
  facet normal 0.205305 -0.676826 -0.706935
    outer loop
      vertex -5.51852 20.5621 0
      vertex -5.12462 19.1253 1.49
      vertex -6.3645 18.7492 1.49
    endloop
  endfacet
  facet normal 0.688801 0.160596 -0.706938
    outer loop
      vertex -20.879 -4.16188 0
      vertex -19.4195 -3.86279 1.49
      vertex -19.1253 -5.12462 1.49
    endloop
  endfacet
  facet normal 0.689833 0.155848 -0.706995
    outer loop
      vertex -19.4195 -3.86279 1.49
      vertex -20.879 -4.16188 0
      vertex -20.8809 -4.15347 0
    endloop
  endfacet
  facet normal 0.160607 -0.688803 -0.706934
    outer loop
      vertex -4.16188 20.879 0
      vertex -5.12462 19.1253 1.49
      vertex -5.51026 20.5646 0
    endloop
  endfacet
  facet normal 0.688801 -0.160596 -0.706938
    outer loop
      vertex -19.4195 3.86279 1.49
      vertex -20.879 4.16188 0
      vertex -19.1253 5.12462 1.49
    endloop
  endfacet
  facet normal 0.689833 -0.155848 -0.706995
    outer loop
      vertex -20.879 4.16188 0
      vertex -19.4195 3.86279 1.49
      vertex -20.8809 4.15347 0
    endloop
  endfacet
  facet normal 0.697836 -0.115246 -0.706925
    outer loop
      vertex -20.8809 4.15347 0
      vertex -19.4195 3.86279 1.49
      vertex -21.1065 2.78742 0
    endloop
  endfacet
  facet normal 0.448668 0.546749 -0.706939
    outer loop
      vertex -13.055 -14.8864 1.49
      vertex -12.9672 -16.885 0
      vertex -14.0375 -16.0067 0
    endloop
  endfacet
  facet normal 0.70389 -0.0693278 -0.706918
    outer loop
      vertex -21.1087 2.77031 0
      vertex -19.6306 2.58442 1.49
      vertex -19.7576 1.29498 1.49
    endloop
  endfacet
  facet normal 0.704304 -0.0655929 -0.706862
    outer loop
      vertex -19.6306 2.58442 1.49
      vertex -21.1087 2.77031 0
      vertex -21.1079 2.7789 0
    endloop
  endfacet
  facet normal -0.995187 -0.0979965 0
    outer loop
      vertex 22.9208 1.50231 2.4
      vertex 22.7735 2.99819 3.9
      vertex 22.7735 2.99819 2.4
    endloop
  endfacet
  facet normal -0.995187 -0.0979965 0
    outer loop
      vertex 22.7735 2.99819 3.9
      vertex 22.9208 1.50231 2.4
      vertex 22.9208 1.50231 3.9
    endloop
  endfacet
  facet normal -0.999464 -0.032732 0
    outer loop
      vertex 22.97 0 2.4
      vertex 22.9208 1.50231 3.9
      vertex 22.9208 1.50231 2.4
    endloop
  endfacet
  facet normal -0.999464 -0.032732 0
    outer loop
      vertex 22.9208 1.50231 3.9
      vertex 22.97 0 2.4
      vertex 22.97 0 3.9
    endloop
  endfacet
  facet normal -0.986638 -0.162928 0
    outer loop
      vertex 22.7735 2.99819 2.4
      vertex 22.5286 4.48122 3.9
      vertex 22.5286 4.48122 2.4
    endloop
  endfacet
  facet normal -0.986638 -0.162928 0
    outer loop
      vertex 22.5286 4.48122 3.9
      vertex 22.7735 2.99819 2.4
      vertex 22.7735 2.99819 3.9
    endloop
  endfacet
  facet normal -0.97388 -0.227062 0
    outer loop
      vertex 22.5286 4.48122 2.4
      vertex 22.1873 5.94507 3.9
      vertex 22.1873 5.94507 2.4
    endloop
  endfacet
  facet normal -0.97388 -0.227062 0
    outer loop
      vertex 22.1873 5.94507 3.9
      vertex 22.5286 4.48122 2.4
      vertex 22.5286 4.48122 3.9
    endloop
  endfacet
  facet normal 0.471424 0.881907 -0
    outer loop
      vertex -10.1594 -20.6012 2.4
      vertex -11.485 -19.8926 3.9
      vertex -10.1594 -20.6012 3.9
    endloop
  endfacet
  facet normal 0.471424 0.881907 0
    outer loop
      vertex -11.485 -19.8926 3.9
      vertex -10.1594 -20.6012 2.4
      vertex -11.485 -19.8926 2.4
    endloop
  endfacet
  facet normal -0.999464 0.032732 0
    outer loop
      vertex 22.9208 -1.50231 2.4
      vertex 22.97 0 3.9
      vertex 22.97 0 2.4
    endloop
  endfacet
  facet normal -0.999464 0.032732 0
    outer loop
      vertex 22.97 0 3.9
      vertex 22.9208 -1.50231 2.4
      vertex 22.9208 -1.50231 3.9
    endloop
  endfacet
  facet normal -0.986638 0.162928 0
    outer loop
      vertex 22.5286 -4.48122 2.4
      vertex 22.7735 -2.99819 3.9
      vertex 22.7735 -2.99819 2.4
    endloop
  endfacet
  facet normal -0.986638 0.162928 0
    outer loop
      vertex 22.7735 -2.99819 3.9
      vertex 22.5286 -4.48122 2.4
      vertex 22.5286 -4.48122 3.9
    endloop
  endfacet
  facet normal -0.881907 -0.471424 0
    outer loop
      vertex 20.6012 10.1594 2.4
      vertex 19.8926 11.485 3.9
      vertex 19.8926 11.485 2.4
    endloop
  endfacet
  facet normal -0.881907 -0.471424 0
    outer loop
      vertex 19.8926 11.485 3.9
      vertex 20.6012 10.1594 2.4
      vertex 20.6012 10.1594 3.9
    endloop
  endfacet
  facet normal -0.910878 -0.412675 0
    outer loop
      vertex 21.2215 8.79024 2.4
      vertex 20.6012 10.1594 3.9
      vertex 20.6012 10.1594 2.4
    endloop
  endfacet
  facet normal -0.910878 -0.412675 0
    outer loop
      vertex 20.6012 10.1594 3.9
      vertex 21.2215 8.79024 2.4
      vertex 21.2215 8.79024 3.9
    endloop
  endfacet
  facet normal 0.995187 -0.0979965 0
    outer loop
      vertex -22.9208 1.50231 3.9
      vertex -22.7735 2.99819 2.4
      vertex -22.7735 2.99819 3.9
    endloop
  endfacet
  facet normal 0.995187 -0.0979965 0
    outer loop
      vertex -22.7735 2.99819 2.4
      vertex -22.9208 1.50231 3.9
      vertex -22.9208 1.50231 2.4
    endloop
  endfacet
  facet normal 0.582509 -0.812824 0
    outer loop
      vertex -13.9832 18.2233 2.4
      vertex -12.7614 19.0989 3.9
      vertex -13.9832 18.2233 3.9
    endloop
  endfacet
  facet normal 0.582509 -0.812824 0
    outer loop
      vertex -12.7614 19.0989 3.9
      vertex -13.9832 18.2233 2.4
      vertex -12.7614 19.0989 2.4
    endloop
  endfacet
  facet normal 0.910878 0.412675 0
    outer loop
      vertex -20.6012 -10.1594 3.9
      vertex -21.2215 -8.79024 2.4
      vertex -21.2215 -8.79024 3.9
    endloop
  endfacet
  facet normal 0.910878 0.412675 0
    outer loop
      vertex -21.2215 -8.79024 2.4
      vertex -20.6012 -10.1594 3.9
      vertex -20.6012 -10.1594 2.4
    endloop
  endfacet
  facet normal -0.412675 -0.910878 0
    outer loop
      vertex 8.79024 21.2215 2.4
      vertex 10.1594 20.6012 3.9
      vertex 8.79024 21.2215 3.9
    endloop
  endfacet
  facet normal -0.412675 -0.910878 -0
    outer loop
      vertex 10.1594 20.6012 3.9
      vertex 8.79024 21.2215 2.4
      vertex 10.1594 20.6012 2.4
    endloop
  endfacet
  facet normal 0.412675 -0.910878 0
    outer loop
      vertex -10.1594 20.6012 2.4
      vertex -8.79024 21.2215 3.9
      vertex -10.1594 20.6012 3.9
    endloop
  endfacet
  facet normal 0.412675 -0.910878 0
    outer loop
      vertex -8.79024 21.2215 3.9
      vertex -10.1594 20.6012 2.4
      vertex -8.79024 21.2215 2.4
    endloop
  endfacet
  facet normal -0.032732 -0.999464 0
    outer loop
      vertex 0 22.97 2.4
      vertex 1.50231 22.9208 3.9
      vertex 0 22.97 3.9
    endloop
  endfacet
  facet normal -0.032732 -0.999464 -0
    outer loop
      vertex 1.50231 22.9208 3.9
      vertex 0 22.97 2.4
      vertex 1.50231 22.9208 2.4
    endloop
  endfacet
  facet normal -0.812824 -0.582509 0
    outer loop
      vertex 19.0989 12.7614 2.4
      vertex 18.2233 13.9832 3.9
      vertex 18.2233 13.9832 2.4
    endloop
  endfacet
  facet normal -0.812824 -0.582509 0
    outer loop
      vertex 18.2233 13.9832 3.9
      vertex 19.0989 12.7614 2.4
      vertex 19.0989 12.7614 3.9
    endloop
  endfacet
  facet normal -0.290266 -0.956946 0
    outer loop
      vertex 5.94507 22.1873 2.4
      vertex 7.38346 21.751 3.9
      vertex 5.94507 22.1873 3.9
    endloop
  endfacet
  facet normal -0.290266 -0.956946 -0
    outer loop
      vertex 7.38346 21.751 3.9
      vertex 5.94507 22.1873 2.4
      vertex 7.38346 21.751 2.4
    endloop
  endfacet
  facet normal 0.849207 -0.52806 0
    outer loop
      vertex -19.8926 11.485 3.9
      vertex -19.0989 12.7614 2.4
      vertex -19.0989 12.7614 3.9
    endloop
  endfacet
  facet normal 0.849207 -0.52806 0
    outer loop
      vertex -19.0989 12.7614 2.4
      vertex -19.8926 11.485 3.9
      vertex -19.8926 11.485 2.4
    endloop
  endfacet
  facet normal -0.729815 0.683645 0
    outer loop
      vertex 16.2422 -16.2422 2.4
      vertex 17.2698 -15.1452 3.9
      vertex 17.2698 -15.1452 2.4
    endloop
  endfacet
  facet normal -0.729815 0.683645 0
    outer loop
      vertex 17.2698 -15.1452 3.9
      vertex 16.2422 -16.2422 2.4
      vertex 16.2422 -16.2422 3.9
    endloop
  endfacet
  facet normal -0.812824 0.582509 0
    outer loop
      vertex 18.2233 -13.9832 2.4
      vertex 19.0989 -12.7614 3.9
      vertex 19.0989 -12.7614 2.4
    endloop
  endfacet
  facet normal -0.812824 0.582509 0
    outer loop
      vertex 19.0989 -12.7614 3.9
      vertex 18.2233 -13.9832 2.4
      vertex 18.2233 -13.9832 3.9
    endloop
  endfacet
  facet normal 0.812824 0.582509 0
    outer loop
      vertex -18.2233 -13.9832 3.9
      vertex -19.0989 -12.7614 2.4
      vertex -19.0989 -12.7614 3.9
    endloop
  endfacet
  facet normal 0.812824 0.582509 0
    outer loop
      vertex -19.0989 -12.7614 2.4
      vertex -18.2233 -13.9832 3.9
      vertex -18.2233 -13.9832 2.4
    endloop
  endfacet
  facet normal 0.97388 0.227062 0
    outer loop
      vertex -22.1873 -5.94507 3.9
      vertex -22.5286 -4.48122 2.4
      vertex -22.5286 -4.48122 3.9
    endloop
  endfacet
  facet normal 0.97388 0.227062 0
    outer loop
      vertex -22.5286 -4.48122 2.4
      vertex -22.1873 -5.94507 3.9
      vertex -22.1873 -5.94507 2.4
    endloop
  endfacet
  facet normal -0.0980103 0.995185 0
    outer loop
      vertex 2.99819 -22.7735 2.4
      vertex 1.6 -22.9112 3.9
      vertex 2.99819 -22.7735 3.9
    endloop
  endfacet
  facet normal -0.0980103 0.995185 0
    outer loop
      vertex 1.6 -22.9112 3.9
      vertex 2.99819 -22.7735 2.4
      vertex 1.6 -22.9112 2.4
    endloop
  endfacet
  facet normal 0.683645 -0.729815 0
    outer loop
      vertex -16.2422 16.2422 2.4
      vertex -15.1452 17.2698 3.9
      vertex -16.2422 16.2422 3.9
    endloop
  endfacet
  facet normal 0.683645 -0.729815 0
    outer loop
      vertex -15.1452 17.2698 3.9
      vertex -16.2422 16.2422 2.4
      vertex -15.1452 17.2698 2.4
    endloop
  endfacet
  facet normal -0.0979965 -0.995187 0
    outer loop
      vertex 1.50231 22.9208 2.4
      vertex 2.99819 22.7735 3.9
      vertex 1.50231 22.9208 3.9
    endloop
  endfacet
  facet normal -0.0979965 -0.995187 -0
    outer loop
      vertex 2.99819 22.7735 3.9
      vertex 1.50231 22.9208 2.4
      vertex 2.99819 22.7735 2.4
    endloop
  endfacet
  facet normal -0.352265 -0.9359 0
    outer loop
      vertex 7.38346 21.751 2.4
      vertex 8.79024 21.2215 3.9
      vertex 7.38346 21.751 3.9
    endloop
  endfacet
  facet normal -0.352265 -0.9359 -0
    outer loop
      vertex 8.79024 21.2215 3.9
      vertex 7.38346 21.751 2.4
      vertex 8.79024 21.2215 2.4
    endloop
  endfacet
  facet normal 0.634342 -0.773052 0
    outer loop
      vertex -15.1452 17.2698 2.4
      vertex -13.9832 18.2233 3.9
      vertex -15.1452 17.2698 3.9
    endloop
  endfacet
  facet normal 0.634342 -0.773052 0
    outer loop
      vertex -13.9832 18.2233 3.9
      vertex -15.1452 17.2698 2.4
      vertex -13.9832 18.2233 2.4
    endloop
  endfacet
  facet normal -0.849207 -0.52806 0
    outer loop
      vertex 19.8926 11.485 2.4
      vertex 19.0989 12.7614 3.9
      vertex 19.0989 12.7614 2.4
    endloop
  endfacet
  facet normal -0.849207 -0.52806 0
    outer loop
      vertex 19.0989 12.7614 3.9
      vertex 19.8926 11.485 2.4
      vertex 19.8926 11.485 3.9
    endloop
  endfacet
  facet normal -0.995187 0.0979965 0
    outer loop
      vertex 22.7735 -2.99819 2.4
      vertex 22.9208 -1.50231 3.9
      vertex 22.9208 -1.50231 2.4
    endloop
  endfacet
  facet normal -0.995187 0.0979965 0
    outer loop
      vertex 22.9208 -1.50231 3.9
      vertex 22.7735 -2.99819 2.4
      vertex 22.7735 -2.99819 3.9
    endloop
  endfacet
  facet normal -0.412675 0.910878 0
    outer loop
      vertex 10.1594 -20.6012 2.4
      vertex 8.79024 -21.2215 3.9
      vertex 10.1594 -20.6012 3.9
    endloop
  endfacet
  facet normal -0.412675 0.910878 0
    outer loop
      vertex 8.79024 -21.2215 3.9
      vertex 10.1594 -20.6012 2.4
      vertex 8.79024 -21.2215 2.4
    endloop
  endfacet
  facet normal -0.910878 0.412675 0
    outer loop
      vertex 20.6012 -10.1594 2.4
      vertex 21.2215 -8.79024 3.9
      vertex 21.2215 -8.79024 2.4
    endloop
  endfacet
  facet normal -0.910878 0.412675 0
    outer loop
      vertex 21.2215 -8.79024 3.9
      vertex 20.6012 -10.1594 2.4
      vertex 20.6012 -10.1594 3.9
    endloop
  endfacet
  facet normal -0.97388 0.227062 0
    outer loop
      vertex 22.1873 -5.94507 2.4
      vertex 22.5286 -4.48122 3.9
      vertex 22.5286 -4.48122 2.4
    endloop
  endfacet
  facet normal -0.97388 0.227062 0
    outer loop
      vertex 22.5286 -4.48122 3.9
      vertex 22.1873 -5.94507 2.4
      vertex 22.1873 -5.94507 3.9
    endloop
  endfacet
  facet normal -0.9359 0.352265 0
    outer loop
      vertex 21.2215 -8.79024 2.4
      vertex 21.751 -7.38346 3.9
      vertex 21.751 -7.38346 2.4
    endloop
  endfacet
  facet normal -0.9359 0.352265 0
    outer loop
      vertex 21.751 -7.38346 3.9
      vertex 21.2215 -8.79024 2.4
      vertex 21.2215 -8.79024 3.9
    endloop
  endfacet
  facet normal -0.729815 -0.683645 0
    outer loop
      vertex 17.2698 15.1452 2.4
      vertex 16.2422 16.2422 3.9
      vertex 16.2422 16.2422 2.4
    endloop
  endfacet
  facet normal -0.729815 -0.683645 0
    outer loop
      vertex 16.2422 16.2422 3.9
      vertex 17.2698 15.1452 2.4
      vertex 17.2698 15.1452 3.9
    endloop
  endfacet
  facet normal 0.9359 0.352265 0
    outer loop
      vertex -21.2215 -8.79024 3.9
      vertex -21.751 -7.38346 2.4
      vertex -21.751 -7.38346 3.9
    endloop
  endfacet
  facet normal 0.9359 0.352265 0
    outer loop
      vertex -21.751 -7.38346 2.4
      vertex -21.2215 -8.79024 3.9
      vertex -21.2215 -8.79024 2.4
    endloop
  endfacet
  facet normal -0.582509 -0.812824 0
    outer loop
      vertex 12.7614 19.0989 2.4
      vertex 13.9832 18.2233 3.9
      vertex 12.7614 19.0989 3.9
    endloop
  endfacet
  facet normal -0.582509 -0.812824 -0
    outer loop
      vertex 13.9832 18.2233 3.9
      vertex 12.7614 19.0989 2.4
      vertex 13.9832 18.2233 2.4
    endloop
  endfacet
  facet normal 0.773052 0.634342 0
    outer loop
      vertex -17.2698 -15.1452 3.9
      vertex -18.2233 -13.9832 2.4
      vertex -18.2233 -13.9832 3.9
    endloop
  endfacet
  facet normal 0.773052 0.634342 0
    outer loop
      vertex -18.2233 -13.9832 2.4
      vertex -17.2698 -15.1452 3.9
      vertex -17.2698 -15.1452 2.4
    endloop
  endfacet
  facet normal 0.634342 0.773052 -0
    outer loop
      vertex -13.9832 -18.2233 2.4
      vertex -15.1452 -17.2698 3.9
      vertex -13.9832 -18.2233 3.9
    endloop
  endfacet
  facet normal 0.634342 0.773052 0
    outer loop
      vertex -15.1452 -17.2698 3.9
      vertex -13.9832 -18.2233 2.4
      vertex -15.1452 -17.2698 2.4
    endloop
  endfacet
  facet normal -0.634342 0.773052 0
    outer loop
      vertex 15.1452 -17.2698 2.4
      vertex 13.9832 -18.2233 3.9
      vertex 15.1452 -17.2698 3.9
    endloop
  endfacet
  facet normal -0.634342 0.773052 0
    outer loop
      vertex 13.9832 -18.2233 3.9
      vertex 15.1452 -17.2698 2.4
      vertex 13.9832 -18.2233 2.4
    endloop
  endfacet
  facet normal 0.162928 -0.986638 0
    outer loop
      vertex -4.48122 22.5286 2.4
      vertex -2.99819 22.7735 3.9
      vertex -4.48122 22.5286 3.9
    endloop
  endfacet
  facet normal 0.162928 -0.986638 0
    outer loop
      vertex -2.99819 22.7735 3.9
      vertex -4.48122 22.5286 2.4
      vertex -2.99819 22.7735 2.4
    endloop
  endfacet
  facet normal -0.773052 -0.634342 0
    outer loop
      vertex 18.2233 13.9832 2.4
      vertex 17.2698 15.1452 3.9
      vertex 17.2698 15.1452 2.4
    endloop
  endfacet
  facet normal -0.773052 -0.634342 0
    outer loop
      vertex 17.2698 15.1452 3.9
      vertex 18.2233 13.9832 2.4
      vertex 18.2233 13.9832 3.9
    endloop
  endfacet
  facet normal -0.352265 0.9359 0
    outer loop
      vertex 8.79024 -21.2215 2.4
      vertex 7.38346 -21.751 3.9
      vertex 8.79024 -21.2215 3.9
    endloop
  endfacet
  facet normal -0.352265 0.9359 0
    outer loop
      vertex 7.38346 -21.751 3.9
      vertex 8.79024 -21.2215 2.4
      vertex 7.38346 -21.751 2.4
    endloop
  endfacet
  facet normal -0.471424 0.881907 0
    outer loop
      vertex 11.485 -19.8926 2.4
      vertex 10.1594 -20.6012 3.9
      vertex 11.485 -19.8926 3.9
    endloop
  endfacet
  facet normal -0.471424 0.881907 0
    outer loop
      vertex 10.1594 -20.6012 3.9
      vertex 11.485 -19.8926 2.4
      vertex 10.1594 -20.6012 2.4
    endloop
  endfacet
  facet normal -0.290266 0.956946 0
    outer loop
      vertex 7.38346 -21.751 2.4
      vertex 5.94507 -22.1873 3.9
      vertex 7.38346 -21.751 3.9
    endloop
  endfacet
  facet normal -0.290266 0.956946 0
    outer loop
      vertex 5.94507 -22.1873 3.9
      vertex 7.38346 -21.751 2.4
      vertex 5.94507 -22.1873 2.4
    endloop
  endfacet
  facet normal -0.9359 -0.352265 0
    outer loop
      vertex 21.751 7.38346 2.4
      vertex 21.2215 8.79024 3.9
      vertex 21.2215 8.79024 2.4
    endloop
  endfacet
  facet normal -0.9359 -0.352265 0
    outer loop
      vertex 21.2215 8.79024 3.9
      vertex 21.751 7.38346 2.4
      vertex 21.751 7.38346 3.9
    endloop
  endfacet
  facet normal -0.52806 -0.849207 0
    outer loop
      vertex 11.485 19.8926 2.4
      vertex 12.7614 19.0989 3.9
      vertex 11.485 19.8926 3.9
    endloop
  endfacet
  facet normal -0.52806 -0.849207 -0
    outer loop
      vertex 12.7614 19.0989 3.9
      vertex 11.485 19.8926 2.4
      vertex 12.7614 19.0989 2.4
    endloop
  endfacet
  facet normal 0.227062 -0.97388 0
    outer loop
      vertex -5.94507 22.1873 2.4
      vertex -4.48122 22.5286 3.9
      vertex -5.94507 22.1873 3.9
    endloop
  endfacet
  facet normal 0.227062 -0.97388 0
    outer loop
      vertex -4.48122 22.5286 3.9
      vertex -5.94507 22.1873 2.4
      vertex -4.48122 22.5286 2.4
    endloop
  endfacet
  facet normal 0.729815 0.683645 0
    outer loop
      vertex -16.2422 -16.2422 3.9
      vertex -17.2698 -15.1452 2.4
      vertex -17.2698 -15.1452 3.9
    endloop
  endfacet
  facet normal 0.729815 0.683645 0
    outer loop
      vertex -17.2698 -15.1452 2.4
      vertex -16.2422 -16.2422 3.9
      vertex -16.2422 -16.2422 2.4
    endloop
  endfacet
  facet normal 0.162928 0.986638 -0
    outer loop
      vertex -2.99819 -22.7735 2.4
      vertex -4.48122 -22.5286 3.9
      vertex -2.99819 -22.7735 3.9
    endloop
  endfacet
  facet normal 0.162928 0.986638 0
    outer loop
      vertex -4.48122 -22.5286 3.9
      vertex -2.99819 -22.7735 2.4
      vertex -4.48122 -22.5286 2.4
    endloop
  endfacet
  facet normal 0.290266 0.956946 -0
    outer loop
      vertex -5.94507 -22.1873 2.4
      vertex -7.38346 -21.751 3.9
      vertex -5.94507 -22.1873 3.9
    endloop
  endfacet
  facet normal 0.290266 0.956946 0
    outer loop
      vertex -7.38346 -21.751 3.9
      vertex -5.94507 -22.1873 2.4
      vertex -7.38346 -21.751 2.4
    endloop
  endfacet
  facet normal -0.881907 0.471424 0
    outer loop
      vertex 19.8926 -11.485 2.4
      vertex 20.6012 -10.1594 3.9
      vertex 20.6012 -10.1594 2.4
    endloop
  endfacet
  facet normal -0.881907 0.471424 0
    outer loop
      vertex 20.6012 -10.1594 3.9
      vertex 19.8926 -11.485 2.4
      vertex 19.8926 -11.485 3.9
    endloop
  endfacet
  facet normal 0.412675 0.910878 -0
    outer loop
      vertex -8.79024 -21.2215 2.4
      vertex -10.1594 -20.6012 3.9
      vertex -8.79024 -21.2215 3.9
    endloop
  endfacet
  facet normal 0.412675 0.910878 0
    outer loop
      vertex -10.1594 -20.6012 3.9
      vertex -8.79024 -21.2215 2.4
      vertex -10.1594 -20.6012 2.4
    endloop
  endfacet
  facet normal 0.773052 -0.634342 0
    outer loop
      vertex -18.2233 13.9832 3.9
      vertex -17.2698 15.1452 2.4
      vertex -17.2698 15.1452 3.9
    endloop
  endfacet
  facet normal 0.773052 -0.634342 0
    outer loop
      vertex -17.2698 15.1452 2.4
      vertex -18.2233 13.9832 3.9
      vertex -18.2233 13.9832 2.4
    endloop
  endfacet
  facet normal 0.0980103 0.995185 -0
    outer loop
      vertex -1.6 -22.9112 2.4
      vertex -2.99819 -22.7735 3.9
      vertex -1.6 -22.9112 3.9
    endloop
  endfacet
  facet normal 0.0980103 0.995185 0
    outer loop
      vertex -2.99819 -22.7735 3.9
      vertex -1.6 -22.9112 2.4
      vertex -2.99819 -22.7735 2.4
    endloop
  endfacet
  facet normal -0.849207 0.52806 0
    outer loop
      vertex 19.0989 -12.7614 2.4
      vertex 19.8926 -11.485 3.9
      vertex 19.8926 -11.485 2.4
    endloop
  endfacet
  facet normal -0.849207 0.52806 0
    outer loop
      vertex 19.8926 -11.485 3.9
      vertex 19.0989 -12.7614 2.4
      vertex 19.0989 -12.7614 3.9
    endloop
  endfacet
  facet normal 0.9359 -0.352265 0
    outer loop
      vertex -21.751 7.38346 3.9
      vertex -21.2215 8.79024 2.4
      vertex -21.2215 8.79024 3.9
    endloop
  endfacet
  facet normal 0.9359 -0.352265 0
    outer loop
      vertex -21.2215 8.79024 2.4
      vertex -21.751 7.38346 3.9
      vertex -21.751 7.38346 2.4
    endloop
  endfacet
  facet normal -0.634342 -0.773052 0
    outer loop
      vertex 13.9832 18.2233 2.4
      vertex 15.1452 17.2698 3.9
      vertex 13.9832 18.2233 3.9
    endloop
  endfacet
  facet normal -0.634342 -0.773052 -0
    outer loop
      vertex 15.1452 17.2698 3.9
      vertex 13.9832 18.2233 2.4
      vertex 15.1452 17.2698 2.4
    endloop
  endfacet
  facet normal -0.773052 0.634342 0
    outer loop
      vertex 17.2698 -15.1452 2.4
      vertex 18.2233 -13.9832 3.9
      vertex 18.2233 -13.9832 2.4
    endloop
  endfacet
  facet normal -0.773052 0.634342 0
    outer loop
      vertex 18.2233 -13.9832 3.9
      vertex 17.2698 -15.1452 2.4
      vertex 17.2698 -15.1452 3.9
    endloop
  endfacet
  facet normal 0.999464 0.032732 0
    outer loop
      vertex -22.9208 -1.50231 3.9
      vertex -22.97 0 2.4
      vertex -22.97 0 3.9
    endloop
  endfacet
  facet normal 0.999464 0.032732 0
    outer loop
      vertex -22.97 0 2.4
      vertex -22.9208 -1.50231 3.9
      vertex -22.9208 -1.50231 2.4
    endloop
  endfacet
  facet normal 0.956946 -0.290266 0
    outer loop
      vertex -22.1873 5.94507 3.9
      vertex -21.751 7.38346 2.4
      vertex -21.751 7.38346 3.9
    endloop
  endfacet
  facet normal 0.956946 -0.290266 0
    outer loop
      vertex -21.751 7.38346 2.4
      vertex -22.1873 5.94507 3.9
      vertex -22.1873 5.94507 2.4
    endloop
  endfacet
  facet normal -0.956946 0.290266 0
    outer loop
      vertex 21.751 -7.38346 2.4
      vertex 22.1873 -5.94507 3.9
      vertex 22.1873 -5.94507 2.4
    endloop
  endfacet
  facet normal -0.956946 0.290266 0
    outer loop
      vertex 22.1873 -5.94507 3.9
      vertex 21.751 -7.38346 2.4
      vertex 21.751 -7.38346 3.9
    endloop
  endfacet
  facet normal -0.956946 -0.290266 0
    outer loop
      vertex 22.1873 5.94507 2.4
      vertex 21.751 7.38346 3.9
      vertex 21.751 7.38346 2.4
    endloop
  endfacet
  facet normal -0.956946 -0.290266 0
    outer loop
      vertex 21.751 7.38346 3.9
      vertex 22.1873 5.94507 2.4
      vertex 22.1873 5.94507 3.9
    endloop
  endfacet
  facet normal 0.290266 -0.956946 0
    outer loop
      vertex -7.38346 21.751 2.4
      vertex -5.94507 22.1873 3.9
      vertex -7.38346 21.751 3.9
    endloop
  endfacet
  facet normal 0.290266 -0.956946 0
    outer loop
      vertex -5.94507 22.1873 3.9
      vertex -7.38346 21.751 2.4
      vertex -5.94507 22.1873 2.4
    endloop
  endfacet
  facet normal 0.849207 0.52806 0
    outer loop
      vertex -19.0989 -12.7614 3.9
      vertex -19.8926 -11.485 2.4
      vertex -19.8926 -11.485 3.9
    endloop
  endfacet
  facet normal 0.849207 0.52806 0
    outer loop
      vertex -19.8926 -11.485 2.4
      vertex -19.0989 -12.7614 3.9
      vertex -19.0989 -12.7614 2.4
    endloop
  endfacet
  facet normal 0.881907 0.471424 0
    outer loop
      vertex -19.8926 -11.485 3.9
      vertex -20.6012 -10.1594 2.4
      vertex -20.6012 -10.1594 3.9
    endloop
  endfacet
  facet normal 0.881907 0.471424 0
    outer loop
      vertex -20.6012 -10.1594 2.4
      vertex -19.8926 -11.485 3.9
      vertex -19.8926 -11.485 2.4
    endloop
  endfacet
  facet normal 0.352265 -0.9359 0
    outer loop
      vertex -8.79024 21.2215 2.4
      vertex -7.38346 21.751 3.9
      vertex -8.79024 21.2215 3.9
    endloop
  endfacet
  facet normal 0.352265 -0.9359 0
    outer loop
      vertex -7.38346 21.751 3.9
      vertex -8.79024 21.2215 2.4
      vertex -7.38346 21.751 2.4
    endloop
  endfacet
  facet normal -0.52806 0.849207 0
    outer loop
      vertex 12.7614 -19.0989 2.4
      vertex 11.485 -19.8926 3.9
      vertex 12.7614 -19.0989 3.9
    endloop
  endfacet
  facet normal -0.52806 0.849207 0
    outer loop
      vertex 11.485 -19.8926 3.9
      vertex 12.7614 -19.0989 2.4
      vertex 11.485 -19.8926 2.4
    endloop
  endfacet
  facet normal 0.97388 -0.227062 0
    outer loop
      vertex -22.5286 4.48122 3.9
      vertex -22.1873 5.94507 2.4
      vertex -22.1873 5.94507 3.9
    endloop
  endfacet
  facet normal 0.97388 -0.227062 0
    outer loop
      vertex -22.1873 5.94507 2.4
      vertex -22.5286 4.48122 3.9
      vertex -22.5286 4.48122 2.4
    endloop
  endfacet
  facet normal 0.582509 0.812824 -0
    outer loop
      vertex -12.7614 -19.0989 2.4
      vertex -13.9832 -18.2233 3.9
      vertex -12.7614 -19.0989 3.9
    endloop
  endfacet
  facet normal 0.582509 0.812824 0
    outer loop
      vertex -13.9832 -18.2233 3.9
      vertex -12.7614 -19.0989 2.4
      vertex -13.9832 -18.2233 2.4
    endloop
  endfacet
  facet normal -0.162928 0.986638 0
    outer loop
      vertex 4.48122 -22.5286 2.4
      vertex 2.99819 -22.7735 3.9
      vertex 4.48122 -22.5286 3.9
    endloop
  endfacet
  facet normal -0.162928 0.986638 0
    outer loop
      vertex 2.99819 -22.7735 3.9
      vertex 4.48122 -22.5286 2.4
      vertex 2.99819 -22.7735 2.4
    endloop
  endfacet
  facet normal 0.995187 0.0979965 0
    outer loop
      vertex -22.7735 -2.99819 3.9
      vertex -22.9208 -1.50231 2.4
      vertex -22.9208 -1.50231 3.9
    endloop
  endfacet
  facet normal 0.995187 0.0979965 0
    outer loop
      vertex -22.9208 -1.50231 2.4
      vertex -22.7735 -2.99819 3.9
      vertex -22.7735 -2.99819 2.4
    endloop
  endfacet
  facet normal 0.956946 0.290266 0
    outer loop
      vertex -21.751 -7.38346 3.9
      vertex -22.1873 -5.94507 2.4
      vertex -22.1873 -5.94507 3.9
    endloop
  endfacet
  facet normal 0.956946 0.290266 0
    outer loop
      vertex -22.1873 -5.94507 2.4
      vertex -21.751 -7.38346 3.9
      vertex -21.751 -7.38346 2.4
    endloop
  endfacet
  facet normal 0.0979965 -0.995187 0
    outer loop
      vertex -2.99819 22.7735 2.4
      vertex -1.50231 22.9208 3.9
      vertex -2.99819 22.7735 3.9
    endloop
  endfacet
  facet normal 0.0979965 -0.995187 0
    outer loop
      vertex -1.50231 22.9208 3.9
      vertex -2.99819 22.7735 2.4
      vertex -1.50231 22.9208 2.4
    endloop
  endfacet
  facet normal -0.683645 0.729815 0
    outer loop
      vertex 16.2422 -16.2422 2.4
      vertex 15.1452 -17.2698 3.9
      vertex 16.2422 -16.2422 3.9
    endloop
  endfacet
  facet normal -0.683645 0.729815 0
    outer loop
      vertex 15.1452 -17.2698 3.9
      vertex 16.2422 -16.2422 2.4
      vertex 15.1452 -17.2698 2.4
    endloop
  endfacet
  facet normal 0.52806 0.849207 -0
    outer loop
      vertex -11.485 -19.8926 2.4
      vertex -12.7614 -19.0989 3.9
      vertex -11.485 -19.8926 3.9
    endloop
  endfacet
  facet normal 0.52806 0.849207 0
    outer loop
      vertex -12.7614 -19.0989 3.9
      vertex -11.485 -19.8926 2.4
      vertex -12.7614 -19.0989 2.4
    endloop
  endfacet
  facet normal -0.227062 0.97388 0
    outer loop
      vertex 5.94507 -22.1873 2.4
      vertex 4.48122 -22.5286 3.9
      vertex 5.94507 -22.1873 3.9
    endloop
  endfacet
  facet normal -0.227062 0.97388 0
    outer loop
      vertex 4.48122 -22.5286 3.9
      vertex 5.94507 -22.1873 2.4
      vertex 4.48122 -22.5286 2.4
    endloop
  endfacet
  facet normal -0.471424 -0.881907 0
    outer loop
      vertex 10.1594 20.6012 2.4
      vertex 11.485 19.8926 3.9
      vertex 10.1594 20.6012 3.9
    endloop
  endfacet
  facet normal -0.471424 -0.881907 -0
    outer loop
      vertex 11.485 19.8926 3.9
      vertex 10.1594 20.6012 2.4
      vertex 11.485 19.8926 2.4
    endloop
  endfacet
  facet normal 0.471424 -0.881907 0
    outer loop
      vertex -11.485 19.8926 2.4
      vertex -10.1594 20.6012 3.9
      vertex -11.485 19.8926 3.9
    endloop
  endfacet
  facet normal 0.471424 -0.881907 0
    outer loop
      vertex -10.1594 20.6012 3.9
      vertex -11.485 19.8926 2.4
      vertex -10.1594 20.6012 2.4
    endloop
  endfacet
  facet normal 0.729815 -0.683645 0
    outer loop
      vertex -17.2698 15.1452 3.9
      vertex -16.2422 16.2422 2.4
      vertex -16.2422 16.2422 3.9
    endloop
  endfacet
  facet normal 0.729815 -0.683645 0
    outer loop
      vertex -16.2422 16.2422 2.4
      vertex -17.2698 15.1452 3.9
      vertex -17.2698 15.1452 2.4
    endloop
  endfacet
  facet normal 0.999464 -0.032732 0
    outer loop
      vertex -22.97 0 3.9
      vertex -22.9208 1.50231 2.4
      vertex -22.9208 1.50231 3.9
    endloop
  endfacet
  facet normal 0.999464 -0.032732 0
    outer loop
      vertex -22.9208 1.50231 2.4
      vertex -22.97 0 3.9
      vertex -22.97 0 2.4
    endloop
  endfacet
  facet normal 0.683645 0.729815 -0
    outer loop
      vertex -15.1452 -17.2698 2.4
      vertex -16.2422 -16.2422 3.9
      vertex -15.1452 -17.2698 3.9
    endloop
  endfacet
  facet normal 0.683645 0.729815 0
    outer loop
      vertex -16.2422 -16.2422 3.9
      vertex -15.1452 -17.2698 2.4
      vertex -16.2422 -16.2422 2.4
    endloop
  endfacet
  facet normal 0.032732 -0.999464 0
    outer loop
      vertex -1.50231 22.9208 2.4
      vertex 0 22.97 3.9
      vertex -1.50231 22.9208 3.9
    endloop
  endfacet
  facet normal 0.032732 -0.999464 0
    outer loop
      vertex 0 22.97 3.9
      vertex -1.50231 22.9208 2.4
      vertex 0 22.97 2.4
    endloop
  endfacet
  facet normal 0.986638 0.162928 0
    outer loop
      vertex -22.5286 -4.48122 3.9
      vertex -22.7735 -2.99819 2.4
      vertex -22.7735 -2.99819 3.9
    endloop
  endfacet
  facet normal 0.986638 0.162928 0
    outer loop
      vertex -22.7735 -2.99819 2.4
      vertex -22.5286 -4.48122 3.9
      vertex -22.5286 -4.48122 2.4
    endloop
  endfacet
  facet normal -0.162928 -0.986638 0
    outer loop
      vertex 2.99819 22.7735 2.4
      vertex 4.48122 22.5286 3.9
      vertex 2.99819 22.7735 3.9
    endloop
  endfacet
  facet normal -0.162928 -0.986638 -0
    outer loop
      vertex 4.48122 22.5286 3.9
      vertex 2.99819 22.7735 2.4
      vertex 4.48122 22.5286 2.4
    endloop
  endfacet
  facet normal 0.812824 -0.582509 0
    outer loop
      vertex -19.0989 12.7614 3.9
      vertex -18.2233 13.9832 2.4
      vertex -18.2233 13.9832 3.9
    endloop
  endfacet
  facet normal 0.812824 -0.582509 0
    outer loop
      vertex -18.2233 13.9832 2.4
      vertex -19.0989 12.7614 3.9
      vertex -19.0989 12.7614 2.4
    endloop
  endfacet
  facet normal 0.986638 -0.162928 0
    outer loop
      vertex -22.7735 2.99819 3.9
      vertex -22.5286 4.48122 2.4
      vertex -22.5286 4.48122 3.9
    endloop
  endfacet
  facet normal 0.986638 -0.162928 0
    outer loop
      vertex -22.5286 4.48122 2.4
      vertex -22.7735 2.99819 3.9
      vertex -22.7735 2.99819 2.4
    endloop
  endfacet
  facet normal -0.683645 -0.729815 0
    outer loop
      vertex 15.1452 17.2698 2.4
      vertex 16.2422 16.2422 3.9
      vertex 15.1452 17.2698 3.9
    endloop
  endfacet
  facet normal -0.683645 -0.729815 -0
    outer loop
      vertex 16.2422 16.2422 3.9
      vertex 15.1452 17.2698 2.4
      vertex 16.2422 16.2422 2.4
    endloop
  endfacet
  facet normal 0.52806 -0.849207 0
    outer loop
      vertex -12.7614 19.0989 2.4
      vertex -11.485 19.8926 3.9
      vertex -12.7614 19.0989 3.9
    endloop
  endfacet
  facet normal 0.52806 -0.849207 0
    outer loop
      vertex -11.485 19.8926 3.9
      vertex -12.7614 19.0989 2.4
      vertex -11.485 19.8926 2.4
    endloop
  endfacet
  facet normal -0.582509 0.812824 0
    outer loop
      vertex 13.9832 -18.2233 2.4
      vertex 12.7614 -19.0989 3.9
      vertex 13.9832 -18.2233 3.9
    endloop
  endfacet
  facet normal -0.582509 0.812824 0
    outer loop
      vertex 12.7614 -19.0989 3.9
      vertex 13.9832 -18.2233 2.4
      vertex 12.7614 -19.0989 2.4
    endloop
  endfacet
  facet normal 0.881907 -0.471424 0
    outer loop
      vertex -20.6012 10.1594 3.9
      vertex -19.8926 11.485 2.4
      vertex -19.8926 11.485 3.9
    endloop
  endfacet
  facet normal 0.881907 -0.471424 0
    outer loop
      vertex -19.8926 11.485 2.4
      vertex -20.6012 10.1594 3.9
      vertex -20.6012 10.1594 2.4
    endloop
  endfacet
  facet normal 0.910878 -0.412675 0
    outer loop
      vertex -21.2215 8.79024 3.9
      vertex -20.6012 10.1594 2.4
      vertex -20.6012 10.1594 3.9
    endloop
  endfacet
  facet normal 0.910878 -0.412675 0
    outer loop
      vertex -20.6012 10.1594 2.4
      vertex -21.2215 8.79024 3.9
      vertex -21.2215 8.79024 2.4
    endloop
  endfacet
  facet normal 0.227062 0.97388 -0
    outer loop
      vertex -4.48122 -22.5286 2.4
      vertex -5.94507 -22.1873 3.9
      vertex -4.48122 -22.5286 3.9
    endloop
  endfacet
  facet normal 0.227062 0.97388 0
    outer loop
      vertex -5.94507 -22.1873 3.9
      vertex -4.48122 -22.5286 2.4
      vertex -5.94507 -22.1873 2.4
    endloop
  endfacet
  facet normal 0.352265 0.9359 -0
    outer loop
      vertex -7.38346 -21.751 2.4
      vertex -8.79024 -21.2215 3.9
      vertex -7.38346 -21.751 3.9
    endloop
  endfacet
  facet normal 0.352265 0.9359 0
    outer loop
      vertex -8.79024 -21.2215 3.9
      vertex -7.38346 -21.751 2.4
      vertex -8.79024 -21.2215 2.4
    endloop
  endfacet
  facet normal -0 0 1
    outer loop
      vertex 1.29498 -19.7576 2.4
      vertex 1.6 -21.75 2.4
      vertex 2.58442 -19.6306 2.4
    endloop
  endfacet
  facet normal -0 0 1
    outer loop
      vertex 0 -19.8 2.4
      vertex 1.6 -21.75 2.4
      vertex 1.29498 -19.7576 2.4
    endloop
  endfacet
  facet normal 0 0 1
    outer loop
      vertex -1.6 -21.75 2.4
      vertex 0 -19.8 2.4
      vertex -1.29498 -19.7576 2.4
    endloop
  endfacet
  facet normal 0 0 1
    outer loop
      vertex 0 -19.8 2.4
      vertex -1.6 -21.75 2.4
      vertex 1.6 -21.75 2.4
    endloop
  endfacet
  facet normal 0 0 1
    outer loop
      vertex -2.58442 -19.6306 2.4
      vertex -1.6 -21.75 2.4
      vertex -1.29498 -19.7576 2.4
    endloop
  endfacet
  facet normal 0 0 1
    outer loop
      vertex -2.99819 -22.7735 2.4
      vertex -1.6 -21.75 2.4
      vertex -2.58442 -19.6306 2.4
    endloop
  endfacet
  facet normal 0 0 1
    outer loop
      vertex -1.6 -21.75 2.4
      vertex -2.99819 -22.7735 2.4
      vertex -1.6 -22.9112 2.4
    endloop
  endfacet
  facet normal 0 0 1
    outer loop
      vertex -3.86279 -19.4195 2.4
      vertex -2.99819 -22.7735 2.4
      vertex -2.58442 -19.6306 2.4
    endloop
  endfacet
  facet normal 0 0 1
    outer loop
      vertex -3.86279 -19.4195 2.4
      vertex -4.48122 -22.5286 2.4
      vertex -2.99819 -22.7735 2.4
    endloop
  endfacet
  facet normal 0 0 1
    outer loop
      vertex -5.12462 -19.1253 2.4
      vertex -4.48122 -22.5286 2.4
      vertex -3.86279 -19.4195 2.4
    endloop
  endfacet
  facet normal 0 0 1
    outer loop
      vertex -5.12462 -19.1253 2.4
      vertex -5.94507 -22.1873 2.4
      vertex -4.48122 -22.5286 2.4
    endloop
  endfacet
  facet normal 0 0 1
    outer loop
      vertex -6.3645 -18.7492 2.4
      vertex -5.94507 -22.1873 2.4
      vertex -5.12462 -19.1253 2.4
    endloop
  endfacet
  facet normal 0 0 1
    outer loop
      vertex -6.3645 -18.7492 2.4
      vertex -7.38346 -21.751 2.4
      vertex -5.94507 -22.1873 2.4
    endloop
  endfacet
  facet normal 0 0 1
    outer loop
      vertex -7.57713 -18.2928 2.4
      vertex -7.38346 -21.751 2.4
      vertex -6.3645 -18.7492 2.4
    endloop
  endfacet
  facet normal 0 0 1
    outer loop
      vertex -8.79024 -21.2215 2.4
      vertex -7.57713 -18.2928 2.4
      vertex -8.75732 -17.7581 2.4
    endloop
  endfacet
  facet normal 0 0 1
    outer loop
      vertex -7.57713 -18.2928 2.4
      vertex -8.79024 -21.2215 2.4
      vertex -7.38346 -21.751 2.4
    endloop
  endfacet
  facet normal 0 0 1
    outer loop
      vertex -10.1594 -20.6012 2.4
      vertex -8.75732 -17.7581 2.4
      vertex -9.9 -17.1473 2.4
    endloop
  endfacet
  facet normal 0 0 1
    outer loop
      vertex -8.75732 -17.7581 2.4
      vertex -10.1594 -20.6012 2.4
      vertex -8.79024 -21.2215 2.4
    endloop
  endfacet
  facet normal 0 0 1
    outer loop
      vertex -11.485 -19.8926 2.4
      vertex -9.9 -17.1473 2.4
      vertex -11.0003 -16.4631 2.4
    endloop
  endfacet
  facet normal 0 0 1
    outer loop
      vertex -9.9 -17.1473 2.4
      vertex -11.485 -19.8926 2.4
      vertex -10.1594 -20.6012 2.4
    endloop
  endfacet
  facet normal 0 0 1
    outer loop
      vertex -12.7614 -19.0989 2.4
      vertex -11.0003 -16.4631 2.4
      vertex -12.0535 -15.7084 2.4
    endloop
  endfacet
  facet normal 0 0 1
    outer loop
      vertex -11.0003 -16.4631 2.4
      vertex -12.7614 -19.0989 2.4
      vertex -11.485 -19.8926 2.4
    endloop
  endfacet
  facet normal 0 0 1
    outer loop
      vertex -13.9832 -18.2233 2.4
      vertex -12.0535 -15.7084 2.4
      vertex -13.055 -14.8864 2.4
    endloop
  endfacet
  facet normal 0 0 1
    outer loop
      vertex -12.0535 -15.7084 2.4
      vertex -13.9832 -18.2233 2.4
      vertex -12.7614 -19.0989 2.4
    endloop
  endfacet
  facet normal 0 0 1
    outer loop
      vertex -15.1452 -17.2698 2.4
      vertex -13.055 -14.8864 2.4
      vertex -14.0007 -14.0007 2.4
    endloop
  endfacet
  facet normal 0 0 1
    outer loop
      vertex -16.2422 -16.2422 2.4
      vertex -14.0007 -14.0007 2.4
      vertex -14.8864 -13.055 2.4
    endloop
  endfacet
  facet normal 0 0 1
    outer loop
      vertex -13.055 -14.8864 2.4
      vertex -15.1452 -17.2698 2.4
      vertex -13.9832 -18.2233 2.4
    endloop
  endfacet
  facet normal 0 0 1
    outer loop
      vertex -17.2698 -15.1452 2.4
      vertex -14.8864 -13.055 2.4
      vertex -15.7084 -12.0535 2.4
    endloop
  endfacet
  facet normal 0 0 1
    outer loop
      vertex -14.0007 -14.0007 2.4
      vertex -16.2422 -16.2422 2.4
      vertex -15.1452 -17.2698 2.4
    endloop
  endfacet
  facet normal 0 0 1
    outer loop
      vertex -18.2233 -13.9832 2.4
      vertex -15.7084 -12.0535 2.4
      vertex -16.4631 -11.0003 2.4
    endloop
  endfacet
  facet normal 0 0 1
    outer loop
      vertex -19.0989 -12.7614 2.4
      vertex -16.4631 -11.0003 2.4
      vertex -17.1473 -9.9 2.4
    endloop
  endfacet
  facet normal 0 0 1
    outer loop
      vertex -14.8864 -13.055 2.4
      vertex -17.2698 -15.1452 2.4
      vertex -16.2422 -16.2422 2.4
    endloop
  endfacet
  facet normal 0 0 1
    outer loop
      vertex -19.8926 -11.485 2.4
      vertex -17.1473 -9.9 2.4
      vertex -17.7581 -8.75732 2.4
    endloop
  endfacet
  facet normal 0 0 1
    outer loop
      vertex -15.7084 -12.0535 2.4
      vertex -18.2233 -13.9832 2.4
      vertex -17.2698 -15.1452 2.4
    endloop
  endfacet
  facet normal 0 0 1
    outer loop
      vertex -20.6012 -10.1594 2.4
      vertex -17.7581 -8.75732 2.4
      vertex -18.2928 -7.57713 2.4
    endloop
  endfacet
  facet normal 0 0 1
    outer loop
      vertex -21.2215 -8.79024 2.4
      vertex -18.2928 -7.57713 2.4
      vertex -18.7492 -6.3645 2.4
    endloop
  endfacet
  facet normal 0 0 1
    outer loop
      vertex -16.4631 -11.0003 2.4
      vertex -19.0989 -12.7614 2.4
      vertex -18.2233 -13.9832 2.4
    endloop
  endfacet
  facet normal 0 0 1
    outer loop
      vertex -21.751 -7.38346 2.4
      vertex -18.7492 -6.3645 2.4
      vertex -19.1253 -5.12462 2.4
    endloop
  endfacet
  facet normal 0 0 1
    outer loop
      vertex -22.1873 -5.94507 2.4
      vertex -19.1253 -5.12462 2.4
      vertex -19.4195 -3.86279 2.4
    endloop
  endfacet
  facet normal 0 0 1
    outer loop
      vertex -22.5286 -4.48122 2.4
      vertex -19.4195 -3.86279 2.4
      vertex -19.6306 -2.58442 2.4
    endloop
  endfacet
  facet normal 0 0 1
    outer loop
      vertex -22.7735 -2.99819 2.4
      vertex -19.6306 -2.58442 2.4
      vertex -19.7576 -1.29498 2.4
    endloop
  endfacet
  facet normal 0 0 1
    outer loop
      vertex -17.1473 -9.9 2.4
      vertex -19.8926 -11.485 2.4
      vertex -19.0989 -12.7614 2.4
    endloop
  endfacet
  facet normal 0 0 1
    outer loop
      vertex -22.9208 -1.50231 2.4
      vertex -19.7576 -1.29498 2.4
      vertex -19.8 0 2.4
    endloop
  endfacet
  facet normal 0 0 1
    outer loop
      vertex -19.1253 5.12462 2.4
      vertex -22.1873 5.94507 2.4
      vertex -19.4195 3.86279 2.4
    endloop
  endfacet
  facet normal -0 0 1
    outer loop
      vertex -22.5286 4.48122 2.4
      vertex -19.4195 3.86279 2.4
      vertex -22.1873 5.94507 2.4
    endloop
  endfacet
  facet normal 0 0 1
    outer loop
      vertex -17.7581 -8.75732 2.4
      vertex -20.6012 -10.1594 2.4
      vertex -19.8926 -11.485 2.4
    endloop
  endfacet
  facet normal 0 0 1
    outer loop
      vertex -19.4195 3.86279 2.4
      vertex -22.5286 4.48122 2.4
      vertex -19.6306 2.58442 2.4
    endloop
  endfacet
  facet normal 0 0 1
    outer loop
      vertex -18.2928 -7.57713 2.4
      vertex -21.2215 -8.79024 2.4
      vertex -20.6012 -10.1594 2.4
    endloop
  endfacet
  facet normal -0 0 1
    outer loop
      vertex -22.7735 2.99819 2.4
      vertex -19.6306 2.58442 2.4
      vertex -22.5286 4.48122 2.4
    endloop
  endfacet
  facet normal 0 0 1
    outer loop
      vertex -18.7492 -6.3645 2.4
      vertex -21.751 -7.38346 2.4
      vertex -21.2215 -8.79024 2.4
    endloop
  endfacet
  facet normal 0 0 1
    outer loop
      vertex -19.6306 2.58442 2.4
      vertex -22.7735 2.99819 2.4
      vertex -19.7576 1.29498 2.4
    endloop
  endfacet
  facet normal 0 0 1
    outer loop
      vertex -19.1253 -5.12462 2.4
      vertex -22.1873 -5.94507 2.4
      vertex -21.751 -7.38346 2.4
    endloop
  endfacet
  facet normal -0 0 1
    outer loop
      vertex -22.9208 1.50231 2.4
      vertex -19.7576 1.29498 2.4
      vertex -22.7735 2.99819 2.4
    endloop
  endfacet
  facet normal 0 0 1
    outer loop
      vertex -19.4195 -3.86279 2.4
      vertex -22.5286 -4.48122 2.4
      vertex -22.1873 -5.94507 2.4
    endloop
  endfacet
  facet normal 0 0 1
    outer loop
      vertex -19.7576 1.29498 2.4
      vertex -22.9208 1.50231 2.4
      vertex -19.8 0 2.4
    endloop
  endfacet
  facet normal 0 0 1
    outer loop
      vertex -19.6306 -2.58442 2.4
      vertex -22.7735 -2.99819 2.4
      vertex -22.5286 -4.48122 2.4
    endloop
  endfacet
  facet normal 0 0 1
    outer loop
      vertex -22.97 0 2.4
      vertex -19.8 0 2.4
      vertex -22.9208 1.50231 2.4
    endloop
  endfacet
  facet normal 0 0 1
    outer loop
      vertex -19.7576 -1.29498 2.4
      vertex -22.9208 -1.50231 2.4
      vertex -22.7735 -2.99819 2.4
    endloop
  endfacet
  facet normal 0 0 1
    outer loop
      vertex -19.8 0 2.4
      vertex -22.97 0 2.4
      vertex -22.9208 -1.50231 2.4
    endloop
  endfacet
  facet normal 0 0 1
    outer loop
      vertex 19.8 0 2.4
      vertex 22.97 0 2.4
      vertex 22.9208 1.50231 2.4
    endloop
  endfacet
  facet normal 0 0 1
    outer loop
      vertex 19.7576 1.29498 2.4
      vertex 22.9208 1.50231 2.4
      vertex 22.7735 2.99819 2.4
    endloop
  endfacet
  facet normal 0 0 1
    outer loop
      vertex 22.97 0 2.4
      vertex 19.8 0 2.4
      vertex 22.9208 -1.50231 2.4
    endloop
  endfacet
  facet normal 0 0 1
    outer loop
      vertex 19.6306 2.58442 2.4
      vertex 22.7735 2.99819 2.4
      vertex 22.5286 4.48122 2.4
    endloop
  endfacet
  facet normal -0 0 1
    outer loop
      vertex 19.7576 -1.29498 2.4
      vertex 22.9208 -1.50231 2.4
      vertex 19.8 0 2.4
    endloop
  endfacet
  facet normal 0 0 1
    outer loop
      vertex 19.4195 3.86279 2.4
      vertex 22.5286 4.48122 2.4
      vertex 22.1873 5.94507 2.4
    endloop
  endfacet
  facet normal 0 0 1
    outer loop
      vertex 22.9208 -1.50231 2.4
      vertex 19.7576 -1.29498 2.4
      vertex 22.7735 -2.99819 2.4
    endloop
  endfacet
  facet normal 0 0 1
    outer loop
      vertex 19.1253 5.12462 2.4
      vertex 22.1873 5.94507 2.4
      vertex 21.751 7.38346 2.4
    endloop
  endfacet
  facet normal -0 0 1
    outer loop
      vertex 19.6306 -2.58442 2.4
      vertex 22.7735 -2.99819 2.4
      vertex 19.7576 -1.29498 2.4
    endloop
  endfacet
  facet normal 0 0 1
    outer loop
      vertex 18.7492 6.3645 2.4
      vertex 21.751 7.38346 2.4
      vertex 21.2215 8.79024 2.4
    endloop
  endfacet
  facet normal 0 0 1
    outer loop
      vertex 22.7735 -2.99819 2.4
      vertex 19.6306 -2.58442 2.4
      vertex 22.5286 -4.48122 2.4
    endloop
  endfacet
  facet normal 0 0 1
    outer loop
      vertex 18.2928 7.57713 2.4
      vertex 21.2215 8.79024 2.4
      vertex 20.6012 10.1594 2.4
    endloop
  endfacet
  facet normal -0 0 1
    outer loop
      vertex 19.4195 -3.86279 2.4
      vertex 22.5286 -4.48122 2.4
      vertex 19.6306 -2.58442 2.4
    endloop
  endfacet
  facet normal 0 0 1
    outer loop
      vertex 17.7581 8.75732 2.4
      vertex 20.6012 10.1594 2.4
      vertex 19.8926 11.485 2.4
    endloop
  endfacet
  facet normal 0 0 1
    outer loop
      vertex 22.5286 -4.48122 2.4
      vertex 19.4195 -3.86279 2.4
      vertex 22.1873 -5.94507 2.4
    endloop
  endfacet
  facet normal -0 0 1
    outer loop
      vertex 19.1253 -5.12462 2.4
      vertex 22.1873 -5.94507 2.4
      vertex 19.4195 -3.86279 2.4
    endloop
  endfacet
  facet normal 0 0 1
    outer loop
      vertex 22.9208 1.50231 2.4
      vertex 19.7576 1.29498 2.4
      vertex 19.8 0 2.4
    endloop
  endfacet
  facet normal 0 0 1
    outer loop
      vertex 22.7735 2.99819 2.4
      vertex 19.6306 2.58442 2.4
      vertex 19.7576 1.29498 2.4
    endloop
  endfacet
  facet normal 0 0 1
    outer loop
      vertex 22.5286 4.48122 2.4
      vertex 19.4195 3.86279 2.4
      vertex 19.6306 2.58442 2.4
    endloop
  endfacet
  facet normal 0 0 1
    outer loop
      vertex 22.1873 5.94507 2.4
      vertex 19.1253 5.12462 2.4
      vertex 19.4195 3.86279 2.4
    endloop
  endfacet
  facet normal 0 0 1
    outer loop
      vertex 17.1473 9.9 2.4
      vertex 19.8926 11.485 2.4
      vertex 19.0989 12.7614 2.4
    endloop
  endfacet
  facet normal 0 0 1
    outer loop
      vertex 21.751 7.38346 2.4
      vertex 18.7492 6.3645 2.4
      vertex 19.1253 5.12462 2.4
    endloop
  endfacet
  facet normal 0 0 1
    outer loop
      vertex 21.2215 8.79024 2.4
      vertex 18.2928 7.57713 2.4
      vertex 18.7492 6.3645 2.4
    endloop
  endfacet
  facet normal 0 0 1
    outer loop
      vertex 16.4631 11.0003 2.4
      vertex 19.0989 12.7614 2.4
      vertex 18.2233 13.9832 2.4
    endloop
  endfacet
  facet normal 0 0 1
    outer loop
      vertex 20.6012 10.1594 2.4
      vertex 17.7581 8.75732 2.4
      vertex 18.2928 7.57713 2.4
    endloop
  endfacet
  facet normal 0 0 1
    outer loop
      vertex 15.7084 12.0535 2.4
      vertex 18.2233 13.9832 2.4
      vertex 17.2698 15.1452 2.4
    endloop
  endfacet
  facet normal 0 0 1
    outer loop
      vertex 19.8926 11.485 2.4
      vertex 17.1473 9.9 2.4
      vertex 17.7581 8.75732 2.4
    endloop
  endfacet
  facet normal 0 0 1
    outer loop
      vertex 19.0989 12.7614 2.4
      vertex 16.4631 11.0003 2.4
      vertex 17.1473 9.9 2.4
    endloop
  endfacet
  facet normal 0 0 1
    outer loop
      vertex 14.8864 13.055 2.4
      vertex 17.2698 15.1452 2.4
      vertex 16.2422 16.2422 2.4
    endloop
  endfacet
  facet normal 0 0 1
    outer loop
      vertex 18.2233 13.9832 2.4
      vertex 15.7084 12.0535 2.4
      vertex 16.4631 11.0003 2.4
    endloop
  endfacet
  facet normal 0 0 1
    outer loop
      vertex 14.0007 14.0007 2.4
      vertex 16.2422 16.2422 2.4
      vertex 15.1452 17.2698 2.4
    endloop
  endfacet
  facet normal 0 0 1
    outer loop
      vertex 17.2698 15.1452 2.4
      vertex 14.8864 13.055 2.4
      vertex 15.7084 12.0535 2.4
    endloop
  endfacet
  facet normal 0 0 1
    outer loop
      vertex 16.2422 16.2422 2.4
      vertex 14.0007 14.0007 2.4
      vertex 14.8864 13.055 2.4
    endloop
  endfacet
  facet normal 0 0 1
    outer loop
      vertex 13.055 14.8864 2.4
      vertex 15.1452 17.2698 2.4
      vertex 13.9832 18.2233 2.4
    endloop
  endfacet
  facet normal 0 0 1
    outer loop
      vertex 15.1452 17.2698 2.4
      vertex 13.055 14.8864 2.4
      vertex 14.0007 14.0007 2.4
    endloop
  endfacet
  facet normal 0 0 1
    outer loop
      vertex 12.0535 15.7084 2.4
      vertex 13.9832 18.2233 2.4
      vertex 12.7614 19.0989 2.4
    endloop
  endfacet
  facet normal 0 0 1
    outer loop
      vertex 13.9832 18.2233 2.4
      vertex 12.0535 15.7084 2.4
      vertex 13.055 14.8864 2.4
    endloop
  endfacet
  facet normal 0 0 1
    outer loop
      vertex 11.0003 16.4631 2.4
      vertex 12.7614 19.0989 2.4
      vertex 11.485 19.8926 2.4
    endloop
  endfacet
  facet normal 0 0 1
    outer loop
      vertex 12.7614 19.0989 2.4
      vertex 11.0003 16.4631 2.4
      vertex 12.0535 15.7084 2.4
    endloop
  endfacet
  facet normal 0 0 1
    outer loop
      vertex 9.9 17.1473 2.4
      vertex 11.485 19.8926 2.4
      vertex 10.1594 20.6012 2.4
    endloop
  endfacet
  facet normal 0 0 1
    outer loop
      vertex 11.485 19.8926 2.4
      vertex 9.9 17.1473 2.4
      vertex 11.0003 16.4631 2.4
    endloop
  endfacet
  facet normal 0 0 1
    outer loop
      vertex 8.75732 17.7581 2.4
      vertex 10.1594 20.6012 2.4
      vertex 8.79024 21.2215 2.4
    endloop
  endfacet
  facet normal 0 0 1
    outer loop
      vertex 10.1594 20.6012 2.4
      vertex 8.75732 17.7581 2.4
      vertex 9.9 17.1473 2.4
    endloop
  endfacet
  facet normal 0 0 1
    outer loop
      vertex 8.79024 21.2215 2.4
      vertex 7.57713 18.2928 2.4
      vertex 8.75732 17.7581 2.4
    endloop
  endfacet
  facet normal 0 0 1
    outer loop
      vertex 7.38346 21.751 2.4
      vertex 7.57713 18.2928 2.4
      vertex 8.79024 21.2215 2.4
    endloop
  endfacet
  facet normal 0 0 1
    outer loop
      vertex 7.38346 21.751 2.4
      vertex 6.3645 18.7492 2.4
      vertex 7.57713 18.2928 2.4
    endloop
  endfacet
  facet normal 0 0 1
    outer loop
      vertex 5.94507 22.1873 2.4
      vertex 6.3645 18.7492 2.4
      vertex 7.38346 21.751 2.4
    endloop
  endfacet
  facet normal 0 0 1
    outer loop
      vertex 5.94507 22.1873 2.4
      vertex 5.12462 19.1253 2.4
      vertex 6.3645 18.7492 2.4
    endloop
  endfacet
  facet normal 0 0 1
    outer loop
      vertex 4.48122 22.5286 2.4
      vertex 5.12462 19.1253 2.4
      vertex 5.94507 22.1873 2.4
    endloop
  endfacet
  facet normal 0 0 1
    outer loop
      vertex 4.48122 22.5286 2.4
      vertex 3.86279 19.4195 2.4
      vertex 5.12462 19.1253 2.4
    endloop
  endfacet
  facet normal 0 0 1
    outer loop
      vertex 2.99819 22.7735 2.4
      vertex 3.86279 19.4195 2.4
      vertex 4.48122 22.5286 2.4
    endloop
  endfacet
  facet normal 0 0 1
    outer loop
      vertex 2.99819 22.7735 2.4
      vertex 2.58442 19.6306 2.4
      vertex 3.86279 19.4195 2.4
    endloop
  endfacet
  facet normal 0 0 1
    outer loop
      vertex 1.50231 22.9208 2.4
      vertex 2.58442 19.6306 2.4
      vertex 2.99819 22.7735 2.4
    endloop
  endfacet
  facet normal 0 0 1
    outer loop
      vertex 1.50231 22.9208 2.4
      vertex 1.29498 19.7576 2.4
      vertex 2.58442 19.6306 2.4
    endloop
  endfacet
  facet normal 0 0 1
    outer loop
      vertex 0 22.97 2.4
      vertex 1.29498 19.7576 2.4
      vertex 1.50231 22.9208 2.4
    endloop
  endfacet
  facet normal 0 0 1
    outer loop
      vertex 0 22.97 2.4
      vertex 0 19.8 2.4
      vertex 1.29498 19.7576 2.4
    endloop
  endfacet
  facet normal 0 0 1
    outer loop
      vertex 0 22.97 2.4
      vertex -1.29498 19.7576 2.4
      vertex 0 19.8 2.4
    endloop
  endfacet
  facet normal -0 0 1
    outer loop
      vertex -1.50231 22.9208 2.4
      vertex -1.29498 19.7576 2.4
      vertex 0 22.97 2.4
    endloop
  endfacet
  facet normal 0 0 1
    outer loop
      vertex -1.50231 22.9208 2.4
      vertex -2.58442 19.6306 2.4
      vertex -1.29498 19.7576 2.4
    endloop
  endfacet
  facet normal -0 0 1
    outer loop
      vertex -2.99819 22.7735 2.4
      vertex -2.58442 19.6306 2.4
      vertex -1.50231 22.9208 2.4
    endloop
  endfacet
  facet normal 0 0 1
    outer loop
      vertex -2.99819 22.7735 2.4
      vertex -3.86279 19.4195 2.4
      vertex -2.58442 19.6306 2.4
    endloop
  endfacet
  facet normal -0 0 1
    outer loop
      vertex -4.48122 22.5286 2.4
      vertex -3.86279 19.4195 2.4
      vertex -2.99819 22.7735 2.4
    endloop
  endfacet
  facet normal 0 0 1
    outer loop
      vertex -4.48122 22.5286 2.4
      vertex -5.12462 19.1253 2.4
      vertex -3.86279 19.4195 2.4
    endloop
  endfacet
  facet normal -0 0 1
    outer loop
      vertex -5.94507 22.1873 2.4
      vertex -5.12462 19.1253 2.4
      vertex -4.48122 22.5286 2.4
    endloop
  endfacet
  facet normal 0 0 1
    outer loop
      vertex -5.94507 22.1873 2.4
      vertex -6.3645 18.7492 2.4
      vertex -5.12462 19.1253 2.4
    endloop
  endfacet
  facet normal -0 0 1
    outer loop
      vertex -7.38346 21.751 2.4
      vertex -6.3645 18.7492 2.4
      vertex -5.94507 22.1873 2.4
    endloop
  endfacet
  facet normal 0 0 1
    outer loop
      vertex -7.38346 21.751 2.4
      vertex -7.57713 18.2928 2.4
      vertex -6.3645 18.7492 2.4
    endloop
  endfacet
  facet normal -0 0 1
    outer loop
      vertex -8.79024 21.2215 2.4
      vertex -7.57713 18.2928 2.4
      vertex -7.38346 21.751 2.4
    endloop
  endfacet
  facet normal 0 0 1
    outer loop
      vertex -7.57713 18.2928 2.4
      vertex -8.79024 21.2215 2.4
      vertex -8.75732 17.7581 2.4
    endloop
  endfacet
  facet normal -0 0 1
    outer loop
      vertex -10.1594 20.6012 2.4
      vertex -8.75732 17.7581 2.4
      vertex -8.79024 21.2215 2.4
    endloop
  endfacet
  facet normal 0 0 1
    outer loop
      vertex -8.75732 17.7581 2.4
      vertex -10.1594 20.6012 2.4
      vertex -9.9 17.1473 2.4
    endloop
  endfacet
  facet normal -0 0 1
    outer loop
      vertex -11.485 19.8926 2.4
      vertex -9.9 17.1473 2.4
      vertex -10.1594 20.6012 2.4
    endloop
  endfacet
  facet normal 0 0 1
    outer loop
      vertex -9.9 17.1473 2.4
      vertex -11.485 19.8926 2.4
      vertex -11.0003 16.4631 2.4
    endloop
  endfacet
  facet normal -0 0 1
    outer loop
      vertex -12.7614 19.0989 2.4
      vertex -11.0003 16.4631 2.4
      vertex -11.485 19.8926 2.4
    endloop
  endfacet
  facet normal 0 0 1
    outer loop
      vertex -11.0003 16.4631 2.4
      vertex -12.7614 19.0989 2.4
      vertex -12.0535 15.7084 2.4
    endloop
  endfacet
  facet normal -0 0 1
    outer loop
      vertex -13.9832 18.2233 2.4
      vertex -12.0535 15.7084 2.4
      vertex -12.7614 19.0989 2.4
    endloop
  endfacet
  facet normal 0 0 1
    outer loop
      vertex -12.0535 15.7084 2.4
      vertex -13.9832 18.2233 2.4
      vertex -13.055 14.8864 2.4
    endloop
  endfacet
  facet normal -0 0 1
    outer loop
      vertex -15.1452 17.2698 2.4
      vertex -13.055 14.8864 2.4
      vertex -13.9832 18.2233 2.4
    endloop
  endfacet
  facet normal 0 0 1
    outer loop
      vertex -13.055 14.8864 2.4
      vertex -15.1452 17.2698 2.4
      vertex -14.0007 14.0007 2.4
    endloop
  endfacet
  facet normal -0 0 1
    outer loop
      vertex -16.2422 16.2422 2.4
      vertex -14.0007 14.0007 2.4
      vertex -15.1452 17.2698 2.4
    endloop
  endfacet
  facet normal 0 0 1
    outer loop
      vertex -14.0007 14.0007 2.4
      vertex -16.2422 16.2422 2.4
      vertex -14.8864 13.055 2.4
    endloop
  endfacet
  facet normal -0 0 1
    outer loop
      vertex -17.2698 15.1452 2.4
      vertex -14.8864 13.055 2.4
      vertex -16.2422 16.2422 2.4
    endloop
  endfacet
  facet normal 0 0 1
    outer loop
      vertex -14.8864 13.055 2.4
      vertex -17.2698 15.1452 2.4
      vertex -15.7084 12.0535 2.4
    endloop
  endfacet
  facet normal -0 0 1
    outer loop
      vertex -18.2233 13.9832 2.4
      vertex -15.7084 12.0535 2.4
      vertex -17.2698 15.1452 2.4
    endloop
  endfacet
  facet normal 0 0 1
    outer loop
      vertex -15.7084 12.0535 2.4
      vertex -18.2233 13.9832 2.4
      vertex -16.4631 11.0003 2.4
    endloop
  endfacet
  facet normal -0 0 1
    outer loop
      vertex -19.0989 12.7614 2.4
      vertex -16.4631 11.0003 2.4
      vertex -18.2233 13.9832 2.4
    endloop
  endfacet
  facet normal 0 0 1
    outer loop
      vertex -16.4631 11.0003 2.4
      vertex -19.0989 12.7614 2.4
      vertex -17.1473 9.9 2.4
    endloop
  endfacet
  facet normal -0 0 1
    outer loop
      vertex -19.8926 11.485 2.4
      vertex -17.1473 9.9 2.4
      vertex -19.0989 12.7614 2.4
    endloop
  endfacet
  facet normal 0 0 1
    outer loop
      vertex -17.1473 9.9 2.4
      vertex -19.8926 11.485 2.4
      vertex -17.7581 8.75732 2.4
    endloop
  endfacet
  facet normal -0 0 1
    outer loop
      vertex -20.6012 10.1594 2.4
      vertex -17.7581 8.75732 2.4
      vertex -19.8926 11.485 2.4
    endloop
  endfacet
  facet normal 0 0 1
    outer loop
      vertex -17.7581 8.75732 2.4
      vertex -20.6012 10.1594 2.4
      vertex -18.2928 7.57713 2.4
    endloop
  endfacet
  facet normal -0 0 1
    outer loop
      vertex -21.2215 8.79024 2.4
      vertex -18.2928 7.57713 2.4
      vertex -20.6012 10.1594 2.4
    endloop
  endfacet
  facet normal 0 0 1
    outer loop
      vertex -18.2928 7.57713 2.4
      vertex -21.2215 8.79024 2.4
      vertex -18.7492 6.3645 2.4
    endloop
  endfacet
  facet normal -0 0 1
    outer loop
      vertex -21.751 7.38346 2.4
      vertex -18.7492 6.3645 2.4
      vertex -21.2215 8.79024 2.4
    endloop
  endfacet
  facet normal -0 0 1
    outer loop
      vertex -22.1873 5.94507 2.4
      vertex -19.1253 5.12462 2.4
      vertex -21.751 7.38346 2.4
    endloop
  endfacet
  facet normal 0 0 1
    outer loop
      vertex -18.7492 6.3645 2.4
      vertex -21.751 7.38346 2.4
      vertex -19.1253 5.12462 2.4
    endloop
  endfacet
  facet normal 0 0 1
    outer loop
      vertex 22.1873 -5.94507 2.4
      vertex 19.1253 -5.12462 2.4
      vertex 21.751 -7.38346 2.4
    endloop
  endfacet
  facet normal -0 0 1
    outer loop
      vertex 18.7492 -6.3645 2.4
      vertex 21.751 -7.38346 2.4
      vertex 19.1253 -5.12462 2.4
    endloop
  endfacet
  facet normal 0 0 1
    outer loop
      vertex 21.751 -7.38346 2.4
      vertex 18.7492 -6.3645 2.4
      vertex 21.2215 -8.79024 2.4
    endloop
  endfacet
  facet normal -0 0 1
    outer loop
      vertex 18.2928 -7.57713 2.4
      vertex 21.2215 -8.79024 2.4
      vertex 18.7492 -6.3645 2.4
    endloop
  endfacet
  facet normal 0 0 1
    outer loop
      vertex 21.2215 -8.79024 2.4
      vertex 18.2928 -7.57713 2.4
      vertex 20.6012 -10.1594 2.4
    endloop
  endfacet
  facet normal -0 0 1
    outer loop
      vertex 17.7581 -8.75732 2.4
      vertex 20.6012 -10.1594 2.4
      vertex 18.2928 -7.57713 2.4
    endloop
  endfacet
  facet normal 0 0 1
    outer loop
      vertex 20.6012 -10.1594 2.4
      vertex 17.7581 -8.75732 2.4
      vertex 19.8926 -11.485 2.4
    endloop
  endfacet
  facet normal -0 0 1
    outer loop
      vertex 17.1473 -9.9 2.4
      vertex 19.8926 -11.485 2.4
      vertex 17.7581 -8.75732 2.4
    endloop
  endfacet
  facet normal 0 0 1
    outer loop
      vertex 19.8926 -11.485 2.4
      vertex 17.1473 -9.9 2.4
      vertex 19.0989 -12.7614 2.4
    endloop
  endfacet
  facet normal -0 0 1
    outer loop
      vertex 16.4631 -11.0003 2.4
      vertex 19.0989 -12.7614 2.4
      vertex 17.1473 -9.9 2.4
    endloop
  endfacet
  facet normal 0 0 1
    outer loop
      vertex 19.0989 -12.7614 2.4
      vertex 16.4631 -11.0003 2.4
      vertex 18.2233 -13.9832 2.4
    endloop
  endfacet
  facet normal -0 0 1
    outer loop
      vertex 15.7084 -12.0535 2.4
      vertex 18.2233 -13.9832 2.4
      vertex 16.4631 -11.0003 2.4
    endloop
  endfacet
  facet normal 0 0 1
    outer loop
      vertex 18.2233 -13.9832 2.4
      vertex 15.7084 -12.0535 2.4
      vertex 17.2698 -15.1452 2.4
    endloop
  endfacet
  facet normal -0 0 1
    outer loop
      vertex 14.8864 -13.055 2.4
      vertex 17.2698 -15.1452 2.4
      vertex 15.7084 -12.0535 2.4
    endloop
  endfacet
  facet normal 0 0 1
    outer loop
      vertex 17.2698 -15.1452 2.4
      vertex 14.8864 -13.055 2.4
      vertex 16.2422 -16.2422 2.4
    endloop
  endfacet
  facet normal -0 0 1
    outer loop
      vertex 14.0007 -14.0007 2.4
      vertex 16.2422 -16.2422 2.4
      vertex 14.8864 -13.055 2.4
    endloop
  endfacet
  facet normal 0 0 1
    outer loop
      vertex 16.2422 -16.2422 2.4
      vertex 14.0007 -14.0007 2.4
      vertex 15.1452 -17.2698 2.4
    endloop
  endfacet
  facet normal -0 0 1
    outer loop
      vertex 13.055 -14.8864 2.4
      vertex 15.1452 -17.2698 2.4
      vertex 14.0007 -14.0007 2.4
    endloop
  endfacet
  facet normal 0 0 1
    outer loop
      vertex 15.1452 -17.2698 2.4
      vertex 13.055 -14.8864 2.4
      vertex 13.9832 -18.2233 2.4
    endloop
  endfacet
  facet normal -0 0 1
    outer loop
      vertex 12.0535 -15.7084 2.4
      vertex 13.9832 -18.2233 2.4
      vertex 13.055 -14.8864 2.4
    endloop
  endfacet
  facet normal 0 0 1
    outer loop
      vertex 13.9832 -18.2233 2.4
      vertex 12.0535 -15.7084 2.4
      vertex 12.7614 -19.0989 2.4
    endloop
  endfacet
  facet normal -0 0 1
    outer loop
      vertex 11.0003 -16.4631 2.4
      vertex 12.7614 -19.0989 2.4
      vertex 12.0535 -15.7084 2.4
    endloop
  endfacet
  facet normal 0 0 1
    outer loop
      vertex 12.7614 -19.0989 2.4
      vertex 11.0003 -16.4631 2.4
      vertex 11.485 -19.8926 2.4
    endloop
  endfacet
  facet normal -0 0 1
    outer loop
      vertex 9.9 -17.1473 2.4
      vertex 11.485 -19.8926 2.4
      vertex 11.0003 -16.4631 2.4
    endloop
  endfacet
  facet normal 0 0 1
    outer loop
      vertex 11.485 -19.8926 2.4
      vertex 9.9 -17.1473 2.4
      vertex 10.1594 -20.6012 2.4
    endloop
  endfacet
  facet normal -0 0 1
    outer loop
      vertex 8.75732 -17.7581 2.4
      vertex 10.1594 -20.6012 2.4
      vertex 9.9 -17.1473 2.4
    endloop
  endfacet
  facet normal 0 0 1
    outer loop
      vertex 10.1594 -20.6012 2.4
      vertex 8.75732 -17.7581 2.4
      vertex 8.79024 -21.2215 2.4
    endloop
  endfacet
  facet normal -0 0 1
    outer loop
      vertex 7.57713 -18.2928 2.4
      vertex 8.79024 -21.2215 2.4
      vertex 8.75732 -17.7581 2.4
    endloop
  endfacet
  facet normal 0 0 1
    outer loop
      vertex 7.57713 -18.2928 2.4
      vertex 7.38346 -21.751 2.4
      vertex 8.79024 -21.2215 2.4
    endloop
  endfacet
  facet normal -0 0 1
    outer loop
      vertex 6.3645 -18.7492 2.4
      vertex 7.38346 -21.751 2.4
      vertex 7.57713 -18.2928 2.4
    endloop
  endfacet
  facet normal 0 0 1
    outer loop
      vertex 6.3645 -18.7492 2.4
      vertex 5.94507 -22.1873 2.4
      vertex 7.38346 -21.751 2.4
    endloop
  endfacet
  facet normal -0 0 1
    outer loop
      vertex 5.12462 -19.1253 2.4
      vertex 5.94507 -22.1873 2.4
      vertex 6.3645 -18.7492 2.4
    endloop
  endfacet
  facet normal 0 0 1
    outer loop
      vertex 5.12462 -19.1253 2.4
      vertex 4.48122 -22.5286 2.4
      vertex 5.94507 -22.1873 2.4
    endloop
  endfacet
  facet normal -0 0 1
    outer loop
      vertex 3.86279 -19.4195 2.4
      vertex 4.48122 -22.5286 2.4
      vertex 5.12462 -19.1253 2.4
    endloop
  endfacet
  facet normal 0 0 1
    outer loop
      vertex 3.86279 -19.4195 2.4
      vertex 2.99819 -22.7735 2.4
      vertex 4.48122 -22.5286 2.4
    endloop
  endfacet
  facet normal -0 0 1
    outer loop
      vertex 2.58442 -19.6306 2.4
      vertex 2.99819 -22.7735 2.4
      vertex 3.86279 -19.4195 2.4
    endloop
  endfacet
  facet normal -0 0 1
    outer loop
      vertex 1.6 -21.75 2.4
      vertex 2.99819 -22.7735 2.4
      vertex 2.58442 -19.6306 2.4
    endloop
  endfacet
  facet normal 0 0 1
    outer loop
      vertex 2.99819 -22.7735 2.4
      vertex 1.6 -21.75 2.4
      vertex 1.6 -22.9112 2.4
    endloop
  endfacet
  facet normal -0.227062 -0.97388 0
    outer loop
      vertex 4.48122 22.5286 2.4
      vertex 5.94507 22.1873 3.9
      vertex 4.48122 22.5286 3.9
    endloop
  endfacet
  facet normal -0.227062 -0.97388 -0
    outer loop
      vertex 5.94507 22.1873 3.9
      vertex 4.48122 22.5286 2.4
      vertex 5.94507 22.1873 2.4
    endloop
  endfacet
  facet normal 0 0 1
    outer loop
      vertex 1.6 -21.75 0.9
      vertex 1.55885 -33.37 0.9
      vertex 1.6 -33.4694 0.9
    endloop
  endfacet
  facet normal 0 0 1
    outer loop
      vertex 1.6 -21.75 0.9
      vertex 1.27279 -32.9972 0.9
      vertex 1.55885 -33.37 0.9
    endloop
  endfacet
  facet normal 0 0 1
    outer loop
      vertex 1.6 -21.75 0.9
      vertex 0.9 -32.7112 0.9
      vertex 1.27279 -32.9972 0.9
    endloop
  endfacet
  facet normal 0 0 1
    outer loop
      vertex 1.6 -21.75 0.9
      vertex 0.465874 -32.5313 0.9
      vertex 0.9 -32.7112 0.9
    endloop
  endfacet
  facet normal 0 0 1
    outer loop
      vertex 1.6 -21.75 0.9
      vertex 0 -32.47 0.9
      vertex 0.465874 -32.5313 0.9
    endloop
  endfacet
  facet normal -0 0 1
    outer loop
      vertex -1.6 -21.75 0.9
      vertex 0 -32.47 0.9
      vertex 1.6 -21.75 0.9
    endloop
  endfacet
  facet normal 0 0 1
    outer loop
      vertex 0 -32.47 0.9
      vertex -1.6 -21.75 0.9
      vertex -0.465874 -32.5313 0.9
    endloop
  endfacet
  facet normal 0 0 1
    outer loop
      vertex -0.465874 -32.5313 0.9
      vertex -1.6 -21.75 0.9
      vertex -0.9 -32.7112 0.9
    endloop
  endfacet
  facet normal 0 0 1
    outer loop
      vertex -0.9 -32.7112 0.9
      vertex -1.6 -21.75 0.9
      vertex -1.27279 -32.9972 0.9
    endloop
  endfacet
  facet normal 0 0 1
    outer loop
      vertex -1.27279 -32.9972 0.9
      vertex -1.6 -21.75 0.9
      vertex -1.55885 -33.37 0.9
    endloop
  endfacet
  facet normal 0 0 1
    outer loop
      vertex -1.55885 -33.37 0.9
      vertex -1.6 -21.75 0.9
      vertex -1.6 -33.4694 0.9
    endloop
  endfacet
  facet normal -0 0 1
    outer loop
      vertex 1.55885 -35.17 0.9
      vertex 1.6 -38.4476 0.9
      vertex 1.6 -35.0706 0.9
    endloop
  endfacet
  facet normal -0 0 1
    outer loop
      vertex 1.27279 -35.5428 0.9
      vertex 1.6 -38.4476 0.9
      vertex 1.55885 -35.17 0.9
    endloop
  endfacet
  facet normal -0 0 1
    outer loop
      vertex 0.9 -35.8288 0.9
      vertex 1.6 -38.4476 0.9
      vertex 1.27279 -35.5428 0.9
    endloop
  endfacet
  facet normal -0 0 1
    outer loop
      vertex 0.465874 -36.0087 0.9
      vertex 1.6 -38.4476 0.9
      vertex 0.9 -35.8288 0.9
    endloop
  endfacet
  facet normal 0 0 1
    outer loop
      vertex 0 -38.5 0.9
      vertex 0.465874 -36.0087 0.9
      vertex 0 -36.07 0.9
    endloop
  endfacet
  facet normal 0 0 1
    outer loop
      vertex 0.465874 -36.0087 0.9
      vertex 0 -38.5 0.9
      vertex 1.6 -38.4476 0.9
    endloop
  endfacet
  facet normal 0 0 1
    outer loop
      vertex -0.465874 -36.0087 0.9
      vertex 0 -38.5 0.9
      vertex 0 -36.07 0.9
    endloop
  endfacet
  facet normal 0 0 1
    outer loop
      vertex -1.6 -38.4476 0.9
      vertex -0.465874 -36.0087 0.9
      vertex -0.9 -35.8288 0.9
    endloop
  endfacet
  facet normal 0 0 1
    outer loop
      vertex -1.6 -38.4476 0.9
      vertex -0.9 -35.8288 0.9
      vertex -1.27279 -35.5428 0.9
    endloop
  endfacet
  facet normal 0 0 1
    outer loop
      vertex -1.6 -38.4476 0.9
      vertex -1.27279 -35.5428 0.9
      vertex -1.55885 -35.17 0.9
    endloop
  endfacet
  facet normal 0 0 1
    outer loop
      vertex -0.465874 -36.0087 0.9
      vertex -1.6 -38.4476 0.9
      vertex 0 -38.5 0.9
    endloop
  endfacet
  facet normal 0 0 1
    outer loop
      vertex -1.6 -38.4476 0.9
      vertex -1.55885 -35.17 0.9
      vertex -1.6 -35.0706 0.9
    endloop
  endfacet
  facet normal 0 -1 0
    outer loop
      vertex -1.6 -21.75 0.9
      vertex 1.6 -21.75 2.4
      vertex -1.6 -21.75 2.4
    endloop
  endfacet
  facet normal 0 -1 -0
    outer loop
      vertex 1.6 -21.75 2.4
      vertex -1.6 -21.75 0.9
      vertex 1.6 -21.75 0.9
    endloop
  endfacet
  facet normal -1 0 0
    outer loop
      vertex 1.6 -21.75 0.9
      vertex 1.6 -22.9112 2.4
      vertex 1.6 -21.75 2.4
    endloop
  endfacet
  facet normal -1 0 0
    outer loop
      vertex 1.6 -33.4694 0.9
      vertex 1.6 -22.9112 2.4
      vertex 1.6 -21.75 0.9
    endloop
  endfacet
  facet normal -1 0 0
    outer loop
      vertex 1.6 -33.4694 3.9
      vertex 1.6 -22.9112 2.4
      vertex 1.6 -33.4694 0.9
    endloop
  endfacet
  facet normal -1 0 0
    outer loop
      vertex 1.6 -22.9112 2.4
      vertex 1.6 -33.4694 3.9
      vertex 1.6 -22.9112 3.9
    endloop
  endfacet
  facet normal -1 0 0
    outer loop
      vertex 1.6 -38.4476 0.9
      vertex 1.6 -35.0706 3.9
      vertex 1.6 -35.0706 0.9
    endloop
  endfacet
  facet normal -1 -0 0
    outer loop
      vertex 1.6 -35.0706 3.9
      vertex 1.6 -38.4476 0.9
      vertex 1.6 -38.4476 3.9
    endloop
  endfacet
  facet normal 1 0 0
    outer loop
      vertex -1.6 -22.9112 3.9
      vertex -1.6 -33.4694 3.9
      vertex -1.6 -22.9112 2.4
    endloop
  endfacet
  facet normal 1 -0 0
    outer loop
      vertex -1.6 -22.9112 2.4
      vertex -1.6 -21.75 0.9
      vertex -1.6 -21.75 2.4
    endloop
  endfacet
  facet normal 1 0 0
    outer loop
      vertex -1.6 -33.4694 0.9
      vertex -1.6 -22.9112 2.4
      vertex -1.6 -33.4694 3.9
    endloop
  endfacet
  facet normal 1 0 0
    outer loop
      vertex -1.6 -22.9112 2.4
      vertex -1.6 -33.4694 0.9
      vertex -1.6 -21.75 0.9
    endloop
  endfacet
  facet normal 1 -0 0
    outer loop
      vertex -1.6 -38.4476 3.9
      vertex -1.6 -35.0706 0.9
      vertex -1.6 -35.0706 3.9
    endloop
  endfacet
  facet normal 1 0 0
    outer loop
      vertex -1.6 -35.0706 0.9
      vertex -1.6 -38.4476 3.9
      vertex -1.6 -38.4476 0.9
    endloop
  endfacet
endsolid OpenSCAD_Model
