solid OpenSCAD_Model
  facet normal -0.22494 -0.974373 0
    outer loop
      vertex 37.4933 -8.65599 4.1
      vertex 37.0156 -8.54571 5.0132
      vertex 37.0156 -8.54571 4.1
    endloop
  endfacet
  facet normal -0.22496 -0.974368 -1.09093e-05
    outer loop
      vertex 37.4933 -8.65599 4.1
      vertex 39.9379 -9.22037 2.01405
      vertex 37.0156 -8.54571 5.0132
    endloop
  endfacet
  facet normal -0.224951 -0.97437 0
    outer loop
      vertex 37.4933 -8.65599 0
      vertex 39.9379 -9.22037 2.01405
      vertex 37.4933 -8.65599 4.1
    endloop
  endfacet
  facet normal -0.224951 -0.97437 -0
    outer loop
      vertex 39.9379 -9.22037 2.01405
      vertex 37.4933 -8.65599 0
      vertex 39.9379 -9.22037 0
    endloop
  endfacet
  facet normal -0.22496 0.974368 -1.09093e-05
    outer loop
      vertex 39.9379 9.22037 2.01405
      vertex 37.4933 8.65599 4.1
      vertex 37.0156 8.54571 5.0132
    endloop
  endfacet
  facet normal -0.224951 0.97437 0
    outer loop
      vertex 37.4933 8.65599 0
      vertex 39.9379 9.22037 2.01405
      vertex 39.9379 9.22037 0
    endloop
  endfacet
  facet normal -0.224951 0.97437 0
    outer loop
      vertex 39.9379 9.22037 2.01405
      vertex 37.4933 8.65599 0
      vertex 37.4933 8.65599 4.1
    endloop
  endfacet
  facet normal -0.22494 0.974373 0
    outer loop
      vertex 37.0156 8.54571 5.0132
      vertex 37.4933 8.65599 4.1
      vertex 37.0156 8.54571 4.1
    endloop
  endfacet
  facet normal 0.933579 0.358372 -0
    outer loop
      vertex -13.7901 35.9244 0
      vertex -14.6887 38.2653 2.01473
      vertex -13.7901 35.9244 4.1
    endloop
  endfacet
  facet normal 0.933581 0.358367 -7.25037e-06
    outer loop
      vertex -13.6139 35.4654 5.01383
      vertex -13.7901 35.9244 4.1
      vertex -14.6887 38.2653 2.01473
    endloop
  endfacet
  facet normal 0.933576 0.358379 0
    outer loop
      vertex -13.7901 35.9244 4.1
      vertex -13.6139 35.4654 5.01383
      vertex -13.6139 35.4654 4.1
    endloop
  endfacet
  facet normal 0.933579 0.358372 0
    outer loop
      vertex -14.6887 38.2653 2.01473
      vertex -13.7901 35.9244 0
      vertex -14.6887 38.2653 0
    endloop
  endfacet
  facet normal -0.777157 -0.629307 0
    outer loop
      vertex -24.2164 29.9047 0
      vertex -25.7985 31.8585 2.00814
      vertex -25.7985 31.8585 0
    endloop
  endfacet
  facet normal -0.777157 -0.629307 -0
    outer loop
      vertex -24.2164 29.9047 4.1
      vertex -25.7985 31.8585 2.00814
      vertex -24.2164 29.9047 0
    endloop
  endfacet
  facet normal -0.777221 -0.629228 0.000122356
    outer loop
      vertex -24.2164 29.9047 4.1
      vertex -23.9108 29.5274 5.00773
      vertex -25.7985 31.8585 2.00814
    endloop
  endfacet
  facet normal -0.777077 -0.629406 -0
    outer loop
      vertex -23.9108 29.5274 5.00773
      vertex -24.2164 29.9047 4.1
      vertex -23.9108 29.5274 4.1
    endloop
  endfacet
  facet normal -0.777157 0.629307 0
    outer loop
      vertex -25.7985 -31.8585 2.00814
      vertex -24.2164 -29.9047 0
      vertex -25.7985 -31.8585 0
    endloop
  endfacet
  facet normal -0.777077 0.629406 0
    outer loop
      vertex -24.2164 -29.9047 4.1
      vertex -23.9108 -29.5274 5.00773
      vertex -23.9108 -29.5274 4.1
    endloop
  endfacet
  facet normal -0.777157 0.629307 0
    outer loop
      vertex -24.2164 -29.9047 0
      vertex -25.7985 -31.8585 2.00814
      vertex -24.2164 -29.9047 4.1
    endloop
  endfacet
  facet normal -0.777221 0.629228 0.000122356
    outer loop
      vertex -24.2164 -29.9047 4.1
      vertex -25.7985 -31.8585 2.00814
      vertex -23.9108 -29.5274 5.00773
    endloop
  endfacet
  facet normal 0.933576 -0.358379 0
    outer loop
      vertex -13.6139 -35.4654 5.01383
      vertex -13.7901 -35.9244 4.1
      vertex -13.6139 -35.4654 4.1
    endloop
  endfacet
  facet normal 0.933581 -0.358367 -7.25037e-06
    outer loop
      vertex -14.6887 -38.2653 2.01473
      vertex -13.7901 -35.9244 4.1
      vertex -13.6139 -35.4654 5.01383
    endloop
  endfacet
  facet normal 0.933579 -0.358372 0
    outer loop
      vertex -14.6887 -38.2653 2.01473
      vertex -13.7901 -35.9244 0
      vertex -13.7901 -35.9244 4.1
    endloop
  endfacet
  facet normal 0.933579 -0.358372 0
    outer loop
      vertex -13.7901 -35.9244 0
      vertex -14.6887 -38.2653 2.01473
      vertex -14.6887 -38.2653 0
    endloop
  endfacet
  facet normal 0 0 -1
    outer loop
      vertex -38.4176 2.51802 0
      vertex -27.8303 1.82409 0
      vertex -27.8896 0.0115101 0
    endloop
  endfacet
  facet normal 0 0 -1
    outer loop
      vertex -38.5 0 0
      vertex -27.8896 0.0115101 0
      vertex -27.89 0 0
    endloop
  endfacet
  facet normal 0 0 -1
    outer loop
      vertex -27.8303 1.82409 0
      vertex -27.94 16.6691 0
      vertex -27.8787 17.135 0
    endloop
  endfacet
  facet normal 0 0 -1
    outer loop
      vertex -27.8787 17.135 0
      vertex -24.1534 13.945 0
      vertex -25.0084 12.3456 0
    endloop
  endfacet
  facet normal 0 0 -1
    outer loop
      vertex -27.8787 17.135 0
      vertex -25.0084 12.3456 0
      vertex -25.0138 12.3354 0
    endloop
  endfacet
  facet normal 0 0 -1
    outer loop
      vertex -27.8787 17.135 0
      vertex -25.0138 12.3354 0
      vertex -25.0185 12.3249 0
    endloop
  endfacet
  facet normal 0 0 -1
    outer loop
      vertex -28.1198 18.035 0
      vertex -24.1534 13.945 0
      vertex -27.94 17.6009 0
    endloop
  endfacet
  facet normal 0 0 -1
    outer loop
      vertex -27.8787 17.135 0
      vertex -25.0185 12.3249 0
      vertex -25.767 10.673 0
    endloop
  endfacet
  facet normal 0 0 -1
    outer loop
      vertex -27.8787 17.135 0
      vertex -25.767 10.673 0
      vertex -25.7711 10.6623 0
    endloop
  endfacet
  facet normal 0 0 -1
    outer loop
      vertex -27.8787 17.135 0
      vertex -25.7711 10.6623 0
      vertex -26.4099 8.96495 0
    endloop
  endfacet
  facet normal 0 0 -1
    outer loop
      vertex -27.8787 17.135 0
      vertex -26.4099 8.96495 0
      vertex -26.9363 7.22948 0
    endloop
  endfacet
  facet normal 0 0 -1
    outer loop
      vertex -27.8787 17.135 0
      vertex -26.9363 7.22948 0
      vertex -26.9397 7.21846 0
    endloop
  endfacet
  facet normal 0 0 -1
    outer loop
      vertex -24.1534 13.945 0
      vertex -27.8787 17.135 0
      vertex -27.94 17.6009 0
    endloop
  endfacet
  facet normal 0 0 -1
    outer loop
      vertex -27.8787 17.135 0
      vertex -26.9397 7.21846 0
      vertex -27.3515 5.45228 0
    endloop
  endfacet
  facet normal 0 0 -1
    outer loop
      vertex -27.8787 17.135 0
      vertex -27.3515 5.45228 0
      vertex -27.3541 5.44107 0
    endloop
  endfacet
  facet normal 0 0 -1
    outer loop
      vertex -27.8787 17.135 0
      vertex -27.3541 5.44107 0
      vertex -27.356 5.42971 0
    endloop
  endfacet
  facet normal 0 0 -1
    outer loop
      vertex -27.8787 17.135 0
      vertex -27.356 5.42971 0
      vertex -27.6514 3.64038 0
    endloop
  endfacet
  facet normal 0 0 -1
    outer loop
      vertex -27.8787 17.135 0
      vertex -27.6514 3.64038 0
      vertex -27.6525 3.62891 0
    endloop
  endfacet
  facet normal 0 0 -1
    outer loop
      vertex -27.8787 17.135 0
      vertex -27.6525 3.62891 0
      vertex -27.8303 1.82409 0
    endloop
  endfacet
  facet normal 0 0 -1
    outer loop
      vertex -24.1534 13.945 0
      vertex -25.3848 28.9458 0
      vertex -24.2164 29.9047 0
    endloop
  endfacet
  facet normal 0 0 -1
    outer loop
      vertex -24.1534 13.945 0
      vertex -28.1198 18.035 0
      vertex -25.3848 28.9458 0
    endloop
  endfacet
  facet normal 0 0 -1
    outer loop
      vertex -25.3848 28.9458 0
      vertex -28.1198 18.035 0
      vertex -27.2236 27.2236 0
    endloop
  endfacet
  facet normal 0 0 -1
    outer loop
      vertex -28.4059 18.4078 0
      vertex -27.2236 27.2236 0
      vertex -28.1198 18.035 0
    endloop
  endfacet
  facet normal 0 0 -1
    outer loop
      vertex -28.9458 25.3848 0
      vertex -28.4059 18.4078 0
      vertex -28.7787 18.6938 0
    endloop
  endfacet
  facet normal 0 0 -1
    outer loop
      vertex -28.4059 18.4078 0
      vertex -28.9458 25.3848 0
      vertex -27.2236 27.2236 0
    endloop
  endfacet
  facet normal 0 0 -1
    outer loop
      vertex -30.5441 23.4373 0
      vertex -28.7787 18.6938 0
      vertex -29.2128 18.8737 0
    endloop
  endfacet
  facet normal 0 0 -1
    outer loop
      vertex -30.5441 23.4373 0
      vertex -29.2128 18.8737 0
      vertex -29.6787 18.935 0
    endloop
  endfacet
  facet normal 0 0 -1
    outer loop
      vertex -32.0116 21.3895 0
      vertex -29.6787 18.935 0
      vertex -30.1446 18.8737 0
    endloop
  endfacet
  facet normal 0 0 -1
    outer loop
      vertex -28.7787 18.6938 0
      vertex -30.5441 23.4373 0
      vertex -28.9458 25.3848 0
    endloop
  endfacet
  facet normal 0 0 -1
    outer loop
      vertex -32.0116 21.3895 0
      vertex -30.1446 18.8737 0
      vertex -30.5787 18.6938 0
    endloop
  endfacet
  facet normal 0 0 -1
    outer loop
      vertex -32.0116 21.3895 0
      vertex -30.5787 18.6938 0
      vertex -30.9515 18.4078 0
    endloop
  endfacet
  facet normal 0 0 -1
    outer loop
      vertex -33.342 19.25 0
      vertex -30.9515 18.4078 0
      vertex -31.2375 18.035 0
    endloop
  endfacet
  facet normal 0 0 -1
    outer loop
      vertex -33.342 19.25 0
      vertex -31.2375 18.035 0
      vertex -31.4174 17.6009 0
    endloop
  endfacet
  facet normal 0 0 -1
    outer loop
      vertex -29.6787 18.935 0
      vertex -32.0116 21.3895 0
      vertex -30.5441 23.4373 0
    endloop
  endfacet
  facet normal 0 0 -1
    outer loop
      vertex -34.5296 17.0281 0
      vertex -31.4174 17.6009 0
      vertex -31.4787 17.135 0
    endloop
  endfacet
  facet normal -0 0 -1
    outer loop
      vertex -27.6514 -3.64038 0
      vertex -38.1706 -5.02526 0
      vertex -27.6525 -3.62891 0
    endloop
  endfacet
  facet normal -0 0 -1
    outer loop
      vertex -27.6525 -3.62891 0
      vertex -38.1706 -5.02526 0
      vertex -27.8303 -1.82409 0
    endloop
  endfacet
  facet normal 0 0 -1
    outer loop
      vertex -30.9515 18.4078 0
      vertex -33.342 19.25 0
      vertex -32.0116 21.3895 0
    endloop
  endfacet
  facet normal 0 0 -1
    outer loop
      vertex -38.4176 -2.51802 0
      vertex -27.8303 -1.82409 0
      vertex -38.1706 -5.02526 0
    endloop
  endfacet
  facet normal -0 0 -1
    outer loop
      vertex -31.4174 17.6009 0
      vertex -34.5296 17.0281 0
      vertex -33.342 19.25 0
    endloop
  endfacet
  facet normal -0 0 -1
    outer loop
      vertex -27.8303 -1.82409 0
      vertex -38.4176 -2.51802 0
      vertex -27.8896 -0.0115101 0
    endloop
  endfacet
  facet normal 0 0 -1
    outer loop
      vertex -31.4174 16.6691 0
      vertex -34.5296 17.0281 0
      vertex -31.4787 17.135 0
    endloop
  endfacet
  facet normal 0 0 -1
    outer loop
      vertex -38.5 0 0
      vertex -27.8896 -0.0115101 0
      vertex -38.4176 -2.51802 0
    endloop
  endfacet
  facet normal 0 0 -1
    outer loop
      vertex -31.2375 16.235 0
      vertex -34.5296 17.0281 0
      vertex -31.4174 16.6691 0
    endloop
  endfacet
  facet normal 0 0 -1
    outer loop
      vertex -27.8896 -0.0115101 0
      vertex -38.5 0 0
      vertex -27.89 0 0
    endloop
  endfacet
  facet normal 0 -0 -1
    outer loop
      vertex -34.5296 17.0281 0
      vertex -31.2375 16.235 0
      vertex -35.5694 14.7333 0
    endloop
  endfacet
  facet normal -0 0 -1
    outer loop
      vertex -27.8896 0.0115101 0
      vertex -38.5 0 0
      vertex -38.4176 2.51802 0
    endloop
  endfacet
  facet normal 0 -0 -1
    outer loop
      vertex -35.5694 14.7333 0
      vertex -31.2375 16.235 0
      vertex -36.4568 12.3754 0
    endloop
  endfacet
  facet normal 0 0 -1
    outer loop
      vertex -27.8303 1.82409 0
      vertex -38.4176 2.51802 0
      vertex -38.1706 5.02526 0
    endloop
  endfacet
  facet normal 0 -0 -1
    outer loop
      vertex -36.4568 12.3754 0
      vertex -31.2375 16.235 0
      vertex -37.1881 9.96453 0
    endloop
  endfacet
  facet normal 0 0 -1
    outer loop
      vertex -27.8303 1.82409 0
      vertex -38.1706 5.02526 0
      vertex -37.7602 7.51098 0
    endloop
  endfacet
  facet normal 0 0 -1
    outer loop
      vertex -27.8303 1.82409 0
      vertex -37.1881 9.96453 0
      vertex -31.2375 16.235 0
    endloop
  endfacet
  facet normal 0 0 -1
    outer loop
      vertex -27.8303 1.82409 0
      vertex -37.7602 7.51098 0
      vertex -37.1881 9.96453 0
    endloop
  endfacet
  facet normal 0 0 -1
    outer loop
      vertex 1.27279 -32.9972 0
      vertex 3.64038 -27.6514 0
      vertex 1.55885 -33.37 0
    endloop
  endfacet
  facet normal 0 0 -1
    outer loop
      vertex 3.64038 -27.6514 0
      vertex 1.27279 -32.9972 0
      vertex 3.62891 -27.6525 0
    endloop
  endfacet
  facet normal 0 0 -1
    outer loop
      vertex 3.62891 -27.6525 0
      vertex 1.27279 -32.9972 0
      vertex 1.82409 -27.8303 0
    endloop
  endfacet
  facet normal 0 0 -1
    outer loop
      vertex 0.9 -32.7112 0
      vertex 1.82409 -27.8303 0
      vertex 1.27279 -32.9972 0
    endloop
  endfacet
  facet normal 0 0 -1
    outer loop
      vertex 0.465874 -32.5313 0
      vertex 1.82409 -27.8303 0
      vertex 0.9 -32.7112 0
    endloop
  endfacet
  facet normal 0 0 -1
    outer loop
      vertex 0.465874 -32.5313 0
      vertex 0.0115101 -27.8896 0
      vertex 1.82409 -27.8303 0
    endloop
  endfacet
  facet normal 0 0 -1
    outer loop
      vertex 0 -32.47 0
      vertex 0.0115101 -27.8896 0
      vertex 0.465874 -32.5313 0
    endloop
  endfacet
  facet normal 0 0 -1
    outer loop
      vertex 0 -32.47 0
      vertex 0 -27.89 0
      vertex 0.0115101 -27.8896 0
    endloop
  endfacet
  facet normal 0 0 -1
    outer loop
      vertex 0 -32.47 0
      vertex -0.0115101 -27.8896 0
      vertex 0 -27.89 0
    endloop
  endfacet
  facet normal 0 0 -1
    outer loop
      vertex -0.465874 -32.5313 0
      vertex -0.0115101 -27.8896 0
      vertex 0 -32.47 0
    endloop
  endfacet
  facet normal 0 0 -1
    outer loop
      vertex -1.82409 -27.8303 0
      vertex -0.465874 -32.5313 0
      vertex -0.9 -32.7112 0
    endloop
  endfacet
  facet normal 0 0 -1
    outer loop
      vertex -1.82409 -27.8303 0
      vertex -0.9 -32.7112 0
      vertex -1.27279 -32.9972 0
    endloop
  endfacet
  facet normal 0 0 -1
    outer loop
      vertex -3.64038 -27.6514 0
      vertex -1.27279 -32.9972 0
      vertex -1.55885 -33.37 0
    endloop
  endfacet
  facet normal 0 0 -1
    outer loop
      vertex -5.42971 -27.356 0
      vertex -1.55885 -33.37 0
      vertex -1.73867 -33.8041 0
    endloop
  endfacet
  facet normal 0 0 -1
    outer loop
      vertex -0.465874 -32.5313 0
      vertex -1.82409 -27.8303 0
      vertex -0.0115101 -27.8896 0
    endloop
  endfacet
  facet normal 0 0 -1
    outer loop
      vertex -7.51098 -37.7602 0
      vertex -1.73867 -33.8041 0
      vertex -1.8 -34.27 0
    endloop
  endfacet
  facet normal -0 0 -1
    outer loop
      vertex -22.1266 -16.9784 0
      vertex -30.5441 -23.4373 0
      vertex -23.183 -15.5042 0
    endloop
  endfacet
  facet normal 0 0 -1
    outer loop
      vertex -32.0116 -21.3895 0
      vertex -23.183 -15.5042 0
      vertex -30.5441 -23.4373 0
    endloop
  endfacet
  facet normal -0 0 -1
    outer loop
      vertex -23.183 -15.5042 0
      vertex -32.0116 -21.3895 0
      vertex -23.1897 -15.4949 0
    endloop
  endfacet
  facet normal -0 0 -1
    outer loop
      vertex -23.1897 -15.4949 0
      vertex -32.0116 -21.3895 0
      vertex -23.1958 -15.4851 0
    endloop
  endfacet
  facet normal -0 0 -1
    outer loop
      vertex -23.1958 -15.4851 0
      vertex -32.0116 -21.3895 0
      vertex -24.1534 -13.945 0
    endloop
  endfacet
  facet normal 0 0 -1
    outer loop
      vertex -33.342 -19.25 0
      vertex -24.1534 -13.945 0
      vertex -32.0116 -21.3895 0
    endloop
  endfacet
  facet normal -0 0 -1
    outer loop
      vertex -24.1534 -13.945 0
      vertex -33.342 -19.25 0
      vertex -25.0084 -12.3456 0
    endloop
  endfacet
  facet normal 0 0 -1
    outer loop
      vertex -34.5296 -17.0281 0
      vertex -25.0084 -12.3456 0
      vertex -33.342 -19.25 0
    endloop
  endfacet
  facet normal -0 0 -1
    outer loop
      vertex -25.0084 -12.3456 0
      vertex -34.5296 -17.0281 0
      vertex -25.0138 -12.3354 0
    endloop
  endfacet
  facet normal -0 0 -1
    outer loop
      vertex -25.0138 -12.3354 0
      vertex -34.5296 -17.0281 0
      vertex -25.0185 -12.3249 0
    endloop
  endfacet
  facet normal -0 0 -1
    outer loop
      vertex -25.0185 -12.3249 0
      vertex -34.5296 -17.0281 0
      vertex -25.767 -10.673 0
    endloop
  endfacet
  facet normal 0 0 -1
    outer loop
      vertex -35.5694 -14.7333 0
      vertex -25.767 -10.673 0
      vertex -34.5296 -17.0281 0
    endloop
  endfacet
  facet normal -0 0 -1
    outer loop
      vertex -25.767 -10.673 0
      vertex -35.5694 -14.7333 0
      vertex -25.7711 -10.6623 0
    endloop
  endfacet
  facet normal -0 0 -1
    outer loop
      vertex -25.7711 -10.6623 0
      vertex -35.5694 -14.7333 0
      vertex -26.4099 -8.96495 0
    endloop
  endfacet
  facet normal 0 0 -1
    outer loop
      vertex -36.4568 -12.3754 0
      vertex -26.4099 -8.96495 0
      vertex -35.5694 -14.7333 0
    endloop
  endfacet
  facet normal -0 0 -1
    outer loop
      vertex -26.4099 -8.96495 0
      vertex -36.4568 -12.3754 0
      vertex -26.9363 -7.22948 0
    endloop
  endfacet
  facet normal 0 0 -1
    outer loop
      vertex -37.1881 -9.96453 0
      vertex -26.9363 -7.22948 0
      vertex -36.4568 -12.3754 0
    endloop
  endfacet
  facet normal -0 0 -1
    outer loop
      vertex -26.9363 -7.22948 0
      vertex -37.1881 -9.96453 0
      vertex -26.9397 -7.21846 0
    endloop
  endfacet
  facet normal 0 0 -1
    outer loop
      vertex -27.8303 1.82409 0
      vertex -28.1198 16.235 0
      vertex -27.94 16.6691 0
    endloop
  endfacet
  facet normal 0 0 -1
    outer loop
      vertex -27.8303 1.82409 0
      vertex -28.4059 15.8622 0
      vertex -28.1198 16.235 0
    endloop
  endfacet
  facet normal -0 0 -1
    outer loop
      vertex -26.9397 -7.21846 0
      vertex -37.1881 -9.96453 0
      vertex -27.3515 -5.45228 0
    endloop
  endfacet
  facet normal 0 0 -1
    outer loop
      vertex -37.7602 -7.51098 0
      vertex -27.3515 -5.45228 0
      vertex -37.1881 -9.96453 0
    endloop
  endfacet
  facet normal -0 0 -1
    outer loop
      vertex -27.3515 -5.45228 0
      vertex -37.7602 -7.51098 0
      vertex -27.3541 -5.44107 0
    endloop
  endfacet
  facet normal -0 0 -1
    outer loop
      vertex -27.3541 -5.44107 0
      vertex -37.7602 -7.51098 0
      vertex -27.356 -5.42971 0
    endloop
  endfacet
  facet normal 0 0 -1
    outer loop
      vertex -27.8303 1.82409 0
      vertex -28.7787 15.5762 0
      vertex -28.4059 15.8622 0
    endloop
  endfacet
  facet normal 0 0 -1
    outer loop
      vertex -27.8303 1.82409 0
      vertex -29.2128 15.3963 0
      vertex -28.7787 15.5762 0
    endloop
  endfacet
  facet normal 0 0 -1
    outer loop
      vertex -27.8303 1.82409 0
      vertex -29.6787 15.335 0
      vertex -29.2128 15.3963 0
    endloop
  endfacet
  facet normal 0 0 -1
    outer loop
      vertex -27.8303 1.82409 0
      vertex -30.1446 15.3963 0
      vertex -29.6787 15.335 0
    endloop
  endfacet
  facet normal 0 0 -1
    outer loop
      vertex -27.8303 1.82409 0
      vertex -30.5787 15.5762 0
      vertex -30.1446 15.3963 0
    endloop
  endfacet
  facet normal 0 0 -1
    outer loop
      vertex -27.8303 1.82409 0
      vertex -30.9515 15.8622 0
      vertex -30.5787 15.5762 0
    endloop
  endfacet
  facet normal 0 0 -1
    outer loop
      vertex -27.8303 1.82409 0
      vertex -31.2375 16.235 0
      vertex -30.9515 15.8622 0
    endloop
  endfacet
  facet normal -0 0 -1
    outer loop
      vertex -27.356 -5.42971 0
      vertex -37.7602 -7.51098 0
      vertex -27.6514 -3.64038 0
    endloop
  endfacet
  facet normal 0 0 -1
    outer loop
      vertex -38.1706 -5.02526 0
      vertex -27.6514 -3.64038 0
      vertex -37.7602 -7.51098 0
    endloop
  endfacet
  facet normal 0 0 -1
    outer loop
      vertex 27.8896 -0.0115101 0
      vertex 41 0 0
      vertex 40.9506 -2.01177 0
    endloop
  endfacet
  facet normal 0 0 -1
    outer loop
      vertex 27.8303 -1.82409 0
      vertex 40.9506 -2.01177 0
      vertex 40.8026 -4.0187 0
    endloop
  endfacet
  facet normal -0 0 -1
    outer loop
      vertex 41 0 0
      vertex 27.8896 -0.0115101 0
      vertex 27.89 0 0
    endloop
  endfacet
  facet normal 0 0 -1
    outer loop
      vertex 37.4933 -8.65599 0
      vertex 40.8026 -4.0187 0
      vertex 40.5562 -6.01595 0
    endloop
  endfacet
  facet normal 0 0 -1
    outer loop
      vertex 27.8896 0.0115101 0
      vertex 41 0 0
      vertex 27.89 0 0
    endloop
  endfacet
  facet normal 0 0 -1
    outer loop
      vertex 37.4933 -8.65599 0
      vertex 40.5562 -6.01595 0
      vertex 40.2122 -7.9987 0
    endloop
  endfacet
  facet normal -0 0 -1
    outer loop
      vertex 40.8026 -4.0187 0
      vertex 37.4933 -8.65599 0
      vertex 27.8303 -1.82409 0
    endloop
  endfacet
  facet normal 0 0 -1
    outer loop
      vertex 37.4933 -8.65599 0
      vertex 40.2122 -7.9987 0
      vertex 39.9379 -9.22037 0
    endloop
  endfacet
  facet normal 0 0 -1
    outer loop
      vertex 41 0 0
      vertex 27.8896 0.0115101 0
      vertex 40.9506 2.01177 0
    endloop
  endfacet
  facet normal 0 0 -1
    outer loop
      vertex 40.5562 6.01595 0
      vertex 37.4933 8.65599 0
      vertex 40.2122 7.9987 0
    endloop
  endfacet
  facet normal 0 0 -1
    outer loop
      vertex 40.2122 7.9987 0
      vertex 37.4933 8.65599 0
      vertex 39.9379 9.22037 0
    endloop
  endfacet
  facet normal 0 0 -1
    outer loop
      vertex 26.9397 -7.21846 0
      vertex 37.4933 -8.65599 0
      vertex 37.1881 -9.96453 0
    endloop
  endfacet
  facet normal 0 0 -1
    outer loop
      vertex 27.8303 1.82409 0
      vertex 40.9506 2.01177 0
      vertex 27.8896 0.0115101 0
    endloop
  endfacet
  facet normal 0 0 -1
    outer loop
      vertex 26.9363 -7.22948 0
      vertex 37.1881 -9.96453 0
      vertex 36.4568 -12.3754 0
    endloop
  endfacet
  facet normal -0 0 -1
    outer loop
      vertex 40.9506 2.01177 0
      vertex 27.8303 1.82409 0
      vertex 40.8026 4.0187 0
    endloop
  endfacet
  facet normal 0 0 -1
    outer loop
      vertex 26.4099 -8.96495 0
      vertex 36.4568 -12.3754 0
      vertex 35.5694 -14.7333 0
    endloop
  endfacet
  facet normal 0 -0 -1
    outer loop
      vertex 37.4933 8.65599 0
      vertex 40.8026 4.0187 0
      vertex 27.8303 1.82409 0
    endloop
  endfacet
  facet normal 0 0 -1
    outer loop
      vertex 25.767 -10.673 0
      vertex 35.5694 -14.7333 0
      vertex 34.5296 -17.0281 0
    endloop
  endfacet
  facet normal 0 0 -1
    outer loop
      vertex 40.8026 4.0187 0
      vertex 37.4933 8.65599 0
      vertex 40.5562 6.01595 0
    endloop
  endfacet
  facet normal 0 0 -1
    outer loop
      vertex 25.0084 -12.3456 0
      vertex 34.5296 -17.0281 0
      vertex 33.342 -19.25 0
    endloop
  endfacet
  facet normal 0 0 -1
    outer loop
      vertex 27.6525 3.62891 0
      vertex 37.4933 8.65599 0
      vertex 27.8303 1.82409 0
    endloop
  endfacet
  facet normal 0 0 -1
    outer loop
      vertex 24.1534 -13.945 0
      vertex 33.342 -19.25 0
      vertex 32.0116 -21.3895 0
    endloop
  endfacet
  facet normal 0 0 -1
    outer loop
      vertex 27.6514 3.64038 0
      vertex 37.4933 8.65599 0
      vertex 27.6525 3.62891 0
    endloop
  endfacet
  facet normal 0 0 -1
    outer loop
      vertex 34.5296 17.0281 0
      vertex 31.4174 17.6009 0
      vertex 33.342 19.25 0
    endloop
  endfacet
  facet normal 0 0 -1
    outer loop
      vertex 31.4174 17.6009 0
      vertex 34.5296 17.0281 0
      vertex 31.4787 17.135 0
    endloop
  endfacet
  facet normal 0 0 -1
    outer loop
      vertex 27.3541 5.44107 0
      vertex 37.4933 8.65599 0
      vertex 27.356 5.42971 0
    endloop
  endfacet
  facet normal 0 -0 -1
    outer loop
      vertex 31.4787 17.135 0
      vertex 34.5296 17.0281 0
      vertex 31.4174 16.6691 0
    endloop
  endfacet
  facet normal 0 0 -1
    outer loop
      vertex 27.3515 5.45228 0
      vertex 37.4933 8.65599 0
      vertex 27.3541 5.44107 0
    endloop
  endfacet
  facet normal 0 0 -1
    outer loop
      vertex 23.183 -15.5042 0
      vertex 32.0116 -21.3895 0
      vertex 30.5441 -23.4373 0
    endloop
  endfacet
  facet normal 0 0 -1
    outer loop
      vertex 40.9506 -2.01177 0
      vertex 27.8303 -1.82409 0
      vertex 27.8896 -0.0115101 0
    endloop
  endfacet
  facet normal 0 -0 -1
    outer loop
      vertex 31.4174 16.6691 0
      vertex 34.5296 17.0281 0
      vertex 31.2375 16.235 0
    endloop
  endfacet
  facet normal -0 0 -1
    outer loop
      vertex 37.4933 8.65599 0
      vertex 26.9397 7.21846 0
      vertex 37.1881 9.96453 0
    endloop
  endfacet
  facet normal 0 0 -1
    outer loop
      vertex 22.1193 -16.9873 0
      vertex 30.5441 -23.4373 0
      vertex 28.9458 -25.3848 0
    endloop
  endfacet
  facet normal 0 0 -1
    outer loop
      vertex 35.5694 14.7333 0
      vertex 31.2375 16.235 0
      vertex 34.5296 17.0281 0
    endloop
  endfacet
  facet normal 0 0 -1
    outer loop
      vertex 26.9363 7.22948 0
      vertex 37.1881 9.96453 0
      vertex 26.9397 7.21846 0
    endloop
  endfacet
  facet normal -0 0 -1
    outer loop
      vertex 37.1881 9.96453 0
      vertex 26.9363 7.22948 0
      vertex 36.4568 12.3754 0
    endloop
  endfacet
  facet normal 0 0 -1
    outer loop
      vertex 26.4099 8.96495 0
      vertex 36.4568 12.3754 0
      vertex 26.9363 7.22948 0
    endloop
  endfacet
  facet normal 0 -0 -1
    outer loop
      vertex 31.2375 16.235 0
      vertex 35.5694 14.7333 0
      vertex 30.9515 15.8622 0
    endloop
  endfacet
  facet normal 0 0 -1
    outer loop
      vertex 26.9397 7.21846 0
      vertex 37.4933 8.65599 0
      vertex 27.3515 5.45228 0
    endloop
  endfacet
  facet normal 0 0 -1
    outer loop
      vertex 27.356 5.42971 0
      vertex 37.4933 8.65599 0
      vertex 27.6514 3.64038 0
    endloop
  endfacet
  facet normal 0 0 -1
    outer loop
      vertex 37.4933 -8.65599 0
      vertex 27.6525 -3.62891 0
      vertex 27.8303 -1.82409 0
    endloop
  endfacet
  facet normal 0 0 -1
    outer loop
      vertex 37.4933 -8.65599 0
      vertex 27.6514 -3.64038 0
      vertex 27.6525 -3.62891 0
    endloop
  endfacet
  facet normal 0 0 -1
    outer loop
      vertex 37.4933 -8.65599 0
      vertex 27.356 -5.42971 0
      vertex 27.6514 -3.64038 0
    endloop
  endfacet
  facet normal 0 0 -1
    outer loop
      vertex 37.4933 -8.65599 0
      vertex 27.3541 -5.44107 0
      vertex 27.356 -5.42971 0
    endloop
  endfacet
  facet normal 0 0 -1
    outer loop
      vertex 37.4933 -8.65599 0
      vertex 27.3515 -5.45228 0
      vertex 27.3541 -5.44107 0
    endloop
  endfacet
  facet normal 0 0 -1
    outer loop
      vertex 20.9688 -18.3892 0
      vertex 28.9458 -25.3848 0
      vertex 27.2236 -27.2236 0
    endloop
  endfacet
  facet normal 0 0 -1
    outer loop
      vertex 37.4933 -8.65599 0
      vertex 26.9397 -7.21846 0
      vertex 27.3515 -5.45228 0
    endloop
  endfacet
  facet normal 0 0 -1
    outer loop
      vertex 37.1881 -9.96453 0
      vertex 26.9363 -7.22948 0
      vertex 26.9397 -7.21846 0
    endloop
  endfacet
  facet normal 0 0 -1
    outer loop
      vertex 36.4568 -12.3754 0
      vertex 26.4099 -8.96495 0
      vertex 26.9363 -7.22948 0
    endloop
  endfacet
  facet normal 0 0 -1
    outer loop
      vertex 35.5694 -14.7333 0
      vertex 25.7711 -10.6623 0
      vertex 26.4099 -8.96495 0
    endloop
  endfacet
  facet normal 0 0 -1
    outer loop
      vertex 35.5694 -14.7333 0
      vertex 25.767 -10.673 0
      vertex 25.7711 -10.6623 0
    endloop
  endfacet
  facet normal 0 0 -1
    outer loop
      vertex 19.7128 -19.7291 0
      vertex 27.2236 -27.2236 0
      vertex 25.3848 -28.9458 0
    endloop
  endfacet
  facet normal 0 0 -1
    outer loop
      vertex 34.5296 -17.0281 0
      vertex 25.0185 -12.3249 0
      vertex 25.767 -10.673 0
    endloop
  endfacet
  facet normal 0 0 -1
    outer loop
      vertex 34.5296 -17.0281 0
      vertex 25.0138 -12.3354 0
      vertex 25.0185 -12.3249 0
    endloop
  endfacet
  facet normal 0 0 -1
    outer loop
      vertex 34.5296 -17.0281 0
      vertex 25.0084 -12.3456 0
      vertex 25.0138 -12.3354 0
    endloop
  endfacet
  facet normal 0 0 -1
    outer loop
      vertex 33.342 -19.25 0
      vertex 24.1534 -13.945 0
      vertex 25.0084 -12.3456 0
    endloop
  endfacet
  facet normal 0 0 -1
    outer loop
      vertex 18.3892 -20.9688 0
      vertex 25.3848 -28.9458 0
      vertex 23.4373 -30.5441 0
    endloop
  endfacet
  facet normal 0 0 -1
    outer loop
      vertex 32.0116 -21.3895 0
      vertex 23.1958 -15.4851 0
      vertex 24.1534 -13.945 0
    endloop
  endfacet
  facet normal 0 0 -1
    outer loop
      vertex 32.0116 -21.3895 0
      vertex 23.1897 -15.4949 0
      vertex 23.1958 -15.4851 0
    endloop
  endfacet
  facet normal 0 0 -1
    outer loop
      vertex 32.0116 -21.3895 0
      vertex 23.183 -15.5042 0
      vertex 23.1897 -15.4949 0
    endloop
  endfacet
  facet normal 0 0 -1
    outer loop
      vertex 30.5441 -23.4373 0
      vertex 22.1266 -16.9784 0
      vertex 23.183 -15.5042 0
    endloop
  endfacet
  facet normal 0 0 -1
    outer loop
      vertex 30.5441 -23.4373 0
      vertex 22.1193 -16.9873 0
      vertex 22.1266 -16.9784 0
    endloop
  endfacet
  facet normal 0 0 -1
    outer loop
      vertex 16.9784 -22.1266 0
      vertex 23.4373 -30.5441 0
      vertex 21.3895 -32.0116 0
    endloop
  endfacet
  facet normal 0 0 -1
    outer loop
      vertex 28.9458 -25.3848 0
      vertex 20.9688 -18.3892 0
      vertex 22.1193 -16.9873 0
    endloop
  endfacet
  facet normal 0 0 -1
    outer loop
      vertex 27.2236 -27.2236 0
      vertex 19.7291 -19.7128 0
      vertex 20.9688 -18.3892 0
    endloop
  endfacet
  facet normal 0 0 -1
    outer loop
      vertex 27.2236 -27.2236 0
      vertex 19.7212 -19.7212 0
      vertex 19.7291 -19.7128 0
    endloop
  endfacet
  facet normal 0 0 -1
    outer loop
      vertex 27.2236 -27.2236 0
      vertex 19.7128 -19.7291 0
      vertex 19.7212 -19.7212 0
    endloop
  endfacet
  facet normal 0 0 -1
    outer loop
      vertex 15.4851 -23.1958 0
      vertex 21.3895 -32.0116 0
      vertex 19.25 -33.342 0
    endloop
  endfacet
  facet normal 0 0 -1
    outer loop
      vertex 25.3848 -28.9458 0
      vertex 18.3892 -20.9688 0
      vertex 19.7128 -19.7291 0
    endloop
  endfacet
  facet normal 0 0 -1
    outer loop
      vertex 13.945 -24.1534 0
      vertex 19.25 -33.342 0
      vertex 17.0281 -34.5296 0
    endloop
  endfacet
  facet normal 0 0 -1
    outer loop
      vertex 23.4373 -30.5441 0
      vertex 16.9873 -22.1193 0
      vertex 18.3892 -20.9688 0
    endloop
  endfacet
  facet normal 0 0 -1
    outer loop
      vertex 23.4373 -30.5441 0
      vertex 16.9784 -22.1266 0
      vertex 16.9873 -22.1193 0
    endloop
  endfacet
  facet normal 0 0 -1
    outer loop
      vertex 21.3895 -32.0116 0
      vertex 15.5042 -23.183 0
      vertex 16.9784 -22.1266 0
    endloop
  endfacet
  facet normal 0 0 -1
    outer loop
      vertex 21.3895 -32.0116 0
      vertex 15.4949 -23.1897 0
      vertex 15.5042 -23.183 0
    endloop
  endfacet
  facet normal 0 0 -1
    outer loop
      vertex 21.3895 -32.0116 0
      vertex 15.4851 -23.1958 0
      vertex 15.4949 -23.1897 0
    endloop
  endfacet
  facet normal 0 0 -1
    outer loop
      vertex 12.3249 -25.0185 0
      vertex 17.0281 -34.5296 0
      vertex 14.7333 -35.5694 0
    endloop
  endfacet
  facet normal 0 0 -1
    outer loop
      vertex 19.25 -33.342 0
      vertex 13.945 -24.1534 0
      vertex 15.4851 -23.1958 0
    endloop
  endfacet
  facet normal 0 0 -1
    outer loop
      vertex 10.6623 -25.7711 0
      vertex 14.7333 -35.5694 0
      vertex 12.3754 -36.4568 0
    endloop
  endfacet
  facet normal 0 0 -1
    outer loop
      vertex 17.0281 -34.5296 0
      vertex 12.3456 -25.0084 0
      vertex 13.945 -24.1534 0
    endloop
  endfacet
  facet normal 0 0 -1
    outer loop
      vertex 17.0281 -34.5296 0
      vertex 12.3354 -25.0138 0
      vertex 12.3456 -25.0084 0
    endloop
  endfacet
  facet normal 0 0 -1
    outer loop
      vertex 17.0281 -34.5296 0
      vertex 12.3249 -25.0185 0
      vertex 12.3354 -25.0138 0
    endloop
  endfacet
  facet normal 0 0 -1
    outer loop
      vertex 14.7333 -35.5694 0
      vertex 10.673 -25.767 0
      vertex 12.3249 -25.0185 0
    endloop
  endfacet
  facet normal 0 0 -1
    outer loop
      vertex 14.7333 -35.5694 0
      vertex 10.6623 -25.7711 0
      vertex 10.673 -25.767 0
    endloop
  endfacet
  facet normal 0 0 -1
    outer loop
      vertex 8.96495 -26.4099 0
      vertex 12.3754 -36.4568 0
      vertex 9.96453 -37.1881 0
    endloop
  endfacet
  facet normal 0 0 -1
    outer loop
      vertex 12.3754 -36.4568 0
      vertex 8.96495 -26.4099 0
      vertex 10.6623 -25.7711 0
    endloop
  endfacet
  facet normal 0 0 -1
    outer loop
      vertex 7.21846 -26.9397 0
      vertex 9.96453 -37.1881 0
      vertex 7.51098 -37.7602 0
    endloop
  endfacet
  facet normal 0 0 -1
    outer loop
      vertex 9.96453 -37.1881 0
      vertex 7.22948 -26.9363 0
      vertex 8.96495 -26.4099 0
    endloop
  endfacet
  facet normal 0 0 -1
    outer loop
      vertex 9.96453 -37.1881 0
      vertex 7.21846 -26.9397 0
      vertex 7.22948 -26.9363 0
    endloop
  endfacet
  facet normal 0 0 -1
    outer loop
      vertex 7.51098 -37.7602 0
      vertex 5.45228 -27.3515 0
      vertex 7.21846 -26.9397 0
    endloop
  endfacet
  facet normal 0 0 -1
    outer loop
      vertex 1.73867 -33.8041 0
      vertex 7.51098 -37.7602 0
      vertex 1.8 -34.27 0
    endloop
  endfacet
  facet normal 0 0 -1
    outer loop
      vertex 7.51098 -37.7602 0
      vertex 1.73867 -33.8041 0
      vertex 5.45228 -27.3515 0
    endloop
  endfacet
  facet normal 0 0 -1
    outer loop
      vertex 1.8 -34.27 0
      vertex 7.51098 -37.7602 0
      vertex 5.02526 -38.1706 0
    endloop
  endfacet
  facet normal 0 0 -1
    outer loop
      vertex 5.45228 -27.3515 0
      vertex 1.73867 -33.8041 0
      vertex 5.44107 -27.3541 0
    endloop
  endfacet
  facet normal 0 0 -1
    outer loop
      vertex 5.44107 -27.3541 0
      vertex 1.73867 -33.8041 0
      vertex 5.42971 -27.356 0
    endloop
  endfacet
  facet normal 0 0 -1
    outer loop
      vertex 1.55885 -35.17 0
      vertex 5.02526 -38.1706 0
      vertex 2.51802 -38.4176 0
    endloop
  endfacet
  facet normal 0 0 -1
    outer loop
      vertex 1.55885 -33.37 0
      vertex 5.42971 -27.356 0
      vertex 1.73867 -33.8041 0
    endloop
  endfacet
  facet normal 0 0 -1
    outer loop
      vertex 5.42971 -27.356 0
      vertex 1.55885 -33.37 0
      vertex 3.64038 -27.6514 0
    endloop
  endfacet
  facet normal 0 0 -1
    outer loop
      vertex 5.02526 -38.1706 0
      vertex 1.73867 -34.7359 0
      vertex 1.8 -34.27 0
    endloop
  endfacet
  facet normal 0 0 -1
    outer loop
      vertex 5.02526 -38.1706 0
      vertex 1.55885 -35.17 0
      vertex 1.73867 -34.7359 0
    endloop
  endfacet
  facet normal 0 0 -1
    outer loop
      vertex 2.51802 -38.4176 0
      vertex 1.27279 -35.5428 0
      vertex 1.55885 -35.17 0
    endloop
  endfacet
  facet normal 0 0 -1
    outer loop
      vertex 2.51802 -38.4176 0
      vertex 0.9 -35.8288 0
      vertex 1.27279 -35.5428 0
    endloop
  endfacet
  facet normal 0 0 -1
    outer loop
      vertex 2.51802 -38.4176 0
      vertex 0.465874 -36.0087 0
      vertex 0.9 -35.8288 0
    endloop
  endfacet
  facet normal 0 0 -1
    outer loop
      vertex 0 -38.5 0
      vertex 0.465874 -36.0087 0
      vertex 2.51802 -38.4176 0
    endloop
  endfacet
  facet normal 0 0 -1
    outer loop
      vertex 0 -38.5 0
      vertex 0 -36.07 0
      vertex 0.465874 -36.0087 0
    endloop
  endfacet
  facet normal 0 0 -1
    outer loop
      vertex 0 -38.5 0
      vertex -0.465874 -36.0087 0
      vertex 0 -36.07 0
    endloop
  endfacet
  facet normal 0 0 -1
    outer loop
      vertex -2.51802 -38.4176 0
      vertex -0.465874 -36.0087 0
      vertex 0 -38.5 0
    endloop
  endfacet
  facet normal -0 0 -1
    outer loop
      vertex -0.465874 -36.0087 0
      vertex -2.51802 -38.4176 0
      vertex -0.9 -35.8288 0
    endloop
  endfacet
  facet normal -0 0 -1
    outer loop
      vertex -0.9 -35.8288 0
      vertex -2.51802 -38.4176 0
      vertex -1.27279 -35.5428 0
    endloop
  endfacet
  facet normal -0 0 -1
    outer loop
      vertex -1.27279 -35.5428 0
      vertex -2.51802 -38.4176 0
      vertex -1.55885 -35.17 0
    endloop
  endfacet
  facet normal 0 0 -1
    outer loop
      vertex -5.02526 -38.1706 0
      vertex -1.55885 -35.17 0
      vertex -2.51802 -38.4176 0
    endloop
  endfacet
  facet normal -0 0 -1
    outer loop
      vertex -1.55885 -35.17 0
      vertex -5.02526 -38.1706 0
      vertex -1.73867 -34.7359 0
    endloop
  endfacet
  facet normal -0 0 -1
    outer loop
      vertex -1.73867 -34.7359 0
      vertex -5.02526 -38.1706 0
      vertex -1.8 -34.27 0
    endloop
  endfacet
  facet normal 0 0 -1
    outer loop
      vertex -1.27279 -32.9972 0
      vertex -3.62891 -27.6525 0
      vertex -1.82409 -27.8303 0
    endloop
  endfacet
  facet normal 0 0 -1
    outer loop
      vertex -7.51098 -37.7602 0
      vertex -1.8 -34.27 0
      vertex -5.02526 -38.1706 0
    endloop
  endfacet
  facet normal 0 0 -1
    outer loop
      vertex -1.27279 -32.9972 0
      vertex -3.64038 -27.6514 0
      vertex -3.62891 -27.6525 0
    endloop
  endfacet
  facet normal 0 0 -1
    outer loop
      vertex -1.55885 -33.37 0
      vertex -5.42971 -27.356 0
      vertex -3.64038 -27.6514 0
    endloop
  endfacet
  facet normal -0 0 -1
    outer loop
      vertex -1.73867 -33.8041 0
      vertex -7.51098 -37.7602 0
      vertex -5.45228 -27.3515 0
    endloop
  endfacet
  facet normal 0 0 -1
    outer loop
      vertex -1.73867 -33.8041 0
      vertex -5.44107 -27.3541 0
      vertex -5.42971 -27.356 0
    endloop
  endfacet
  facet normal 0 0 -1
    outer loop
      vertex -1.73867 -33.8041 0
      vertex -5.45228 -27.3515 0
      vertex -5.44107 -27.3541 0
    endloop
  endfacet
  facet normal -0 0 -1
    outer loop
      vertex -5.45228 -27.3515 0
      vertex -7.51098 -37.7602 0
      vertex -7.21846 -26.9397 0
    endloop
  endfacet
  facet normal 0 0 -1
    outer loop
      vertex -9.96453 -37.1881 0
      vertex -7.21846 -26.9397 0
      vertex -7.51098 -37.7602 0
    endloop
  endfacet
  facet normal -0 0 -1
    outer loop
      vertex -7.21846 -26.9397 0
      vertex -9.96453 -37.1881 0
      vertex -7.22948 -26.9363 0
    endloop
  endfacet
  facet normal -0 0 -1
    outer loop
      vertex -7.22948 -26.9363 0
      vertex -9.96453 -37.1881 0
      vertex -8.96495 -26.4099 0
    endloop
  endfacet
  facet normal 0 0 -1
    outer loop
      vertex -12.3754 -36.4568 0
      vertex -8.96495 -26.4099 0
      vertex -9.96453 -37.1881 0
    endloop
  endfacet
  facet normal 0 0 -1
    outer loop
      vertex -13.7901 -35.9244 0
      vertex -8.96495 -26.4099 0
      vertex -12.3754 -36.4568 0
    endloop
  endfacet
  facet normal -0 0 -1
    outer loop
      vertex -8.96495 -26.4099 0
      vertex -13.7901 -35.9244 0
      vertex -10.6623 -25.7711 0
    endloop
  endfacet
  facet normal -0 0 -1
    outer loop
      vertex -10.6623 -25.7711 0
      vertex -13.7901 -35.9244 0
      vertex -10.673 -25.767 0
    endloop
  endfacet
  facet normal -0 0 -1
    outer loop
      vertex -10.673 -25.767 0
      vertex -13.7901 -35.9244 0
      vertex -12.3249 -25.0185 0
    endloop
  endfacet
  facet normal -0 0 -1
    outer loop
      vertex -12.3249 -25.0185 0
      vertex -13.7901 -35.9244 0
      vertex -12.3354 -25.0138 0
    endloop
  endfacet
  facet normal -0 0 -1
    outer loop
      vertex -12.3354 -25.0138 0
      vertex -13.7901 -35.9244 0
      vertex -12.3456 -25.0084 0
    endloop
  endfacet
  facet normal 0 0 -1
    outer loop
      vertex -13.7901 -35.9244 0
      vertex -13.945 -24.1534 0
      vertex -12.3456 -25.0084 0
    endloop
  endfacet
  facet normal 0 0 -1
    outer loop
      vertex -15.69 -37.8791 0
      vertex -13.7901 -35.9244 0
      vertex -14.6887 -38.2653 0
    endloop
  endfacet
  facet normal 0 0 -1
    outer loop
      vertex -17.5298 -37.0636 0
      vertex -13.7901 -35.9244 0
      vertex -15.69 -37.8791 0
    endloop
  endfacet
  facet normal 0 0 -1
    outer loop
      vertex -19.3273 -36.1588 0
      vertex -13.7901 -35.9244 0
      vertex -17.5298 -37.0636 0
    endloop
  endfacet
  facet normal -0 0 -1
    outer loop
      vertex -13.7901 -35.9244 0
      vertex -19.3273 -36.1588 0
      vertex -13.945 -24.1534 0
    endloop
  endfacet
  facet normal 0 0 -1
    outer loop
      vertex -21.0782 -35.1669 0
      vertex -13.945 -24.1534 0
      vertex -19.3273 -36.1588 0
    endloop
  endfacet
  facet normal 0 0 -1
    outer loop
      vertex -24.2164 -29.9047 0
      vertex -13.945 -24.1534 0
      vertex -21.0782 -35.1669 0
    endloop
  endfacet
  facet normal -0 0 -1
    outer loop
      vertex -13.945 -24.1534 0
      vertex -24.2164 -29.9047 0
      vertex -15.4851 -23.1958 0
    endloop
  endfacet
  facet normal -0 0 -1
    outer loop
      vertex -15.4851 -23.1958 0
      vertex -24.2164 -29.9047 0
      vertex -15.4949 -23.1897 0
    endloop
  endfacet
  facet normal -0 0 -1
    outer loop
      vertex -15.4949 -23.1897 0
      vertex -24.2164 -29.9047 0
      vertex -15.5042 -23.183 0
    endloop
  endfacet
  facet normal -0 0 -1
    outer loop
      vertex -15.5042 -23.183 0
      vertex -24.2164 -29.9047 0
      vertex -16.9784 -22.1266 0
    endloop
  endfacet
  facet normal -0 0 -1
    outer loop
      vertex -16.9873 -22.1193 0
      vertex -24.2164 -29.9047 0
      vertex -18.3892 -20.9688 0
    endloop
  endfacet
  facet normal 0 0 -1
    outer loop
      vertex -25.3848 -28.9458 0
      vertex -18.3892 -20.9688 0
      vertex -24.2164 -29.9047 0
    endloop
  endfacet
  facet normal -0 0 -1
    outer loop
      vertex -18.3892 -20.9688 0
      vertex -25.3848 -28.9458 0
      vertex -19.7128 -19.7291 0
    endloop
  endfacet
  facet normal 0 0 -1
    outer loop
      vertex -27.2236 -27.2236 0
      vertex -19.7128 -19.7291 0
      vertex -25.3848 -28.9458 0
    endloop
  endfacet
  facet normal -0 0 -1
    outer loop
      vertex -16.9784 -22.1266 0
      vertex -24.2164 -29.9047 0
      vertex -16.9873 -22.1193 0
    endloop
  endfacet
  facet normal -0 0 -1
    outer loop
      vertex -19.7128 -19.7291 0
      vertex -27.2236 -27.2236 0
      vertex -19.7212 -19.7212 0
    endloop
  endfacet
  facet normal -0 0 -1
    outer loop
      vertex -19.7212 -19.7212 0
      vertex -27.2236 -27.2236 0
      vertex -19.7291 -19.7128 0
    endloop
  endfacet
  facet normal 0 0 -1
    outer loop
      vertex -24.2164 -29.9047 0
      vertex -21.0782 -35.1669 0
      vertex -22.7784 -34.0903 0
    endloop
  endfacet
  facet normal -0 0 -1
    outer loop
      vertex -19.7291 -19.7128 0
      vertex -27.2236 -27.2236 0
      vertex -20.9688 -18.3892 0
    endloop
  endfacet
  facet normal 0 0 -1
    outer loop
      vertex -28.9458 -25.3848 0
      vertex -20.9688 -18.3892 0
      vertex -27.2236 -27.2236 0
    endloop
  endfacet
  facet normal -0 0 -1
    outer loop
      vertex -20.9688 -18.3892 0
      vertex -28.9458 -25.3848 0
      vertex -22.1193 -16.9873 0
    endloop
  endfacet
  facet normal 0 0 -1
    outer loop
      vertex -30.5441 -23.4373 0
      vertex -22.1193 -16.9873 0
      vertex -28.9458 -25.3848 0
    endloop
  endfacet
  facet normal -0 0 -1
    outer loop
      vertex -22.1193 -16.9873 0
      vertex -30.5441 -23.4373 0
      vertex -22.1266 -16.9784 0
    endloop
  endfacet
  facet normal 0 0 -1
    outer loop
      vertex -24.4237 -32.9315 0
      vertex -24.2164 -29.9047 0
      vertex -22.7784 -34.0903 0
    endloop
  endfacet
  facet normal 0 0 -1
    outer loop
      vertex -24.2164 -29.9047 0
      vertex -24.4237 -32.9315 0
      vertex -25.7985 -31.8585 0
    endloop
  endfacet
  facet normal 0 0 -1
    outer loop
      vertex 31.2375 18.035 0
      vertex 33.342 19.25 0
      vertex 31.4174 17.6009 0
    endloop
  endfacet
  facet normal 0 0 -1
    outer loop
      vertex 30.9515 18.4078 0
      vertex 33.342 19.25 0
      vertex 31.2375 18.035 0
    endloop
  endfacet
  facet normal -0 0 -1
    outer loop
      vertex 33.342 19.25 0
      vertex 30.9515 18.4078 0
      vertex 32.0116 21.3895 0
    endloop
  endfacet
  facet normal 0 0 -1
    outer loop
      vertex 30.5787 18.6938 0
      vertex 32.0116 21.3895 0
      vertex 30.9515 18.4078 0
    endloop
  endfacet
  facet normal 0 0 -1
    outer loop
      vertex 30.1446 18.8737 0
      vertex 32.0116 21.3895 0
      vertex 30.5787 18.6938 0
    endloop
  endfacet
  facet normal 0 0 -1
    outer loop
      vertex 29.6787 18.935 0
      vertex 32.0116 21.3895 0
      vertex 30.1446 18.8737 0
    endloop
  endfacet
  facet normal -0 0 -1
    outer loop
      vertex 32.0116 21.3895 0
      vertex 29.6787 18.935 0
      vertex 30.5441 23.4373 0
    endloop
  endfacet
  facet normal 0 0 -1
    outer loop
      vertex 29.2128 18.8737 0
      vertex 30.5441 23.4373 0
      vertex 29.6787 18.935 0
    endloop
  endfacet
  facet normal 0 0 -1
    outer loop
      vertex 28.7787 18.6938 0
      vertex 30.5441 23.4373 0
      vertex 29.2128 18.8737 0
    endloop
  endfacet
  facet normal -0 0 -1
    outer loop
      vertex 30.5441 23.4373 0
      vertex 28.7787 18.6938 0
      vertex 28.9458 25.3848 0
    endloop
  endfacet
  facet normal 0 0 -1
    outer loop
      vertex 28.4059 18.4078 0
      vertex 28.9458 25.3848 0
      vertex 28.7787 18.6938 0
    endloop
  endfacet
  facet normal 0 0 -1
    outer loop
      vertex 20.9688 18.3892 0
      vertex 28.4059 18.4078 0
      vertex 28.1198 18.035 0
    endloop
  endfacet
  facet normal 0 0 -1
    outer loop
      vertex 22.1266 16.9784 0
      vertex 28.1198 18.035 0
      vertex 27.94 17.6009 0
    endloop
  endfacet
  facet normal 0 0 -1
    outer loop
      vertex 23.183 15.5042 0
      vertex 27.94 17.6009 0
      vertex 27.8787 17.135 0
    endloop
  endfacet
  facet normal 0 -0 -1
    outer loop
      vertex 30.5787 15.5762 0
      vertex 36.4568 12.3754 0
      vertex 30.1446 15.3963 0
    endloop
  endfacet
  facet normal 0 0 -1
    outer loop
      vertex 30.1446 15.3963 0
      vertex 26.4099 8.96495 0
      vertex 29.6787 15.335 0
    endloop
  endfacet
  facet normal 0 0 -1
    outer loop
      vertex 25.7711 10.6623 0
      vertex 29.6787 15.335 0
      vertex 26.4099 8.96495 0
    endloop
  endfacet
  facet normal 0 0 -1
    outer loop
      vertex 25.767 10.673 0
      vertex 29.6787 15.335 0
      vertex 25.7711 10.6623 0
    endloop
  endfacet
  facet normal -0 0 -1
    outer loop
      vertex 29.6787 15.335 0
      vertex 25.767 10.673 0
      vertex 29.2128 15.3963 0
    endloop
  endfacet
  facet normal -0 0 -1
    outer loop
      vertex 28.4059 18.4078 0
      vertex 20.9688 18.3892 0
      vertex 28.9458 25.3848 0
    endloop
  endfacet
  facet normal 0 0 -1
    outer loop
      vertex 25.0185 12.3249 0
      vertex 29.2128 15.3963 0
      vertex 25.767 10.673 0
    endloop
  endfacet
  facet normal -0 0 -1
    outer loop
      vertex 29.2128 15.3963 0
      vertex 25.0185 12.3249 0
      vertex 28.7787 15.5762 0
    endloop
  endfacet
  facet normal 0 0 -1
    outer loop
      vertex 25.0138 12.3354 0
      vertex 28.7787 15.5762 0
      vertex 25.0185 12.3249 0
    endloop
  endfacet
  facet normal 0 0 -1
    outer loop
      vertex 25.0084 12.3456 0
      vertex 28.7787 15.5762 0
      vertex 25.0138 12.3354 0
    endloop
  endfacet
  facet normal -0 0 -1
    outer loop
      vertex 28.7787 15.5762 0
      vertex 25.0084 12.3456 0
      vertex 28.4059 15.8622 0
    endloop
  endfacet
  facet normal 0 0 -1
    outer loop
      vertex 24.1534 13.945 0
      vertex 28.4059 15.8622 0
      vertex 25.0084 12.3456 0
    endloop
  endfacet
  facet normal -0 0 -1
    outer loop
      vertex 28.4059 15.8622 0
      vertex 24.1534 13.945 0
      vertex 28.1198 16.235 0
    endloop
  endfacet
  facet normal -0 0 -1
    outer loop
      vertex 28.1198 16.235 0
      vertex 24.1534 13.945 0
      vertex 27.94 16.6691 0
    endloop
  endfacet
  facet normal 0 0 -1
    outer loop
      vertex 23.1958 15.4851 0
      vertex 27.94 16.6691 0
      vertex 24.1534 13.945 0
    endloop
  endfacet
  facet normal -0 0 -1
    outer loop
      vertex 27.94 16.6691 0
      vertex 23.1958 15.4851 0
      vertex 27.8787 17.135 0
    endloop
  endfacet
  facet normal 0 0 -1
    outer loop
      vertex 23.1897 15.4949 0
      vertex 27.8787 17.135 0
      vertex 23.1958 15.4851 0
    endloop
  endfacet
  facet normal 0 0 -1
    outer loop
      vertex 23.183 15.5042 0
      vertex 27.8787 17.135 0
      vertex 23.1897 15.4949 0
    endloop
  endfacet
  facet normal 0 0 -1
    outer loop
      vertex 27.94 17.6009 0
      vertex 23.183 15.5042 0
      vertex 22.1266 16.9784 0
    endloop
  endfacet
  facet normal 0 0 -1
    outer loop
      vertex 28.1198 18.035 0
      vertex 22.1266 16.9784 0
      vertex 22.1193 16.9873 0
    endloop
  endfacet
  facet normal -0 0 -1
    outer loop
      vertex 28.1198 18.035 0
      vertex 22.1193 16.9873 0
      vertex 20.9688 18.3892 0
    endloop
  endfacet
  facet normal -0 0 -1
    outer loop
      vertex 28.9458 25.3848 0
      vertex 20.9688 18.3892 0
      vertex 27.2236 27.2236 0
    endloop
  endfacet
  facet normal 0 0 -1
    outer loop
      vertex 19.7291 19.7128 0
      vertex 27.2236 27.2236 0
      vertex 20.9688 18.3892 0
    endloop
  endfacet
  facet normal 0 0 -1
    outer loop
      vertex 19.7212 19.7212 0
      vertex 27.2236 27.2236 0
      vertex 19.7291 19.7128 0
    endloop
  endfacet
  facet normal 0 0 -1
    outer loop
      vertex 19.7128 19.7291 0
      vertex 27.2236 27.2236 0
      vertex 19.7212 19.7212 0
    endloop
  endfacet
  facet normal -0 0 -1
    outer loop
      vertex 27.2236 27.2236 0
      vertex 19.7128 19.7291 0
      vertex 25.3848 28.9458 0
    endloop
  endfacet
  facet normal 0 0 -1
    outer loop
      vertex 18.3892 20.9688 0
      vertex 25.3848 28.9458 0
      vertex 19.7128 19.7291 0
    endloop
  endfacet
  facet normal -0 0 -1
    outer loop
      vertex 25.3848 28.9458 0
      vertex 18.3892 20.9688 0
      vertex 23.4373 30.5441 0
    endloop
  endfacet
  facet normal 0 0 -1
    outer loop
      vertex 16.9873 22.1193 0
      vertex 23.4373 30.5441 0
      vertex 18.3892 20.9688 0
    endloop
  endfacet
  facet normal 0 0 -1
    outer loop
      vertex 16.9784 22.1266 0
      vertex 23.4373 30.5441 0
      vertex 16.9873 22.1193 0
    endloop
  endfacet
  facet normal -0 0 -1
    outer loop
      vertex 23.4373 30.5441 0
      vertex 16.9784 22.1266 0
      vertex 21.3895 32.0116 0
    endloop
  endfacet
  facet normal 0 0 -1
    outer loop
      vertex 15.5042 23.183 0
      vertex 21.3895 32.0116 0
      vertex 16.9784 22.1266 0
    endloop
  endfacet
  facet normal 0 0 -1
    outer loop
      vertex 15.4949 23.1897 0
      vertex 21.3895 32.0116 0
      vertex 15.5042 23.183 0
    endloop
  endfacet
  facet normal 0 0 -1
    outer loop
      vertex 15.4851 23.1958 0
      vertex 21.3895 32.0116 0
      vertex 15.4949 23.1897 0
    endloop
  endfacet
  facet normal -0 0 -1
    outer loop
      vertex 21.3895 32.0116 0
      vertex 15.4851 23.1958 0
      vertex 19.25 33.342 0
    endloop
  endfacet
  facet normal 0 0 -1
    outer loop
      vertex 13.945 24.1534 0
      vertex 19.25 33.342 0
      vertex 15.4851 23.1958 0
    endloop
  endfacet
  facet normal -0 0 -1
    outer loop
      vertex 19.25 33.342 0
      vertex 13.945 24.1534 0
      vertex 17.0281 34.5296 0
    endloop
  endfacet
  facet normal 0 0 -1
    outer loop
      vertex 12.3456 25.0084 0
      vertex 17.0281 34.5296 0
      vertex 13.945 24.1534 0
    endloop
  endfacet
  facet normal 0 0 -1
    outer loop
      vertex 12.3354 25.0138 0
      vertex 17.0281 34.5296 0
      vertex 12.3456 25.0084 0
    endloop
  endfacet
  facet normal 0 0 -1
    outer loop
      vertex 12.3249 25.0185 0
      vertex 17.0281 34.5296 0
      vertex 12.3354 25.0138 0
    endloop
  endfacet
  facet normal -0 0 -1
    outer loop
      vertex 17.0281 34.5296 0
      vertex 12.3249 25.0185 0
      vertex 14.7333 35.5694 0
    endloop
  endfacet
  facet normal 0 0 -1
    outer loop
      vertex 10.673 25.767 0
      vertex 14.7333 35.5694 0
      vertex 12.3249 25.0185 0
    endloop
  endfacet
  facet normal 0 0 -1
    outer loop
      vertex 10.6623 25.7711 0
      vertex 14.7333 35.5694 0
      vertex 10.673 25.767 0
    endloop
  endfacet
  facet normal -0 0 -1
    outer loop
      vertex 14.7333 35.5694 0
      vertex 10.6623 25.7711 0
      vertex 12.3754 36.4568 0
    endloop
  endfacet
  facet normal 0 0 -1
    outer loop
      vertex 8.96495 26.4099 0
      vertex 12.3754 36.4568 0
      vertex 10.6623 25.7711 0
    endloop
  endfacet
  facet normal -0 0 -1
    outer loop
      vertex 12.3754 36.4568 0
      vertex 8.96495 26.4099 0
      vertex 9.96453 37.1881 0
    endloop
  endfacet
  facet normal 0 0 -1
    outer loop
      vertex 7.22948 26.9363 0
      vertex 9.96453 37.1881 0
      vertex 8.96495 26.4099 0
    endloop
  endfacet
  facet normal 0 0 -1
    outer loop
      vertex 7.21846 26.9397 0
      vertex 9.96453 37.1881 0
      vertex 7.22948 26.9363 0
    endloop
  endfacet
  facet normal -0 0 -1
    outer loop
      vertex 9.96453 37.1881 0
      vertex 7.21846 26.9397 0
      vertex 7.51098 37.7602 0
    endloop
  endfacet
  facet normal 0 0 -1
    outer loop
      vertex 5.45228 27.3515 0
      vertex 7.51098 37.7602 0
      vertex 7.21846 26.9397 0
    endloop
  endfacet
  facet normal 0 0 -1
    outer loop
      vertex 5.44107 27.3541 0
      vertex 7.51098 37.7602 0
      vertex 5.45228 27.3515 0
    endloop
  endfacet
  facet normal 0 0 -1
    outer loop
      vertex 5.42971 27.356 0
      vertex 7.51098 37.7602 0
      vertex 5.44107 27.3541 0
    endloop
  endfacet
  facet normal 0 0 -1
    outer loop
      vertex 5.42971 27.356 0
      vertex 5.02526 38.1706 0
      vertex 7.51098 37.7602 0
    endloop
  endfacet
  facet normal 0 0 -1
    outer loop
      vertex 3.64038 27.6514 0
      vertex 5.02526 38.1706 0
      vertex 5.42971 27.356 0
    endloop
  endfacet
  facet normal 0 0 -1
    outer loop
      vertex 3.62891 27.6525 0
      vertex 5.02526 38.1706 0
      vertex 3.64038 27.6514 0
    endloop
  endfacet
  facet normal 0 0 -1
    outer loop
      vertex 3.62891 27.6525 0
      vertex 2.51802 38.4176 0
      vertex 5.02526 38.1706 0
    endloop
  endfacet
  facet normal 0 0 -1
    outer loop
      vertex 1.82409 27.8303 0
      vertex 2.51802 38.4176 0
      vertex 3.62891 27.6525 0
    endloop
  endfacet
  facet normal 0 0 -1
    outer loop
      vertex 0.0115101 27.8896 0
      vertex 2.51802 38.4176 0
      vertex 1.82409 27.8303 0
    endloop
  endfacet
  facet normal 0 0 -1
    outer loop
      vertex 0 38.5 0
      vertex 0.0115101 27.8896 0
      vertex 0 27.89 0
    endloop
  endfacet
  facet normal 0 0 -1
    outer loop
      vertex 0.0115101 27.8896 0
      vertex 0 38.5 0
      vertex 2.51802 38.4176 0
    endloop
  endfacet
  facet normal 0 0 -1
    outer loop
      vertex -0.0115101 27.8896 0
      vertex 0 38.5 0
      vertex 0 27.89 0
    endloop
  endfacet
  facet normal 0 0 -1
    outer loop
      vertex -1.82409 27.8303 0
      vertex 0 38.5 0
      vertex -0.0115101 27.8896 0
    endloop
  endfacet
  facet normal 0 0 -1
    outer loop
      vertex -1.82409 27.8303 0
      vertex -2.51802 38.4176 0
      vertex 0 38.5 0
    endloop
  endfacet
  facet normal 0 0 -1
    outer loop
      vertex -3.62891 27.6525 0
      vertex -2.51802 38.4176 0
      vertex -1.82409 27.8303 0
    endloop
  endfacet
  facet normal 0 0 -1
    outer loop
      vertex -5.02526 38.1706 0
      vertex -3.62891 27.6525 0
      vertex -3.64038 27.6514 0
    endloop
  endfacet
  facet normal 0 0 -1
    outer loop
      vertex -3.62891 27.6525 0
      vertex -5.02526 38.1706 0
      vertex -2.51802 38.4176 0
    endloop
  endfacet
  facet normal 0 0 -1
    outer loop
      vertex -5.42971 27.356 0
      vertex -5.02526 38.1706 0
      vertex -3.64038 27.6514 0
    endloop
  endfacet
  facet normal 0 0 -1
    outer loop
      vertex -7.51098 37.7602 0
      vertex -5.42971 27.356 0
      vertex -5.44107 27.3541 0
    endloop
  endfacet
  facet normal 0 0 -1
    outer loop
      vertex -7.51098 37.7602 0
      vertex -5.44107 27.3541 0
      vertex -5.45228 27.3515 0
    endloop
  endfacet
  facet normal 0 0 -1
    outer loop
      vertex -7.51098 37.7602 0
      vertex -5.45228 27.3515 0
      vertex -7.21846 26.9397 0
    endloop
  endfacet
  facet normal 0 0 -1
    outer loop
      vertex -9.96453 37.1881 0
      vertex -7.21846 26.9397 0
      vertex -7.22948 26.9363 0
    endloop
  endfacet
  facet normal 0 0 -1
    outer loop
      vertex -5.42971 27.356 0
      vertex -7.51098 37.7602 0
      vertex -5.02526 38.1706 0
    endloop
  endfacet
  facet normal 0 0 -1
    outer loop
      vertex -9.96453 37.1881 0
      vertex -7.22948 26.9363 0
      vertex -8.96495 26.4099 0
    endloop
  endfacet
  facet normal 0 0 -1
    outer loop
      vertex -7.21846 26.9397 0
      vertex -9.96453 37.1881 0
      vertex -7.51098 37.7602 0
    endloop
  endfacet
  facet normal 0 0 -1
    outer loop
      vertex -13.7901 35.9244 0
      vertex -8.96495 26.4099 0
      vertex -10.6623 25.7711 0
    endloop
  endfacet
  facet normal 0 0 -1
    outer loop
      vertex -13.7901 35.9244 0
      vertex -10.6623 25.7711 0
      vertex -10.673 25.767 0
    endloop
  endfacet
  facet normal 0 0 -1
    outer loop
      vertex -13.7901 35.9244 0
      vertex -10.673 25.767 0
      vertex -12.3249 25.0185 0
    endloop
  endfacet
  facet normal 0 0 -1
    outer loop
      vertex -13.7901 35.9244 0
      vertex -12.3249 25.0185 0
      vertex -12.3354 25.0138 0
    endloop
  endfacet
  facet normal 0 0 -1
    outer loop
      vertex -13.7901 35.9244 0
      vertex -12.3354 25.0138 0
      vertex -12.3456 25.0084 0
    endloop
  endfacet
  facet normal 0 0 -1
    outer loop
      vertex -8.96495 26.4099 0
      vertex -12.3754 36.4568 0
      vertex -9.96453 37.1881 0
    endloop
  endfacet
  facet normal 0 0 -1
    outer loop
      vertex -8.96495 26.4099 0
      vertex -13.7901 35.9244 0
      vertex -12.3754 36.4568 0
    endloop
  endfacet
  facet normal 0 0 -1
    outer loop
      vertex -13.945 24.1534 0
      vertex -13.7901 35.9244 0
      vertex -12.3456 25.0084 0
    endloop
  endfacet
  facet normal 0 0 -1
    outer loop
      vertex -19.3273 36.1588 0
      vertex -13.7901 35.9244 0
      vertex -13.945 24.1534 0
    endloop
  endfacet
  facet normal 0 0 -1
    outer loop
      vertex -24.2164 29.9047 0
      vertex -13.945 24.1534 0
      vertex -15.4851 23.1958 0
    endloop
  endfacet
  facet normal 0 0 -1
    outer loop
      vertex -24.2164 29.9047 0
      vertex -15.4851 23.1958 0
      vertex -15.4949 23.1897 0
    endloop
  endfacet
  facet normal 0 0 -1
    outer loop
      vertex -24.2164 29.9047 0
      vertex -15.4949 23.1897 0
      vertex -15.5042 23.183 0
    endloop
  endfacet
  facet normal 0 0 -1
    outer loop
      vertex -13.7901 35.9244 0
      vertex -15.69 37.8791 0
      vertex -14.6887 38.2653 0
    endloop
  endfacet
  facet normal 0 0 -1
    outer loop
      vertex -24.2164 29.9047 0
      vertex -15.5042 23.183 0
      vertex -16.9784 22.1266 0
    endloop
  endfacet
  facet normal 0 0 -1
    outer loop
      vertex -24.2164 29.9047 0
      vertex -16.9784 22.1266 0
      vertex -16.9873 22.1193 0
    endloop
  endfacet
  facet normal 0 0 -1
    outer loop
      vertex -13.7901 35.9244 0
      vertex -17.5298 37.0636 0
      vertex -15.69 37.8791 0
    endloop
  endfacet
  facet normal 0 0 -1
    outer loop
      vertex -24.2164 29.9047 0
      vertex -16.9873 22.1193 0
      vertex -18.3892 20.9688 0
    endloop
  endfacet
  facet normal 0 0 -1
    outer loop
      vertex -13.7901 35.9244 0
      vertex -19.3273 36.1588 0
      vertex -17.5298 37.0636 0
    endloop
  endfacet
  facet normal 0 0 -1
    outer loop
      vertex -24.2164 29.9047 0
      vertex -18.3892 20.9688 0
      vertex -19.7128 19.7291 0
    endloop
  endfacet
  facet normal 0 0 -1
    outer loop
      vertex -24.2164 29.9047 0
      vertex -19.7128 19.7291 0
      vertex -19.7212 19.7212 0
    endloop
  endfacet
  facet normal 0 0 -1
    outer loop
      vertex -24.2164 29.9047 0
      vertex -19.7212 19.7212 0
      vertex -19.7291 19.7128 0
    endloop
  endfacet
  facet normal 0 0 -1
    outer loop
      vertex -24.2164 29.9047 0
      vertex -19.7291 19.7128 0
      vertex -20.9688 18.3892 0
    endloop
  endfacet
  facet normal 0 0 -1
    outer loop
      vertex -13.945 24.1534 0
      vertex -24.2164 29.9047 0
      vertex -21.0782 35.1669 0
    endloop
  endfacet
  facet normal 0 0 -1
    outer loop
      vertex -24.2164 29.9047 0
      vertex -20.9688 18.3892 0
      vertex -22.1193 16.9873 0
    endloop
  endfacet
  facet normal 0 0 -1
    outer loop
      vertex -24.2164 29.9047 0
      vertex -22.1193 16.9873 0
      vertex -22.1266 16.9784 0
    endloop
  endfacet
  facet normal 0 0 -1
    outer loop
      vertex -13.945 24.1534 0
      vertex -21.0782 35.1669 0
      vertex -19.3273 36.1588 0
    endloop
  endfacet
  facet normal 0 0 -1
    outer loop
      vertex -24.2164 29.9047 0
      vertex -22.1266 16.9784 0
      vertex -23.183 15.5042 0
    endloop
  endfacet
  facet normal 0 0 -1
    outer loop
      vertex -24.2164 29.9047 0
      vertex -23.183 15.5042 0
      vertex -23.1897 15.4949 0
    endloop
  endfacet
  facet normal 0 0 -1
    outer loop
      vertex -24.2164 29.9047 0
      vertex -23.1897 15.4949 0
      vertex -23.1958 15.4851 0
    endloop
  endfacet
  facet normal 0 0 -1
    outer loop
      vertex -24.2164 29.9047 0
      vertex -23.1958 15.4851 0
      vertex -24.1534 13.945 0
    endloop
  endfacet
  facet normal 0 0 -1
    outer loop
      vertex -21.0782 35.1669 0
      vertex -24.2164 29.9047 0
      vertex -22.7784 34.0903 0
    endloop
  endfacet
  facet normal 0 0 -1
    outer loop
      vertex -24.2164 29.9047 0
      vertex -24.4237 32.9315 0
      vertex -22.7784 34.0903 0
    endloop
  endfacet
  facet normal 0 -0 -1
    outer loop
      vertex -24.4237 32.9315 0
      vertex -24.2164 29.9047 0
      vertex -25.7985 31.8585 0
    endloop
  endfacet
  facet normal 0 -0 -1
    outer loop
      vertex 30.9515 15.8622 0
      vertex 35.5694 14.7333 0
      vertex 30.5787 15.5762 0
    endloop
  endfacet
  facet normal 0 -0 -1
    outer loop
      vertex 30.1446 15.3963 0
      vertex 36.4568 12.3754 0
      vertex 26.4099 8.96495 0
    endloop
  endfacet
  facet normal 0 0 -1
    outer loop
      vertex 36.4568 12.3754 0
      vertex 30.5787 15.5762 0
      vertex 35.5694 14.7333 0
    endloop
  endfacet
  facet normal 0.615272 -0.788315 0
    outer loop
      vertex -22.6366 30.5219 4.1
      vertex -23.9108 29.5274 5.00773
      vertex -23.9108 29.5274 4.1
    endloop
  endfacet
  facet normal 0.615272 -0.788315 0
    outer loop
      vertex -23.9108 29.5274 5.00773
      vertex -22.6366 30.5219 4.1
      vertex -22.6366 30.5219 5.43013
    endloop
  endfacet
  facet normal -0.615239 0.788341 0
    outer loop
      vertex -24.4237 32.9315 0
      vertex -25.3901 32.1773 2.14354
      vertex -24.4237 32.9315 2.46942
    endloop
  endfacet
  facet normal -0.615266 0.78832 -1.95385e-05
    outer loop
      vertex -25.7985 31.8585 0
      vertex -25.3901 32.1773 2.14354
      vertex -24.4237 32.9315 0
    endloop
  endfacet
  facet normal -0.615329 0.78827 0
    outer loop
      vertex -25.3901 32.1773 2.14354
      vertex -25.7985 31.8585 0
      vertex -25.7985 31.8585 2.00814
    endloop
  endfacet
  facet normal -0.407239 0.578328 0.70689
    outer loop
      vertex -21.1357 31.5789 6
      vertex -21.1117 31.5958 6
      vertex -21.1684 31.6187 5.9486
    endloop
  endfacet
  facet normal -0.407463 0.57803 0.707005
    outer loop
      vertex -22.7784 34.0903 3
      vertex -21.1684 31.6187 5.9486
      vertex -21.1117 31.5958 6
    endloop
  endfacet
  facet normal -0.40724 0.578181 0.70701
    outer loop
      vertex -21.1684 31.6187 5.9486
      vertex -22.7784 34.0903 3
      vertex -23.0429 33.904 3
    endloop
  endfacet
  facet normal 0.575746 -0.817628 0.000422274
    outer loop
      vertex -21.3373 31.4369 5.92255
      vertex -21.1117 31.5958 6
      vertex -21.1357 31.5789 6
    endloop
  endfacet
  facet normal 0.575782 -0.817604 -1.1467e-05
    outer loop
      vertex -21.1117 31.5958 4.1
      vertex -21.3373 31.4369 5.92255
      vertex -22.6366 30.5219 5.43013
    endloop
  endfacet
  facet normal 0.575788 -0.817599 0
    outer loop
      vertex -21.1117 31.5958 4.1
      vertex -22.6366 30.5219 5.43013
      vertex -22.6366 30.5219 4.1
    endloop
  endfacet
  facet normal 0.575843 -0.81756 0
    outer loop
      vertex -21.3373 31.4369 5.92255
      vertex -21.1117 31.5958 4.1
      vertex -21.1117 31.5958 6
    endloop
  endfacet
  facet normal -0.575846 0.817558 0
    outer loop
      vertex -22.7784 34.0903 0
      vertex -23.0429 33.904 3
      vertex -22.7784 34.0903 3
    endloop
  endfacet
  facet normal -0.575821 0.817576 3.20521e-06
    outer loop
      vertex -23.0429 33.904 3
      vertex -22.7784 34.0903 0
      vertex -24.4237 32.9315 2.46942
    endloop
  endfacet
  facet normal -0.575824 0.817573 0
    outer loop
      vertex -24.4237 32.9315 2.46942
      vertex -22.7784 34.0903 0
      vertex -24.4237 32.9315 0
    endloop
  endfacet
  facet normal -0.378362 0.597478 0.707009
    outer loop
      vertex -21.1117 31.5958 6
      vertex -19.5359 32.5937 6
      vertex -22.7784 34.0903 3
    endloop
  endfacet
  facet normal -0.378347 0.597497 0.707001
    outer loop
      vertex -19.5359 32.5937 6
      vertex -21.0782 35.1669 3
      vertex -22.7784 34.0903 3
    endloop
  endfacet
  facet normal 0.535011 -0.844845 0
    outer loop
      vertex -21.1117 31.5958 4.1
      vertex -19.5359 32.5937 6
      vertex -21.1117 31.5958 6
    endloop
  endfacet
  facet normal 0.535011 -0.844845 0
    outer loop
      vertex -19.5359 32.5937 6
      vertex -21.1117 31.5958 4.1
      vertex -19.5359 32.5937 4.1
    endloop
  endfacet
  facet normal -0.534984 0.844862 0
    outer loop
      vertex -21.0782 35.1669 0
      vertex -22.7784 34.0903 3
      vertex -21.0782 35.1669 3
    endloop
  endfacet
  facet normal -0.534984 0.844862 0
    outer loop
      vertex -22.7784 34.0903 3
      vertex -21.0782 35.1669 0
      vertex -22.7784 34.0903 0
    endloop
  endfacet
  facet normal -0.348582 0.615337 0.707001
    outer loop
      vertex -19.5359 32.5937 6
      vertex -17.9131 33.513 6
      vertex -21.0782 35.1669 3
    endloop
  endfacet
  facet normal -0.348589 0.615329 0.707004
    outer loop
      vertex -17.9131 33.513 6
      vertex -19.3273 36.1588 3
      vertex -21.0782 35.1669 3
    endloop
  endfacet
  facet normal 0.492896 -0.870088 0
    outer loop
      vertex -19.5359 32.5937 4.1
      vertex -17.9131 33.513 6
      vertex -19.5359 32.5937 6
    endloop
  endfacet
  facet normal 0.492896 -0.870088 0
    outer loop
      vertex -17.9131 33.513 6
      vertex -19.5359 32.5937 4.1
      vertex -17.9131 33.513 4.1
    endloop
  endfacet
  facet normal -0.492909 0.870081 0
    outer loop
      vertex -19.3273 36.1588 0
      vertex -21.0782 35.1669 3
      vertex -19.3273 36.1588 3
    endloop
  endfacet
  facet normal -0.492909 0.870081 0
    outer loop
      vertex -21.0782 35.1669 3
      vertex -19.3273 36.1588 0
      vertex -21.0782 35.1669 0
    endloop
  endfacet
  facet normal -0.317974 0.631699 0.707
    outer loop
      vertex -17.0287 34.8102 5.23872
      vertex -17.9131 33.513 6
      vertex -16.7531 34.0969 6
    endloop
  endfacet
  facet normal -0.317967 0.631698 0.707005
    outer loop
      vertex -17.9131 33.513 6
      vertex -17.0287 34.8102 5.23872
      vertex -19.3273 36.1588 3
    endloop
  endfacet
  facet normal -0.317941 0.631723 0.706994
    outer loop
      vertex -17.0287 34.8102 5.23872
      vertex -17.8391 36.9078 3
      vertex -19.3273 36.1588 3
    endloop
  endfacet
  facet normal 0.449614 -0.893223 0
    outer loop
      vertex -17.9131 33.513 4.1
      vertex -16.7531 34.0969 6
      vertex -17.9131 33.513 6
    endloop
  endfacet
  facet normal 0.449614 -0.893223 3.95057e-07
    outer loop
      vertex -16.2471 34.3516 4.1
      vertex -16.7531 34.0969 6
      vertex -17.9131 33.513 4.1
    endloop
  endfacet
  facet normal 0.449781 -0.893139 5.61589e-05
    outer loop
      vertex -16.7531 34.0969 6
      vertex -16.2471 34.3516 4.1
      vertex -16.5571 34.1956 5.92407
    endloop
  endfacet
  facet normal 0.449517 -0.893272 0
    outer loop
      vertex -16.5571 34.1956 5.92407
      vertex -16.2471 34.3516 4.1
      vertex -16.2471 34.3516 5.80544
    endloop
  endfacet
  facet normal -0.449868 0.893095 0
    outer loop
      vertex -17.5298 37.0636 0
      vertex -17.8391 36.9078 3
      vertex -17.5298 37.0636 2.88017
    endloop
  endfacet
  facet normal -0.449617 0.893221 3.24425e-05
    outer loop
      vertex -17.8391 36.9078 3
      vertex -17.5298 37.0636 0
      vertex -19.3273 36.1588 0
    endloop
  endfacet
  facet normal -0.449565 0.893248 0
    outer loop
      vertex -17.8391 36.9078 3
      vertex -19.3273 36.1588 0
      vertex -19.3273 36.1588 3
    endloop
  endfacet
  facet normal 0.405233 -0.914213 0
    outer loop
      vertex -16.2471 34.3516 4.1
      vertex -14.542 35.1074 5.25754
      vertex -16.2471 34.3516 5.80544
    endloop
  endfacet
  facet normal 0.405233 -0.914213 0
    outer loop
      vertex -14.542 35.1074 5.25754
      vertex -16.2471 34.3516 4.1
      vertex -14.542 35.1074 4.1
    endloop
  endfacet
  facet normal -0.40523 0.914215 0
    outer loop
      vertex -17.5298 37.0636 0
      vertex -15.69 37.8791 2.28022
      vertex -15.69 37.8791 0
    endloop
  endfacet
  facet normal -0.40523 0.914215 0
    outer loop
      vertex -15.69 37.8791 2.28022
      vertex -17.5298 37.0636 0
      vertex -17.5298 37.0636 2.88017
    endloop
  endfacet
  facet normal 0.359888 -0.932995 0
    outer loop
      vertex -14.542 35.1074 4.1
      vertex -13.6139 35.4654 5.01383
      vertex -14.542 35.1074 5.25754
    endloop
  endfacet
  facet normal 0.359888 -0.932995 0
    outer loop
      vertex -13.6139 35.4654 5.01383
      vertex -14.542 35.1074 4.1
      vertex -13.6139 35.4654 4.1
    endloop
  endfacet
  facet normal -0.359859 0.933007 0
    outer loop
      vertex -15.69 37.8791 0
      vertex -14.6887 38.2653 2.01473
      vertex -14.6887 38.2653 0
    endloop
  endfacet
  facet normal -0.359815 0.933024 -2.51837e-05
    outer loop
      vertex -14.6887 38.2653 2.01473
      vertex -15.69 37.8791 0
      vertex -15.1705 38.0795 2.14125
    endloop
  endfacet
  facet normal -0.359906 0.932989 0
    outer loop
      vertex -15.1705 38.0795 2.14125
      vertex -15.69 37.8791 0
      vertex -15.69 37.8791 2.28022
    endloop
  endfacet
  facet normal -0.975714 -0.21905 0
    outer loop
      vertex 37.2698 7.41343 4.1
      vertex 37.0156 8.54571 5.0132
      vertex 37.0156 8.54571 4.1
    endloop
  endfacet
  facet normal -0.975714 -0.21905 0
    outer loop
      vertex 37.0156 8.54571 5.0132
      vertex 37.2698 7.41343 4.1
      vertex 37.2698 7.41343 5.30258
    endloop
  endfacet
  facet normal 0.975719 0.219024 0
    outer loop
      vertex 40.0513 8.71519 2.14316
      vertex 39.9379 9.22037 0
      vertex 39.9379 9.22037 2.01405
    endloop
  endfacet
  facet normal 0.9757 0.21911 -0
    outer loop
      vertex 40.2122 7.9987 0
      vertex 40.0513 8.71519 2.14316
      vertex 40.2122 7.9987 2.32962
    endloop
  endfacet
  facet normal 0.975708 0.219074 1.24826e-05
    outer loop
      vertex 40.0513 8.71519 2.14316
      vertex 40.2122 7.9987 0
      vertex 39.9379 9.22037 0
    endloop
  endfacet
  facet normal -0.985275 -0.17098 0
    outer loop
      vertex 37.5887 5.57576 4.1
      vertex 37.2698 7.41343 5.30258
      vertex 37.2698 7.41343 4.1
    endloop
  endfacet
  facet normal -0.985275 -0.17098 0
    outer loop
      vertex 37.2698 7.41343 5.30258
      vertex 37.5887 5.57576 4.1
      vertex 37.5887 5.57576 5.8585
    endloop
  endfacet
  facet normal 0.985281 0.170943 -0
    outer loop
      vertex 40.5562 6.01595 0
      vertex 40.2122 7.9987 2.32962
      vertex 40.5562 6.01595 2.93818
    endloop
  endfacet
  facet normal 0.985281 0.170943 0
    outer loop
      vertex 40.2122 7.9987 2.32962
      vertex 40.5562 6.01595 0
      vertex 40.2122 7.9987 0
    endloop
  endfacet
  facet normal 0.701887 0.0865731 0.707007
    outer loop
      vertex 37.817 3.72465 6
      vertex 40.2606 5.76864 3.32381
      vertex 37.6384 5.17264 6
    endloop
  endfacet
  facet normal 0.701967 0.0866069 0.706924
    outer loop
      vertex 40.2606 5.76864 3.32381
      vertex 40.8026 4.0187 3
      vertex 40.5778 5.84075 3
    endloop
  endfacet
  facet normal 0.70189 0.0865679 0.707006
    outer loop
      vertex 40.8026 4.0187 3
      vertex 40.2606 5.76864 3.32381
      vertex 37.817 3.72465 6
    endloop
  endfacet
  facet normal -0.99249 -0.122322 0
    outer loop
      vertex 37.5887 5.57576 4.1
      vertex 37.6105 5.39888 5.92018
      vertex 37.5887 5.57576 5.8585
    endloop
  endfacet
  facet normal -0.992481 -0.122396 -7.2874e-06
    outer loop
      vertex 37.5887 5.57576 4.1
      vertex 37.6384 5.17264 6
      vertex 37.6105 5.39888 5.92018
    endloop
  endfacet
  facet normal -0.99248 -0.122404 -9.06637e-06
    outer loop
      vertex 37.817 3.72465 4.1
      vertex 37.6384 5.17264 6
      vertex 37.5887 5.57576 4.1
    endloop
  endfacet
  facet normal -0.992479 -0.122416 0
    outer loop
      vertex 37.6384 5.17264 6
      vertex 37.817 3.72465 4.1
      vertex 37.817 3.72465 6
    endloop
  endfacet
  facet normal 0.992486 0.122361 0
    outer loop
      vertex 40.5778 5.84075 3
      vertex 40.5562 6.01595 0
      vertex 40.5562 6.01595 2.93818
    endloop
  endfacet
  facet normal 0.992475 0.122449 -0
    outer loop
      vertex 40.8026 4.0187 0
      vertex 40.5778 5.84075 3
      vertex 40.8026 4.0187 3
    endloop
  endfacet
  facet normal 0.992476 0.122441 4.75057e-06
    outer loop
      vertex 40.5778 5.84075 3
      vertex 40.8026 4.0187 0
      vertex 40.5562 6.01595 0
    endloop
  endfacet
  facet normal 0.705292 0.0520225 0.707006
    outer loop
      vertex 37.9542 1.86457 6
      vertex 40.8026 4.0187 3
      vertex 37.817 3.72465 6
    endloop
  endfacet
  facet normal 0.705296 0.0520117 0.707002
    outer loop
      vertex 40.9506 2.01177 3
      vertex 40.8026 4.0187 3
      vertex 37.9542 1.86457 6
    endloop
  endfacet
  facet normal -0.997291 -0.0735604 0
    outer loop
      vertex 37.9542 1.86457 4.1
      vertex 37.817 3.72465 6
      vertex 37.817 3.72465 4.1
    endloop
  endfacet
  facet normal -0.997291 -0.0735604 0
    outer loop
      vertex 37.817 3.72465 6
      vertex 37.9542 1.86457 4.1
      vertex 37.9542 1.86457 6
    endloop
  endfacet
  facet normal 0.997292 0.0735448 0
    outer loop
      vertex 40.9506 2.01177 3
      vertex 40.8026 4.0187 0
      vertex 40.8026 4.0187 3
    endloop
  endfacet
  facet normal 0.997292 0.0735448 0
    outer loop
      vertex 40.8026 4.0187 0
      vertex 40.9506 2.01177 3
      vertex 40.9506 2.01177 0
    endloop
  endfacet
  facet normal 0.706998 0.0173662 0.707002
    outer loop
      vertex 38 0 6
      vertex 40.9506 2.01177 3
      vertex 37.9542 1.86457 6
    endloop
  endfacet
  facet normal 0.707 0.0173607 0.707
    outer loop
      vertex 41 0 3
      vertex 40.9506 2.01177 3
      vertex 38 0 6
    endloop
  endfacet
  facet normal -0.999698 -0.0245559 0
    outer loop
      vertex 38 0 4.1
      vertex 37.9542 1.86457 6
      vertex 37.9542 1.86457 4.1
    endloop
  endfacet
  facet normal -0.999698 -0.0245559 0
    outer loop
      vertex 37.9542 1.86457 6
      vertex 38 0 4.1
      vertex 38 0 6
    endloop
  endfacet
  facet normal 0.999699 0.0245481 0
    outer loop
      vertex 41 0 3
      vertex 40.9506 2.01177 0
      vertex 40.9506 2.01177 3
    endloop
  endfacet
  facet normal 0.999699 0.0245481 0
    outer loop
      vertex 40.9506 2.01177 0
      vertex 41 0 3
      vertex 41 0 0
    endloop
  endfacet
  facet normal 0.707 -0.0173663 0.707
    outer loop
      vertex 41 0 3
      vertex 38 0 6
      vertex 37.9542 -1.86457 6
    endloop
  endfacet
  facet normal 0.706998 -0.0173607 0.707002
    outer loop
      vertex 40.9506 -2.01177 3
      vertex 41 0 3
      vertex 37.9542 -1.86457 6
    endloop
  endfacet
  facet normal -0.999698 0.0245559 0
    outer loop
      vertex 37.9542 -1.86457 4.1
      vertex 38 0 6
      vertex 38 0 4.1
    endloop
  endfacet
  facet normal -0.999698 0.0245559 0
    outer loop
      vertex 38 0 6
      vertex 37.9542 -1.86457 4.1
      vertex 37.9542 -1.86457 6
    endloop
  endfacet
  facet normal 0.999699 -0.0245481 0
    outer loop
      vertex 40.9506 -2.01177 3
      vertex 41 0 0
      vertex 41 0 3
    endloop
  endfacet
  facet normal 0.999699 -0.0245481 0
    outer loop
      vertex 41 0 0
      vertex 40.9506 -2.01177 3
      vertex 40.9506 -2.01177 0
    endloop
  endfacet
  facet normal 0.705296 -0.0520228 0.707002
    outer loop
      vertex 40.9506 -2.01177 3
      vertex 37.9542 -1.86457 6
      vertex 37.817 -3.72465 6
    endloop
  endfacet
  facet normal 0.705293 -0.0520115 0.707005
    outer loop
      vertex 40.8026 -4.0187 3
      vertex 40.9506 -2.01177 3
      vertex 37.817 -3.72465 6
    endloop
  endfacet
  facet normal -0.997291 0.0735604 0
    outer loop
      vertex 37.817 -3.72465 4.1
      vertex 37.9542 -1.86457 6
      vertex 37.9542 -1.86457 4.1
    endloop
  endfacet
  facet normal -0.997291 0.0735604 0
    outer loop
      vertex 37.9542 -1.86457 6
      vertex 37.817 -3.72465 4.1
      vertex 37.817 -3.72465 6
    endloop
  endfacet
  facet normal 0.997292 -0.0735448 0
    outer loop
      vertex 40.8026 -4.0187 3
      vertex 40.9506 -2.01177 0
      vertex 40.9506 -2.01177 3
    endloop
  endfacet
  facet normal 0.997292 -0.0735448 0
    outer loop
      vertex 40.9506 -2.01177 0
      vertex 40.8026 -4.0187 3
      vertex 40.8026 -4.0187 0
    endloop
  endfacet
  facet normal 0.701888 -0.0865836 0.707005
    outer loop
      vertex 37.817 -3.72465 6
      vertex 38.1709 -5.29368 5.45651
      vertex 40.8026 -4.0187 3
    endloop
  endfacet
  facet normal 0.701903 -0.0865751 0.706991
    outer loop
      vertex 38.1709 -5.29368 5.45651
      vertex 37.817 -3.72465 6
      vertex 37.6384 -5.17264 6
    endloop
  endfacet
  facet normal 0.701891 -0.0865975 0.707001
    outer loop
      vertex 40.5778 -5.84075 3
      vertex 40.8026 -4.0187 3
      vertex 38.1709 -5.29368 5.45651
    endloop
  endfacet
  facet normal -0.992479 0.122416 0
    outer loop
      vertex 37.817 -3.72465 4.1
      vertex 37.6384 -5.17264 6
      vertex 37.817 -3.72465 6
    endloop
  endfacet
  facet normal -0.99248 0.122404 -9.06637e-06
    outer loop
      vertex 37.5887 -5.57576 4.1
      vertex 37.6384 -5.17264 6
      vertex 37.817 -3.72465 4.1
    endloop
  endfacet
  facet normal -0.992481 0.122396 -7.2874e-06
    outer loop
      vertex 37.6384 -5.17264 6
      vertex 37.5887 -5.57576 4.1
      vertex 37.6105 -5.39888 5.92018
    endloop
  endfacet
  facet normal -0.99249 0.122322 0
    outer loop
      vertex 37.6105 -5.39888 5.92018
      vertex 37.5887 -5.57576 4.1
      vertex 37.5887 -5.57576 5.8585
    endloop
  endfacet
  facet normal 0.992475 -0.122449 0
    outer loop
      vertex 40.5778 -5.84075 3
      vertex 40.8026 -4.0187 0
      vertex 40.8026 -4.0187 3
    endloop
  endfacet
  facet normal 0.992486 -0.122361 0
    outer loop
      vertex 40.5562 -6.01595 0
      vertex 40.5778 -5.84075 3
      vertex 40.5562 -6.01595 2.93818
    endloop
  endfacet
  facet normal 0.992476 -0.122441 4.75057e-06
    outer loop
      vertex 40.5778 -5.84075 3
      vertex 40.5562 -6.01595 0
      vertex 40.8026 -4.0187 0
    endloop
  endfacet
  facet normal -0.985275 0.17098 0
    outer loop
      vertex 37.2698 -7.41343 5.30258
      vertex 37.5887 -5.57576 4.1
      vertex 37.2698 -7.41343 4.1
    endloop
  endfacet
  facet normal -0.985275 0.17098 0
    outer loop
      vertex 37.5887 -5.57576 4.1
      vertex 37.2698 -7.41343 5.30258
      vertex 37.5887 -5.57576 5.8585
    endloop
  endfacet
  facet normal 0.985281 -0.170943 0
    outer loop
      vertex 40.2122 -7.9987 2.32962
      vertex 40.5562 -6.01595 0
      vertex 40.5562 -6.01595 2.93818
    endloop
  endfacet
  facet normal 0.985281 -0.170943 0
    outer loop
      vertex 40.5562 -6.01595 0
      vertex 40.2122 -7.9987 2.32962
      vertex 40.2122 -7.9987 0
    endloop
  endfacet
  facet normal -0.975714 0.21905 0
    outer loop
      vertex 37.0156 -8.54571 5.0132
      vertex 37.2698 -7.41343 4.1
      vertex 37.0156 -8.54571 4.1
    endloop
  endfacet
  facet normal -0.975714 0.21905 0
    outer loop
      vertex 37.2698 -7.41343 4.1
      vertex 37.0156 -8.54571 5.0132
      vertex 37.2698 -7.41343 5.30258
    endloop
  endfacet
  facet normal 0.9757 -0.21911 0
    outer loop
      vertex 40.0513 -8.71519 2.14316
      vertex 40.2122 -7.9987 0
      vertex 40.2122 -7.9987 2.32962
    endloop
  endfacet
  facet normal 0.975719 -0.219024 0
    outer loop
      vertex 39.9379 -9.22037 0
      vertex 40.0513 -8.71519 2.14316
      vertex 39.9379 -9.22037 2.01405
    endloop
  endfacet
  facet normal 0.975708 -0.219074 1.24826e-05
    outer loop
      vertex 40.0513 -8.71519 2.14316
      vertex 39.9379 -9.22037 0
      vertex 40.2122 -7.9987 0
    endloop
  endfacet
  facet normal 0.359888 0.932995 0
    outer loop
      vertex -14.542 -35.1074 4.1
      vertex -13.6139 -35.4654 5.01383
      vertex -13.6139 -35.4654 4.1
    endloop
  endfacet
  facet normal 0.359888 0.932995 0
    outer loop
      vertex -13.6139 -35.4654 5.01383
      vertex -14.542 -35.1074 4.1
      vertex -14.542 -35.1074 5.25754
    endloop
  endfacet
  facet normal -0.359906 -0.932989 0
    outer loop
      vertex -15.69 -37.8791 0
      vertex -15.1705 -38.0795 2.14125
      vertex -15.69 -37.8791 2.28022
    endloop
  endfacet
  facet normal -0.359815 -0.933024 -2.51837e-05
    outer loop
      vertex -15.69 -37.8791 0
      vertex -14.6887 -38.2653 2.01473
      vertex -15.1705 -38.0795 2.14125
    endloop
  endfacet
  facet normal -0.359859 -0.933007 -0
    outer loop
      vertex -14.6887 -38.2653 2.01473
      vertex -15.69 -37.8791 0
      vertex -14.6887 -38.2653 0
    endloop
  endfacet
  facet normal 0.405233 0.914213 0
    outer loop
      vertex -16.2471 -34.3516 4.1
      vertex -14.542 -35.1074 5.25754
      vertex -14.542 -35.1074 4.1
    endloop
  endfacet
  facet normal 0.405233 0.914213 0
    outer loop
      vertex -14.542 -35.1074 5.25754
      vertex -16.2471 -34.3516 4.1
      vertex -16.2471 -34.3516 5.80544
    endloop
  endfacet
  facet normal -0.40523 -0.914215 0
    outer loop
      vertex -17.5298 -37.0636 0
      vertex -15.69 -37.8791 2.28022
      vertex -17.5298 -37.0636 2.88017
    endloop
  endfacet
  facet normal -0.40523 -0.914215 -0
    outer loop
      vertex -15.69 -37.8791 2.28022
      vertex -17.5298 -37.0636 0
      vertex -15.69 -37.8791 0
    endloop
  endfacet
  facet normal -0.317971 -0.631695 0.707005
    outer loop
      vertex -17.6105 -36.316 3.63167
      vertex -16.7531 -34.0969 6
      vertex -17.9131 -33.513 6
    endloop
  endfacet
  facet normal -0.317973 -0.631694 0.707005
    outer loop
      vertex -19.3273 -36.1588 3
      vertex -17.6105 -36.316 3.63167
      vertex -17.9131 -33.513 6
    endloop
  endfacet
  facet normal -0.31796 -0.631759 0.706953
    outer loop
      vertex -17.6105 -36.316 3.63167
      vertex -19.3273 -36.1588 3
      vertex -17.8391 -36.9078 3
    endloop
  endfacet
  facet normal 0.449781 0.893139 5.61589e-05
    outer loop
      vertex -16.2471 -34.3516 4.1
      vertex -16.7531 -34.0969 6
      vertex -16.5571 -34.1956 5.92407
    endloop
  endfacet
  facet normal 0.449517 0.893272 -0
    outer loop
      vertex -16.2471 -34.3516 4.1
      vertex -16.5571 -34.1956 5.92407
      vertex -16.2471 -34.3516 5.80544
    endloop
  endfacet
  facet normal 0.449614 0.893223 3.95057e-07
    outer loop
      vertex -16.7531 -34.0969 6
      vertex -16.2471 -34.3516 4.1
      vertex -17.9131 -33.513 4.1
    endloop
  endfacet
  facet normal 0.449614 0.893223 0
    outer loop
      vertex -16.7531 -34.0969 6
      vertex -17.9131 -33.513 4.1
      vertex -17.9131 -33.513 6
    endloop
  endfacet
  facet normal -0.449565 -0.893248 0
    outer loop
      vertex -19.3273 -36.1588 0
      vertex -17.8391 -36.9078 3
      vertex -19.3273 -36.1588 3
    endloop
  endfacet
  facet normal -0.449617 -0.893221 3.24425e-05
    outer loop
      vertex -17.5298 -37.0636 0
      vertex -17.8391 -36.9078 3
      vertex -19.3273 -36.1588 0
    endloop
  endfacet
  facet normal -0.449868 -0.893095 0
    outer loop
      vertex -17.8391 -36.9078 3
      vertex -17.5298 -37.0636 0
      vertex -17.5298 -37.0636 2.88017
    endloop
  endfacet
  facet normal -0.348581 -0.615334 0.707005
    outer loop
      vertex -19.3273 -36.1588 3
      vertex -17.9131 -33.513 6
      vertex -19.5359 -32.5937 6
    endloop
  endfacet
  facet normal -0.348591 -0.615332 0.707001
    outer loop
      vertex -19.3273 -36.1588 3
      vertex -19.5359 -32.5937 6
      vertex -21.0782 -35.1669 3
    endloop
  endfacet
  facet normal 0.492896 0.870088 -0
    outer loop
      vertex -17.9131 -33.513 4.1
      vertex -19.5359 -32.5937 6
      vertex -17.9131 -33.513 6
    endloop
  endfacet
  facet normal 0.492896 0.870088 0
    outer loop
      vertex -19.5359 -32.5937 6
      vertex -17.9131 -33.513 4.1
      vertex -19.5359 -32.5937 4.1
    endloop
  endfacet
  facet normal -0.492909 -0.870081 0
    outer loop
      vertex -21.0782 -35.1669 0
      vertex -19.3273 -36.1588 3
      vertex -21.0782 -35.1669 3
    endloop
  endfacet
  facet normal -0.492909 -0.870081 -0
    outer loop
      vertex -19.3273 -36.1588 3
      vertex -21.0782 -35.1669 0
      vertex -19.3273 -36.1588 0
    endloop
  endfacet
  facet normal -0.378367 -0.597485 0.707001
    outer loop
      vertex -21.0782 -35.1669 3
      vertex -19.5359 -32.5937 6
      vertex -21.1117 -31.5958 6
    endloop
  endfacet
  facet normal -0.378343 -0.597491 0.707009
    outer loop
      vertex -21.0782 -35.1669 3
      vertex -21.1117 -31.5958 6
      vertex -22.7784 -34.0903 3
    endloop
  endfacet
  facet normal 0.535011 0.844845 -0
    outer loop
      vertex -19.5359 -32.5937 4.1
      vertex -21.1117 -31.5958 6
      vertex -19.5359 -32.5937 6
    endloop
  endfacet
  facet normal 0.535011 0.844845 0
    outer loop
      vertex -21.1117 -31.5958 6
      vertex -19.5359 -32.5937 4.1
      vertex -21.1117 -31.5958 4.1
    endloop
  endfacet
  facet normal -0.534984 -0.844862 0
    outer loop
      vertex -22.7784 -34.0903 0
      vertex -21.0782 -35.1669 3
      vertex -22.7784 -34.0903 3
    endloop
  endfacet
  facet normal -0.534984 -0.844862 -0
    outer loop
      vertex -21.0782 -35.1669 3
      vertex -22.7784 -34.0903 0
      vertex -21.0782 -35.1669 0
    endloop
  endfacet
  facet normal -0.40718 -0.578244 0.706992
    outer loop
      vertex -22.7571 -33.5556 3.44945
      vertex -21.1117 -31.5958 6
      vertex -21.1357 -31.5789 6
    endloop
  endfacet
  facet normal -0.407428 -0.578054 0.707005
    outer loop
      vertex -21.1117 -31.5958 6
      vertex -22.7571 -33.5556 3.44945
      vertex -22.7784 -34.0903 3
    endloop
  endfacet
  facet normal -0.407201 -0.578124 0.707078
    outer loop
      vertex -22.7784 -34.0903 3
      vertex -22.7571 -33.5556 3.44945
      vertex -23.0429 -33.904 3
    endloop
  endfacet
  facet normal 0.575746 0.817628 0.000422274
    outer loop
      vertex -21.1117 -31.5958 6
      vertex -21.3373 -31.4369 5.92255
      vertex -21.1357 -31.5789 6
    endloop
  endfacet
  facet normal 0.575843 0.81756 -0
    outer loop
      vertex -21.1117 -31.5958 4.1
      vertex -21.3373 -31.4369 5.92255
      vertex -21.1117 -31.5958 6
    endloop
  endfacet
  facet normal 0.575782 0.817604 -1.1467e-05
    outer loop
      vertex -21.3373 -31.4369 5.92255
      vertex -21.1117 -31.5958 4.1
      vertex -22.6366 -30.5219 5.43013
    endloop
  endfacet
  facet normal 0.575788 0.817599 0
    outer loop
      vertex -22.6366 -30.5219 5.43013
      vertex -21.1117 -31.5958 4.1
      vertex -22.6366 -30.5219 4.1
    endloop
  endfacet
  facet normal -0.575821 -0.817576 3.20521e-06
    outer loop
      vertex -22.7784 -34.0903 0
      vertex -23.0429 -33.904 3
      vertex -24.4237 -32.9315 2.46942
    endloop
  endfacet
  facet normal -0.575824 -0.817573 0
    outer loop
      vertex -22.7784 -34.0903 0
      vertex -24.4237 -32.9315 2.46942
      vertex -24.4237 -32.9315 0
    endloop
  endfacet
  facet normal -0.575846 -0.817558 0
    outer loop
      vertex -23.0429 -33.904 3
      vertex -22.7784 -34.0903 0
      vertex -22.7784 -34.0903 3
    endloop
  endfacet
  facet normal 0.615272 0.788315 -0
    outer loop
      vertex -22.6366 -30.5219 4.1
      vertex -23.9108 -29.5274 5.00773
      vertex -22.6366 -30.5219 5.43013
    endloop
  endfacet
  facet normal 0.615272 0.788315 0
    outer loop
      vertex -23.9108 -29.5274 5.00773
      vertex -22.6366 -30.5219 4.1
      vertex -23.9108 -29.5274 4.1
    endloop
  endfacet
  facet normal -0.615329 -0.78827 0
    outer loop
      vertex -25.7985 -31.8585 0
      vertex -25.3901 -32.1773 2.14354
      vertex -25.7985 -31.8585 2.00814
    endloop
  endfacet
  facet normal -0.615266 -0.78832 -1.95385e-05
    outer loop
      vertex -24.4237 -32.9315 0
      vertex -25.3901 -32.1773 2.14354
      vertex -25.7985 -31.8585 0
    endloop
  endfacet
  facet normal -0.615239 -0.788341 0
    outer loop
      vertex -25.3901 -32.1773 2.14354
      vertex -24.4237 -32.9315 0
      vertex -24.4237 -32.9315 2.46942
    endloop
  endfacet
  facet normal 0.64087 -0.321987 0.696857
    outer loop
      vertex 37.5887 -5.57576 5.8585
      vertex 40.0513 -8.71519 2.14316
      vertex 37.6105 -5.39888 5.92018
    endloop
  endfacet
  facet normal 0.640842 -0.32202 0.696867
    outer loop
      vertex 37.2698 -7.41343 5.30258
      vertex 40.0513 -8.71519 2.14316
      vertex 37.5887 -5.57576 5.8585
    endloop
  endfacet
  facet normal 0.640864 -0.321976 0.696868
    outer loop
      vertex 37.0156 -8.54571 5.0132
      vertex 40.0513 -8.71519 2.14316
      vertex 37.2698 -7.41343 5.30258
    endloop
  endfacet
  facet normal 0.640868 -0.32196 0.696872
    outer loop
      vertex 40.0513 -8.71519 2.14316
      vertex 37.0156 -8.54571 5.0132
      vertex 39.9379 -9.22037 2.01405
    endloop
  endfacet
  facet normal 0.638342 -0.324926 0.697813
    outer loop
      vertex 38.1709 -5.29368 5.45651
      vertex 40.5562 -6.01595 2.93818
      vertex 40.5778 -5.84075 3
    endloop
  endfacet
  facet normal 0.638342 -0.324928 0.697812
    outer loop
      vertex 40.5562 -6.01595 2.93818
      vertex 38.1709 -5.29368 5.45651
      vertex 40.2122 -7.9987 2.32962
    endloop
  endfacet
  facet normal 0.638354 -0.324913 0.697808
    outer loop
      vertex 37.6105 -5.39888 5.92018
      vertex 40.2122 -7.9987 2.32962
      vertex 38.1709 -5.29368 5.45651
    endloop
  endfacet
  facet normal 0.638353 -0.324916 0.697807
    outer loop
      vertex 37.6105 -5.39888 5.92018
      vertex 38.1709 -5.29368 5.45651
      vertex 37.6384 -5.17264 6
    endloop
  endfacet
  facet normal 0.638329 -0.324948 0.697815
    outer loop
      vertex 40.2122 -7.9987 2.32962
      vertex 37.6105 -5.39888 5.92018
      vertex 40.0513 -8.71519 2.14316
    endloop
  endfacet
  facet normal 0.640868 0.32196 0.696872
    outer loop
      vertex 37.0156 8.54571 5.0132
      vertex 40.0513 8.71519 2.14316
      vertex 39.9379 9.22037 2.01405
    endloop
  endfacet
  facet normal 0.64087 0.321987 0.696857
    outer loop
      vertex 40.0513 8.71519 2.14316
      vertex 37.5887 5.57576 5.8585
      vertex 37.6105 5.39888 5.92018
    endloop
  endfacet
  facet normal 0.640842 0.32202 0.696867
    outer loop
      vertex 40.0513 8.71519 2.14316
      vertex 37.2698 7.41343 5.30258
      vertex 37.5887 5.57576 5.8585
    endloop
  endfacet
  facet normal 0.640864 0.321976 0.696868
    outer loop
      vertex 40.0513 8.71519 2.14316
      vertex 37.0156 8.54571 5.0132
      vertex 37.2698 7.41343 5.30258
    endloop
  endfacet
  facet normal 0.638423 0.324912 0.697746
    outer loop
      vertex 40.5562 6.01595 2.93818
      vertex 40.2606 5.76864 3.32381
      vertex 40.5778 5.84075 3
    endloop
  endfacet
  facet normal 0.638417 0.324921 0.697747
    outer loop
      vertex 40.2122 7.9987 2.32962
      vertex 40.2606 5.76864 3.32381
      vertex 40.5562 6.01595 2.93818
    endloop
  endfacet
  facet normal 0.638329 0.324948 0.697815
    outer loop
      vertex 37.6105 5.39888 5.92018
      vertex 40.2122 7.9987 2.32962
      vertex 40.0513 8.71519 2.14316
    endloop
  endfacet
  facet normal 0.638328 0.324949 0.697815
    outer loop
      vertex 40.2122 7.9987 2.32962
      vertex 37.6105 5.39888 5.92018
      vertex 40.2606 5.76864 3.32381
    endloop
  endfacet
  facet normal 0.638337 0.324919 0.69782
    outer loop
      vertex 40.2606 5.76864 3.32381
      vertex 37.6105 5.39888 5.92018
      vertex 37.6384 5.17264 6
    endloop
  endfacet
  facet normal -0.087651 0.710891 0.697819
    outer loop
      vertex -16.5571 34.1956 5.92407
      vertex -17.0287 34.8102 5.23872
      vertex -16.7531 34.0969 6
    endloop
  endfacet
  facet normal -0.0876002 0.710913 0.697803
    outer loop
      vertex -15.69 37.8791 2.28022
      vertex -17.0287 34.8102 5.23872
      vertex -16.5571 34.1956 5.92407
    endloop
  endfacet
  facet normal -0.0877287 0.710877 0.697823
    outer loop
      vertex -17.0287 34.8102 5.23872
      vertex -17.5298 37.0636 2.88017
      vertex -17.8391 36.9078 3
    endloop
  endfacet
  facet normal -0.0875584 0.710906 0.697815
    outer loop
      vertex -17.0287 34.8102 5.23872
      vertex -15.69 37.8791 2.28022
      vertex -17.5298 37.0636 2.88017
    endloop
  endfacet
  facet normal -0.0875691 0.710911 0.697809
    outer loop
      vertex -15.69 37.8791 2.28022
      vertex -16.5571 34.1956 5.92407
      vertex -15.1705 38.0795 2.14125
    endloop
  endfacet
  facet normal -0.0912817 0.711344 0.696892
    outer loop
      vertex -16.2471 34.3516 5.80544
      vertex -15.1705 38.0795 2.14125
      vertex -16.5571 34.1956 5.92407
    endloop
  endfacet
  facet normal -0.0913877 0.711352 0.696869
    outer loop
      vertex -14.542 35.1074 5.25754
      vertex -15.1705 38.0795 2.14125
      vertex -16.2471 34.3516 5.80544
    endloop
  endfacet
  facet normal -0.0914044 0.711355 0.696864
    outer loop
      vertex -14.6887 38.2653 2.01473
      vertex -14.542 35.1074 5.25754
      vertex -13.6139 35.4654 5.01383
    endloop
  endfacet
  facet normal -0.0913312 0.711362 0.696867
    outer loop
      vertex -14.542 35.1074 5.25754
      vertex -14.6887 38.2653 2.01473
      vertex -15.1705 38.0795 2.14125
    endloop
  endfacet
  facet normal -0.570339 0.434857 0.696859
    outer loop
      vertex -25.3901 32.1773 2.14354
      vertex -22.6366 30.5219 5.43013
      vertex -21.3373 31.4369 5.92255
    endloop
  endfacet
  facet normal -0.570373 0.434806 0.696863
    outer loop
      vertex -25.3901 32.1773 2.14354
      vertex -23.9108 29.5274 5.00773
      vertex -22.6366 30.5219 5.43013
    endloop
  endfacet
  facet normal -0.570416 0.434769 0.696851
    outer loop
      vertex -23.9108 29.5274 5.00773
      vertex -25.3901 32.1773 2.14354
      vertex -25.7985 31.8585 2.00814
    endloop
  endfacet
  facet normal -0.57188 0.431314 0.697797
    outer loop
      vertex -21.1684 31.6187 5.9486
      vertex -21.3373 31.4369 5.92255
      vertex -21.1357 31.5789 6
    endloop
  endfacet
  facet normal -0.571864 0.431296 0.697822
    outer loop
      vertex -23.0429 33.904 3
      vertex -21.3373 31.4369 5.92255
      vertex -21.1684 31.6187 5.9486
    endloop
  endfacet
  facet normal -0.571887 0.431274 0.697817
    outer loop
      vertex -24.4237 32.9315 2.46942
      vertex -21.3373 31.4369 5.92255
      vertex -23.0429 33.904 3
    endloop
  endfacet
  facet normal -0.571887 0.431274 0.697817
    outer loop
      vertex -21.3373 31.4369 5.92255
      vertex -24.4237 32.9315 2.46942
      vertex -25.3901 32.1773 2.14354
    endloop
  endfacet
  facet normal -0.570339 -0.434857 0.696859
    outer loop
      vertex -22.6366 -30.5219 5.43013
      vertex -25.3901 -32.1773 2.14354
      vertex -21.3373 -31.4369 5.92255
    endloop
  endfacet
  facet normal -0.570373 -0.434806 0.696863
    outer loop
      vertex -23.9108 -29.5274 5.00773
      vertex -25.3901 -32.1773 2.14354
      vertex -22.6366 -30.5219 5.43013
    endloop
  endfacet
  facet normal -0.570416 -0.434769 0.696851
    outer loop
      vertex -25.3901 -32.1773 2.14354
      vertex -23.9108 -29.5274 5.00773
      vertex -25.7985 -31.8585 2.00814
    endloop
  endfacet
  facet normal -0.571876 -0.431302 0.697808
    outer loop
      vertex -21.3373 -31.4369 5.92255
      vertex -22.7571 -33.5556 3.44945
      vertex -21.1357 -31.5789 6
    endloop
  endfacet
  facet normal -0.57186 -0.431317 0.697812
    outer loop
      vertex -24.4237 -32.9315 2.46942
      vertex -22.7571 -33.5556 3.44945
      vertex -21.3373 -31.4369 5.92255
    endloop
  endfacet
  facet normal -0.571859 -0.431195 0.697888
    outer loop
      vertex -22.7571 -33.5556 3.44945
      vertex -24.4237 -32.9315 2.46942
      vertex -23.0429 -33.904 3
    endloop
  endfacet
  facet normal -0.571887 -0.431274 0.697817
    outer loop
      vertex -24.4237 -32.9315 2.46942
      vertex -21.3373 -31.4369 5.92255
      vertex -25.3901 -32.1773 2.14354
    endloop
  endfacet
  facet normal -0.0912817 -0.711344 0.696892
    outer loop
      vertex -15.1705 -38.0795 2.14125
      vertex -16.2471 -34.3516 5.80544
      vertex -16.5571 -34.1956 5.92407
    endloop
  endfacet
  facet normal -0.0913877 -0.711352 0.696869
    outer loop
      vertex -15.1705 -38.0795 2.14125
      vertex -14.542 -35.1074 5.25754
      vertex -16.2471 -34.3516 5.80544
    endloop
  endfacet
  facet normal -0.0913312 -0.711362 0.696867
    outer loop
      vertex -14.6887 -38.2653 2.01473
      vertex -14.542 -35.1074 5.25754
      vertex -15.1705 -38.0795 2.14125
    endloop
  endfacet
  facet normal -0.0914044 -0.711355 0.696864
    outer loop
      vertex -14.542 -35.1074 5.25754
      vertex -14.6887 -38.2653 2.01473
      vertex -13.6139 -35.4654 5.01383
    endloop
  endfacet
  facet normal -0.0876467 -0.710887 0.697824
    outer loop
      vertex -17.6105 -36.316 3.63167
      vertex -16.5571 -34.1956 5.92407
      vertex -16.7531 -34.0969 6
    endloop
  endfacet
  facet normal -0.0877548 -0.710905 0.697792
    outer loop
      vertex -17.5298 -37.0636 2.88017
      vertex -17.6105 -36.316 3.63167
      vertex -17.8391 -36.9078 3
    endloop
  endfacet
  facet normal -0.0875586 -0.710907 0.697815
    outer loop
      vertex -15.69 -37.8791 2.28022
      vertex -17.6105 -36.316 3.63167
      vertex -17.5298 -37.0636 2.88017
    endloop
  endfacet
  facet normal -0.0875661 -0.710911 0.697809
    outer loop
      vertex -17.6105 -36.316 3.63167
      vertex -15.69 -37.8791 2.28022
      vertex -16.5571 -34.1956 5.92407
    endloop
  endfacet
  facet normal -0.0875691 -0.710911 0.697809
    outer loop
      vertex -16.5571 -34.1956 5.92407
      vertex -15.69 -37.8791 2.28022
      vertex -15.1705 -38.0795 2.14125
    endloop
  endfacet
  facet normal 0.41272 -0.910858 0
    outer loop
      vertex 14.7333 -35.5694 0
      vertex 17.0281 -34.5296 4.1
      vertex 14.7333 -35.5694 4.1
    endloop
  endfacet
  facet normal 0.41272 -0.910858 0
    outer loop
      vertex 17.0281 -34.5296 4.1
      vertex 14.7333 -35.5694 0
      vertex 17.0281 -34.5296 0
    endloop
  endfacet
  facet normal 0.0327325 -0.999464 0
    outer loop
      vertex 0 -38.5 0.9
      vertex 0 -38.5 0
      vertex 1.6 -38.4476 0.9
    endloop
  endfacet
  facet normal 0.0326616 -0.999466 0
    outer loop
      vertex 1.6 -38.4476 0.9
      vertex 2.51802 -38.4176 4.1
      vertex 1.6 -38.4476 4.1
    endloop
  endfacet
  facet normal 0.0326616 -0.999466 0
    outer loop
      vertex 1.6 -38.4476 0.9
      vertex 2.51802 -38.4176 0
      vertex 2.51802 -38.4176 4.1
    endloop
  endfacet
  facet normal 0.0327066 -0.999465 4.59763e-05
    outer loop
      vertex 2.51802 -38.4176 0
      vertex 1.6 -38.4476 0.9
      vertex 0 -38.5 0
    endloop
  endfacet
  facet normal 0.881926 0.471387 0
    outer loop
      vertex 34.5296 17.0281 4.1
      vertex 33.342 19.25 0
      vertex 33.342 19.25 4.1
    endloop
  endfacet
  facet normal 0.881926 0.471387 0
    outer loop
      vertex 33.342 19.25 0
      vertex 34.5296 17.0281 4.1
      vertex 34.5296 17.0281 0
    endloop
  endfacet
  facet normal -0.973876 0.227081 0
    outer loop
      vertex -37.7602 7.51098 0
      vertex -37.1881 9.96453 4.1
      vertex -37.1881 9.96453 0
    endloop
  endfacet
  facet normal -0.973876 0.227081 0
    outer loop
      vertex -37.1881 9.96453 4.1
      vertex -37.7602 7.51098 0
      vertex -37.7602 7.51098 4.1
    endloop
  endfacet
  facet normal 0.582495 0.812834 -0
    outer loop
      vertex 23.4373 30.5441 0
      vertex 21.3895 32.0116 4.1
      vertex 23.4373 30.5441 4.1
    endloop
  endfacet
  facet normal 0.582495 0.812834 0
    outer loop
      vertex 21.3895 32.0116 4.1
      vertex 23.4373 30.5441 0
      vertex 21.3895 32.0116 0
    endloop
  endfacet
  facet normal 0.52806 0.849207 -0
    outer loop
      vertex 21.3895 32.0116 0
      vertex 19.25 33.342 4.1
      vertex 21.3895 32.0116 4.1
    endloop
  endfacet
  facet normal 0.52806 0.849207 0
    outer loop
      vertex 19.25 33.342 4.1
      vertex 21.3895 32.0116 0
      vertex 19.25 33.342 0
    endloop
  endfacet
  facet normal -0.773005 0.6344 0
    outer loop
      vertex -30.5441 23.4373 0
      vertex -28.9458 25.3848 4.1
      vertex -28.9458 25.3848 0
    endloop
  endfacet
  facet normal -0.773005 0.6344 0
    outer loop
      vertex -28.9458 25.3848 4.1
      vertex -30.5441 23.4373 0
      vertex -30.5441 23.4373 4.1
    endloop
  endfacet
  facet normal -0.683587 0.729869 0
    outer loop
      vertex -25.3848 28.9458 0
      vertex -27.2236 27.2236 4.1
      vertex -25.3848 28.9458 4.1
    endloop
  endfacet
  facet normal -0.683587 0.729869 0
    outer loop
      vertex -27.2236 27.2236 4.1
      vertex -25.3848 28.9458 0
      vertex -27.2236 27.2236 0
    endloop
  endfacet
  facet normal 0.162898 -0.986643 0
    outer loop
      vertex 5.02526 -38.1706 0
      vertex 7.51098 -37.7602 4.1
      vertex 5.02526 -38.1706 4.1
    endloop
  endfacet
  facet normal 0.162898 -0.986643 0
    outer loop
      vertex 7.51098 -37.7602 4.1
      vertex 5.02526 -38.1706 0
      vertex 7.51098 -37.7602 0
    endloop
  endfacet
  facet normal -0.881926 0.471387 0
    outer loop
      vertex -34.5296 17.0281 0
      vertex -33.342 19.25 4.1
      vertex -33.342 19.25 0
    endloop
  endfacet
  facet normal -0.881926 0.471387 0
    outer loop
      vertex -33.342 19.25 4.1
      vertex -34.5296 17.0281 0
      vertex -34.5296 17.0281 4.1
    endloop
  endfacet
  facet normal 0.935913 0.352232 0
    outer loop
      vertex 36.4568 12.3754 4.1
      vertex 35.5694 14.7333 0
      vertex 35.5694 14.7333 4.1
    endloop
  endfacet
  facet normal 0.935913 0.352232 0
    outer loop
      vertex 35.5694 14.7333 0
      vertex 36.4568 12.3754 4.1
      vertex 36.4568 12.3754 0
    endloop
  endfacet
  facet normal -0.162898 -0.986643 0
    outer loop
      vertex -7.51098 -37.7602 0
      vertex -5.02526 -38.1706 4.1
      vertex -7.51098 -37.7602 4.1
    endloop
  endfacet
  facet normal -0.162898 -0.986643 -0
    outer loop
      vertex -5.02526 -38.1706 4.1
      vertex -7.51098 -37.7602 0
      vertex -5.02526 -38.1706 0
    endloop
  endfacet
  facet normal 0.162898 0.986643 -0
    outer loop
      vertex 7.51098 37.7602 0
      vertex 5.02526 38.1706 4.1
      vertex 7.51098 37.7602 4.1
    endloop
  endfacet
  facet normal 0.162898 0.986643 0
    outer loop
      vertex 5.02526 38.1706 4.1
      vertex 7.51098 37.7602 0
      vertex 5.02526 38.1706 0
    endloop
  endfacet
  facet normal 0.729869 -0.683587 0
    outer loop
      vertex 27.2236 -27.2236 4.1
      vertex 28.9458 -25.3848 0
      vertex 28.9458 -25.3848 4.1
    endloop
  endfacet
  facet normal 0.729869 -0.683587 0
    outer loop
      vertex 28.9458 -25.3848 0
      vertex 27.2236 -27.2236 4.1
      vertex 27.2236 -27.2236 0
    endloop
  endfacet
  facet normal 0.973862 0.227141 0
    outer loop
      vertex 37.4933 8.65599 4.1
      vertex 37.1881 9.96453 0
      vertex 37.1881 9.96453 4.1
    endloop
  endfacet
  facet normal 0.973862 0.227141 0
    outer loop
      vertex 37.1881 9.96453 0
      vertex 37.4933 8.65599 4.1
      vertex 37.4933 8.65599 0
    endloop
  endfacet
  facet normal 0.910858 -0.41272 0
    outer loop
      vertex 34.5296 -17.0281 4.1
      vertex 35.5694 -14.7333 0
      vertex 35.5694 -14.7333 4.1
    endloop
  endfacet
  facet normal 0.910858 -0.41272 0
    outer loop
      vertex 35.5694 -14.7333 0
      vertex 34.5296 -17.0281 4.1
      vertex 34.5296 -17.0281 0
    endloop
  endfacet
  facet normal -0.0980401 -0.995182 0
    outer loop
      vertex -5.02526 -38.1706 0
      vertex -2.51802 -38.4176 4.1
      vertex -5.02526 -38.1706 4.1
    endloop
  endfacet
  facet normal -0.0980401 -0.995182 -0
    outer loop
      vertex -2.51802 -38.4176 4.1
      vertex -5.02526 -38.1706 0
      vertex -2.51802 -38.4176 0
    endloop
  endfacet
  facet normal -0.956944 0.290274 0
    outer loop
      vertex -37.1881 9.96453 0
      vertex -36.4568 12.3754 4.1
      vertex -36.4568 12.3754 0
    endloop
  endfacet
  facet normal -0.956944 0.290274 0
    outer loop
      vertex -36.4568 12.3754 4.1
      vertex -37.1881 9.96453 0
      vertex -37.1881 9.96453 4.1
    endloop
  endfacet
  facet normal 0.582495 -0.812834 0
    outer loop
      vertex 21.3895 -32.0116 0
      vertex 23.4373 -30.5441 4.1
      vertex 21.3895 -32.0116 4.1
    endloop
  endfacet
  facet normal 0.582495 -0.812834 0
    outer loop
      vertex 23.4373 -30.5441 4.1
      vertex 21.3895 -32.0116 0
      vertex 23.4373 -30.5441 0
    endloop
  endfacet
  facet normal -0.935913 0.352232 0
    outer loop
      vertex -36.4568 12.3754 0
      vertex -35.5694 14.7333 4.1
      vertex -35.5694 14.7333 0
    endloop
  endfacet
  facet normal -0.935913 0.352232 0
    outer loop
      vertex -35.5694 14.7333 4.1
      vertex -36.4568 12.3754 0
      vertex -36.4568 12.3754 4.1
    endloop
  endfacet
  facet normal -0.773005 -0.6344 0
    outer loop
      vertex -28.9458 -25.3848 0
      vertex -30.5441 -23.4373 4.1
      vertex -30.5441 -23.4373 0
    endloop
  endfacet
  facet normal -0.773005 -0.6344 0
    outer loop
      vertex -30.5441 -23.4373 4.1
      vertex -28.9458 -25.3848 0
      vertex -28.9458 -25.3848 4.1
    endloop
  endfacet
  facet normal -0.0327066 0.999465 0
    outer loop
      vertex 0 38.5 0
      vertex -2.51802 38.4176 4.1
      vertex 0 38.5 4.1
    endloop
  endfacet
  facet normal -0.0327066 0.999465 0
    outer loop
      vertex -2.51802 38.4176 4.1
      vertex 0 38.5 0
      vertex -2.51802 38.4176 0
    endloop
  endfacet
  facet normal 0.0980401 -0.995182 0
    outer loop
      vertex 2.51802 -38.4176 0
      vertex 5.02526 -38.1706 4.1
      vertex 2.51802 -38.4176 4.1
    endloop
  endfacet
  facet normal 0.0980401 -0.995182 0
    outer loop
      vertex 5.02526 -38.1706 4.1
      vertex 2.51802 -38.4176 0
      vertex 5.02526 -38.1706 0
    endloop
  endfacet
  facet normal 0.6344 0.773005 -0
    outer loop
      vertex 25.3848 28.9458 0
      vertex 23.4373 30.5441 4.1
      vertex 25.3848 28.9458 4.1
    endloop
  endfacet
  facet normal 0.6344 0.773005 0
    outer loop
      vertex 23.4373 30.5441 4.1
      vertex 25.3848 28.9458 0
      vertex 23.4373 30.5441 0
    endloop
  endfacet
  facet normal 0.812834 -0.582495 0
    outer loop
      vertex 30.5441 -23.4373 4.1
      vertex 32.0116 -21.3895 0
      vertex 32.0116 -21.3895 4.1
    endloop
  endfacet
  facet normal 0.812834 -0.582495 0
    outer loop
      vertex 32.0116 -21.3895 0
      vertex 30.5441 -23.4373 4.1
      vertex 30.5441 -23.4373 0
    endloop
  endfacet
  facet normal 0.881926 -0.471387 0
    outer loop
      vertex 33.342 -19.25 4.1
      vertex 34.5296 -17.0281 0
      vertex 34.5296 -17.0281 4.1
    endloop
  endfacet
  facet normal 0.881926 -0.471387 0
    outer loop
      vertex 34.5296 -17.0281 0
      vertex 33.342 -19.25 4.1
      vertex 33.342 -19.25 0
    endloop
  endfacet
  facet normal -0.634401 0.773004 0
    outer loop
      vertex -24.2164 29.9047 0
      vertex -25.3848 28.9458 4.1
      vertex -24.2164 29.9047 4.1
    endloop
  endfacet
  facet normal -0.634401 0.773004 0
    outer loop
      vertex -25.3848 28.9458 4.1
      vertex -24.2164 29.9047 0
      vertex -25.3848 28.9458 0
    endloop
  endfacet
  facet normal -0.999465 0.0327066 0
    outer loop
      vertex -38.5 0 0
      vertex -38.4176 2.51802 4.1
      vertex -38.4176 2.51802 0
    endloop
  endfacet
  facet normal -0.999465 0.0327066 0
    outer loop
      vertex -38.4176 2.51802 4.1
      vertex -38.5 0 0
      vertex -38.5 0 4.1
    endloop
  endfacet
  facet normal 0.849207 0.52806 0
    outer loop
      vertex 33.342 19.25 4.1
      vertex 32.0116 21.3895 0
      vertex 32.0116 21.3895 4.1
    endloop
  endfacet
  facet normal 0.849207 0.52806 0
    outer loop
      vertex 32.0116 21.3895 0
      vertex 33.342 19.25 4.1
      vertex 33.342 19.25 0
    endloop
  endfacet
  facet normal 0.52806 -0.849207 0
    outer loop
      vertex 19.25 -33.342 0
      vertex 21.3895 -32.0116 4.1
      vertex 19.25 -33.342 4.1
    endloop
  endfacet
  facet normal 0.52806 -0.849207 0
    outer loop
      vertex 21.3895 -32.0116 4.1
      vertex 19.25 -33.342 0
      vertex 21.3895 -32.0116 0
    endloop
  endfacet
  facet normal -0.729869 -0.683587 0
    outer loop
      vertex -27.2236 -27.2236 0
      vertex -28.9458 -25.3848 4.1
      vertex -28.9458 -25.3848 0
    endloop
  endfacet
  facet normal -0.729869 -0.683587 0
    outer loop
      vertex -28.9458 -25.3848 4.1
      vertex -27.2236 -27.2236 0
      vertex -27.2236 -27.2236 4.1
    endloop
  endfacet
  facet normal 0.471387 0.881926 -0
    outer loop
      vertex 19.25 33.342 0
      vertex 17.0281 34.5296 4.1
      vertex 19.25 33.342 4.1
    endloop
  endfacet
  facet normal 0.471387 0.881926 0
    outer loop
      vertex 17.0281 34.5296 4.1
      vertex 19.25 33.342 0
      vertex 17.0281 34.5296 0
    endloop
  endfacet
  facet normal -0.634401 -0.773004 0
    outer loop
      vertex -25.3848 -28.9458 0
      vertex -24.2164 -29.9047 4.1
      vertex -25.3848 -28.9458 4.1
    endloop
  endfacet
  facet normal -0.634401 -0.773004 -0
    outer loop
      vertex -24.2164 -29.9047 4.1
      vertex -25.3848 -28.9458 0
      vertex -24.2164 -29.9047 0
    endloop
  endfacet
  facet normal -0.162898 0.986643 0
    outer loop
      vertex -5.02526 38.1706 0
      vertex -7.51098 37.7602 4.1
      vertex -5.02526 38.1706 4.1
    endloop
  endfacet
  facet normal -0.162898 0.986643 0
    outer loop
      vertex -7.51098 37.7602 4.1
      vertex -5.02526 38.1706 0
      vertex -7.51098 37.7602 0
    endloop
  endfacet
  facet normal -0.910858 -0.41272 0
    outer loop
      vertex -34.5296 -17.0281 0
      vertex -35.5694 -14.7333 4.1
      vertex -35.5694 -14.7333 0
    endloop
  endfacet
  facet normal -0.910858 -0.41272 0
    outer loop
      vertex -35.5694 -14.7333 4.1
      vertex -34.5296 -17.0281 0
      vertex -34.5296 -17.0281 4.1
    endloop
  endfacet
  facet normal 0.973862 -0.227141 0
    outer loop
      vertex 37.1881 -9.96453 4.1
      vertex 37.4933 -8.65599 0
      vertex 37.4933 -8.65599 4.1
    endloop
  endfacet
  facet normal 0.973862 -0.227141 0
    outer loop
      vertex 37.4933 -8.65599 0
      vertex 37.1881 -9.96453 4.1
      vertex 37.1881 -9.96453 0
    endloop
  endfacet
  facet normal 0.0980401 0.995182 -0
    outer loop
      vertex 5.02526 38.1706 0
      vertex 2.51802 38.4176 4.1
      vertex 5.02526 38.1706 4.1
    endloop
  endfacet
  facet normal 0.0980401 0.995182 0
    outer loop
      vertex 2.51802 38.4176 4.1
      vertex 5.02526 38.1706 0
      vertex 2.51802 38.4176 0
    endloop
  endfacet
  facet normal -0.849207 -0.52806 0
    outer loop
      vertex -32.0116 -21.3895 0
      vertex -33.342 -19.25 4.1
      vertex -33.342 -19.25 0
    endloop
  endfacet
  facet normal -0.849207 -0.52806 0
    outer loop
      vertex -33.342 -19.25 4.1
      vertex -32.0116 -21.3895 0
      vertex -32.0116 -21.3895 4.1
    endloop
  endfacet
  facet normal 0.683587 0.729869 -0
    outer loop
      vertex 27.2236 27.2236 0
      vertex 25.3848 28.9458 4.1
      vertex 27.2236 27.2236 4.1
    endloop
  endfacet
  facet normal 0.683587 0.729869 0
    outer loop
      vertex 25.3848 28.9458 4.1
      vertex 27.2236 27.2236 0
      vertex 25.3848 28.9458 0
    endloop
  endfacet
  facet normal 0.0327066 0.999465 -0
    outer loop
      vertex 2.51802 38.4176 0
      vertex 0 38.5 4.1
      vertex 2.51802 38.4176 4.1
    endloop
  endfacet
  facet normal 0.0327066 0.999465 0
    outer loop
      vertex 0 38.5 4.1
      vertex 2.51802 38.4176 0
      vertex 0 38.5 0
    endloop
  endfacet
  facet normal 0.956944 0.290274 0
    outer loop
      vertex 37.1881 9.96453 4.1
      vertex 36.4568 12.3754 0
      vertex 36.4568 12.3754 4.1
    endloop
  endfacet
  facet normal 0.956944 0.290274 0
    outer loop
      vertex 36.4568 12.3754 0
      vertex 37.1881 9.96453 4.1
      vertex 37.1881 9.96453 0
    endloop
  endfacet
  facet normal 0.41272 0.910858 -0
    outer loop
      vertex 17.0281 34.5296 0
      vertex 14.7333 35.5694 4.1
      vertex 17.0281 34.5296 4.1
    endloop
  endfacet
  facet normal 0.41272 0.910858 0
    outer loop
      vertex 14.7333 35.5694 4.1
      vertex 17.0281 34.5296 0
      vertex 14.7333 35.5694 0
    endloop
  endfacet
  facet normal 0.773005 -0.6344 0
    outer loop
      vertex 28.9458 -25.3848 4.1
      vertex 30.5441 -23.4373 0
      vertex 30.5441 -23.4373 4.1
    endloop
  endfacet
  facet normal 0.773005 -0.6344 0
    outer loop
      vertex 30.5441 -23.4373 0
      vertex 28.9458 -25.3848 4.1
      vertex 28.9458 -25.3848 0
    endloop
  endfacet
  facet normal 0 0 1
    outer loop
      vertex -1.99283 -30.4048 4.1
      vertex -1.6 -33.4694 4.1
      vertex -1.6 -30.4176 4.1
    endloop
  endfacet
  facet normal 0 0 1
    outer loop
      vertex -3.97713 -30.2093 4.1
      vertex -1.6 -33.4694 4.1
      vertex -1.99283 -30.4048 4.1
    endloop
  endfacet
  facet normal 0 0 1
    outer loop
      vertex -1.6 -33.4694 4.1
      vertex -3.97713 -30.2093 4.1
      vertex -1.73867 -33.8041 4.1
    endloop
  endfacet
  facet normal 0 0 1
    outer loop
      vertex 37.1881 9.96453 4.1
      vertex 37.0156 8.54571 4.1
      vertex 37.4933 8.65599 4.1
    endloop
  endfacet
  facet normal 0 0 1
    outer loop
      vertex 37.1881 9.96453 4.1
      vertex 29.4318 7.88622 4.1
      vertex 37.0156 8.54571 4.1
    endloop
  endfacet
  facet normal 0 0 1
    outer loop
      vertex 29.4318 7.88622 4.1
      vertex 37.1881 9.96453 4.1
      vertex 36.4568 12.3754 4.1
    endloop
  endfacet
  facet normal 0 0 1
    outer loop
      vertex 37.9542 1.86457 4.1
      vertex 37.9542 -1.86457 4.1
      vertex 38 0 4.1
    endloop
  endfacet
  facet normal 0 0 1
    outer loop
      vertex 37.817 3.72465 4.1
      vertex 37.9542 -1.86457 4.1
      vertex 37.9542 1.86457 4.1
    endloop
  endfacet
  facet normal 0 0 1
    outer loop
      vertex 37.817 3.72465 4.1
      vertex 37.817 -3.72465 4.1
      vertex 37.9542 -1.86457 4.1
    endloop
  endfacet
  facet normal 0 0 1
    outer loop
      vertex 37.5887 5.57576 4.1
      vertex 37.817 -3.72465 4.1
      vertex 37.817 3.72465 4.1
    endloop
  endfacet
  facet normal 0 0 1
    outer loop
      vertex 37.5887 5.57576 4.1
      vertex 37.5887 -5.57576 4.1
      vertex 37.817 -3.72465 4.1
    endloop
  endfacet
  facet normal 0 0 1
    outer loop
      vertex 37.2698 7.41343 4.1
      vertex 37.5887 -5.57576 4.1
      vertex 37.5887 5.57576 4.1
    endloop
  endfacet
  facet normal 0 0 1
    outer loop
      vertex 37.2698 7.41343 4.1
      vertex 37.2698 -7.41343 4.1
      vertex 37.5887 -5.57576 4.1
    endloop
  endfacet
  facet normal 0 0 1
    outer loop
      vertex 37.0156 8.54571 4.1
      vertex 37.2698 -7.41343 4.1
      vertex 37.2698 7.41343 4.1
    endloop
  endfacet
  facet normal 0 0 1
    outer loop
      vertex 37.2698 -7.41343 4.1
      vertex 37.0156 8.54571 4.1
      vertex 37.0156 -8.54571 4.1
    endloop
  endfacet
  facet normal 0 0 1
    outer loop
      vertex 37.0156 -8.54571 4.1
      vertex 37.1881 -9.96453 4.1
      vertex 37.4933 -8.65599 4.1
    endloop
  endfacet
  facet normal 0 0 1
    outer loop
      vertex 29.4318 -7.88622 4.1
      vertex 37.1881 -9.96453 4.1
      vertex 37.0156 -8.54571 4.1
    endloop
  endfacet
  facet normal 0 -0 1
    outer loop
      vertex 30.47 0 4.1
      vertex 37.0156 8.54571 4.1
      vertex 30.4048 1.99283 4.1
    endloop
  endfacet
  facet normal 0 0 1
    outer loop
      vertex 30.5787 15.5762 4.1
      vertex 36.4568 12.3754 4.1
      vertex 35.5694 14.7333 4.1
    endloop
  endfacet
  facet normal -0 0 1
    outer loop
      vertex 30.4048 -1.99283 4.1
      vertex 37.0156 -8.54571 4.1
      vertex 30.47 0 4.1
    endloop
  endfacet
  facet normal -0 0 1
    outer loop
      vertex 31.2375 16.235 4.1
      vertex 35.5694 14.7333 4.1
      vertex 34.5296 17.0281 4.1
    endloop
  endfacet
  facet normal -0 0 1
    outer loop
      vertex 30.2093 -3.97713 4.1
      vertex 37.0156 -8.54571 4.1
      vertex 30.4048 -1.99283 4.1
    endloop
  endfacet
  facet normal -0 0 1
    outer loop
      vertex 31.4174 17.6009 4.1
      vertex 34.5296 17.0281 4.1
      vertex 33.342 19.25 4.1
    endloop
  endfacet
  facet normal -0 0 1
    outer loop
      vertex 29.8845 -5.9444 4.1
      vertex 37.0156 -8.54571 4.1
      vertex 30.2093 -3.97713 4.1
    endloop
  endfacet
  facet normal 0 0 1
    outer loop
      vertex 30.9515 18.4078 4.1
      vertex 33.342 19.25 4.1
      vertex 32.0116 21.3895 4.1
    endloop
  endfacet
  facet normal 0 0 1
    outer loop
      vertex 34.5296 17.0281 4.1
      vertex 31.4787 17.135 4.1
      vertex 31.4174 16.6691 4.1
    endloop
  endfacet
  facet normal 0 0 1
    outer loop
      vertex 34.5296 17.0281 4.1
      vertex 31.4174 16.6691 4.1
      vertex 31.2375 16.235 4.1
    endloop
  endfacet
  facet normal 0 0 1
    outer loop
      vertex 34.5296 17.0281 4.1
      vertex 31.4174 17.6009 4.1
      vertex 31.4787 17.135 4.1
    endloop
  endfacet
  facet normal 0 0 1
    outer loop
      vertex 33.342 19.25 4.1
      vertex 31.2375 18.035 4.1
      vertex 31.4174 17.6009 4.1
    endloop
  endfacet
  facet normal 0 0 1
    outer loop
      vertex 33.342 19.25 4.1
      vertex 30.9515 18.4078 4.1
      vertex 31.2375 18.035 4.1
    endloop
  endfacet
  facet normal 0 0 1
    outer loop
      vertex 32.0116 21.3895 4.1
      vertex 30.5787 18.6938 4.1
      vertex 30.9515 18.4078 4.1
    endloop
  endfacet
  facet normal 0 0 1
    outer loop
      vertex 29.6787 18.935 4.1
      vertex 32.0116 21.3895 4.1
      vertex 30.5441 23.4373 4.1
    endloop
  endfacet
  facet normal 0 0 1
    outer loop
      vertex 32.0116 21.3895 4.1
      vertex 30.1446 18.8737 4.1
      vertex 30.5787 18.6938 4.1
    endloop
  endfacet
  facet normal 0 0 1
    outer loop
      vertex 32.0116 21.3895 4.1
      vertex 29.6787 18.935 4.1
      vertex 30.1446 18.8737 4.1
    endloop
  endfacet
  facet normal 0 0 1
    outer loop
      vertex 30.5441 23.4373 4.1
      vertex 29.2128 18.8737 4.1
      vertex 29.6787 18.935 4.1
    endloop
  endfacet
  facet normal 0 0 1
    outer loop
      vertex 28.7787 18.6938 4.1
      vertex 30.5441 23.4373 4.1
      vertex 28.9458 25.3848 4.1
    endloop
  endfacet
  facet normal 0 0 1
    outer loop
      vertex 30.5441 23.4373 4.1
      vertex 28.7787 18.6938 4.1
      vertex 29.2128 18.8737 4.1
    endloop
  endfacet
  facet normal -0 0 1
    outer loop
      vertex 22.9086 20.0903 4.1
      vertex 28.7787 18.6938 4.1
      vertex 28.9458 25.3848 4.1
    endloop
  endfacet
  facet normal 0 -0 1
    outer loop
      vertex 24.1735 18.549 4.1
      vertex 28.7787 18.6938 4.1
      vertex 22.9086 20.0903 4.1
    endloop
  endfacet
  facet normal 0 0 1
    outer loop
      vertex 28.7787 18.6938 4.1
      vertex 24.1735 18.549 4.1
      vertex 28.4059 18.4078 4.1
    endloop
  endfacet
  facet normal 0 -0 1
    outer loop
      vertex 25.3349 16.9282 4.1
      vertex 28.1198 18.035 4.1
      vertex 24.1735 18.549 4.1
    endloop
  endfacet
  facet normal 0 0 1
    outer loop
      vertex 28.1198 18.035 4.1
      vertex 25.3349 16.9282 4.1
      vertex 27.94 17.6009 4.1
    endloop
  endfacet
  facet normal 0 0 1
    outer loop
      vertex 22.9086 20.0903 4.1
      vertex 28.9458 25.3848 4.1
      vertex 27.2236 27.2236 4.1
    endloop
  endfacet
  facet normal 0 0 1
    outer loop
      vertex 27.8787 17.135 4.1
      vertex 26.3878 15.235 4.1
      vertex 27.3277 13.4765 4.1
    endloop
  endfacet
  facet normal 0 0 1
    outer loop
      vertex 21.5455 21.5455 4.1
      vertex 27.2236 27.2236 4.1
      vertex 25.3848 28.9458 4.1
    endloop
  endfacet
  facet normal 0 0 1
    outer loop
      vertex 27.8787 17.135 4.1
      vertex 25.3349 16.9282 4.1
      vertex 26.3878 15.235 4.1
    endloop
  endfacet
  facet normal 0 0 1
    outer loop
      vertex 27.94 17.6009 4.1
      vertex 25.3349 16.9282 4.1
      vertex 27.8787 17.135 4.1
    endloop
  endfacet
  facet normal 0 0 1
    outer loop
      vertex 20.0903 22.9086 4.1
      vertex 25.3848 28.9458 4.1
      vertex 23.4373 30.5441 4.1
    endloop
  endfacet
  facet normal 0 0 1
    outer loop
      vertex 28.4059 18.4078 4.1
      vertex 24.1735 18.549 4.1
      vertex 28.1198 18.035 4.1
    endloop
  endfacet
  facet normal 0 0 1
    outer loop
      vertex 27.2236 27.2236 4.1
      vertex 21.5455 21.5455 4.1
      vertex 22.9086 20.0903 4.1
    endloop
  endfacet
  facet normal 0 0 1
    outer loop
      vertex 18.549 24.1735 4.1
      vertex 23.4373 30.5441 4.1
      vertex 21.3895 32.0116 4.1
    endloop
  endfacet
  facet normal 0 0 1
    outer loop
      vertex 25.3848 28.9458 4.1
      vertex 20.0903 22.9086 4.1
      vertex 21.5455 21.5455 4.1
    endloop
  endfacet
  facet normal 0 0 1
    outer loop
      vertex 16.9282 25.3349 4.1
      vertex 21.3895 32.0116 4.1
      vertex 19.25 33.342 4.1
    endloop
  endfacet
  facet normal 0 0 1
    outer loop
      vertex 23.4373 30.5441 4.1
      vertex 18.549 24.1735 4.1
      vertex 20.0903 22.9086 4.1
    endloop
  endfacet
  facet normal 0 0 1
    outer loop
      vertex 15.235 26.3878 4.1
      vertex 19.25 33.342 4.1
      vertex 17.0281 34.5296 4.1
    endloop
  endfacet
  facet normal 0 0 1
    outer loop
      vertex 21.3895 32.0116 4.1
      vertex 16.9282 25.3349 4.1
      vertex 18.549 24.1735 4.1
    endloop
  endfacet
  facet normal 0 0 1
    outer loop
      vertex 19.25 33.342 4.1
      vertex 15.235 26.3878 4.1
      vertex 16.9282 25.3349 4.1
    endloop
  endfacet
  facet normal 0 0 1
    outer loop
      vertex 13.4765 27.3277 4.1
      vertex 17.0281 34.5296 4.1
      vertex 14.7333 35.5694 4.1
    endloop
  endfacet
  facet normal 0 0 1
    outer loop
      vertex 17.0281 34.5296 4.1
      vertex 13.4765 27.3277 4.1
      vertex 15.235 26.3878 4.1
    endloop
  endfacet
  facet normal 0 0 1
    outer loop
      vertex 11.6604 28.1506 4.1
      vertex 14.7333 35.5694 4.1
      vertex 12.3754 36.4568 4.1
    endloop
  endfacet
  facet normal 0 0 1
    outer loop
      vertex 14.7333 35.5694 4.1
      vertex 11.6604 28.1506 4.1
      vertex 13.4765 27.3277 4.1
    endloop
  endfacet
  facet normal 0 0 1
    outer loop
      vertex 9.79426 28.853 4.1
      vertex 12.3754 36.4568 4.1
      vertex 9.96453 37.1881 4.1
    endloop
  endfacet
  facet normal 0 0 1
    outer loop
      vertex 12.3754 36.4568 4.1
      vertex 9.79426 28.853 4.1
      vertex 11.6604 28.1506 4.1
    endloop
  endfacet
  facet normal 0 0 1
    outer loop
      vertex 9.96453 37.1881 4.1
      vertex 7.88622 29.4318 4.1
      vertex 9.79426 28.853 4.1
    endloop
  endfacet
  facet normal 0 0 1
    outer loop
      vertex 7.51098 37.7602 4.1
      vertex 7.88622 29.4318 4.1
      vertex 9.96453 37.1881 4.1
    endloop
  endfacet
  facet normal 0 0 1
    outer loop
      vertex 7.51098 37.7602 4.1
      vertex 5.9444 29.8845 4.1
      vertex 7.88622 29.4318 4.1
    endloop
  endfacet
  facet normal 0 0 1
    outer loop
      vertex 5.02526 38.1706 4.1
      vertex 5.9444 29.8845 4.1
      vertex 7.51098 37.7602 4.1
    endloop
  endfacet
  facet normal 0 0 1
    outer loop
      vertex 5.02526 38.1706 4.1
      vertex 3.97713 30.2093 4.1
      vertex 5.9444 29.8845 4.1
    endloop
  endfacet
  facet normal 0 0 1
    outer loop
      vertex 2.51802 38.4176 4.1
      vertex 3.97713 30.2093 4.1
      vertex 5.02526 38.1706 4.1
    endloop
  endfacet
  facet normal 0 0 1
    outer loop
      vertex 2.51802 38.4176 4.1
      vertex 1.99283 30.4048 4.1
      vertex 3.97713 30.2093 4.1
    endloop
  endfacet
  facet normal 0 0 1
    outer loop
      vertex 0 38.5 4.1
      vertex 1.99283 30.4048 4.1
      vertex 2.51802 38.4176 4.1
    endloop
  endfacet
  facet normal 0 0 1
    outer loop
      vertex 0 38.5 4.1
      vertex 0 30.47 4.1
      vertex 1.99283 30.4048 4.1
    endloop
  endfacet
  facet normal 0 0 1
    outer loop
      vertex 0 38.5 4.1
      vertex -1.99283 30.4048 4.1
      vertex 0 30.47 4.1
    endloop
  endfacet
  facet normal -0 0 1
    outer loop
      vertex -2.51802 38.4176 4.1
      vertex -1.99283 30.4048 4.1
      vertex 0 38.5 4.1
    endloop
  endfacet
  facet normal 0 0 1
    outer loop
      vertex -2.51802 38.4176 4.1
      vertex -3.97713 30.2093 4.1
      vertex -1.99283 30.4048 4.1
    endloop
  endfacet
  facet normal -0 0 1
    outer loop
      vertex -5.02526 38.1706 4.1
      vertex -3.97713 30.2093 4.1
      vertex -2.51802 38.4176 4.1
    endloop
  endfacet
  facet normal 0 0 1
    outer loop
      vertex -5.02526 38.1706 4.1
      vertex -5.9444 29.8845 4.1
      vertex -3.97713 30.2093 4.1
    endloop
  endfacet
  facet normal -0 0 1
    outer loop
      vertex -7.51098 37.7602 4.1
      vertex -5.9444 29.8845 4.1
      vertex -5.02526 38.1706 4.1
    endloop
  endfacet
  facet normal 0 0 1
    outer loop
      vertex -7.51098 37.7602 4.1
      vertex -7.88622 29.4318 4.1
      vertex -5.9444 29.8845 4.1
    endloop
  endfacet
  facet normal -0 0 1
    outer loop
      vertex -9.96453 37.1881 4.1
      vertex -7.88622 29.4318 4.1
      vertex -7.51098 37.7602 4.1
    endloop
  endfacet
  facet normal 0 0 1
    outer loop
      vertex -7.88622 29.4318 4.1
      vertex -9.96453 37.1881 4.1
      vertex -9.79426 28.853 4.1
    endloop
  endfacet
  facet normal -0 0 1
    outer loop
      vertex -12.3754 36.4568 4.1
      vertex -9.79426 28.853 4.1
      vertex -9.96453 37.1881 4.1
    endloop
  endfacet
  facet normal -0 0 1
    outer loop
      vertex -13.6139 35.4654 4.1
      vertex -9.79426 28.853 4.1
      vertex -12.3754 36.4568 4.1
    endloop
  endfacet
  facet normal 0 0 1
    outer loop
      vertex -9.79426 28.853 4.1
      vertex -13.6139 35.4654 4.1
      vertex -11.6604 28.1506 4.1
    endloop
  endfacet
  facet normal -0 0 1
    outer loop
      vertex -14.542 35.1074 4.1
      vertex -11.6604 28.1506 4.1
      vertex -13.6139 35.4654 4.1
    endloop
  endfacet
  facet normal 0 -0 1
    outer loop
      vertex -13.6139 35.4654 4.1
      vertex -12.3754 36.4568 4.1
      vertex -13.7901 35.9244 4.1
    endloop
  endfacet
  facet normal 0 0 1
    outer loop
      vertex -5.02526 -38.1706 4.1
      vertex -1.6 -35.0706 4.1
      vertex -1.73867 -34.7359 4.1
    endloop
  endfacet
  facet normal 0 0 1
    outer loop
      vertex -5.02526 -38.1706 4.1
      vertex -1.73867 -34.7359 4.1
      vertex -1.8 -34.27 4.1
    endloop
  endfacet
  facet normal 0 0 1
    outer loop
      vertex -1.73867 -33.8041 4.1
      vertex -3.97713 -30.2093 4.1
      vertex -1.8 -34.27 4.1
    endloop
  endfacet
  facet normal 0 0 1
    outer loop
      vertex -1.6 -35.0706 4.1
      vertex -2.51802 -38.4176 4.1
      vertex -1.6 -38.4476 4.1
    endloop
  endfacet
  facet normal 0 0 1
    outer loop
      vertex -5.9444 -29.8845 4.1
      vertex -1.8 -34.27 4.1
      vertex -3.97713 -30.2093 4.1
    endloop
  endfacet
  facet normal 0 0 1
    outer loop
      vertex -1.6 -35.0706 4.1
      vertex -5.02526 -38.1706 4.1
      vertex -2.51802 -38.4176 4.1
    endloop
  endfacet
  facet normal 0 0 1
    outer loop
      vertex -7.51098 -37.7602 4.1
      vertex -1.8 -34.27 4.1
      vertex -5.9444 -29.8845 4.1
    endloop
  endfacet
  facet normal 0 0 1
    outer loop
      vertex -1.8 -34.27 4.1
      vertex -7.51098 -37.7602 4.1
      vertex -5.02526 -38.1706 4.1
    endloop
  endfacet
  facet normal 0 0 1
    outer loop
      vertex -7.88622 -29.4318 4.1
      vertex -7.51098 -37.7602 4.1
      vertex -5.9444 -29.8845 4.1
    endloop
  endfacet
  facet normal 0 0 1
    outer loop
      vertex -9.96453 -37.1881 4.1
      vertex -7.88622 -29.4318 4.1
      vertex -9.79426 -28.853 4.1
    endloop
  endfacet
  facet normal 0 0 1
    outer loop
      vertex -7.88622 -29.4318 4.1
      vertex -9.96453 -37.1881 4.1
      vertex -7.51098 -37.7602 4.1
    endloop
  endfacet
  facet normal 0 0 1
    outer loop
      vertex -13.6139 -35.4654 4.1
      vertex -9.79426 -28.853 4.1
      vertex -11.6604 -28.1506 4.1
    endloop
  endfacet
  facet normal 0 0 1
    outer loop
      vertex -9.79426 -28.853 4.1
      vertex -12.3754 -36.4568 4.1
      vertex -9.96453 -37.1881 4.1
    endloop
  endfacet
  facet normal 0 0 1
    outer loop
      vertex -16.2471 -34.3516 4.1
      vertex -11.6604 -28.1506 4.1
      vertex -13.4765 -27.3277 4.1
    endloop
  endfacet
  facet normal 0 0 1
    outer loop
      vertex -9.79426 -28.853 4.1
      vertex -13.6139 -35.4654 4.1
      vertex -12.3754 -36.4568 4.1
    endloop
  endfacet
  facet normal 0 0 1
    outer loop
      vertex -12.3754 -36.4568 4.1
      vertex -13.6139 -35.4654 4.1
      vertex -13.7901 -35.9244 4.1
    endloop
  endfacet
  facet normal 0 0 1
    outer loop
      vertex 3.97713 -30.2093 4.1
      vertex 1.73867 -33.8041 4.1
      vertex 1.8 -34.27 4.1
    endloop
  endfacet
  facet normal 0 0 1
    outer loop
      vertex 1.6 -33.4694 4.1
      vertex 1.99283 -30.4048 4.1
      vertex 1.6 -30.4176 4.1
    endloop
  endfacet
  facet normal 0 0 1
    outer loop
      vertex 3.97713 -30.2093 4.1
      vertex 1.6 -33.4694 4.1
      vertex 1.73867 -33.8041 4.1
    endloop
  endfacet
  facet normal -0 0 1
    outer loop
      vertex 29.4318 -7.88622 4.1
      vertex 37.0156 -8.54571 4.1
      vertex 29.8845 -5.9444 4.1
    endloop
  endfacet
  facet normal 0 0 1
    outer loop
      vertex 35.5694 14.7333 4.1
      vertex 31.2375 16.235 4.1
      vertex 30.9515 15.8622 4.1
    endloop
  endfacet
  facet normal -0 0 1
    outer loop
      vertex 30.5787 15.5762 4.1
      vertex 35.5694 14.7333 4.1
      vertex 30.9515 15.8622 4.1
    endloop
  endfacet
  facet normal 0 0 1
    outer loop
      vertex 36.4568 12.3754 4.1
      vertex 30.5787 15.5762 4.1
      vertex 28.853 9.79426 4.1
    endloop
  endfacet
  facet normal 0 0 1
    outer loop
      vertex 37.1881 -9.96453 4.1
      vertex 29.4318 -7.88622 4.1
      vertex 36.4568 -12.3754 4.1
    endloop
  endfacet
  facet normal -0 0 1
    outer loop
      vertex 28.853 -9.79426 4.1
      vertex 36.4568 -12.3754 4.1
      vertex 29.4318 -7.88622 4.1
    endloop
  endfacet
  facet normal 0 0 1
    outer loop
      vertex 37.0156 8.54571 4.1
      vertex 30.47 0 4.1
      vertex 37.0156 -8.54571 4.1
    endloop
  endfacet
  facet normal 0 0 1
    outer loop
      vertex 37.0156 8.54571 4.1
      vertex 30.2093 3.97713 4.1
      vertex 30.4048 1.99283 4.1
    endloop
  endfacet
  facet normal 0 0 1
    outer loop
      vertex 28.1506 11.6604 4.1
      vertex 30.5787 15.5762 4.1
      vertex 30.1446 15.3963 4.1
    endloop
  endfacet
  facet normal 0 0 1
    outer loop
      vertex 37.0156 8.54571 4.1
      vertex 29.8845 5.9444 4.1
      vertex 30.2093 3.97713 4.1
    endloop
  endfacet
  facet normal 0 0 1
    outer loop
      vertex 28.1506 11.6604 4.1
      vertex 30.1446 15.3963 4.1
      vertex 29.6787 15.335 4.1
    endloop
  endfacet
  facet normal 0 0 1
    outer loop
      vertex 37.0156 8.54571 4.1
      vertex 29.4318 7.88622 4.1
      vertex 29.8845 5.9444 4.1
    endloop
  endfacet
  facet normal 0 0 1
    outer loop
      vertex 27.3277 13.4765 4.1
      vertex 29.6787 15.335 4.1
      vertex 29.2128 15.3963 4.1
    endloop
  endfacet
  facet normal 0 0 1
    outer loop
      vertex 36.4568 12.3754 4.1
      vertex 28.853 9.79426 4.1
      vertex 29.4318 7.88622 4.1
    endloop
  endfacet
  facet normal 0 0 1
    outer loop
      vertex 27.3277 13.4765 4.1
      vertex 29.2128 15.3963 4.1
      vertex 28.7787 15.5762 4.1
    endloop
  endfacet
  facet normal 0 0 1
    outer loop
      vertex 27.3277 13.4765 4.1
      vertex 28.7787 15.5762 4.1
      vertex 28.4059 15.8622 4.1
    endloop
  endfacet
  facet normal 0 0 1
    outer loop
      vertex 30.5787 15.5762 4.1
      vertex 28.1506 11.6604 4.1
      vertex 28.853 9.79426 4.1
    endloop
  endfacet
  facet normal 0 0 1
    outer loop
      vertex 27.3277 13.4765 4.1
      vertex 28.4059 15.8622 4.1
      vertex 28.1198 16.235 4.1
    endloop
  endfacet
  facet normal 0 0 1
    outer loop
      vertex 27.3277 13.4765 4.1
      vertex 28.1198 16.235 4.1
      vertex 27.94 16.6691 4.1
    endloop
  endfacet
  facet normal 0 0 1
    outer loop
      vertex 27.3277 13.4765 4.1
      vertex 27.94 16.6691 4.1
      vertex 27.8787 17.135 4.1
    endloop
  endfacet
  facet normal 0 0 1
    outer loop
      vertex 29.6787 15.335 4.1
      vertex 27.3277 13.4765 4.1
      vertex 28.1506 11.6604 4.1
    endloop
  endfacet
  facet normal 0 0 1
    outer loop
      vertex 36.4568 -12.3754 4.1
      vertex 28.853 -9.79426 4.1
      vertex 35.5694 -14.7333 4.1
    endloop
  endfacet
  facet normal -0 0 1
    outer loop
      vertex 28.1506 -11.6604 4.1
      vertex 35.5694 -14.7333 4.1
      vertex 28.853 -9.79426 4.1
    endloop
  endfacet
  facet normal 0 0 1
    outer loop
      vertex 35.5694 -14.7333 4.1
      vertex 28.1506 -11.6604 4.1
      vertex 34.5296 -17.0281 4.1
    endloop
  endfacet
  facet normal -0 0 1
    outer loop
      vertex 27.3277 -13.4765 4.1
      vertex 34.5296 -17.0281 4.1
      vertex 28.1506 -11.6604 4.1
    endloop
  endfacet
  facet normal 0 0 1
    outer loop
      vertex 34.5296 -17.0281 4.1
      vertex 27.3277 -13.4765 4.1
      vertex 33.342 -19.25 4.1
    endloop
  endfacet
  facet normal -0 0 1
    outer loop
      vertex 26.3878 -15.235 4.1
      vertex 33.342 -19.25 4.1
      vertex 27.3277 -13.4765 4.1
    endloop
  endfacet
  facet normal 0 0 1
    outer loop
      vertex 33.342 -19.25 4.1
      vertex 26.3878 -15.235 4.1
      vertex 32.0116 -21.3895 4.1
    endloop
  endfacet
  facet normal -0 0 1
    outer loop
      vertex 25.3349 -16.9282 4.1
      vertex 32.0116 -21.3895 4.1
      vertex 26.3878 -15.235 4.1
    endloop
  endfacet
  facet normal 0 0 1
    outer loop
      vertex 32.0116 -21.3895 4.1
      vertex 25.3349 -16.9282 4.1
      vertex 30.5441 -23.4373 4.1
    endloop
  endfacet
  facet normal -0 0 1
    outer loop
      vertex 24.1735 -18.549 4.1
      vertex 30.5441 -23.4373 4.1
      vertex 25.3349 -16.9282 4.1
    endloop
  endfacet
  facet normal 0 0 1
    outer loop
      vertex 30.5441 -23.4373 4.1
      vertex 24.1735 -18.549 4.1
      vertex 28.9458 -25.3848 4.1
    endloop
  endfacet
  facet normal -0 0 1
    outer loop
      vertex 22.9086 -20.0903 4.1
      vertex 28.9458 -25.3848 4.1
      vertex 24.1735 -18.549 4.1
    endloop
  endfacet
  facet normal 0 0 1
    outer loop
      vertex 28.9458 -25.3848 4.1
      vertex 22.9086 -20.0903 4.1
      vertex 27.2236 -27.2236 4.1
    endloop
  endfacet
  facet normal -0 0 1
    outer loop
      vertex 21.5455 -21.5455 4.1
      vertex 27.2236 -27.2236 4.1
      vertex 22.9086 -20.0903 4.1
    endloop
  endfacet
  facet normal 0 0 1
    outer loop
      vertex 27.2236 -27.2236 4.1
      vertex 21.5455 -21.5455 4.1
      vertex 25.3848 -28.9458 4.1
    endloop
  endfacet
  facet normal -0 0 1
    outer loop
      vertex 20.0903 -22.9086 4.1
      vertex 25.3848 -28.9458 4.1
      vertex 21.5455 -21.5455 4.1
    endloop
  endfacet
  facet normal 0 0 1
    outer loop
      vertex 25.3848 -28.9458 4.1
      vertex 20.0903 -22.9086 4.1
      vertex 23.4373 -30.5441 4.1
    endloop
  endfacet
  facet normal -0 0 1
    outer loop
      vertex 18.549 -24.1735 4.1
      vertex 23.4373 -30.5441 4.1
      vertex 20.0903 -22.9086 4.1
    endloop
  endfacet
  facet normal 0 0 1
    outer loop
      vertex 23.4373 -30.5441 4.1
      vertex 18.549 -24.1735 4.1
      vertex 21.3895 -32.0116 4.1
    endloop
  endfacet
  facet normal -0 0 1
    outer loop
      vertex 16.9282 -25.3349 4.1
      vertex 21.3895 -32.0116 4.1
      vertex 18.549 -24.1735 4.1
    endloop
  endfacet
  facet normal 0 0 1
    outer loop
      vertex 21.3895 -32.0116 4.1
      vertex 16.9282 -25.3349 4.1
      vertex 19.25 -33.342 4.1
    endloop
  endfacet
  facet normal -0 0 1
    outer loop
      vertex 15.235 -26.3878 4.1
      vertex 19.25 -33.342 4.1
      vertex 16.9282 -25.3349 4.1
    endloop
  endfacet
  facet normal 0 0 1
    outer loop
      vertex 19.25 -33.342 4.1
      vertex 15.235 -26.3878 4.1
      vertex 17.0281 -34.5296 4.1
    endloop
  endfacet
  facet normal -0 0 1
    outer loop
      vertex 13.4765 -27.3277 4.1
      vertex 17.0281 -34.5296 4.1
      vertex 15.235 -26.3878 4.1
    endloop
  endfacet
  facet normal 0 0 1
    outer loop
      vertex 17.0281 -34.5296 4.1
      vertex 13.4765 -27.3277 4.1
      vertex 14.7333 -35.5694 4.1
    endloop
  endfacet
  facet normal -0 0 1
    outer loop
      vertex 11.6604 -28.1506 4.1
      vertex 14.7333 -35.5694 4.1
      vertex 13.4765 -27.3277 4.1
    endloop
  endfacet
  facet normal 0 0 1
    outer loop
      vertex 14.7333 -35.5694 4.1
      vertex 11.6604 -28.1506 4.1
      vertex 12.3754 -36.4568 4.1
    endloop
  endfacet
  facet normal -0 0 1
    outer loop
      vertex 9.79426 -28.853 4.1
      vertex 12.3754 -36.4568 4.1
      vertex 11.6604 -28.1506 4.1
    endloop
  endfacet
  facet normal 0 0 1
    outer loop
      vertex 12.3754 -36.4568 4.1
      vertex 9.79426 -28.853 4.1
      vertex 9.96453 -37.1881 4.1
    endloop
  endfacet
  facet normal -0 0 1
    outer loop
      vertex 7.88622 -29.4318 4.1
      vertex 9.96453 -37.1881 4.1
      vertex 9.79426 -28.853 4.1
    endloop
  endfacet
  facet normal 0 0 1
    outer loop
      vertex 7.88622 -29.4318 4.1
      vertex 7.51098 -37.7602 4.1
      vertex 9.96453 -37.1881 4.1
    endloop
  endfacet
  facet normal -0 0 1
    outer loop
      vertex 5.9444 -29.8845 4.1
      vertex 7.51098 -37.7602 4.1
      vertex 7.88622 -29.4318 4.1
    endloop
  endfacet
  facet normal -0 0 1
    outer loop
      vertex 1.8 -34.27 4.1
      vertex 7.51098 -37.7602 4.1
      vertex 5.9444 -29.8845 4.1
    endloop
  endfacet
  facet normal 0 0 1
    outer loop
      vertex 1.8 -34.27 4.1
      vertex 5.9444 -29.8845 4.1
      vertex 3.97713 -30.2093 4.1
    endloop
  endfacet
  facet normal 0 0 1
    outer loop
      vertex 7.51098 -37.7602 4.1
      vertex 1.8 -34.27 4.1
      vertex 5.02526 -38.1706 4.1
    endloop
  endfacet
  facet normal 0 0 1
    outer loop
      vertex 1.6 -33.4694 4.1
      vertex 3.97713 -30.2093 4.1
      vertex 1.99283 -30.4048 4.1
    endloop
  endfacet
  facet normal -0 0 1
    outer loop
      vertex 1.73867 -34.7359 4.1
      vertex 5.02526 -38.1706 4.1
      vertex 1.8 -34.27 4.1
    endloop
  endfacet
  facet normal -0 0 1
    outer loop
      vertex 1.6 -35.0706 4.1
      vertex 5.02526 -38.1706 4.1
      vertex 1.73867 -34.7359 4.1
    endloop
  endfacet
  facet normal 0 0 1
    outer loop
      vertex 5.02526 -38.1706 4.1
      vertex 1.6 -35.0706 4.1
      vertex 2.51802 -38.4176 4.1
    endloop
  endfacet
  facet normal 0 0 1
    outer loop
      vertex 2.51802 -38.4176 4.1
      vertex 1.6 -35.0706 4.1
      vertex 1.6 -38.4476 4.1
    endloop
  endfacet
  facet normal -0 0 1
    outer loop
      vertex -16.2471 34.3516 4.1
      vertex -11.6604 28.1506 4.1
      vertex -14.542 35.1074 4.1
    endloop
  endfacet
  facet normal 0 0 1
    outer loop
      vertex -11.6604 28.1506 4.1
      vertex -16.2471 34.3516 4.1
      vertex -13.4765 27.3277 4.1
    endloop
  endfacet
  facet normal -0 0 1
    outer loop
      vertex -17.9131 33.513 4.1
      vertex -13.4765 27.3277 4.1
      vertex -16.2471 34.3516 4.1
    endloop
  endfacet
  facet normal 0 0 1
    outer loop
      vertex -13.4765 27.3277 4.1
      vertex -17.9131 33.513 4.1
      vertex -15.235 26.3878 4.1
    endloop
  endfacet
  facet normal -0 0 1
    outer loop
      vertex -19.5359 32.5937 4.1
      vertex -15.235 26.3878 4.1
      vertex -17.9131 33.513 4.1
    endloop
  endfacet
  facet normal 0 0 1
    outer loop
      vertex -15.235 26.3878 4.1
      vertex -19.5359 32.5937 4.1
      vertex -16.9282 25.3349 4.1
    endloop
  endfacet
  facet normal -0 0 1
    outer loop
      vertex -21.1117 31.5958 4.1
      vertex -16.9282 25.3349 4.1
      vertex -19.5359 32.5937 4.1
    endloop
  endfacet
  facet normal -0 0 1
    outer loop
      vertex -22.6366 30.5219 4.1
      vertex -16.9282 25.3349 4.1
      vertex -21.1117 31.5958 4.1
    endloop
  endfacet
  facet normal 0 0 1
    outer loop
      vertex -16.9282 25.3349 4.1
      vertex -22.6366 30.5219 4.1
      vertex -18.549 24.1735 4.1
    endloop
  endfacet
  facet normal -0 0 1
    outer loop
      vertex -23.9108 29.5274 4.1
      vertex -18.549 24.1735 4.1
      vertex -22.6366 30.5219 4.1
    endloop
  endfacet
  facet normal 0 0 1
    outer loop
      vertex -18.549 24.1735 4.1
      vertex -23.9108 29.5274 4.1
      vertex -20.0903 22.9086 4.1
    endloop
  endfacet
  facet normal -0 0 1
    outer loop
      vertex -25.3848 28.9458 4.1
      vertex -20.0903 22.9086 4.1
      vertex -23.9108 29.5274 4.1
    endloop
  endfacet
  facet normal 0 0 1
    outer loop
      vertex -20.0903 22.9086 4.1
      vertex -25.3848 28.9458 4.1
      vertex -21.5455 21.5455 4.1
    endloop
  endfacet
  facet normal -0 0 1
    outer loop
      vertex -27.2236 27.2236 4.1
      vertex -21.5455 21.5455 4.1
      vertex -25.3848 28.9458 4.1
    endloop
  endfacet
  facet normal 0 0 1
    outer loop
      vertex -25.3848 28.9458 4.1
      vertex -23.9108 29.5274 4.1
      vertex -24.2164 29.9047 4.1
    endloop
  endfacet
  facet normal 0 0 1
    outer loop
      vertex -21.5455 21.5455 4.1
      vertex -27.2236 27.2236 4.1
      vertex -22.9086 20.0903 4.1
    endloop
  endfacet
  facet normal -0 0 1
    outer loop
      vertex -28.9458 25.3848 4.1
      vertex -22.9086 20.0903 4.1
      vertex -27.2236 27.2236 4.1
    endloop
  endfacet
  facet normal 0 -0 1
    outer loop
      vertex -28.7787 18.6938 4.1
      vertex -22.9086 20.0903 4.1
      vertex -28.9458 25.3848 4.1
    endloop
  endfacet
  facet normal 0 0 1
    outer loop
      vertex -22.9086 20.0903 4.1
      vertex -28.7787 18.6938 4.1
      vertex -24.1735 18.549 4.1
    endloop
  endfacet
  facet normal -0 -0 1
    outer loop
      vertex -27.94 17.6009 4.1
      vertex -25.3349 16.9282 4.1
      vertex -28.1198 18.035 4.1
    endloop
  endfacet
  facet normal 0 0 1
    outer loop
      vertex -25.3349 16.9282 4.1
      vertex -27.94 16.6691 4.1
      vertex -26.3878 15.235 4.1
    endloop
  endfacet
  facet normal 0 0 1
    outer loop
      vertex -27.94 16.6691 4.1
      vertex -25.3349 16.9282 4.1
      vertex -27.8787 17.135 4.1
    endloop
  endfacet
  facet normal -0 -0 1
    outer loop
      vertex -27.8787 17.135 4.1
      vertex -25.3349 16.9282 4.1
      vertex -27.94 17.6009 4.1
    endloop
  endfacet
  facet normal 0 0 1
    outer loop
      vertex -24.1735 18.549 4.1
      vertex -28.1198 18.035 4.1
      vertex -25.3349 16.9282 4.1
    endloop
  endfacet
  facet normal 0 -0 1
    outer loop
      vertex -28.1198 18.035 4.1
      vertex -24.1735 18.549 4.1
      vertex -28.4059 18.4078 4.1
    endloop
  endfacet
  facet normal 0 0 1
    outer loop
      vertex -24.1735 18.549 4.1
      vertex -28.7787 18.6938 4.1
      vertex -28.4059 18.4078 4.1
    endloop
  endfacet
  facet normal -0 0 1
    outer loop
      vertex -30.5441 23.4373 4.1
      vertex -28.7787 18.6938 4.1
      vertex -28.9458 25.3848 4.1
    endloop
  endfacet
  facet normal 0 0 1
    outer loop
      vertex -28.7787 18.6938 4.1
      vertex -30.5441 23.4373 4.1
      vertex -29.2128 18.8737 4.1
    endloop
  endfacet
  facet normal 0 0 1
    outer loop
      vertex -29.2128 18.8737 4.1
      vertex -30.5441 23.4373 4.1
      vertex -29.6787 18.935 4.1
    endloop
  endfacet
  facet normal -0 0 1
    outer loop
      vertex -32.0116 21.3895 4.1
      vertex -29.6787 18.935 4.1
      vertex -30.5441 23.4373 4.1
    endloop
  endfacet
  facet normal 0 0 1
    outer loop
      vertex -29.6787 18.935 4.1
      vertex -32.0116 21.3895 4.1
      vertex -30.1446 18.8737 4.1
    endloop
  endfacet
  facet normal 0 0 1
    outer loop
      vertex -30.1446 18.8737 4.1
      vertex -32.0116 21.3895 4.1
      vertex -30.5787 18.6938 4.1
    endloop
  endfacet
  facet normal 0 0 1
    outer loop
      vertex -30.5787 18.6938 4.1
      vertex -32.0116 21.3895 4.1
      vertex -30.9515 18.4078 4.1
    endloop
  endfacet
  facet normal -0 0 1
    outer loop
      vertex -33.342 19.25 4.1
      vertex -30.9515 18.4078 4.1
      vertex -32.0116 21.3895 4.1
    endloop
  endfacet
  facet normal 0 0 1
    outer loop
      vertex -31.2375 18.035 4.1
      vertex -33.342 19.25 4.1
      vertex -31.4174 17.6009 4.1
    endloop
  endfacet
  facet normal 0 0 1
    outer loop
      vertex -30.9515 18.4078 4.1
      vertex -33.342 19.25 4.1
      vertex -31.2375 18.035 4.1
    endloop
  endfacet
  facet normal -0 0 1
    outer loop
      vertex -28.1198 16.235 4.1
      vertex -26.3878 15.235 4.1
      vertex -27.94 16.6691 4.1
    endloop
  endfacet
  facet normal -0 0 1
    outer loop
      vertex -28.4059 15.8622 4.1
      vertex -26.3878 15.235 4.1
      vertex -28.1198 16.235 4.1
    endloop
  endfacet
  facet normal 0 0 1
    outer loop
      vertex -26.3878 15.235 4.1
      vertex -28.4059 15.8622 4.1
      vertex -27.3277 13.4765 4.1
    endloop
  endfacet
  facet normal -0 0 1
    outer loop
      vertex -28.7787 15.5762 4.1
      vertex -27.3277 13.4765 4.1
      vertex -28.4059 15.8622 4.1
    endloop
  endfacet
  facet normal -0 0 1
    outer loop
      vertex -29.2128 15.3963 4.1
      vertex -27.3277 13.4765 4.1
      vertex -28.7787 15.5762 4.1
    endloop
  endfacet
  facet normal -0 0 1
    outer loop
      vertex -29.6787 15.335 4.1
      vertex -27.3277 13.4765 4.1
      vertex -29.2128 15.3963 4.1
    endloop
  endfacet
  facet normal 0 0 1
    outer loop
      vertex -27.3277 13.4765 4.1
      vertex -29.6787 15.335 4.1
      vertex -28.1506 11.6604 4.1
    endloop
  endfacet
  facet normal 0 0 1
    outer loop
      vertex -30.1446 15.3963 4.1
      vertex -28.1506 11.6604 4.1
      vertex -29.6787 15.335 4.1
    endloop
  endfacet
  facet normal 0 0 1
    outer loop
      vertex -30.5787 15.5762 4.1
      vertex -28.1506 11.6604 4.1
      vertex -30.1446 15.3963 4.1
    endloop
  endfacet
  facet normal 0 0 1
    outer loop
      vertex -28.1506 11.6604 4.1
      vertex -30.5787 15.5762 4.1
      vertex -28.853 9.79426 4.1
    endloop
  endfacet
  facet normal -0 0 1
    outer loop
      vertex -36.4568 12.3754 4.1
      vertex -28.853 9.79426 4.1
      vertex -30.5787 15.5762 4.1
    endloop
  endfacet
  facet normal -0 0 1
    outer loop
      vertex -37.1881 9.96453 4.1
      vertex -29.4318 7.88622 4.1
      vertex -36.4568 12.3754 4.1
    endloop
  endfacet
  facet normal 0 0 1
    outer loop
      vertex -29.4318 7.88622 4.1
      vertex -37.1881 9.96453 4.1
      vertex -29.8845 5.9444 4.1
    endloop
  endfacet
  facet normal 0 0 1
    outer loop
      vertex -29.8845 5.9444 4.1
      vertex -37.7602 7.51098 4.1
      vertex -30.2093 3.97713 4.1
    endloop
  endfacet
  facet normal 0 0 1
    outer loop
      vertex -28.853 9.79426 4.1
      vertex -36.4568 12.3754 4.1
      vertex -29.4318 7.88622 4.1
    endloop
  endfacet
  facet normal -0 0 1
    outer loop
      vertex -38.1706 5.02526 4.1
      vertex -30.2093 3.97713 4.1
      vertex -37.7602 7.51098 4.1
    endloop
  endfacet
  facet normal 0 0 1
    outer loop
      vertex -35.5694 14.7333 4.1
      vertex -30.5787 15.5762 4.1
      vertex -30.9515 15.8622 4.1
    endloop
  endfacet
  facet normal 0 0 1
    outer loop
      vertex -35.5694 14.7333 4.1
      vertex -30.9515 15.8622 4.1
      vertex -31.2375 16.235 4.1
    endloop
  endfacet
  facet normal 0 0 1
    outer loop
      vertex -34.5296 17.0281 4.1
      vertex -31.2375 16.235 4.1
      vertex -31.4174 16.6691 4.1
    endloop
  endfacet
  facet normal -0 0 1
    outer loop
      vertex -34.5296 17.0281 4.1
      vertex -31.4174 16.6691 4.1
      vertex -31.4787 17.135 4.1
    endloop
  endfacet
  facet normal 0 0 1
    outer loop
      vertex -34.5296 17.0281 4.1
      vertex -31.4174 17.6009 4.1
      vertex -33.342 19.25 4.1
    endloop
  endfacet
  facet normal 0 0 1
    outer loop
      vertex -30.47 0 4.1
      vertex -32.0116 -21.3895 4.1
      vertex -30.5441 -23.4373 4.1
    endloop
  endfacet
  facet normal 0 0 1
    outer loop
      vertex -31.4174 17.6009 4.1
      vertex -34.5296 17.0281 4.1
      vertex -31.4787 17.135 4.1
    endloop
  endfacet
  facet normal 0 0 1
    outer loop
      vertex -30.47 0 4.1
      vertex -33.342 -19.25 4.1
      vertex -32.0116 -21.3895 4.1
    endloop
  endfacet
  facet normal 0 0 1
    outer loop
      vertex -31.2375 16.235 4.1
      vertex -34.5296 17.0281 4.1
      vertex -35.5694 14.7333 4.1
    endloop
  endfacet
  facet normal 0 0 1
    outer loop
      vertex -30.47 0 4.1
      vertex -34.5296 -17.0281 4.1
      vertex -33.342 -19.25 4.1
    endloop
  endfacet
  facet normal 0 0 1
    outer loop
      vertex -30.5787 15.5762 4.1
      vertex -35.5694 14.7333 4.1
      vertex -36.4568 12.3754 4.1
    endloop
  endfacet
  facet normal 0 0 1
    outer loop
      vertex -30.47 0 4.1
      vertex -35.5694 -14.7333 4.1
      vertex -34.5296 -17.0281 4.1
    endloop
  endfacet
  facet normal -0 0 1
    outer loop
      vertex -37.7602 7.51098 4.1
      vertex -29.8845 5.9444 4.1
      vertex -37.1881 9.96453 4.1
    endloop
  endfacet
  facet normal 0 0 1
    outer loop
      vertex -30.47 0 4.1
      vertex -36.4568 -12.3754 4.1
      vertex -35.5694 -14.7333 4.1
    endloop
  endfacet
  facet normal 0 0 1
    outer loop
      vertex -30.2093 3.97713 4.1
      vertex -38.1706 5.02526 4.1
      vertex -30.4048 1.99283 4.1
    endloop
  endfacet
  facet normal 0 0 1
    outer loop
      vertex -30.47 0 4.1
      vertex -37.1881 -9.96453 4.1
      vertex -36.4568 -12.3754 4.1
    endloop
  endfacet
  facet normal -0 0 1
    outer loop
      vertex -38.4176 2.51802 4.1
      vertex -30.4048 1.99283 4.1
      vertex -38.1706 5.02526 4.1
    endloop
  endfacet
  facet normal 0 0 1
    outer loop
      vertex -30.47 0 4.1
      vertex -37.7602 -7.51098 4.1
      vertex -37.1881 -9.96453 4.1
    endloop
  endfacet
  facet normal 0 0 1
    outer loop
      vertex -30.4048 1.99283 4.1
      vertex -38.4176 2.51802 4.1
      vertex -30.47 0 4.1
    endloop
  endfacet
  facet normal 0 0 1
    outer loop
      vertex -30.47 0 4.1
      vertex -38.1706 -5.02526 4.1
      vertex -37.7602 -7.51098 4.1
    endloop
  endfacet
  facet normal 0 0 1
    outer loop
      vertex -30.47 0 4.1
      vertex -38.4176 2.51802 4.1
      vertex -38.5 0 4.1
    endloop
  endfacet
  facet normal 0 0 1
    outer loop
      vertex -30.47 0 4.1
      vertex -38.4176 -2.51802 4.1
      vertex -38.1706 -5.02526 4.1
    endloop
  endfacet
  facet normal 0 0 1
    outer loop
      vertex -30.47 0 4.1
      vertex -38.5 0 4.1
      vertex -38.4176 -2.51802 4.1
    endloop
  endfacet
  facet normal 0 0 1
    outer loop
      vertex -11.6604 -28.1506 4.1
      vertex -14.542 -35.1074 4.1
      vertex -13.6139 -35.4654 4.1
    endloop
  endfacet
  facet normal 0 0 1
    outer loop
      vertex -17.9131 -33.513 4.1
      vertex -13.4765 -27.3277 4.1
      vertex -15.235 -26.3878 4.1
    endloop
  endfacet
  facet normal 0 0 1
    outer loop
      vertex -11.6604 -28.1506 4.1
      vertex -16.2471 -34.3516 4.1
      vertex -14.542 -35.1074 4.1
    endloop
  endfacet
  facet normal 0 0 1
    outer loop
      vertex -19.5359 -32.5937 4.1
      vertex -15.235 -26.3878 4.1
      vertex -16.9282 -25.3349 4.1
    endloop
  endfacet
  facet normal 0 0 1
    outer loop
      vertex -13.4765 -27.3277 4.1
      vertex -17.9131 -33.513 4.1
      vertex -16.2471 -34.3516 4.1
    endloop
  endfacet
  facet normal 0 0 1
    outer loop
      vertex -22.6366 -30.5219 4.1
      vertex -16.9282 -25.3349 4.1
      vertex -18.549 -24.1735 4.1
    endloop
  endfacet
  facet normal 0 0 1
    outer loop
      vertex -15.235 -26.3878 4.1
      vertex -19.5359 -32.5937 4.1
      vertex -17.9131 -33.513 4.1
    endloop
  endfacet
  facet normal 0 0 1
    outer loop
      vertex -23.9108 -29.5274 4.1
      vertex -18.549 -24.1735 4.1
      vertex -20.0903 -22.9086 4.1
    endloop
  endfacet
  facet normal 0 0 1
    outer loop
      vertex -16.9282 -25.3349 4.1
      vertex -21.1117 -31.5958 4.1
      vertex -19.5359 -32.5937 4.1
    endloop
  endfacet
  facet normal 0 0 1
    outer loop
      vertex -25.3848 -28.9458 4.1
      vertex -20.0903 -22.9086 4.1
      vertex -21.5455 -21.5455 4.1
    endloop
  endfacet
  facet normal 0 0 1
    outer loop
      vertex -16.9282 -25.3349 4.1
      vertex -22.6366 -30.5219 4.1
      vertex -21.1117 -31.5958 4.1
    endloop
  endfacet
  facet normal 0 0 1
    outer loop
      vertex -27.2236 -27.2236 4.1
      vertex -21.5455 -21.5455 4.1
      vertex -22.9086 -20.0903 4.1
    endloop
  endfacet
  facet normal 0 0 1
    outer loop
      vertex -18.549 -24.1735 4.1
      vertex -23.9108 -29.5274 4.1
      vertex -22.6366 -30.5219 4.1
    endloop
  endfacet
  facet normal 0 0 1
    outer loop
      vertex -28.9458 -25.3848 4.1
      vertex -22.9086 -20.0903 4.1
      vertex -24.1735 -18.549 4.1
    endloop
  endfacet
  facet normal 0 0 1
    outer loop
      vertex -21.5455 -21.5455 4.1
      vertex -27.2236 -27.2236 4.1
      vertex -25.3848 -28.9458 4.1
    endloop
  endfacet
  facet normal 0 0 1
    outer loop
      vertex -30.5441 -23.4373 4.1
      vertex -24.1735 -18.549 4.1
      vertex -25.3349 -16.9282 4.1
    endloop
  endfacet
  facet normal 0 0 1
    outer loop
      vertex -23.9108 -29.5274 4.1
      vertex -25.3848 -28.9458 4.1
      vertex -24.2164 -29.9047 4.1
    endloop
  endfacet
  facet normal 0 0 1
    outer loop
      vertex -30.5441 -23.4373 4.1
      vertex -25.3349 -16.9282 4.1
      vertex -26.3878 -15.235 4.1
    endloop
  endfacet
  facet normal 0 0 1
    outer loop
      vertex -20.0903 -22.9086 4.1
      vertex -25.3848 -28.9458 4.1
      vertex -23.9108 -29.5274 4.1
    endloop
  endfacet
  facet normal 0 0 1
    outer loop
      vertex -30.5441 -23.4373 4.1
      vertex -26.3878 -15.235 4.1
      vertex -27.3277 -13.4765 4.1
    endloop
  endfacet
  facet normal 0 0 1
    outer loop
      vertex -30.5441 -23.4373 4.1
      vertex -27.3277 -13.4765 4.1
      vertex -28.1506 -11.6604 4.1
    endloop
  endfacet
  facet normal 0 0 1
    outer loop
      vertex -30.5441 -23.4373 4.1
      vertex -28.1506 -11.6604 4.1
      vertex -28.853 -9.79426 4.1
    endloop
  endfacet
  facet normal 0 0 1
    outer loop
      vertex -22.9086 -20.0903 4.1
      vertex -28.9458 -25.3848 4.1
      vertex -27.2236 -27.2236 4.1
    endloop
  endfacet
  facet normal 0 0 1
    outer loop
      vertex -30.5441 -23.4373 4.1
      vertex -28.853 -9.79426 4.1
      vertex -29.4318 -7.88622 4.1
    endloop
  endfacet
  facet normal 0 0 1
    outer loop
      vertex -30.5441 -23.4373 4.1
      vertex -29.4318 -7.88622 4.1
      vertex -29.8845 -5.9444 4.1
    endloop
  endfacet
  facet normal 0 0 1
    outer loop
      vertex -30.5441 -23.4373 4.1
      vertex -29.8845 -5.9444 4.1
      vertex -30.2093 -3.97713 4.1
    endloop
  endfacet
  facet normal 0 0 1
    outer loop
      vertex -30.5441 -23.4373 4.1
      vertex -30.2093 -3.97713 4.1
      vertex -30.4048 -1.99283 4.1
    endloop
  endfacet
  facet normal 0 0 1
    outer loop
      vertex -24.1735 -18.549 4.1
      vertex -30.5441 -23.4373 4.1
      vertex -28.9458 -25.3848 4.1
    endloop
  endfacet
  facet normal 0 0 1
    outer loop
      vertex -30.5441 -23.4373 4.1
      vertex -30.4048 -1.99283 4.1
      vertex -30.47 0 4.1
    endloop
  endfacet
  facet normal 0.812834 0.582495 0
    outer loop
      vertex 32.0116 21.3895 4.1
      vertex 30.5441 23.4373 0
      vertex 30.5441 23.4373 4.1
    endloop
  endfacet
  facet normal 0.812834 0.582495 0
    outer loop
      vertex 30.5441 23.4373 0
      vertex 32.0116 21.3895 4.1
      vertex 32.0116 21.3895 0
    endloop
  endfacet
  facet normal -0.986643 -0.162898 0
    outer loop
      vertex -37.7602 -7.51098 0
      vertex -38.1706 -5.02526 4.1
      vertex -38.1706 -5.02526 0
    endloop
  endfacet
  facet normal -0.986643 -0.162898 0
    outer loop
      vertex -38.1706 -5.02526 4.1
      vertex -37.7602 -7.51098 0
      vertex -37.7602 -7.51098 4.1
    endloop
  endfacet
  facet normal 0.910858 0.41272 0
    outer loop
      vertex 35.5694 14.7333 4.1
      vertex 34.5296 17.0281 0
      vertex 34.5296 17.0281 4.1
    endloop
  endfacet
  facet normal 0.910858 0.41272 0
    outer loop
      vertex 34.5296 17.0281 0
      vertex 35.5694 14.7333 4.1
      vertex 35.5694 14.7333 0
    endloop
  endfacet
  facet normal 0.227081 -0.973876 0
    outer loop
      vertex 7.51098 -37.7602 0
      vertex 9.96453 -37.1881 4.1
      vertex 7.51098 -37.7602 4.1
    endloop
  endfacet
  facet normal 0.227081 -0.973876 0
    outer loop
      vertex 9.96453 -37.1881 4.1
      vertex 7.51098 -37.7602 0
      vertex 9.96453 -37.1881 0
    endloop
  endfacet
  facet normal -0.812834 0.582495 0
    outer loop
      vertex -32.0116 21.3895 0
      vertex -30.5441 23.4373 4.1
      vertex -30.5441 23.4373 0
    endloop
  endfacet
  facet normal -0.812834 0.582495 0
    outer loop
      vertex -30.5441 23.4373 4.1
      vertex -32.0116 21.3895 0
      vertex -32.0116 21.3895 4.1
    endloop
  endfacet
  facet normal 0.471387 -0.881926 0
    outer loop
      vertex 17.0281 -34.5296 0
      vertex 19.25 -33.342 4.1
      vertex 17.0281 -34.5296 4.1
    endloop
  endfacet
  facet normal 0.471387 -0.881926 0
    outer loop
      vertex 19.25 -33.342 4.1
      vertex 17.0281 -34.5296 0
      vertex 19.25 -33.342 0
    endloop
  endfacet
  facet normal 0.935913 -0.352232 0
    outer loop
      vertex 35.5694 -14.7333 4.1
      vertex 36.4568 -12.3754 0
      vertex 36.4568 -12.3754 4.1
    endloop
  endfacet
  facet normal 0.935913 -0.352232 0
    outer loop
      vertex 36.4568 -12.3754 0
      vertex 35.5694 -14.7333 4.1
      vertex 35.5694 -14.7333 0
    endloop
  endfacet
  facet normal -0.227081 0.973876 0
    outer loop
      vertex -7.51098 37.7602 0
      vertex -9.96453 37.1881 4.1
      vertex -7.51098 37.7602 4.1
    endloop
  endfacet
  facet normal -0.227081 0.973876 0
    outer loop
      vertex -9.96453 37.1881 4.1
      vertex -7.51098 37.7602 0
      vertex -9.96453 37.1881 0
    endloop
  endfacet
  facet normal -0.973876 -0.227081 0
    outer loop
      vertex -37.1881 -9.96453 0
      vertex -37.7602 -7.51098 4.1
      vertex -37.7602 -7.51098 0
    endloop
  endfacet
  facet normal -0.973876 -0.227081 0
    outer loop
      vertex -37.7602 -7.51098 4.1
      vertex -37.1881 -9.96453 0
      vertex -37.1881 -9.96453 4.1
    endloop
  endfacet
  facet normal -0.352218 -0.935918 0
    outer loop
      vertex -13.7901 -35.9244 0
      vertex -12.3754 -36.4568 4.1
      vertex -13.7901 -35.9244 4.1
    endloop
  endfacet
  facet normal -0.352218 -0.935918 -0
    outer loop
      vertex -12.3754 -36.4568 4.1
      vertex -13.7901 -35.9244 0
      vertex -12.3754 -36.4568 0
    endloop
  endfacet
  facet normal 0.956944 -0.290274 0
    outer loop
      vertex 36.4568 -12.3754 4.1
      vertex 37.1881 -9.96453 0
      vertex 37.1881 -9.96453 4.1
    endloop
  endfacet
  facet normal 0.956944 -0.290274 0
    outer loop
      vertex 37.1881 -9.96453 0
      vertex 36.4568 -12.3754 4.1
      vertex 36.4568 -12.3754 0
    endloop
  endfacet
  facet normal -0.0980401 0.995182 0
    outer loop
      vertex -2.51802 38.4176 0
      vertex -5.02526 38.1706 4.1
      vertex -2.51802 38.4176 4.1
    endloop
  endfacet
  facet normal -0.0980401 0.995182 0
    outer loop
      vertex -5.02526 38.1706 4.1
      vertex -2.51802 38.4176 0
      vertex -5.02526 38.1706 0
    endloop
  endfacet
  facet normal -0.935913 -0.352232 0
    outer loop
      vertex -35.5694 -14.7333 0
      vertex -36.4568 -12.3754 4.1
      vertex -36.4568 -12.3754 0
    endloop
  endfacet
  facet normal -0.935913 -0.352232 0
    outer loop
      vertex -36.4568 -12.3754 4.1
      vertex -35.5694 -14.7333 0
      vertex -35.5694 -14.7333 4.1
    endloop
  endfacet
  facet normal 0.849207 -0.52806 0
    outer loop
      vertex 32.0116 -21.3895 4.1
      vertex 33.342 -19.25 0
      vertex 33.342 -19.25 4.1
    endloop
  endfacet
  facet normal 0.849207 -0.52806 0
    outer loop
      vertex 33.342 -19.25 0
      vertex 32.0116 -21.3895 4.1
      vertex 32.0116 -21.3895 0
    endloop
  endfacet
  facet normal -0.352218 0.935918 0
    outer loop
      vertex -12.3754 36.4568 0
      vertex -13.7901 35.9244 4.1
      vertex -12.3754 36.4568 4.1
    endloop
  endfacet
  facet normal -0.352218 0.935918 0
    outer loop
      vertex -13.7901 35.9244 4.1
      vertex -12.3754 36.4568 0
      vertex -13.7901 35.9244 0
    endloop
  endfacet
  facet normal -0.290274 -0.956944 0
    outer loop
      vertex -12.3754 -36.4568 0
      vertex -9.96453 -37.1881 4.1
      vertex -12.3754 -36.4568 4.1
    endloop
  endfacet
  facet normal -0.290274 -0.956944 -0
    outer loop
      vertex -9.96453 -37.1881 4.1
      vertex -12.3754 -36.4568 0
      vertex -9.96453 -37.1881 0
    endloop
  endfacet
  facet normal 0.729869 0.683587 0
    outer loop
      vertex 28.9458 25.3848 4.1
      vertex 27.2236 27.2236 0
      vertex 27.2236 27.2236 4.1
    endloop
  endfacet
  facet normal 0.729869 0.683587 0
    outer loop
      vertex 27.2236 27.2236 0
      vertex 28.9458 25.3848 4.1
      vertex 28.9458 25.3848 0
    endloop
  endfacet
  facet normal 0.290274 0.956944 -0
    outer loop
      vertex 12.3754 36.4568 0
      vertex 9.96453 37.1881 4.1
      vertex 12.3754 36.4568 4.1
    endloop
  endfacet
  facet normal 0.290274 0.956944 0
    outer loop
      vertex 9.96453 37.1881 4.1
      vertex 12.3754 36.4568 0
      vertex 9.96453 37.1881 0
    endloop
  endfacet
  facet normal -0.956944 -0.290274 0
    outer loop
      vertex -36.4568 -12.3754 0
      vertex -37.1881 -9.96453 4.1
      vertex -37.1881 -9.96453 0
    endloop
  endfacet
  facet normal -0.956944 -0.290274 0
    outer loop
      vertex -37.1881 -9.96453 4.1
      vertex -36.4568 -12.3754 0
      vertex -36.4568 -12.3754 4.1
    endloop
  endfacet
  facet normal -0.995182 0.0980401 0
    outer loop
      vertex -38.4176 2.51802 0
      vertex -38.1706 5.02526 4.1
      vertex -38.1706 5.02526 0
    endloop
  endfacet
  facet normal -0.995182 0.0980401 0
    outer loop
      vertex -38.1706 5.02526 4.1
      vertex -38.4176 2.51802 0
      vertex -38.4176 2.51802 4.1
    endloop
  endfacet
  facet normal -0.986643 0.162898 0
    outer loop
      vertex -38.1706 5.02526 0
      vertex -37.7602 7.51098 4.1
      vertex -37.7602 7.51098 0
    endloop
  endfacet
  facet normal -0.986643 0.162898 0
    outer loop
      vertex -37.7602 7.51098 4.1
      vertex -38.1706 5.02526 0
      vertex -38.1706 5.02526 4.1
    endloop
  endfacet
  facet normal 0.773005 0.6344 0
    outer loop
      vertex 30.5441 23.4373 4.1
      vertex 28.9458 25.3848 0
      vertex 28.9458 25.3848 4.1
    endloop
  endfacet
  facet normal 0.773005 0.6344 0
    outer loop
      vertex 28.9458 25.3848 0
      vertex 30.5441 23.4373 4.1
      vertex 30.5441 23.4373 0
    endloop
  endfacet
  facet normal -0.290274 0.956944 0
    outer loop
      vertex -9.96453 37.1881 0
      vertex -12.3754 36.4568 4.1
      vertex -9.96453 37.1881 4.1
    endloop
  endfacet
  facet normal -0.290274 0.956944 0
    outer loop
      vertex -12.3754 36.4568 4.1
      vertex -9.96453 37.1881 0
      vertex -12.3754 36.4568 0
    endloop
  endfacet
  facet normal -0.881926 -0.471387 0
    outer loop
      vertex -33.342 -19.25 0
      vertex -34.5296 -17.0281 4.1
      vertex -34.5296 -17.0281 0
    endloop
  endfacet
  facet normal -0.881926 -0.471387 0
    outer loop
      vertex -34.5296 -17.0281 4.1
      vertex -33.342 -19.25 0
      vertex -33.342 -19.25 4.1
    endloop
  endfacet
  facet normal 0.352232 -0.935913 0
    outer loop
      vertex 12.3754 -36.4568 0
      vertex 14.7333 -35.5694 4.1
      vertex 12.3754 -36.4568 4.1
    endloop
  endfacet
  facet normal 0.352232 -0.935913 0
    outer loop
      vertex 14.7333 -35.5694 4.1
      vertex 12.3754 -36.4568 0
      vertex 14.7333 -35.5694 0
    endloop
  endfacet
  facet normal 0.227081 0.973876 -0
    outer loop
      vertex 9.96453 37.1881 0
      vertex 7.51098 37.7602 4.1
      vertex 9.96453 37.1881 4.1
    endloop
  endfacet
  facet normal 0.227081 0.973876 0
    outer loop
      vertex 7.51098 37.7602 4.1
      vertex 9.96453 37.1881 0
      vertex 7.51098 37.7602 0
    endloop
  endfacet
  facet normal -0.227081 -0.973876 0
    outer loop
      vertex -9.96453 -37.1881 0
      vertex -7.51098 -37.7602 4.1
      vertex -9.96453 -37.1881 4.1
    endloop
  endfacet
  facet normal -0.227081 -0.973876 -0
    outer loop
      vertex -7.51098 -37.7602 4.1
      vertex -9.96453 -37.1881 0
      vertex -7.51098 -37.7602 0
    endloop
  endfacet
  facet normal -0.910858 0.41272 0
    outer loop
      vertex -35.5694 14.7333 0
      vertex -34.5296 17.0281 4.1
      vertex -34.5296 17.0281 0
    endloop
  endfacet
  facet normal -0.910858 0.41272 0
    outer loop
      vertex -34.5296 17.0281 4.1
      vertex -35.5694 14.7333 0
      vertex -35.5694 14.7333 4.1
    endloop
  endfacet
  facet normal 0.683587 -0.729869 0
    outer loop
      vertex 25.3848 -28.9458 0
      vertex 27.2236 -27.2236 4.1
      vertex 25.3848 -28.9458 4.1
    endloop
  endfacet
  facet normal 0.683587 -0.729869 0
    outer loop
      vertex 27.2236 -27.2236 4.1
      vertex 25.3848 -28.9458 0
      vertex 27.2236 -27.2236 0
    endloop
  endfacet
  facet normal -0.849207 0.52806 0
    outer loop
      vertex -33.342 19.25 0
      vertex -32.0116 21.3895 4.1
      vertex -32.0116 21.3895 0
    endloop
  endfacet
  facet normal -0.849207 0.52806 0
    outer loop
      vertex -32.0116 21.3895 4.1
      vertex -33.342 19.25 0
      vertex -33.342 19.25 4.1
    endloop
  endfacet
  facet normal -0.999465 -0.0327066 0
    outer loop
      vertex -38.4176 -2.51802 0
      vertex -38.5 0 4.1
      vertex -38.5 0 0
    endloop
  endfacet
  facet normal -0.999465 -0.0327066 0
    outer loop
      vertex -38.5 0 4.1
      vertex -38.4176 -2.51802 0
      vertex -38.4176 -2.51802 4.1
    endloop
  endfacet
  facet normal -0.995182 -0.0980401 0
    outer loop
      vertex -38.1706 -5.02526 0
      vertex -38.4176 -2.51802 4.1
      vertex -38.4176 -2.51802 0
    endloop
  endfacet
  facet normal -0.995182 -0.0980401 0
    outer loop
      vertex -38.4176 -2.51802 4.1
      vertex -38.1706 -5.02526 0
      vertex -38.1706 -5.02526 4.1
    endloop
  endfacet
  facet normal -0.729869 0.683587 0
    outer loop
      vertex -28.9458 25.3848 0
      vertex -27.2236 27.2236 4.1
      vertex -27.2236 27.2236 0
    endloop
  endfacet
  facet normal -0.729869 0.683587 0
    outer loop
      vertex -27.2236 27.2236 4.1
      vertex -28.9458 25.3848 0
      vertex -28.9458 25.3848 4.1
    endloop
  endfacet
  facet normal -0.683587 -0.729869 0
    outer loop
      vertex -27.2236 -27.2236 0
      vertex -25.3848 -28.9458 4.1
      vertex -27.2236 -27.2236 4.1
    endloop
  endfacet
  facet normal -0.683587 -0.729869 -0
    outer loop
      vertex -25.3848 -28.9458 4.1
      vertex -27.2236 -27.2236 0
      vertex -25.3848 -28.9458 0
    endloop
  endfacet
  facet normal 0.352232 0.935913 -0
    outer loop
      vertex 14.7333 35.5694 0
      vertex 12.3754 36.4568 4.1
      vertex 14.7333 35.5694 4.1
    endloop
  endfacet
  facet normal 0.352232 0.935913 0
    outer loop
      vertex 12.3754 36.4568 4.1
      vertex 14.7333 35.5694 0
      vertex 12.3754 36.4568 0
    endloop
  endfacet
  facet normal -0.812834 -0.582495 0
    outer loop
      vertex -30.5441 -23.4373 0
      vertex -32.0116 -21.3895 4.1
      vertex -32.0116 -21.3895 0
    endloop
  endfacet
  facet normal -0.812834 -0.582495 0
    outer loop
      vertex -32.0116 -21.3895 4.1
      vertex -30.5441 -23.4373 0
      vertex -30.5441 -23.4373 4.1
    endloop
  endfacet
  facet normal -0.0326616 -0.999466 0
    outer loop
      vertex -2.51802 -38.4176 4.1
      vertex -1.6 -38.4476 0.9
      vertex -1.6 -38.4476 4.1
    endloop
  endfacet
  facet normal -0.0326616 -0.999466 0
    outer loop
      vertex -2.51802 -38.4176 0
      vertex -1.6 -38.4476 0.9
      vertex -2.51802 -38.4176 4.1
    endloop
  endfacet
  facet normal -0.0327066 -0.999465 4.59763e-05
    outer loop
      vertex 0 -38.5 0
      vertex -1.6 -38.4476 0.9
      vertex -2.51802 -38.4176 0
    endloop
  endfacet
  facet normal -0.0327325 -0.999464 0
    outer loop
      vertex -1.6 -38.4476 0.9
      vertex 0 -38.5 0
      vertex 0 -38.5 0.9
    endloop
  endfacet
  facet normal 0.6344 -0.773005 0
    outer loop
      vertex 23.4373 -30.5441 0
      vertex 25.3848 -28.9458 4.1
      vertex 23.4373 -30.5441 4.1
    endloop
  endfacet
  facet normal 0.6344 -0.773005 0
    outer loop
      vertex 25.3848 -28.9458 4.1
      vertex 23.4373 -30.5441 0
      vertex 25.3848 -28.9458 0
    endloop
  endfacet
  facet normal 0.290274 -0.956944 0
    outer loop
      vertex 9.96453 -37.1881 0
      vertex 12.3754 -36.4568 4.1
      vertex 9.96453 -37.1881 4.1
    endloop
  endfacet
  facet normal 0.290274 -0.956944 0
    outer loop
      vertex 12.3754 -36.4568 4.1
      vertex 9.96453 -37.1881 0
      vertex 12.3754 -36.4568 0
    endloop
  endfacet
  facet normal -0.608682 -0.793414 0
    outer loop
      vertex 30.5787 18.6938 0
      vertex 30.9515 18.4078 4.1
      vertex 30.5787 18.6938 4.1
    endloop
  endfacet
  facet normal -0.608682 -0.793414 -0
    outer loop
      vertex 30.9515 18.4078 4.1
      vertex 30.5787 18.6938 0
      vertex 30.9515 18.4078 0
    endloop
  endfacet
  facet normal -0.793414 -0.608682 0
    outer loop
      vertex 31.2375 18.035 0
      vertex 30.9515 18.4078 4.1
      vertex 30.9515 18.4078 0
    endloop
  endfacet
  facet normal -0.793414 -0.608682 0
    outer loop
      vertex 30.9515 18.4078 4.1
      vertex 31.2375 18.035 0
      vertex 31.2375 18.035 4.1
    endloop
  endfacet
  facet normal -0.382847 -0.923812 0
    outer loop
      vertex 30.1446 18.8737 0
      vertex 30.5787 18.6938 4.1
      vertex 30.1446 18.8737 4.1
    endloop
  endfacet
  facet normal -0.382847 -0.923812 -0
    outer loop
      vertex 30.5787 18.6938 4.1
      vertex 30.1446 18.8737 0
      vertex 30.5787 18.6938 0
    endloop
  endfacet
  facet normal 0.793312 -0.608816 0
    outer loop
      vertex 28.1198 18.035 4.1
      vertex 28.4059 18.4078 0
      vertex 28.4059 18.4078 4.1
    endloop
  endfacet
  facet normal 0.793312 -0.608816 0
    outer loop
      vertex 28.4059 18.4078 0
      vertex 28.1198 18.035 4.1
      vertex 28.1198 18.035 0
    endloop
  endfacet
  facet normal 0.991455 -0.130449 0
    outer loop
      vertex 27.8787 17.135 4.1
      vertex 27.94 17.6009 0
      vertex 27.94 17.6009 4.1
    endloop
  endfacet
  facet normal 0.991455 -0.130449 0
    outer loop
      vertex 27.94 17.6009 0
      vertex 27.8787 17.135 4.1
      vertex 27.8787 17.135 0
    endloop
  endfacet
  facet normal -0.130449 0.991455 0
    outer loop
      vertex 30.1446 15.3963 0
      vertex 29.6787 15.335 4.1
      vertex 30.1446 15.3963 4.1
    endloop
  endfacet
  facet normal -0.130449 0.991455 0
    outer loop
      vertex 29.6787 15.335 4.1
      vertex 30.1446 15.3963 0
      vertex 29.6787 15.335 0
    endloop
  endfacet
  facet normal -0.130449 -0.991455 0
    outer loop
      vertex 29.6787 18.935 0
      vertex 30.1446 18.8737 4.1
      vertex 29.6787 18.935 4.1
    endloop
  endfacet
  facet normal -0.130449 -0.991455 -0
    outer loop
      vertex 30.1446 18.8737 4.1
      vertex 29.6787 18.935 0
      vertex 30.1446 18.8737 0
    endloop
  endfacet
  facet normal -0.608682 0.793414 0
    outer loop
      vertex 30.9515 15.8622 0
      vertex 30.5787 15.5762 4.1
      vertex 30.9515 15.8622 4.1
    endloop
  endfacet
  facet normal -0.608682 0.793414 0
    outer loop
      vertex 30.5787 15.5762 4.1
      vertex 30.9515 15.8622 0
      vertex 30.5787 15.5762 0
    endloop
  endfacet
  facet normal 0.991455 0.130449 0
    outer loop
      vertex 27.94 16.6691 4.1
      vertex 27.8787 17.135 0
      vertex 27.8787 17.135 4.1
    endloop
  endfacet
  facet normal 0.991455 0.130449 0
    outer loop
      vertex 27.8787 17.135 0
      vertex 27.94 16.6691 4.1
      vertex 27.94 16.6691 0
    endloop
  endfacet
  facet normal -0.793414 0.608682 0
    outer loop
      vertex 30.9515 15.8622 0
      vertex 31.2375 16.235 4.1
      vertex 31.2375 16.235 0
    endloop
  endfacet
  facet normal -0.793414 0.608682 0
    outer loop
      vertex 31.2375 16.235 4.1
      vertex 30.9515 15.8622 0
      vertex 30.9515 15.8622 4.1
    endloop
  endfacet
  facet normal -0.991455 -0.130449 0
    outer loop
      vertex 31.4787 17.135 0
      vertex 31.4174 17.6009 4.1
      vertex 31.4174 17.6009 0
    endloop
  endfacet
  facet normal -0.991455 -0.130449 0
    outer loop
      vertex 31.4174 17.6009 4.1
      vertex 31.4787 17.135 0
      vertex 31.4787 17.135 4.1
    endloop
  endfacet
  facet normal 0.608682 -0.793414 0
    outer loop
      vertex 28.4059 18.4078 0
      vertex 28.7787 18.6938 4.1
      vertex 28.4059 18.4078 4.1
    endloop
  endfacet
  facet normal 0.608682 -0.793414 0
    outer loop
      vertex 28.7787 18.6938 4.1
      vertex 28.4059 18.4078 0
      vertex 28.7787 18.6938 0
    endloop
  endfacet
  facet normal 0.130449 -0.991455 0
    outer loop
      vertex 29.2128 18.8737 0
      vertex 29.6787 18.935 4.1
      vertex 29.2128 18.8737 4.1
    endloop
  endfacet
  facet normal 0.130449 -0.991455 0
    outer loop
      vertex 29.6787 18.935 4.1
      vertex 29.2128 18.8737 0
      vertex 29.6787 18.935 0
    endloop
  endfacet
  facet normal -0.991455 0.130449 0
    outer loop
      vertex 31.4174 16.6691 0
      vertex 31.4787 17.135 4.1
      vertex 31.4787 17.135 0
    endloop
  endfacet
  facet normal -0.991455 0.130449 0
    outer loop
      vertex 31.4787 17.135 4.1
      vertex 31.4174 16.6691 0
      vertex 31.4174 16.6691 4.1
    endloop
  endfacet
  facet normal 0.382847 0.923812 -0
    outer loop
      vertex 29.2128 15.3963 0
      vertex 28.7787 15.5762 4.1
      vertex 29.2128 15.3963 4.1
    endloop
  endfacet
  facet normal 0.382847 0.923812 0
    outer loop
      vertex 28.7787 15.5762 4.1
      vertex 29.2128 15.3963 0
      vertex 28.7787 15.5762 0
    endloop
  endfacet
  facet normal 0.382847 -0.923812 0
    outer loop
      vertex 28.7787 18.6938 0
      vertex 29.2128 18.8737 4.1
      vertex 28.7787 18.6938 4.1
    endloop
  endfacet
  facet normal 0.382847 -0.923812 0
    outer loop
      vertex 29.2128 18.8737 4.1
      vertex 28.7787 18.6938 0
      vertex 29.2128 18.8737 0
    endloop
  endfacet
  facet normal -0.923812 0.382847 0
    outer loop
      vertex 31.2375 16.235 0
      vertex 31.4174 16.6691 4.1
      vertex 31.4174 16.6691 0
    endloop
  endfacet
  facet normal -0.923812 0.382847 0
    outer loop
      vertex 31.4174 16.6691 4.1
      vertex 31.2375 16.235 0
      vertex 31.2375 16.235 4.1
    endloop
  endfacet
  facet normal 0.923887 0.382665 0
    outer loop
      vertex 28.1198 16.235 4.1
      vertex 27.94 16.6691 0
      vertex 27.94 16.6691 4.1
    endloop
  endfacet
  facet normal 0.923887 0.382665 0
    outer loop
      vertex 27.94 16.6691 0
      vertex 28.1198 16.235 4.1
      vertex 28.1198 16.235 0
    endloop
  endfacet
  facet normal -0.923812 -0.382847 0
    outer loop
      vertex 31.4174 17.6009 0
      vertex 31.2375 18.035 4.1
      vertex 31.2375 18.035 0
    endloop
  endfacet
  facet normal -0.923812 -0.382847 0
    outer loop
      vertex 31.2375 18.035 4.1
      vertex 31.4174 17.6009 0
      vertex 31.4174 17.6009 4.1
    endloop
  endfacet
  facet normal 0.923887 -0.382665 0
    outer loop
      vertex 27.94 17.6009 4.1
      vertex 28.1198 18.035 0
      vertex 28.1198 18.035 4.1
    endloop
  endfacet
  facet normal 0.923887 -0.382665 0
    outer loop
      vertex 28.1198 18.035 0
      vertex 27.94 17.6009 4.1
      vertex 27.94 17.6009 0
    endloop
  endfacet
  facet normal 0.608682 0.793414 -0
    outer loop
      vertex 28.7787 15.5762 0
      vertex 28.4059 15.8622 4.1
      vertex 28.7787 15.5762 4.1
    endloop
  endfacet
  facet normal 0.608682 0.793414 0
    outer loop
      vertex 28.4059 15.8622 4.1
      vertex 28.7787 15.5762 0
      vertex 28.4059 15.8622 0
    endloop
  endfacet
  facet normal -0.382847 0.923812 0
    outer loop
      vertex 30.5787 15.5762 0
      vertex 30.1446 15.3963 4.1
      vertex 30.5787 15.5762 4.1
    endloop
  endfacet
  facet normal -0.382847 0.923812 0
    outer loop
      vertex 30.1446 15.3963 4.1
      vertex 30.5787 15.5762 0
      vertex 30.1446 15.3963 0
    endloop
  endfacet
  facet normal 0.793312 0.608816 0
    outer loop
      vertex 28.4059 15.8622 4.1
      vertex 28.1198 16.235 0
      vertex 28.1198 16.235 4.1
    endloop
  endfacet
  facet normal 0.793312 0.608816 0
    outer loop
      vertex 28.1198 16.235 0
      vertex 28.4059 15.8622 4.1
      vertex 28.4059 15.8622 0
    endloop
  endfacet
  facet normal 0.130449 0.991455 -0
    outer loop
      vertex 29.6787 15.335 0
      vertex 29.2128 15.3963 4.1
      vertex 29.6787 15.335 4.1
    endloop
  endfacet
  facet normal 0.130449 0.991455 0
    outer loop
      vertex 29.2128 15.3963 4.1
      vertex 29.6787 15.335 0
      vertex 29.2128 15.3963 0
    endloop
  endfacet
  facet normal 0.991455 -0.130449 0
    outer loop
      vertex -31.4787 17.135 4.1
      vertex -31.4174 17.6009 0
      vertex -31.4174 17.6009 4.1
    endloop
  endfacet
  facet normal 0.991455 -0.130449 0
    outer loop
      vertex -31.4174 17.6009 0
      vertex -31.4787 17.135 4.1
      vertex -31.4787 17.135 0
    endloop
  endfacet
  facet normal 0.923812 -0.382847 0
    outer loop
      vertex -31.4174 17.6009 4.1
      vertex -31.2375 18.035 0
      vertex -31.2375 18.035 4.1
    endloop
  endfacet
  facet normal 0.923812 -0.382847 0
    outer loop
      vertex -31.2375 18.035 0
      vertex -31.4174 17.6009 4.1
      vertex -31.4174 17.6009 0
    endloop
  endfacet
  facet normal -0.382847 0.923812 0
    outer loop
      vertex -28.7787 15.5762 0
      vertex -29.2128 15.3963 4.1
      vertex -28.7787 15.5762 4.1
    endloop
  endfacet
  facet normal -0.382847 0.923812 0
    outer loop
      vertex -29.2128 15.3963 4.1
      vertex -28.7787 15.5762 0
      vertex -29.2128 15.3963 0
    endloop
  endfacet
  facet normal 0.793414 -0.608682 0
    outer loop
      vertex -31.2375 18.035 4.1
      vertex -30.9515 18.4078 0
      vertex -30.9515 18.4078 4.1
    endloop
  endfacet
  facet normal 0.793414 -0.608682 0
    outer loop
      vertex -30.9515 18.4078 0
      vertex -31.2375 18.035 4.1
      vertex -31.2375 18.035 0
    endloop
  endfacet
  facet normal -0.130449 -0.991455 0
    outer loop
      vertex -29.6787 18.935 0
      vertex -29.2128 18.8737 4.1
      vertex -29.6787 18.935 4.1
    endloop
  endfacet
  facet normal -0.130449 -0.991455 -0
    outer loop
      vertex -29.2128 18.8737 4.1
      vertex -29.6787 18.935 0
      vertex -29.2128 18.8737 0
    endloop
  endfacet
  facet normal 0.923812 0.382847 0
    outer loop
      vertex -31.2375 16.235 4.1
      vertex -31.4174 16.6691 0
      vertex -31.4174 16.6691 4.1
    endloop
  endfacet
  facet normal 0.923812 0.382847 0
    outer loop
      vertex -31.4174 16.6691 0
      vertex -31.2375 16.235 4.1
      vertex -31.2375 16.235 0
    endloop
  endfacet
  facet normal -0.608682 0.793414 0
    outer loop
      vertex -28.4059 15.8622 0
      vertex -28.7787 15.5762 4.1
      vertex -28.4059 15.8622 4.1
    endloop
  endfacet
  facet normal -0.608682 0.793414 0
    outer loop
      vertex -28.7787 15.5762 4.1
      vertex -28.4059 15.8622 0
      vertex -28.7787 15.5762 0
    endloop
  endfacet
  facet normal 0.793414 0.608682 0
    outer loop
      vertex -30.9515 15.8622 4.1
      vertex -31.2375 16.235 0
      vertex -31.2375 16.235 4.1
    endloop
  endfacet
  facet normal 0.793414 0.608682 0
    outer loop
      vertex -31.2375 16.235 0
      vertex -30.9515 15.8622 4.1
      vertex -30.9515 15.8622 0
    endloop
  endfacet
  facet normal -0.130449 0.991455 0
    outer loop
      vertex -29.2128 15.3963 0
      vertex -29.6787 15.335 4.1
      vertex -29.2128 15.3963 4.1
    endloop
  endfacet
  facet normal -0.130449 0.991455 0
    outer loop
      vertex -29.6787 15.335 4.1
      vertex -29.2128 15.3963 0
      vertex -29.6787 15.335 0
    endloop
  endfacet
  facet normal 0.608682 -0.793414 0
    outer loop
      vertex -30.9515 18.4078 0
      vertex -30.5787 18.6938 4.1
      vertex -30.9515 18.4078 4.1
    endloop
  endfacet
  facet normal 0.608682 -0.793414 0
    outer loop
      vertex -30.5787 18.6938 4.1
      vertex -30.9515 18.4078 0
      vertex -30.5787 18.6938 0
    endloop
  endfacet
  facet normal -0.923887 0.382665 0
    outer loop
      vertex -28.1198 16.235 0
      vertex -27.94 16.6691 4.1
      vertex -27.94 16.6691 0
    endloop
  endfacet
  facet normal -0.923887 0.382665 0
    outer loop
      vertex -27.94 16.6691 4.1
      vertex -28.1198 16.235 0
      vertex -28.1198 16.235 4.1
    endloop
  endfacet
  facet normal 0.130449 0.991455 -0
    outer loop
      vertex -29.6787 15.335 0
      vertex -30.1446 15.3963 4.1
      vertex -29.6787 15.335 4.1
    endloop
  endfacet
  facet normal 0.130449 0.991455 0
    outer loop
      vertex -30.1446 15.3963 4.1
      vertex -29.6787 15.335 0
      vertex -30.1446 15.3963 0
    endloop
  endfacet
  facet normal 0.382847 0.923812 -0
    outer loop
      vertex -30.1446 15.3963 0
      vertex -30.5787 15.5762 4.1
      vertex -30.1446 15.3963 4.1
    endloop
  endfacet
  facet normal 0.382847 0.923812 0
    outer loop
      vertex -30.5787 15.5762 4.1
      vertex -30.1446 15.3963 0
      vertex -30.5787 15.5762 0
    endloop
  endfacet
  facet normal 0.130449 -0.991455 0
    outer loop
      vertex -30.1446 18.8737 0
      vertex -29.6787 18.935 4.1
      vertex -30.1446 18.8737 4.1
    endloop
  endfacet
  facet normal 0.130449 -0.991455 0
    outer loop
      vertex -29.6787 18.935 4.1
      vertex -30.1446 18.8737 0
      vertex -29.6787 18.935 0
    endloop
  endfacet
  facet normal -0.991455 -0.130449 0
    outer loop
      vertex -27.8787 17.135 0
      vertex -27.94 17.6009 4.1
      vertex -27.94 17.6009 0
    endloop
  endfacet
  facet normal -0.991455 -0.130449 0
    outer loop
      vertex -27.94 17.6009 4.1
      vertex -27.8787 17.135 0
      vertex -27.8787 17.135 4.1
    endloop
  endfacet
  facet normal 0.608682 0.793414 -0
    outer loop
      vertex -30.5787 15.5762 0
      vertex -30.9515 15.8622 4.1
      vertex -30.5787 15.5762 4.1
    endloop
  endfacet
  facet normal 0.608682 0.793414 0
    outer loop
      vertex -30.9515 15.8622 4.1
      vertex -30.5787 15.5762 0
      vertex -30.9515 15.8622 0
    endloop
  endfacet
  facet normal 0.382847 -0.923812 0
    outer loop
      vertex -30.5787 18.6938 0
      vertex -30.1446 18.8737 4.1
      vertex -30.5787 18.6938 4.1
    endloop
  endfacet
  facet normal 0.382847 -0.923812 0
    outer loop
      vertex -30.1446 18.8737 4.1
      vertex -30.5787 18.6938 0
      vertex -30.1446 18.8737 0
    endloop
  endfacet
  facet normal 0.991455 0.130449 0
    outer loop
      vertex -31.4174 16.6691 4.1
      vertex -31.4787 17.135 0
      vertex -31.4787 17.135 4.1
    endloop
  endfacet
  facet normal 0.991455 0.130449 0
    outer loop
      vertex -31.4787 17.135 0
      vertex -31.4174 16.6691 4.1
      vertex -31.4174 16.6691 0
    endloop
  endfacet
  facet normal -0.382847 -0.923812 0
    outer loop
      vertex -29.2128 18.8737 0
      vertex -28.7787 18.6938 4.1
      vertex -29.2128 18.8737 4.1
    endloop
  endfacet
  facet normal -0.382847 -0.923812 -0
    outer loop
      vertex -28.7787 18.6938 4.1
      vertex -29.2128 18.8737 0
      vertex -28.7787 18.6938 0
    endloop
  endfacet
  facet normal -0.608682 -0.793414 0
    outer loop
      vertex -28.7787 18.6938 0
      vertex -28.4059 18.4078 4.1
      vertex -28.7787 18.6938 4.1
    endloop
  endfacet
  facet normal -0.608682 -0.793414 -0
    outer loop
      vertex -28.4059 18.4078 4.1
      vertex -28.7787 18.6938 0
      vertex -28.4059 18.4078 0
    endloop
  endfacet
  facet normal -0.991455 0.130449 0
    outer loop
      vertex -27.94 16.6691 0
      vertex -27.8787 17.135 4.1
      vertex -27.8787 17.135 0
    endloop
  endfacet
  facet normal -0.991455 0.130449 0
    outer loop
      vertex -27.8787 17.135 4.1
      vertex -27.94 16.6691 0
      vertex -27.94 16.6691 4.1
    endloop
  endfacet
  facet normal -0.793312 0.608816 0
    outer loop
      vertex -28.4059 15.8622 0
      vertex -28.1198 16.235 4.1
      vertex -28.1198 16.235 0
    endloop
  endfacet
  facet normal -0.793312 0.608816 0
    outer loop
      vertex -28.1198 16.235 4.1
      vertex -28.4059 15.8622 0
      vertex -28.4059 15.8622 4.1
    endloop
  endfacet
  facet normal -0.923887 -0.382665 0
    outer loop
      vertex -27.94 17.6009 0
      vertex -28.1198 18.035 4.1
      vertex -28.1198 18.035 0
    endloop
  endfacet
  facet normal -0.923887 -0.382665 0
    outer loop
      vertex -28.1198 18.035 4.1
      vertex -27.94 17.6009 0
      vertex -27.94 17.6009 4.1
    endloop
  endfacet
  facet normal -0.793312 -0.608816 0
    outer loop
      vertex -28.1198 18.035 0
      vertex -28.4059 18.4078 4.1
      vertex -28.4059 18.4078 0
    endloop
  endfacet
  facet normal -0.793312 -0.608816 0
    outer loop
      vertex -28.4059 18.4078 4.1
      vertex -28.1198 18.035 0
      vertex -28.1198 18.035 4.1
    endloop
  endfacet
  facet normal 0.382827 0.92382 -0
    outer loop
      vertex -0.465874 -36.0087 0
      vertex -0.9 -35.8288 0.9
      vertex -0.465874 -36.0087 0.9
    endloop
  endfacet
  facet normal 0.382827 0.92382 0
    outer loop
      vertex -0.9 -35.8288 0.9
      vertex -0.465874 -36.0087 0
      vertex -0.9 -35.8288 0
    endloop
  endfacet
  facet normal -0.608692 -0.793407 0
    outer loop
      vertex 0.9 -32.7112 0
      vertex 1.27279 -32.9972 0.9
      vertex 0.9 -32.7112 0.9
    endloop
  endfacet
  facet normal -0.608692 -0.793407 -0
    outer loop
      vertex 1.27279 -32.9972 0.9
      vertex 0.9 -32.7112 0
      vertex 1.27279 -32.9972 0
    endloop
  endfacet
  facet normal -0.130456 -0.991454 0
    outer loop
      vertex 0 -32.47 0
      vertex 0.465874 -32.5313 0.9
      vertex 0 -32.47 0.9
    endloop
  endfacet
  facet normal -0.130456 -0.991454 -0
    outer loop
      vertex 0.465874 -32.5313 0.9
      vertex 0 -32.47 0
      vertex 0.465874 -32.5313 0
    endloop
  endfacet
  facet normal -0.793353 -0.608762 0
    outer loop
      vertex 1.55885 -33.37 0
      vertex 1.27279 -32.9972 0.9
      vertex 1.27279 -32.9972 0
    endloop
  endfacet
  facet normal -0.793353 -0.608762 0
    outer loop
      vertex 1.27279 -32.9972 0.9
      vertex 1.55885 -33.37 0
      vertex 1.55885 -33.37 0.9
    endloop
  endfacet
  facet normal 0.923848 0.382761 -0
    outer loop
      vertex -1.6 -35.0706 0.9
      vertex -1.73867 -34.7359 4.1
      vertex -1.6 -35.0706 4.1
    endloop
  endfacet
  facet normal 0.923848 0.382761 0
    outer loop
      vertex -1.73867 -34.7359 4.1
      vertex -1.6 -35.0706 0.9
      vertex -1.73867 -34.7359 0
    endloop
  endfacet
  facet normal 0.923955 0.382502 -0
    outer loop
      vertex -1.55885 -35.17 0
      vertex -1.6 -35.0706 0.9
      vertex -1.55885 -35.17 0.9
    endloop
  endfacet
  facet normal 0.923872 0.382701 -2.57589e-05
    outer loop
      vertex -1.6 -35.0706 0.9
      vertex -1.55885 -35.17 0
      vertex -1.73867 -34.7359 0
    endloop
  endfacet
  facet normal -0.923848 0.382761 0
    outer loop
      vertex 1.73867 -34.7359 0
      vertex 1.6 -35.0706 0.9
      vertex 1.73867 -34.7359 4.1
    endloop
  endfacet
  facet normal -0.923872 0.382701 -2.57589e-05
    outer loop
      vertex 1.55885 -35.17 0
      vertex 1.6 -35.0706 0.9
      vertex 1.73867 -34.7359 0
    endloop
  endfacet
  facet normal -0.923955 0.382502 0
    outer loop
      vertex 1.6 -35.0706 0.9
      vertex 1.55885 -35.17 0
      vertex 1.55885 -35.17 0.9
    endloop
  endfacet
  facet normal -0.923848 0.382761 0
    outer loop
      vertex 1.73867 -34.7359 4.1
      vertex 1.6 -35.0706 0.9
      vertex 1.6 -35.0706 4.1
    endloop
  endfacet
  facet normal -0.130456 0.991454 0
    outer loop
      vertex 0.465874 -36.0087 0
      vertex 0 -36.07 0.9
      vertex 0.465874 -36.0087 0.9
    endloop
  endfacet
  facet normal -0.130456 0.991454 0
    outer loop
      vertex 0 -36.07 0.9
      vertex 0.465874 -36.0087 0
      vertex 0 -36.07 0
    endloop
  endfacet
  facet normal 0.793353 -0.608762 0
    outer loop
      vertex -1.55885 -33.37 0.9
      vertex -1.27279 -32.9972 0
      vertex -1.27279 -32.9972 0.9
    endloop
  endfacet
  facet normal 0.793353 -0.608762 0
    outer loop
      vertex -1.27279 -32.9972 0
      vertex -1.55885 -33.37 0.9
      vertex -1.55885 -33.37 0
    endloop
  endfacet
  facet normal -0.793353 0.608762 0
    outer loop
      vertex 1.27279 -35.5428 0
      vertex 1.55885 -35.17 0.9
      vertex 1.55885 -35.17 0
    endloop
  endfacet
  facet normal -0.793353 0.608762 0
    outer loop
      vertex 1.55885 -35.17 0.9
      vertex 1.27279 -35.5428 0
      vertex 1.27279 -35.5428 0.9
    endloop
  endfacet
  facet normal 0.608692 0.793407 -0
    outer loop
      vertex -0.9 -35.8288 0
      vertex -1.27279 -35.5428 0.9
      vertex -0.9 -35.8288 0.9
    endloop
  endfacet
  facet normal 0.608692 0.793407 0
    outer loop
      vertex -1.27279 -35.5428 0.9
      vertex -0.9 -35.8288 0
      vertex -1.27279 -35.5428 0
    endloop
  endfacet
  facet normal -0.382827 0.92382 0
    outer loop
      vertex 0.9 -35.8288 0
      vertex 0.465874 -36.0087 0.9
      vertex 0.9 -35.8288 0.9
    endloop
  endfacet
  facet normal -0.382827 0.92382 0
    outer loop
      vertex 0.465874 -36.0087 0.9
      vertex 0.9 -35.8288 0
      vertex 0.465874 -36.0087 0
    endloop
  endfacet
  facet normal -0.382827 -0.92382 0
    outer loop
      vertex 0.465874 -32.5313 0
      vertex 0.9 -32.7112 0.9
      vertex 0.465874 -32.5313 0.9
    endloop
  endfacet
  facet normal -0.382827 -0.92382 -0
    outer loop
      vertex 0.9 -32.7112 0.9
      vertex 0.465874 -32.5313 0
      vertex 0.9 -32.7112 0
    endloop
  endfacet
  facet normal -0.991447 -0.130512 0
    outer loop
      vertex 1.8 -34.27 0
      vertex 1.73867 -33.8041 4.1
      vertex 1.73867 -33.8041 0
    endloop
  endfacet
  facet normal -0.991447 -0.130512 0
    outer loop
      vertex 1.73867 -33.8041 4.1
      vertex 1.8 -34.27 0
      vertex 1.8 -34.27 4.1
    endloop
  endfacet
  facet normal 0.793353 0.608762 0
    outer loop
      vertex -1.27279 -35.5428 0.9
      vertex -1.55885 -35.17 0
      vertex -1.55885 -35.17 0.9
    endloop
  endfacet
  facet normal 0.793353 0.608762 0
    outer loop
      vertex -1.55885 -35.17 0
      vertex -1.27279 -35.5428 0.9
      vertex -1.27279 -35.5428 0
    endloop
  endfacet
  facet normal 0.991447 0.130512 0
    outer loop
      vertex -1.73867 -34.7359 4.1
      vertex -1.8 -34.27 0
      vertex -1.8 -34.27 4.1
    endloop
  endfacet
  facet normal 0.991447 0.130512 0
    outer loop
      vertex -1.8 -34.27 0
      vertex -1.73867 -34.7359 4.1
      vertex -1.73867 -34.7359 0
    endloop
  endfacet
  facet normal 0.130456 0.991454 -0
    outer loop
      vertex 0 -36.07 0
      vertex -0.465874 -36.0087 0.9
      vertex 0 -36.07 0.9
    endloop
  endfacet
  facet normal 0.130456 0.991454 0
    outer loop
      vertex -0.465874 -36.0087 0.9
      vertex 0 -36.07 0
      vertex -0.465874 -36.0087 0
    endloop
  endfacet
  facet normal -0.991447 0.130512 0
    outer loop
      vertex 1.73867 -34.7359 0
      vertex 1.8 -34.27 4.1
      vertex 1.8 -34.27 0
    endloop
  endfacet
  facet normal -0.991447 0.130512 0
    outer loop
      vertex 1.8 -34.27 4.1
      vertex 1.73867 -34.7359 0
      vertex 1.73867 -34.7359 4.1
    endloop
  endfacet
  facet normal 0.608692 -0.793407 0
    outer loop
      vertex -1.27279 -32.9972 0
      vertex -0.9 -32.7112 0.9
      vertex -1.27279 -32.9972 0.9
    endloop
  endfacet
  facet normal 0.608692 -0.793407 0
    outer loop
      vertex -0.9 -32.7112 0.9
      vertex -1.27279 -32.9972 0
      vertex -0.9 -32.7112 0
    endloop
  endfacet
  facet normal 0.991447 -0.130512 0
    outer loop
      vertex -1.8 -34.27 4.1
      vertex -1.73867 -33.8041 0
      vertex -1.73867 -33.8041 4.1
    endloop
  endfacet
  facet normal 0.991447 -0.130512 0
    outer loop
      vertex -1.73867 -33.8041 0
      vertex -1.8 -34.27 4.1
      vertex -1.8 -34.27 0
    endloop
  endfacet
  facet normal -0.923955 -0.382502 0
    outer loop
      vertex 1.55885 -33.37 0
      vertex 1.6 -33.4694 0.9
      vertex 1.55885 -33.37 0.9
    endloop
  endfacet
  facet normal -0.923872 -0.382701 -2.57589e-05
    outer loop
      vertex 1.73867 -33.8041 0
      vertex 1.6 -33.4694 0.9
      vertex 1.55885 -33.37 0
    endloop
  endfacet
  facet normal -0.923848 -0.382761 -0
    outer loop
      vertex 1.73867 -33.8041 4.1
      vertex 1.6 -33.4694 0.9
      vertex 1.73867 -33.8041 0
    endloop
  endfacet
  facet normal -0.923848 -0.382761 0
    outer loop
      vertex 1.6 -33.4694 0.9
      vertex 1.73867 -33.8041 4.1
      vertex 1.6 -33.4694 4.1
    endloop
  endfacet
  facet normal 0.130456 -0.991454 0
    outer loop
      vertex -0.465874 -32.5313 0
      vertex 0 -32.47 0.9
      vertex -0.465874 -32.5313 0.9
    endloop
  endfacet
  facet normal 0.130456 -0.991454 0
    outer loop
      vertex 0 -32.47 0.9
      vertex -0.465874 -32.5313 0
      vertex 0 -32.47 0
    endloop
  endfacet
  facet normal 0.923848 -0.382761 0
    outer loop
      vertex -1.6 -33.4694 4.1
      vertex -1.73867 -33.8041 4.1
      vertex -1.6 -33.4694 0.9
    endloop
  endfacet
  facet normal 0.923955 -0.382502 0
    outer loop
      vertex -1.6 -33.4694 0.9
      vertex -1.55885 -33.37 0
      vertex -1.55885 -33.37 0.9
    endloop
  endfacet
  facet normal 0.923872 -0.382701 -2.57589e-05
    outer loop
      vertex -1.6 -33.4694 0.9
      vertex -1.73867 -33.8041 0
      vertex -1.55885 -33.37 0
    endloop
  endfacet
  facet normal 0.923848 -0.382761 0
    outer loop
      vertex -1.73867 -33.8041 0
      vertex -1.6 -33.4694 0.9
      vertex -1.73867 -33.8041 4.1
    endloop
  endfacet
  facet normal -0.608692 0.793407 0
    outer loop
      vertex 1.27279 -35.5428 0
      vertex 0.9 -35.8288 0.9
      vertex 1.27279 -35.5428 0.9
    endloop
  endfacet
  facet normal -0.608692 0.793407 0
    outer loop
      vertex 0.9 -35.8288 0.9
      vertex 1.27279 -35.5428 0
      vertex 0.9 -35.8288 0
    endloop
  endfacet
  facet normal 0.382827 -0.92382 0
    outer loop
      vertex -0.9 -32.7112 0
      vertex -0.465874 -32.5313 0.9
      vertex -0.9 -32.7112 0.9
    endloop
  endfacet
  facet normal 0.382827 -0.92382 0
    outer loop
      vertex -0.465874 -32.5313 0.9
      vertex -0.9 -32.7112 0
      vertex -0.465874 -32.5313 0
    endloop
  endfacet
  facet normal -0.910861 0.412712 0
    outer loop
      vertex 23.6774 -11.6764 1.49
      vertex 24.3904 -10.1028 2.4
      vertex 24.3904 -10.1028 1.49
    endloop
  endfacet
  facet normal -0.910861 0.412712 0
    outer loop
      vertex 24.3904 -10.1028 2.4
      vertex 23.6774 -11.6764 1.49
      vertex 23.6774 -11.6764 2.4
    endloop
  endfacet
  facet normal -0.47136 0.881941 0
    outer loop
      vertex 13.2 -22.8631 1.49
      vertex 11.6764 -23.6774 2.4
      vertex 13.2 -22.8631 2.4
    endloop
  endfacet
  facet normal -0.47136 0.881941 0
    outer loop
      vertex 11.6764 -23.6774 2.4
      vertex 13.2 -22.8631 1.49
      vertex 11.6764 -23.6774 1.49
    endloop
  endfacet
  facet normal 0.683604 0.729853 -0
    outer loop
      vertex -17.4067 -19.8486 1.49
      vertex -18.6676 -18.6676 2.4
      vertex -17.4067 -19.8486 2.4
    endloop
  endfacet
  facet normal 0.683604 0.729853 0
    outer loop
      vertex -18.6676 -18.6676 2.4
      vertex -17.4067 -19.8486 1.49
      vertex -18.6676 -18.6676 1.49
    endloop
  endfacet
  facet normal -0.162888 -0.986644 0
    outer loop
      vertex 3.44589 26.1741 1.49
      vertex 5.15038 25.8927 2.4
      vertex 3.44589 26.1741 2.4
    endloop
  endfacet
  facet normal -0.162888 -0.986644 -0
    outer loop
      vertex 5.15038 25.8927 2.4
      vertex 3.44589 26.1741 1.49
      vertex 5.15038 25.8927 1.49
    endloop
  endfacet
  facet normal 0.528067 -0.849203 0
    outer loop
      vertex -14.6671 21.9508 1.49
      vertex -13.2 22.8631 2.4
      vertex -14.6671 21.9508 2.4
    endloop
  endfacet
  facet normal 0.528067 -0.849203 0
    outer loop
      vertex -13.2 22.8631 2.4
      vertex -14.6671 21.9508 1.49
      vertex -13.2 22.8631 1.49
    endloop
  endfacet
  facet normal 0.634381 -0.77302 0
    outer loop
      vertex -17.4067 19.8486 1.49
      vertex -16.0713 20.9445 2.4
      vertex -17.4067 19.8486 2.4
    endloop
  endfacet
  facet normal 0.634381 -0.77302 0
    outer loop
      vertex -16.0713 20.9445 2.4
      vertex -17.4067 19.8486 1.49
      vertex -16.0713 20.9445 1.49
    endloop
  endfacet
  facet normal -0.77302 0.634381 0
    outer loop
      vertex 19.8486 -17.4067 1.49
      vertex 20.9445 -16.0713 2.4
      vertex 20.9445 -16.0713 1.49
    endloop
  endfacet
  facet normal -0.77302 0.634381 0
    outer loop
      vertex 20.9445 -16.0713 2.4
      vertex 19.8486 -17.4067 1.49
      vertex 19.8486 -17.4067 2.4
    endloop
  endfacet
  facet normal -0.956954 -0.290239 0
    outer loop
      vertex 25.5004 6.83282 1.49
      vertex 24.999 8.486 2.4
      vertex 24.999 8.486 1.49
    endloop
  endfacet
  facet normal -0.956954 -0.290239 0
    outer loop
      vertex 24.999 8.486 2.4
      vertex 25.5004 6.83282 1.49
      vertex 25.5004 6.83282 2.4
    endloop
  endfacet
  facet normal 0.812829 0.582502 0
    outer loop
      vertex -20.9445 -16.0713 2.4
      vertex -21.9508 -14.6671 1.49
      vertex -21.9508 -14.6671 2.4
    endloop
  endfacet
  facet normal 0.812829 0.582502 0
    outer loop
      vertex -21.9508 -14.6671 1.49
      vertex -20.9445 -16.0713 2.4
      vertex -20.9445 -16.0713 1.49
    endloop
  endfacet
  facet normal 0.290239 0.956954 -0
    outer loop
      vertex -6.83282 -25.5004 1.49
      vertex -8.486 -24.999 2.4
      vertex -6.83282 -25.5004 2.4
    endloop
  endfacet
  facet normal 0.290239 0.956954 0
    outer loop
      vertex -8.486 -24.999 2.4
      vertex -6.83282 -25.5004 1.49
      vertex -8.486 -24.999 1.49
    endloop
  endfacet
  facet normal -0.995181 -0.0980565 0
    outer loop
      vertex 26.3435 1.72664 1.49
      vertex 26.1741 3.44589 2.4
      vertex 26.1741 3.44589 1.49
    endloop
  endfacet
  facet normal -0.995181 -0.0980565 0
    outer loop
      vertex 26.1741 3.44589 2.4
      vertex 26.3435 1.72664 1.49
      vertex 26.3435 1.72664 2.4
    endloop
  endfacet
  facet normal 0.412712 0.910861 -0
    outer loop
      vertex -10.1028 -24.3904 1.49
      vertex -11.6764 -23.6774 2.4
      vertex -10.1028 -24.3904 2.4
    endloop
  endfacet
  facet normal 0.412712 0.910861 0
    outer loop
      vertex -11.6764 -23.6774 2.4
      vertex -10.1028 -24.3904 1.49
      vertex -11.6764 -23.6774 1.49
    endloop
  endfacet
  facet normal -0.999465 -0.032705 0
    outer loop
      vertex 26.4 0 1.49
      vertex 26.3435 1.72664 2.4
      vertex 26.3435 1.72664 1.49
    endloop
  endfacet
  facet normal -0.999465 -0.032705 0
    outer loop
      vertex 26.3435 1.72664 2.4
      vertex 26.4 0 1.49
      vertex 26.4 0 2.4
    endloop
  endfacet
  facet normal 0.582502 0.812829 -0
    outer loop
      vertex -14.6671 -21.9508 1.49
      vertex -16.0713 -20.9445 2.4
      vertex -14.6671 -21.9508 2.4
    endloop
  endfacet
  facet normal 0.582502 0.812829 0
    outer loop
      vertex -16.0713 -20.9445 2.4
      vertex -14.6671 -21.9508 1.49
      vertex -16.0713 -20.9445 1.49
    endloop
  endfacet
  facet normal -0.35229 -0.935891 0
    outer loop
      vertex 8.486 24.999 1.49
      vertex 10.1028 24.3904 2.4
      vertex 8.486 24.999 2.4
    endloop
  endfacet
  facet normal -0.35229 -0.935891 -0
    outer loop
      vertex 10.1028 24.3904 2.4
      vertex 8.486 24.999 1.49
      vertex 10.1028 24.3904 1.49
    endloop
  endfacet
  facet normal 0.47136 -0.881941 0
    outer loop
      vertex -13.2 22.8631 1.49
      vertex -11.6764 23.6774 2.4
      vertex -13.2 22.8631 2.4
    endloop
  endfacet
  facet normal 0.47136 -0.881941 0
    outer loop
      vertex -11.6764 23.6774 2.4
      vertex -13.2 22.8631 1.49
      vertex -11.6764 23.6774 1.49
    endloop
  endfacet
  facet normal -0.995181 0.0980565 0
    outer loop
      vertex 26.1741 -3.44589 1.49
      vertex 26.3435 -1.72664 2.4
      vertex 26.3435 -1.72664 1.49
    endloop
  endfacet
  facet normal -0.995181 0.0980565 0
    outer loop
      vertex 26.3435 -1.72664 2.4
      vertex 26.1741 -3.44589 1.49
      vertex 26.1741 -3.44589 2.4
    endloop
  endfacet
  facet normal -0.683604 -0.729853 0
    outer loop
      vertex 17.4067 19.8486 1.49
      vertex 18.6676 18.6676 2.4
      vertex 17.4067 19.8486 2.4
    endloop
  endfacet
  facet normal -0.683604 -0.729853 -0
    outer loop
      vertex 18.6676 18.6676 2.4
      vertex 17.4067 19.8486 1.49
      vertex 18.6676 18.6676 1.49
    endloop
  endfacet
  facet normal 0.683604 -0.729853 0
    outer loop
      vertex -18.6676 18.6676 1.49
      vertex -17.4067 19.8486 2.4
      vertex -18.6676 18.6676 2.4
    endloop
  endfacet
  facet normal 0.683604 -0.729853 0
    outer loop
      vertex -17.4067 19.8486 2.4
      vertex -18.6676 18.6676 1.49
      vertex -17.4067 19.8486 1.49
    endloop
  endfacet
  facet normal 0.999465 0.032705 0
    outer loop
      vertex -26.3435 -1.72664 2.4
      vertex -26.4 0 1.49
      vertex -26.4 0 2.4
    endloop
  endfacet
  facet normal 0.999465 0.032705 0
    outer loop
      vertex -26.4 0 1.49
      vertex -26.3435 -1.72664 2.4
      vertex -26.3435 -1.72664 1.49
    endloop
  endfacet
  facet normal -0.849203 0.528067 0
    outer loop
      vertex 21.9508 -14.6671 1.49
      vertex 22.8631 -13.2 2.4
      vertex 22.8631 -13.2 1.49
    endloop
  endfacet
  facet normal -0.849203 0.528067 0
    outer loop
      vertex 22.8631 -13.2 2.4
      vertex 21.9508 -14.6671 1.49
      vertex 21.9508 -14.6671 2.4
    endloop
  endfacet
  facet normal -0.910861 -0.412712 0
    outer loop
      vertex 24.3904 10.1028 1.49
      vertex 23.6774 11.6764 2.4
      vertex 23.6774 11.6764 1.49
    endloop
  endfacet
  facet normal -0.910861 -0.412712 0
    outer loop
      vertex 23.6774 11.6764 2.4
      vertex 24.3904 10.1028 1.49
      vertex 24.3904 10.1028 2.4
    endloop
  endfacet
  facet normal 0.0980565 -0.995181 0
    outer loop
      vertex -3.44589 26.1741 1.49
      vertex -1.72664 26.3435 2.4
      vertex -3.44589 26.1741 2.4
    endloop
  endfacet
  facet normal 0.0980565 -0.995181 0
    outer loop
      vertex -1.72664 26.3435 2.4
      vertex -3.44589 26.1741 1.49
      vertex -1.72664 26.3435 1.49
    endloop
  endfacet
  facet normal -0.956954 0.290239 0
    outer loop
      vertex 24.999 -8.486 1.49
      vertex 25.5004 -6.83282 2.4
      vertex 25.5004 -6.83282 1.49
    endloop
  endfacet
  facet normal -0.956954 0.290239 0
    outer loop
      vertex 25.5004 -6.83282 2.4
      vertex 24.999 -8.486 1.49
      vertex 24.999 -8.486 2.4
    endloop
  endfacet
  facet normal -0.999465 0.032705 0
    outer loop
      vertex 26.3435 -1.72664 1.49
      vertex 26.4 0 2.4
      vertex 26.4 0 1.49
    endloop
  endfacet
  facet normal -0.999465 0.032705 0
    outer loop
      vertex 26.4 0 2.4
      vertex 26.3435 -1.72664 1.49
      vertex 26.3435 -1.72664 2.4
    endloop
  endfacet
  facet normal -0.634381 0.77302 0
    outer loop
      vertex 17.4067 -19.8486 1.49
      vertex 16.0713 -20.9445 2.4
      vertex 17.4067 -19.8486 2.4
    endloop
  endfacet
  facet normal -0.634381 0.77302 0
    outer loop
      vertex 16.0713 -20.9445 2.4
      vertex 17.4067 -19.8486 1.49
      vertex 16.0713 -20.9445 1.49
    endloop
  endfacet
  facet normal -0.582502 0.812829 0
    outer loop
      vertex 16.0713 -20.9445 1.49
      vertex 14.6671 -21.9508 2.4
      vertex 16.0713 -20.9445 2.4
    endloop
  endfacet
  facet normal -0.582502 0.812829 0
    outer loop
      vertex 14.6671 -21.9508 2.4
      vertex 16.0713 -20.9445 1.49
      vertex 14.6671 -21.9508 1.49
    endloop
  endfacet
  facet normal -0.582502 -0.812829 0
    outer loop
      vertex 14.6671 21.9508 1.49
      vertex 16.0713 20.9445 2.4
      vertex 14.6671 21.9508 2.4
    endloop
  endfacet
  facet normal -0.582502 -0.812829 -0
    outer loop
      vertex 16.0713 20.9445 2.4
      vertex 14.6671 21.9508 1.49
      vertex 16.0713 20.9445 1.49
    endloop
  endfacet
  facet normal 0.77302 -0.634381 0
    outer loop
      vertex -20.9445 16.0713 2.4
      vertex -19.8486 17.4067 1.49
      vertex -19.8486 17.4067 2.4
    endloop
  endfacet
  facet normal 0.77302 -0.634381 0
    outer loop
      vertex -19.8486 17.4067 1.49
      vertex -20.9445 16.0713 2.4
      vertex -20.9445 16.0713 1.49
    endloop
  endfacet
  facet normal 0.582502 -0.812829 0
    outer loop
      vertex -16.0713 20.9445 1.49
      vertex -14.6671 21.9508 2.4
      vertex -16.0713 20.9445 2.4
    endloop
  endfacet
  facet normal 0.582502 -0.812829 0
    outer loop
      vertex -14.6671 21.9508 2.4
      vertex -16.0713 20.9445 1.49
      vertex -14.6671 21.9508 1.49
    endloop
  endfacet
  facet normal 0.032705 -0.999465 0
    outer loop
      vertex -1.72664 26.3435 1.49
      vertex 0 26.4 2.4
      vertex -1.72664 26.3435 2.4
    endloop
  endfacet
  facet normal 0.032705 -0.999465 0
    outer loop
      vertex 0 26.4 2.4
      vertex -1.72664 26.3435 1.49
      vertex 0 26.4 1.49
    endloop
  endfacet
  facet normal 0.729853 0.683604 0
    outer loop
      vertex -18.6676 -18.6676 2.4
      vertex -19.8486 -17.4067 1.49
      vertex -19.8486 -17.4067 2.4
    endloop
  endfacet
  facet normal 0.729853 0.683604 0
    outer loop
      vertex -19.8486 -17.4067 1.49
      vertex -18.6676 -18.6676 2.4
      vertex -18.6676 -18.6676 1.49
    endloop
  endfacet
  facet normal -0.986644 -0.162888 0
    outer loop
      vertex 26.1741 3.44589 1.49
      vertex 25.8927 5.15038 2.4
      vertex 25.8927 5.15038 1.49
    endloop
  endfacet
  facet normal -0.986644 -0.162888 0
    outer loop
      vertex 25.8927 5.15038 2.4
      vertex 26.1741 3.44589 1.49
      vertex 26.1741 3.44589 2.4
    endloop
  endfacet
  facet normal -0.412712 0.910861 0
    outer loop
      vertex 11.6764 -23.6774 1.49
      vertex 10.1028 -24.3904 2.4
      vertex 11.6764 -23.6774 2.4
    endloop
  endfacet
  facet normal -0.412712 0.910861 0
    outer loop
      vertex 10.1028 -24.3904 2.4
      vertex 11.6764 -23.6774 1.49
      vertex 10.1028 -24.3904 1.49
    endloop
  endfacet
  facet normal 0.986644 -0.162888 0
    outer loop
      vertex -26.1741 3.44589 2.4
      vertex -25.8927 5.15038 1.49
      vertex -25.8927 5.15038 2.4
    endloop
  endfacet
  facet normal 0.986644 -0.162888 0
    outer loop
      vertex -25.8927 5.15038 1.49
      vertex -26.1741 3.44589 2.4
      vertex -26.1741 3.44589 1.49
    endloop
  endfacet
  facet normal 0.412712 -0.910861 0
    outer loop
      vertex -11.6764 23.6774 1.49
      vertex -10.1028 24.3904 2.4
      vertex -11.6764 23.6774 2.4
    endloop
  endfacet
  facet normal 0.412712 -0.910861 0
    outer loop
      vertex -10.1028 24.3904 2.4
      vertex -11.6764 23.6774 1.49
      vertex -10.1028 24.3904 1.49
    endloop
  endfacet
  facet normal 0.729853 -0.683604 0
    outer loop
      vertex -19.8486 17.4067 2.4
      vertex -18.6676 18.6676 1.49
      vertex -18.6676 18.6676 2.4
    endloop
  endfacet
  facet normal 0.729853 -0.683604 0
    outer loop
      vertex -18.6676 18.6676 1.49
      vertex -19.8486 17.4067 2.4
      vertex -19.8486 17.4067 1.49
    endloop
  endfacet
  facet normal -0.634381 -0.77302 0
    outer loop
      vertex 16.0713 20.9445 1.49
      vertex 17.4067 19.8486 2.4
      vertex 16.0713 20.9445 2.4
    endloop
  endfacet
  facet normal -0.634381 -0.77302 -0
    outer loop
      vertex 17.4067 19.8486 2.4
      vertex 16.0713 20.9445 1.49
      vertex 17.4067 19.8486 1.49
    endloop
  endfacet
  facet normal 0.935891 0.35229 0
    outer loop
      vertex -24.3904 -10.1028 2.4
      vertex -24.999 -8.486 1.49
      vertex -24.999 -8.486 2.4
    endloop
  endfacet
  facet normal 0.935891 0.35229 0
    outer loop
      vertex -24.999 -8.486 1.49
      vertex -24.3904 -10.1028 2.4
      vertex -24.3904 -10.1028 1.49
    endloop
  endfacet
  facet normal -0.729853 -0.683604 0
    outer loop
      vertex 19.8486 17.4067 1.49
      vertex 18.6676 18.6676 2.4
      vertex 18.6676 18.6676 1.49
    endloop
  endfacet
  facet normal -0.729853 -0.683604 0
    outer loop
      vertex 18.6676 18.6676 2.4
      vertex 19.8486 17.4067 1.49
      vertex 19.8486 17.4067 2.4
    endloop
  endfacet
  facet normal 0.032705 0.999465 -0
    outer loop
      vertex 0 -26.4 1.49
      vertex -1.72664 -26.3435 2.4
      vertex 0 -26.4 2.4
    endloop
  endfacet
  facet normal 0.032705 0.999465 0
    outer loop
      vertex -1.72664 -26.3435 2.4
      vertex 0 -26.4 1.49
      vertex -1.72664 -26.3435 1.49
    endloop
  endfacet
  facet normal -0.812829 0.582502 0
    outer loop
      vertex 20.9445 -16.0713 1.49
      vertex 21.9508 -14.6671 2.4
      vertex 21.9508 -14.6671 1.49
    endloop
  endfacet
  facet normal -0.812829 0.582502 0
    outer loop
      vertex 21.9508 -14.6671 2.4
      vertex 20.9445 -16.0713 1.49
      vertex 20.9445 -16.0713 2.4
    endloop
  endfacet
  facet normal -0.0980565 0.995181 0
    outer loop
      vertex 3.44589 -26.1741 1.49
      vertex 1.72664 -26.3435 2.4
      vertex 3.44589 -26.1741 2.4
    endloop
  endfacet
  facet normal -0.0980565 0.995181 0
    outer loop
      vertex 1.72664 -26.3435 2.4
      vertex 3.44589 -26.1741 1.49
      vertex 1.72664 -26.3435 1.49
    endloop
  endfacet
  facet normal -0.881941 -0.47136 0
    outer loop
      vertex 23.6774 11.6764 1.49
      vertex 22.8631 13.2 2.4
      vertex 22.8631 13.2 1.49
    endloop
  endfacet
  facet normal -0.881941 -0.47136 0
    outer loop
      vertex 22.8631 13.2 2.4
      vertex 23.6774 11.6764 1.49
      vertex 23.6774 11.6764 2.4
    endloop
  endfacet
  facet normal -0.849203 -0.528067 0
    outer loop
      vertex 22.8631 13.2 1.49
      vertex 21.9508 14.6671 2.4
      vertex 21.9508 14.6671 1.49
    endloop
  endfacet
  facet normal -0.849203 -0.528067 0
    outer loop
      vertex 21.9508 14.6671 2.4
      vertex 22.8631 13.2 1.49
      vertex 22.8631 13.2 2.4
    endloop
  endfacet
  facet normal 0.910861 0.412712 0
    outer loop
      vertex -23.6774 -11.6764 2.4
      vertex -24.3904 -10.1028 1.49
      vertex -24.3904 -10.1028 2.4
    endloop
  endfacet
  facet normal 0.910861 0.412712 0
    outer loop
      vertex -24.3904 -10.1028 1.49
      vertex -23.6774 -11.6764 2.4
      vertex -23.6774 -11.6764 1.49
    endloop
  endfacet
  facet normal -0.47136 -0.881941 0
    outer loop
      vertex 11.6764 23.6774 1.49
      vertex 13.2 22.8631 2.4
      vertex 11.6764 23.6774 2.4
    endloop
  endfacet
  facet normal -0.47136 -0.881941 -0
    outer loop
      vertex 13.2 22.8631 2.4
      vertex 11.6764 23.6774 1.49
      vertex 13.2 22.8631 1.49
    endloop
  endfacet
  facet normal 0.812829 -0.582502 0
    outer loop
      vertex -21.9508 14.6671 2.4
      vertex -20.9445 16.0713 1.49
      vertex -20.9445 16.0713 2.4
    endloop
  endfacet
  facet normal 0.812829 -0.582502 0
    outer loop
      vertex -20.9445 16.0713 1.49
      vertex -21.9508 14.6671 2.4
      vertex -21.9508 14.6671 1.49
    endloop
  endfacet
  facet normal 0.35229 -0.935891 0
    outer loop
      vertex -10.1028 24.3904 1.49
      vertex -8.486 24.999 2.4
      vertex -10.1028 24.3904 2.4
    endloop
  endfacet
  facet normal 0.35229 -0.935891 0
    outer loop
      vertex -8.486 24.999 2.4
      vertex -10.1028 24.3904 1.49
      vertex -8.486 24.999 1.49
    endloop
  endfacet
  facet normal 0.227082 0.973876 -0
    outer loop
      vertex -5.15038 -25.8927 1.49
      vertex -6.83282 -25.5004 2.4
      vertex -5.15038 -25.8927 2.4
    endloop
  endfacet
  facet normal 0.227082 0.973876 0
    outer loop
      vertex -6.83282 -25.5004 2.4
      vertex -5.15038 -25.8927 1.49
      vertex -6.83282 -25.5004 1.49
    endloop
  endfacet
  facet normal -0.973876 -0.227082 0
    outer loop
      vertex 25.8927 5.15038 1.49
      vertex 25.5004 6.83282 2.4
      vertex 25.5004 6.83282 1.49
    endloop
  endfacet
  facet normal -0.973876 -0.227082 0
    outer loop
      vertex 25.5004 6.83282 2.4
      vertex 25.8927 5.15038 1.49
      vertex 25.8927 5.15038 2.4
    endloop
  endfacet
  facet normal 0.973876 -0.227082 0
    outer loop
      vertex -25.8927 5.15038 2.4
      vertex -25.5004 6.83282 1.49
      vertex -25.5004 6.83282 2.4
    endloop
  endfacet
  facet normal 0.973876 -0.227082 0
    outer loop
      vertex -25.5004 6.83282 1.49
      vertex -25.8927 5.15038 2.4
      vertex -25.8927 5.15038 1.49
    endloop
  endfacet
  facet normal -0.35229 0.935891 0
    outer loop
      vertex 10.1028 -24.3904 1.49
      vertex 8.486 -24.999 2.4
      vertex 10.1028 -24.3904 2.4
    endloop
  endfacet
  facet normal -0.35229 0.935891 0
    outer loop
      vertex 8.486 -24.999 2.4
      vertex 10.1028 -24.3904 1.49
      vertex 8.486 -24.999 1.49
    endloop
  endfacet
  facet normal -0.683604 0.729853 0
    outer loop
      vertex 18.6676 -18.6676 1.49
      vertex 17.4067 -19.8486 2.4
      vertex 18.6676 -18.6676 2.4
    endloop
  endfacet
  facet normal -0.683604 0.729853 0
    outer loop
      vertex 17.4067 -19.8486 2.4
      vertex 18.6676 -18.6676 1.49
      vertex 17.4067 -19.8486 1.49
    endloop
  endfacet
  facet normal 0.290239 -0.956954 0
    outer loop
      vertex -8.486 24.999 1.49
      vertex -6.83282 25.5004 2.4
      vertex -8.486 24.999 2.4
    endloop
  endfacet
  facet normal 0.290239 -0.956954 0
    outer loop
      vertex -6.83282 25.5004 2.4
      vertex -8.486 24.999 1.49
      vertex -6.83282 25.5004 1.49
    endloop
  endfacet
  facet normal 0.935891 -0.35229 0
    outer loop
      vertex -24.999 8.486 2.4
      vertex -24.3904 10.1028 1.49
      vertex -24.3904 10.1028 2.4
    endloop
  endfacet
  facet normal 0.935891 -0.35229 0
    outer loop
      vertex -24.3904 10.1028 1.49
      vertex -24.999 8.486 2.4
      vertex -24.999 8.486 1.49
    endloop
  endfacet
  facet normal -0.0980565 -0.995181 0
    outer loop
      vertex 1.72664 26.3435 1.49
      vertex 3.44589 26.1741 2.4
      vertex 1.72664 26.3435 2.4
    endloop
  endfacet
  facet normal -0.0980565 -0.995181 -0
    outer loop
      vertex 3.44589 26.1741 2.4
      vertex 1.72664 26.3435 1.49
      vertex 3.44589 26.1741 1.49
    endloop
  endfacet
  facet normal 0.995181 -0.0980565 0
    outer loop
      vertex -26.3435 1.72664 2.4
      vertex -26.1741 3.44589 1.49
      vertex -26.1741 3.44589 2.4
    endloop
  endfacet
  facet normal 0.995181 -0.0980565 0
    outer loop
      vertex -26.1741 3.44589 1.49
      vertex -26.3435 1.72664 2.4
      vertex -26.3435 1.72664 1.49
    endloop
  endfacet
  facet normal -0.032705 -0.999465 0
    outer loop
      vertex 0 26.4 1.49
      vertex 1.72664 26.3435 2.4
      vertex 0 26.4 2.4
    endloop
  endfacet
  facet normal -0.032705 -0.999465 -0
    outer loop
      vertex 1.72664 26.3435 2.4
      vertex 0 26.4 1.49
      vertex 1.72664 26.3435 1.49
    endloop
  endfacet
  facet normal -0.935891 0.35229 0
    outer loop
      vertex 24.3904 -10.1028 1.49
      vertex 24.999 -8.486 2.4
      vertex 24.999 -8.486 1.49
    endloop
  endfacet
  facet normal -0.935891 0.35229 0
    outer loop
      vertex 24.999 -8.486 2.4
      vertex 24.3904 -10.1028 1.49
      vertex 24.3904 -10.1028 2.4
    endloop
  endfacet
  facet normal 0.999465 -0.032705 0
    outer loop
      vertex -26.4 0 2.4
      vertex -26.3435 1.72664 1.49
      vertex -26.3435 1.72664 2.4
    endloop
  endfacet
  facet normal 0.999465 -0.032705 0
    outer loop
      vertex -26.3435 1.72664 1.49
      vertex -26.4 0 2.4
      vertex -26.4 0 1.49
    endloop
  endfacet
  facet normal -0.227082 0.973876 0
    outer loop
      vertex 6.83282 -25.5004 1.49
      vertex 5.15038 -25.8927 2.4
      vertex 6.83282 -25.5004 2.4
    endloop
  endfacet
  facet normal -0.227082 0.973876 0
    outer loop
      vertex 5.15038 -25.8927 2.4
      vertex 6.83282 -25.5004 1.49
      vertex 5.15038 -25.8927 1.49
    endloop
  endfacet
  facet normal -0.935891 -0.35229 0
    outer loop
      vertex 24.999 8.486 1.49
      vertex 24.3904 10.1028 2.4
      vertex 24.3904 10.1028 1.49
    endloop
  endfacet
  facet normal -0.935891 -0.35229 0
    outer loop
      vertex 24.3904 10.1028 2.4
      vertex 24.999 8.486 1.49
      vertex 24.999 8.486 2.4
    endloop
  endfacet
  facet normal 0.35229 0.935891 -0
    outer loop
      vertex -8.486 -24.999 1.49
      vertex -10.1028 -24.3904 2.4
      vertex -8.486 -24.999 2.4
    endloop
  endfacet
  facet normal 0.35229 0.935891 0
    outer loop
      vertex -10.1028 -24.3904 2.4
      vertex -8.486 -24.999 1.49
      vertex -10.1028 -24.3904 1.49
    endloop
  endfacet
  facet normal -0.290239 -0.956954 0
    outer loop
      vertex 6.83282 25.5004 1.49
      vertex 8.486 24.999 2.4
      vertex 6.83282 25.5004 2.4
    endloop
  endfacet
  facet normal -0.290239 -0.956954 -0
    outer loop
      vertex 8.486 24.999 2.4
      vertex 6.83282 25.5004 1.49
      vertex 8.486 24.999 1.49
    endloop
  endfacet
  facet normal 0.973876 0.227082 0
    outer loop
      vertex -25.5004 -6.83282 2.4
      vertex -25.8927 -5.15038 1.49
      vertex -25.8927 -5.15038 2.4
    endloop
  endfacet
  facet normal 0.973876 0.227082 0
    outer loop
      vertex -25.8927 -5.15038 1.49
      vertex -25.5004 -6.83282 2.4
      vertex -25.5004 -6.83282 1.49
    endloop
  endfacet
  facet normal -0.412712 -0.910861 0
    outer loop
      vertex 10.1028 24.3904 1.49
      vertex 11.6764 23.6774 2.4
      vertex 10.1028 24.3904 2.4
    endloop
  endfacet
  facet normal -0.412712 -0.910861 -0
    outer loop
      vertex 11.6764 23.6774 2.4
      vertex 10.1028 24.3904 1.49
      vertex 11.6764 23.6774 1.49
    endloop
  endfacet
  facet normal 0.227082 -0.973876 0
    outer loop
      vertex -6.83282 25.5004 1.49
      vertex -5.15038 25.8927 2.4
      vertex -6.83282 25.5004 2.4
    endloop
  endfacet
  facet normal 0.227082 -0.973876 0
    outer loop
      vertex -5.15038 25.8927 2.4
      vertex -6.83282 25.5004 1.49
      vertex -5.15038 25.8927 1.49
    endloop
  endfacet
  facet normal -0.812829 -0.582502 0
    outer loop
      vertex 21.9508 14.6671 1.49
      vertex 20.9445 16.0713 2.4
      vertex 20.9445 16.0713 1.49
    endloop
  endfacet
  facet normal -0.812829 -0.582502 0
    outer loop
      vertex 20.9445 16.0713 2.4
      vertex 21.9508 14.6671 1.49
      vertex 21.9508 14.6671 2.4
    endloop
  endfacet
  facet normal 0.162888 -0.986644 0
    outer loop
      vertex -5.15038 25.8927 1.49
      vertex -3.44589 26.1741 2.4
      vertex -5.15038 25.8927 2.4
    endloop
  endfacet
  facet normal 0.162888 -0.986644 0
    outer loop
      vertex -3.44589 26.1741 2.4
      vertex -5.15038 25.8927 1.49
      vertex -3.44589 26.1741 1.49
    endloop
  endfacet
  facet normal -0.986644 0.162888 0
    outer loop
      vertex 25.8927 -5.15038 1.49
      vertex 26.1741 -3.44589 2.4
      vertex 26.1741 -3.44589 1.49
    endloop
  endfacet
  facet normal -0.986644 0.162888 0
    outer loop
      vertex 26.1741 -3.44589 2.4
      vertex 25.8927 -5.15038 1.49
      vertex 25.8927 -5.15038 2.4
    endloop
  endfacet
  facet normal 0.956954 0.290239 0
    outer loop
      vertex -24.999 -8.486 2.4
      vertex -25.5004 -6.83282 1.49
      vertex -25.5004 -6.83282 2.4
    endloop
  endfacet
  facet normal 0.956954 0.290239 0
    outer loop
      vertex -25.5004 -6.83282 1.49
      vertex -24.999 -8.486 2.4
      vertex -24.999 -8.486 1.49
    endloop
  endfacet
  facet normal -0.528067 -0.849203 0
    outer loop
      vertex 13.2 22.8631 1.49
      vertex 14.6671 21.9508 2.4
      vertex 13.2 22.8631 2.4
    endloop
  endfacet
  facet normal -0.528067 -0.849203 -0
    outer loop
      vertex 14.6671 21.9508 2.4
      vertex 13.2 22.8631 1.49
      vertex 14.6671 21.9508 1.49
    endloop
  endfacet
  facet normal -0.77302 -0.634381 0
    outer loop
      vertex 20.9445 16.0713 1.49
      vertex 19.8486 17.4067 2.4
      vertex 19.8486 17.4067 1.49
    endloop
  endfacet
  facet normal -0.77302 -0.634381 0
    outer loop
      vertex 19.8486 17.4067 2.4
      vertex 20.9445 16.0713 1.49
      vertex 20.9445 16.0713 2.4
    endloop
  endfacet
  facet normal -0.881941 0.47136 0
    outer loop
      vertex 22.8631 -13.2 1.49
      vertex 23.6774 -11.6764 2.4
      vertex 23.6774 -11.6764 1.49
    endloop
  endfacet
  facet normal -0.881941 0.47136 0
    outer loop
      vertex 23.6774 -11.6764 2.4
      vertex 22.8631 -13.2 1.49
      vertex 22.8631 -13.2 2.4
    endloop
  endfacet
  facet normal -0.162888 0.986644 0
    outer loop
      vertex 5.15038 -25.8927 1.49
      vertex 3.44589 -26.1741 2.4
      vertex 5.15038 -25.8927 2.4
    endloop
  endfacet
  facet normal -0.162888 0.986644 0
    outer loop
      vertex 3.44589 -26.1741 2.4
      vertex 5.15038 -25.8927 1.49
      vertex 3.44589 -26.1741 1.49
    endloop
  endfacet
  facet normal -0.729853 0.683604 0
    outer loop
      vertex 18.6676 -18.6676 1.49
      vertex 19.8486 -17.4067 2.4
      vertex 19.8486 -17.4067 1.49
    endloop
  endfacet
  facet normal -0.729853 0.683604 0
    outer loop
      vertex 19.8486 -17.4067 2.4
      vertex 18.6676 -18.6676 1.49
      vertex 18.6676 -18.6676 2.4
    endloop
  endfacet
  facet normal -0.032705 0.999465 0
    outer loop
      vertex 1.72664 -26.3435 1.49
      vertex 0 -26.4 2.4
      vertex 1.72664 -26.3435 2.4
    endloop
  endfacet
  facet normal -0.032705 0.999465 0
    outer loop
      vertex 0 -26.4 2.4
      vertex 1.72664 -26.3435 1.49
      vertex 0 -26.4 1.49
    endloop
  endfacet
  facet normal 0.77302 0.634381 0
    outer loop
      vertex -19.8486 -17.4067 2.4
      vertex -20.9445 -16.0713 1.49
      vertex -20.9445 -16.0713 2.4
    endloop
  endfacet
  facet normal 0.77302 0.634381 0
    outer loop
      vertex -20.9445 -16.0713 1.49
      vertex -19.8486 -17.4067 2.4
      vertex -19.8486 -17.4067 1.49
    endloop
  endfacet
  facet normal -0.528067 0.849203 0
    outer loop
      vertex 14.6671 -21.9508 1.49
      vertex 13.2 -22.8631 2.4
      vertex 14.6671 -21.9508 2.4
    endloop
  endfacet
  facet normal -0.528067 0.849203 0
    outer loop
      vertex 13.2 -22.8631 2.4
      vertex 14.6671 -21.9508 1.49
      vertex 13.2 -22.8631 1.49
    endloop
  endfacet
  facet normal 0.849203 0.528067 0
    outer loop
      vertex -21.9508 -14.6671 2.4
      vertex -22.8631 -13.2 1.49
      vertex -22.8631 -13.2 2.4
    endloop
  endfacet
  facet normal 0.849203 0.528067 0
    outer loop
      vertex -22.8631 -13.2 1.49
      vertex -21.9508 -14.6671 2.4
      vertex -21.9508 -14.6671 1.49
    endloop
  endfacet
  facet normal 0.986644 0.162888 0
    outer loop
      vertex -25.8927 -5.15038 2.4
      vertex -26.1741 -3.44589 1.49
      vertex -26.1741 -3.44589 2.4
    endloop
  endfacet
  facet normal 0.986644 0.162888 0
    outer loop
      vertex -26.1741 -3.44589 1.49
      vertex -25.8927 -5.15038 2.4
      vertex -25.8927 -5.15038 1.49
    endloop
  endfacet
  facet normal 0.995181 0.0980565 0
    outer loop
      vertex -26.1741 -3.44589 2.4
      vertex -26.3435 -1.72664 1.49
      vertex -26.3435 -1.72664 2.4
    endloop
  endfacet
  facet normal 0.995181 0.0980565 0
    outer loop
      vertex -26.3435 -1.72664 1.49
      vertex -26.1741 -3.44589 2.4
      vertex -26.1741 -3.44589 1.49
    endloop
  endfacet
  facet normal 0.956954 -0.290239 0
    outer loop
      vertex -25.5004 6.83282 2.4
      vertex -24.999 8.486 1.49
      vertex -24.999 8.486 2.4
    endloop
  endfacet
  facet normal 0.956954 -0.290239 0
    outer loop
      vertex -24.999 8.486 1.49
      vertex -25.5004 6.83282 2.4
      vertex -25.5004 6.83282 1.49
    endloop
  endfacet
  facet normal 0.528067 0.849203 -0
    outer loop
      vertex -13.2 -22.8631 1.49
      vertex -14.6671 -21.9508 2.4
      vertex -13.2 -22.8631 2.4
    endloop
  endfacet
  facet normal 0.528067 0.849203 0
    outer loop
      vertex -14.6671 -21.9508 2.4
      vertex -13.2 -22.8631 1.49
      vertex -14.6671 -21.9508 1.49
    endloop
  endfacet
  facet normal 0.634381 0.77302 -0
    outer loop
      vertex -16.0713 -20.9445 1.49
      vertex -17.4067 -19.8486 2.4
      vertex -16.0713 -20.9445 2.4
    endloop
  endfacet
  facet normal 0.634381 0.77302 0
    outer loop
      vertex -17.4067 -19.8486 2.4
      vertex -16.0713 -20.9445 1.49
      vertex -17.4067 -19.8486 1.49
    endloop
  endfacet
  facet normal -0.227082 -0.973876 0
    outer loop
      vertex 5.15038 25.8927 1.49
      vertex 6.83282 25.5004 2.4
      vertex 5.15038 25.8927 2.4
    endloop
  endfacet
  facet normal -0.227082 -0.973876 -0
    outer loop
      vertex 6.83282 25.5004 2.4
      vertex 5.15038 25.8927 1.49
      vertex 6.83282 25.5004 1.49
    endloop
  endfacet
  facet normal 0.849203 -0.528067 0
    outer loop
      vertex -22.8631 13.2 2.4
      vertex -21.9508 14.6671 1.49
      vertex -21.9508 14.6671 2.4
    endloop
  endfacet
  facet normal 0.849203 -0.528067 0
    outer loop
      vertex -21.9508 14.6671 1.49
      vertex -22.8631 13.2 2.4
      vertex -22.8631 13.2 1.49
    endloop
  endfacet
  facet normal -0.973876 0.227082 0
    outer loop
      vertex 25.5004 -6.83282 1.49
      vertex 25.8927 -5.15038 2.4
      vertex 25.8927 -5.15038 1.49
    endloop
  endfacet
  facet normal -0.973876 0.227082 0
    outer loop
      vertex 25.8927 -5.15038 2.4
      vertex 25.5004 -6.83282 1.49
      vertex 25.5004 -6.83282 2.4
    endloop
  endfacet
  facet normal -0.290239 0.956954 0
    outer loop
      vertex 8.486 -24.999 1.49
      vertex 6.83282 -25.5004 2.4
      vertex 8.486 -24.999 2.4
    endloop
  endfacet
  facet normal -0.290239 0.956954 0
    outer loop
      vertex 6.83282 -25.5004 2.4
      vertex 8.486 -24.999 1.49
      vertex 6.83282 -25.5004 1.49
    endloop
  endfacet
  facet normal 0.0980565 0.995181 -0
    outer loop
      vertex -1.72664 -26.3435 1.49
      vertex -3.44589 -26.1741 2.4
      vertex -1.72664 -26.3435 2.4
    endloop
  endfacet
  facet normal 0.0980565 0.995181 0
    outer loop
      vertex -3.44589 -26.1741 2.4
      vertex -1.72664 -26.3435 1.49
      vertex -3.44589 -26.1741 1.49
    endloop
  endfacet
  facet normal 0.910861 -0.412712 0
    outer loop
      vertex -24.3904 10.1028 2.4
      vertex -23.6774 11.6764 1.49
      vertex -23.6774 11.6764 2.4
    endloop
  endfacet
  facet normal 0.910861 -0.412712 0
    outer loop
      vertex -23.6774 11.6764 1.49
      vertex -24.3904 10.1028 2.4
      vertex -24.3904 10.1028 1.49
    endloop
  endfacet
  facet normal 0.881941 -0.47136 0
    outer loop
      vertex -23.6774 11.6764 2.4
      vertex -22.8631 13.2 1.49
      vertex -22.8631 13.2 2.4
    endloop
  endfacet
  facet normal 0.881941 -0.47136 0
    outer loop
      vertex -22.8631 13.2 1.49
      vertex -23.6774 11.6764 2.4
      vertex -23.6774 11.6764 1.49
    endloop
  endfacet
  facet normal 0.881941 0.47136 0
    outer loop
      vertex -22.8631 -13.2 2.4
      vertex -23.6774 -11.6764 1.49
      vertex -23.6774 -11.6764 2.4
    endloop
  endfacet
  facet normal 0.881941 0.47136 0
    outer loop
      vertex -23.6774 -11.6764 1.49
      vertex -22.8631 -13.2 2.4
      vertex -22.8631 -13.2 1.49
    endloop
  endfacet
  facet normal 0.162888 0.986644 -0
    outer loop
      vertex -3.44589 -26.1741 1.49
      vertex -5.15038 -25.8927 2.4
      vertex -3.44589 -26.1741 2.4
    endloop
  endfacet
  facet normal 0.162888 0.986644 0
    outer loop
      vertex -5.15038 -25.8927 2.4
      vertex -3.44589 -26.1741 1.49
      vertex -5.15038 -25.8927 1.49
    endloop
  endfacet
  facet normal 0.47136 0.881941 -0
    outer loop
      vertex -11.6764 -23.6774 1.49
      vertex -13.2 -22.8631 2.4
      vertex -11.6764 -23.6774 2.4
    endloop
  endfacet
  facet normal 0.47136 0.881941 0
    outer loop
      vertex -13.2 -22.8631 2.4
      vertex -11.6764 -23.6774 1.49
      vertex -13.2 -22.8631 1.49
    endloop
  endfacet
  facet normal 0.333456 0.623777 -0.706902
    outer loop
      vertex -13.2 -22.8631 1.49
      vertex -12.3456 -25.0084 0
      vertex -13.945 -24.1534 0
    endloop
  endfacet
  facet normal 0.208536 -0.6759 -0.706875
    outer loop
      vertex -6.83282 25.5004 1.49
      vertex -7.22948 26.9363 0
      vertex -7.21846 26.9397 0
    endloop
  endfacet
  facet normal 0.205284 -0.676847 -0.706921
    outer loop
      vertex -7.22948 26.9363 0
      vertex -6.83282 25.5004 1.49
      vertex -8.486 24.999 1.49
    endloop
  endfacet
  facet normal 0.516224 0.483502 -0.706922
    outer loop
      vertex -19.8486 -17.4067 1.49
      vertex -19.7291 -19.7128 0
      vertex -20.9688 -18.3892 0
    endloop
  endfacet
  facet normal -0.706893 -0.024566 -0.706893
    outer loop
      vertex 26.4 0 1.49
      vertex 27.8896 0.0115101 0
      vertex 27.89 0 0
    endloop
  endfacet
  facet normal -0.706923 -0.0231323 -0.706912
    outer loop
      vertex 27.8896 0.0115101 0
      vertex 26.4 0 1.49
      vertex 26.3435 1.72664 1.49
    endloop
  endfacet
  facet normal -0.70692 -0.0231275 -0.706915
    outer loop
      vertex 27.8303 1.82409 0
      vertex 27.8896 0.0115101 0
      vertex 26.3435 1.72664 1.49
    endloop
  endfacet
  facet normal 0.600667 -0.373481 -0.706902
    outer loop
      vertex -23.1958 15.4851 0
      vertex -22.8631 13.2 1.49
      vertex -24.1534 13.945 0
    endloop
  endfacet
  facet normal 0.660407 0.253053 -0.706984
    outer loop
      vertex -25.7711 -10.6623 0
      vertex -24.3904 -10.1028 1.49
      vertex -25.767 -10.673 0
    endloop
  endfacet
  facet normal 0.661932 0.249166 -0.706938
    outer loop
      vertex -24.3904 -10.1028 1.49
      vertex -25.7711 -10.6623 0
      vertex -24.999 -8.486 1.49
    endloop
  endfacet
  facet normal -0.0693431 0.703891 -0.706915
    outer loop
      vertex 3.62891 -27.6525 0
      vertex 1.82409 -27.8303 0
      vertex 1.72664 -26.3435 1.49
    endloop
  endfacet
  facet normal 0.115206 0.697839 -0.706929
    outer loop
      vertex -3.44589 -26.1741 1.49
      vertex -3.64038 -27.6514 0
      vertex -5.42971 -27.356 0
    endloop
  endfacet
  facet normal 0.291915 -0.644242 -0.706922
    outer loop
      vertex -10.673 25.767 0
      vertex -10.1028 24.3904 1.49
      vertex -12.3249 25.0185 0
    endloop
  endfacet
  facet normal -0.160601 0.688805 -0.706934
    outer loop
      vertex 6.83282 -25.5004 1.49
      vertex 7.21846 -26.9397 0
      vertex 5.45228 -27.3515 0
    endloop
  endfacet
  facet normal 0.623773 -0.333381 -0.70694
    outer loop
      vertex -23.6774 11.6764 1.49
      vertex -25.0084 12.3456 0
      vertex -22.8631 13.2 1.49
    endloop
  endfacet
  facet normal 0.625052 -0.33091 -0.706972
    outer loop
      vertex -25.0084 12.3456 0
      vertex -23.6774 11.6764 1.49
      vertex -25.0138 12.3354 0
    endloop
  endfacet
  facet normal 0.483504 -0.516215 -0.706927
    outer loop
      vertex -18.6676 18.6676 1.49
      vertex -19.7128 19.7291 0
      vertex -17.4067 19.8486 1.49
    endloop
  endfacet
  facet normal 0.484546 -0.515214 -0.706944
    outer loop
      vertex -19.7128 19.7291 0
      vertex -18.6676 18.6676 1.49
      vertex -19.7212 19.7212 0
    endloop
  endfacet
  facet normal 0.688805 -0.160601 -0.706934
    outer loop
      vertex -26.9397 7.21846 0
      vertex -25.5004 6.83282 1.49
      vertex -27.3515 5.45228 0
    endloop
  endfacet
  facet normal -0.0231275 0.70692 -0.706915
    outer loop
      vertex 1.72664 -26.3435 1.49
      vertex 1.82409 -27.8303 0
      vertex 0.0115101 -27.8896 0
    endloop
  endfacet
  facet normal 0.160601 -0.688805 -0.706934
    outer loop
      vertex -5.45228 27.3515 0
      vertex -6.83282 25.5004 1.49
      vertex -7.21846 26.9397 0
    endloop
  endfacet
  facet normal -0.703883 -0.0693545 -0.706922
    outer loop
      vertex 26.1741 3.44589 1.49
      vertex 27.6525 3.62891 0
      vertex 26.3435 1.72664 1.49
    endloop
  endfacet
  facet normal -0.704085 -0.0675234 -0.706898
    outer loop
      vertex 27.6525 3.62891 0
      vertex 26.1741 3.44589 1.49
      vertex 27.6514 3.64038 0
    endloop
  endfacet
  facet normal -0.688987 0.159801 -0.706938
    outer loop
      vertex 27.3515 -5.45228 0
      vertex 25.8927 -5.15038 1.49
      vertex 27.3541 -5.44107 0
    endloop
  endfacet
  facet normal -0.688808 0.160612 -0.706928
    outer loop
      vertex 25.8927 -5.15038 1.49
      vertex 27.3515 -5.45228 0
      vertex 25.5004 -6.83282 1.49
    endloop
  endfacet
  facet normal 0.688808 0.160612 -0.706928
    outer loop
      vertex -27.3515 -5.45228 0
      vertex -25.8927 -5.15038 1.49
      vertex -25.5004 -6.83282 1.49
    endloop
  endfacet
  facet normal 0.688987 0.159801 -0.706938
    outer loop
      vertex -25.8927 -5.15038 1.49
      vertex -27.3515 -5.45228 0
      vertex -27.3541 -5.44107 0
    endloop
  endfacet
  facet normal 0.33091 -0.625052 -0.706972
    outer loop
      vertex -11.6764 23.6774 1.49
      vertex -12.3456 25.0084 0
      vertex -12.3354 25.0138 0
    endloop
  endfacet
  facet normal 0.333381 -0.623773 -0.70694
    outer loop
      vertex -12.3456 25.0084 0
      vertex -11.6764 23.6774 1.49
      vertex -13.2 22.8631 1.49
    endloop
  endfacet
  facet normal 0.373481 0.600667 -0.706902
    outer loop
      vertex -13.2 -22.8631 1.49
      vertex -13.945 -24.1534 0
      vertex -15.4851 -23.1958 0
    endloop
  endfacet
  facet normal -0.333456 -0.623777 -0.706902
    outer loop
      vertex 13.945 24.1534 0
      vertex 13.2 22.8631 1.49
      vertex 12.3456 25.0084 0
    endloop
  endfacet
  facet normal 0.516224 -0.483502 -0.706922
    outer loop
      vertex -19.7291 19.7128 0
      vertex -19.8486 17.4067 1.49
      vertex -20.9688 18.3892 0
    endloop
  endfacet
  facet normal 0.413456 -0.573901 -0.706889
    outer loop
      vertex -14.6671 21.9508 1.49
      vertex -15.5042 23.183 0
      vertex -15.4949 23.1897 0
    endloop
  endfacet
  facet normal 0.412005 -0.574915 -0.706912
    outer loop
      vertex -15.5042 23.183 0
      vertex -14.6671 21.9508 1.49
      vertex -16.0713 20.9445 1.49
    endloop
  endfacet
  facet normal -0.412005 -0.574915 -0.706912
    outer loop
      vertex 14.6671 21.9508 1.49
      vertex 15.5042 23.183 0
      vertex 16.0713 20.9445 1.49
    endloop
  endfacet
  facet normal -0.413456 -0.573901 -0.706889
    outer loop
      vertex 15.5042 23.183 0
      vertex 14.6671 21.9508 1.49
      vertex 15.4949 23.1897 0
    endloop
  endfacet
  facet normal 0.249166 0.661932 -0.706938
    outer loop
      vertex -10.6623 -25.7711 0
      vertex -10.1028 -24.3904 1.49
      vertex -8.486 -24.999 1.49
    endloop
  endfacet
  facet normal 0.253053 0.660407 -0.706984
    outer loop
      vertex -10.1028 -24.3904 1.49
      vertex -10.6623 -25.7711 0
      vertex -10.673 -25.767 0
    endloop
  endfacet
  facet normal -0.205284 -0.676847 -0.706921
    outer loop
      vertex 6.83282 25.5004 1.49
      vertex 7.22948 26.9363 0
      vertex 8.486 24.999 1.49
    endloop
  endfacet
  facet normal -0.208536 -0.6759 -0.706875
    outer loop
      vertex 7.22948 26.9363 0
      vertex 6.83282 25.5004 1.49
      vertex 7.21846 26.9397 0
    endloop
  endfacet
  facet normal 0.413456 0.573901 -0.706889
    outer loop
      vertex -15.5042 -23.183 0
      vertex -14.6671 -21.9508 1.49
      vertex -15.4949 -23.1897 0
    endloop
  endfacet
  facet normal 0.412005 0.574915 -0.706912
    outer loop
      vertex -14.6671 -21.9508 1.49
      vertex -15.5042 -23.183 0
      vertex -16.0713 -20.9445 1.49
    endloop
  endfacet
  facet normal 0.644242 -0.291915 -0.706922
    outer loop
      vertex -25.0185 12.3249 0
      vertex -24.3904 10.1028 1.49
      vertex -25.767 10.673 0
    endloop
  endfacet
  facet normal -0.373481 0.600667 -0.706902
    outer loop
      vertex 15.4851 -23.1958 0
      vertex 13.945 -24.1534 0
      vertex 13.2 -22.8631 1.49
    endloop
  endfacet
  facet normal 0.697839 0.115206 -0.706929
    outer loop
      vertex -26.1741 -3.44589 1.49
      vertex -27.356 -5.42971 0
      vertex -27.6514 -3.64038 0
    endloop
  endfacet
  facet normal -0.600667 0.373481 -0.706902
    outer loop
      vertex 24.1534 -13.945 0
      vertex 23.1958 -15.4851 0
      vertex 22.8631 -13.2 1.49
    endloop
  endfacet
  facet normal -0.288989 0.645613 -0.706873
    outer loop
      vertex 12.3249 -25.0185 0
      vertex 11.6764 -23.6774 1.49
      vertex 12.3354 -25.0138 0
    endloop
  endfacet
  facet normal -0.29191 0.644249 -0.706917
    outer loop
      vertex 11.6764 -23.6774 1.49
      vertex 12.3249 -25.0185 0
      vertex 10.1028 -24.3904 1.49
    endloop
  endfacet
  facet normal -0.546746 0.448699 -0.706921
    outer loop
      vertex 22.1193 -16.9873 0
      vertex 20.9688 -18.3892 0
      vertex 19.8486 -17.4067 1.49
    endloop
  endfacet
  facet normal -0.573901 -0.413456 -0.706889
    outer loop
      vertex 21.9508 14.6671 1.49
      vertex 23.183 15.5042 0
      vertex 23.1897 15.4949 0
    endloop
  endfacet
  facet normal -0.574915 -0.412005 -0.706912
    outer loop
      vertex 23.183 15.5042 0
      vertex 21.9508 14.6671 1.49
      vertex 20.9445 16.0713 1.49
    endloop
  endfacet
  facet normal -0.160612 -0.688808 -0.706928
    outer loop
      vertex 5.15038 25.8927 1.49
      vertex 5.45228 27.3515 0
      vertex 6.83282 25.5004 1.49
    endloop
  endfacet
  facet normal -0.159801 -0.688987 -0.706938
    outer loop
      vertex 5.45228 27.3515 0
      vertex 5.15038 25.8927 1.49
      vertex 5.44107 27.3541 0
    endloop
  endfacet
  facet normal -0.37376 -0.600467 -0.706925
    outer loop
      vertex 14.6671 21.9508 1.49
      vertex 15.4851 23.1958 0
      vertex 15.4949 23.1897 0
    endloop
  endfacet
  facet normal -0.373498 -0.600635 -0.706921
    outer loop
      vertex 15.4851 23.1958 0
      vertex 14.6671 21.9508 1.49
      vertex 13.2 22.8631 1.49
    endloop
  endfacet
  facet normal -0.249134 0.661972 -0.706912
    outer loop
      vertex 10.6623 -25.7711 0
      vertex 8.96495 -26.4099 0
      vertex 8.486 -24.999 1.49
    endloop
  endfacet
  facet normal 0.205301 -0.676851 -0.706912
    outer loop
      vertex -7.22948 26.9363 0
      vertex -8.486 24.999 1.49
      vertex -8.96495 26.4099 0
    endloop
  endfacet
  facet normal -0.291915 0.644242 -0.706922
    outer loop
      vertex 12.3249 -25.0185 0
      vertex 10.673 -25.767 0
      vertex 10.1028 -24.3904 1.49
    endloop
  endfacet
  facet normal 0.160601 0.688805 -0.706934
    outer loop
      vertex -6.83282 -25.5004 1.49
      vertex -5.45228 -27.3515 0
      vertex -7.21846 -26.9397 0
    endloop
  endfacet
  facet normal -0.697839 0.115206 -0.706929
    outer loop
      vertex 27.6514 -3.64038 0
      vertex 27.356 -5.42971 0
      vertex 26.1741 -3.44589 1.49
    endloop
  endfacet
  facet normal 0.411981 -0.574917 -0.706924
    outer loop
      vertex -15.5042 23.183 0
      vertex -16.0713 20.9445 1.49
      vertex -16.9784 22.1266 0
    endloop
  endfacet
  facet normal -0.483502 -0.516224 -0.706922
    outer loop
      vertex 18.3892 20.9688 0
      vertex 19.7128 19.7291 0
      vertex 17.4067 19.8486 1.49
    endloop
  endfacet
  facet normal -0.373481 -0.600667 -0.706902
    outer loop
      vertex 13.945 24.1534 0
      vertex 15.4851 23.1958 0
      vertex 13.2 22.8631 1.49
    endloop
  endfacet
  facet normal -0.515214 0.484546 -0.706944
    outer loop
      vertex 18.6676 -18.6676 1.49
      vertex 19.7291 -19.7128 0
      vertex 19.7212 -19.7212 0
    endloop
  endfacet
  facet normal -0.516215 0.483504 -0.706927
    outer loop
      vertex 19.7291 -19.7128 0
      vertex 18.6676 -18.6676 1.49
      vertex 19.8486 -17.4067 1.49
    endloop
  endfacet
  facet normal 0.249134 -0.661972 -0.706912
    outer loop
      vertex -8.96495 26.4099 0
      vertex -8.486 24.999 1.49
      vertex -10.6623 25.7711 0
    endloop
  endfacet
  facet normal -0.288989 -0.645613 -0.706873
    outer loop
      vertex 11.6764 23.6774 1.49
      vertex 12.3249 25.0185 0
      vertex 12.3354 25.0138 0
    endloop
  endfacet
  facet normal -0.29191 -0.644249 -0.706917
    outer loop
      vertex 12.3249 25.0185 0
      vertex 11.6764 23.6774 1.49
      vertex 10.1028 24.3904 1.49
    endloop
  endfacet
  facet normal 0.448549 0.546861 -0.706928
    outer loop
      vertex -16.9873 -22.1193 0
      vertex -16.0713 -20.9445 1.49
      vertex -16.9784 -22.1266 0
    endloop
  endfacet
  facet normal 0.44869 0.546748 -0.706926
    outer loop
      vertex -16.0713 -20.9445 1.49
      vertex -16.9873 -22.1193 0
      vertex -17.4067 -19.8486 1.49
    endloop
  endfacet
  facet normal 0.0693431 -0.703891 -0.706915
    outer loop
      vertex -1.82409 27.8303 0
      vertex -1.72664 26.3435 1.49
      vertex -3.62891 27.6525 0
    endloop
  endfacet
  facet normal -0.703891 -0.0693431 -0.706915
    outer loop
      vertex 27.6525 3.62891 0
      vertex 27.8303 1.82409 0
      vertex 26.3435 1.72664 1.49
    endloop
  endfacet
  facet normal 0.115206 -0.697839 -0.706929
    outer loop
      vertex -3.64038 27.6514 0
      vertex -3.44589 26.1741 1.49
      vertex -5.42971 27.356 0
    endloop
  endfacet
  facet normal 0.115208 -0.697837 -0.70693
    outer loop
      vertex -5.15038 25.8927 1.49
      vertex -5.42971 27.356 0
      vertex -3.44589 26.1741 1.49
    endloop
  endfacet
  facet normal 0.116672 -0.697576 -0.706948
    outer loop
      vertex -5.42971 27.356 0
      vertex -5.15038 25.8927 1.49
      vertex -5.44107 27.3541 0
    endloop
  endfacet
  facet normal 0.676851 0.205301 -0.706912
    outer loop
      vertex -24.999 -8.486 1.49
      vertex -26.4099 -8.96495 0
      vertex -26.9363 -7.22948 0
    endloop
  endfacet
  facet normal -0.115206 -0.697839 -0.706929
    outer loop
      vertex 3.64038 27.6514 0
      vertex 5.42971 27.356 0
      vertex 3.44589 26.1741 1.49
    endloop
  endfacet
  facet normal -0.159801 0.688987 -0.706938
    outer loop
      vertex 5.15038 -25.8927 1.49
      vertex 5.45228 -27.3515 0
      vertex 5.44107 -27.3541 0
    endloop
  endfacet
  facet normal -0.160612 0.688808 -0.706928
    outer loop
      vertex 5.45228 -27.3515 0
      vertex 5.15038 -25.8927 1.49
      vertex 6.83282 -25.5004 1.49
    endloop
  endfacet
  facet normal -0.448549 0.546861 -0.706928
    outer loop
      vertex 16.0713 -20.9445 1.49
      vertex 16.9873 -22.1193 0
      vertex 16.9784 -22.1266 0
    endloop
  endfacet
  facet normal -0.44869 0.546748 -0.706926
    outer loop
      vertex 16.9873 -22.1193 0
      vertex 16.0713 -20.9445 1.49
      vertex 17.4067 -19.8486 1.49
    endloop
  endfacet
  facet normal 0.661932 -0.249166 -0.706938
    outer loop
      vertex -25.7711 10.6623 0
      vertex -24.3904 10.1028 1.49
      vertex -24.999 8.486 1.49
    endloop
  endfacet
  facet normal 0.660407 -0.253053 -0.706984
    outer loop
      vertex -24.3904 10.1028 1.49
      vertex -25.7711 10.6623 0
      vertex -25.767 10.673 0
    endloop
  endfacet
  facet normal -0.697837 -0.115208 -0.70693
    outer loop
      vertex 25.8927 5.15038 1.49
      vertex 27.356 5.42971 0
      vertex 26.1741 3.44589 1.49
    endloop
  endfacet
  facet normal -0.697576 -0.116672 -0.706948
    outer loop
      vertex 27.356 5.42971 0
      vertex 25.8927 5.15038 1.49
      vertex 27.3541 5.44107 0
    endloop
  endfacet
  facet normal 0.623773 0.333381 -0.70694
    outer loop
      vertex -25.0084 -12.3456 0
      vertex -23.6774 -11.6764 1.49
      vertex -22.8631 -13.2 1.49
    endloop
  endfacet
  facet normal 0.625052 0.33091 -0.706972
    outer loop
      vertex -23.6774 -11.6764 1.49
      vertex -25.0084 -12.3456 0
      vertex -25.0138 -12.3354 0
    endloop
  endfacet
  facet normal 0.70692 -0.0231275 -0.706915
    outer loop
      vertex -27.8303 1.82409 0
      vertex -26.3435 1.72664 1.49
      vertex -27.8896 0.0115101 0
    endloop
  endfacet
  facet normal 0.688808 -0.160612 -0.706928
    outer loop
      vertex -25.8927 5.15038 1.49
      vertex -27.3515 5.45228 0
      vertex -25.5004 6.83282 1.49
    endloop
  endfacet
  facet normal 0.688987 -0.159801 -0.706938
    outer loop
      vertex -27.3515 5.45228 0
      vertex -25.8927 5.15038 1.49
      vertex -27.3541 5.44107 0
    endloop
  endfacet
  facet normal -0.115206 0.697839 -0.706929
    outer loop
      vertex 5.42971 -27.356 0
      vertex 3.64038 -27.6514 0
      vertex 3.44589 -26.1741 1.49
    endloop
  endfacet
  facet normal 0.645613 0.288989 -0.706873
    outer loop
      vertex -25.0185 -12.3249 0
      vertex -23.6774 -11.6764 1.49
      vertex -25.0138 -12.3354 0
    endloop
  endfacet
  facet normal 0.644249 0.29191 -0.706917
    outer loop
      vertex -23.6774 -11.6764 1.49
      vertex -25.0185 -12.3249 0
      vertex -24.3904 -10.1028 1.49
    endloop
  endfacet
  facet normal 0.0693431 0.703891 -0.706915
    outer loop
      vertex -1.72664 -26.3435 1.49
      vertex -1.82409 -27.8303 0
      vertex -3.62891 -27.6525 0
    endloop
  endfacet
  facet normal -0.688805 0.160601 -0.706934
    outer loop
      vertex 27.3515 -5.45228 0
      vertex 26.9397 -7.21846 0
      vertex 25.5004 -6.83282 1.49
    endloop
  endfacet
  facet normal -0.574917 -0.411981 -0.706924
    outer loop
      vertex 22.1266 16.9784 0
      vertex 23.183 15.5042 0
      vertex 20.9445 16.0713 1.49
    endloop
  endfacet
  facet normal 0.373481 -0.600667 -0.706902
    outer loop
      vertex -13.945 24.1534 0
      vertex -13.2 22.8631 1.49
      vertex -15.4851 23.1958 0
    endloop
  endfacet
  facet normal -0.697576 0.116672 -0.706948
    outer loop
      vertex 25.8927 -5.15038 1.49
      vertex 27.356 -5.42971 0
      vertex 27.3541 -5.44107 0
    endloop
  endfacet
  facet normal -0.697837 0.115208 -0.70693
    outer loop
      vertex 27.356 -5.42971 0
      vertex 25.8927 -5.15038 1.49
      vertex 26.1741 -3.44589 1.49
    endloop
  endfacet
  facet normal -0.0675234 0.704085 -0.706898
    outer loop
      vertex 3.62891 -27.6525 0
      vertex 3.44589 -26.1741 1.49
      vertex 3.64038 -27.6514 0
    endloop
  endfacet
  facet normal -0.0693545 0.703883 -0.706922
    outer loop
      vertex 3.44589 -26.1741 1.49
      vertex 3.62891 -27.6525 0
      vertex 1.72664 -26.3435 1.49
    endloop
  endfacet
  facet normal 0.159801 0.688987 -0.706938
    outer loop
      vertex -5.45228 -27.3515 0
      vertex -5.15038 -25.8927 1.49
      vertex -5.44107 -27.3541 0
    endloop
  endfacet
  facet normal 0.160612 0.688808 -0.706928
    outer loop
      vertex -5.15038 -25.8927 1.49
      vertex -5.45228 -27.3515 0
      vertex -6.83282 -25.5004 1.49
    endloop
  endfacet
  facet normal -0.205301 0.676851 -0.706912
    outer loop
      vertex 8.486 -24.999 1.49
      vertex 8.96495 -26.4099 0
      vertex 7.22948 -26.9363 0
    endloop
  endfacet
  facet normal -0.704085 0.0675234 -0.706898
    outer loop
      vertex 26.1741 -3.44589 1.49
      vertex 27.6525 -3.62891 0
      vertex 27.6514 -3.64038 0
    endloop
  endfacet
  facet normal -0.703883 0.0693545 -0.706922
    outer loop
      vertex 27.6525 -3.62891 0
      vertex 26.1741 -3.44589 1.49
      vertex 26.3435 -1.72664 1.49
    endloop
  endfacet
  facet normal 0.704085 0.0675234 -0.706898
    outer loop
      vertex -27.6525 -3.62891 0
      vertex -26.1741 -3.44589 1.49
      vertex -27.6514 -3.64038 0
    endloop
  endfacet
  facet normal 0.703883 0.0693545 -0.706922
    outer loop
      vertex -26.1741 -3.44589 1.49
      vertex -27.6525 -3.62891 0
      vertex -26.3435 -1.72664 1.49
    endloop
  endfacet
  facet normal -0.333456 0.623777 -0.706902
    outer loop
      vertex 13.2 -22.8631 1.49
      vertex 13.945 -24.1534 0
      vertex 12.3456 -25.0084 0
    endloop
  endfacet
  facet normal -0.516215 -0.483504 -0.706927
    outer loop
      vertex 18.6676 18.6676 1.49
      vertex 19.7291 19.7128 0
      vertex 19.8486 17.4067 1.49
    endloop
  endfacet
  facet normal -0.515214 -0.484546 -0.706944
    outer loop
      vertex 19.7291 19.7128 0
      vertex 18.6676 18.6676 1.49
      vertex 19.7212 19.7212 0
    endloop
  endfacet
  facet normal 0.159801 -0.688987 -0.706938
    outer loop
      vertex -5.15038 25.8927 1.49
      vertex -5.45228 27.3515 0
      vertex -5.44107 27.3541 0
    endloop
  endfacet
  facet normal 0.160612 -0.688808 -0.706928
    outer loop
      vertex -5.45228 27.3515 0
      vertex -5.15038 25.8927 1.49
      vertex -6.83282 25.5004 1.49
    endloop
  endfacet
  facet normal -0.516224 0.483502 -0.706922
    outer loop
      vertex 19.8486 -17.4067 1.49
      vertex 20.9688 -18.3892 0
      vertex 19.7291 -19.7128 0
    endloop
  endfacet
  facet normal 0.411981 0.574917 -0.706924
    outer loop
      vertex -16.0713 -20.9445 1.49
      vertex -15.5042 -23.183 0
      vertex -16.9784 -22.1266 0
    endloop
  endfacet
  facet normal 0.205301 0.676851 -0.706912
    outer loop
      vertex -8.486 -24.999 1.49
      vertex -7.22948 -26.9363 0
      vertex -8.96495 -26.4099 0
    endloop
  endfacet
  facet normal -0.600667 -0.373481 -0.706902
    outer loop
      vertex 23.1958 15.4851 0
      vertex 24.1534 13.945 0
      vertex 22.8631 13.2 1.49
    endloop
  endfacet
  facet normal 0.208536 0.6759 -0.706875
    outer loop
      vertex -7.22948 -26.9363 0
      vertex -6.83282 -25.5004 1.49
      vertex -7.21846 -26.9397 0
    endloop
  endfacet
  facet normal 0.205284 0.676847 -0.706921
    outer loop
      vertex -6.83282 -25.5004 1.49
      vertex -7.22948 -26.9363 0
      vertex -8.486 -24.999 1.49
    endloop
  endfacet
  facet normal -0.676851 -0.205301 -0.706912
    outer loop
      vertex 26.4099 8.96495 0
      vertex 26.9363 7.22948 0
      vertex 24.999 8.486 1.49
    endloop
  endfacet
  facet normal 0.0693545 -0.703883 -0.706922
    outer loop
      vertex -3.44589 26.1741 1.49
      vertex -3.62891 27.6525 0
      vertex -1.72664 26.3435 1.49
    endloop
  endfacet
  facet normal 0.0675234 -0.704085 -0.706898
    outer loop
      vertex -3.62891 27.6525 0
      vertex -3.44589 26.1741 1.49
      vertex -3.64038 27.6514 0
    endloop
  endfacet
  facet normal 0.249134 0.661972 -0.706912
    outer loop
      vertex -8.486 -24.999 1.49
      vertex -8.96495 -26.4099 0
      vertex -10.6623 -25.7711 0
    endloop
  endfacet
  facet normal -0.574917 0.411981 -0.706924
    outer loop
      vertex 23.183 -15.5042 0
      vertex 22.1266 -16.9784 0
      vertex 20.9445 -16.0713 1.49
    endloop
  endfacet
  facet normal -0.44869 -0.546748 -0.706926
    outer loop
      vertex 16.0713 20.9445 1.49
      vertex 16.9873 22.1193 0
      vertex 17.4067 19.8486 1.49
    endloop
  endfacet
  facet normal -0.448549 -0.546861 -0.706928
    outer loop
      vertex 16.9873 22.1193 0
      vertex 16.0713 20.9445 1.49
      vertex 16.9784 22.1266 0
    endloop
  endfacet
  facet normal 0.623777 0.333456 -0.706902
    outer loop
      vertex -22.8631 -13.2 1.49
      vertex -24.1534 -13.945 0
      vertex -25.0084 -12.3456 0
    endloop
  endfacet
  facet normal -0.6759 0.208536 -0.706875
    outer loop
      vertex 26.9363 -7.22948 0
      vertex 25.5004 -6.83282 1.49
      vertex 26.9397 -7.21846 0
    endloop
  endfacet
  facet normal -0.676847 0.205284 -0.706921
    outer loop
      vertex 25.5004 -6.83282 1.49
      vertex 26.9363 -7.22948 0
      vertex 24.999 -8.486 1.49
    endloop
  endfacet
  facet normal -0.0231323 0.706923 -0.706912
    outer loop
      vertex 0.0115101 -27.8896 0
      vertex 0 -26.4 1.49
      vertex 1.72664 -26.3435 1.49
    endloop
  endfacet
  facet normal -0.024566 0.706893 -0.706893
    outer loop
      vertex 0 -26.4 1.49
      vertex 0.0115101 -27.8896 0
      vertex 0 -27.89 0
    endloop
  endfacet
  facet normal 0.115208 0.697837 -0.70693
    outer loop
      vertex -5.42971 -27.356 0
      vertex -5.15038 -25.8927 1.49
      vertex -3.44589 -26.1741 1.49
    endloop
  endfacet
  facet normal 0.116672 0.697576 -0.706948
    outer loop
      vertex -5.15038 -25.8927 1.49
      vertex -5.42971 -27.356 0
      vertex -5.44107 -27.3541 0
    endloop
  endfacet
  facet normal 0.546748 -0.44869 -0.706926
    outer loop
      vertex -20.9445 16.0713 1.49
      vertex -22.1193 16.9873 0
      vertex -19.8486 17.4067 1.49
    endloop
  endfacet
  facet normal 0.546861 -0.448549 -0.706928
    outer loop
      vertex -22.1193 16.9873 0
      vertex -20.9445 16.0713 1.49
      vertex -22.1266 16.9784 0
    endloop
  endfacet
  facet normal 0.688805 0.160601 -0.706934
    outer loop
      vertex -25.5004 -6.83282 1.49
      vertex -26.9397 -7.21846 0
      vertex -27.3515 -5.45228 0
    endloop
  endfacet
  facet normal -0.0693431 -0.703891 -0.706915
    outer loop
      vertex 1.82409 27.8303 0
      vertex 3.62891 27.6525 0
      vertex 1.72664 26.3435 1.49
    endloop
  endfacet
  facet normal 0.706923 -0.0231323 -0.706912
    outer loop
      vertex -26.4 0 1.49
      vertex -27.8896 0.0115101 0
      vertex -26.3435 1.72664 1.49
    endloop
  endfacet
  facet normal 0.706893 -0.024566 -0.706893
    outer loop
      vertex -27.8896 0.0115101 0
      vertex -26.4 0 1.49
      vertex -27.89 0 0
    endloop
  endfacet
  facet normal 0.706893 0.024566 -0.706893
    outer loop
      vertex -26.4 0 1.49
      vertex -27.8896 -0.0115101 0
      vertex -27.89 0 0
    endloop
  endfacet
  facet normal 0.706923 0.0231323 -0.706912
    outer loop
      vertex -27.8896 -0.0115101 0
      vertex -26.4 0 1.49
      vertex -26.3435 -1.72664 1.49
    endloop
  endfacet
  facet normal 0.70692 0.0231275 -0.706915
    outer loop
      vertex -26.3435 -1.72664 1.49
      vertex -27.8303 -1.82409 0
      vertex -27.8896 -0.0115101 0
    endloop
  endfacet
  facet normal -0.644242 0.291915 -0.706922
    outer loop
      vertex 25.767 -10.673 0
      vertex 25.0185 -12.3249 0
      vertex 24.3904 -10.1028 1.49
    endloop
  endfacet
  facet normal 0.249166 -0.661932 -0.706938
    outer loop
      vertex -10.1028 24.3904 1.49
      vertex -10.6623 25.7711 0
      vertex -8.486 24.999 1.49
    endloop
  endfacet
  facet normal 0.253053 -0.660407 -0.706984
    outer loop
      vertex -10.6623 25.7711 0
      vertex -10.1028 24.3904 1.49
      vertex -10.673 25.767 0
    endloop
  endfacet
  facet normal 0.697839 -0.115206 -0.706929
    outer loop
      vertex -27.356 5.42971 0
      vertex -26.1741 3.44589 1.49
      vertex -27.6514 3.64038 0
    endloop
  endfacet
  facet normal -0.703891 0.0693431 -0.706915
    outer loop
      vertex 27.8303 -1.82409 0
      vertex 27.6525 -3.62891 0
      vertex 26.3435 -1.72664 1.49
    endloop
  endfacet
  facet normal 0.703891 0.0693431 -0.706915
    outer loop
      vertex -26.3435 -1.72664 1.49
      vertex -27.6525 -3.62891 0
      vertex -27.8303 -1.82409 0
    endloop
  endfacet
  facet normal 0.676847 0.205284 -0.706921
    outer loop
      vertex -26.9363 -7.22948 0
      vertex -25.5004 -6.83282 1.49
      vertex -24.999 -8.486 1.49
    endloop
  endfacet
  facet normal 0.6759 0.208536 -0.706875
    outer loop
      vertex -25.5004 -6.83282 1.49
      vertex -26.9363 -7.22948 0
      vertex -26.9397 -7.21846 0
    endloop
  endfacet
  facet normal -0.623777 -0.333456 -0.706902
    outer loop
      vertex 24.1534 13.945 0
      vertex 25.0084 12.3456 0
      vertex 22.8631 13.2 1.49
    endloop
  endfacet
  facet normal 0.29191 0.644249 -0.706917
    outer loop
      vertex -12.3249 -25.0185 0
      vertex -11.6764 -23.6774 1.49
      vertex -10.1028 -24.3904 1.49
    endloop
  endfacet
  facet normal 0.288989 0.645613 -0.706873
    outer loop
      vertex -11.6764 -23.6774 1.49
      vertex -12.3249 -25.0185 0
      vertex -12.3354 -25.0138 0
    endloop
  endfacet
  facet normal -0.160601 -0.688805 -0.706934
    outer loop
      vertex 7.21846 26.9397 0
      vertex 6.83282 25.5004 1.49
      vertex 5.45228 27.3515 0
    endloop
  endfacet
  facet normal 0.697576 0.116672 -0.706948
    outer loop
      vertex -27.356 -5.42971 0
      vertex -25.8927 -5.15038 1.49
      vertex -27.3541 -5.44107 0
    endloop
  endfacet
  facet normal 0.697837 0.115208 -0.70693
    outer loop
      vertex -25.8927 -5.15038 1.49
      vertex -27.356 -5.42971 0
      vertex -26.1741 -3.44589 1.49
    endloop
  endfacet
  facet normal 0.661972 0.249134 -0.706912
    outer loop
      vertex -24.999 -8.486 1.49
      vertex -25.7711 -10.6623 0
      vertex -26.4099 -8.96495 0
    endloop
  endfacet
  facet normal 0.291915 0.644242 -0.706922
    outer loop
      vertex -10.1028 -24.3904 1.49
      vertex -10.673 -25.767 0
      vertex -12.3249 -25.0185 0
    endloop
  endfacet
  facet normal 0.024566 0.706893 -0.706893
    outer loop
      vertex -0.0115101 -27.8896 0
      vertex 0 -26.4 1.49
      vertex 0 -27.89 0
    endloop
  endfacet
  facet normal 0.0231323 0.706923 -0.706912
    outer loop
      vertex 0 -26.4 1.49
      vertex -0.0115101 -27.8896 0
      vertex -1.72664 -26.3435 1.49
    endloop
  endfacet
  facet normal 0.0231275 0.70692 -0.706915
    outer loop
      vertex -1.72664 -26.3435 1.49
      vertex -0.0115101 -27.8896 0
      vertex -1.82409 -27.8303 0
    endloop
  endfacet
  facet normal -0.645613 0.288989 -0.706873
    outer loop
      vertex 23.6774 -11.6764 1.49
      vertex 25.0185 -12.3249 0
      vertex 25.0138 -12.3354 0
    endloop
  endfacet
  facet normal -0.644249 0.29191 -0.706917
    outer loop
      vertex 25.0185 -12.3249 0
      vertex 23.6774 -11.6764 1.49
      vertex 24.3904 -10.1028 1.49
    endloop
  endfacet
  facet normal 0.574917 -0.411981 -0.706924
    outer loop
      vertex -22.1266 16.9784 0
      vertex -20.9445 16.0713 1.49
      vertex -23.183 15.5042 0
    endloop
  endfacet
  facet normal 0.448549 -0.546861 -0.706928
    outer loop
      vertex -16.0713 20.9445 1.49
      vertex -16.9873 22.1193 0
      vertex -16.9784 22.1266 0
    endloop
  endfacet
  facet normal 0.44869 -0.546748 -0.706926
    outer loop
      vertex -16.9873 22.1193 0
      vertex -16.0713 20.9445 1.49
      vertex -17.4067 19.8486 1.49
    endloop
  endfacet
  facet normal -0.448699 -0.546746 -0.706921
    outer loop
      vertex 18.3892 20.9688 0
      vertex 17.4067 19.8486 1.49
      vertex 16.9873 22.1193 0
    endloop
  endfacet
  facet normal -0.484546 0.515214 -0.706944
    outer loop
      vertex 19.7128 -19.7291 0
      vertex 18.6676 -18.6676 1.49
      vertex 19.7212 -19.7212 0
    endloop
  endfacet
  facet normal -0.483504 0.516215 -0.706927
    outer loop
      vertex 18.6676 -18.6676 1.49
      vertex 19.7128 -19.7291 0
      vertex 17.4067 -19.8486 1.49
    endloop
  endfacet
  facet normal -0.625052 -0.33091 -0.706972
    outer loop
      vertex 23.6774 11.6764 1.49
      vertex 25.0084 12.3456 0
      vertex 25.0138 12.3354 0
    endloop
  endfacet
  facet normal -0.623773 -0.333381 -0.70694
    outer loop
      vertex 25.0084 12.3456 0
      vertex 23.6774 11.6764 1.49
      vertex 22.8631 13.2 1.49
    endloop
  endfacet
  facet normal -0.688805 -0.160601 -0.706934
    outer loop
      vertex 26.9397 7.21846 0
      vertex 27.3515 5.45228 0
      vertex 25.5004 6.83282 1.49
    endloop
  endfacet
  facet normal -0.70692 0.0231275 -0.706915
    outer loop
      vertex 27.8896 -0.0115101 0
      vertex 27.8303 -1.82409 0
      vertex 26.3435 -1.72664 1.49
    endloop
  endfacet
  facet normal -0.706893 0.024566 -0.706893
    outer loop
      vertex 27.8896 -0.0115101 0
      vertex 26.4 0 1.49
      vertex 27.89 0 0
    endloop
  endfacet
  facet normal -0.706923 0.0231323 -0.706912
    outer loop
      vertex 26.4 0 1.49
      vertex 27.8896 -0.0115101 0
      vertex 26.3435 -1.72664 1.49
    endloop
  endfacet
  facet normal -0.0231323 -0.706923 -0.706912
    outer loop
      vertex 0 26.4 1.49
      vertex 0.0115101 27.8896 0
      vertex 1.72664 26.3435 1.49
    endloop
  endfacet
  facet normal -0.024566 -0.706893 -0.706893
    outer loop
      vertex 0.0115101 27.8896 0
      vertex 0 26.4 1.49
      vertex 0 27.89 0
    endloop
  endfacet
  facet normal -0.661972 -0.249134 -0.706912
    outer loop
      vertex 25.7711 10.6623 0
      vertex 26.4099 8.96495 0
      vertex 24.999 8.486 1.49
    endloop
  endfacet
  facet normal -0.6759 -0.208536 -0.706875
    outer loop
      vertex 25.5004 6.83282 1.49
      vertex 26.9363 7.22948 0
      vertex 26.9397 7.21846 0
    endloop
  endfacet
  facet normal -0.676847 -0.205284 -0.706921
    outer loop
      vertex 26.9363 7.22948 0
      vertex 25.5004 6.83282 1.49
      vertex 24.999 8.486 1.49
    endloop
  endfacet
  facet normal -0.484546 -0.515214 -0.706944
    outer loop
      vertex 18.6676 18.6676 1.49
      vertex 19.7128 19.7291 0
      vertex 19.7212 19.7212 0
    endloop
  endfacet
  facet normal -0.483504 -0.516215 -0.706927
    outer loop
      vertex 19.7128 19.7291 0
      vertex 18.6676 18.6676 1.49
      vertex 17.4067 19.8486 1.49
    endloop
  endfacet
  facet normal -0.697839 -0.115206 -0.706929
    outer loop
      vertex 27.356 5.42971 0
      vertex 27.6514 3.64038 0
      vertex 26.1741 3.44589 1.49
    endloop
  endfacet
  facet normal -0.291915 -0.644242 -0.706922
    outer loop
      vertex 10.673 25.767 0
      vertex 12.3249 25.0185 0
      vertex 10.1028 24.3904 1.49
    endloop
  endfacet
  facet normal -0.600635 -0.373498 -0.706921
    outer loop
      vertex 21.9508 14.6671 1.49
      vertex 23.1958 15.4851 0
      vertex 22.8631 13.2 1.49
    endloop
  endfacet
  facet normal -0.600467 -0.37376 -0.706925
    outer loop
      vertex 23.1958 15.4851 0
      vertex 21.9508 14.6671 1.49
      vertex 23.1897 15.4949 0
    endloop
  endfacet
  facet normal -0.546861 -0.448549 -0.706928
    outer loop
      vertex 20.9445 16.0713 1.49
      vertex 22.1193 16.9873 0
      vertex 22.1266 16.9784 0
    endloop
  endfacet
  facet normal -0.546748 -0.44869 -0.706926
    outer loop
      vertex 22.1193 16.9873 0
      vertex 20.9445 16.0713 1.49
      vertex 19.8486 17.4067 1.49
    endloop
  endfacet
  facet normal -0.249134 -0.661972 -0.706912
    outer loop
      vertex 8.96495 26.4099 0
      vertex 10.6623 25.7711 0
      vertex 8.486 24.999 1.49
    endloop
  endfacet
  facet normal -0.448699 0.546746 -0.706921
    outer loop
      vertex 17.4067 -19.8486 1.49
      vertex 18.3892 -20.9688 0
      vertex 16.9873 -22.1193 0
    endloop
  endfacet
  facet normal 0.0231323 -0.706923 -0.706912
    outer loop
      vertex -0.0115101 27.8896 0
      vertex 0 26.4 1.49
      vertex -1.72664 26.3435 1.49
    endloop
  endfacet
  facet normal 0.024566 -0.706893 -0.706893
    outer loop
      vertex 0 26.4 1.49
      vertex -0.0115101 27.8896 0
      vertex 0 27.89 0
    endloop
  endfacet
  facet normal 0.373498 -0.600635 -0.706921
    outer loop
      vertex -14.6671 21.9508 1.49
      vertex -15.4851 23.1958 0
      vertex -13.2 22.8631 1.49
    endloop
  endfacet
  facet normal 0.37376 -0.600467 -0.706925
    outer loop
      vertex -15.4851 23.1958 0
      vertex -14.6671 21.9508 1.49
      vertex -15.4949 23.1897 0
    endloop
  endfacet
  facet normal -0.116672 -0.697576 -0.706948
    outer loop
      vertex 5.15038 25.8927 1.49
      vertex 5.42971 27.356 0
      vertex 5.44107 27.3541 0
    endloop
  endfacet
  facet normal -0.115208 -0.697837 -0.70693
    outer loop
      vertex 5.42971 27.356 0
      vertex 5.15038 25.8927 1.49
      vertex 3.44589 26.1741 1.49
    endloop
  endfacet
  facet normal 0.0231275 -0.70692 -0.706915
    outer loop
      vertex -0.0115101 27.8896 0
      vertex -1.72664 26.3435 1.49
      vertex -1.82409 27.8303 0
    endloop
  endfacet
  facet normal 0.515214 0.484546 -0.706944
    outer loop
      vertex -19.7291 -19.7128 0
      vertex -18.6676 -18.6676 1.49
      vertex -19.7212 -19.7212 0
    endloop
  endfacet
  facet normal 0.516215 0.483504 -0.706927
    outer loop
      vertex -18.6676 -18.6676 1.49
      vertex -19.7291 -19.7128 0
      vertex -19.8486 -17.4067 1.49
    endloop
  endfacet
  facet normal -0.333381 -0.623773 -0.70694
    outer loop
      vertex 11.6764 23.6774 1.49
      vertex 12.3456 25.0084 0
      vertex 13.2 22.8631 1.49
    endloop
  endfacet
  facet normal -0.33091 -0.625052 -0.706972
    outer loop
      vertex 12.3456 25.0084 0
      vertex 11.6764 23.6774 1.49
      vertex 12.3354 25.0138 0
    endloop
  endfacet
  facet normal -0.116672 0.697576 -0.706948
    outer loop
      vertex 5.42971 -27.356 0
      vertex 5.15038 -25.8927 1.49
      vertex 5.44107 -27.3541 0
    endloop
  endfacet
  facet normal -0.115208 0.697837 -0.70693
    outer loop
      vertex 5.15038 -25.8927 1.49
      vertex 5.42971 -27.356 0
      vertex 3.44589 -26.1741 1.49
    endloop
  endfacet
  facet normal 0.546748 0.44869 -0.706926
    outer loop
      vertex -22.1193 -16.9873 0
      vertex -20.9445 -16.0713 1.49
      vertex -19.8486 -17.4067 1.49
    endloop
  endfacet
  facet normal 0.546861 0.448549 -0.706928
    outer loop
      vertex -20.9445 -16.0713 1.49
      vertex -22.1193 -16.9873 0
      vertex -22.1266 -16.9784 0
    endloop
  endfacet
  facet normal -0.676851 0.205301 -0.706912
    outer loop
      vertex 26.9363 -7.22948 0
      vertex 26.4099 -8.96495 0
      vertex 24.999 -8.486 1.49
    endloop
  endfacet
  facet normal 0.600467 0.37376 -0.706925
    outer loop
      vertex -23.1958 -15.4851 0
      vertex -21.9508 -14.6671 1.49
      vertex -23.1897 -15.4949 0
    endloop
  endfacet
  facet normal 0.600635 0.373498 -0.706921
    outer loop
      vertex -21.9508 -14.6671 1.49
      vertex -23.1958 -15.4851 0
      vertex -22.8631 -13.2 1.49
    endloop
  endfacet
  facet normal 0.600667 0.373481 -0.706902
    outer loop
      vertex -22.8631 -13.2 1.49
      vertex -23.1958 -15.4851 0
      vertex -24.1534 -13.945 0
    endloop
  endfacet
  facet normal -0.661972 0.249134 -0.706912
    outer loop
      vertex 26.4099 -8.96495 0
      vertex 25.7711 -10.6623 0
      vertex 24.999 -8.486 1.49
    endloop
  endfacet
  facet normal 0.29191 -0.644249 -0.706917
    outer loop
      vertex -11.6764 23.6774 1.49
      vertex -12.3249 25.0185 0
      vertex -10.1028 24.3904 1.49
    endloop
  endfacet
  facet normal 0.288989 -0.645613 -0.706873
    outer loop
      vertex -12.3249 25.0185 0
      vertex -11.6764 23.6774 1.49
      vertex -12.3354 25.0138 0
    endloop
  endfacet
  facet normal 0.644242 0.291915 -0.706922
    outer loop
      vertex -24.3904 -10.1028 1.49
      vertex -25.0185 -12.3249 0
      vertex -25.767 -10.673 0
    endloop
  endfacet
  facet normal -0.253053 -0.660407 -0.706984
    outer loop
      vertex 10.1028 24.3904 1.49
      vertex 10.6623 25.7711 0
      vertex 10.673 25.767 0
    endloop
  endfacet
  facet normal -0.249166 -0.661932 -0.706938
    outer loop
      vertex 10.6623 25.7711 0
      vertex 10.1028 24.3904 1.49
      vertex 8.486 24.999 1.49
    endloop
  endfacet
  facet normal 0.623777 -0.333456 -0.706902
    outer loop
      vertex -24.1534 13.945 0
      vertex -22.8631 13.2 1.49
      vertex -25.0084 12.3456 0
    endloop
  endfacet
  facet normal 0.483504 0.516215 -0.706927
    outer loop
      vertex -19.7128 -19.7291 0
      vertex -18.6676 -18.6676 1.49
      vertex -17.4067 -19.8486 1.49
    endloop
  endfacet
  facet normal 0.484546 0.515214 -0.706944
    outer loop
      vertex -18.6676 -18.6676 1.49
      vertex -19.7128 -19.7291 0
      vertex -19.7212 -19.7212 0
    endloop
  endfacet
  facet normal -0.208536 0.6759 -0.706875
    outer loop
      vertex 6.83282 -25.5004 1.49
      vertex 7.22948 -26.9363 0
      vertex 7.21846 -26.9397 0
    endloop
  endfacet
  facet normal -0.205284 0.676847 -0.706921
    outer loop
      vertex 7.22948 -26.9363 0
      vertex 6.83282 -25.5004 1.49
      vertex 8.486 -24.999 1.49
    endloop
  endfacet
  facet normal -0.623777 0.333456 -0.706902
    outer loop
      vertex 25.0084 -12.3456 0
      vertex 24.1534 -13.945 0
      vertex 22.8631 -13.2 1.49
    endloop
  endfacet
  facet normal 0.0693545 0.703883 -0.706922
    outer loop
      vertex -3.62891 -27.6525 0
      vertex -3.44589 -26.1741 1.49
      vertex -1.72664 -26.3435 1.49
    endloop
  endfacet
  facet normal 0.0675234 0.704085 -0.706898
    outer loop
      vertex -3.44589 -26.1741 1.49
      vertex -3.62891 -27.6525 0
      vertex -3.64038 -27.6514 0
    endloop
  endfacet
  facet normal 0.448699 0.546746 -0.706921
    outer loop
      vertex -17.4067 -19.8486 1.49
      vertex -16.9873 -22.1193 0
      vertex -18.3892 -20.9688 0
    endloop
  endfacet
  facet normal -0.573901 0.413456 -0.706889
    outer loop
      vertex 23.183 -15.5042 0
      vertex 21.9508 -14.6671 1.49
      vertex 23.1897 -15.4949 0
    endloop
  endfacet
  facet normal -0.574915 0.412005 -0.706912
    outer loop
      vertex 21.9508 -14.6671 1.49
      vertex 23.183 -15.5042 0
      vertex 20.9445 -16.0713 1.49
    endloop
  endfacet
  facet normal -0.411981 -0.574917 -0.706924
    outer loop
      vertex 16.9784 22.1266 0
      vertex 16.0713 20.9445 1.49
      vertex 15.5042 23.183 0
    endloop
  endfacet
  facet normal -0.253053 0.660407 -0.706984
    outer loop
      vertex 10.6623 -25.7711 0
      vertex 10.1028 -24.3904 1.49
      vertex 10.673 -25.767 0
    endloop
  endfacet
  facet normal -0.249166 0.661932 -0.706938
    outer loop
      vertex 10.1028 -24.3904 1.49
      vertex 10.6623 -25.7711 0
      vertex 8.486 -24.999 1.49
    endloop
  endfacet
  facet normal -0.0231275 -0.70692 -0.706915
    outer loop
      vertex 1.82409 27.8303 0
      vertex 1.72664 26.3435 1.49
      vertex 0.0115101 27.8896 0
    endloop
  endfacet
  facet normal -0.600467 0.37376 -0.706925
    outer loop
      vertex 21.9508 -14.6671 1.49
      vertex 23.1958 -15.4851 0
      vertex 23.1897 -15.4949 0
    endloop
  endfacet
  facet normal -0.600635 0.373498 -0.706921
    outer loop
      vertex 23.1958 -15.4851 0
      vertex 21.9508 -14.6671 1.49
      vertex 22.8631 -13.2 1.49
    endloop
  endfacet
  facet normal -0.0675234 -0.704085 -0.706898
    outer loop
      vertex 3.44589 26.1741 1.49
      vertex 3.62891 27.6525 0
      vertex 3.64038 27.6514 0
    endloop
  endfacet
  facet normal -0.0693545 -0.703883 -0.706922
    outer loop
      vertex 3.62891 27.6525 0
      vertex 3.44589 26.1741 1.49
      vertex 1.72664 26.3435 1.49
    endloop
  endfacet
  facet normal 0.483502 0.516224 -0.706922
    outer loop
      vertex -17.4067 -19.8486 1.49
      vertex -18.3892 -20.9688 0
      vertex -19.7128 -19.7291 0
    endloop
  endfacet
  facet normal -0.37376 0.600467 -0.706925
    outer loop
      vertex 15.4851 -23.1958 0
      vertex 14.6671 -21.9508 1.49
      vertex 15.4949 -23.1897 0
    endloop
  endfacet
  facet normal -0.373498 0.600635 -0.706921
    outer loop
      vertex 14.6671 -21.9508 1.49
      vertex 15.4851 -23.1958 0
      vertex 13.2 -22.8631 1.49
    endloop
  endfacet
  facet normal -0.546861 0.448549 -0.706928
    outer loop
      vertex 22.1193 -16.9873 0
      vertex 20.9445 -16.0713 1.49
      vertex 22.1266 -16.9784 0
    endloop
  endfacet
  facet normal -0.546748 0.44869 -0.706926
    outer loop
      vertex 20.9445 -16.0713 1.49
      vertex 22.1193 -16.9873 0
      vertex 19.8486 -17.4067 1.49
    endloop
  endfacet
  facet normal -0.688987 -0.159801 -0.706938
    outer loop
      vertex 25.8927 5.15038 1.49
      vertex 27.3515 5.45228 0
      vertex 27.3541 5.44107 0
    endloop
  endfacet
  facet normal -0.688808 -0.160612 -0.706928
    outer loop
      vertex 27.3515 5.45228 0
      vertex 25.8927 5.15038 1.49
      vertex 25.5004 6.83282 1.49
    endloop
  endfacet
  facet normal 0.33091 0.625052 -0.706972
    outer loop
      vertex -12.3456 -25.0084 0
      vertex -11.6764 -23.6774 1.49
      vertex -12.3354 -25.0138 0
    endloop
  endfacet
  facet normal 0.333381 0.623773 -0.70694
    outer loop
      vertex -11.6764 -23.6774 1.49
      vertex -12.3456 -25.0084 0
      vertex -13.2 -22.8631 1.49
    endloop
  endfacet
  facet normal 0.483502 -0.516224 -0.706922
    outer loop
      vertex -18.3892 20.9688 0
      vertex -17.4067 19.8486 1.49
      vertex -19.7128 19.7291 0
    endloop
  endfacet
  facet normal -0.644242 -0.291915 -0.706922
    outer loop
      vertex 25.0185 12.3249 0
      vertex 25.767 10.673 0
      vertex 24.3904 10.1028 1.49
    endloop
  endfacet
  facet normal -0.516224 -0.483502 -0.706922
    outer loop
      vertex 20.9688 18.3892 0
      vertex 19.8486 17.4067 1.49
      vertex 19.7291 19.7128 0
    endloop
  endfacet
  facet normal -0.644249 -0.29191 -0.706917
    outer loop
      vertex 23.6774 11.6764 1.49
      vertex 25.0185 12.3249 0
      vertex 24.3904 10.1028 1.49
    endloop
  endfacet
  facet normal -0.645613 -0.288989 -0.706873
    outer loop
      vertex 25.0185 12.3249 0
      vertex 23.6774 11.6764 1.49
      vertex 25.0138 12.3354 0
    endloop
  endfacet
  facet normal -0.661932 -0.249166 -0.706938
    outer loop
      vertex 24.3904 10.1028 1.49
      vertex 25.7711 10.6623 0
      vertex 24.999 8.486 1.49
    endloop
  endfacet
  facet normal -0.660407 -0.253053 -0.706984
    outer loop
      vertex 25.7711 10.6623 0
      vertex 24.3904 10.1028 1.49
      vertex 25.767 10.673 0
    endloop
  endfacet
  facet normal 0.333456 -0.623777 -0.706902
    outer loop
      vertex -12.3456 25.0084 0
      vertex -13.2 22.8631 1.49
      vertex -13.945 24.1534 0
    endloop
  endfacet
  facet normal 0.373498 0.600635 -0.706921
    outer loop
      vertex -15.4851 -23.1958 0
      vertex -14.6671 -21.9508 1.49
      vertex -13.2 -22.8631 1.49
    endloop
  endfacet
  facet normal 0.37376 0.600467 -0.706925
    outer loop
      vertex -14.6671 -21.9508 1.49
      vertex -15.4851 -23.1958 0
      vertex -15.4949 -23.1897 0
    endloop
  endfacet
  facet normal -0.483502 0.516224 -0.706922
    outer loop
      vertex 19.7128 -19.7291 0
      vertex 18.3892 -20.9688 0
      vertex 17.4067 -19.8486 1.49
    endloop
  endfacet
  facet normal -0.625052 0.33091 -0.706972
    outer loop
      vertex 25.0084 -12.3456 0
      vertex 23.6774 -11.6764 1.49
      vertex 25.0138 -12.3354 0
    endloop
  endfacet
  facet normal -0.623773 0.333381 -0.70694
    outer loop
      vertex 23.6774 -11.6764 1.49
      vertex 25.0084 -12.3456 0
      vertex 22.8631 -13.2 1.49
    endloop
  endfacet
  facet normal 0.515214 -0.484546 -0.706944
    outer loop
      vertex -18.6676 18.6676 1.49
      vertex -19.7291 19.7128 0
      vertex -19.7212 19.7212 0
    endloop
  endfacet
  facet normal 0.516215 -0.483504 -0.706927
    outer loop
      vertex -19.7291 19.7128 0
      vertex -18.6676 18.6676 1.49
      vertex -19.8486 17.4067 1.49
    endloop
  endfacet
  facet normal 0.546746 -0.448699 -0.706921
    outer loop
      vertex -20.9688 18.3892 0
      vertex -19.8486 17.4067 1.49
      vertex -22.1193 16.9873 0
    endloop
  endfacet
  facet normal 0.697837 -0.115208 -0.70693
    outer loop
      vertex -27.356 5.42971 0
      vertex -25.8927 5.15038 1.49
      vertex -26.1741 3.44589 1.49
    endloop
  endfacet
  facet normal 0.697576 -0.116672 -0.706948
    outer loop
      vertex -25.8927 5.15038 1.49
      vertex -27.356 5.42971 0
      vertex -27.3541 5.44107 0
    endloop
  endfacet
  facet normal 0.703883 -0.0693545 -0.706922
    outer loop
      vertex -27.6525 3.62891 0
      vertex -26.1741 3.44589 1.49
      vertex -26.3435 1.72664 1.49
    endloop
  endfacet
  facet normal 0.704085 -0.0675234 -0.706898
    outer loop
      vertex -26.1741 3.44589 1.49
      vertex -27.6525 3.62891 0
      vertex -27.6514 3.64038 0
    endloop
  endfacet
  facet normal 0.703891 -0.0693431 -0.706915
    outer loop
      vertex -27.6525 3.62891 0
      vertex -26.3435 1.72664 1.49
      vertex -27.8303 1.82409 0
    endloop
  endfacet
  facet normal -0.33091 0.625052 -0.706972
    outer loop
      vertex 11.6764 -23.6774 1.49
      vertex 12.3456 -25.0084 0
      vertex 12.3354 -25.0138 0
    endloop
  endfacet
  facet normal -0.333381 0.623773 -0.70694
    outer loop
      vertex 12.3456 -25.0084 0
      vertex 11.6764 -23.6774 1.49
      vertex 13.2 -22.8631 1.49
    endloop
  endfacet
  facet normal -0.413456 0.573901 -0.706889
    outer loop
      vertex 14.6671 -21.9508 1.49
      vertex 15.5042 -23.183 0
      vertex 15.4949 -23.1897 0
    endloop
  endfacet
  facet normal -0.412005 0.574915 -0.706912
    outer loop
      vertex 15.5042 -23.183 0
      vertex 14.6671 -21.9508 1.49
      vertex 16.0713 -20.9445 1.49
    endloop
  endfacet
  facet normal -0.411981 0.574917 -0.706924
    outer loop
      vertex 16.0713 -20.9445 1.49
      vertex 16.9784 -22.1266 0
      vertex 15.5042 -23.183 0
    endloop
  endfacet
  facet normal 0.448699 -0.546746 -0.706921
    outer loop
      vertex -16.9873 22.1193 0
      vertex -17.4067 19.8486 1.49
      vertex -18.3892 20.9688 0
    endloop
  endfacet
  facet normal 0.574917 0.411981 -0.706924
    outer loop
      vertex -20.9445 -16.0713 1.49
      vertex -22.1266 -16.9784 0
      vertex -23.183 -15.5042 0
    endloop
  endfacet
  facet normal 0.546746 0.448699 -0.706921
    outer loop
      vertex -19.8486 -17.4067 1.49
      vertex -20.9688 -18.3892 0
      vertex -22.1193 -16.9873 0
    endloop
  endfacet
  facet normal -0.660407 0.253053 -0.706984
    outer loop
      vertex 24.3904 -10.1028 1.49
      vertex 25.7711 -10.6623 0
      vertex 25.767 -10.673 0
    endloop
  endfacet
  facet normal -0.661932 0.249166 -0.706938
    outer loop
      vertex 25.7711 -10.6623 0
      vertex 24.3904 -10.1028 1.49
      vertex 24.999 -8.486 1.49
    endloop
  endfacet
  facet normal -0.205301 -0.676851 -0.706912
    outer loop
      vertex 8.96495 26.4099 0
      vertex 8.486 24.999 1.49
      vertex 7.22948 26.9363 0
    endloop
  endfacet
  facet normal 0.574915 -0.412005 -0.706912
    outer loop
      vertex -21.9508 14.6671 1.49
      vertex -23.183 15.5042 0
      vertex -20.9445 16.0713 1.49
    endloop
  endfacet
  facet normal 0.573901 -0.413456 -0.706889
    outer loop
      vertex -23.183 15.5042 0
      vertex -21.9508 14.6671 1.49
      vertex -23.1897 15.4949 0
    endloop
  endfacet
  facet normal -0.546746 -0.448699 -0.706921
    outer loop
      vertex 20.9688 18.3892 0
      vertex 22.1193 16.9873 0
      vertex 19.8486 17.4067 1.49
    endloop
  endfacet
  facet normal 0.600635 -0.373498 -0.706921
    outer loop
      vertex -23.1958 15.4851 0
      vertex -21.9508 14.6671 1.49
      vertex -22.8631 13.2 1.49
    endloop
  endfacet
  facet normal 0.600467 -0.37376 -0.706925
    outer loop
      vertex -21.9508 14.6671 1.49
      vertex -23.1958 15.4851 0
      vertex -23.1897 15.4949 0
    endloop
  endfacet
  facet normal 0.676851 -0.205301 -0.706912
    outer loop
      vertex -26.4099 8.96495 0
      vertex -24.999 8.486 1.49
      vertex -26.9363 7.22948 0
    endloop
  endfacet
  facet normal 0.644249 -0.29191 -0.706917
    outer loop
      vertex -25.0185 12.3249 0
      vertex -23.6774 11.6764 1.49
      vertex -24.3904 10.1028 1.49
    endloop
  endfacet
  facet normal 0.645613 -0.288989 -0.706873
    outer loop
      vertex -23.6774 11.6764 1.49
      vertex -25.0185 12.3249 0
      vertex -25.0138 12.3354 0
    endloop
  endfacet
  facet normal 0.574915 0.412005 -0.706912
    outer loop
      vertex -23.183 -15.5042 0
      vertex -21.9508 -14.6671 1.49
      vertex -20.9445 -16.0713 1.49
    endloop
  endfacet
  facet normal 0.573901 0.413456 -0.706889
    outer loop
      vertex -21.9508 -14.6671 1.49
      vertex -23.183 -15.5042 0
      vertex -23.1897 -15.4949 0
    endloop
  endfacet
  facet normal 0.676847 -0.205284 -0.706921
    outer loop
      vertex -25.5004 6.83282 1.49
      vertex -26.9363 7.22948 0
      vertex -24.999 8.486 1.49
    endloop
  endfacet
  facet normal 0.6759 -0.208536 -0.706875
    outer loop
      vertex -26.9363 7.22948 0
      vertex -25.5004 6.83282 1.49
      vertex -26.9397 7.21846 0
    endloop
  endfacet
  facet normal 0.661972 -0.249134 -0.706912
    outer loop
      vertex -25.7711 10.6623 0
      vertex -24.999 8.486 1.49
      vertex -26.4099 8.96495 0
    endloop
  endfacet
  facet normal -0.849202 -0.528068 0
    outer loop
      vertex 26.3878 15.235 2.4
      vertex 25.3349 16.9282 4.1
      vertex 25.3349 16.9282 2.4
    endloop
  endfacet
  facet normal -0.849202 -0.528068 0
    outer loop
      vertex 25.3349 16.9282 4.1
      vertex 26.3878 15.235 2.4
      vertex 26.3878 15.235 4.1
    endloop
  endfacet
  facet normal 0.290286 -0.95694 0
    outer loop
      vertex -9.79426 28.853 2.4
      vertex -7.88622 29.4318 4.1
      vertex -9.79426 28.853 4.1
    endloop
  endfacet
  facet normal 0.290286 -0.95694 0
    outer loop
      vertex -7.88622 29.4318 4.1
      vertex -9.79426 28.853 2.4
      vertex -7.88622 29.4318 2.4
    endloop
  endfacet
  facet normal -0.995182 -0.0980487 0
    outer loop
      vertex 30.4048 1.99283 2.4
      vertex 30.2093 3.97713 4.1
      vertex 30.2093 3.97713 2.4
    endloop
  endfacet
  facet normal -0.995182 -0.0980487 0
    outer loop
      vertex 30.2093 3.97713 4.1
      vertex 30.4048 1.99283 2.4
      vertex 30.4048 1.99283 4.1
    endloop
  endfacet
  facet normal -0.999465 -0.0326998 0
    outer loop
      vertex 30.47 0 2.4
      vertex 30.4048 1.99283 4.1
      vertex 30.4048 1.99283 2.4
    endloop
  endfacet
  facet normal -0.999465 -0.0326998 0
    outer loop
      vertex 30.4048 1.99283 4.1
      vertex 30.47 0 2.4
      vertex 30.47 0 4.1
    endloop
  endfacet
  facet normal 0.162897 0.986643 -0
    outer loop
      vertex -3.97713 -30.2093 2.4
      vertex -5.9444 -29.8845 4.1
      vertex -3.97713 -30.2093 4.1
    endloop
  endfacet
  facet normal 0.162897 0.986643 0
    outer loop
      vertex -5.9444 -29.8845 4.1
      vertex -3.97713 -30.2093 2.4
      vertex -5.9444 -29.8845 2.4
    endloop
  endfacet
  facet normal -0.0980487 0.995182 0
    outer loop
      vertex 3.97713 -30.2093 2.4
      vertex 1.99283 -30.4048 4.1
      vertex 3.97713 -30.2093 4.1
    endloop
  endfacet
  facet normal -0.0980487 0.995182 0
    outer loop
      vertex 1.99283 -30.4048 4.1
      vertex 3.97713 -30.2093 2.4
      vertex 1.99283 -30.4048 2.4
    endloop
  endfacet
  facet normal -0.412722 -0.910857 0
    outer loop
      vertex 11.6604 28.1506 2.4
      vertex 13.4765 27.3277 4.1
      vertex 11.6604 28.1506 4.1
    endloop
  endfacet
  facet normal -0.412722 -0.910857 -0
    outer loop
      vertex 13.4765 27.3277 4.1
      vertex 11.6604 28.1506 2.4
      vertex 13.4765 27.3277 2.4
    endloop
  endfacet
  facet normal 0.63439 -0.773013 0
    outer loop
      vertex -20.0903 22.9086 2.4
      vertex -18.549 24.1735 4.1
      vertex -20.0903 22.9086 4.1
    endloop
  endfacet
  facet normal 0.63439 -0.773013 0
    outer loop
      vertex -18.549 24.1735 4.1
      vertex -20.0903 22.9086 2.4
      vertex -18.549 24.1735 2.4
    endloop
  endfacet
  facet normal -0.528068 -0.849202 0
    outer loop
      vertex 15.235 26.3878 2.4
      vertex 16.9282 25.3349 4.1
      vertex 15.235 26.3878 4.1
    endloop
  endfacet
  facet normal -0.528068 -0.849202 -0
    outer loop
      vertex 16.9282 25.3349 4.1
      vertex 15.235 26.3878 2.4
      vertex 16.9282 25.3349 2.4
    endloop
  endfacet
  facet normal -0.773013 0.63439 0
    outer loop
      vertex 22.9086 -20.0903 2.4
      vertex 24.1735 -18.549 4.1
      vertex 24.1735 -18.549 2.4
    endloop
  endfacet
  facet normal -0.773013 0.63439 0
    outer loop
      vertex 24.1735 -18.549 4.1
      vertex 22.9086 -20.0903 2.4
      vertex 22.9086 -20.0903 4.1
    endloop
  endfacet
  facet normal 0.849202 -0.528068 0
    outer loop
      vertex -26.3878 15.235 4.1
      vertex -25.3349 16.9282 2.4
      vertex -25.3349 16.9282 4.1
    endloop
  endfacet
  facet normal 0.849202 -0.528068 0
    outer loop
      vertex -25.3349 16.9282 2.4
      vertex -26.3878 15.235 4.1
      vertex -26.3878 15.235 2.4
    endloop
  endfacet
  facet normal -0.162897 -0.986643 0
    outer loop
      vertex 3.97713 30.2093 2.4
      vertex 5.9444 29.8845 4.1
      vertex 3.97713 30.2093 4.1
    endloop
  endfacet
  facet normal -0.162897 -0.986643 -0
    outer loop
      vertex 5.9444 29.8845 4.1
      vertex 3.97713 30.2093 2.4
      vertex 5.9444 29.8845 2.4
    endloop
  endfacet
  facet normal -0.63439 -0.773013 0
    outer loop
      vertex 18.549 24.1735 2.4
      vertex 20.0903 22.9086 4.1
      vertex 18.549 24.1735 4.1
    endloop
  endfacet
  facet normal -0.63439 -0.773013 -0
    outer loop
      vertex 20.0903 22.9086 4.1
      vertex 18.549 24.1735 2.4
      vertex 20.0903 22.9086 2.4
    endloop
  endfacet
  facet normal -0.9359 0.352265 0
    outer loop
      vertex 28.1506 -11.6604 2.4
      vertex 28.853 -9.79426 4.1
      vertex 28.853 -9.79426 2.4
    endloop
  endfacet
  facet normal -0.9359 0.352265 0
    outer loop
      vertex 28.853 -9.79426 4.1
      vertex 28.1506 -11.6604 2.4
      vertex 28.1506 -11.6604 4.1
    endloop
  endfacet
  facet normal -0.412722 0.910857 0
    outer loop
      vertex 13.4765 -27.3277 2.4
      vertex 11.6604 -28.1506 4.1
      vertex 13.4765 -27.3277 4.1
    endloop
  endfacet
  facet normal -0.412722 0.910857 0
    outer loop
      vertex 11.6604 -28.1506 4.1
      vertex 13.4765 -27.3277 2.4
      vertex 11.6604 -28.1506 2.4
    endloop
  endfacet
  facet normal 0.683634 0.729825 -0
    outer loop
      vertex -20.0903 -22.9086 2.4
      vertex -21.5455 -21.5455 4.1
      vertex -20.0903 -22.9086 4.1
    endloop
  endfacet
  facet normal 0.683634 0.729825 0
    outer loop
      vertex -21.5455 -21.5455 4.1
      vertex -20.0903 -22.9086 2.4
      vertex -21.5455 -21.5455 2.4
    endloop
  endfacet
  facet normal 0.881929 -0.471382 0
    outer loop
      vertex -27.3277 13.4765 4.1
      vertex -26.3878 15.235 2.4
      vertex -26.3878 15.235 4.1
    endloop
  endfacet
  facet normal 0.881929 -0.471382 0
    outer loop
      vertex -26.3878 15.235 2.4
      vertex -27.3277 13.4765 4.1
      vertex -27.3277 13.4765 2.4
    endloop
  endfacet
  facet normal -0.999465 0.0326998 0
    outer loop
      vertex 30.4048 -1.99283 2.4
      vertex 30.47 0 4.1
      vertex 30.47 0 2.4
    endloop
  endfacet
  facet normal -0.999465 0.0326998 0
    outer loop
      vertex 30.47 0 4.1
      vertex 30.4048 -1.99283 2.4
      vertex 30.4048 -1.99283 4.1
    endloop
  endfacet
  facet normal -0.95694 -0.290286 0
    outer loop
      vertex 29.4318 7.88622 2.4
      vertex 28.853 9.79426 4.1
      vertex 28.853 9.79426 2.4
    endloop
  endfacet
  facet normal -0.95694 -0.290286 0
    outer loop
      vertex 28.853 9.79426 4.1
      vertex 29.4318 7.88622 2.4
      vertex 29.4318 7.88622 4.1
    endloop
  endfacet
  facet normal 0.471382 -0.881929 0
    outer loop
      vertex -15.235 26.3878 2.4
      vertex -13.4765 27.3277 4.1
      vertex -15.235 26.3878 4.1
    endloop
  endfacet
  facet normal 0.471382 -0.881929 0
    outer loop
      vertex -13.4765 27.3277 4.1
      vertex -15.235 26.3878 2.4
      vertex -13.4765 27.3277 2.4
    endloop
  endfacet
  facet normal 0.0980487 0.995182 -0
    outer loop
      vertex -1.99283 -30.4048 2.4
      vertex -3.97713 -30.2093 4.1
      vertex -1.99283 -30.4048 4.1
    endloop
  endfacet
  facet normal 0.0980487 0.995182 0
    outer loop
      vertex -3.97713 -30.2093 4.1
      vertex -1.99283 -30.4048 2.4
      vertex -3.97713 -30.2093 2.4
    endloop
  endfacet
  facet normal -0.582462 -0.812858 0
    outer loop
      vertex 16.9282 25.3349 2.4
      vertex 18.549 24.1735 4.1
      vertex 16.9282 25.3349 4.1
    endloop
  endfacet
  facet normal -0.582462 -0.812858 -0
    outer loop
      vertex 18.549 24.1735 4.1
      vertex 16.9282 25.3349 2.4
      vertex 18.549 24.1735 2.4
    endloop
  endfacet
  facet normal 0.773013 -0.63439 0
    outer loop
      vertex -24.1735 18.549 4.1
      vertex -22.9086 20.0903 2.4
      vertex -22.9086 20.0903 4.1
    endloop
  endfacet
  facet normal 0.773013 -0.63439 0
    outer loop
      vertex -22.9086 20.0903 2.4
      vertex -24.1735 18.549 4.1
      vertex -24.1735 18.549 2.4
    endloop
  endfacet
  facet normal -0.352265 -0.9359 0
    outer loop
      vertex 9.79426 28.853 2.4
      vertex 11.6604 28.1506 4.1
      vertex 9.79426 28.853 4.1
    endloop
  endfacet
  facet normal -0.352265 -0.9359 -0
    outer loop
      vertex 11.6604 28.1506 4.1
      vertex 9.79426 28.853 2.4
      vertex 11.6604 28.1506 2.4
    endloop
  endfacet
  facet normal -0.910857 -0.412722 0
    outer loop
      vertex 28.1506 11.6604 2.4
      vertex 27.3277 13.4765 4.1
      vertex 27.3277 13.4765 2.4
    endloop
  endfacet
  facet normal -0.910857 -0.412722 0
    outer loop
      vertex 27.3277 13.4765 4.1
      vertex 28.1506 11.6604 2.4
      vertex 28.1506 11.6604 4.1
    endloop
  endfacet
  facet normal -0.812858 0.582462 0
    outer loop
      vertex 24.1735 -18.549 2.4
      vertex 25.3349 -16.9282 4.1
      vertex 25.3349 -16.9282 2.4
    endloop
  endfacet
  facet normal -0.812858 0.582462 0
    outer loop
      vertex 25.3349 -16.9282 4.1
      vertex 24.1735 -18.549 2.4
      vertex 24.1735 -18.549 4.1
    endloop
  endfacet
  facet normal -0.973885 -0.227043 0
    outer loop
      vertex 29.8845 5.9444 2.4
      vertex 29.4318 7.88622 4.1
      vertex 29.4318 7.88622 2.4
    endloop
  endfacet
  facet normal -0.973885 -0.227043 0
    outer loop
      vertex 29.4318 7.88622 4.1
      vertex 29.8845 5.9444 2.4
      vertex 29.8845 5.9444 4.1
    endloop
  endfacet
  facet normal -0.973885 0.227043 0
    outer loop
      vertex 29.4318 -7.88622 2.4
      vertex 29.8845 -5.9444 4.1
      vertex 29.8845 -5.9444 2.4
    endloop
  endfacet
  facet normal -0.973885 0.227043 0
    outer loop
      vertex 29.8845 -5.9444 4.1
      vertex 29.4318 -7.88622 2.4
      vertex 29.4318 -7.88622 4.1
    endloop
  endfacet
  facet normal -0.812858 -0.582462 0
    outer loop
      vertex 25.3349 16.9282 2.4
      vertex 24.1735 18.549 4.1
      vertex 24.1735 18.549 2.4
    endloop
  endfacet
  facet normal -0.812858 -0.582462 0
    outer loop
      vertex 24.1735 18.549 4.1
      vertex 25.3349 16.9282 2.4
      vertex 25.3349 16.9282 4.1
    endloop
  endfacet
  facet normal -0.881929 0.471382 0
    outer loop
      vertex 26.3878 -15.235 2.4
      vertex 27.3277 -13.4765 4.1
      vertex 27.3277 -13.4765 2.4
    endloop
  endfacet
  facet normal -0.881929 0.471382 0
    outer loop
      vertex 27.3277 -13.4765 4.1
      vertex 26.3878 -15.235 2.4
      vertex 26.3878 -15.235 4.1
    endloop
  endfacet
  facet normal -0.729825 0.683634 0
    outer loop
      vertex 21.5455 -21.5455 2.4
      vertex 22.9086 -20.0903 4.1
      vertex 22.9086 -20.0903 2.4
    endloop
  endfacet
  facet normal -0.729825 0.683634 0
    outer loop
      vertex 22.9086 -20.0903 4.1
      vertex 21.5455 -21.5455 2.4
      vertex 21.5455 -21.5455 4.1
    endloop
  endfacet
  facet normal 0.973885 0.227043 0
    outer loop
      vertex -29.4318 -7.88622 4.1
      vertex -29.8845 -5.9444 2.4
      vertex -29.8845 -5.9444 4.1
    endloop
  endfacet
  facet normal 0.973885 0.227043 0
    outer loop
      vertex -29.8845 -5.9444 2.4
      vertex -29.4318 -7.88622 4.1
      vertex -29.4318 -7.88622 2.4
    endloop
  endfacet
  facet normal 0.999465 0.0326998 0
    outer loop
      vertex -30.4048 -1.99283 4.1
      vertex -30.47 0 2.4
      vertex -30.47 0 4.1
    endloop
  endfacet
  facet normal 0.999465 0.0326998 0
    outer loop
      vertex -30.47 0 2.4
      vertex -30.4048 -1.99283 4.1
      vertex -30.4048 -1.99283 2.4
    endloop
  endfacet
  facet normal 0.582462 -0.812858 0
    outer loop
      vertex -18.549 24.1735 2.4
      vertex -16.9282 25.3349 4.1
      vertex -18.549 24.1735 4.1
    endloop
  endfacet
  facet normal 0.582462 -0.812858 0
    outer loop
      vertex -16.9282 25.3349 4.1
      vertex -18.549 24.1735 2.4
      vertex -16.9282 25.3349 2.4
    endloop
  endfacet
  facet normal -0.683634 -0.729825 0
    outer loop
      vertex 20.0903 22.9086 2.4
      vertex 21.5455 21.5455 4.1
      vertex 20.0903 22.9086 4.1
    endloop
  endfacet
  facet normal -0.683634 -0.729825 -0
    outer loop
      vertex 21.5455 21.5455 4.1
      vertex 20.0903 22.9086 2.4
      vertex 21.5455 21.5455 2.4
    endloop
  endfacet
  facet normal 0.0326998 -0.999465 0
    outer loop
      vertex -1.99283 30.4048 2.4
      vertex 0 30.47 4.1
      vertex -1.99283 30.4048 4.1
    endloop
  endfacet
  facet normal 0.0326998 -0.999465 0
    outer loop
      vertex 0 30.47 4.1
      vertex -1.99283 30.4048 2.4
      vertex 0 30.47 2.4
    endloop
  endfacet
  facet normal -0.63439 0.773013 0
    outer loop
      vertex 20.0903 -22.9086 2.4
      vertex 18.549 -24.1735 4.1
      vertex 20.0903 -22.9086 4.1
    endloop
  endfacet
  facet normal -0.63439 0.773013 0
    outer loop
      vertex 18.549 -24.1735 4.1
      vertex 20.0903 -22.9086 2.4
      vertex 18.549 -24.1735 2.4
    endloop
  endfacet
  facet normal 0.352265 -0.9359 0
    outer loop
      vertex -11.6604 28.1506 2.4
      vertex -9.79426 28.853 4.1
      vertex -11.6604 28.1506 4.1
    endloop
  endfacet
  facet normal 0.352265 -0.9359 0
    outer loop
      vertex -9.79426 28.853 4.1
      vertex -11.6604 28.1506 2.4
      vertex -9.79426 28.853 2.4
    endloop
  endfacet
  facet normal -0.729825 -0.683634 0
    outer loop
      vertex 22.9086 20.0903 2.4
      vertex 21.5455 21.5455 4.1
      vertex 21.5455 21.5455 2.4
    endloop
  endfacet
  facet normal -0.729825 -0.683634 0
    outer loop
      vertex 21.5455 21.5455 4.1
      vertex 22.9086 20.0903 2.4
      vertex 22.9086 20.0903 4.1
    endloop
  endfacet
  facet normal -0.0326998 -0.999465 0
    outer loop
      vertex 0 30.47 2.4
      vertex 1.99283 30.4048 4.1
      vertex 0 30.47 4.1
    endloop
  endfacet
  facet normal -0.0326998 -0.999465 -0
    outer loop
      vertex 1.99283 30.4048 4.1
      vertex 0 30.47 2.4
      vertex 1.99283 30.4048 2.4
    endloop
  endfacet
  facet normal 0.9359 0.352265 0
    outer loop
      vertex -28.1506 -11.6604 4.1
      vertex -28.853 -9.79426 2.4
      vertex -28.853 -9.79426 4.1
    endloop
  endfacet
  facet normal 0.9359 0.352265 0
    outer loop
      vertex -28.853 -9.79426 2.4
      vertex -28.1506 -11.6604 4.1
      vertex -28.1506 -11.6604 2.4
    endloop
  endfacet
  facet normal -0.849202 0.528068 0
    outer loop
      vertex 25.3349 -16.9282 2.4
      vertex 26.3878 -15.235 4.1
      vertex 26.3878 -15.235 2.4
    endloop
  endfacet
  facet normal -0.849202 0.528068 0
    outer loop
      vertex 26.3878 -15.235 4.1
      vertex 25.3349 -16.9282 2.4
      vertex 25.3349 -16.9282 4.1
    endloop
  endfacet
  facet normal 0.412722 -0.910857 0
    outer loop
      vertex -13.4765 27.3277 2.4
      vertex -11.6604 28.1506 4.1
      vertex -13.4765 27.3277 4.1
    endloop
  endfacet
  facet normal 0.412722 -0.910857 0
    outer loop
      vertex -11.6604 28.1506 4.1
      vertex -13.4765 27.3277 2.4
      vertex -11.6604 28.1506 2.4
    endloop
  endfacet
  facet normal 0.471382 0.881929 -0
    outer loop
      vertex -13.4765 -27.3277 2.4
      vertex -15.235 -26.3878 4.1
      vertex -13.4765 -27.3277 4.1
    endloop
  endfacet
  facet normal 0.471382 0.881929 0
    outer loop
      vertex -15.235 -26.3878 4.1
      vertex -13.4765 -27.3277 2.4
      vertex -15.235 -26.3878 2.4
    endloop
  endfacet
  facet normal -0.986643 0.162897 0
    outer loop
      vertex 29.8845 -5.9444 2.4
      vertex 30.2093 -3.97713 4.1
      vertex 30.2093 -3.97713 2.4
    endloop
  endfacet
  facet normal -0.986643 0.162897 0
    outer loop
      vertex 30.2093 -3.97713 4.1
      vertex 29.8845 -5.9444 2.4
      vertex 29.8845 -5.9444 4.1
    endloop
  endfacet
  facet normal -0.773013 -0.63439 0
    outer loop
      vertex 24.1735 18.549 2.4
      vertex 22.9086 20.0903 4.1
      vertex 22.9086 20.0903 2.4
    endloop
  endfacet
  facet normal -0.773013 -0.63439 0
    outer loop
      vertex 22.9086 20.0903 4.1
      vertex 24.1735 18.549 2.4
      vertex 24.1735 18.549 4.1
    endloop
  endfacet
  facet normal 0.999465 -0.0326998 0
    outer loop
      vertex -30.47 0 4.1
      vertex -30.4048 1.99283 2.4
      vertex -30.4048 1.99283 4.1
    endloop
  endfacet
  facet normal 0.999465 -0.0326998 0
    outer loop
      vertex -30.4048 1.99283 2.4
      vertex -30.47 0 4.1
      vertex -30.47 0 2.4
    endloop
  endfacet
  facet normal -0.471382 0.881929 0
    outer loop
      vertex 15.235 -26.3878 2.4
      vertex 13.4765 -27.3277 4.1
      vertex 15.235 -26.3878 4.1
    endloop
  endfacet
  facet normal -0.471382 0.881929 0
    outer loop
      vertex 13.4765 -27.3277 4.1
      vertex 15.235 -26.3878 2.4
      vertex 13.4765 -27.3277 2.4
    endloop
  endfacet
  facet normal 0.0980487 -0.995182 0
    outer loop
      vertex -3.97713 30.2093 2.4
      vertex -1.99283 30.4048 4.1
      vertex -3.97713 30.2093 4.1
    endloop
  endfacet
  facet normal 0.0980487 -0.995182 0
    outer loop
      vertex -1.99283 30.4048 4.1
      vertex -3.97713 30.2093 2.4
      vertex -1.99283 30.4048 2.4
    endloop
  endfacet
  facet normal -0.683634 0.729825 0
    outer loop
      vertex 21.5455 -21.5455 2.4
      vertex 20.0903 -22.9086 4.1
      vertex 21.5455 -21.5455 4.1
    endloop
  endfacet
  facet normal -0.683634 0.729825 0
    outer loop
      vertex 20.0903 -22.9086 4.1
      vertex 21.5455 -21.5455 2.4
      vertex 20.0903 -22.9086 2.4
    endloop
  endfacet
  facet normal -0.582462 0.812858 0
    outer loop
      vertex 18.549 -24.1735 2.4
      vertex 16.9282 -25.3349 4.1
      vertex 18.549 -24.1735 4.1
    endloop
  endfacet
  facet normal -0.582462 0.812858 0
    outer loop
      vertex 16.9282 -25.3349 4.1
      vertex 18.549 -24.1735 2.4
      vertex 16.9282 -25.3349 2.4
    endloop
  endfacet
  facet normal 0.95694 0.290286 0
    outer loop
      vertex -28.853 -9.79426 4.1
      vertex -29.4318 -7.88622 2.4
      vertex -29.4318 -7.88622 4.1
    endloop
  endfacet
  facet normal 0.95694 0.290286 0
    outer loop
      vertex -29.4318 -7.88622 2.4
      vertex -28.853 -9.79426 4.1
      vertex -28.853 -9.79426 2.4
    endloop
  endfacet
  facet normal -0.910857 0.412722 0
    outer loop
      vertex 27.3277 -13.4765 2.4
      vertex 28.1506 -11.6604 4.1
      vertex 28.1506 -11.6604 2.4
    endloop
  endfacet
  facet normal -0.910857 0.412722 0
    outer loop
      vertex 28.1506 -11.6604 4.1
      vertex 27.3277 -13.4765 2.4
      vertex 27.3277 -13.4765 4.1
    endloop
  endfacet
  facet normal 0.986643 0.162897 0
    outer loop
      vertex -29.8845 -5.9444 4.1
      vertex -30.2093 -3.97713 2.4
      vertex -30.2093 -3.97713 4.1
    endloop
  endfacet
  facet normal 0.986643 0.162897 0
    outer loop
      vertex -30.2093 -3.97713 2.4
      vertex -29.8845 -5.9444 4.1
      vertex -29.8845 -5.9444 2.4
    endloop
  endfacet
  facet normal -0.995182 0.0980487 0
    outer loop
      vertex 30.2093 -3.97713 2.4
      vertex 30.4048 -1.99283 4.1
      vertex 30.4048 -1.99283 2.4
    endloop
  endfacet
  facet normal -0.995182 0.0980487 0
    outer loop
      vertex 30.4048 -1.99283 4.1
      vertex 30.2093 -3.97713 2.4
      vertex 30.2093 -3.97713 4.1
    endloop
  endfacet
  facet normal -0.95694 0.290286 0
    outer loop
      vertex 28.853 -9.79426 2.4
      vertex 29.4318 -7.88622 4.1
      vertex 29.4318 -7.88622 2.4
    endloop
  endfacet
  facet normal -0.95694 0.290286 0
    outer loop
      vertex 29.4318 -7.88622 4.1
      vertex 28.853 -9.79426 2.4
      vertex 28.853 -9.79426 4.1
    endloop
  endfacet
  facet normal -0.0325668 0.99947 0
    outer loop
      vertex 1.99283 -30.4048 2.4
      vertex 1.6 -30.4176 4.1
      vertex 1.99283 -30.4048 4.1
    endloop
  endfacet
  facet normal -0.0325668 0.99947 0
    outer loop
      vertex 1.6 -30.4176 4.1
      vertex 1.99283 -30.4048 2.4
      vertex 1.6 -30.4176 2.4
    endloop
  endfacet
  facet normal 0.582462 0.812858 -0
    outer loop
      vertex -16.9282 -25.3349 2.4
      vertex -18.549 -24.1735 4.1
      vertex -16.9282 -25.3349 4.1
    endloop
  endfacet
  facet normal 0.582462 0.812858 0
    outer loop
      vertex -18.549 -24.1735 4.1
      vertex -16.9282 -25.3349 2.4
      vertex -18.549 -24.1735 2.4
    endloop
  endfacet
  facet normal 0.95694 -0.290286 0
    outer loop
      vertex -29.4318 7.88622 4.1
      vertex -28.853 9.79426 2.4
      vertex -28.853 9.79426 4.1
    endloop
  endfacet
  facet normal 0.95694 -0.290286 0
    outer loop
      vertex -28.853 9.79426 2.4
      vertex -29.4318 7.88622 4.1
      vertex -29.4318 7.88622 2.4
    endloop
  endfacet
  facet normal 0.63439 0.773013 -0
    outer loop
      vertex -18.549 -24.1735 2.4
      vertex -20.0903 -22.9086 4.1
      vertex -18.549 -24.1735 4.1
    endloop
  endfacet
  facet normal 0.63439 0.773013 0
    outer loop
      vertex -20.0903 -22.9086 4.1
      vertex -18.549 -24.1735 2.4
      vertex -20.0903 -22.9086 2.4
    endloop
  endfacet
  facet normal 0.290286 0.95694 -0
    outer loop
      vertex -7.88622 -29.4318 2.4
      vertex -9.79426 -28.853 4.1
      vertex -7.88622 -29.4318 4.1
    endloop
  endfacet
  facet normal 0.290286 0.95694 0
    outer loop
      vertex -9.79426 -28.853 4.1
      vertex -7.88622 -29.4318 2.4
      vertex -9.79426 -28.853 2.4
    endloop
  endfacet
  facet normal 0.9359 -0.352265 0
    outer loop
      vertex -28.853 9.79426 4.1
      vertex -28.1506 11.6604 2.4
      vertex -28.1506 11.6604 4.1
    endloop
  endfacet
  facet normal 0.9359 -0.352265 0
    outer loop
      vertex -28.1506 11.6604 2.4
      vertex -28.853 9.79426 4.1
      vertex -28.853 9.79426 2.4
    endloop
  endfacet
  facet normal -0.162897 0.986643 0
    outer loop
      vertex 5.9444 -29.8845 2.4
      vertex 3.97713 -30.2093 4.1
      vertex 5.9444 -29.8845 4.1
    endloop
  endfacet
  facet normal -0.162897 0.986643 0
    outer loop
      vertex 3.97713 -30.2093 4.1
      vertex 5.9444 -29.8845 2.4
      vertex 3.97713 -30.2093 2.4
    endloop
  endfacet
  facet normal 0.995182 -0.0980487 0
    outer loop
      vertex -30.4048 1.99283 4.1
      vertex -30.2093 3.97713 2.4
      vertex -30.2093 3.97713 4.1
    endloop
  endfacet
  facet normal 0.995182 -0.0980487 0
    outer loop
      vertex -30.2093 3.97713 2.4
      vertex -30.4048 1.99283 4.1
      vertex -30.4048 1.99283 2.4
    endloop
  endfacet
  facet normal 0.849202 0.528068 0
    outer loop
      vertex -25.3349 -16.9282 4.1
      vertex -26.3878 -15.235 2.4
      vertex -26.3878 -15.235 4.1
    endloop
  endfacet
  facet normal 0.849202 0.528068 0
    outer loop
      vertex -26.3878 -15.235 2.4
      vertex -25.3349 -16.9282 4.1
      vertex -25.3349 -16.9282 2.4
    endloop
  endfacet
  facet normal 0.973885 -0.227043 0
    outer loop
      vertex -29.8845 5.9444 4.1
      vertex -29.4318 7.88622 2.4
      vertex -29.4318 7.88622 4.1
    endloop
  endfacet
  facet normal 0.973885 -0.227043 0
    outer loop
      vertex -29.4318 7.88622 2.4
      vertex -29.8845 5.9444 4.1
      vertex -29.8845 5.9444 2.4
    endloop
  endfacet
  facet normal -0.0980487 -0.995182 0
    outer loop
      vertex 1.99283 30.4048 2.4
      vertex 3.97713 30.2093 4.1
      vertex 1.99283 30.4048 4.1
    endloop
  endfacet
  facet normal -0.0980487 -0.995182 -0
    outer loop
      vertex 3.97713 30.2093 4.1
      vertex 1.99283 30.4048 2.4
      vertex 3.97713 30.2093 2.4
    endloop
  endfacet
  facet normal -0.352265 0.9359 0
    outer loop
      vertex 11.6604 -28.1506 2.4
      vertex 9.79426 -28.853 4.1
      vertex 11.6604 -28.1506 4.1
    endloop
  endfacet
  facet normal -0.352265 0.9359 0
    outer loop
      vertex 9.79426 -28.853 4.1
      vertex 11.6604 -28.1506 2.4
      vertex 9.79426 -28.853 2.4
    endloop
  endfacet
  facet normal 0.528068 -0.849202 0
    outer loop
      vertex -16.9282 25.3349 2.4
      vertex -15.235 26.3878 4.1
      vertex -16.9282 25.3349 4.1
    endloop
  endfacet
  facet normal 0.528068 -0.849202 0
    outer loop
      vertex -15.235 26.3878 4.1
      vertex -16.9282 25.3349 2.4
      vertex -15.235 26.3878 2.4
    endloop
  endfacet
  facet normal 0.227043 0.973885 -0
    outer loop
      vertex -5.9444 -29.8845 2.4
      vertex -7.88622 -29.4318 4.1
      vertex -5.9444 -29.8845 4.1
    endloop
  endfacet
  facet normal 0.227043 0.973885 0
    outer loop
      vertex -7.88622 -29.4318 4.1
      vertex -5.9444 -29.8845 2.4
      vertex -7.88622 -29.4318 2.4
    endloop
  endfacet
  facet normal -0.881929 -0.471382 0
    outer loop
      vertex 27.3277 13.4765 2.4
      vertex 26.3878 15.235 4.1
      vertex 26.3878 15.235 2.4
    endloop
  endfacet
  facet normal -0.881929 -0.471382 0
    outer loop
      vertex 26.3878 15.235 4.1
      vertex 27.3277 13.4765 2.4
      vertex 27.3277 13.4765 4.1
    endloop
  endfacet
  facet normal -0.9359 -0.352265 0
    outer loop
      vertex 28.853 9.79426 2.4
      vertex 28.1506 11.6604 4.1
      vertex 28.1506 11.6604 2.4
    endloop
  endfacet
  facet normal -0.9359 -0.352265 0
    outer loop
      vertex 28.1506 11.6604 4.1
      vertex 28.853 9.79426 2.4
      vertex 28.853 9.79426 4.1
    endloop
  endfacet
  facet normal -0.986643 -0.162897 0
    outer loop
      vertex 30.2093 3.97713 2.4
      vertex 29.8845 5.9444 4.1
      vertex 29.8845 5.9444 2.4
    endloop
  endfacet
  facet normal -0.986643 -0.162897 0
    outer loop
      vertex 29.8845 5.9444 4.1
      vertex 30.2093 3.97713 2.4
      vertex 30.2093 3.97713 4.1
    endloop
  endfacet
  facet normal -0.290286 -0.95694 0
    outer loop
      vertex 7.88622 29.4318 2.4
      vertex 9.79426 28.853 4.1
      vertex 7.88622 29.4318 4.1
    endloop
  endfacet
  facet normal -0.290286 -0.95694 -0
    outer loop
      vertex 9.79426 28.853 4.1
      vertex 7.88622 29.4318 2.4
      vertex 9.79426 28.853 2.4
    endloop
  endfacet
  facet normal 0.162897 -0.986643 0
    outer loop
      vertex -5.9444 29.8845 2.4
      vertex -3.97713 30.2093 4.1
      vertex -5.9444 29.8845 4.1
    endloop
  endfacet
  facet normal 0.162897 -0.986643 0
    outer loop
      vertex -3.97713 30.2093 4.1
      vertex -5.9444 29.8845 2.4
      vertex -3.97713 30.2093 2.4
    endloop
  endfacet
  facet normal 0.0325668 0.99947 -0
    outer loop
      vertex -1.6 -30.4176 2.4
      vertex -1.99283 -30.4048 4.1
      vertex -1.6 -30.4176 4.1
    endloop
  endfacet
  facet normal 0.0325668 0.99947 0
    outer loop
      vertex -1.99283 -30.4048 4.1
      vertex -1.6 -30.4176 2.4
      vertex -1.99283 -30.4048 2.4
    endloop
  endfacet
  facet normal 0.227043 -0.973885 0
    outer loop
      vertex -7.88622 29.4318 2.4
      vertex -5.9444 29.8845 4.1
      vertex -7.88622 29.4318 4.1
    endloop
  endfacet
  facet normal 0.227043 -0.973885 0
    outer loop
      vertex -5.9444 29.8845 4.1
      vertex -7.88622 29.4318 2.4
      vertex -5.9444 29.8845 2.4
    endloop
  endfacet
  facet normal -0.528068 0.849202 0
    outer loop
      vertex 16.9282 -25.3349 2.4
      vertex 15.235 -26.3878 4.1
      vertex 16.9282 -25.3349 4.1
    endloop
  endfacet
  facet normal -0.528068 0.849202 0
    outer loop
      vertex 15.235 -26.3878 4.1
      vertex 16.9282 -25.3349 2.4
      vertex 15.235 -26.3878 2.4
    endloop
  endfacet
  facet normal 0.412722 0.910857 -0
    outer loop
      vertex -11.6604 -28.1506 2.4
      vertex -13.4765 -27.3277 4.1
      vertex -11.6604 -28.1506 4.1
    endloop
  endfacet
  facet normal 0.412722 0.910857 0
    outer loop
      vertex -13.4765 -27.3277 4.1
      vertex -11.6604 -28.1506 2.4
      vertex -13.4765 -27.3277 2.4
    endloop
  endfacet
  facet normal -0.227043 0.973885 0
    outer loop
      vertex 7.88622 -29.4318 2.4
      vertex 5.9444 -29.8845 4.1
      vertex 7.88622 -29.4318 4.1
    endloop
  endfacet
  facet normal -0.227043 0.973885 0
    outer loop
      vertex 5.9444 -29.8845 4.1
      vertex 7.88622 -29.4318 2.4
      vertex 5.9444 -29.8845 2.4
    endloop
  endfacet
  facet normal 0.812858 0.582462 0
    outer loop
      vertex -24.1735 -18.549 4.1
      vertex -25.3349 -16.9282 2.4
      vertex -25.3349 -16.9282 4.1
    endloop
  endfacet
  facet normal 0.812858 0.582462 0
    outer loop
      vertex -25.3349 -16.9282 2.4
      vertex -24.1735 -18.549 4.1
      vertex -24.1735 -18.549 2.4
    endloop
  endfacet
  facet normal 0.729825 -0.683634 0
    outer loop
      vertex -22.9086 20.0903 4.1
      vertex -21.5455 21.5455 2.4
      vertex -21.5455 21.5455 4.1
    endloop
  endfacet
  facet normal 0.729825 -0.683634 0
    outer loop
      vertex -21.5455 21.5455 2.4
      vertex -22.9086 20.0903 4.1
      vertex -22.9086 20.0903 2.4
    endloop
  endfacet
  facet normal 0.683634 -0.729825 0
    outer loop
      vertex -21.5455 21.5455 2.4
      vertex -20.0903 22.9086 4.1
      vertex -21.5455 21.5455 4.1
    endloop
  endfacet
  facet normal 0.683634 -0.729825 0
    outer loop
      vertex -20.0903 22.9086 4.1
      vertex -21.5455 21.5455 2.4
      vertex -20.0903 22.9086 2.4
    endloop
  endfacet
  facet normal 0.773013 0.63439 0
    outer loop
      vertex -22.9086 -20.0903 4.1
      vertex -24.1735 -18.549 2.4
      vertex -24.1735 -18.549 4.1
    endloop
  endfacet
  facet normal 0.773013 0.63439 0
    outer loop
      vertex -24.1735 -18.549 2.4
      vertex -22.9086 -20.0903 4.1
      vertex -22.9086 -20.0903 2.4
    endloop
  endfacet
  facet normal 0.729825 0.683634 0
    outer loop
      vertex -21.5455 -21.5455 4.1
      vertex -22.9086 -20.0903 2.4
      vertex -22.9086 -20.0903 4.1
    endloop
  endfacet
  facet normal 0.729825 0.683634 0
    outer loop
      vertex -22.9086 -20.0903 2.4
      vertex -21.5455 -21.5455 4.1
      vertex -21.5455 -21.5455 2.4
    endloop
  endfacet
  facet normal 0.986643 -0.162897 0
    outer loop
      vertex -30.2093 3.97713 4.1
      vertex -29.8845 5.9444 2.4
      vertex -29.8845 5.9444 4.1
    endloop
  endfacet
  facet normal 0.986643 -0.162897 0
    outer loop
      vertex -29.8845 5.9444 2.4
      vertex -30.2093 3.97713 4.1
      vertex -30.2093 3.97713 2.4
    endloop
  endfacet
  facet normal -0.471382 -0.881929 0
    outer loop
      vertex 13.4765 27.3277 2.4
      vertex 15.235 26.3878 4.1
      vertex 13.4765 27.3277 4.1
    endloop
  endfacet
  facet normal -0.471382 -0.881929 -0
    outer loop
      vertex 15.235 26.3878 4.1
      vertex 13.4765 27.3277 2.4
      vertex 15.235 26.3878 2.4
    endloop
  endfacet
  facet normal 0.352265 0.9359 -0
    outer loop
      vertex -9.79426 -28.853 2.4
      vertex -11.6604 -28.1506 4.1
      vertex -9.79426 -28.853 4.1
    endloop
  endfacet
  facet normal 0.352265 0.9359 0
    outer loop
      vertex -11.6604 -28.1506 4.1
      vertex -9.79426 -28.853 2.4
      vertex -11.6604 -28.1506 2.4
    endloop
  endfacet
  facet normal 0.995182 0.0980487 0
    outer loop
      vertex -30.2093 -3.97713 4.1
      vertex -30.4048 -1.99283 2.4
      vertex -30.4048 -1.99283 4.1
    endloop
  endfacet
  facet normal 0.995182 0.0980487 0
    outer loop
      vertex -30.4048 -1.99283 2.4
      vertex -30.2093 -3.97713 4.1
      vertex -30.2093 -3.97713 2.4
    endloop
  endfacet
  facet normal 0.812858 -0.582462 0
    outer loop
      vertex -25.3349 16.9282 4.1
      vertex -24.1735 18.549 2.4
      vertex -24.1735 18.549 4.1
    endloop
  endfacet
  facet normal 0.812858 -0.582462 0
    outer loop
      vertex -24.1735 18.549 2.4
      vertex -25.3349 16.9282 4.1
      vertex -25.3349 16.9282 2.4
    endloop
  endfacet
  facet normal 0.910857 -0.412722 0
    outer loop
      vertex -28.1506 11.6604 4.1
      vertex -27.3277 13.4765 2.4
      vertex -27.3277 13.4765 4.1
    endloop
  endfacet
  facet normal 0.910857 -0.412722 0
    outer loop
      vertex -27.3277 13.4765 2.4
      vertex -28.1506 11.6604 4.1
      vertex -28.1506 11.6604 2.4
    endloop
  endfacet
  facet normal 0.881929 0.471382 0
    outer loop
      vertex -26.3878 -15.235 4.1
      vertex -27.3277 -13.4765 2.4
      vertex -27.3277 -13.4765 4.1
    endloop
  endfacet
  facet normal 0.881929 0.471382 0
    outer loop
      vertex -27.3277 -13.4765 2.4
      vertex -26.3878 -15.235 4.1
      vertex -26.3878 -15.235 2.4
    endloop
  endfacet
  facet normal 0.528068 0.849202 -0
    outer loop
      vertex -15.235 -26.3878 2.4
      vertex -16.9282 -25.3349 4.1
      vertex -15.235 -26.3878 4.1
    endloop
  endfacet
  facet normal 0.528068 0.849202 0
    outer loop
      vertex -16.9282 -25.3349 4.1
      vertex -15.235 -26.3878 2.4
      vertex -16.9282 -25.3349 2.4
    endloop
  endfacet
  facet normal -0.290286 0.95694 0
    outer loop
      vertex 9.79426 -28.853 2.4
      vertex 7.88622 -29.4318 4.1
      vertex 9.79426 -28.853 4.1
    endloop
  endfacet
  facet normal -0.290286 0.95694 0
    outer loop
      vertex 7.88622 -29.4318 4.1
      vertex 9.79426 -28.853 2.4
      vertex 7.88622 -29.4318 2.4
    endloop
  endfacet
  facet normal -0 0 1
    outer loop
      vertex 0 -26.4 2.4
      vertex 1.6 -29.25 2.4
      vertex 1.72664 -26.3435 2.4
    endloop
  endfacet
  facet normal 0 0 1
    outer loop
      vertex 0 -26.4 2.4
      vertex -1.6 -29.25 2.4
      vertex 1.6 -29.25 2.4
    endloop
  endfacet
  facet normal 0 0 1
    outer loop
      vertex -1.72664 -26.3435 2.4
      vertex -1.6 -29.25 2.4
      vertex 0 -26.4 2.4
    endloop
  endfacet
  facet normal 0 0 1
    outer loop
      vertex -3.44589 -26.1741 2.4
      vertex -1.6 -29.25 2.4
      vertex -1.72664 -26.3435 2.4
    endloop
  endfacet
  facet normal 0 0 1
    outer loop
      vertex -1.6 -29.25 2.4
      vertex -1.99283 -30.4048 2.4
      vertex -1.6 -30.4176 2.4
    endloop
  endfacet
  facet normal 0 0 1
    outer loop
      vertex -3.97713 -30.2093 2.4
      vertex -1.6 -29.25 2.4
      vertex -3.44589 -26.1741 2.4
    endloop
  endfacet
  facet normal 0 0 1
    outer loop
      vertex -1.6 -29.25 2.4
      vertex -3.97713 -30.2093 2.4
      vertex -1.99283 -30.4048 2.4
    endloop
  endfacet
  facet normal 0 0 1
    outer loop
      vertex -5.15038 -25.8927 2.4
      vertex -3.97713 -30.2093 2.4
      vertex -3.44589 -26.1741 2.4
    endloop
  endfacet
  facet normal 0 0 1
    outer loop
      vertex -5.15038 -25.8927 2.4
      vertex -5.9444 -29.8845 2.4
      vertex -3.97713 -30.2093 2.4
    endloop
  endfacet
  facet normal 0 0 1
    outer loop
      vertex -6.83282 -25.5004 2.4
      vertex -5.9444 -29.8845 2.4
      vertex -5.15038 -25.8927 2.4
    endloop
  endfacet
  facet normal 0 0 1
    outer loop
      vertex -6.83282 -25.5004 2.4
      vertex -7.88622 -29.4318 2.4
      vertex -5.9444 -29.8845 2.4
    endloop
  endfacet
  facet normal 0 0 1
    outer loop
      vertex -8.486 -24.999 2.4
      vertex -7.88622 -29.4318 2.4
      vertex -6.83282 -25.5004 2.4
    endloop
  endfacet
  facet normal 0 0 1
    outer loop
      vertex -8.486 -24.999 2.4
      vertex -9.79426 -28.853 2.4
      vertex -7.88622 -29.4318 2.4
    endloop
  endfacet
  facet normal 0 0 1
    outer loop
      vertex -10.1028 -24.3904 2.4
      vertex -9.79426 -28.853 2.4
      vertex -8.486 -24.999 2.4
    endloop
  endfacet
  facet normal 0 0 1
    outer loop
      vertex -10.1028 -24.3904 2.4
      vertex -11.6604 -28.1506 2.4
      vertex -9.79426 -28.853 2.4
    endloop
  endfacet
  facet normal 0 0 1
    outer loop
      vertex -11.6764 -23.6774 2.4
      vertex -11.6604 -28.1506 2.4
      vertex -10.1028 -24.3904 2.4
    endloop
  endfacet
  facet normal 0 0 1
    outer loop
      vertex -13.4765 -27.3277 2.4
      vertex -11.6764 -23.6774 2.4
      vertex -13.2 -22.8631 2.4
    endloop
  endfacet
  facet normal 0 0 1
    outer loop
      vertex -11.6764 -23.6774 2.4
      vertex -13.4765 -27.3277 2.4
      vertex -11.6604 -28.1506 2.4
    endloop
  endfacet
  facet normal 0 0 1
    outer loop
      vertex -15.235 -26.3878 2.4
      vertex -13.2 -22.8631 2.4
      vertex -14.6671 -21.9508 2.4
    endloop
  endfacet
  facet normal 0 0 1
    outer loop
      vertex -13.2 -22.8631 2.4
      vertex -15.235 -26.3878 2.4
      vertex -13.4765 -27.3277 2.4
    endloop
  endfacet
  facet normal 0 0 1
    outer loop
      vertex -16.9282 -25.3349 2.4
      vertex -14.6671 -21.9508 2.4
      vertex -16.0713 -20.9445 2.4
    endloop
  endfacet
  facet normal 0 0 1
    outer loop
      vertex -14.6671 -21.9508 2.4
      vertex -16.9282 -25.3349 2.4
      vertex -15.235 -26.3878 2.4
    endloop
  endfacet
  facet normal 0 0 1
    outer loop
      vertex -18.549 -24.1735 2.4
      vertex -16.0713 -20.9445 2.4
      vertex -17.4067 -19.8486 2.4
    endloop
  endfacet
  facet normal 0 0 1
    outer loop
      vertex -16.0713 -20.9445 2.4
      vertex -18.549 -24.1735 2.4
      vertex -16.9282 -25.3349 2.4
    endloop
  endfacet
  facet normal 0 0 1
    outer loop
      vertex -20.0903 -22.9086 2.4
      vertex -17.4067 -19.8486 2.4
      vertex -18.6676 -18.6676 2.4
    endloop
  endfacet
  facet normal 0 0 1
    outer loop
      vertex -21.5455 -21.5455 2.4
      vertex -18.6676 -18.6676 2.4
      vertex -19.8486 -17.4067 2.4
    endloop
  endfacet
  facet normal 0 0 1
    outer loop
      vertex -17.4067 -19.8486 2.4
      vertex -20.0903 -22.9086 2.4
      vertex -18.549 -24.1735 2.4
    endloop
  endfacet
  facet normal 0 0 1
    outer loop
      vertex -22.9086 -20.0903 2.4
      vertex -19.8486 -17.4067 2.4
      vertex -20.9445 -16.0713 2.4
    endloop
  endfacet
  facet normal 0 0 1
    outer loop
      vertex -18.6676 -18.6676 2.4
      vertex -21.5455 -21.5455 2.4
      vertex -20.0903 -22.9086 2.4
    endloop
  endfacet
  facet normal 0 0 1
    outer loop
      vertex -24.1735 -18.549 2.4
      vertex -20.9445 -16.0713 2.4
      vertex -21.9508 -14.6671 2.4
    endloop
  endfacet
  facet normal 0 0 1
    outer loop
      vertex -25.3349 -16.9282 2.4
      vertex -21.9508 -14.6671 2.4
      vertex -22.8631 -13.2 2.4
    endloop
  endfacet
  facet normal 0 0 1
    outer loop
      vertex -19.8486 -17.4067 2.4
      vertex -22.9086 -20.0903 2.4
      vertex -21.5455 -21.5455 2.4
    endloop
  endfacet
  facet normal 0 0 1
    outer loop
      vertex -26.3878 -15.235 2.4
      vertex -22.8631 -13.2 2.4
      vertex -23.6774 -11.6764 2.4
    endloop
  endfacet
  facet normal 0 0 1
    outer loop
      vertex -20.9445 -16.0713 2.4
      vertex -24.1735 -18.549 2.4
      vertex -22.9086 -20.0903 2.4
    endloop
  endfacet
  facet normal 0 0 1
    outer loop
      vertex -27.3277 -13.4765 2.4
      vertex -23.6774 -11.6764 2.4
      vertex -24.3904 -10.1028 2.4
    endloop
  endfacet
  facet normal 0 0 1
    outer loop
      vertex -28.1506 -11.6604 2.4
      vertex -24.3904 -10.1028 2.4
      vertex -24.999 -8.486 2.4
    endloop
  endfacet
  facet normal 0 0 1
    outer loop
      vertex -21.9508 -14.6671 2.4
      vertex -25.3349 -16.9282 2.4
      vertex -24.1735 -18.549 2.4
    endloop
  endfacet
  facet normal 0 0 1
    outer loop
      vertex -28.853 -9.79426 2.4
      vertex -24.999 -8.486 2.4
      vertex -25.5004 -6.83282 2.4
    endloop
  endfacet
  facet normal 0 0 1
    outer loop
      vertex -29.4318 -7.88622 2.4
      vertex -25.5004 -6.83282 2.4
      vertex -25.8927 -5.15038 2.4
    endloop
  endfacet
  facet normal 0 0 1
    outer loop
      vertex -29.8845 -5.9444 2.4
      vertex -25.8927 -5.15038 2.4
      vertex -26.1741 -3.44589 2.4
    endloop
  endfacet
  facet normal 0 0 1
    outer loop
      vertex -30.2093 -3.97713 2.4
      vertex -26.1741 -3.44589 2.4
      vertex -26.3435 -1.72664 2.4
    endloop
  endfacet
  facet normal 0 0 1
    outer loop
      vertex -22.8631 -13.2 2.4
      vertex -26.3878 -15.235 2.4
      vertex -25.3349 -16.9282 2.4
    endloop
  endfacet
  facet normal 0 0 1
    outer loop
      vertex -30.4048 -1.99283 2.4
      vertex -26.3435 -1.72664 2.4
      vertex -26.4 0 2.4
    endloop
  endfacet
  facet normal -0 0 1
    outer loop
      vertex -29.8845 5.9444 2.4
      vertex -25.8927 5.15038 2.4
      vertex -29.4318 7.88622 2.4
    endloop
  endfacet
  facet normal 0 0 1
    outer loop
      vertex -23.6774 -11.6764 2.4
      vertex -27.3277 -13.4765 2.4
      vertex -26.3878 -15.235 2.4
    endloop
  endfacet
  facet normal 0 0 1
    outer loop
      vertex -25.8927 5.15038 2.4
      vertex -29.8845 5.9444 2.4
      vertex -26.1741 3.44589 2.4
    endloop
  endfacet
  facet normal 0 0 1
    outer loop
      vertex -24.3904 -10.1028 2.4
      vertex -28.1506 -11.6604 2.4
      vertex -27.3277 -13.4765 2.4
    endloop
  endfacet
  facet normal -0 0 1
    outer loop
      vertex -30.2093 3.97713 2.4
      vertex -26.1741 3.44589 2.4
      vertex -29.8845 5.9444 2.4
    endloop
  endfacet
  facet normal 0 0 1
    outer loop
      vertex -24.999 -8.486 2.4
      vertex -28.853 -9.79426 2.4
      vertex -28.1506 -11.6604 2.4
    endloop
  endfacet
  facet normal 0 0 1
    outer loop
      vertex -26.1741 3.44589 2.4
      vertex -30.2093 3.97713 2.4
      vertex -26.3435 1.72664 2.4
    endloop
  endfacet
  facet normal 0 0 1
    outer loop
      vertex -25.5004 -6.83282 2.4
      vertex -29.4318 -7.88622 2.4
      vertex -28.853 -9.79426 2.4
    endloop
  endfacet
  facet normal -0 0 1
    outer loop
      vertex -30.4048 1.99283 2.4
      vertex -26.3435 1.72664 2.4
      vertex -30.2093 3.97713 2.4
    endloop
  endfacet
  facet normal 0 0 1
    outer loop
      vertex -25.8927 -5.15038 2.4
      vertex -29.8845 -5.9444 2.4
      vertex -29.4318 -7.88622 2.4
    endloop
  endfacet
  facet normal 0 0 1
    outer loop
      vertex -26.3435 1.72664 2.4
      vertex -30.4048 1.99283 2.4
      vertex -26.4 0 2.4
    endloop
  endfacet
  facet normal 0 0 1
    outer loop
      vertex -26.1741 -3.44589 2.4
      vertex -30.2093 -3.97713 2.4
      vertex -29.8845 -5.9444 2.4
    endloop
  endfacet
  facet normal 0 0 1
    outer loop
      vertex -30.47 0 2.4
      vertex -26.4 0 2.4
      vertex -30.4048 1.99283 2.4
    endloop
  endfacet
  facet normal 0 0 1
    outer loop
      vertex -26.3435 -1.72664 2.4
      vertex -30.4048 -1.99283 2.4
      vertex -30.2093 -3.97713 2.4
    endloop
  endfacet
  facet normal 0 0 1
    outer loop
      vertex -26.4 0 2.4
      vertex -30.47 0 2.4
      vertex -30.4048 -1.99283 2.4
    endloop
  endfacet
  facet normal 0 0 1
    outer loop
      vertex 26.4 0 2.4
      vertex 30.47 0 2.4
      vertex 30.4048 1.99283 2.4
    endloop
  endfacet
  facet normal 0 0 1
    outer loop
      vertex 26.3435 1.72664 2.4
      vertex 30.4048 1.99283 2.4
      vertex 30.2093 3.97713 2.4
    endloop
  endfacet
  facet normal 0 0 1
    outer loop
      vertex 30.47 0 2.4
      vertex 26.4 0 2.4
      vertex 30.4048 -1.99283 2.4
    endloop
  endfacet
  facet normal 0 0 1
    outer loop
      vertex 26.1741 3.44589 2.4
      vertex 30.2093 3.97713 2.4
      vertex 29.8845 5.9444 2.4
    endloop
  endfacet
  facet normal -0 0 1
    outer loop
      vertex 26.3435 -1.72664 2.4
      vertex 30.4048 -1.99283 2.4
      vertex 26.4 0 2.4
    endloop
  endfacet
  facet normal 0 0 1
    outer loop
      vertex 25.8927 5.15038 2.4
      vertex 29.8845 5.9444 2.4
      vertex 29.4318 7.88622 2.4
    endloop
  endfacet
  facet normal 0 0 1
    outer loop
      vertex 30.4048 -1.99283 2.4
      vertex 26.3435 -1.72664 2.4
      vertex 30.2093 -3.97713 2.4
    endloop
  endfacet
  facet normal 0 0 1
    outer loop
      vertex 25.5004 6.83282 2.4
      vertex 29.4318 7.88622 2.4
      vertex 28.853 9.79426 2.4
    endloop
  endfacet
  facet normal -0 0 1
    outer loop
      vertex 26.1741 -3.44589 2.4
      vertex 30.2093 -3.97713 2.4
      vertex 26.3435 -1.72664 2.4
    endloop
  endfacet
  facet normal 0 0 1
    outer loop
      vertex 24.999 8.486 2.4
      vertex 28.853 9.79426 2.4
      vertex 28.1506 11.6604 2.4
    endloop
  endfacet
  facet normal 0 0 1
    outer loop
      vertex 30.2093 -3.97713 2.4
      vertex 26.1741 -3.44589 2.4
      vertex 29.8845 -5.9444 2.4
    endloop
  endfacet
  facet normal 0 0 1
    outer loop
      vertex 24.3904 10.1028 2.4
      vertex 28.1506 11.6604 2.4
      vertex 27.3277 13.4765 2.4
    endloop
  endfacet
  facet normal -0 0 1
    outer loop
      vertex 25.8927 -5.15038 2.4
      vertex 29.8845 -5.9444 2.4
      vertex 26.1741 -3.44589 2.4
    endloop
  endfacet
  facet normal 0 0 1
    outer loop
      vertex 29.8845 -5.9444 2.4
      vertex 25.8927 -5.15038 2.4
      vertex 29.4318 -7.88622 2.4
    endloop
  endfacet
  facet normal 0 0 1
    outer loop
      vertex 23.6774 11.6764 2.4
      vertex 27.3277 13.4765 2.4
      vertex 26.3878 15.235 2.4
    endloop
  endfacet
  facet normal 0 0 1
    outer loop
      vertex 30.4048 1.99283 2.4
      vertex 26.3435 1.72664 2.4
      vertex 26.4 0 2.4
    endloop
  endfacet
  facet normal 0 0 1
    outer loop
      vertex 30.2093 3.97713 2.4
      vertex 26.1741 3.44589 2.4
      vertex 26.3435 1.72664 2.4
    endloop
  endfacet
  facet normal 0 0 1
    outer loop
      vertex 29.8845 5.9444 2.4
      vertex 25.8927 5.15038 2.4
      vertex 26.1741 3.44589 2.4
    endloop
  endfacet
  facet normal 0 0 1
    outer loop
      vertex 29.4318 7.88622 2.4
      vertex 25.5004 6.83282 2.4
      vertex 25.8927 5.15038 2.4
    endloop
  endfacet
  facet normal 0 0 1
    outer loop
      vertex 22.8631 13.2 2.4
      vertex 26.3878 15.235 2.4
      vertex 25.3349 16.9282 2.4
    endloop
  endfacet
  facet normal 0 0 1
    outer loop
      vertex 28.853 9.79426 2.4
      vertex 24.999 8.486 2.4
      vertex 25.5004 6.83282 2.4
    endloop
  endfacet
  facet normal 0 0 1
    outer loop
      vertex 28.1506 11.6604 2.4
      vertex 24.3904 10.1028 2.4
      vertex 24.999 8.486 2.4
    endloop
  endfacet
  facet normal 0 0 1
    outer loop
      vertex 21.9508 14.6671 2.4
      vertex 25.3349 16.9282 2.4
      vertex 24.1735 18.549 2.4
    endloop
  endfacet
  facet normal 0 0 1
    outer loop
      vertex 27.3277 13.4765 2.4
      vertex 23.6774 11.6764 2.4
      vertex 24.3904 10.1028 2.4
    endloop
  endfacet
  facet normal 0 0 1
    outer loop
      vertex 20.9445 16.0713 2.4
      vertex 24.1735 18.549 2.4
      vertex 22.9086 20.0903 2.4
    endloop
  endfacet
  facet normal 0 0 1
    outer loop
      vertex 26.3878 15.235 2.4
      vertex 22.8631 13.2 2.4
      vertex 23.6774 11.6764 2.4
    endloop
  endfacet
  facet normal 0 0 1
    outer loop
      vertex 25.3349 16.9282 2.4
      vertex 21.9508 14.6671 2.4
      vertex 22.8631 13.2 2.4
    endloop
  endfacet
  facet normal 0 0 1
    outer loop
      vertex 19.8486 17.4067 2.4
      vertex 22.9086 20.0903 2.4
      vertex 21.5455 21.5455 2.4
    endloop
  endfacet
  facet normal 0 0 1
    outer loop
      vertex 24.1735 18.549 2.4
      vertex 20.9445 16.0713 2.4
      vertex 21.9508 14.6671 2.4
    endloop
  endfacet
  facet normal 0 0 1
    outer loop
      vertex 18.6676 18.6676 2.4
      vertex 21.5455 21.5455 2.4
      vertex 20.0903 22.9086 2.4
    endloop
  endfacet
  facet normal 0 0 1
    outer loop
      vertex 22.9086 20.0903 2.4
      vertex 19.8486 17.4067 2.4
      vertex 20.9445 16.0713 2.4
    endloop
  endfacet
  facet normal 0 0 1
    outer loop
      vertex 21.5455 21.5455 2.4
      vertex 18.6676 18.6676 2.4
      vertex 19.8486 17.4067 2.4
    endloop
  endfacet
  facet normal 0 0 1
    outer loop
      vertex 17.4067 19.8486 2.4
      vertex 20.0903 22.9086 2.4
      vertex 18.549 24.1735 2.4
    endloop
  endfacet
  facet normal 0 0 1
    outer loop
      vertex 20.0903 22.9086 2.4
      vertex 17.4067 19.8486 2.4
      vertex 18.6676 18.6676 2.4
    endloop
  endfacet
  facet normal 0 0 1
    outer loop
      vertex 16.0713 20.9445 2.4
      vertex 18.549 24.1735 2.4
      vertex 16.9282 25.3349 2.4
    endloop
  endfacet
  facet normal 0 0 1
    outer loop
      vertex 18.549 24.1735 2.4
      vertex 16.0713 20.9445 2.4
      vertex 17.4067 19.8486 2.4
    endloop
  endfacet
  facet normal 0 0 1
    outer loop
      vertex 14.6671 21.9508 2.4
      vertex 16.9282 25.3349 2.4
      vertex 15.235 26.3878 2.4
    endloop
  endfacet
  facet normal 0 0 1
    outer loop
      vertex 16.9282 25.3349 2.4
      vertex 14.6671 21.9508 2.4
      vertex 16.0713 20.9445 2.4
    endloop
  endfacet
  facet normal 0 0 1
    outer loop
      vertex 13.2 22.8631 2.4
      vertex 15.235 26.3878 2.4
      vertex 13.4765 27.3277 2.4
    endloop
  endfacet
  facet normal 0 0 1
    outer loop
      vertex 15.235 26.3878 2.4
      vertex 13.2 22.8631 2.4
      vertex 14.6671 21.9508 2.4
    endloop
  endfacet
  facet normal 0 0 1
    outer loop
      vertex 13.4765 27.3277 2.4
      vertex 11.6764 23.6774 2.4
      vertex 13.2 22.8631 2.4
    endloop
  endfacet
  facet normal 0 0 1
    outer loop
      vertex 11.6604 28.1506 2.4
      vertex 11.6764 23.6774 2.4
      vertex 13.4765 27.3277 2.4
    endloop
  endfacet
  facet normal 0 0 1
    outer loop
      vertex 11.6604 28.1506 2.4
      vertex 10.1028 24.3904 2.4
      vertex 11.6764 23.6774 2.4
    endloop
  endfacet
  facet normal 0 0 1
    outer loop
      vertex 9.79426 28.853 2.4
      vertex 10.1028 24.3904 2.4
      vertex 11.6604 28.1506 2.4
    endloop
  endfacet
  facet normal 0 0 1
    outer loop
      vertex 9.79426 28.853 2.4
      vertex 8.486 24.999 2.4
      vertex 10.1028 24.3904 2.4
    endloop
  endfacet
  facet normal 0 0 1
    outer loop
      vertex 7.88622 29.4318 2.4
      vertex 8.486 24.999 2.4
      vertex 9.79426 28.853 2.4
    endloop
  endfacet
  facet normal 0 0 1
    outer loop
      vertex 7.88622 29.4318 2.4
      vertex 6.83282 25.5004 2.4
      vertex 8.486 24.999 2.4
    endloop
  endfacet
  facet normal 0 0 1
    outer loop
      vertex 5.9444 29.8845 2.4
      vertex 6.83282 25.5004 2.4
      vertex 7.88622 29.4318 2.4
    endloop
  endfacet
  facet normal 0 0 1
    outer loop
      vertex 5.9444 29.8845 2.4
      vertex 5.15038 25.8927 2.4
      vertex 6.83282 25.5004 2.4
    endloop
  endfacet
  facet normal 0 0 1
    outer loop
      vertex 3.97713 30.2093 2.4
      vertex 5.15038 25.8927 2.4
      vertex 5.9444 29.8845 2.4
    endloop
  endfacet
  facet normal 0 0 1
    outer loop
      vertex 3.97713 30.2093 2.4
      vertex 3.44589 26.1741 2.4
      vertex 5.15038 25.8927 2.4
    endloop
  endfacet
  facet normal 0 0 1
    outer loop
      vertex 1.99283 30.4048 2.4
      vertex 3.44589 26.1741 2.4
      vertex 3.97713 30.2093 2.4
    endloop
  endfacet
  facet normal 0 0 1
    outer loop
      vertex 1.99283 30.4048 2.4
      vertex 1.72664 26.3435 2.4
      vertex 3.44589 26.1741 2.4
    endloop
  endfacet
  facet normal 0 0 1
    outer loop
      vertex 0 30.47 2.4
      vertex 1.72664 26.3435 2.4
      vertex 1.99283 30.4048 2.4
    endloop
  endfacet
  facet normal 0 0 1
    outer loop
      vertex 0 30.47 2.4
      vertex 0 26.4 2.4
      vertex 1.72664 26.3435 2.4
    endloop
  endfacet
  facet normal 0 0 1
    outer loop
      vertex 0 30.47 2.4
      vertex -1.72664 26.3435 2.4
      vertex 0 26.4 2.4
    endloop
  endfacet
  facet normal -0 0 1
    outer loop
      vertex -1.99283 30.4048 2.4
      vertex -1.72664 26.3435 2.4
      vertex 0 30.47 2.4
    endloop
  endfacet
  facet normal 0 0 1
    outer loop
      vertex -1.99283 30.4048 2.4
      vertex -3.44589 26.1741 2.4
      vertex -1.72664 26.3435 2.4
    endloop
  endfacet
  facet normal -0 0 1
    outer loop
      vertex -3.97713 30.2093 2.4
      vertex -3.44589 26.1741 2.4
      vertex -1.99283 30.4048 2.4
    endloop
  endfacet
  facet normal 0 0 1
    outer loop
      vertex -3.97713 30.2093 2.4
      vertex -5.15038 25.8927 2.4
      vertex -3.44589 26.1741 2.4
    endloop
  endfacet
  facet normal -0 0 1
    outer loop
      vertex -5.9444 29.8845 2.4
      vertex -5.15038 25.8927 2.4
      vertex -3.97713 30.2093 2.4
    endloop
  endfacet
  facet normal 0 0 1
    outer loop
      vertex -5.9444 29.8845 2.4
      vertex -6.83282 25.5004 2.4
      vertex -5.15038 25.8927 2.4
    endloop
  endfacet
  facet normal -0 0 1
    outer loop
      vertex -7.88622 29.4318 2.4
      vertex -6.83282 25.5004 2.4
      vertex -5.9444 29.8845 2.4
    endloop
  endfacet
  facet normal 0 0 1
    outer loop
      vertex -7.88622 29.4318 2.4
      vertex -8.486 24.999 2.4
      vertex -6.83282 25.5004 2.4
    endloop
  endfacet
  facet normal -0 0 1
    outer loop
      vertex -9.79426 28.853 2.4
      vertex -8.486 24.999 2.4
      vertex -7.88622 29.4318 2.4
    endloop
  endfacet
  facet normal 0 0 1
    outer loop
      vertex -9.79426 28.853 2.4
      vertex -10.1028 24.3904 2.4
      vertex -8.486 24.999 2.4
    endloop
  endfacet
  facet normal -0 0 1
    outer loop
      vertex -11.6604 28.1506 2.4
      vertex -10.1028 24.3904 2.4
      vertex -9.79426 28.853 2.4
    endloop
  endfacet
  facet normal 0 0 1
    outer loop
      vertex -11.6604 28.1506 2.4
      vertex -11.6764 23.6774 2.4
      vertex -10.1028 24.3904 2.4
    endloop
  endfacet
  facet normal -0 0 1
    outer loop
      vertex -13.4765 27.3277 2.4
      vertex -11.6764 23.6774 2.4
      vertex -11.6604 28.1506 2.4
    endloop
  endfacet
  facet normal 0 0 1
    outer loop
      vertex -11.6764 23.6774 2.4
      vertex -13.4765 27.3277 2.4
      vertex -13.2 22.8631 2.4
    endloop
  endfacet
  facet normal -0 0 1
    outer loop
      vertex -15.235 26.3878 2.4
      vertex -13.2 22.8631 2.4
      vertex -13.4765 27.3277 2.4
    endloop
  endfacet
  facet normal 0 0 1
    outer loop
      vertex -13.2 22.8631 2.4
      vertex -15.235 26.3878 2.4
      vertex -14.6671 21.9508 2.4
    endloop
  endfacet
  facet normal -0 0 1
    outer loop
      vertex -16.9282 25.3349 2.4
      vertex -14.6671 21.9508 2.4
      vertex -15.235 26.3878 2.4
    endloop
  endfacet
  facet normal 0 0 1
    outer loop
      vertex -14.6671 21.9508 2.4
      vertex -16.9282 25.3349 2.4
      vertex -16.0713 20.9445 2.4
    endloop
  endfacet
  facet normal -0 0 1
    outer loop
      vertex -18.549 24.1735 2.4
      vertex -16.0713 20.9445 2.4
      vertex -16.9282 25.3349 2.4
    endloop
  endfacet
  facet normal 0 0 1
    outer loop
      vertex -16.0713 20.9445 2.4
      vertex -18.549 24.1735 2.4
      vertex -17.4067 19.8486 2.4
    endloop
  endfacet
  facet normal -0 0 1
    outer loop
      vertex -20.0903 22.9086 2.4
      vertex -17.4067 19.8486 2.4
      vertex -18.549 24.1735 2.4
    endloop
  endfacet
  facet normal 0 0 1
    outer loop
      vertex -17.4067 19.8486 2.4
      vertex -20.0903 22.9086 2.4
      vertex -18.6676 18.6676 2.4
    endloop
  endfacet
  facet normal -0 0 1
    outer loop
      vertex -21.5455 21.5455 2.4
      vertex -18.6676 18.6676 2.4
      vertex -20.0903 22.9086 2.4
    endloop
  endfacet
  facet normal 0 0 1
    outer loop
      vertex -18.6676 18.6676 2.4
      vertex -21.5455 21.5455 2.4
      vertex -19.8486 17.4067 2.4
    endloop
  endfacet
  facet normal -0 0 1
    outer loop
      vertex -22.9086 20.0903 2.4
      vertex -19.8486 17.4067 2.4
      vertex -21.5455 21.5455 2.4
    endloop
  endfacet
  facet normal 0 0 1
    outer loop
      vertex -19.8486 17.4067 2.4
      vertex -22.9086 20.0903 2.4
      vertex -20.9445 16.0713 2.4
    endloop
  endfacet
  facet normal -0 0 1
    outer loop
      vertex -24.1735 18.549 2.4
      vertex -20.9445 16.0713 2.4
      vertex -22.9086 20.0903 2.4
    endloop
  endfacet
  facet normal 0 0 1
    outer loop
      vertex -20.9445 16.0713 2.4
      vertex -24.1735 18.549 2.4
      vertex -21.9508 14.6671 2.4
    endloop
  endfacet
  facet normal -0 0 1
    outer loop
      vertex -25.3349 16.9282 2.4
      vertex -21.9508 14.6671 2.4
      vertex -24.1735 18.549 2.4
    endloop
  endfacet
  facet normal 0 0 1
    outer loop
      vertex -21.9508 14.6671 2.4
      vertex -25.3349 16.9282 2.4
      vertex -22.8631 13.2 2.4
    endloop
  endfacet
  facet normal -0 0 1
    outer loop
      vertex -26.3878 15.235 2.4
      vertex -22.8631 13.2 2.4
      vertex -25.3349 16.9282 2.4
    endloop
  endfacet
  facet normal 0 0 1
    outer loop
      vertex -22.8631 13.2 2.4
      vertex -26.3878 15.235 2.4
      vertex -23.6774 11.6764 2.4
    endloop
  endfacet
  facet normal -0 0 1
    outer loop
      vertex -27.3277 13.4765 2.4
      vertex -23.6774 11.6764 2.4
      vertex -26.3878 15.235 2.4
    endloop
  endfacet
  facet normal 0 0 1
    outer loop
      vertex -23.6774 11.6764 2.4
      vertex -27.3277 13.4765 2.4
      vertex -24.3904 10.1028 2.4
    endloop
  endfacet
  facet normal -0 0 1
    outer loop
      vertex -28.1506 11.6604 2.4
      vertex -24.3904 10.1028 2.4
      vertex -27.3277 13.4765 2.4
    endloop
  endfacet
  facet normal 0 0 1
    outer loop
      vertex -24.3904 10.1028 2.4
      vertex -28.1506 11.6604 2.4
      vertex -24.999 8.486 2.4
    endloop
  endfacet
  facet normal -0 0 1
    outer loop
      vertex -28.853 9.79426 2.4
      vertex -24.999 8.486 2.4
      vertex -28.1506 11.6604 2.4
    endloop
  endfacet
  facet normal 0 0 1
    outer loop
      vertex -24.999 8.486 2.4
      vertex -28.853 9.79426 2.4
      vertex -25.5004 6.83282 2.4
    endloop
  endfacet
  facet normal -0 0 1
    outer loop
      vertex -29.4318 7.88622 2.4
      vertex -25.5004 6.83282 2.4
      vertex -28.853 9.79426 2.4
    endloop
  endfacet
  facet normal 0 0 1
    outer loop
      vertex -25.5004 6.83282 2.4
      vertex -29.4318 7.88622 2.4
      vertex -25.8927 5.15038 2.4
    endloop
  endfacet
  facet normal -0 0 1
    outer loop
      vertex 25.5004 -6.83282 2.4
      vertex 29.4318 -7.88622 2.4
      vertex 25.8927 -5.15038 2.4
    endloop
  endfacet
  facet normal 0 0 1
    outer loop
      vertex 29.4318 -7.88622 2.4
      vertex 25.5004 -6.83282 2.4
      vertex 28.853 -9.79426 2.4
    endloop
  endfacet
  facet normal -0 0 1
    outer loop
      vertex 24.999 -8.486 2.4
      vertex 28.853 -9.79426 2.4
      vertex 25.5004 -6.83282 2.4
    endloop
  endfacet
  facet normal 0 0 1
    outer loop
      vertex 28.853 -9.79426 2.4
      vertex 24.999 -8.486 2.4
      vertex 28.1506 -11.6604 2.4
    endloop
  endfacet
  facet normal -0 0 1
    outer loop
      vertex 24.3904 -10.1028 2.4
      vertex 28.1506 -11.6604 2.4
      vertex 24.999 -8.486 2.4
    endloop
  endfacet
  facet normal 0 0 1
    outer loop
      vertex 28.1506 -11.6604 2.4
      vertex 24.3904 -10.1028 2.4
      vertex 27.3277 -13.4765 2.4
    endloop
  endfacet
  facet normal -0 0 1
    outer loop
      vertex 23.6774 -11.6764 2.4
      vertex 27.3277 -13.4765 2.4
      vertex 24.3904 -10.1028 2.4
    endloop
  endfacet
  facet normal 0 0 1
    outer loop
      vertex 27.3277 -13.4765 2.4
      vertex 23.6774 -11.6764 2.4
      vertex 26.3878 -15.235 2.4
    endloop
  endfacet
  facet normal -0 0 1
    outer loop
      vertex 22.8631 -13.2 2.4
      vertex 26.3878 -15.235 2.4
      vertex 23.6774 -11.6764 2.4
    endloop
  endfacet
  facet normal 0 0 1
    outer loop
      vertex 26.3878 -15.235 2.4
      vertex 22.8631 -13.2 2.4
      vertex 25.3349 -16.9282 2.4
    endloop
  endfacet
  facet normal -0 0 1
    outer loop
      vertex 21.9508 -14.6671 2.4
      vertex 25.3349 -16.9282 2.4
      vertex 22.8631 -13.2 2.4
    endloop
  endfacet
  facet normal 0 0 1
    outer loop
      vertex 25.3349 -16.9282 2.4
      vertex 21.9508 -14.6671 2.4
      vertex 24.1735 -18.549 2.4
    endloop
  endfacet
  facet normal -0 0 1
    outer loop
      vertex 20.9445 -16.0713 2.4
      vertex 24.1735 -18.549 2.4
      vertex 21.9508 -14.6671 2.4
    endloop
  endfacet
  facet normal 0 0 1
    outer loop
      vertex 24.1735 -18.549 2.4
      vertex 20.9445 -16.0713 2.4
      vertex 22.9086 -20.0903 2.4
    endloop
  endfacet
  facet normal -0 0 1
    outer loop
      vertex 19.8486 -17.4067 2.4
      vertex 22.9086 -20.0903 2.4
      vertex 20.9445 -16.0713 2.4
    endloop
  endfacet
  facet normal 0 0 1
    outer loop
      vertex 22.9086 -20.0903 2.4
      vertex 19.8486 -17.4067 2.4
      vertex 21.5455 -21.5455 2.4
    endloop
  endfacet
  facet normal -0 0 1
    outer loop
      vertex 18.6676 -18.6676 2.4
      vertex 21.5455 -21.5455 2.4
      vertex 19.8486 -17.4067 2.4
    endloop
  endfacet
  facet normal 0 0 1
    outer loop
      vertex 21.5455 -21.5455 2.4
      vertex 18.6676 -18.6676 2.4
      vertex 20.0903 -22.9086 2.4
    endloop
  endfacet
  facet normal -0 0 1
    outer loop
      vertex 17.4067 -19.8486 2.4
      vertex 20.0903 -22.9086 2.4
      vertex 18.6676 -18.6676 2.4
    endloop
  endfacet
  facet normal 0 0 1
    outer loop
      vertex 20.0903 -22.9086 2.4
      vertex 17.4067 -19.8486 2.4
      vertex 18.549 -24.1735 2.4
    endloop
  endfacet
  facet normal -0 0 1
    outer loop
      vertex 16.0713 -20.9445 2.4
      vertex 18.549 -24.1735 2.4
      vertex 17.4067 -19.8486 2.4
    endloop
  endfacet
  facet normal 0 0 1
    outer loop
      vertex 18.549 -24.1735 2.4
      vertex 16.0713 -20.9445 2.4
      vertex 16.9282 -25.3349 2.4
    endloop
  endfacet
  facet normal -0 0 1
    outer loop
      vertex 14.6671 -21.9508 2.4
      vertex 16.9282 -25.3349 2.4
      vertex 16.0713 -20.9445 2.4
    endloop
  endfacet
  facet normal 0 0 1
    outer loop
      vertex 16.9282 -25.3349 2.4
      vertex 14.6671 -21.9508 2.4
      vertex 15.235 -26.3878 2.4
    endloop
  endfacet
  facet normal -0 0 1
    outer loop
      vertex 13.2 -22.8631 2.4
      vertex 15.235 -26.3878 2.4
      vertex 14.6671 -21.9508 2.4
    endloop
  endfacet
  facet normal 0 0 1
    outer loop
      vertex 15.235 -26.3878 2.4
      vertex 13.2 -22.8631 2.4
      vertex 13.4765 -27.3277 2.4
    endloop
  endfacet
  facet normal -0 0 1
    outer loop
      vertex 11.6764 -23.6774 2.4
      vertex 13.4765 -27.3277 2.4
      vertex 13.2 -22.8631 2.4
    endloop
  endfacet
  facet normal 0 0 1
    outer loop
      vertex 11.6764 -23.6774 2.4
      vertex 11.6604 -28.1506 2.4
      vertex 13.4765 -27.3277 2.4
    endloop
  endfacet
  facet normal -0 0 1
    outer loop
      vertex 10.1028 -24.3904 2.4
      vertex 11.6604 -28.1506 2.4
      vertex 11.6764 -23.6774 2.4
    endloop
  endfacet
  facet normal 0 0 1
    outer loop
      vertex 10.1028 -24.3904 2.4
      vertex 9.79426 -28.853 2.4
      vertex 11.6604 -28.1506 2.4
    endloop
  endfacet
  facet normal -0 0 1
    outer loop
      vertex 8.486 -24.999 2.4
      vertex 9.79426 -28.853 2.4
      vertex 10.1028 -24.3904 2.4
    endloop
  endfacet
  facet normal 0 0 1
    outer loop
      vertex 8.486 -24.999 2.4
      vertex 7.88622 -29.4318 2.4
      vertex 9.79426 -28.853 2.4
    endloop
  endfacet
  facet normal -0 0 1
    outer loop
      vertex 6.83282 -25.5004 2.4
      vertex 7.88622 -29.4318 2.4
      vertex 8.486 -24.999 2.4
    endloop
  endfacet
  facet normal 0 0 1
    outer loop
      vertex 6.83282 -25.5004 2.4
      vertex 5.9444 -29.8845 2.4
      vertex 7.88622 -29.4318 2.4
    endloop
  endfacet
  facet normal -0 0 1
    outer loop
      vertex 5.15038 -25.8927 2.4
      vertex 5.9444 -29.8845 2.4
      vertex 6.83282 -25.5004 2.4
    endloop
  endfacet
  facet normal 0 0 1
    outer loop
      vertex 5.15038 -25.8927 2.4
      vertex 3.97713 -30.2093 2.4
      vertex 5.9444 -29.8845 2.4
    endloop
  endfacet
  facet normal -0 0 1
    outer loop
      vertex 3.44589 -26.1741 2.4
      vertex 3.97713 -30.2093 2.4
      vertex 5.15038 -25.8927 2.4
    endloop
  endfacet
  facet normal -0 0 1
    outer loop
      vertex 1.6 -29.25 2.4
      vertex 3.97713 -30.2093 2.4
      vertex 3.44589 -26.1741 2.4
    endloop
  endfacet
  facet normal 0 0 1
    outer loop
      vertex 1.6 -29.25 2.4
      vertex 3.44589 -26.1741 2.4
      vertex 1.72664 -26.3435 2.4
    endloop
  endfacet
  facet normal 0 0 1
    outer loop
      vertex 3.97713 -30.2093 2.4
      vertex 1.6 -29.25 2.4
      vertex 1.99283 -30.4048 2.4
    endloop
  endfacet
  facet normal 0 0 1
    outer loop
      vertex 1.99283 -30.4048 2.4
      vertex 1.6 -29.25 2.4
      vertex 1.6 -30.4176 2.4
    endloop
  endfacet
  facet normal -0.227043 -0.973885 0
    outer loop
      vertex 5.9444 29.8845 2.4
      vertex 7.88622 29.4318 4.1
      vertex 5.9444 29.8845 4.1
    endloop
  endfacet
  facet normal -0.227043 -0.973885 -0
    outer loop
      vertex 7.88622 29.4318 4.1
      vertex 5.9444 29.8845 2.4
      vertex 7.88622 29.4318 2.4
    endloop
  endfacet
  facet normal 0.910857 0.412722 0
    outer loop
      vertex -27.3277 -13.4765 4.1
      vertex -28.1506 -11.6604 2.4
      vertex -28.1506 -11.6604 4.1
    endloop
  endfacet
  facet normal 0.910857 0.412722 0
    outer loop
      vertex -28.1506 -11.6604 2.4
      vertex -27.3277 -13.4765 4.1
      vertex -27.3277 -13.4765 2.4
    endloop
  endfacet
  facet normal 0 0 1
    outer loop
      vertex 1.6 -29.25 0.9
      vertex 1.55885 -33.37 0.9
      vertex 1.6 -33.4694 0.9
    endloop
  endfacet
  facet normal 0 0 1
    outer loop
      vertex 1.6 -29.25 0.9
      vertex 1.27279 -32.9972 0.9
      vertex 1.55885 -33.37 0.9
    endloop
  endfacet
  facet normal 0 0 1
    outer loop
      vertex 1.6 -29.25 0.9
      vertex 0.9 -32.7112 0.9
      vertex 1.27279 -32.9972 0.9
    endloop
  endfacet
  facet normal 0 0 1
    outer loop
      vertex 1.6 -29.25 0.9
      vertex 0.465874 -32.5313 0.9
      vertex 0.9 -32.7112 0.9
    endloop
  endfacet
  facet normal 0 0 1
    outer loop
      vertex 1.6 -29.25 0.9
      vertex 0 -32.47 0.9
      vertex 0.465874 -32.5313 0.9
    endloop
  endfacet
  facet normal -0 0 1
    outer loop
      vertex -1.6 -29.25 0.9
      vertex 0 -32.47 0.9
      vertex 1.6 -29.25 0.9
    endloop
  endfacet
  facet normal 0 0 1
    outer loop
      vertex 0 -32.47 0.9
      vertex -1.6 -29.25 0.9
      vertex -0.465874 -32.5313 0.9
    endloop
  endfacet
  facet normal 0 0 1
    outer loop
      vertex -0.465874 -32.5313 0.9
      vertex -1.6 -29.25 0.9
      vertex -0.9 -32.7112 0.9
    endloop
  endfacet
  facet normal 0 0 1
    outer loop
      vertex -0.9 -32.7112 0.9
      vertex -1.6 -29.25 0.9
      vertex -1.27279 -32.9972 0.9
    endloop
  endfacet
  facet normal 0 0 1
    outer loop
      vertex -1.27279 -32.9972 0.9
      vertex -1.6 -29.25 0.9
      vertex -1.55885 -33.37 0.9
    endloop
  endfacet
  facet normal 0 0 1
    outer loop
      vertex -1.55885 -33.37 0.9
      vertex -1.6 -29.25 0.9
      vertex -1.6 -33.4694 0.9
    endloop
  endfacet
  facet normal -0 0 1
    outer loop
      vertex 1.55885 -35.17 0.9
      vertex 1.6 -38.4476 0.9
      vertex 1.6 -35.0706 0.9
    endloop
  endfacet
  facet normal -0 0 1
    outer loop
      vertex 1.27279 -35.5428 0.9
      vertex 1.6 -38.4476 0.9
      vertex 1.55885 -35.17 0.9
    endloop
  endfacet
  facet normal -0 0 1
    outer loop
      vertex 0.9 -35.8288 0.9
      vertex 1.6 -38.4476 0.9
      vertex 1.27279 -35.5428 0.9
    endloop
  endfacet
  facet normal -0 0 1
    outer loop
      vertex 0.465874 -36.0087 0.9
      vertex 1.6 -38.4476 0.9
      vertex 0.9 -35.8288 0.9
    endloop
  endfacet
  facet normal 0 0 1
    outer loop
      vertex 0 -38.5 0.9
      vertex 0.465874 -36.0087 0.9
      vertex 0 -36.07 0.9
    endloop
  endfacet
  facet normal 0 0 1
    outer loop
      vertex 0.465874 -36.0087 0.9
      vertex 0 -38.5 0.9
      vertex 1.6 -38.4476 0.9
    endloop
  endfacet
  facet normal 0 0 1
    outer loop
      vertex -0.465874 -36.0087 0.9
      vertex 0 -38.5 0.9
      vertex 0 -36.07 0.9
    endloop
  endfacet
  facet normal 0 0 1
    outer loop
      vertex -1.6 -38.4476 0.9
      vertex -0.465874 -36.0087 0.9
      vertex -0.9 -35.8288 0.9
    endloop
  endfacet
  facet normal 0 0 1
    outer loop
      vertex -1.6 -38.4476 0.9
      vertex -0.9 -35.8288 0.9
      vertex -1.27279 -35.5428 0.9
    endloop
  endfacet
  facet normal 0 0 1
    outer loop
      vertex -1.6 -38.4476 0.9
      vertex -1.27279 -35.5428 0.9
      vertex -1.55885 -35.17 0.9
    endloop
  endfacet
  facet normal 0 0 1
    outer loop
      vertex -0.465874 -36.0087 0.9
      vertex -1.6 -38.4476 0.9
      vertex 0 -38.5 0.9
    endloop
  endfacet
  facet normal 0 0 1
    outer loop
      vertex -1.6 -38.4476 0.9
      vertex -1.55885 -35.17 0.9
      vertex -1.6 -35.0706 0.9
    endloop
  endfacet
  facet normal 0 -1 0
    outer loop
      vertex -1.6 -29.25 0.9
      vertex 1.6 -29.25 2.4
      vertex -1.6 -29.25 2.4
    endloop
  endfacet
  facet normal 0 -1 -0
    outer loop
      vertex 1.6 -29.25 2.4
      vertex -1.6 -29.25 0.9
      vertex 1.6 -29.25 0.9
    endloop
  endfacet
  facet normal -1 0 0
    outer loop
      vertex 1.6 -29.25 0.9
      vertex 1.6 -30.4176 2.4
      vertex 1.6 -29.25 2.4
    endloop
  endfacet
  facet normal -1 0 0
    outer loop
      vertex 1.6 -33.4694 0.9
      vertex 1.6 -30.4176 2.4
      vertex 1.6 -29.25 0.9
    endloop
  endfacet
  facet normal -1 0 0
    outer loop
      vertex 1.6 -33.4694 4.1
      vertex 1.6 -30.4176 2.4
      vertex 1.6 -33.4694 0.9
    endloop
  endfacet
  facet normal -1 0 0
    outer loop
      vertex 1.6 -30.4176 2.4
      vertex 1.6 -33.4694 4.1
      vertex 1.6 -30.4176 4.1
    endloop
  endfacet
  facet normal -1 0 0
    outer loop
      vertex 1.6 -38.4476 0.9
      vertex 1.6 -35.0706 4.1
      vertex 1.6 -35.0706 0.9
    endloop
  endfacet
  facet normal -1 -0 0
    outer loop
      vertex 1.6 -35.0706 4.1
      vertex 1.6 -38.4476 0.9
      vertex 1.6 -38.4476 4.1
    endloop
  endfacet
  facet normal 1 0 0
    outer loop
      vertex -1.6 -30.4176 4.1
      vertex -1.6 -33.4694 4.1
      vertex -1.6 -30.4176 2.4
    endloop
  endfacet
  facet normal 1 -0 0
    outer loop
      vertex -1.6 -30.4176 2.4
      vertex -1.6 -29.25 0.9
      vertex -1.6 -29.25 2.4
    endloop
  endfacet
  facet normal 1 0 0
    outer loop
      vertex -1.6 -33.4694 0.9
      vertex -1.6 -30.4176 2.4
      vertex -1.6 -33.4694 4.1
    endloop
  endfacet
  facet normal 1 0 0
    outer loop
      vertex -1.6 -30.4176 2.4
      vertex -1.6 -33.4694 0.9
      vertex -1.6 -29.25 0.9
    endloop
  endfacet
  facet normal 1 -0 0
    outer loop
      vertex -1.6 -38.4476 4.1
      vertex -1.6 -35.0706 0.9
      vertex -1.6 -35.0706 4.1
    endloop
  endfacet
  facet normal 1 0 0
    outer loop
      vertex -1.6 -35.0706 0.9
      vertex -1.6 -38.4476 4.1
      vertex -1.6 -38.4476 0.9
    endloop
  endfacet
endsolid OpenSCAD_Model
