solid OpenSCAD_Model
  facet normal -0.00997633 0.160209 0.987033
    outer loop
      vertex 0 14.7138 4.81924
      vertex -1.13858 14.6429 4.81924
      vertex -0.982622 12.6372 5.14637
    endloop
  endfacet
  facet normal -0.155149 0.488941 0.858409
    outer loop
      vertex -3.58188 22.8093 2.02134
      vertex -5.32966 22.2547 2.02134
      vertex -5.11708 21.3671 2.56533
    endloop
  endfacet
  facet normal -0.0299975 0.0035129 0.999544
    outer loop
      vertex -2.80627 0.707054 5.93506
      vertex -2.84747 0.355237 5.93506
      vertex -0.938435 0.236444 5.99277
    endloop
  endfacet
  facet normal 0.219769 -0.157247 0.962795
    outer loop
      vertex 11.1689 -11.6103 4.02935
      vertex 9.25985 -11.7291 4.44571
      vertex 10.2167 -12.9411 4.02935
    endloop
  endfacet
  facet normal -0.105779 -0.176563 0.978589
    outer loop
      vertex -5.47581 -12.9764 4.81924
      vertex -6.17313 -14.6289 4.44571
      vertex -5.01139 -15.3249 4.44571
    endloop
  endfacet
  facet normal 0.362283 0.171437 0.916166
    outer loop
      vertex 13.9069 11.7703 3.08462
      vertex 13.0229 11.0221 3.57419
      vertex 14.7508 9.98696 3.08462
    endloop
  endfacet
  facet normal 0.127068 0.400504 0.907442
    outer loop
      vertex 5.11708 21.3671 2.56533
      vertex 3.43901 21.8995 2.56533
      vertex 4.85522 20.2736 3.08462
    endloop
  endfacet
  facet normal -0.323754 0.714278 0.620476
    outer loop
      vertex -5.49091 22.9281 1.45788
      vertex -7.38156 22.5728 0.880383
      vertex -7.23869 22.1359 1.45788
    endloop
  endfacet
  facet normal -0.0970981 -0.103357 0.989894
    outer loop
      vertex -4.63197 -8.78083 5.42393
      vertex -6.35979 -9.81595 5.14637
      vertex -5.56959 -10.5583 5.14637
    endloop
  endfacet
  facet normal 0.294081 0.0113936 0.955713
    outer loop
      vertex 14.379 1.79386 4.02935
      vertex 13.0954 0 4.44571
      vertex 14.4485 0 4.02935
    endloop
  endfacet
  facet normal -0.933409 0.184578 0.307699
    outer loop
      vertex -18.6379 7.16139 0.294406
      vertex -19.1023 4.81293 0.294406
      vertex -18.9183 4.76657 0.880383
    endloop
  endfacet
  facet normal 0.0308439 0.0972107 0.994786
    outer loop
      vertex 2.4202 10.1059 5.42393
      vertex 1.28162 8.16129 5.64926
      vertex 1.90698 7.96287 5.64926
    endloop
  endfacet
  facet normal 0.165636 -0.144276 0.975576
    outer loop
      vertex 9.25985 -11.7291 4.44571
      vertex 7.3692 -11.3739 4.81924
      vertex 8.30763 -12.8223 4.44571
    endloop
  endfacet
  facet normal 0.803147 0.226869 0.550895
    outer loop
      vertex 17.8207 9.34997 0.880383
      vertex 17.4757 9.16901 1.45788
      vertex 18.4584 7.09243 0.880383
    endloop
  endfacet
  facet normal 0.244809 -0.00950111 0.969525
    outer loop
      vertex 13.0954 0 4.44571
      vertex 11.6161 0 4.81924
      vertex 13.0323 -1.62586 4.44571
    endloop
  endfacet
  facet normal -0.00736988 -0.0232276 0.999703
    outer loop
      vertex -0.27775 -1.15978 5.99277
      vertex -0.558201 -3.5546 5.93506
      vertex -0.186666 -1.18868 5.99277
    endloop
  endfacet
  facet normal -0.291318 0.0341035 0.956018
    outer loop
      vertex -12.8438 3.23606 4.44571
      vertex -14.379 1.79386 4.02935
      vertex -13.0323 1.62586 4.44571
    endloop
  endfacet
  facet normal -0.711848 0.0276058 0.701791
    outer loop
      vertex -18.2717 2.2795 2.02134
      vertex -18.9156 0 1.45788
      vertex -18.3601 0 2.02134
    endloop
  endfacet
  facet normal -0.839374 0.032526 0.54258
    outer loop
      vertex -19.1961 2.39482 0.880383
      vertex -19.2889 0 0.880383
      vertex -18.9156 0 1.45788
    endloop
  endfacet
  facet normal 0.25489 -0.271334 0.928121
    outer loop
      vertex 9.93621 -15.3359 3.57419
      vertex 9.2923 -17.6154 3.08462
      vertex 10.6107 -16.3769 3.08462
    endloop
  endfacet
  facet normal -0.127082 0.400515 0.907435
    outer loop
      vertex -3.43901 21.8995 2.56533
      vertex -4.85522 20.2736 3.08462
      vertex -3.26302 20.7788 3.08462
    endloop
  endfacet
  facet normal -0.253619 -0.120014 0.95983
    outer loop
      vertex -11.5491 -7.8193 4.44571
      vertex -12.7425 -8.62726 4.02935
      vertex -10.8884 -9.21552 4.44571
    endloop
  endfacet
  facet normal 0.505796 0.440616 0.741638
    outer loop
      vertex 13.3754 16.9421 1.45788
      vertex 11.6475 17.9772 2.02134
      vertex 12.9826 16.4446 2.02134
    endloop
  endfacet
  facet normal 0.0121691 -0.195493 0.98063
    outer loop
      vertex 0 -14.7138 4.81924
      vertex 0 -16.5875 4.44571
      vertex 1.28357 -16.5076 4.44571
    endloop
  endfacet
  facet normal 0.0308415 -0.097212 0.994786
    outer loop
      vertex 2.4202 -10.1059 5.42393
      vertex 1.28162 -8.16129 5.64926
      vertex 1.62653 -10.3577 5.42393
    endloop
  endfacet
  facet normal -0.0575908 -0.0162688 0.998208
    outer loop
      vertex -2.73804 -1.05206 5.93506
      vertex -4.37745 -2.29672 5.82019
      vertex -2.64344 -1.38694 5.93506
    endloop
  endfacet
  facet normal 0.1912 0.602553 0.774837
    outer loop
      vertex 5.49091 22.9281 1.45788
      vertex 3.58188 22.8093 2.02134
      vertex 5.32966 22.2547 2.02134
    endloop
  endfacet
  facet normal 0.0697509 -0.116429 0.990747
    outer loop
      vertex 3.93019 -9.31363 5.42393
      vertex 3.19056 -9.75673 5.42393
      vertex 4.72575 -11.1989 5.14637
    endloop
  endfacet
  facet normal -0.184056 -0.307196 0.933678
    outer loop
      vertex -7.38327 -17.4966 3.57419
      vertex -7.88444 -18.6843 3.08462
      vertex -5.9938 -18.3291 3.57419
    endloop
  endfacet
  facet normal 0.177263 0.188691 0.965906
    outer loop
      vertex 9.16606 14.1472 4.02935
      vertex 8.02718 15.2171 4.02935
      vertex 8.30763 12.8223 4.44571
    endloop
  endfacet
  facet normal 0.0314398 0.505625 0.86218
    outer loop
      vertex 0 23.2561 2.02134
      vertex 0 22.3285 2.56533
      vertex 1.79961 23.1442 2.02134
    endloop
  endfacet
  facet normal 0.0212489 0.341584 0.939611
    outer loop
      vertex 1.63941 21.0839 3.08462
      vertex 0 19.8392 3.57419
      vertex 1.5352 19.7437 3.57419
    endloop
  endfacet
  facet normal -0.242499 -0.0284043 0.969736
    outer loop
      vertex -11.5602 -1.4422 4.81924
      vertex -12.8438 -3.23606 4.44571
      vertex -11.3929 -2.87051 4.81924
    endloop
  endfacet
  facet normal -0.340306 0.199264 0.918959
    outer loop
      vertex -12.9291 13.4402 3.08462
      vertex -13.9069 11.7703 3.08462
      vertex -12.1073 12.5859 3.57419
    endloop
  endfacet
  facet normal -0.945666 0.110724 0.305704
    outer loop
      vertex -19.1023 4.81293 0.294406
      vertex -19.3827 2.41811 0.294406
      vertex -18.9183 4.76657 0.880383
    endloop
  endfacet
  facet normal -0.220675 -0.290654 0.931033
    outer loop
      vertex -7.38327 -17.4966 3.57419
      vertex -9.2923 -17.6154 3.08462
      vertex -7.88444 -18.6843 3.08462
    endloop
  endfacet
  facet normal -0.171345 -0.911773 0.373244
    outer loop
      vertex -3.76309 -23.9632 0.880383
      vertex -3.79968 -24.1962 0.294406
      vertex -1.90903 -24.5515 0.294406
    endloop
  endfacet
  facet normal -0.109409 0.0953014 0.989418
    outer loop
      vertex -5.28914 8.16346 5.42393
      vertex -6.35979 9.81595 5.14637
      vertex -5.89538 7.46748 5.42393
    endloop
  endfacet
  facet normal 0.405974 0.677684 0.613131
    outer loop
      vertex 7.38156 22.5728 0.880383
      vertex 7.23869 22.1359 1.45788
      vertex 9.09274 21.5477 0.880383
    endloop
  endfacet
  facet normal 0.778538 0.290722 0.556201
    outer loop
      vertex 17.8207 9.34997 0.880383
      vertex 17.0113 11.5175 0.880383
      vertex 17.4757 9.16901 1.45788
    endloop
  endfacet
  facet normal 0.546258 -0.20395 0.812408
    outer loop
      vertex 16.286 -8.54476 2.56533
      vertex 16.1922 -10.9629 2.02134
      vertex 16.9625 -8.89974 2.02134
    endloop
  endfacet
  facet normal 0.49118 -0.287591 0.822212
    outer loop
      vertex 14.657 -12.4051 2.56533
      vertex 14.1926 -14.7535 2.02134
      vertex 15.2659 -12.9204 2.02134
    endloop
  endfacet
  facet normal 0.395198 -0.520534 0.756877
    outer loop
      vertex 10.2003 -19.3368 2.02134
      vertex 8.65489 -20.5101 2.02134
      vertex 10.5089 -19.9218 1.45788
    endloop
  endfacet
  facet normal 0.498821 -0.0193504 0.866489
    outer loop
      vertex 17.6278 0 2.56533
      vertex 16.6452 -2.07658 3.08462
      vertex 17.5429 -2.18858 2.56533
    endloop
  endfacet
  facet normal 0.182545 0.130618 0.974482
    outer loop
      vertex 9.25985 11.7291 4.44571
      vertex 8.21385 10.4042 4.81924
      vertex 8.97939 9.33432 4.81924
    endloop
  endfacet
  facet normal 0.15765 0.0311752 0.987003
    outer loop
      vertex 9.83238 2.47732 5.14637
      vertex 7.97832 3.06558 5.42393
      vertex 8.17712 2.06027 5.42393
    endloop
  endfacet
  facet normal -0.266944 -0.0996694 0.958544
    outer loop
      vertex -11.5491 -7.8193 4.44571
      vertex -13.3487 -7.00368 4.02935
      vertex -12.7425 -8.62726 4.02935
    endloop
  endfacet
  facet normal 0.81616 0.477902 0.324795
    outer loop
      vertex 16.1941 13.7061 0.294406
      vertex 15.0555 15.6506 0.294406
      vertex 16.0382 13.5741 0.880383
    endloop
  endfacet
  facet normal -0.0684018 0.150894 0.986181
    outer loop
      vertex -3.37199 14.0802 4.81924
      vertex -3.8364 11.7317 5.14637
      vertex -2.9101 12.1516 5.14637
    endloop
  endfacet
  facet normal 0.498798 -0.0193362 0.866502
    outer loop
      vertex 16.7257 0 3.08462
      vertex 16.6452 -2.07658 3.08462
      vertex 17.6278 0 2.56533
    endloop
  endfacet
  facet normal 0.344355 0.299939 0.889638
    outer loop
      vertex 12.4647 15.7887 2.56533
      vertex 11.183 17.2602 2.56533
      vertex 11.8269 14.9807 3.08462
    endloop
  endfacet
  facet normal -0.14709 0.156573 0.976652
    outer loop
      vertex -7.27541 13.792 4.44571
      vertex -8.30763 12.8223 4.44571
      vertex -6.45358 12.2341 4.81924
    endloop
  endfacet
  facet normal -0.565998 -0.745509 0.351942
    outer loop
      vertex -9.09274 -21.5477 0.880383
      vertex -10.7164 -20.315 0.880383
      vertex -9.18116 -21.7572 0.294406
    endloop
  endfacet
  facet normal -0.0929365 -0.00360412 0.995666
    outer loop
      vertex -4.73811 0 5.82019
      vertex -6.56935 0 5.64926
      vertex -6.53772 -0.815618 5.64926
    endloop
  endfacet
  facet normal -0.821425 0.16246 0.546688
    outer loop
      vertex -18.1011 6.95515 1.45788
      vertex -18.9183 4.76657 0.880383
      vertex -18.5522 4.67432 1.45788
    endloop
  endfacet
  facet normal -0.280973 -0.885649 0.369702
    outer loop
      vertex -3.76309 -23.9632 0.880383
      vertex -5.65373 -23.608 0.294406
      vertex -3.79968 -24.1962 0.294406
    endloop
  endfacet
  facet normal -0.0798449 -0.0377816 0.996091
    outer loop
      vertex -3.9396 -3.33432 5.82019
      vertex -5.79365 -3.92258 5.64926
      vertex -5.46222 -4.623 5.64926
    endloop
  endfacet
  facet normal -0.472652 0.133522 0.871075
    outer loop
      vertex -15.4525 8.10749 3.08462
      vertex -16.286 8.54476 2.56533
      vertex -16.0055 6.14994 3.08462
    endloop
  endfacet
  facet normal -0.839308 -0.0325578 0.54268
    outer loop
      vertex -18.9156 0 1.45788
      vertex -19.1961 -2.39482 0.880383
      vertex -18.8245 -2.34847 1.45788
    endloop
  endfacet
  facet normal -0.498798 -0.0193362 0.866502
    outer loop
      vertex -16.7257 0 3.08462
      vertex -17.6278 0 2.56533
      vertex -16.6452 -2.07658 3.08462
    endloop
  endfacet
  facet normal -0.546258 -0.20395 0.812408
    outer loop
      vertex -16.286 -8.54476 2.56533
      vertex -16.9625 -8.89974 2.02134
      vertex -16.1922 -10.9629 2.02134
    endloop
  endfacet
  facet normal -0.999248 -0.0387615 0
    outer loop
      vertex -19.3827 -2.41811 0
      vertex -19.4765 0 0.294406
      vertex -19.4765 0 0
    endloop
  endfacet
  facet normal -0.999248 -0.0387615 0
    outer loop
      vertex -19.4765 0 0.294406
      vertex -19.3827 -2.41811 0
      vertex -19.3827 -2.41811 0.294406
    endloop
  endfacet
  facet normal -0.75406 -0.656805 0
    outer loop
      vertex -12.3558 -19.0704 0
      vertex -13.772 -17.4445 0.294406
      vertex -13.772 -17.4445 0
    endloop
  endfacet
  facet normal -0.75406 -0.656805 0
    outer loop
      vertex -13.772 -17.4445 0.294406
      vertex -12.3558 -19.0704 0
      vertex -12.3558 -19.0704 0.294406
    endloop
  endfacet
  facet normal -0.323754 -0.714278 0.620476
    outer loop
      vertex -7.23869 -22.1359 1.45788
      vertex -7.38156 -22.5728 0.880383
      vertex -5.49091 -22.9281 1.45788
    endloop
  endfacet
  facet normal -0.280992 -0.885607 0.369788
    outer loop
      vertex -5.59928 -23.3806 0.880383
      vertex -5.65373 -23.608 0.294406
      vertex -3.76309 -23.9632 0.880383
    endloop
  endfacet
  facet normal 0.109409 -0.0953013 0.989418
    outer loop
      vertex 7.08875 -8.97908 5.14637
      vertex 5.89538 -7.46748 5.42393
      vertex 6.35979 -9.81595 5.14637
    endloop
  endfacet
  facet normal 0.210864 -0.099777 0.97241
    outer loop
      vertex 10.2445 -6.93602 4.81924
      vertex 9.65846 -8.17453 4.81924
      vertex 11.5491 -7.8193 4.44571
    endloop
  endfacet
  facet normal 0.125216 -0.0146647 0.992021
    outer loop
      vertex 8.29718 -1.03512 5.42393
      vertex 6.44312 -1.62338 5.64926
      vertex 8.17712 -2.06027 5.42393
    endloop
  endfacet
  facet normal -0.747339 -0.35364 0.562515
    outer loop
      vertex -16.6821 -11.2946 1.45788
      vertex -17.0113 -11.5175 0.880383
      vertex -15.7278 -13.3113 1.45788
    endloop
  endfacet
  facet normal -0.10504 -0.331108 0.937728
    outer loop
      vertex -4.5466 -18.985 3.57419
      vertex -4.85522 -20.2736 3.08462
      vertex -3.05561 -19.458 3.57419
    endloop
  endfacet
  facet normal -0.263453 -0.581239 0.769905
    outer loop
      vertex -7.02611 -21.4859 2.02134
      vertex -7.23869 -22.1359 1.45788
      vertex -5.49091 -22.9281 1.45788
    endloop
  endfacet
  facet normal -0.285874 0.0565397 0.956598
    outer loop
      vertex -12.5315 4.8151 4.44571
      vertex -14.1709 3.57044 4.02935
      vertex -12.8438 3.23606 4.44571
    endloop
  endfacet
  facet normal 0.237907 0.0470528 0.970148
    outer loop
      vertex 12.5315 4.8151 4.44571
      vertex 11.3929 2.87051 4.81924
      vertex 12.8438 3.23606 4.44571
    endloop
  endfacet
  facet normal 0.856554 -0.405343 0.319395
    outer loop
      vertex 17.0113 -11.5175 0.880383
      vertex 16.1941 -13.7061 0.294406
      vertex 17.1768 -11.6295 0.294406
    endloop
  endfacet
  facet normal 0.455313 -0.169991 0.873953
    outer loop
      vertex 15.4525 -8.10749 3.08462
      vertex 14.7508 -9.98696 3.08462
      vertex 16.286 -8.54476 2.56533
    endloop
  endfacet
  facet normal 0.190002 -0.0536706 0.980316
    outer loop
      vertex 9.59333 -3.68613 5.14637
      vertex 9.2619 -4.85944 5.14637
      vertex 11.1159 -4.27118 4.81924
    endloop
  endfacet
  facet normal 0.371953 -0.395952 0.839567
    outer loop
      vertex 11.183 -17.2602 2.56533
      vertex 9.79348 -18.5655 2.56533
      vertex 10.2003 -19.3368 2.02134
    endloop
  endfacet
  facet normal 0.21977 -0.157261 0.962793
    outer loop
      vertex 10.1229 -10.523 4.44571
      vertex 9.25985 -11.7291 4.44571
      vertex 11.1689 -11.6103 4.02935
    endloop
  endfacet
  facet normal 0.177262 -0.188691 0.965906
    outer loop
      vertex 8.30763 -12.8223 4.44571
      vertex 7.27541 -13.792 4.44571
      vertex 8.02718 -15.2171 4.02935
    endloop
  endfacet
  facet normal 0.472709 -0.133509 0.871046
    outer loop
      vertex 16.8687 -6.48163 2.56533
      vertex 16.0055 -6.14994 3.08462
      vertex 16.286 -8.54476 2.56533
    endloop
  endfacet
  facet normal 0.199467 0.0233638 0.979626
    outer loop
      vertex 11.3929 2.87051 4.81924
      vertex 9.97673 1.24465 5.14637
      vertex 11.5602 1.4422 4.81924
    endloop
  endfacet
  facet normal 0.0920444 -0.0107796 0.995697
    outer loop
      vertex 4.7153 -0.588261 5.82019
      vertex 4.64707 -1.17086 5.82019
      vertex 6.53772 -0.815618 5.64926
    endloop
  endfacet
  facet normal 0.0593316 0.0117337 0.998169
    outer loop
      vertex 4.64707 1.17086 5.82019
      vertex 2.73804 1.05206 5.93506
      vertex 2.80627 0.707054 5.93506
    endloop
  endfacet
  facet normal -0.177263 0.188691 0.965906
    outer loop
      vertex -8.02718 15.2171 4.02935
      vertex -9.16606 14.1472 4.02935
      vertex -8.30763 12.8223 4.44571
    endloop
  endfacet
  facet normal -0.406924 0.0804765 0.90991
    outer loop
      vertex -14.9881 5.75902 3.57419
      vertex -16.0055 6.14994 3.08462
      vertex -15.3616 3.87044 3.57419
    endloop
  endfacet
  facet normal 0.0478931 0.0630844 0.996858
    outer loop
      vertex 3.09677 7.33862 5.64926
      vertex 2.23353 5.29295 5.82019
      vertex 3.64974 6.91881 5.64926
    endloop
  endfacet
  facet normal 0.126427 -0.0049026 0.991964
    outer loop
      vertex 8.33732 0 5.42393
      vertex 6.53772 -0.815618 5.64926
      vertex 8.29718 -1.03512 5.42393
    endloop
  endfacet
  facet normal 0.456216 0.326428 0.827835
    outer loop
      vertex 14.1926 14.7535 2.02134
      vertex 12.9826 16.4446 2.02134
      vertex 13.6265 14.1651 2.56533
    endloop
  endfacet
  facet normal 0.125216 0.0146647 0.992021
    outer loop
      vertex 8.17712 2.06027 5.42393
      vertex 6.44312 1.62338 5.64926
      vertex 8.29718 1.03512 5.42393
    endloop
  endfacet
  facet normal 0.122808 -0.0242846 0.992133
    outer loop
      vertex 6.44312 -1.62338 5.64926
      vertex 6.28648 -2.41551 5.64926
      vertex 7.97832 -3.06558 5.42393
    endloop
  endfacet
  facet normal 0.416363 0.362708 0.833718
    outer loop
      vertex 12.9826 16.4446 2.02134
      vertex 11.6475 17.9772 2.02134
      vertex 12.4647 15.7887 2.56533
    endloop
  endfacet
  facet normal 0.709039 0.415159 0.570005
    outer loop
      vertex 14.9106 15.4999 0.880383
      vertex 14.622 15.1999 1.45788
      vertex 16.0382 13.5741 0.880383
    endloop
  endfacet
  facet normal 0.945709 -0.11077 0.305557
    outer loop
      vertex 19.1961 -2.39482 0.880383
      vertex 18.9183 -4.76657 0.880383
      vertex 19.3827 -2.41811 0.294406
    endloop
  endfacet
  facet normal 0.945666 -0.110724 0.305704
    outer loop
      vertex 19.3827 -2.41811 0.294406
      vertex 18.9183 -4.76657 0.880383
      vertex 19.1023 -4.81293 0.294406
    endloop
  endfacet
  facet normal 0.472709 0.133509 0.871046
    outer loop
      vertex 16.286 8.54476 2.56533
      vertex 16.0055 6.14994 3.08462
      vertex 16.8687 6.48163 2.56533
    endloop
  endfacet
  facet normal 0.706304 0.0826908 0.703063
    outer loop
      vertex 18.5522 4.67432 1.45788
      vertex 18.2717 2.2795 2.02134
      vertex 18.8245 2.34847 1.45788
    endloop
  endfacet
  facet normal -0.0610886 -0.00236873 0.99813
    outer loop
      vertex -2.84747 -0.355237 5.93506
      vertex -4.73811 0 5.82019
      vertex -4.7153 -0.588261 5.82019
    endloop
  endfacet
  facet normal -0.0929367 -0.00360365 0.995665
    outer loop
      vertex -4.73811 0 5.82019
      vertex -6.53772 -0.815618 5.64926
      vertex -4.7153 -0.588261 5.82019
    endloop
  endfacet
  facet normal -0.591167 -0.0692217 0.803573
    outer loop
      vertex -17.5429 -2.18858 2.56533
      vertex -18.2717 -2.2795 2.02134
      vertex -17.2891 -4.35608 2.56533
    endloop
  endfacet
  facet normal -0.414456 0.0485479 0.908773
    outer loop
      vertex -16.4043 4.13316 3.08462
      vertex -16.6452 2.07658 3.08462
      vertex -15.3616 3.87044 3.57419
    endloop
  endfacet
  facet normal -0.485716 0.0960459 0.868824
    outer loop
      vertex -16.0055 6.14994 3.08462
      vertex -17.2891 4.35608 2.56533
      vertex -16.4043 4.13316 3.08462
    endloop
  endfacet
  facet normal -0.591167 0.0692217 0.803573
    outer loop
      vertex -17.2891 4.35608 2.56533
      vertex -18.2717 2.2795 2.02134
      vertex -17.5429 2.18858 2.56533
    endloop
  endfacet
  facet normal -0.951734 -0.0369183 0.304697
    outer loop
      vertex -19.2889 0 0.880383
      vertex -19.4765 0 0.294406
      vertex -19.3827 -2.41811 0.294406
    endloop
  endfacet
  facet normal -0.521164 0.246618 0.817048
    outer loop
      vertex -15.2659 12.9204 2.02134
      vertex -16.1922 10.9629 2.02134
      vertex -15.5463 10.5256 2.56533
    endloop
  endfacet
  facet normal -0.803147 0.226869 0.550895
    outer loop
      vertex -17.8207 9.34997 0.880383
      vertex -18.4584 7.09243 0.880383
      vertex -17.4757 9.16901 1.45788
    endloop
  endfacet
  facet normal -0.54618 -0.203959 0.812458
    outer loop
      vertex -15.5463 -10.5256 2.56533
      vertex -16.286 -8.54476 2.56533
      vertex -16.1922 -10.9629 2.02134
    endloop
  endfacet
  facet normal -0.347819 -0.0407263 0.936677
    outer loop
      vertex -14.379 -1.79386 4.02935
      vertex -15.5871 -1.94458 3.57419
      vertex -15.3616 -3.87044 3.57419
    endloop
  endfacet
  facet normal -0.498821 -0.0193504 0.866489
    outer loop
      vertex -16.6452 -2.07658 3.08462
      vertex -17.6278 0 2.56533
      vertex -17.5429 -2.18858 2.56533
    endloop
  endfacet
  facet normal -0.678301 -0.191605 0.709363
    outer loop
      vertex -16.9625 -8.89974 2.02134
      vertex -17.5695 -6.7509 2.02134
      vertex -17.4757 -9.16901 1.45788
    endloop
  endfacet
  facet normal -0.936838 -0.349763 0
    outer loop
      vertex -17.1768 -11.6295 0
      vertex -17.9939 -9.4409 0.294406
      vertex -17.9939 -9.4409 0
    endloop
  endfacet
  facet normal -0.936838 -0.349763 0
    outer loop
      vertex -17.9939 -9.4409 0.294406
      vertex -17.1768 -11.6295 0
      vertex -17.1768 -11.6295 0.294406
    endloop
  endfacet
  facet normal -0.856631 -0.405323 0.319213
    outer loop
      vertex -16.0382 -13.5741 0.880383
      vertex -17.0113 -11.5175 0.880383
      vertex -16.1941 -13.7061 0.294406
    endloop
  endfacet
  facet normal -0.684686 -0.728838 0
    outer loop
      vertex -12.3558 -19.0704 0
      vertex -10.8206 -20.5126 0.294406
      vertex -12.3558 -19.0704 0.294406
    endloop
  endfacet
  facet normal -0.684686 -0.728838 -0
    outer loop
      vertex -10.8206 -20.5126 0.294406
      vertex -12.3558 -19.0704 0
      vertex -10.8206 -20.5126 0
    endloop
  endfacet
  facet normal -0.663555 -0.474795 0.578156
    outer loop
      vertex -13.3754 -16.9421 1.45788
      vertex -14.622 -15.1999 1.45788
      vertex -13.6393 -17.2765 0.880383
    endloop
  endfacet
  facet normal -0.055297 0.0206469 0.998256
    outer loop
      vertex -2.52339 1.70846 5.93506
      vertex -4.37745 2.29672 5.82019
      vertex -2.64344 1.38694 5.93506
    endloop
  endfacet
  facet normal -0.122807 -0.0242851 0.992133
    outer loop
      vertex -6.44312 -1.62338 5.64926
      vertex -8.17712 -2.06027 5.42393
      vertex -7.97832 -3.06558 5.42393
    endloop
  endfacet
  facet normal 0.043919 -0.233685 0.97132
    outer loop
      vertex 2.55479 -16.2688 4.44571
      vertex 1.4162 -18.2134 4.02935
      vertex 2.81877 -17.9498 4.02935
    endloop
  endfacet
  facet normal 0.0396619 -0.125014 0.991362
    outer loop
      vertex 2.4202 -10.1059 5.42393
      vertex 1.62653 -10.3577 5.42393
      vertex 1.95578 -12.4543 5.14637
    endloop
  endfacet
  facet normal 0.00622321 -0.10011 0.994957
    outer loop
      vertex 0.643909 -8.28111 5.64926
      vertex 0 -10.5606 5.42393
      vertex 0.817201 -10.5098 5.42393
    endloop
  endfacet
  facet normal -0.00898103 -0.0477962 0.998817
    outer loop
      vertex -0.280451 -3.60679 5.93506
      vertex -0.558201 -3.5546 5.93506
      vertex -0.464416 -5.97271 5.82019
    endloop
  endfacet
  facet normal -0.416363 -0.362708 0.833718
    outer loop
      vertex -12.4647 -15.7887 2.56533
      vertex -12.9826 -16.4446 2.02134
      vertex -11.6475 -17.9772 2.02134
    endloop
  endfacet
  facet normal -0.414456 -0.0485479 0.908773
    outer loop
      vertex -15.3616 -3.87044 3.57419
      vertex -16.6452 -2.07658 3.08462
      vertex -16.4043 -4.13316 3.08462
    endloop
  endfacet
  facet normal -0.0873241 -0.275223 0.957406
    outer loop
      vertex -2.81877 -17.9498 4.02935
      vertex -4.19419 -17.5134 4.02935
      vertex -3.05561 -19.458 3.57419
    endloop
  endfacet
  facet normal -0.199467 -0.0233638 0.979626
    outer loop
      vertex -9.97673 -1.24465 5.14637
      vertex -11.5602 -1.4422 4.81924
      vertex -11.3929 -2.87051 4.81924
    endloop
  endfacet
  facet normal -0.378079 -0.270509 0.885371
    outer loop
      vertex -12.9291 -13.4402 3.08462
      vertex -13.6265 -14.1651 2.56533
      vertex -11.8269 -14.9807 3.08462
    endloop
  endfacet
  facet normal -0.0726607 -0.229024 0.970705
    outer loop
      vertex -3.80139 -15.8733 4.44571
      vertex -4.19419 -17.5134 4.02935
      vertex -2.55479 -16.2688 4.44571
    endloop
  endfacet
  facet normal 0.513914 -0.857841 0
    outer loop
      vertex 7.45334 -22.7923 0
      vertex 9.18116 -21.7572 0.294406
      vertex 7.45334 -22.7923 0.294406
    endloop
  endfacet
  facet normal 0.513914 -0.857841 0
    outer loop
      vertex 9.18116 -21.7572 0.294406
      vertex 7.45334 -22.7923 0
      vertex 9.18116 -21.7572 0
    endloop
  endfacet
  facet normal 0.914782 -0.258404 0.310485
    outer loop
      vertex 18.4584 -7.09243 0.880383
      vertex 17.8207 -9.34997 0.880383
      vertex 17.9939 -9.4409 0.294406
    endloop
  endfacet
  facet normal 0.889312 -0.332087 0.314391
    outer loop
      vertex 17.8207 -9.34997 0.880383
      vertex 17.0113 -11.5175 0.880383
      vertex 17.9939 -9.4409 0.294406
    endloop
  endfacet
  facet normal -0.263385 0.58119 0.769965
    outer loop
      vertex -5.49091 22.9281 1.45788
      vertex -7.02611 21.4859 2.02134
      vertex -5.32966 22.2547 2.02134
    endloop
  endfacet
  facet normal -0.331681 0.553649 0.763846
    outer loop
      vertex -7.23869 22.1359 1.45788
      vertex -8.91676 21.1306 1.45788
      vertex -8.65489 20.5101 2.02134
    endloop
  endfacet
  facet normal 0.60466 0.796484 -0
    outer loop
      vertex 10.8206 20.5126 0
      vertex 9.18116 21.7572 0.294406
      vertex 10.8206 20.5126 0.294406
    endloop
  endfacet
  facet normal 0.60466 0.796484 0
    outer loop
      vertex 9.18116 21.7572 0.294406
      vertex 10.8206 20.5126 0
      vertex 9.18116 21.7572 0
    endloop
  endfacet
  facet normal 0.270411 0.451355 0.850386
    outer loop
      vertex 8.65489 20.5101 2.02134
      vertex 6.74586 20.6289 2.56533
      vertex 8.30968 19.692 2.56533
    endloop
  endfacet
  facet normal -0.171345 0.911773 0.373244
    outer loop
      vertex -1.90903 24.5515 0.294406
      vertex -3.79968 24.1962 0.294406
      vertex -3.76309 23.9632 0.880383
    endloop
  endfacet
  facet normal 0.455313 0.169991 0.873953
    outer loop
      vertex 16.286 8.54476 2.56533
      vertex 14.7508 9.98696 3.08462
      vertex 15.4525 8.10749 3.08462
    endloop
  endfacet
  facet normal 0.839308 -0.0325578 0.54268
    outer loop
      vertex 18.9156 0 1.45788
      vertex 18.8245 -2.34847 1.45788
      vertex 19.1961 -2.39482 0.880383
    endloop
  endfacet
  facet normal 0.839374 -0.032526 0.54258
    outer loop
      vertex 19.2889 0 0.880383
      vertex 18.9156 0 1.45788
      vertex 19.1961 -2.39482 0.880383
    endloop
  endfacet
  facet normal 0.319053 -0.119126 0.94022
    outer loop
      vertex 13.3487 -7.00368 4.02935
      vertex 12.7425 -8.62726 4.02935
      vertex 14.4703 -7.59214 3.57419
    endloop
  endfacet
  facet normal 0.592788 -0.347085 0.726728
    outer loop
      vertex 15.7278 -13.3113 1.45788
      vertex 14.1926 -14.7535 2.02134
      vertex 14.622 -15.1999 1.45788
    endloop
  endfacet
  facet normal 0.552331 -0.395211 0.733988
    outer loop
      vertex 14.622 -15.1999 1.45788
      vertex 12.9826 -16.4446 2.02134
      vertex 13.3754 -16.9421 1.45788
    endloop
  endfacet
  facet normal 0.591167 0.0692217 0.803573
    outer loop
      vertex 18.2717 2.2795 2.02134
      vertex 17.2891 4.35608 2.56533
      vertex 17.5429 2.18858 2.56533
    endloop
  endfacet
  facet normal 0.91473 -0.258427 0.310618
    outer loop
      vertex 18.4584 -7.09243 0.880383
      vertex 17.9939 -9.4409 0.294406
      vertex 18.6379 -7.16139 0.294406
    endloop
  endfacet
  facet normal 0.0314567 -0.505598 0.862196
    outer loop
      vertex 1.72783 -22.221 2.56533
      vertex 0 -22.3285 2.56533
      vertex 1.79961 -23.1442 2.02134
    endloop
  endfacet
  facet normal 0.0146825 -0.23602 0.971637
    outer loop
      vertex 1.28357 -16.5076 4.44571
      vertex 0 -18.3015 4.02935
      vertex 1.4162 -18.2134 4.02935
    endloop
  endfacet
  facet normal 0.155149 -0.488941 0.858409
    outer loop
      vertex 5.11708 -21.3671 2.56533
      vertex 3.58188 -22.8093 2.02134
      vertex 5.32966 -22.2547 2.02134
    endloop
  endfacet
  facet normal 0.306894 -0.326695 0.893916
    outer loop
      vertex 11.183 -17.2602 2.56533
      vertex 9.2923 -17.6154 3.08462
      vertex 9.79348 -18.5655 2.56533
    endloop
  endfacet
  facet normal 0.147007 -0.0548926 0.987611
    outer loop
      vertex 9.2619 -4.85944 5.14637
      vertex 7.35286 -4.97824 5.42393
      vertex 8.84126 -5.98595 5.14637
    endloop
  endfacet
  facet normal 0.341375 -0.067513 0.937499
    outer loop
      vertex 15.3616 -3.87044 3.57419
      vertex 13.8264 -5.31264 4.02935
      vertex 14.9881 -5.75902 3.57419
    endloop
  endfacet
  facet normal 0.0902688 -0.0178502 0.995757
    outer loop
      vertex 6.44312 -1.62338 5.64926
      vertex 4.64707 -1.17086 5.82019
      vertex 6.28648 -2.41551 5.64926
    endloop
  endfacet
  facet normal 0.27773 -0.078445 0.957451
    outer loop
      vertex 12.5315 -4.8151 4.44571
      vertex 12.0986 -6.34776 4.44571
      vertex 13.3487 -7.00368 4.02935
    endloop
  endfacet
  facet normal 0.147007 -0.0548913 0.987611
    outer loop
      vertex 7.70268 -4.04137 5.42393
      vertex 7.35286 -4.97824 5.42393
      vertex 9.2619 -4.85944 5.14637
    endloop
  endfacet
  facet normal 0.344355 -0.299939 0.889638
    outer loop
      vertex 11.8269 -14.9807 3.08462
      vertex 11.183 -17.2602 2.56533
      vertex 12.4647 -15.7887 2.56533
    endloop
  endfacet
  facet normal 0.237911 0.04705 0.970147
    outer loop
      vertex 12.5315 4.8151 4.44571
      vertex 11.1159 4.27118 4.81924
      vertex 11.3929 2.87051 4.81924
    endloop
  endfacet
  facet normal 0.201381 -0.00780997 0.979482
    outer loop
      vertex 10.025 0 5.14637
      vertex 9.97673 -1.24465 5.14637
      vertex 11.6161 0 4.81924
    endloop
  endfacet
  facet normal 0.135971 0.118436 0.983608
    outer loop
      vertex 7.3692 11.3739 4.81924
      vertex 6.35979 9.81595 5.14637
      vertex 8.21385 10.4042 4.81924
    endloop
  endfacet
  facet normal 0.0294171 0.00581765 0.99955
    outer loop
      vertex 2.73804 1.05206 5.93506
      vertex 0.938435 0.236444 5.99277
      vertex 2.80627 0.707054 5.93506
    endloop
  endfacet
  facet normal 0.395703 0.111784 0.91155
    outer loop
      vertex 15.4525 8.10749 3.08462
      vertex 14.4703 7.59214 3.57419
      vertex 16.0055 6.14994 3.08462
    endloop
  endfacet
  facet normal 0.122808 0.0242846 0.992133
    outer loop
      vertex 7.97832 3.06558 5.42393
      vertex 6.28648 2.41551 5.64926
      vertex 6.44312 1.62338 5.64926
    endloop
  endfacet
  facet normal 0.0314601 0.0414375 0.998646
    outer loop
      vertex 2.63235 4.99016 5.82019
      vertex 1.34878 3.1963 5.93506
      vertex 1.58962 3.01345 5.93506
    endloop
  endfacet
  facet normal -0.0180676 0.0192317 0.999652
    outer loop
      vertex -0.53158 1.00772 5.99277
      vertex -1.81515 2.80158 5.93506
      vertex -0.606999 0.936866 5.99277
    endloop
  endfacet
  facet normal -0.153061 -0.0432366 0.98727
    outer loop
      vertex -7.97832 -3.06558 5.42393
      vertex -9.2619 -4.85944 5.14637
      vertex -7.70268 -4.04137 5.42393
    endloop
  endfacet
  facet normal -0.0121691 0.195493 0.98063
    outer loop
      vertex 0 16.5875 4.44571
      vertex -1.28357 16.5076 4.44571
      vertex 0 14.7138 4.81924
    endloop
  endfacet
  facet normal -0.115967 0.617213 0.778203
    outer loop
      vertex -1.85405 23.8444 1.45788
      vertex -3.69025 23.4994 1.45788
      vertex -1.79961 23.1442 2.02134
    endloop
  endfacet
  facet normal 0.153215 0.255722 0.954532
    outer loop
      vertex 7.38327 17.4966 3.57419
      vertex 5.9938 18.3291 3.57419
      vertex 6.811 16.1405 4.02935
    endloop
  endfacet
  facet normal 0.105779 0.176563 0.978589
    outer loop
      vertex 6.17313 14.6289 4.44571
      vertex 5.01139 15.3249 4.44571
      vertex 5.47581 12.9764 4.81924
    endloop
  endfacet
  facet normal -0.165636 0.144276 0.975576
    outer loop
      vertex -8.30763 12.8223 4.44571
      vertex -9.25985 11.7291 4.44571
      vertex -7.3692 11.3739 4.81924
    endloop
  endfacet
  facet normal 0.266086 0.350465 0.897983
    outer loop
      vertex 8.30968 19.692 2.56533
      vertex 7.88444 18.6843 3.08462
      vertex 9.2923 17.6154 3.08462
    endloop
  endfacet
  facet normal 0.153217 0.201803 0.967368
    outer loop
      vertex 8.02718 15.2171 4.02935
      vertex 6.17313 14.6289 4.44571
      vertex 7.27541 13.792 4.44571
    endloop
  endfacet
  facet normal 0.331764 0.0937196 0.938696
    outer loop
      vertex 14.4703 7.59214 3.57419
      vertex 13.3487 7.00368 4.02935
      vertex 13.8264 5.31264 4.02935
    endloop
  endfacet
  facet normal 0.494463 0.0578983 0.867268
    outer loop
      vertex 17.2891 4.35608 2.56533
      vertex 16.6452 2.07658 3.08462
      vertex 17.5429 2.18858 2.56533
    endloop
  endfacet
  facet normal 0.494422 0.0579148 0.86729
    outer loop
      vertex 17.2891 4.35608 2.56533
      vertex 16.4043 4.13316 3.08462
      vertex 16.6452 2.07658 3.08462
    endloop
  endfacet
  facet normal 0.263173 0.188303 0.946194
    outer loop
      vertex 12.1073 12.5859 3.57419
      vertex 10.2167 12.9411 4.02935
      vertex 11.1689 11.6103 4.02935
    endloop
  endfacet
  facet normal 0.303315 0.143525 0.942019
    outer loop
      vertex 13.0229 11.0221 3.57419
      vertex 12.7425 8.62726 4.02935
      vertex 13.8131 9.35215 3.57419
    endloop
  endfacet
  facet normal 0.13597 0.118438 0.983608
    outer loop
      vertex 8.21385 10.4042 4.81924
      vertex 6.35979 9.81595 5.14637
      vertex 7.08875 8.97908 5.14637
    endloop
  endfacet
  facet normal 0.340299 0.199244 0.918966
    outer loop
      vertex 13.9069 11.7703 3.08462
      vertex 12.1073 12.5859 3.57419
      vertex 13.0229 11.0221 3.57419
    endloop
  endfacet
  facet normal 0.416439 0.362725 0.833672
    outer loop
      vertex 11.6475 17.9772 2.02134
      vertex 11.183 17.2602 2.56533
      vertex 12.4647 15.7887 2.56533
    endloop
  endfacet
  facet normal 0.889265 0.332001 0.314616
    outer loop
      vertex 17.1768 11.6295 0.294406
      vertex 17.0113 11.5175 0.880383
      vertex 17.9939 9.4409 0.294406
    endloop
  endfacet
  facet normal 0.655708 0.244812 0.714222
    outer loop
      vertex 16.6821 11.2946 1.45788
      vertex 16.1922 10.9629 2.02134
      vertex 17.4757 9.16901 1.45788
    endloop
  endfacet
  facet normal 0.914782 0.258404 0.310485
    outer loop
      vertex 17.9939 9.4409 0.294406
      vertex 17.8207 9.34997 0.880383
      vertex 18.4584 7.09243 0.880383
    endloop
  endfacet
  facet normal -0.709039 0.415159 0.570005
    outer loop
      vertex -14.9106 15.4999 0.880383
      vertex -16.0382 13.5741 0.880383
      vertex -14.622 15.1999 1.45788
    endloop
  endfacet
  facet normal -0.695112 0.137462 0.705637
    outer loop
      vertex -17.5695 6.7509 2.02134
      vertex -18.1011 6.95515 1.45788
      vertex -18.0073 4.53705 2.02134
    endloop
  endfacet
  facet normal -0.747309 0.353596 0.562583
    outer loop
      vertex -16.0382 13.5741 0.880383
      vertex -17.0113 11.5175 0.880383
      vertex -15.7278 13.3113 1.45788
    endloop
  endfacet
  facet normal -0.862946 0.505297 0
    outer loop
      vertex -16.1941 13.7061 0
      vertex -15.0555 15.6506 0.294406
      vertex -15.0555 15.6506 0
    endloop
  endfacet
  facet normal -0.862946 0.505297 0
    outer loop
      vertex -15.0555 15.6506 0.294406
      vertex -16.1941 13.7061 0
      vertex -16.1941 13.7061 0.294406
    endloop
  endfacet
  facet normal -0.418202 -0.0162119 0.908209
    outer loop
      vertex -15.6625 0 3.57419
      vertex -16.7257 0 3.08462
      vertex -16.6452 -2.07658 3.08462
    endloop
  endfacet
  facet normal -0.418196 0.0162153 0.908212
    outer loop
      vertex -15.5871 1.94458 3.57419
      vertex -16.6452 2.07658 3.08462
      vertex -15.6625 0 3.57419
    endloop
  endfacet
  facet normal -0.291318 -0.0341035 0.956018
    outer loop
      vertex -13.0323 -1.62586 4.44571
      vertex -14.379 -1.79386 4.02935
      vertex -12.8438 -3.23606 4.44571
    endloop
  endfacet
  facet normal -0.347795 -0.0407391 0.936685
    outer loop
      vertex -14.379 -1.79386 4.02935
      vertex -15.3616 -3.87044 3.57419
      vertex -14.1709 -3.57044 4.02935
    endloop
  endfacet
  facet normal -0.695076 0.137471 0.705671
    outer loop
      vertex -18.1011 6.95515 1.45788
      vertex -18.5522 4.67432 1.45788
      vertex -18.0073 4.53705 2.02134
    endloop
  endfacet
  facet normal -0.706304 0.0826908 0.703063
    outer loop
      vertex -18.5522 4.67432 1.45788
      vertex -18.8245 2.34847 1.45788
      vertex -18.2717 2.2795 2.02134
    endloop
  endfacet
  facet normal -0.414431 0.0485259 0.908786
    outer loop
      vertex -15.3616 3.87044 3.57419
      vertex -16.6452 2.07658 3.08462
      vertex -15.5871 1.94458 3.57419
    endloop
  endfacet
  facet normal -0.182515 0.0681514 0.980838
    outer loop
      vertex -10.2445 6.93602 4.81924
      vertex -10.7319 5.63072 4.81924
      vertex -9.2619 4.85944 5.14637
    endloop
  endfacet
  facet normal -0.951781 0.0368818 0.304553
    outer loop
      vertex -19.1961 2.39482 0.880383
      vertex -19.3827 2.41811 0.294406
      vertex -19.2889 0 0.880383
    endloop
  endfacet
  facet normal -0.711863 0.027614 0.701775
    outer loop
      vertex -18.8245 2.34847 1.45788
      vertex -18.9156 0 1.45788
      vertex -18.2717 2.2795 2.02134
    endloop
  endfacet
  facet normal -0.889265 0.332001 0.314616
    outer loop
      vertex -17.1768 11.6295 0.294406
      vertex -17.9939 9.4409 0.294406
      vertex -17.0113 11.5175 0.880383
    endloop
  endfacet
  facet normal -0.933426 0.184569 0.307653
    outer loop
      vertex -18.6379 7.16139 0.294406
      vertex -18.9183 4.76657 0.880383
      vertex -18.4584 7.09243 0.880383
    endloop
  endfacet
  facet normal -0.91473 0.258427 0.310618
    outer loop
      vertex -17.9939 9.4409 0.294406
      vertex -18.6379 7.16139 0.294406
      vertex -18.4584 7.09243 0.880383
    endloop
  endfacet
  facet normal -0.821366 0.162411 0.546791
    outer loop
      vertex -18.4584 7.09243 0.880383
      vertex -18.9183 4.76657 0.880383
      vertex -18.1011 6.95515 1.45788
    endloop
  endfacet
  facet normal -0.862946 -0.505297 0
    outer loop
      vertex -15.0555 -15.6506 0
      vertex -16.1941 -13.7061 0.294406
      vertex -16.1941 -13.7061 0
    endloop
  endfacet
  facet normal -0.862946 -0.505297 0
    outer loop
      vertex -16.1941 -13.7061 0.294406
      vertex -15.0555 -15.6506 0
      vertex -15.0555 -15.6506 0.294406
    endloop
  endfacet
  facet normal -0.591193 -0.0692394 0.803553
    outer loop
      vertex -17.2891 -4.35608 2.56533
      vertex -18.2717 -2.2795 2.02134
      vertex -18.0073 -4.53705 2.02134
    endloop
  endfacet
  facet normal -0.821366 -0.162411 0.546791
    outer loop
      vertex -18.1011 -6.95515 1.45788
      vertex -18.9183 -4.76657 0.880383
      vertex -18.4584 -7.09243 0.880383
    endloop
  endfacet
  facet normal -0.933426 -0.184569 0.307653
    outer loop
      vertex -18.4584 -7.09243 0.880383
      vertex -18.9183 -4.76657 0.880383
      vertex -18.6379 -7.16139 0.294406
    endloop
  endfacet
  facet normal -0.521164 -0.246618 0.817048
    outer loop
      vertex -15.5463 -10.5256 2.56533
      vertex -16.1922 -10.9629 2.02134
      vertex -15.2659 -12.9204 2.02134
    endloop
  endfacet
  facet normal -0.314955 -0.225355 0.921964
    outer loop
      vertex -11.0751 -14.0285 3.57419
      vertex -12.1073 -12.5859 3.57419
      vertex -11.8269 -14.9807 3.08462
    endloop
  endfacet
  facet normal -0.914782 -0.258404 0.310485
    outer loop
      vertex -17.8207 -9.34997 0.880383
      vertex -18.4584 -7.09243 0.880383
      vertex -17.9939 -9.4409 0.294406
    endloop
  endfacet
  facet normal -0.642657 -0.684098 0.344967
    outer loop
      vertex -10.7164 -20.315 0.880383
      vertex -12.3558 -19.0704 0.294406
      vertex -10.8206 -20.5126 0.294406
    endloop
  endfacet
  facet normal -0.709034 -0.415148 0.57002
    outer loop
      vertex -15.7278 -13.3113 1.45788
      vertex -16.0382 -13.5741 0.880383
      vertex -14.622 -15.1999 1.45788
    endloop
  endfacet
  facet normal -0.27041 -0.451362 0.850383
    outer loop
      vertex -6.74586 -20.6289 2.56533
      vertex -8.65489 -20.5101 2.02134
      vertex -7.02611 -21.4859 2.02134
    endloop
  endfacet
  facet normal -0.0129673 0.021646 0.999682
    outer loop
      vertex -1.09495 3.34836 5.93506
      vertex -1.34878 3.1963 5.93506
      vertex -0.366158 1.11972 5.99277
    endloop
  endfacet
  facet normal -0.0186275 -0.0991401 0.994899
    outer loop
      vertex -0.643909 -8.28111 5.64926
      vertex -1.28162 -8.16129 5.64926
      vertex -0.817201 -10.5098 5.42393
    endloop
  endfacet
  facet normal -0.0261648 -0.0436752 0.998703
    outer loop
      vertex -1.34878 -3.1963 5.93506
      vertex -2.23353 -5.29295 5.82019
      vertex -1.8132 -5.54476 5.82019
    endloop
  endfacet
  facet normal -0.319053 -0.119126 0.94022
    outer loop
      vertex -13.3487 -7.00368 4.02935
      vertex -14.4703 -7.59214 3.57419
      vertex -12.7425 -8.62726 4.02935
    endloop
  endfacet
  facet normal -0.0136749 -0.0727803 0.997254
    outer loop
      vertex -0.924359 -5.88629 5.82019
      vertex -1.28162 -8.16129 5.64926
      vertex -0.464416 -5.97271 5.82019
    endloop
  endfacet
  facet normal 0.135971 -0.118436 0.983608
    outer loop
      vertex 8.21385 -10.4042 4.81924
      vertex 6.35979 -9.81595 5.14637
      vertex 7.3692 -11.3739 4.81924
    endloop
  endfacet
  facet normal 0.149907 -0.107264 0.982864
    outer loop
      vertex 7.74943 -8.05574 5.14637
      vertex 7.08875 -8.97908 5.14637
      vertex 8.21385 -10.4042 4.81924
    endloop
  endfacet
  facet normal 0.0625439 -0.0544784 0.996554
    outer loop
      vertex 4.64523 -5.88396 5.64926
      vertex 3.00583 -4.63931 5.82019
      vertex 4.16755 -6.43236 5.64926
    endloop
  endfacet
  facet normal -0.212563 -0.226268 0.950589
    outer loop
      vertex -9.16606 -14.1472 4.02935
      vertex -9.93621 -15.3359 3.57419
      vertex -8.02718 -15.2171 4.02935
    endloop
  endfacet
  facet normal -0.566252 -0.159954 0.808563
    outer loop
      vertex -16.286 -8.54476 2.56533
      vertex -17.5695 -6.7509 2.02134
      vertex -16.9625 -8.89974 2.02134
    endloop
  endfacet
  facet normal -0.663501 -0.474788 0.578224
    outer loop
      vertex -14.622 -15.1999 1.45788
      vertex -14.9106 -15.4999 0.880383
      vertex -13.6393 -17.2765 0.880383
    endloop
  endfacet
  facet normal -0.378093 -0.270552 0.885351
    outer loop
      vertex -11.8269 -14.9807 3.08462
      vertex -13.6265 -14.1651 2.56533
      vertex -12.4647 -15.7887 2.56533
    endloop
  endfacet
  facet normal -0.0176538 -0.283783 0.958726
    outer loop
      vertex -1.4162 -18.2134 4.02935
      vertex -1.5352 -19.7437 3.57419
      vertex 0 -18.3015 4.02935
    endloop
  endfacet
  facet normal -0.155118 -0.488915 0.858429
    outer loop
      vertex -3.43901 -21.8995 2.56533
      vertex -5.11708 -21.3671 2.56533
      vertex -3.58188 -22.8093 2.02134
    endloop
  endfacet
  facet normal -0.120702 -0.128482 0.984339
    outer loop
      vertex -6.35979 -9.81595 5.14637
      vertex -7.3692 -11.3739 4.81924
      vertex -5.56959 -10.5583 5.14637
    endloop
  endfacet
  facet normal -0.331681 -0.553649 0.763846
    outer loop
      vertex -8.65489 -20.5101 2.02134
      vertex -8.91676 -21.1306 1.45788
      vertex -7.23869 -22.1359 1.45788
    endloop
  endfacet
  facet normal -0.453314 -0.482573 0.749419
    outer loop
      vertex -11.6475 -17.9772 2.02134
      vertex -11.9999 -18.5212 1.45788
      vertex -10.5089 -19.9218 1.45788
    endloop
  endfacet
  facet normal -0.479709 -0.800768 0.358678
    outer loop
      vertex -9.09274 -21.5477 0.880383
      vertex -9.18116 -21.7572 0.294406
      vertex -7.38156 -22.5728 0.880383
    endloop
  endfacet
  facet normal -0.302398 -0.953182 0
    outer loop
      vertex -5.65373 -23.608 0
      vertex -3.79968 -24.1962 0.294406
      vertex -5.65373 -23.608 0.294406
    endloop
  endfacet
  facet normal -0.302398 -0.953182 -0
    outer loop
      vertex -3.79968 -24.1962 0.294406
      vertex -5.65373 -23.608 0
      vertex -3.79968 -24.1962 0
    endloop
  endfacet
  facet normal 0.565954 -0.745499 0.352033
    outer loop
      vertex 10.7164 -20.315 0.880383
      vertex 9.18116 -21.7572 0.294406
      vertex 10.8206 -20.5126 0.294406
    endloop
  endfacet
  facet normal 0.933426 -0.184569 0.307653
    outer loop
      vertex 18.9183 -4.76657 0.880383
      vertex 18.4584 -7.09243 0.880383
      vertex 18.6379 -7.16139 0.294406
    endloop
  endfacet
  facet normal 0.833352 -0.097565 0.544064
    outer loop
      vertex 18.8245 -2.34847 1.45788
      vertex 18.5522 -4.67432 1.45788
      vertex 19.1961 -2.39482 0.880383
    endloop
  endfacet
  facet normal 0.936838 -0.349763 0
    outer loop
      vertex 17.1768 -11.6295 0.294406
      vertex 17.9939 -9.4409 0
      vertex 17.9939 -9.4409 0.294406
    endloop
  endfacet
  facet normal 0.936838 -0.349763 0
    outer loop
      vertex 17.9939 -9.4409 0
      vertex 17.1768 -11.6295 0.294406
      vertex 17.1768 -11.6295 0
    endloop
  endfacet
  facet normal -0.0146923 0.236027 0.971635
    outer loop
      vertex 0 18.3015 4.02935
      vertex -1.28357 16.5076 4.44571
      vertex 0 16.5875 4.44571
    endloop
  endfacet
  facet normal 0.0527872 0.280918 0.958279
    outer loop
      vertex 1.5352 19.7437 3.57419
      vertex 1.4162 18.2134 4.02935
      vertex 3.05561 19.458 3.57419
    endloop
  endfacet
  facet normal -0.263453 0.581239 0.769905
    outer loop
      vertex -5.49091 22.9281 1.45788
      vertex -7.23869 22.1359 1.45788
      vertex -7.02611 21.4859 2.02134
    endloop
  endfacet
  facet normal -0.280973 0.885649 0.369702
    outer loop
      vertex -3.79968 24.1962 0.294406
      vertex -5.65373 23.608 0.294406
      vertex -3.76309 23.9632 0.880383
    endloop
  endfacet
  facet normal 0.182545 -0.130618 0.974482
    outer loop
      vertex 8.97939 -9.33432 4.81924
      vertex 8.21385 -10.4042 4.81924
      vertex 9.25985 -11.7291 4.44571
    endloop
  endfacet
  facet normal 0.581219 -0.114939 0.805589
    outer loop
      vertex 18.0073 -4.53705 2.02134
      vertex 17.2891 -4.35608 2.56533
      vertex 17.5695 -6.7509 2.02134
    endloop
  endfacet
  facet normal 0.416439 -0.362725 0.833672
    outer loop
      vertex 12.4647 -15.7887 2.56533
      vertex 11.183 -17.2602 2.56533
      vertex 11.6475 -17.9772 2.02134
    endloop
  endfacet
  facet normal 0.521164 -0.246618 0.817048
    outer loop
      vertex 15.5463 -10.5256 2.56533
      vertex 15.2659 -12.9204 2.02134
      vertex 16.1922 -10.9629 2.02134
    endloop
  endfacet
  facet normal 0.981003 -0.19399 0
    outer loop
      vertex 18.6379 -7.16139 0.294406
      vertex 19.1023 -4.81293 0
      vertex 19.1023 -4.81293 0.294406
    endloop
  endfacet
  facet normal 0.981003 -0.19399 0
    outer loop
      vertex 19.1023 -4.81293 0
      vertex 18.6379 -7.16139 0.294406
      vertex 18.6379 -7.16139 0
    endloop
  endfacet
  facet normal 0.711863 0.027614 0.701775
    outer loop
      vertex 18.8245 2.34847 1.45788
      vertex 18.2717 2.2795 2.02134
      vertex 18.9156 0 1.45788
    endloop
  endfacet
  facet normal 0.505796 -0.440616 0.741638
    outer loop
      vertex 12.9826 -16.4446 2.02134
      vertex 11.6475 -17.9772 2.02134
      vertex 13.3754 -16.9421 1.45788
    endloop
  endfacet
  facet normal 0.2222 -0.370883 0.901706
    outer loop
      vertex 8.30968 -19.692 2.56533
      vertex 6.40065 -19.5732 3.08462
      vertex 6.74586 -20.6289 2.56533
    endloop
  endfacet
  facet normal 0.433741 -0.205252 0.877348
    outer loop
      vertex 14.7508 -9.98696 3.08462
      vertex 13.9069 -11.7703 3.08462
      vertex 15.5463 -10.5256 2.56533
    endloop
  endfacet
  facet normal 0.31906 -0.119139 0.940216
    outer loop
      vertex 14.4703 -7.59214 3.57419
      vertex 12.7425 -8.62726 4.02935
      vertex 13.8131 -9.35215 3.57419
    endloop
  endfacet
  facet normal 0.54618 -0.203959 0.812458
    outer loop
      vertex 16.286 -8.54476 2.56533
      vertex 15.5463 -10.5256 2.56533
      vertex 16.1922 -10.9629 2.02134
    endloop
  endfacet
  facet normal 0.407929 -0.238847 0.881218
    outer loop
      vertex 13.9069 -11.7703 3.08462
      vertex 13.6265 -14.1651 2.56533
      vertex 14.657 -12.4051 2.56533
    endloop
  endfacet
  facet normal 0.581183 -0.114949 0.805613
    outer loop
      vertex 17.2891 -4.35608 2.56533
      vertex 16.8687 -6.48163 2.56533
      vertex 17.5695 -6.7509 2.02134
    endloop
  endfacet
  facet normal 0.655712 -0.244816 0.714218
    outer loop
      vertex 16.9625 -8.89974 2.02134
      vertex 16.1922 -10.9629 2.02134
      vertex 17.4757 -9.16901 1.45788
    endloop
  endfacet
  facet normal 0.060209 -0.189737 0.979987
    outer loop
      vertex 3.37199 -14.0802 4.81924
      vertex 2.2662 -14.4311 4.81924
      vertex 2.55479 -16.2688 4.44571
    endloop
  endfacet
  facet normal 0.610508 -0.531793 0.58692
    outer loop
      vertex 13.3754 -16.9421 1.45788
      vertex 11.9999 -18.5212 1.45788
      vertex 13.6393 -17.2765 0.880383
    endloop
  endfacet
  facet normal -0.235742 -0.742991 0.626411
    outer loop
      vertex -5.49091 -22.9281 1.45788
      vertex -5.59928 -23.3806 0.880383
      vertex -3.76309 -23.9632 0.880383
    endloop
  endfacet
  facet normal 0.1912 -0.602553 0.774837
    outer loop
      vertex 5.32966 -22.2547 2.02134
      vertex 3.58188 -22.8093 2.02134
      vertex 5.49091 -22.9281 1.45788
    endloop
  endfacet
  facet normal 0.145378 -0.320766 0.935935
    outer loop
      vertex 5.9938 -18.3291 3.57419
      vertex 4.5466 -18.985 3.57419
      vertex 4.85522 -20.2736 3.08462
    endloop
  endfacet
  facet normal 0.153196 -0.255716 0.954537
    outer loop
      vertex 6.811 -16.1405 4.02935
      vertex 5.52922 -16.9084 4.02935
      vertex 5.9938 -18.3291 3.57419
    endloop
  endfacet
  facet normal 0.127594 -0.212976 0.96869
    outer loop
      vertex 6.17313 -14.6289 4.44571
      vertex 5.01139 -15.3249 4.44571
      vertex 6.811 -16.1405 4.02935
    endloop
  endfacet
  facet normal 0.0363615 -0.193566 0.980413
    outer loop
      vertex 2.55479 -16.2688 4.44571
      vertex 1.13858 -14.6429 4.81924
      vertex 1.28357 -16.5076 4.44571
    endloop
  endfacet
  facet normal 0.0601948 -0.189732 0.979989
    outer loop
      vertex 3.37199 -14.0802 4.81924
      vertex 2.55479 -16.2688 4.44571
      vertex 3.80139 -15.8733 4.44571
    endloop
  endfacet
  facet normal 0.120909 -0.266777 0.956144
    outer loop
      vertex 5.9938 -18.3291 3.57419
      vertex 4.19419 -17.5134 4.02935
      vertex 4.5466 -18.985 3.57419
    endloop
  endfacet
  facet normal 0.199472 0.0233589 0.979625
    outer loop
      vertex 11.3929 2.87051 4.81924
      vertex 9.83238 2.47732 5.14637
      vertex 9.97673 1.24465 5.14637
    endloop
  endfacet
  facet normal 0.291318 -0.0341035 0.956018
    outer loop
      vertex 13.0323 -1.62586 4.44571
      vertex 12.8438 -3.23606 4.44571
      vertex 14.379 -1.79386 4.02935
    endloop
  endfacet
  facet normal 0.222024 -0.0829078 0.97151
    outer loop
      vertex 12.0986 -6.34776 4.44571
      vertex 10.7319 -5.63072 4.81924
      vertex 11.5491 -7.8193 4.44571
    endloop
  endfacet
  facet normal 0.15765 -0.0311752 0.987003
    outer loop
      vertex 8.17712 -2.06027 5.42393
      vertex 7.97832 -3.06558 5.42393
      vertex 9.83238 -2.47732 5.14637
    endloop
  endfacet
  facet normal 0.294057 -0.0114124 0.95572
    outer loop
      vertex 13.0954 0 4.44571
      vertex 13.0323 -1.62586 4.44571
      vertex 14.379 -1.79386 4.02935
    endloop
  endfacet
  facet normal 0.266949 -0.0996838 0.958541
    outer loop
      vertex 12.0986 -6.34776 4.44571
      vertex 11.5491 -7.8193 4.44571
      vertex 13.3487 -7.00368 4.02935
    endloop
  endfacet
  facet normal 0.0970978 -0.103357 0.989894
    outer loop
      vertex 5.28914 -8.16346 5.42393
      vertex 4.63197 -8.78083 5.42393
      vertex 6.35979 -9.81595 5.14637
    endloop
  endfacet
  facet normal 0.11922 -0.0336772 0.992297
    outer loop
      vertex 7.97832 -3.06558 5.42393
      vertex 6.28648 -2.41551 5.64926
      vertex 7.70268 -4.04137 5.42393
    endloop
  endfacet
  facet normal 0.0299975 0.0035129 0.999544
    outer loop
      vertex 2.80627 0.707054 5.93506
      vertex 0.938435 0.236444 5.99277
      vertex 2.84747 0.355237 5.93506
    endloop
  endfacet
  facet normal 0.0605012 0.00708507 0.998143
    outer loop
      vertex 4.64707 1.17086 5.82019
      vertex 2.80627 0.707054 5.93506
      vertex 2.84747 0.355237 5.93506
    endloop
  endfacet
  facet normal 0.0524707 0.024828 0.998314
    outer loop
      vertex 3.9396 3.33432 5.82019
      vertex 2.52339 1.70846 5.93506
      vertex 4.17864 2.82914 5.82019
    endloop
  endfacet
  facet normal 0.16228 -0.0062929 0.986725
    outer loop
      vertex 8.33732 0 5.42393
      vertex 8.29718 -1.03512 5.42393
      vertex 9.97673 -1.24465 5.14637
    endloop
  endfacet
  facet normal 0.0747798 0.0437857 0.996238
    outer loop
      vertex 5.46222 4.623 5.64926
      vertex 3.66261 3.80738 5.82019
      vertex 3.9396 3.33432 5.82019
    endloop
  endfacet
  facet normal 0.0274152 0.0102363 0.999572
    outer loop
      vertex 2.52339 1.70846 5.93506
      vertex 0.883986 0.463801 5.99277
      vertex 2.64344 1.38694 5.93506
    endloop
  endfacet
  facet normal 0.0726643 0.229019 0.970706
    outer loop
      vertex 2.81877 17.9498 4.02935
      vertex 2.55479 16.2688 4.44571
      vertex 4.19419 17.5134 4.02935
    endloop
  endfacet
  facet normal -0.0206178 -0.0454917 0.998752
    outer loop
      vertex -0.830575 -3.46818 5.93506
      vertex -1.8132 -5.54476 5.82019
      vertex -1.3754 -5.74318 5.82019
    endloop
  endfacet
  facet normal -0.0294171 0.00581765 0.99955
    outer loop
      vertex -2.73804 1.05206 5.93506
      vertex -2.80627 0.707054 5.93506
      vertex -0.938435 0.236444 5.99277
    endloop
  endfacet
  facet normal -0.0294171 -0.00581765 0.99955
    outer loop
      vertex -0.938435 -0.236444 5.99277
      vertex -2.80627 -0.707054 5.93506
      vertex -2.73804 -1.05206 5.93506
    endloop
  endfacet
  facet normal -0.210865 0.0997826 0.972409
    outer loop
      vertex -10.8884 9.21552 4.44571
      vertex -11.5491 7.8193 4.44571
      vertex -9.65846 8.17453 4.81924
    endloop
  endfacet
  facet normal -0.406943 0.0804694 0.909902
    outer loop
      vertex -16.0055 6.14994 3.08462
      vertex -16.4043 4.13316 3.08462
      vertex -15.3616 3.87044 3.57419
    endloop
  endfacet
  facet normal -0.19 0.0536652 0.980316
    outer loop
      vertex -10.7319 5.63072 4.81924
      vertex -11.1159 4.27118 4.81924
      vertex -9.2619 4.85944 5.14637
    endloop
  endfacet
  facet normal -0.0610886 0.00236873 0.99813
    outer loop
      vertex -4.7153 0.588261 5.82019
      vertex -4.73811 0 5.82019
      vertex -2.84747 0.355237 5.93506
    endloop
  endfacet
  facet normal -0.31497 0.225355 0.921959
    outer loop
      vertex -11.8269 14.9807 3.08462
      vertex -12.9291 13.4402 3.08462
      vertex -12.1073 12.5859 3.57419
    endloop
  endfacet
  facet normal -0.127593 0.212979 0.96869
    outer loop
      vertex -5.52922 16.9084 4.02935
      vertex -6.811 16.1405 4.02935
      vertex -5.01139 15.3249 4.44571
    endloop
  endfacet
  facet normal -0.244822 0.00948936 0.969522
    outer loop
      vertex -11.5602 1.4422 4.81924
      vertex -13.0323 1.62586 4.44571
      vertex -11.6161 0 4.81924
    endloop
  endfacet
  facet normal -0.455313 0.169991 0.873953
    outer loop
      vertex -14.7508 9.98696 3.08462
      vertex -16.286 8.54476 2.56533
      vertex -15.4525 8.10749 3.08462
    endloop
  endfacet
  facet normal 0.115975 0.617194 0.778217
    outer loop
      vertex 3.69025 23.4994 1.45788
      vertex 1.79961 23.1442 2.02134
      vertex 3.58188 22.8093 2.02134
    endloop
  endfacet
  facet normal 0.481548 0.634258 0.604838
    outer loop
      vertex 9.09274 21.5477 0.880383
      vertex 8.91676 21.1306 1.45788
      vertex 10.5089 19.9218 1.45788
    endloop
  endfacet
  facet normal 0.302398 0.953182 -0
    outer loop
      vertex 5.65373 23.608 0
      vertex 3.79968 24.1962 0.294406
      vertex 5.65373 23.608 0.294406
    endloop
  endfacet
  facet normal 0.302398 0.953182 0
    outer loop
      vertex 3.79968 24.1962 0.294406
      vertex 5.65373 23.608 0
      vertex 3.79968 24.1962 0
    endloop
  endfacet
  facet normal 0.145378 0.320766 0.935935
    outer loop
      vertex 4.85522 20.2736 3.08462
      vertex 4.5466 18.985 3.57419
      vertex 5.9938 18.3291 3.57419
    endloop
  endfacet
  facet normal 0.286402 0.249488 0.925056
    outer loop
      vertex 11.8269 14.9807 3.08462
      vertex 9.93621 15.3359 3.57419
      vertex 11.0751 14.0285 3.57419
    endloop
  endfacet
  facet normal -0.303315 0.143525 0.942019
    outer loop
      vertex -13.0229 11.0221 3.57419
      vertex -13.8131 9.35215 3.57419
      vertex -12.7425 8.62726 4.02935
    endloop
  endfacet
  facet normal -0.165636 0.144276 0.975576
    outer loop
      vertex -7.3692 11.3739 4.81924
      vertex -9.25985 11.7291 4.44571
      vertex -8.21385 10.4042 4.81924
    endloop
  endfacet
  facet normal 0.127594 0.212976 0.96869
    outer loop
      vertex 6.811 16.1405 4.02935
      vertex 5.01139 15.3249 4.44571
      vertex 6.17313 14.6289 4.44571
    endloop
  endfacet
  facet normal 0.182538 0.130619 0.974484
    outer loop
      vertex 9.25985 11.7291 4.44571
      vertex 8.97939 9.33432 4.81924
      vertex 10.1229 10.523 4.44571
    endloop
  endfacet
  facet normal 0.294057 0.0114124 0.95572
    outer loop
      vertex 14.379 1.79386 4.02935
      vertex 13.0323 1.62586 4.44571
      vertex 13.0954 0 4.44571
    endloop
  endfacet
  facet normal 0.35103 -0.0136001 0.936265
    outer loop
      vertex 14.4485 0 4.02935
      vertex 14.379 -1.79386 4.02935
      vertex 15.6625 0 3.57419
    endloop
  endfacet
  facet normal 0.596162 0.0231194 0.802532
    outer loop
      vertex 18.2717 2.2795 2.02134
      vertex 17.6278 0 2.56533
      vertex 18.3601 0 2.02134
    endloop
  endfacet
  facet normal 0.747309 0.353596 0.562583
    outer loop
      vertex 16.0382 13.5741 0.880383
      vertex 15.7278 13.3113 1.45788
      vertex 17.0113 11.5175 0.880383
    endloop
  endfacet
  facet normal 0.162382 0.0950765 0.982137
    outer loop
      vertex 8.97939 9.33432 4.81924
      vertex 7.74943 8.05574 5.14637
      vertex 9.65846 8.17453 4.81924
    endloop
  endfacet
  facet normal 0.395692 0.111771 0.911556
    outer loop
      vertex 16.0055 6.14994 3.08462
      vertex 14.4703 7.59214 3.57419
      vertex 14.9881 5.75902 3.57419
    endloop
  endfacet
  facet normal 0.0155913 -0.0205382 0.999667
    outer loop
      vertex 0.53158 -1.00772 5.99277
      vertex 0.451041 -1.06886 5.99277
      vertex 1.34878 -3.1963 5.93506
    endloop
  endfacet
  facet normal 0.0970981 0.103357 0.989894
    outer loop
      vertex 5.56959 10.5583 5.14637
      vertex 4.63197 8.78083 5.42393
      vertex 6.35979 9.81595 5.14637
    endloop
  endfacet
  facet normal 0.25489 0.271334 0.928121
    outer loop
      vertex 10.6107 16.3769 3.08462
      vertex 9.2923 17.6154 3.08462
      vertex 9.93621 15.3359 3.57419
    endloop
  endfacet
  facet normal 0.153219 0.201799 0.967368
    outer loop
      vertex 6.811 16.1405 4.02935
      vertex 6.17313 14.6289 4.44571
      vertex 8.02718 15.2171 4.02935
    endloop
  endfacet
  facet normal 0.183862 0.242159 0.952656
    outer loop
      vertex 7.38327 17.4966 3.57419
      vertex 6.811 16.1405 4.02935
      vertex 8.02718 15.2171 4.02935
    endloop
  endfacet
  facet normal 0.395198 0.520534 0.756877
    outer loop
      vertex 10.5089 19.9218 1.45788
      vertex 8.65489 20.5101 2.02134
      vertex 10.2003 19.3368 2.02134
    endloop
  endfacet
  facet normal 0.263173 0.188304 0.946193
    outer loop
      vertex 11.0751 14.0285 3.57419
      vertex 10.2167 12.9411 4.02935
      vertex 12.1073 12.5859 3.57419
    endloop
  endfacet
  facet normal 0.306893 0.326692 0.893918
    outer loop
      vertex 11.183 17.2602 2.56533
      vertex 9.2923 17.6154 3.08462
      vertex 10.6107 16.3769 3.08462
    endloop
  endfacet
  facet normal 0.565998 0.745509 0.351942
    outer loop
      vertex 9.18116 21.7572 0.294406
      vertex 9.09274 21.5477 0.880383
      vertex 10.7164 20.315 0.880383
    endloop
  endfacet
  facet normal 0.49118 0.287591 0.822213
    outer loop
      vertex 14.1926 14.7535 2.02134
      vertex 13.6265 14.1651 2.56533
      vertex 14.657 12.4051 2.56533
    endloop
  endfacet
  facet normal 0.993215 0.116292 0
    outer loop
      vertex 19.3827 2.41811 0.294406
      vertex 19.1023 4.81293 0
      vertex 19.1023 4.81293 0.294406
    endloop
  endfacet
  facet normal 0.993215 0.116292 0
    outer loop
      vertex 19.1023 4.81293 0
      vertex 19.3827 2.41811 0.294406
      vertex 19.3827 2.41811 0
    endloop
  endfacet
  facet normal 0.663501 0.474788 0.578224
    outer loop
      vertex 14.9106 15.4999 0.880383
      vertex 13.6393 17.2765 0.880383
      vertex 14.622 15.1999 1.45788
    endloop
  endfacet
  facet normal 0.552323 0.395193 0.734004
    outer loop
      vertex 14.622 15.1999 1.45788
      vertex 12.9826 16.4446 2.02134
      vertex 14.1926 14.7535 2.02134
    endloop
  endfacet
  facet normal 0.903898 0.427748 0
    outer loop
      vertex 17.1768 11.6295 0.294406
      vertex 16.1941 13.7061 0
      vertex 16.1941 13.7061 0.294406
    endloop
  endfacet
  facet normal 0.903898 0.427748 0
    outer loop
      vertex 16.1941 13.7061 0
      vertex 17.1768 11.6295 0.294406
      vertex 17.1768 11.6295 0
    endloop
  endfacet
  facet normal -0.0527872 0.280918 0.958279
    outer loop
      vertex -1.5352 19.7437 3.57419
      vertex -3.05561 19.458 3.57419
      vertex -1.4162 18.2134 4.02935
    endloop
  endfacet
  facet normal -0.50578 0.440568 0.741678
    outer loop
      vertex -11.9999 18.5212 1.45788
      vertex -13.3754 16.9421 1.45788
      vertex -11.6475 17.9772 2.02134
    endloop
  endfacet
  facet normal -0.566252 0.159954 0.808563
    outer loop
      vertex -16.9625 8.89974 2.02134
      vertex -17.5695 6.7509 2.02134
      vertex -16.286 8.54476 2.56533
    endloop
  endfacet
  facet normal -0.655712 0.244816 0.714218
    outer loop
      vertex -16.1922 10.9629 2.02134
      vertex -17.4757 9.16901 1.45788
      vertex -16.9625 8.89974 2.02134
    endloop
  endfacet
  facet normal -0.505796 0.440616 0.741638
    outer loop
      vertex -11.6475 17.9772 2.02134
      vertex -13.3754 16.9421 1.45788
      vertex -12.9826 16.4446 2.02134
    endloop
  endfacet
  facet normal -0.663501 0.474788 0.578224
    outer loop
      vertex -13.6393 17.2765 0.880383
      vertex -14.9106 15.4999 0.880383
      vertex -14.622 15.1999 1.45788
    endloop
  endfacet
  facet normal -0.433722 -0.205219 0.877366
    outer loop
      vertex -13.9069 -11.7703 3.08462
      vertex -15.5463 -10.5256 2.56533
      vertex -14.657 -12.4051 2.56533
    endloop
  endfacet
  facet normal -0.494463 -0.0578983 0.867268
    outer loop
      vertex -16.6452 -2.07658 3.08462
      vertex -17.5429 -2.18858 2.56533
      vertex -17.2891 -4.35608 2.56533
    endloop
  endfacet
  facet normal -0.494422 0.0579148 0.86729
    outer loop
      vertex -16.4043 4.13316 3.08462
      vertex -17.2891 4.35608 2.56533
      vertex -16.6452 2.07658 3.08462
    endloop
  endfacet
  facet normal -0.418202 0.0162119 0.908209
    outer loop
      vertex -16.6452 2.07658 3.08462
      vertex -16.7257 0 3.08462
      vertex -15.6625 0 3.57419
    endloop
  endfacet
  facet normal -0.596147 0.0231259 0.802542
    outer loop
      vertex -17.5429 2.18858 2.56533
      vertex -18.2717 2.2795 2.02134
      vertex -17.6278 0 2.56533
    endloop
  endfacet
  facet normal -0.351044 -0.0136115 0.93626
    outer loop
      vertex -14.379 -1.79386 4.02935
      vertex -15.6625 0 3.57419
      vertex -15.5871 -1.94458 3.57419
    endloop
  endfacet
  facet normal -0.331764 -0.0937196 0.938696
    outer loop
      vertex -13.8264 -5.31264 4.02935
      vertex -14.4703 -7.59214 3.57419
      vertex -13.3487 -7.00368 4.02935
    endloop
  endfacet
  facet normal -0.284637 -0.166658 0.944038
    outer loop
      vertex -12.0135 -10.1678 4.02935
      vertex -13.0229 -11.0221 3.57419
      vertex -11.1689 -11.6103 4.02935
    endloop
  endfacet
  facet normal -0.706238 0.0827133 0.703126
    outer loop
      vertex -18.0073 4.53705 2.02134
      vertex -18.5522 4.67432 1.45788
      vertex -18.2717 2.2795 2.02134
    endloop
  endfacet
  facet normal -0.494463 0.0578983 0.867268
    outer loop
      vertex -17.2891 4.35608 2.56533
      vertex -17.5429 2.18858 2.56533
      vertex -16.6452 2.07658 3.08462
    endloop
  endfacet
  facet normal -0.485745 0.0960727 0.868805
    outer loop
      vertex -16.8687 6.48163 2.56533
      vertex -17.2891 4.35608 2.56533
      vertex -16.0055 6.14994 3.08462
    endloop
  endfacet
  facet normal -0.591193 0.0692394 0.803553
    outer loop
      vertex -18.0073 4.53705 2.02134
      vertex -18.2717 2.2795 2.02134
      vertex -17.2891 4.35608 2.56533
    endloop
  endfacet
  facet normal -0.833427 0.0976183 0.543939
    outer loop
      vertex -18.9183 4.76657 0.880383
      vertex -19.1961 2.39482 0.880383
      vertex -18.5522 4.67432 1.45788
    endloop
  endfacet
  facet normal -0.945709 0.11077 0.305557
    outer loop
      vertex -18.9183 4.76657 0.880383
      vertex -19.3827 2.41811 0.294406
      vertex -19.1961 2.39482 0.880383
    endloop
  endfacet
  facet normal -0.767398 0.549135 0.330987
    outer loop
      vertex -13.6393 17.2765 0.880383
      vertex -15.0555 15.6506 0.294406
      vertex -14.9106 15.4999 0.880383
    endloop
  endfacet
  facet normal -0.91473 -0.258427 0.310618
    outer loop
      vertex -18.4584 -7.09243 0.880383
      vertex -18.6379 -7.16139 0.294406
      vertex -17.9939 -9.4409 0.294406
    endloop
  endfacet
  facet normal -0.933409 -0.184578 0.307699
    outer loop
      vertex -18.9183 -4.76657 0.880383
      vertex -19.1023 -4.81293 0.294406
      vertex -18.6379 -7.16139 0.294406
    endloop
  endfacet
  facet normal -0.945666 -0.110724 0.305704
    outer loop
      vertex -18.9183 -4.76657 0.880383
      vertex -19.3827 -2.41811 0.294406
      vertex -19.1023 -4.81293 0.294406
    endloop
  endfacet
  facet normal -0.581219 -0.114939 0.805589
    outer loop
      vertex -17.2891 -4.35608 2.56533
      vertex -18.0073 -4.53705 2.02134
      vertex -17.5695 -6.7509 2.02134
    endloop
  endfacet
  facet normal -0.945709 -0.11077 0.305557
    outer loop
      vertex -19.1961 -2.39482 0.880383
      vertex -19.3827 -2.41811 0.294406
      vertex -18.9183 -4.76657 0.880383
    endloop
  endfacet
  facet normal -0.711848 -0.0276058 0.701791
    outer loop
      vertex -18.3601 0 2.02134
      vertex -18.9156 0 1.45788
      vertex -18.2717 -2.2795 2.02134
    endloop
  endfacet
  facet normal -0.498798 0.0193362 0.866502
    outer loop
      vertex -16.6452 2.07658 3.08462
      vertex -17.6278 0 2.56533
      vertex -16.7257 0 3.08462
    endloop
  endfacet
  facet normal -0.856554 -0.405343 0.319395
    outer loop
      vertex -17.0113 -11.5175 0.880383
      vertex -17.1768 -11.6295 0.294406
      vertex -16.1941 -13.7061 0.294406
    endloop
  endfacet
  facet normal -0.889265 -0.332001 0.314616
    outer loop
      vertex -17.0113 -11.5175 0.880383
      vertex -17.9939 -9.4409 0.294406
      vertex -17.1768 -11.6295 0.294406
    endloop
  endfacet
  facet normal -0.81616 -0.477902 0.324795
    outer loop
      vertex -16.0382 -13.5741 0.880383
      vertex -16.1941 -13.7061 0.294406
      vertex -15.0555 -15.6506 0.294406
    endloop
  endfacet
  facet normal -0.549768 -0.585252 0.596017
    outer loop
      vertex -10.5089 -19.9218 1.45788
      vertex -11.9999 -18.5212 1.45788
      vertex -10.7164 -20.315 0.880383
    endloop
  endfacet
  facet normal -0.48153 -0.634251 0.60486
    outer loop
      vertex -10.5089 -19.9218 1.45788
      vertex -10.7164 -20.315 0.880383
      vertex -9.09274 -21.5477 0.880383
    endloop
  endfacet
  facet normal 0.0481104 -0.772811 0.63281
    outer loop
      vertex 1.85405 -23.8444 1.45788
      vertex 0 -24.4327 0.880383
      vertex 1.89065 -24.315 0.880383
    endloop
  endfacet
  facet normal 0.302398 -0.953182 0
    outer loop
      vertex 3.79968 -24.1962 0
      vertex 5.65373 -23.608 0.294406
      vertex 3.79968 -24.1962 0.294406
    endloop
  endfacet
  facet normal 0.302398 -0.953182 0
    outer loop
      vertex 5.65373 -23.608 0.294406
      vertex 3.79968 -24.1962 0
      vertex 5.65373 -23.608 0
    endloop
  endfacet
  facet normal 0.175692 -0.387664 0.904903
    outer loop
      vertex 6.40065 -19.5732 3.08462
      vertex 4.85522 -20.2736 3.08462
      vertex 6.74586 -20.6289 2.56533
    endloop
  endfacet
  facet normal 0.0155926 -0.0205378 0.999667
    outer loop
      vertex 1.58962 -3.01345 5.93506
      vertex 0.53158 -1.00772 5.99277
      vertex 1.34878 -3.1963 5.93506
    endloop
  endfacet
  facet normal 0.101778 -0.0595922 0.993021
    outer loop
      vertex 6.93223 -5.86716 5.42393
      vertex 5.46222 -4.623 5.64926
      vertex 6.44484 -6.69958 5.42393
    endloop
  endfacet
  facet normal 0.00148812 -0.0239167 0.999713
    outer loop
      vertex 0 -1.21197 5.99277
      vertex 0 -3.62424 5.93506
      vertex 0.280451 -3.60679 5.93506
    endloop
  endfacet
  facet normal -0.0726643 -0.229019 0.970706
    outer loop
      vertex -2.55479 -16.2688 4.44571
      vertex -4.19419 -17.5134 4.02935
      vertex -2.81877 -17.9498 4.02935
    endloop
  endfacet
  facet normal -0.242517 -0.0283906 0.969732
    outer loop
      vertex -11.5602 -1.4422 4.81924
      vertex -13.0323 -1.62586 4.44571
      vertex -12.8438 -3.23606 4.44571
    endloop
  endfacet
  facet normal -0.284635 -0.166653 0.944039
    outer loop
      vertex -11.1689 -11.6103 4.02935
      vertex -13.0229 -11.0221 3.57419
      vertex -12.1073 -12.5859 3.57419
    endloop
  endfacet
  facet normal 0.0239637 -0.127504 0.991549
    outer loop
      vertex 1.62653 -10.3577 5.42393
      vertex 0.982622 -12.6372 5.14637
      vertex 1.95578 -12.4543 5.14637
    endloop
  endfacet
  facet normal -0.19 -0.0536652 0.980316
    outer loop
      vertex -9.2619 -4.85944 5.14637
      vertex -11.1159 -4.27118 4.81924
      vertex -10.7319 -5.63072 4.81924
    endloop
  endfacet
  facet normal 0.0652191 -0.0859037 0.994166
    outer loop
      vertex 4.63197 -8.78083 5.42393
      vertex 3.09677 -7.33862 5.64926
      vertex 3.93019 -9.31363 5.42393
    endloop
  endfacet
  facet normal 0.0697513 -0.116429 0.990747
    outer loop
      vertex 4.72575 -11.1989 5.14637
      vertex 3.19056 -9.75673 5.42393
      vertex 3.8364 -11.7317 5.14637
    endloop
  endfacet
  facet normal 0.139541 -0.0660296 0.988012
    outer loop
      vertex 7.35286 -4.97824 5.42393
      vertex 6.93223 -5.86716 5.42393
      vertex 8.33549 -7.05482 5.14637
    endloop
  endfacet
  facet normal 0.162382 -0.0950781 0.982137
    outer loop
      vertex 8.33549 -7.05482 5.14637
      vertex 7.74943 -8.05574 5.14637
      vertex 9.65846 -8.17453 4.81924
    endloop
  endfacet
  facet normal 0.13073 -0.0765438 0.988459
    outer loop
      vertex 6.93223 -5.86716 5.42393
      vertex 6.44484 -6.69958 5.42393
      vertex 8.33549 -7.05482 5.14637
    endloop
  endfacet
  facet normal 0.263173 -0.188303 0.946194
    outer loop
      vertex 11.1689 -11.6103 4.02935
      vertex 10.2167 -12.9411 4.02935
      vertex 12.1073 -12.5859 3.57419
    endloop
  endfacet
  facet normal 0.165636 -0.144276 0.975576
    outer loop
      vertex 8.21385 -10.4042 4.81924
      vertex 7.3692 -11.3739 4.81924
      vertex 9.25985 -11.7291 4.44571
    endloop
  endfacet
  facet normal 0.197667 -0.115736 0.973413
    outer loop
      vertex 9.65846 -8.17453 4.81924
      vertex 8.97939 -9.33432 4.81924
      vertex 10.8884 -9.21552 4.44571
    endloop
  endfacet
  facet normal -0.494422 -0.0579148 0.86729
    outer loop
      vertex -16.6452 -2.07658 3.08462
      vertex -17.2891 -4.35608 2.56533
      vertex -16.4043 -4.13316 3.08462
    endloop
  endfacet
  facet normal -0.627227 -0.296803 0.720065
    outer loop
      vertex -16.1922 -10.9629 2.02134
      vertex -16.6821 -11.2946 1.45788
      vertex -15.7278 -13.3113 1.45788
    endloop
  endfacet
  facet normal -0.303305 -0.143527 0.942022
    outer loop
      vertex -12.7425 -8.62726 4.02935
      vertex -13.0229 -11.0221 3.57419
      vertex -12.0135 -10.1678 4.02935
    endloop
  endfacet
  facet normal -0.395703 -0.111784 0.91155
    outer loop
      vertex -14.4703 -7.59214 3.57419
      vertex -16.0055 -6.14994 3.08462
      vertex -15.4525 -8.10749 3.08462
    endloop
  endfacet
  facet normal -0.505796 -0.440616 0.741638
    outer loop
      vertex -12.9826 -16.4446 2.02134
      vertex -13.3754 -16.9421 1.45788
      vertex -11.6475 -17.9772 2.02134
    endloop
  endfacet
  facet normal -0.552331 -0.395211 0.733988
    outer loop
      vertex -12.9826 -16.4446 2.02134
      vertex -14.622 -15.1999 1.45788
      vertex -13.3754 -16.9421 1.45788
    endloop
  endfacet
  facet normal -0.49118 -0.287591 0.822213
    outer loop
      vertex -13.6265 -14.1651 2.56533
      vertex -14.657 -12.4051 2.56533
      vertex -14.1926 -14.7535 2.02134
    endloop
  endfacet
  facet normal -0.371953 -0.395952 0.839567
    outer loop
      vertex -9.79348 -18.5655 2.56533
      vertex -11.183 -17.2602 2.56533
      vertex -10.2003 -19.3368 2.02134
    endloop
  endfacet
  facet normal -0.0527872 -0.280918 0.958279
    outer loop
      vertex -1.4162 -18.2134 4.02935
      vertex -3.05561 -19.458 3.57419
      vertex -1.5352 -19.7437 3.57419
    endloop
  endfacet
  facet normal -0.0146825 -0.23602 0.971637
    outer loop
      vertex -1.28357 -16.5076 4.44571
      vertex -1.4162 -18.2134 4.02935
      vertex 0 -18.3015 4.02935
    endloop
  endfacet
  facet normal -0.412836 -0.910805 0
    outer loop
      vertex -7.45334 -22.7923 0
      vertex -5.65373 -23.608 0.294406
      vertex -7.45334 -22.7923 0.294406
    endloop
  endfacet
  facet normal -0.412836 -0.910805 -0
    outer loop
      vertex -5.65373 -23.608 0.294406
      vertex -7.45334 -22.7923 0
      vertex -5.65373 -23.608 0
    endloop
  endfacet
  facet normal -0.405974 -0.677684 0.613131
    outer loop
      vertex -7.23869 -22.1359 1.45788
      vertex -9.09274 -21.5477 0.880383
      vertex -7.38156 -22.5728 0.880383
    endloop
  endfacet
  facet normal 0.143308 -0.76273 0.63064
    outer loop
      vertex 3.69025 -23.4994 1.45788
      vertex 1.85405 -23.8444 1.45788
      vertex 3.76309 -23.9632 0.880383
    endloop
  endfacet
  facet normal -0.184692 -0.982796 0
    outer loop
      vertex -3.79968 -24.1962 0
      vertex -1.90903 -24.5515 0.294406
      vertex -3.79968 -24.1962 0.294406
    endloop
  endfacet
  facet normal -0.184692 -0.982796 -0
    outer loop
      vertex -1.90903 -24.5515 0.294406
      vertex -3.79968 -24.1962 0
      vertex -1.90903 -24.5515 0
    endloop
  endfacet
  facet normal 0.60466 -0.796484 0
    outer loop
      vertex 9.18116 -21.7572 0
      vertex 10.8206 -20.5126 0.294406
      vertex 9.18116 -21.7572 0.294406
    endloop
  endfacet
  facet normal 0.60466 -0.796484 0
    outer loop
      vertex 10.8206 -20.5126 0.294406
      vertex 9.18116 -21.7572 0
      vertex 10.8206 -20.5126 0
    endloop
  endfacet
  facet normal 0.663555 -0.474795 0.578156
    outer loop
      vertex 14.622 -15.1999 1.45788
      vertex 13.3754 -16.9421 1.45788
      vertex 13.6393 -17.2765 0.880383
    endloop
  endfacet
  facet normal 0.395197 -0.520523 0.756885
    outer loop
      vertex 10.5089 -19.9218 1.45788
      vertex 8.65489 -20.5101 2.02134
      vertex 8.91676 -21.1306 1.45788
    endloop
  endfacet
  facet normal 0.642657 -0.684098 0.344967
    outer loop
      vertex 12.3558 -19.0704 0.294406
      vertex 10.7164 -20.315 0.880383
      vertex 10.8206 -20.5126 0.294406
    endloop
  endfacet
  facet normal 0.481548 -0.634258 0.604838
    outer loop
      vertex 10.5089 -19.9218 1.45788
      vertex 8.91676 -21.1306 1.45788
      vertex 9.09274 -21.5477 0.880383
    endloop
  endfacet
  facet normal 0.323754 -0.714278 0.620476
    outer loop
      vertex 7.23869 -22.1359 1.45788
      vertex 5.49091 -22.9281 1.45788
      vertex 7.38156 -22.5728 0.880383
    endloop
  endfacet
  facet normal 0.655708 -0.244812 0.714222
    outer loop
      vertex 17.4757 -9.16901 1.45788
      vertex 16.1922 -10.9629 2.02134
      vertex 16.6821 -11.2946 1.45788
    endloop
  endfacet
  facet normal 0.747339 -0.35364 0.562515
    outer loop
      vertex 16.6821 -11.2946 1.45788
      vertex 15.7278 -13.3113 1.45788
      vertex 17.0113 -11.5175 0.880383
    endloop
  endfacet
  facet normal 0.889265 -0.332001 0.314616
    outer loop
      vertex 17.9939 -9.4409 0.294406
      vertex 17.0113 -11.5175 0.880383
      vertex 17.1768 -11.6295 0.294406
    endloop
  endfacet
  facet normal -0.981003 0.19399 0
    outer loop
      vertex -19.1023 4.81293 0
      vertex -18.6379 7.16139 0.294406
      vertex -18.6379 7.16139 0
    endloop
  endfacet
  facet normal -0.981003 0.19399 0
    outer loop
      vertex -18.6379 7.16139 0.294406
      vertex -19.1023 4.81293 0
      vertex -19.1023 4.81293 0.294406
    endloop
  endfacet
  facet normal -0.903898 0.427748 0
    outer loop
      vertex -17.1768 11.6295 0
      vertex -16.1941 13.7061 0.294406
      vertex -16.1941 13.7061 0
    endloop
  endfacet
  facet normal -0.903898 0.427748 0
    outer loop
      vertex -16.1941 13.7061 0.294406
      vertex -17.1768 11.6295 0
      vertex -17.1768 11.6295 0.294406
    endloop
  endfacet
  facet normal -0.856554 0.405343 0.319395
    outer loop
      vertex -16.1941 13.7061 0.294406
      vertex -17.1768 11.6295 0.294406
      vertex -17.0113 11.5175 0.880383
    endloop
  endfacet
  facet normal -0.48153 0.634251 0.60486
    outer loop
      vertex -9.09274 21.5477 0.880383
      vertex -10.7164 20.315 0.880383
      vertex -10.5089 19.9218 1.45788
    endloop
  endfacet
  facet normal -0.184692 0.982796 0
    outer loop
      vertex -1.90903 24.5515 0
      vertex -3.79968 24.1962 0.294406
      vertex -1.90903 24.5515 0.294406
    endloop
  endfacet
  facet normal -0.184692 0.982796 0
    outer loop
      vertex -3.79968 24.1962 0.294406
      vertex -1.90903 24.5515 0
      vertex -3.79968 24.1962 0
    endloop
  endfacet
  facet normal -0.100644 0.222088 0.969818
    outer loop
      vertex -4.19419 17.5134 4.02935
      vertex -5.52922 16.9084 4.02935
      vertex -5.01139 15.3249 4.44571
    endloop
  endfacet
  facet normal 0.0257339 0.413617 0.910087
    outer loop
      vertex 1.72783 22.221 2.56533
      vertex 0 22.3285 2.56533
      vertex 1.63941 21.0839 3.08462
    endloop
  endfacet
  facet normal -0.0314398 0.505625 0.86218
    outer loop
      vertex 0 23.2561 2.02134
      vertex -1.79961 23.1442 2.02134
      vertex 0 22.3285 2.56533
    endloop
  endfacet
  facet normal 0.552331 0.395211 0.733988
    outer loop
      vertex 13.3754 16.9421 1.45788
      vertex 12.9826 16.4446 2.02134
      vertex 14.622 15.1999 1.45788
    endloop
  endfacet
  facet normal 0.184692 0.982796 -0
    outer loop
      vertex 3.79968 24.1962 0
      vertex 1.90903 24.5515 0.294406
      vertex 3.79968 24.1962 0.294406
    endloop
  endfacet
  facet normal 0.184692 0.982796 0
    outer loop
      vertex 1.90903 24.5515 0.294406
      vertex 3.79968 24.1962 0
      vertex 1.90903 24.5515 0
    endloop
  endfacet
  facet normal -0.565954 0.745499 0.352033
    outer loop
      vertex -9.18116 21.7572 0.294406
      vertex -10.8206 20.5126 0.294406
      vertex -10.7164 20.315 0.880383
    endloop
  endfacet
  facet normal 0.244822 -0.00948936 0.969522
    outer loop
      vertex 11.6161 0 4.81924
      vertex 11.5602 -1.4422 4.81924
      vertex 13.0323 -1.62586 4.44571
    endloop
  endfacet
  facet normal 0.244809 0.00950111 0.969525
    outer loop
      vertex 13.0323 1.62586 4.44571
      vertex 11.6161 0 4.81924
      vertex 13.0954 0 4.44571
    endloop
  endfacet
  facet normal 0.395703 -0.111784 0.91155
    outer loop
      vertex 16.0055 -6.14994 3.08462
      vertex 14.4703 -7.59214 3.57419
      vertex 15.4525 -8.10749 3.08462
    endloop
  endfacet
  facet normal 0.362277 -0.171425 0.916171
    outer loop
      vertex 13.8131 -9.35215 3.57419
      vertex 13.0229 -11.0221 3.57419
      vertex 14.7508 -9.98696 3.08462
    endloop
  endfacet
  facet normal 0.418202 0.0162119 0.908209
    outer loop
      vertex 16.6452 2.07658 3.08462
      vertex 15.6625 0 3.57419
      vertex 16.7257 0 3.08462
    endloop
  endfacet
  facet normal 0.485716 -0.0960459 0.868824
    outer loop
      vertex 16.4043 -4.13316 3.08462
      vertex 16.0055 -6.14994 3.08462
      vertex 17.2891 -4.35608 2.56533
    endloop
  endfacet
  facet normal 0.951734 0.0369183 0.304697
    outer loop
      vertex 19.3827 2.41811 0.294406
      vertex 19.2889 0 0.880383
      vertex 19.4765 0 0.294406
    endloop
  endfacet
  facet normal 0.951781 -0.0368818 0.304553
    outer loop
      vertex 19.2889 0 0.880383
      vertex 19.1961 -2.39482 0.880383
      vertex 19.3827 -2.41811 0.294406
    endloop
  endfacet
  facet normal 0.286401 -0.249478 0.925059
    outer loop
      vertex 11.8269 -14.9807 3.08462
      vertex 9.93621 -15.3359 3.57419
      vertex 10.6107 -16.3769 3.08462
    endloop
  endfacet
  facet normal 0.212563 -0.226267 0.950589
    outer loop
      vertex 9.93621 -15.3359 3.57419
      vertex 8.02718 -15.2171 4.02935
      vertex 8.70164 -16.4957 3.57419
    endloop
  endfacet
  facet normal 0.239072 -0.208257 0.948406
    outer loop
      vertex 10.2167 -12.9411 4.02935
      vertex 9.16606 -14.1472 4.02935
      vertex 9.93621 -15.3359 3.57419
    endloop
  endfacet
  facet normal 0.286402 -0.249488 0.925056
    outer loop
      vertex 11.0751 -14.0285 3.57419
      vertex 9.93621 -15.3359 3.57419
      vertex 11.8269 -14.9807 3.08462
    endloop
  endfacet
  facet normal 0.456216 -0.326428 0.827835
    outer loop
      vertex 13.6265 -14.1651 2.56533
      vertex 12.9826 -16.4446 2.02134
      vertex 14.1926 -14.7535 2.02134
    endloop
  endfacet
  facet normal 0.49118 -0.287591 0.822213
    outer loop
      vertex 14.657 -12.4051 2.56533
      vertex 13.6265 -14.1651 2.56533
      vertex 14.1926 -14.7535 2.02134
    endloop
  endfacet
  facet normal 0.552323 -0.395193 0.734004
    outer loop
      vertex 14.1926 -14.7535 2.02134
      vertex 12.9826 -16.4446 2.02134
      vertex 14.622 -15.1999 1.45788
    endloop
  endfacet
  facet normal 0.747309 -0.353596 0.562583
    outer loop
      vertex 17.0113 -11.5175 0.880383
      vertex 15.7278 -13.3113 1.45788
      vertex 16.0382 -13.5741 0.880383
    endloop
  endfacet
  facet normal 0.933409 -0.184578 0.307699
    outer loop
      vertex 18.9183 -4.76657 0.880383
      vertex 18.6379 -7.16139 0.294406
      vertex 19.1023 -4.81293 0.294406
    endloop
  endfacet
  facet normal 0.323164 -0.425654 0.845212
    outer loop
      vertex 10.2003 -19.3368 2.02134
      vertex 8.30968 -19.692 2.56533
      vertex 8.65489 -20.5101 2.02134
    endloop
  endfacet
  facet normal 0.270411 -0.451355 0.850386
    outer loop
      vertex 8.30968 -19.692 2.56533
      vertex 6.74586 -20.6289 2.56533
      vertex 8.65489 -20.5101 2.02134
    endloop
  endfacet
  facet normal 0.214199 -0.472613 0.854842
    outer loop
      vertex 6.74586 -20.6289 2.56533
      vertex 5.11708 -21.3671 2.56533
      vertex 5.32966 -22.2547 2.02134
    endloop
  endfacet
  facet normal 0.175694 -0.387656 0.904906
    outer loop
      vertex 6.74586 -20.6289 2.56533
      vertex 4.85522 -20.2736 3.08462
      vertex 5.11708 -21.3671 2.56533
    endloop
  endfacet
  facet normal -0.0314567 -0.505598 0.862196
    outer loop
      vertex -1.72783 -22.221 2.56533
      vertex -1.79961 -23.1442 2.02134
      vertex 0 -22.3285 2.56533
    endloop
  endfacet
  facet normal -0.0212489 -0.341584 0.939611
    outer loop
      vertex -1.5352 -19.7437 3.57419
      vertex -1.63941 -21.0839 3.08462
      vertex 0 -19.8392 3.57419
    endloop
  endfacet
  facet normal -0.0257342 -0.413617 0.910087
    outer loop
      vertex 0 -21.1859 3.08462
      vertex -1.63941 -21.0839 3.08462
      vertex 0 -22.3285 2.56533
    endloop
  endfacet
  facet normal 0.104236 -0.137301 0.98503
    outer loop
      vertex 5.56959 -10.5583 5.14637
      vertex 5.47581 -12.9764 4.81924
      vertex 6.45358 -12.2341 4.81924
    endloop
  endfacet
  facet normal 0.177263 -0.188691 0.965906
    outer loop
      vertex 8.30763 -12.8223 4.44571
      vertex 8.02718 -15.2171 4.02935
      vertex 9.16606 -14.1472 4.02935
    endloop
  endfacet
  facet normal 0.153219 -0.201799 0.967368
    outer loop
      vertex 8.02718 -15.2171 4.02935
      vertex 6.17313 -14.6289 4.44571
      vertex 6.811 -16.1405 4.02935
    endloop
  endfacet
  facet normal 0.254904 -0.271337 0.928116
    outer loop
      vertex 9.93621 -15.3359 3.57419
      vertex 8.70164 -16.4957 3.57419
      vertex 9.2923 -17.6154 3.08462
    endloop
  endfacet
  facet normal 0.0239621 -0.127503 0.991549
    outer loop
      vertex 1.62653 -10.3577 5.42393
      vertex 0.817201 -10.5098 5.42393
      vertex 0.982622 -12.6372 5.14637
    endloop
  endfacet
  facet normal 0.00300326 -0.0482616 0.99883
    outer loop
      vertex 0.280451 -3.60679 5.93506
      vertex 0 -6.00161 5.82019
      vertex 0.464416 -5.97271 5.82019
    endloop
  endfacet
  facet normal 0.100658 -0.222093 0.969816
    outer loop
      vertex 5.01139 -15.3249 4.44571
      vertex 3.80139 -15.8733 4.44571
      vertex 4.19419 -17.5134 4.02935
    endloop
  endfacet
  facet normal -0.182538 -0.130619 0.974484
    outer loop
      vertex -8.97939 -9.33432 4.81924
      vertex -10.1229 -10.523 4.44571
      vertex -9.25985 -11.7291 4.44571
    endloop
  endfacet
  facet normal -0.0146923 -0.236027 0.971635
    outer loop
      vertex 0 -16.5875 4.44571
      vertex -1.28357 -16.5076 4.44571
      vertex 0 -18.3015 4.02935
    endloop
  endfacet
  facet normal -0.0363615 -0.193566 0.980413
    outer loop
      vertex -1.13858 -14.6429 4.81924
      vertex -2.55479 -16.2688 4.44571
      vertex -1.28357 -16.5076 4.44571
    endloop
  endfacet
  facet normal 0.253619 0.120015 0.95983
    outer loop
      vertex 12.0135 10.1678 4.02935
      vertex 10.8884 9.21552 4.44571
      vertex 12.7425 8.62726 4.02935
    endloop
  endfacet
  facet normal 0.285874 0.0565397 0.956598
    outer loop
      vertex 14.1709 3.57044 4.02935
      vertex 12.5315 4.8151 4.44571
      vertex 12.8438 3.23606 4.44571
    endloop
  endfacet
  facet normal 0.0689944 0.0493689 0.996395
    outer loop
      vertex 4.64523 5.88396 5.64926
      vertex 3.66261 3.80738 5.82019
      vertex 5.07818 5.2789 5.64926
    endloop
  endfacet
  facet normal 0.0552966 0.0206482 0.998256
    outer loop
      vertex 4.17864 2.82914 5.82019
      vertex 2.52339 1.70846 5.93506
      vertex 4.37745 2.29672 5.82019
    endloop
  endfacet
  facet normal 0.182515 -0.0681514 0.980838
    outer loop
      vertex 9.2619 -4.85944 5.14637
      vertex 8.84126 -5.98595 5.14637
      vertex 10.2445 -6.93602 4.81924
    endloop
  endfacet
  facet normal 0.173285 -0.0819955 0.981452
    outer loop
      vertex 10.2445 -6.93602 4.81924
      vertex 8.84126 -5.98595 5.14637
      vertex 9.65846 -8.17453 4.81924
    endloop
  endfacet
  facet normal 0.16228 0.0062929 0.986725
    outer loop
      vertex 9.97673 1.24465 5.14637
      vertex 8.29718 1.03512 5.42393
      vertex 8.33732 0 5.42393
    endloop
  endfacet
  facet normal 0.199472 -0.0233589 0.979625
    outer loop
      vertex 9.97673 -1.24465 5.14637
      vertex 9.83238 -2.47732 5.14637
      vertex 11.3929 -2.87051 4.81924
    endloop
  endfacet
  facet normal 0.347795 -0.0407391 0.936685
    outer loop
      vertex 14.379 -1.79386 4.02935
      vertex 14.1709 -3.57044 4.02935
      vertex 15.3616 -3.87044 3.57419
    endloop
  endfacet
  facet normal 0.291337 -0.0341259 0.956011
    outer loop
      vertex 14.379 -1.79386 4.02935
      vertex 12.8438 -3.23606 4.44571
      vertex 14.1709 -3.57044 4.02935
    endloop
  endfacet
  facet normal 0.277715 -0.0784514 0.957455
    outer loop
      vertex 13.8264 -5.31264 4.02935
      vertex 12.5315 -4.8151 4.44571
      vertex 13.3487 -7.00368 4.02935
    endloop
  endfacet
  facet normal 0.237855 -0.139267 0.961265
    outer loop
      vertex 12.0135 -10.1678 4.02935
      vertex 10.8884 -9.21552 4.44571
      vertex 11.1689 -11.6103 4.02935
    endloop
  endfacet
  facet normal 0.120656 -0.0863333 0.988933
    outer loop
      vertex 7.74943 -8.05574 5.14637
      vertex 6.44484 -6.69958 5.42393
      vertex 7.08875 -8.97908 5.14637
    endloop
  endfacet
  facet normal 0.13073 -0.0765452 0.988459
    outer loop
      vertex 8.33549 -7.05482 5.14637
      vertex 6.44484 -6.69958 5.42393
      vertex 7.74943 -8.05574 5.14637
    endloop
  endfacet
  facet normal 0.0575916 0.0162678 0.998208
    outer loop
      vertex 4.37745 2.29672 5.82019
      vertex 2.73804 1.05206 5.93506
      vertex 4.53409 1.74218 5.82019
    endloop
  endfacet
  facet normal 0.0920444 0.0107797 0.995697
    outer loop
      vertex 6.44312 1.62338 5.64926
      vertex 4.64707 1.17086 5.82019
      vertex 6.53772 0.815618 5.64926
    endloop
  endfacet
  facet normal 0.0841399 0.0314174 0.995959
    outer loop
      vertex 5.79365 3.92258 5.64926
      vertex 4.37745 2.29672 5.82019
      vertex 6.06929 3.18438 5.64926
    endloop
  endfacet
  facet normal 0.114489 0.0427493 0.992504
    outer loop
      vertex 7.35286 4.97824 5.42393
      vertex 6.06929 3.18438 5.64926
      vertex 7.70268 4.04137 5.42393
    endloop
  endfacet
  facet normal 0.0838348 0.110423 0.990343
    outer loop
      vertex 5.56959 10.5583 5.14637
      vertex 3.93019 9.31363 5.42393
      vertex 4.63197 8.78083 5.42393
    endloop
  endfacet
  facet normal -0.0274152 -0.0102363 0.999572
    outer loop
      vertex -0.883986 -0.463801 5.99277
      vertex -2.64344 -1.38694 5.93506
      vertex -2.52339 -1.70846 5.93506
    endloop
  endfacet
  facet normal 0.0410898 0.0357912 0.998514
    outer loop
      vertex 3.00583 4.63931 5.82019
      vertex 1.81515 2.80158 5.93506
      vertex 2.0232 2.56273 5.93506
    endloop
  endfacet
  facet normal -0.00457321 0.0734903 0.997285
    outer loop
      vertex 0 8.32118 5.64926
      vertex -0.464416 5.97271 5.82019
      vertex 0 6.00161 5.82019
    endloop
  endfacet
  facet normal -0.155118 0.488915 0.858429
    outer loop
      vertex -3.58188 22.8093 2.02134
      vertex -5.11708 21.3671 2.56533
      vertex -3.43901 21.8995 2.56533
    endloop
  endfacet
  facet normal -0.0363615 0.193566 0.980413
    outer loop
      vertex -1.28357 16.5076 4.44571
      vertex -2.55479 16.2688 4.44571
      vertex -1.13858 14.6429 4.81924
    endloop
  endfacet
  facet normal 0.0867449 0.144795 0.985652
    outer loop
      vertex 5.47581 12.9764 4.81924
      vertex 3.8364 11.7317 5.14637
      vertex 4.72575 11.1989 5.14637
    endloop
  endfacet
  facet normal 0.0549886 0.121305 0.991091
    outer loop
      vertex 3.8364 11.7317 5.14637
      vertex 2.9101 12.1516 5.14637
      vertex 3.19056 9.75673 5.42393
    endloop
  endfacet
  facet normal -0.0610885 0.00236796 0.99813
    outer loop
      vertex -2.84747 0.355237 5.93506
      vertex -4.73811 0 5.82019
      vertex -2.86124 0 5.93506
    endloop
  endfacet
  facet normal -0.0610885 -0.00236796 0.99813
    outer loop
      vertex -2.86124 0 5.93506
      vertex -4.73811 0 5.82019
      vertex -2.84747 -0.355237 5.93506
    endloop
  endfacet
  facet normal -0.11922 0.0336773 0.992297
    outer loop
      vertex -6.06929 3.18438 5.64926
      vertex -7.70268 4.04137 5.42393
      vertex -6.28648 2.41551 5.64926
    endloop
  endfacet
  facet normal -0.0243594 0.0142627 0.999602
    outer loop
      vertex -0.739631 0.768867 5.99277
      vertex -2.37904 2.01352 5.93506
      vertex -0.795566 0.673335 5.99277
    endloop
  endfacet
  facet normal 0.0554865 0.0590654 0.996711
    outer loop
      vertex 3.64974 6.91881 5.64926
      vertex 2.63235 4.99016 5.82019
      vertex 3.00583 4.63931 5.82019
    endloop
  endfacet
  facet normal -0.108657 0.0514152 0.992749
    outer loop
      vertex -5.46222 4.623 5.64926
      vertex -7.35286 4.97824 5.42393
      vertex -5.79365 3.92258 5.64926
    endloop
  endfacet
  facet normal 0.0146825 0.23602 0.971637
    outer loop
      vertex 1.4162 18.2134 4.02935
      vertex 0 18.3015 4.02935
      vertex 1.28357 16.5076 4.44571
    endloop
  endfacet
  facet normal -0.280992 0.885607 0.369788
    outer loop
      vertex -3.76309 23.9632 0.880383
      vertex -5.65373 23.608 0.294406
      vertex -5.59928 23.3806 0.880383
    endloop
  endfacet
  facet normal -0.384393 0.848053 0.364757
    outer loop
      vertex -5.65373 23.608 0.294406
      vertex -7.45334 22.7923 0.294406
      vertex -7.38156 22.5728 0.880383
    endloop
  endfacet
  facet normal -0.347819 0.0407263 0.936677
    outer loop
      vertex -15.3616 3.87044 3.57419
      vertex -15.5871 1.94458 3.57419
      vertex -14.379 1.79386 4.02935
    endloop
  endfacet
  facet normal -0.351044 0.0136115 0.93626
    outer loop
      vertex -15.5871 1.94458 3.57419
      vertex -15.6625 0 3.57419
      vertex -14.379 1.79386 4.02935
    endloop
  endfacet
  facet normal -0.286402 0.249488 0.925056
    outer loop
      vertex -9.93621 15.3359 3.57419
      vertex -11.8269 14.9807 3.08462
      vertex -11.0751 14.0285 3.57419
    endloop
  endfacet
  facet normal -0.331774 0.093716 0.938692
    outer loop
      vertex -14.4703 7.59214 3.57419
      vertex -14.9881 5.75902 3.57419
      vertex -13.8264 5.31264 4.02935
    endloop
  endfacet
  facet normal -0.347795 0.0407391 0.936685
    outer loop
      vertex -14.1709 3.57044 4.02935
      vertex -15.3616 3.87044 3.57419
      vertex -14.379 1.79386 4.02935
    endloop
  endfacet
  facet normal -0.263173 0.188303 0.946194
    outer loop
      vertex -10.2167 12.9411 4.02935
      vertex -12.1073 12.5859 3.57419
      vertex -11.1689 11.6103 4.02935
    endloop
  endfacet
  facet normal 0.453386 0.482598 0.74936
    outer loop
      vertex 10.5089 19.9218 1.45788
      vertex 10.2003 19.3368 2.02134
      vertex 11.6475 17.9772 2.02134
    endloop
  endfacet
  facet normal 0.27041 0.451362 0.850383
    outer loop
      vertex 7.02611 21.4859 2.02134
      vertex 6.74586 20.6289 2.56533
      vertex 8.65489 20.5101 2.02134
    endloop
  endfacet
  facet normal 0.263453 0.581239 0.769905
    outer loop
      vertex 7.23869 22.1359 1.45788
      vertex 5.49091 22.9281 1.45788
      vertex 7.02611 21.4859 2.02134
    endloop
  endfacet
  facet normal 0.0481104 0.772811 0.63281
    outer loop
      vertex 1.89065 24.315 0.880383
      vertex 0 24.4327 0.880383
      vertex 1.85405 23.8444 1.45788
    endloop
  endfacet
  facet normal -0.143308 0.76273 0.63064
    outer loop
      vertex -1.85405 23.8444 1.45788
      vertex -3.76309 23.9632 0.880383
      vertex -3.69025 23.4994 1.45788
    endloop
  endfacet
  facet normal 0.263385 0.58119 0.769965
    outer loop
      vertex 5.49091 22.9281 1.45788
      vertex 5.32966 22.2547 2.02134
      vertex 7.02611 21.4859 2.02134
    endloop
  endfacet
  facet normal 0.105052 0.331086 0.937735
    outer loop
      vertex 3.26302 20.7788 3.08462
      vertex 3.05561 19.458 3.57419
      vertex 4.85522 20.2736 3.08462
    endloop
  endfacet
  facet normal 0.10504 0.331108 0.937728
    outer loop
      vertex 4.85522 20.2736 3.08462
      vertex 3.05561 19.458 3.57419
      vertex 4.5466 18.985 3.57419
    endloop
  endfacet
  facet normal 0.063526 0.338067 0.938976
    outer loop
      vertex 3.26302 20.7788 3.08462
      vertex 1.5352 19.7437 3.57419
      vertex 3.05561 19.458 3.57419
    endloop
  endfacet
  facet normal -0.0726643 0.229019 0.970706
    outer loop
      vertex -2.81877 17.9498 4.02935
      vertex -4.19419 17.5134 4.02935
      vertex -2.55479 16.2688 4.44571
    endloop
  endfacet
  facet normal -0.214171 0.472595 0.85486
    outer loop
      vertex -5.32966 22.2547 2.02134
      vertex -7.02611 21.4859 2.02134
      vertex -6.74586 20.6289 2.56533
    endloop
  endfacet
  facet normal 0.0176538 0.283783 0.958726
    outer loop
      vertex 1.5352 19.7437 3.57419
      vertex 0 18.3015 4.02935
      vertex 1.4162 18.2134 4.02935
    endloop
  endfacet
  facet normal 0.0684018 0.150894 0.986181
    outer loop
      vertex 3.37199 14.0802 4.81924
      vertex 2.9101 12.1516 5.14637
      vertex 3.8364 11.7317 5.14637
    endloop
  endfacet
  facet normal 0.347819 0.0407263 0.936677
    outer loop
      vertex 15.3616 3.87044 3.57419
      vertex 14.379 1.79386 4.02935
      vertex 15.5871 1.94458 3.57419
    endloop
  endfacet
  facet normal 0.277715 0.0784514 0.957455
    outer loop
      vertex 13.3487 7.00368 4.02935
      vertex 12.5315 4.8151 4.44571
      vertex 13.8264 5.31264 4.02935
    endloop
  endfacet
  facet normal 0.485716 0.0960459 0.868824
    outer loop
      vertex 17.2891 4.35608 2.56533
      vertex 16.0055 6.14994 3.08462
      vertex 16.4043 4.13316 3.08462
    endloop
  endfacet
  facet normal 0.485745 0.0960727 0.868805
    outer loop
      vertex 16.8687 6.48163 2.56533
      vertex 16.0055 6.14994 3.08462
      vertex 17.2891 4.35608 2.56533
    endloop
  endfacet
  facet normal 0.362277 0.171425 0.916171
    outer loop
      vertex 14.7508 9.98696 3.08462
      vertex 13.0229 11.0221 3.57419
      vertex 13.8131 9.35215 3.57419
    endloop
  endfacet
  facet normal 0.456169 0.326421 0.827864
    outer loop
      vertex 12.9826 16.4446 2.02134
      vertex 12.4647 15.7887 2.56533
      vertex 13.6265 14.1651 2.56533
    endloop
  endfacet
  facet normal 0.21977 0.157261 0.962793
    outer loop
      vertex 11.1689 11.6103 4.02935
      vertex 9.25985 11.7291 4.44571
      vertex 10.1229 10.523 4.44571
    endloop
  endfacet
  facet normal 0.120703 0.12848 0.984339
    outer loop
      vertex 6.45358 12.2341 4.81924
      vertex 5.56959 10.5583 5.14637
      vertex 7.3692 11.3739 4.81924
    endloop
  endfacet
  facet normal 0.371953 0.395952 0.839567
    outer loop
      vertex 10.2003 19.3368 2.02134
      vertex 9.79348 18.5655 2.56533
      vertex 11.183 17.2602 2.56533
    endloop
  endfacet
  facet normal 0.214171 0.472595 0.85486
    outer loop
      vertex 7.02611 21.4859 2.02134
      vertex 5.32966 22.2547 2.02134
      vertex 6.74586 20.6289 2.56533
    endloop
  endfacet
  facet normal 0.23907 0.208257 0.948406
    outer loop
      vertex 11.0751 14.0285 3.57419
      vertex 9.93621 15.3359 3.57419
      vertex 10.2167 12.9411 4.02935
    endloop
  endfacet
  facet normal 0.314955 0.225355 0.921964
    outer loop
      vertex 11.8269 14.9807 3.08462
      vertex 11.0751 14.0285 3.57419
      vertex 12.1073 12.5859 3.57419
    endloop
  endfacet
  facet normal 0.127078 0.167374 0.977669
    outer loop
      vertex 7.27541 13.792 4.44571
      vertex 6.17313 14.6289 4.44571
      vertex 6.45358 12.2341 4.81924
    endloop
  endfacet
  facet normal 0.147007 0.0548926 0.987611
    outer loop
      vertex 8.84126 5.98595 5.14637
      vertex 7.35286 4.97824 5.42393
      vertex 9.2619 4.85944 5.14637
    endloop
  endfacet
  facet normal 0.48153 0.634251 0.60486
    outer loop
      vertex 10.7164 20.315 0.880383
      vertex 9.09274 21.5477 0.880383
      vertex 10.5089 19.9218 1.45788
    endloop
  endfacet
  facet normal 0.663555 0.474795 0.578156
    outer loop
      vertex 13.6393 17.2765 0.880383
      vertex 13.3754 16.9421 1.45788
      vertex 14.622 15.1999 1.45788
    endloop
  endfacet
  facet normal 0.407929 0.238847 0.881218
    outer loop
      vertex 14.657 12.4051 2.56533
      vertex 13.6265 14.1651 2.56533
      vertex 13.9069 11.7703 3.08462
    endloop
  endfacet
  facet normal 0.521214 0.246617 0.817017
    outer loop
      vertex 15.2659 12.9204 2.02134
      vertex 14.657 12.4051 2.56533
      vertex 15.5463 10.5256 2.56533
    endloop
  endfacet
  facet normal 0.833352 0.097565 0.544064
    outer loop
      vertex 19.1961 2.39482 0.880383
      vertex 18.5522 4.67432 1.45788
      vertex 18.8245 2.34847 1.45788
    endloop
  endfacet
  facet normal 0.566252 0.159954 0.808563
    outer loop
      vertex 16.9625 8.89974 2.02134
      vertex 16.286 8.54476 2.56533
      vertex 17.5695 6.7509 2.02134
    endloop
  endfacet
  facet normal 0.678301 0.191605 0.709363
    outer loop
      vertex 17.4757 9.16901 1.45788
      vertex 16.9625 8.89974 2.02134
      vertex 17.5695 6.7509 2.02134
    endloop
  endfacet
  facet normal 0.839308 0.0325578 0.54268
    outer loop
      vertex 19.1961 2.39482 0.880383
      vertex 18.8245 2.34847 1.45788
      vertex 18.9156 0 1.45788
    endloop
  endfacet
  facet normal 0.678278 0.191609 0.709383
    outer loop
      vertex 18.1011 6.95515 1.45788
      vertex 17.4757 9.16901 1.45788
      vertex 17.5695 6.7509 2.02134
    endloop
  endfacet
  facet normal 0.592788 0.347085 0.726728
    outer loop
      vertex 14.622 15.1999 1.45788
      vertex 14.1926 14.7535 2.02134
      vertex 15.7278 13.3113 1.45788
    endloop
  endfacet
  facet normal 0.709034 0.415148 0.57002
    outer loop
      vertex 16.0382 13.5741 0.880383
      vertex 14.622 15.1999 1.45788
      vertex 15.7278 13.3113 1.45788
    endloop
  endfacet
  facet normal 0.767376 0.549042 0.33119
    outer loop
      vertex 13.772 17.4445 0.294406
      vertex 13.6393 17.2765 0.880383
      vertex 15.0555 15.6506 0.294406
    endloop
  endfacet
  facet normal 0.767398 0.549135 0.330987
    outer loop
      vertex 15.0555 15.6506 0.294406
      vertex 13.6393 17.2765 0.880383
      vertex 14.9106 15.4999 0.880383
    endloop
  endfacet
  facet normal 0.816189 0.477897 0.324731
    outer loop
      vertex 15.0555 15.6506 0.294406
      vertex 14.9106 15.4999 0.880383
      vertex 16.0382 13.5741 0.880383
    endloop
  endfacet
  facet normal 0.936838 0.349763 0
    outer loop
      vertex 17.9939 9.4409 0.294406
      vertex 17.1768 11.6295 0
      vertex 17.1768 11.6295 0.294406
    endloop
  endfacet
  facet normal 0.936838 0.349763 0
    outer loop
      vertex 17.1768 11.6295 0
      vertex 17.9939 9.4409 0.294406
      vertex 17.9939 9.4409 0
    endloop
  endfacet
  facet normal 0.833427 0.0976183 0.543939
    outer loop
      vertex 18.9183 4.76657 0.880383
      vertex 18.5522 4.67432 1.45788
      vertex 19.1961 2.39482 0.880383
    endloop
  endfacet
  facet normal -0.54618 0.203959 0.812458
    outer loop
      vertex -16.1922 10.9629 2.02134
      vertex -16.286 8.54476 2.56533
      vertex -15.5463 10.5256 2.56533
    endloop
  endfacet
  facet normal -0.546258 0.20395 0.812408
    outer loop
      vertex -16.1922 10.9629 2.02134
      vertex -16.9625 8.89974 2.02134
      vertex -16.286 8.54476 2.56533
    endloop
  endfacet
  facet normal -0.566218 0.15992 0.808594
    outer loop
      vertex -16.286 8.54476 2.56533
      vertex -17.5695 6.7509 2.02134
      vertex -16.8687 6.48163 2.56533
    endloop
  endfacet
  facet normal -0.472709 0.133509 0.871046
    outer loop
      vertex -16.286 8.54476 2.56533
      vertex -16.8687 6.48163 2.56533
      vertex -16.0055 6.14994 3.08462
    endloop
  endfacet
  facet normal -0.914782 0.258404 0.310485
    outer loop
      vertex -17.9939 9.4409 0.294406
      vertex -18.4584 7.09243 0.880383
      vertex -17.8207 9.34997 0.880383
    endloop
  endfacet
  facet normal -0.803167 0.226889 0.550858
    outer loop
      vertex -17.4757 9.16901 1.45788
      vertex -18.4584 7.09243 0.880383
      vertex -18.1011 6.95515 1.45788
    endloop
  endfacet
  facet normal -0.709034 0.415148 0.57002
    outer loop
      vertex -14.622 15.1999 1.45788
      vertex -16.0382 13.5741 0.880383
      vertex -15.7278 13.3113 1.45788
    endloop
  endfacet
  facet normal -0.49118 0.287591 0.822212
    outer loop
      vertex -14.1926 14.7535 2.02134
      vertex -15.2659 12.9204 2.02134
      vertex -14.657 12.4051 2.56533
    endloop
  endfacet
  facet normal -0.856631 0.405323 0.319213
    outer loop
      vertex -16.1941 13.7061 0.294406
      vertex -17.0113 11.5175 0.880383
      vertex -16.0382 13.5741 0.880383
    endloop
  endfacet
  facet normal -0.592788 0.347085 0.726728
    outer loop
      vertex -14.622 15.1999 1.45788
      vertex -15.7278 13.3113 1.45788
      vertex -14.1926 14.7535 2.02134
    endloop
  endfacet
  facet normal -0.266067 0.350458 0.897991
    outer loop
      vertex -8.30968 19.692 2.56533
      vertex -9.79348 18.5655 2.56533
      vertex -9.2923 17.6154 3.08462
    endloop
  endfacet
  facet normal -0.453386 0.482598 0.74936
    outer loop
      vertex -10.5089 19.9218 1.45788
      vertex -11.6475 17.9772 2.02134
      vertex -10.2003 19.3368 2.02134
    endloop
  endfacet
  facet normal -0.331774 -0.093716 0.938692
    outer loop
      vertex -13.8264 -5.31264 4.02935
      vertex -14.9881 -5.75902 3.57419
      vertex -14.4703 -7.59214 3.57419
    endloop
  endfacet
  facet normal -0.341375 -0.067513 0.937499
    outer loop
      vertex -13.8264 -5.31264 4.02935
      vertex -15.3616 -3.87044 3.57419
      vertex -14.9881 -5.75902 3.57419
    endloop
  endfacet
  facet normal -0.418196 -0.0162153 0.908212
    outer loop
      vertex -15.6625 0 3.57419
      vertex -16.6452 -2.07658 3.08462
      vertex -15.5871 -1.94458 3.57419
    endloop
  endfacet
  facet normal -0.414431 -0.0485259 0.908786
    outer loop
      vertex -15.5871 -1.94458 3.57419
      vertex -16.6452 -2.07658 3.08462
      vertex -15.3616 -3.87044 3.57419
    endloop
  endfacet
  facet normal -0.596162 0.0231194 0.802532
    outer loop
      vertex -18.2717 2.2795 2.02134
      vertex -18.3601 0 2.02134
      vertex -17.6278 0 2.56533
    endloop
  endfacet
  facet normal -0.498821 0.0193504 0.866489
    outer loop
      vertex -17.5429 2.18858 2.56533
      vertex -17.6278 0 2.56533
      vertex -16.6452 2.07658 3.08462
    endloop
  endfacet
  facet normal -0.341365 -0.0675011 0.937504
    outer loop
      vertex -14.1709 -3.57044 4.02935
      vertex -15.3616 -3.87044 3.57419
      vertex -13.8264 -5.31264 4.02935
    endloop
  endfacet
  facet normal -0.291337 -0.0341259 0.956011
    outer loop
      vertex -12.8438 -3.23606 4.44571
      vertex -14.379 -1.79386 4.02935
      vertex -14.1709 -3.57044 4.02935
    endloop
  endfacet
  facet normal -0.581219 0.114939 0.805589
    outer loop
      vertex -17.5695 6.7509 2.02134
      vertex -18.0073 4.53705 2.02134
      vertex -17.2891 4.35608 2.56533
    endloop
  endfacet
  facet normal -0.581183 0.114949 0.805613
    outer loop
      vertex -16.8687 6.48163 2.56533
      vertex -17.5695 6.7509 2.02134
      vertex -17.2891 4.35608 2.56533
    endloop
  endfacet
  facet normal -0.951734 0.0369183 0.304697
    outer loop
      vertex -19.3827 2.41811 0.294406
      vertex -19.4765 0 0.294406
      vertex -19.2889 0 0.880383
    endloop
  endfacet
  facet normal -0.833352 0.097565 0.544064
    outer loop
      vertex -18.5522 4.67432 1.45788
      vertex -19.1961 2.39482 0.880383
      vertex -18.8245 2.34847 1.45788
    endloop
  endfacet
  facet normal -0.839308 0.0325578 0.54268
    outer loop
      vertex -18.8245 2.34847 1.45788
      vertex -19.1961 2.39482 0.880383
      vertex -18.9156 0 1.45788
    endloop
  endfacet
  facet normal -0.479712 0.80075 0.358714
    outer loop
      vertex -7.45334 22.7923 0.294406
      vertex -9.18116 21.7572 0.294406
      vertex -7.38156 22.5728 0.880383
    endloop
  endfacet
  facet normal -0.981003 -0.19399 0
    outer loop
      vertex -18.6379 -7.16139 0
      vertex -19.1023 -4.81293 0.294406
      vertex -19.1023 -4.81293 0
    endloop
  endfacet
  facet normal -0.981003 -0.19399 0
    outer loop
      vertex -19.1023 -4.81293 0.294406
      vertex -18.6379 -7.16139 0
      vertex -18.6379 -7.16139 0.294406
    endloop
  endfacet
  facet normal -0.962333 -0.271875 0
    outer loop
      vertex -17.9939 -9.4409 0
      vertex -18.6379 -7.16139 0.294406
      vertex -18.6379 -7.16139 0
    endloop
  endfacet
  facet normal -0.962333 -0.271875 0
    outer loop
      vertex -18.6379 -7.16139 0.294406
      vertex -17.9939 -9.4409 0
      vertex -17.9939 -9.4409 0.294406
    endloop
  endfacet
  facet normal -0.821425 -0.16246 0.546688
    outer loop
      vertex -18.5522 -4.67432 1.45788
      vertex -18.9183 -4.76657 0.880383
      vertex -18.1011 -6.95515 1.45788
    endloop
  endfacet
  facet normal -0.695076 -0.137471 0.705671
    outer loop
      vertex -18.0073 -4.53705 2.02134
      vertex -18.5522 -4.67432 1.45788
      vertex -18.1011 -6.95515 1.45788
    endloop
  endfacet
  facet normal -0.889312 -0.332087 0.314391
    outer loop
      vertex -17.8207 -9.34997 0.880383
      vertex -17.9939 -9.4409 0.294406
      vertex -17.0113 -11.5175 0.880383
    endloop
  endfacet
  facet normal -0.678278 -0.191609 0.709383
    outer loop
      vertex -17.5695 -6.7509 2.02134
      vertex -18.1011 -6.95515 1.45788
      vertex -17.4757 -9.16901 1.45788
    endloop
  endfacet
  facet normal -0.833427 -0.0976183 0.543939
    outer loop
      vertex -18.5522 -4.67432 1.45788
      vertex -19.1961 -2.39482 0.880383
      vertex -18.9183 -4.76657 0.880383
    endloop
  endfacet
  facet normal -0.695112 -0.137462 0.705637
    outer loop
      vertex -18.0073 -4.53705 2.02134
      vertex -18.1011 -6.95515 1.45788
      vertex -17.5695 -6.7509 2.02134
    endloop
  endfacet
  facet normal -0.596162 -0.0231194 0.802532
    outer loop
      vertex -17.6278 0 2.56533
      vertex -18.3601 0 2.02134
      vertex -18.2717 -2.2795 2.02134
    endloop
  endfacet
  facet normal -0.596147 -0.0231259 0.802542
    outer loop
      vertex -17.6278 0 2.56533
      vertex -18.2717 -2.2795 2.02134
      vertex -17.5429 -2.18858 2.56533
    endloop
  endfacet
  facet normal -0.816189 -0.477897 0.324731
    outer loop
      vertex -14.9106 -15.4999 0.880383
      vertex -16.0382 -13.5741 0.880383
      vertex -15.0555 -15.6506 0.294406
    endloop
  endfacet
  facet normal -0.709039 -0.415159 0.570005
    outer loop
      vertex -14.622 -15.1999 1.45788
      vertex -16.0382 -13.5741 0.880383
      vertex -14.9106 -15.4999 0.880383
    endloop
  endfacet
  facet normal -0.747309 -0.353596 0.562583
    outer loop
      vertex -15.7278 -13.3113 1.45788
      vertex -17.0113 -11.5175 0.880383
      vertex -16.0382 -13.5741 0.880383
    endloop
  endfacet
  facet normal -0.903898 -0.427748 0
    outer loop
      vertex -16.1941 -13.7061 0
      vertex -17.1768 -11.6295 0.294406
      vertex -17.1768 -11.6295 0
    endloop
  endfacet
  facet normal -0.903898 -0.427748 0
    outer loop
      vertex -17.1768 -11.6295 0.294406
      vertex -16.1941 -13.7061 0
      vertex -16.1941 -13.7061 0.294406
    endloop
  endfacet
  facet normal -0.813274 -0.581881 0
    outer loop
      vertex -13.772 -17.4445 0
      vertex -15.0555 -15.6506 0.294406
      vertex -15.0555 -15.6506 0
    endloop
  endfacet
  facet normal -0.813274 -0.581881 0
    outer loop
      vertex -15.0555 -15.6506 0.294406
      vertex -13.772 -17.4445 0
      vertex -13.772 -17.4445 0.294406
    endloop
  endfacet
  facet normal -0.709696 -0.618163 0.337945
    outer loop
      vertex -13.6393 -17.2765 0.880383
      vertex -13.772 -17.4445 0.294406
      vertex -12.3558 -19.0704 0.294406
    endloop
  endfacet
  facet normal -0.481548 -0.634258 0.604838
    outer loop
      vertex -8.91676 -21.1306 1.45788
      vertex -10.5089 -19.9218 1.45788
      vertex -9.09274 -21.5477 0.880383
    endloop
  endfacet
  facet normal -0.565954 -0.745499 0.352033
    outer loop
      vertex -10.7164 -20.315 0.880383
      vertex -10.8206 -20.5126 0.294406
      vertex -9.18116 -21.7572 0.294406
    endloop
  endfacet
  facet normal -0.405974 -0.677661 0.613156
    outer loop
      vertex -8.91676 -21.1306 1.45788
      vertex -9.09274 -21.5477 0.880383
      vertex -7.23869 -22.1359 1.45788
    endloop
  endfacet
  facet normal -0.235726 -0.742977 0.626433
    outer loop
      vertex -3.69025 -23.4994 1.45788
      vertex -5.49091 -22.9281 1.45788
      vertex -3.76309 -23.9632 0.880383
    endloop
  endfacet
  facet normal 0.412836 -0.910805 0
    outer loop
      vertex 5.65373 -23.608 0
      vertex 7.45334 -22.7923 0.294406
      vertex 5.65373 -23.608 0.294406
    endloop
  endfacet
  facet normal 0.412836 -0.910805 0
    outer loop
      vertex 7.45334 -22.7923 0.294406
      vertex 5.65373 -23.608 0
      vertex 7.45334 -22.7923 0
    endloop
  endfacet
  facet normal 0.479712 -0.80075 0.358714
    outer loop
      vertex 9.18116 -21.7572 0.294406
      vertex 7.38156 -22.5728 0.880383
      vertex 7.45334 -22.7923 0.294406
    endloop
  endfacet
  facet normal -0.115975 -0.617194 0.778217
    outer loop
      vertex -3.58188 -22.8093 2.02134
      vertex -3.69025 -23.4994 1.45788
      vertex -1.79961 -23.1442 2.02134
    endloop
  endfacet
  facet normal 0.022644 0.0713672 0.997193
    outer loop
      vertex 1.90698 7.96287 5.64926
      vertex 1.28162 8.16129 5.64926
      vertex 1.3754 5.74318 5.82019
    endloop
  endfacet
  facet normal -0.0398357 -0.0664951 0.996991
    outer loop
      vertex -2.23353 -5.29295 5.82019
      vertex -2.51398 -7.68777 5.64926
      vertex -1.8132 -5.54476 5.82019
    endloop
  endfacet
  facet normal -0.00148812 0.0239167 0.999713
    outer loop
      vertex 0 3.62424 5.93506
      vertex -0.280451 3.60679 5.93506
      vertex 0 1.21197 5.99277
    endloop
  endfacet
  facet normal 0.0260125 -0.0123087 0.999586
    outer loop
      vertex 2.52339 -1.70846 5.93506
      vertex 0.795566 -0.673335 5.99277
      vertex 2.37904 -2.01352 5.93506
    endloop
  endfacet
  facet normal 0.047894 -0.0630836 0.996858
    outer loop
      vertex 2.63235 -4.99016 5.82019
      vertex 2.23353 -5.29295 5.82019
      vertex 3.64974 -6.91881 5.64926
    endloop
  endfacet
  facet normal 0.0180671 -0.019232 0.999652
    outer loop
      vertex 1.81515 -2.80158 5.93506
      vertex 0.53158 -1.00772 5.99277
      vertex 1.58962 -3.01345 5.93506
    endloop
  endfacet
  facet normal 0.0747802 0.043785 0.996238
    outer loop
      vertex 5.07818 5.2789 5.64926
      vertex 3.66261 3.80738 5.82019
      vertex 5.46222 4.623 5.64926
    endloop
  endfacet
  facet normal 0.0593316 -0.011733 0.998169
    outer loop
      vertex 4.64707 -1.17086 5.82019
      vertex 2.73804 -1.05206 5.93506
      vertex 4.53409 -1.74218 5.82019
    endloop
  endfacet
  facet normal 0.0274152 -0.0102363 0.999572
    outer loop
      vertex 2.64344 -1.38694 5.93506
      vertex 0.883986 -0.463801 5.99277
      vertex 2.52339 -1.70846 5.93506
    endloop
  endfacet
  facet normal 0.0260125 0.0123087 0.999586
    outer loop
      vertex 2.37904 2.01352 5.93506
      vertex 0.795566 0.673335 5.99277
      vertex 2.52339 1.70846 5.93506
    endloop
  endfacet
  facet normal 0.0610886 0.00236873 0.99813
    outer loop
      vertex 4.7153 0.588261 5.82019
      vertex 2.84747 0.355237 5.93506
      vertex 4.73811 0 5.82019
    endloop
  endfacet
  facet normal -0.0929365 0.00360412 0.995666
    outer loop
      vertex -6.53772 0.815618 5.64926
      vertex -6.56935 0 5.64926
      vertex -4.73811 0 5.82019
    endloop
  endfacet
  facet normal -0.182515 -0.0681514 0.980838
    outer loop
      vertex -9.2619 -4.85944 5.14637
      vertex -10.2445 -6.93602 4.81924
      vertex -8.84126 -5.98595 5.14637
    endloop
  endfacet
  facet normal -0.0697513 -0.116429 0.990747
    outer loop
      vertex -3.19056 -9.75673 5.42393
      vertex -4.72575 -11.1989 5.14637
      vertex -3.8364 -11.7317 5.14637
    endloop
  endfacet
  facet normal -0.0554878 -0.059065 0.996711
    outer loop
      vertex -3.00583 -4.63931 5.82019
      vertex -4.16755 -6.43236 5.64926
      vertex -3.64974 -6.91881 5.64926
    endloop
  endfacet
  facet normal -0.0453325 -0.0324371 0.998445
    outer loop
      vertex -2.0232 -2.56273 5.93506
      vertex -3.66261 -3.80738 5.82019
      vertex -3.35035 -4.24378 5.82019
    endloop
  endfacet
  facet normal -0.0605012 -0.00708507 0.998143
    outer loop
      vertex -2.84747 -0.355237 5.93506
      vertex -4.64707 -1.17086 5.82019
      vertex -2.80627 -0.707054 5.93506
    endloop
  endfacet
  facet normal -0.201381 0.00780997 0.979482
    outer loop
      vertex -9.97673 1.24465 5.14637
      vertex -11.6161 0 4.81924
      vertex -10.025 0 5.14637
    endloop
  endfacet
  facet normal -0.195667 -0.0386956 0.979907
    outer loop
      vertex -9.83238 -2.47732 5.14637
      vertex -11.3929 -2.87051 4.81924
      vertex -11.1159 -4.27118 4.81924
    endloop
  endfacet
  facet normal 0.127066 -0.167373 0.977671
    outer loop
      vertex 6.45358 -12.2341 4.81924
      vertex 5.47581 -12.9764 4.81924
      vertex 6.17313 -14.6289 4.44571
    endloop
  endfacet
  facet normal 0.0493295 -0.155521 0.9866
    outer loop
      vertex 2.9101 -12.1516 5.14637
      vertex 1.95578 -12.4543 5.14637
      vertex 2.2662 -14.4311 4.81924
    endloop
  endfacet
  facet normal 0.153217 -0.201803 0.967368
    outer loop
      vertex 7.27541 -13.792 4.44571
      vertex 6.17313 -14.6289 4.44571
      vertex 8.02718 -15.2171 4.02935
    endloop
  endfacet
  facet normal 0.147092 -0.156568 0.976653
    outer loop
      vertex 7.3692 -11.3739 4.81924
      vertex 6.45358 -12.2341 4.81924
      vertex 8.30763 -12.8223 4.44571
    endloop
  endfacet
  facet normal 0.0683802 -0.150891 0.986183
    outer loop
      vertex 3.8364 -11.7317 5.14637
      vertex 3.37199 -14.0802 4.81924
      vertex 4.4453 -13.5938 4.81924
    endloop
  endfacet
  facet normal 0.0261648 -0.0436752 0.998703
    outer loop
      vertex 2.23353 -5.29295 5.82019
      vertex 1.34878 -3.1963 5.93506
      vertex 1.8132 -5.54476 5.82019
    endloop
  endfacet
  facet normal 0.104232 -0.137301 0.98503
    outer loop
      vertex 5.56959 -10.5583 5.14637
      vertex 4.72575 -11.1989 5.14637
      vertex 5.47581 -12.9764 4.81924
    endloop
  endfacet
  facet normal 0.120703 -0.12848 0.984339
    outer loop
      vertex 7.3692 -11.3739 4.81924
      vertex 5.56959 -10.5583 5.14637
      vertex 6.45358 -12.2341 4.81924
    endloop
  endfacet
  facet normal 0.173285 -0.0819955 0.981452
    outer loop
      vertex 8.84126 -5.98595 5.14637
      vertex 8.33549 -7.05482 5.14637
      vertex 9.65846 -8.17453 4.81924
    endloop
  endfacet
  facet normal 0.139542 -0.0660289 0.988012
    outer loop
      vertex 8.84126 -5.98595 5.14637
      vertex 7.35286 -4.97824 5.42393
      vertex 8.33549 -7.05482 5.14637
    endloop
  endfacet
  facet normal 0.266944 -0.0996694 0.958544
    outer loop
      vertex 13.3487 -7.00368 4.02935
      vertex 11.5491 -7.8193 4.44571
      vertex 12.7425 -8.62726 4.02935
    endloop
  endfacet
  facet normal 0.31497 -0.225355 0.921959
    outer loop
      vertex 12.1073 -12.5859 3.57419
      vertex 11.8269 -14.9807 3.08462
      vertex 12.9291 -13.4402 3.08462
    endloop
  endfacet
  facet normal 0.284635 -0.166653 0.944039
    outer loop
      vertex 13.0229 -11.0221 3.57419
      vertex 11.1689 -11.6103 4.02935
      vertex 12.1073 -12.5859 3.57419
    endloop
  endfacet
  facet normal 0.340306 -0.199264 0.918959
    outer loop
      vertex 13.9069 -11.7703 3.08462
      vertex 12.1073 -12.5859 3.57419
      vertex 12.9291 -13.4402 3.08462
    endloop
  endfacet
  facet normal 0.197667 -0.115729 0.973414
    outer loop
      vertex 10.8884 -9.21552 4.44571
      vertex 8.97939 -9.33432 4.81924
      vertex 10.1229 -10.523 4.44571
    endloop
  endfacet
  facet normal 0.237866 -0.139265 0.961262
    outer loop
      vertex 10.8884 -9.21552 4.44571
      vertex 10.1229 -10.523 4.44571
      vertex 11.1689 -11.6103 4.02935
    endloop
  endfacet
  facet normal -0.472652 -0.133522 0.871075
    outer loop
      vertex -16.0055 -6.14994 3.08462
      vertex -16.286 -8.54476 2.56533
      vertex -15.4525 -8.10749 3.08462
    endloop
  endfacet
  facet normal -0.627218 -0.296803 0.720073
    outer loop
      vertex -15.2659 -12.9204 2.02134
      vertex -16.1922 -10.9629 2.02134
      vertex -15.7278 -13.3113 1.45788
    endloop
  endfacet
  facet normal -0.340299 -0.199244 0.918966
    outer loop
      vertex -13.0229 -11.0221 3.57419
      vertex -13.9069 -11.7703 3.08462
      vertex -12.1073 -12.5859 3.57419
    endloop
  endfacet
  facet normal -0.592788 -0.347085 0.726728
    outer loop
      vertex -14.1926 -14.7535 2.02134
      vertex -15.7278 -13.3113 1.45788
      vertex -14.622 -15.1999 1.45788
    endloop
  endfacet
  facet normal -0.395692 -0.111771 0.911556
    outer loop
      vertex -14.9881 -5.75902 3.57419
      vertex -16.0055 -6.14994 3.08462
      vertex -14.4703 -7.59214 3.57419
    endloop
  endfacet
  facet normal -0.406924 -0.0804765 0.90991
    outer loop
      vertex -15.3616 -3.87044 3.57419
      vertex -16.0055 -6.14994 3.08462
      vertex -14.9881 -5.75902 3.57419
    endloop
  endfacet
  facet normal -0.803147 -0.226869 0.550895
    outer loop
      vertex -17.4757 -9.16901 1.45788
      vertex -18.4584 -7.09243 0.880383
      vertex -17.8207 -9.34997 0.880383
    endloop
  endfacet
  facet normal -0.803167 -0.226889 0.550858
    outer loop
      vertex -18.1011 -6.95515 1.45788
      vertex -18.4584 -7.09243 0.880383
      vertex -17.4757 -9.16901 1.45788
    endloop
  endfacet
  facet normal -0.407929 -0.238847 0.881218
    outer loop
      vertex -13.9069 -11.7703 3.08462
      vertex -14.657 -12.4051 2.56533
      vertex -13.6265 -14.1651 2.56533
    endloop
  endfacet
  facet normal -0.263173 -0.188303 0.946194
    outer loop
      vertex -11.1689 -11.6103 4.02935
      vertex -12.1073 -12.5859 3.57419
      vertex -10.2167 -12.9411 4.02935
    endloop
  endfacet
  facet normal -0.610508 -0.531793 0.58692
    outer loop
      vertex -13.3754 -16.9421 1.45788
      vertex -13.6393 -17.2765 0.880383
      vertex -11.9999 -18.5212 1.45788
    endloop
  endfacet
  facet normal -0.50578 -0.440568 0.741678
    outer loop
      vertex -11.6475 -17.9772 2.02134
      vertex -13.3754 -16.9421 1.45788
      vertex -11.9999 -18.5212 1.45788
    endloop
  endfacet
  facet normal -0.145372 -0.320763 0.935937
    outer loop
      vertex -5.9938 -18.3291 3.57419
      vertex -6.40065 -19.5732 3.08462
      vertex -4.85522 -20.2736 3.08462
    endloop
  endfacet
  facet normal -0.323164 -0.425654 0.845212
    outer loop
      vertex -8.30968 -19.692 2.56533
      vertex -10.2003 -19.3368 2.02134
      vertex -8.65489 -20.5101 2.02134
    endloop
  endfacet
  facet normal -0.0527943 -0.280909 0.958281
    outer loop
      vertex -2.81877 -17.9498 4.02935
      vertex -3.05561 -19.458 3.57419
      vertex -1.4162 -18.2134 4.02935
    endloop
  endfacet
  facet normal -0.266086 -0.350465 0.897983
    outer loop
      vertex -7.88444 -18.6843 3.08462
      vertex -9.2923 -17.6154 3.08462
      vertex -8.30968 -19.692 2.56533
    endloop
  endfacet
  facet normal -0.0601948 -0.189732 0.979989
    outer loop
      vertex -3.37199 -14.0802 4.81924
      vertex -3.80139 -15.8733 4.44571
      vertex -2.55479 -16.2688 4.44571
    endloop
  endfacet
  facet normal -0.0481005 -0.772797 0.632827
    outer loop
      vertex 0 -23.9598 1.45788
      vertex -1.85405 -23.8444 1.45788
      vertex 0 -24.4327 0.880383
    endloop
  endfacet
  facet normal -0.513914 -0.857841 0
    outer loop
      vertex -9.18116 -21.7572 0
      vertex -7.45334 -22.7923 0.294406
      vertex -9.18116 -21.7572 0.294406
    endloop
  endfacet
  facet normal -0.513914 -0.857841 -0
    outer loop
      vertex -7.45334 -22.7923 0.294406
      vertex -9.18116 -21.7572 0
      vertex -7.45334 -22.7923 0
    endloop
  endfacet
  facet normal -0.479712 -0.80075 0.358714
    outer loop
      vertex -7.38156 -22.5728 0.880383
      vertex -9.18116 -21.7572 0.294406
      vertex -7.45334 -22.7923 0.294406
    endloop
  endfacet
  facet normal -0.384393 -0.848053 0.364757
    outer loop
      vertex -7.38156 -22.5728 0.880383
      vertex -7.45334 -22.7923 0.294406
      vertex -5.65373 -23.608 0.294406
    endloop
  endfacet
  facet normal -0.1713 -0.911738 0.37335
    outer loop
      vertex -1.89065 -24.315 0.880383
      vertex -3.76309 -23.9632 0.880383
      vertex -1.90903 -24.5515 0.294406
    endloop
  endfacet
  facet normal 0.709696 -0.618163 0.337945
    outer loop
      vertex 13.6393 -17.2765 0.880383
      vertex 12.3558 -19.0704 0.294406
      vertex 13.772 -17.4445 0.294406
    endloop
  endfacet
  facet normal 0.453386 -0.482598 0.74936
    outer loop
      vertex 11.6475 -17.9772 2.02134
      vertex 10.2003 -19.3368 2.02134
      vertex 10.5089 -19.9218 1.45788
    endloop
  endfacet
  facet normal 0.453314 -0.482573 0.749419
    outer loop
      vertex 11.6475 -17.9772 2.02134
      vertex 10.5089 -19.9218 1.45788
      vertex 11.9999 -18.5212 1.45788
    endloop
  endfacet
  facet normal 0.81616 -0.477902 0.324795
    outer loop
      vertex 16.0382 -13.5741 0.880383
      vertex 15.0555 -15.6506 0.294406
      vertex 16.1941 -13.7061 0.294406
    endloop
  endfacet
  facet normal 0.856631 -0.405323 0.319213
    outer loop
      vertex 17.0113 -11.5175 0.880383
      vertex 16.0382 -13.5741 0.880383
      vertex 16.1941 -13.7061 0.294406
    endloop
  endfacet
  facet normal 0.592787 -0.347083 0.72673
    outer loop
      vertex 15.2659 -12.9204 2.02134
      vertex 14.1926 -14.7535 2.02134
      vertex 15.7278 -13.3113 1.45788
    endloop
  endfacet
  facet normal 0.472652 -0.133522 0.871075
    outer loop
      vertex 16.0055 -6.14994 3.08462
      vertex 15.4525 -8.10749 3.08462
      vertex 16.286 -8.54476 2.56533
    endloop
  endfacet
  facet normal 0.362283 -0.171437 0.916166
    outer loop
      vertex 14.7508 -9.98696 3.08462
      vertex 13.0229 -11.0221 3.57419
      vertex 13.9069 -11.7703 3.08462
    endloop
  endfacet
  facet normal -0.962333 0.271875 0
    outer loop
      vertex -18.6379 7.16139 0
      vertex -17.9939 9.4409 0.294406
      vertex -17.9939 9.4409 0
    endloop
  endfacet
  facet normal -0.962333 0.271875 0
    outer loop
      vertex -17.9939 9.4409 0.294406
      vertex -18.6379 7.16139 0
      vertex -18.6379 7.16139 0.294406
    endloop
  endfacet
  facet normal -0.936838 0.349763 0
    outer loop
      vertex -17.9939 9.4409 0
      vertex -17.1768 11.6295 0.294406
      vertex -17.1768 11.6295 0
    endloop
  endfacet
  facet normal -0.936838 0.349763 0
    outer loop
      vertex -17.1768 11.6295 0.294406
      vertex -17.9939 9.4409 0
      vertex -17.9939 9.4409 0.294406
    endloop
  endfacet
  facet normal -0.993215 0.116292 0
    outer loop
      vertex -19.3827 2.41811 0
      vertex -19.1023 4.81293 0.294406
      vertex -19.1023 4.81293 0
    endloop
  endfacet
  facet normal -0.993215 0.116292 0
    outer loop
      vertex -19.1023 4.81293 0.294406
      vertex -19.3827 2.41811 0
      vertex -19.3827 2.41811 0.294406
    endloop
  endfacet
  facet normal -0.767376 0.549042 0.33119
    outer loop
      vertex -13.772 17.4445 0.294406
      vertex -15.0555 15.6506 0.294406
      vertex -13.6393 17.2765 0.880383
    endloop
  endfacet
  facet normal -0.302398 0.953182 0
    outer loop
      vertex -3.79968 24.1962 0
      vertex -5.65373 23.608 0.294406
      vertex -3.79968 24.1962 0.294406
    endloop
  endfacet
  facet normal -0.302398 0.953182 0
    outer loop
      vertex -5.65373 23.608 0.294406
      vertex -3.79968 24.1962 0
      vertex -5.65373 23.608 0
    endloop
  endfacet
  facet normal 0.0620583 0.998073 -0
    outer loop
      vertex 1.90903 24.5515 0
      vertex 0 24.6702 0.294406
      vertex 1.90903 24.5515 0.294406
    endloop
  endfacet
  facet normal 0.0620583 0.998073 0
    outer loop
      vertex 0 24.6702 0.294406
      vertex 1.90903 24.5515 0
      vertex 0 24.6702 0
    endloop
  endfacet
  facet normal -0.0575295 0.925236 0.375004
    outer loop
      vertex 0 24.6702 0.294406
      vertex -1.90903 24.5515 0.294406
      vertex 0 24.4327 0.880383
    endloop
  endfacet
  facet normal 0.0481005 0.772797 0.632827
    outer loop
      vertex 0 24.4327 0.880383
      vertex 0 23.9598 1.45788
      vertex 1.85405 23.8444 1.45788
    endloop
  endfacet
  facet normal 0.0314567 0.505598 0.862196
    outer loop
      vertex 1.79961 23.1442 2.02134
      vertex 0 22.3285 2.56533
      vertex 1.72783 22.221 2.56533
    endloop
  endfacet
  facet normal -0.0257339 0.413617 0.910087
    outer loop
      vertex 0 22.3285 2.56533
      vertex -1.72783 22.221 2.56533
      vertex -1.63941 21.0839 3.08462
    endloop
  endfacet
  facet normal -0.093954 0.500004 0.860911
    outer loop
      vertex -1.79961 23.1442 2.02134
      vertex -3.58188 22.8093 2.02134
      vertex -3.43901 21.8995 2.56533
    endloop
  endfacet
  facet normal -0.235726 0.742977 0.626433
    outer loop
      vertex -3.76309 23.9632 0.880383
      vertex -5.49091 22.9281 1.45788
      vertex -3.69025 23.4994 1.45788
    endloop
  endfacet
  facet normal -0.0635273 0.338065 0.938976
    outer loop
      vertex -1.63941 21.0839 3.08462
      vertex -3.26302 20.7788 3.08462
      vertex -1.5352 19.7437 3.57419
    endloop
  endfacet
  facet normal -0.663555 0.474795 0.578156
    outer loop
      vertex -13.6393 17.2765 0.880383
      vertex -14.622 15.1999 1.45788
      vertex -13.3754 16.9421 1.45788
    endloop
  endfacet
  facet normal -0.610508 0.531793 0.58692
    outer loop
      vertex -11.9999 18.5212 1.45788
      vertex -13.6393 17.2765 0.880383
      vertex -13.3754 16.9421 1.45788
    endloop
  endfacet
  facet normal 0.201378 0.00780546 0.979482
    outer loop
      vertex 11.5602 1.4422 4.81924
      vertex 9.97673 1.24465 5.14637
      vertex 11.6161 0 4.81924
    endloop
  endfacet
  facet normal 0.244822 0.00948936 0.969522
    outer loop
      vertex 13.0323 1.62586 4.44571
      vertex 11.5602 1.4422 4.81924
      vertex 11.6161 0 4.81924
    endloop
  endfacet
  facet normal 0.294081 -0.0113936 0.955713
    outer loop
      vertex 14.4485 0 4.02935
      vertex 13.0954 0 4.44571
      vertex 14.379 -1.79386 4.02935
    endloop
  endfacet
  facet normal 0.414431 0.0485259 0.908786
    outer loop
      vertex 16.6452 2.07658 3.08462
      vertex 15.3616 3.87044 3.57419
      vertex 15.5871 1.94458 3.57419
    endloop
  endfacet
  facet normal 0.706238 -0.0827133 0.703126
    outer loop
      vertex 18.2717 -2.2795 2.02134
      vertex 18.0073 -4.53705 2.02134
      vertex 18.5522 -4.67432 1.45788
    endloop
  endfacet
  facet normal 0.596162 -0.0231194 0.802532
    outer loop
      vertex 18.3601 0 2.02134
      vertex 17.6278 0 2.56533
      vertex 18.2717 -2.2795 2.02134
    endloop
  endfacet
  facet normal 0.695076 -0.137471 0.705671
    outer loop
      vertex 18.5522 -4.67432 1.45788
      vertex 18.0073 -4.53705 2.02134
      vertex 18.1011 -6.95515 1.45788
    endloop
  endfacet
  facet normal 0.695112 -0.137462 0.705637
    outer loop
      vertex 18.0073 -4.53705 2.02134
      vertex 17.5695 -6.7509 2.02134
      vertex 18.1011 -6.95515 1.45788
    endloop
  endfacet
  facet normal 0.591193 -0.0692394 0.803553
    outer loop
      vertex 18.2717 -2.2795 2.02134
      vertex 17.2891 -4.35608 2.56533
      vertex 18.0073 -4.53705 2.02134
    endloop
  endfacet
  facet normal 0.711848 0.0276058 0.701791
    outer loop
      vertex 18.9156 0 1.45788
      vertex 18.2717 2.2795 2.02134
      vertex 18.3601 0 2.02134
    endloop
  endfacet
  facet normal 0.999248 -0.0387615 0
    outer loop
      vertex 19.3827 -2.41811 0.294406
      vertex 19.4765 0 0
      vertex 19.4765 0 0.294406
    endloop
  endfacet
  facet normal 0.999248 -0.0387615 0
    outer loop
      vertex 19.4765 0 0
      vertex 19.3827 -2.41811 0.294406
      vertex 19.3827 -2.41811 0
    endloop
  endfacet
  facet normal 0.951734 -0.0369183 0.304697
    outer loop
      vertex 19.4765 0 0.294406
      vertex 19.2889 0 0.880383
      vertex 19.3827 -2.41811 0.294406
    endloop
  endfacet
  facet normal 0.306893 -0.326692 0.893918
    outer loop
      vertex 10.6107 -16.3769 3.08462
      vertex 9.2923 -17.6154 3.08462
      vertex 11.183 -17.2602 2.56533
    endloop
  endfacet
  facet normal 0.344324 -0.299933 0.889652
    outer loop
      vertex 11.8269 -14.9807 3.08462
      vertex 10.6107 -16.3769 3.08462
      vertex 11.183 -17.2602 2.56533
    endloop
  endfacet
  facet normal 0.284637 -0.166658 0.944038
    outer loop
      vertex 12.0135 -10.1678 4.02935
      vertex 11.1689 -11.6103 4.02935
      vertex 13.0229 -11.0221 3.57419
    endloop
  endfacet
  facet normal 0.23907 -0.208257 0.948406
    outer loop
      vertex 10.2167 -12.9411 4.02935
      vertex 9.93621 -15.3359 3.57419
      vertex 11.0751 -14.0285 3.57419
    endloop
  endfacet
  facet normal 0.993215 -0.116292 0
    outer loop
      vertex 19.1023 -4.81293 0.294406
      vertex 19.3827 -2.41811 0
      vertex 19.3827 -2.41811 0.294406
    endloop
  endfacet
  facet normal 0.993215 -0.116292 0
    outer loop
      vertex 19.3827 -2.41811 0
      vertex 19.1023 -4.81293 0.294406
      vertex 19.1023 -4.81293 0
    endloop
  endfacet
  facet normal 0.266067 -0.350458 0.897991
    outer loop
      vertex 9.2923 -17.6154 3.08462
      vertex 8.30968 -19.692 2.56533
      vertex 9.79348 -18.5655 2.56533
    endloop
  endfacet
  facet normal 0.323164 -0.425664 0.845207
    outer loop
      vertex 9.79348 -18.5655 2.56533
      vertex 8.30968 -19.692 2.56533
      vertex 10.2003 -19.3368 2.02134
    endloop
  endfacet
  facet normal 0.48153 -0.634251 0.60486
    outer loop
      vertex 10.5089 -19.9218 1.45788
      vertex 9.09274 -21.5477 0.880383
      vertex 10.7164 -20.315 0.880383
    endloop
  endfacet
  facet normal 0.263453 -0.581239 0.769905
    outer loop
      vertex 7.02611 -21.4859 2.02134
      vertex 5.49091 -22.9281 1.45788
      vertex 7.23869 -22.1359 1.45788
    endloop
  endfacet
  facet normal 0.093954 -0.500004 0.860911
    outer loop
      vertex 3.43901 -21.8995 2.56533
      vertex 1.79961 -23.1442 2.02134
      vertex 3.58188 -22.8093 2.02134
    endloop
  endfacet
  facet normal 0.127068 -0.400504 0.907442
    outer loop
      vertex 4.85522 -20.2736 3.08462
      vertex 3.43901 -21.8995 2.56533
      vertex 5.11708 -21.3671 2.56533
    endloop
  endfacet
  facet normal 0.093939 -0.499989 0.860922
    outer loop
      vertex 3.43901 -21.8995 2.56533
      vertex 1.72783 -22.221 2.56533
      vertex 1.79961 -23.1442 2.02134
    endloop
  endfacet
  facet normal 0.235726 -0.742977 0.626433
    outer loop
      vertex 5.49091 -22.9281 1.45788
      vertex 3.69025 -23.4994 1.45788
      vertex 3.76309 -23.9632 0.880383
    endloop
  endfacet
  facet normal -0.093954 -0.500004 0.860911
    outer loop
      vertex -3.43901 -21.8995 2.56533
      vertex -3.58188 -22.8093 2.02134
      vertex -1.79961 -23.1442 2.02134
    endloop
  endfacet
  facet normal -0.199508 -0.173793 0.964361
    outer loop
      vertex -8.30763 -12.8223 4.44571
      vertex -10.2167 -12.9411 4.02935
      vertex -9.16606 -14.1472 4.02935
    endloop
  endfacet
  facet normal -0.0257339 -0.413617 0.910087
    outer loop
      vertex -1.63941 -21.0839 3.08462
      vertex -1.72783 -22.221 2.56533
      vertex 0 -22.3285 2.56533
    endloop
  endfacet
  facet normal -0.0635273 -0.338065 0.938976
    outer loop
      vertex -1.5352 -19.7437 3.57419
      vertex -3.26302 -20.7788 3.08462
      vertex -1.63941 -21.0839 3.08462
    endloop
  endfacet
  facet normal 0.0176533 -0.283783 0.958726
    outer loop
      vertex 0 -18.3015 4.02935
      vertex 0 -19.8392 3.57419
      vertex 1.5352 -19.7437 3.57419
    endloop
  endfacet
  facet normal 0.0257342 -0.413617 0.910087
    outer loop
      vertex 0 -21.1859 3.08462
      vertex 0 -22.3285 2.56533
      vertex 1.63941 -21.0839 3.08462
    endloop
  endfacet
  facet normal 0.183862 -0.242159 0.952656
    outer loop
      vertex 8.02718 -15.2171 4.02935
      vertex 6.811 -16.1405 4.02935
      vertex 7.38327 -17.4966 3.57419
    endloop
  endfacet
  facet normal 0.212563 -0.226268 0.950589
    outer loop
      vertex 9.16606 -14.1472 4.02935
      vertex 8.02718 -15.2171 4.02935
      vertex 9.93621 -15.3359 3.57419
    endloop
  endfacet
  facet normal 0.0873241 -0.275223 0.957406
    outer loop
      vertex 4.19419 -17.5134 4.02935
      vertex 2.81877 -17.9498 4.02935
      vertex 3.05561 -19.458 3.57419
    endloop
  endfacet
  facet normal 0.10504 -0.331108 0.937728
    outer loop
      vertex 4.5466 -18.985 3.57419
      vertex 3.05561 -19.458 3.57419
      vertex 4.85522 -20.2736 3.08462
    endloop
  endfacet
  facet normal 0.153215 -0.255722 0.954532
    outer loop
      vertex 6.811 -16.1405 4.02935
      vertex 5.9938 -18.3291 3.57419
      vertex 7.38327 -17.4966 3.57419
    endloop
  endfacet
  facet normal 0.145372 -0.320763 0.935937
    outer loop
      vertex 5.9938 -18.3291 3.57419
      vertex 4.85522 -20.2736 3.08462
      vertex 6.40065 -19.5732 3.08462
    endloop
  endfacet
  facet normal -0.0652181 -0.0859047 0.994166
    outer loop
      vertex -3.64974 -6.91881 5.64926
      vertex -4.63197 -8.78083 5.42393
      vertex -3.09677 -7.33862 5.64926
    endloop
  endfacet
  facet normal 0.0146923 -0.236027 0.971635
    outer loop
      vertex 0 -16.5875 4.44571
      vertex 0 -18.3015 4.02935
      vertex 1.28357 -16.5076 4.44571
    endloop
  endfacet
  facet normal -0.0363578 -0.193569 0.980413
    outer loop
      vertex -2.2662 -14.4311 4.81924
      vertex -2.55479 -16.2688 4.44571
      vertex -1.13858 -14.6429 4.81924
    endloop
  endfacet
  facet normal -0.060209 -0.189737 0.979987
    outer loop
      vertex -2.2662 -14.4311 4.81924
      vertex -3.37199 -14.0802 4.81924
      vertex -2.55479 -16.2688 4.44571
    endloop
  endfacet
  facet normal 0.00996149 -0.160203 0.987034
    outer loop
      vertex 0 -12.6983 5.14637
      vertex 0 -14.7138 4.81924
      vertex 0.982622 -12.6372 5.14637
    endloop
  endfacet
  facet normal -0.0838313 -0.110428 0.990342
    outer loop
      vertex -3.93019 -9.31363 5.42393
      vertex -5.56959 -10.5583 5.14637
      vertex -4.72575 -11.1989 5.14637
    endloop
  endfacet
  facet normal 0.0121733 -0.19549 0.98063
    outer loop
      vertex 1.13858 -14.6429 4.81924
      vertex 0 -14.7138 4.81924
      vertex 1.28357 -16.5076 4.44571
    endloop
  endfacet
  facet normal 0.00997633 -0.160209 0.987033
    outer loop
      vertex 0.982622 -12.6372 5.14637
      vertex 0 -14.7138 4.81924
      vertex 1.13858 -14.6429 4.81924
    endloop
  endfacet
  facet normal 0.182515 0.0681514 0.980838
    outer loop
      vertex 10.2445 6.93602 4.81924
      vertex 9.2619 4.85944 5.14637
      vertex 10.7319 5.63072 4.81924
    endloop
  endfacet
  facet normal 0.222024 0.0829078 0.97151
    outer loop
      vertex 11.5491 7.8193 4.44571
      vertex 10.7319 5.63072 4.81924
      vertex 12.0986 6.34776 4.44571
    endloop
  endfacet
  facet normal 0.060501 0.00708546 0.998143
    outer loop
      vertex 4.64707 1.17086 5.82019
      vertex 2.84747 0.355237 5.93506
      vertex 4.7153 0.588261 5.82019
    endloop
  endfacet
  facet normal 0.153061 -0.0432366 0.98727
    outer loop
      vertex 7.97832 -3.06558 5.42393
      vertex 7.70268 -4.04137 5.42393
      vertex 9.2619 -4.85944 5.14637
    endloop
  endfacet
  facet normal 0.201378 -0.00780546 0.979482
    outer loop
      vertex 11.6161 0 4.81924
      vertex 9.97673 -1.24465 5.14637
      vertex 11.5602 -1.4422 4.81924
    endloop
  endfacet
  facet normal 0.199467 -0.0233638 0.979626
    outer loop
      vertex 11.5602 -1.4422 4.81924
      vertex 9.97673 -1.24465 5.14637
      vertex 11.3929 -2.87051 4.81924
    endloop
  endfacet
  facet normal 0.201381 0.00780997 0.979482
    outer loop
      vertex 11.6161 0 4.81924
      vertex 9.97673 1.24465 5.14637
      vertex 10.025 0 5.14637
    endloop
  endfacet
  facet normal 0.160732 -0.0188223 0.986819
    outer loop
      vertex 9.97673 -1.24465 5.14637
      vertex 8.29718 -1.03512 5.42393
      vertex 9.83238 -2.47732 5.14637
    endloop
  endfacet
  facet normal 0.19 -0.0536652 0.980316
    outer loop
      vertex 11.1159 -4.27118 4.81924
      vertex 9.2619 -4.85944 5.14637
      vertex 10.7319 -5.63072 4.81924
    endloop
  endfacet
  facet normal 0.237911 -0.04705 0.970147
    outer loop
      vertex 11.3929 -2.87051 4.81924
      vertex 11.1159 -4.27118 4.81924
      vertex 12.5315 -4.8151 4.44571
    endloop
  endfacet
  facet normal 0.231071 -0.0652659 0.970745
    outer loop
      vertex 12.5315 -4.8151 4.44571
      vertex 10.7319 -5.63072 4.81924
      vertex 12.0986 -6.34776 4.44571
    endloop
  endfacet
  facet normal 0.23107 -0.0652655 0.970746
    outer loop
      vertex 11.1159 -4.27118 4.81924
      vertex 10.7319 -5.63072 4.81924
      vertex 12.5315 -4.8151 4.44571
    endloop
  endfacet
  facet normal 0.331764 -0.0937196 0.938696
    outer loop
      vertex 13.8264 -5.31264 4.02935
      vertex 13.3487 -7.00368 4.02935
      vertex 14.4703 -7.59214 3.57419
    endloop
  endfacet
  facet normal 0.331774 -0.093716 0.938692
    outer loop
      vertex 14.9881 -5.75902 3.57419
      vertex 13.8264 -5.31264 4.02935
      vertex 14.4703 -7.59214 3.57419
    endloop
  endfacet
  facet normal 0.395692 -0.111771 0.911556
    outer loop
      vertex 14.9881 -5.75902 3.57419
      vertex 14.4703 -7.59214 3.57419
      vertex 16.0055 -6.14994 3.08462
    endloop
  endfacet
  facet normal 0.406924 -0.0804765 0.90991
    outer loop
      vertex 15.3616 -3.87044 3.57419
      vertex 14.9881 -5.75902 3.57419
      vertex 16.0055 -6.14994 3.08462
    endloop
  endfacet
  facet normal 0.13597 -0.118438 0.983608
    outer loop
      vertex 7.08875 -8.97908 5.14637
      vertex 6.35979 -9.81595 5.14637
      vertex 8.21385 -10.4042 4.81924
    endloop
  endfacet
  facet normal 0.108657 -0.0514152 0.992749
    outer loop
      vertex 5.79365 -3.92258 5.64926
      vertex 5.46222 -4.623 5.64926
      vertex 7.35286 -4.97824 5.42393
    endloop
  endfacet
  facet normal 0.0299975 -0.0035129 0.999544
    outer loop
      vertex 2.84747 -0.355237 5.93506
      vertex 0.938435 -0.236444 5.99277
      vertex 2.80627 -0.707054 5.93506
    endloop
  endfacet
  facet normal 0.0929367 -0.00360365 0.995665
    outer loop
      vertex 4.73811 0 5.82019
      vertex 4.7153 -0.588261 5.82019
      vertex 6.53772 -0.815618 5.64926
    endloop
  endfacet
  facet normal 0.0876255 0.0247514 0.995846
    outer loop
      vertex 6.28648 2.41551 5.64926
      vertex 4.37745 2.29672 5.82019
      vertex 4.53409 1.74218 5.82019
    endloop
  endfacet
  facet normal 0.139541 0.0660296 0.988012
    outer loop
      vertex 8.33549 7.05482 5.14637
      vertex 6.93223 5.86716 5.42393
      vertex 7.35286 4.97824 5.42393
    endloop
  endfacet
  facet normal 0.190002 0.0536706 0.980316
    outer loop
      vertex 11.1159 4.27118 4.81924
      vertex 9.2619 4.85944 5.14637
      vertex 9.59333 3.68613 5.14637
    endloop
  endfacet
  facet normal 0.153062 0.0432361 0.98727
    outer loop
      vertex 9.2619 4.85944 5.14637
      vertex 7.97832 3.06558 5.42393
      vertex 9.59333 3.68613 5.14637
    endloop
  endfacet
  facet normal 0.165636 0.144276 0.975576
    outer loop
      vertex 9.25985 11.7291 4.44571
      vertex 7.3692 11.3739 4.81924
      vertex 8.21385 10.4042 4.81924
    endloop
  endfacet
  facet normal 0.0851454 0.0741667 0.993604
    outer loop
      vertex 5.28914 8.16346 5.42393
      vertex 4.64523 5.88396 5.64926
      vertex 5.89538 7.46748 5.42393
    endloop
  endfacet
  facet normal 0.13073 0.0765438 0.988459
    outer loop
      vertex 8.33549 7.05482 5.14637
      vertex 6.44484 6.69958 5.42393
      vertex 6.93223 5.86716 5.42393
    endloop
  endfacet
  facet normal 0.120656 0.0863333 0.988933
    outer loop
      vertex 7.08875 8.97908 5.14637
      vertex 6.44484 6.69958 5.42393
      vertex 7.74943 8.05574 5.14637
    endloop
  endfacet
  facet normal -0.0302893 0.0011741 0.99954
    outer loop
      vertex -2.84747 0.355237 5.93506
      vertex -2.86124 0 5.93506
      vertex -0.95682 0 5.99277
    endloop
  endfacet
  facet normal 0.0524704 0.0248282 0.998314
    outer loop
      vertex 3.9396 3.33432 5.82019
      vertex 2.37904 2.01352 5.93506
      vertex 2.52339 1.70846 5.93506
    endloop
  endfacet
  facet normal -0.0102162 -0.022546 0.999694
    outer loop
      vertex -0.366158 -1.11972 5.99277
      vertex -1.09495 -3.34836 5.93506
      vertex -0.27775 -1.15978 5.99277
    endloop
  endfacet
  facet normal 0.00736976 -0.0232276 0.999703
    outer loop
      vertex 0.830575 -3.46818 5.93506
      vertex 0.27775 -1.15978 5.99277
      vertex 0.558201 -3.5546 5.93506
    endloop
  endfacet
  facet normal 0.0554865 -0.0590654 0.996711
    outer loop
      vertex 3.00583 -4.63931 5.82019
      vertex 2.63235 -4.99016 5.82019
      vertex 3.64974 -6.91881 5.64926
    endloop
  endfacet
  facet normal 0.024359 0.0142631 0.999602
    outer loop
      vertex 2.21177 2.29919 5.93506
      vertex 0.739631 0.768867 5.99277
      vertex 2.37904 2.01352 5.93506
    endloop
  endfacet
  facet normal -0.0683802 0.150891 0.986183
    outer loop
      vertex -3.37199 14.0802 4.81924
      vertex -4.4453 13.5938 4.81924
      vertex -3.8364 11.7317 5.14637
    endloop
  endfacet
  facet normal -0.0834126 0.184043 0.979372
    outer loop
      vertex -3.80139 15.8733 4.44571
      vertex -5.01139 15.3249 4.44571
      vertex -3.37199 14.0802 4.81924
    endloop
  endfacet
  facet normal 0.00898055 0.0477961 0.998817
    outer loop
      vertex 0.924359 5.88629 5.82019
      vertex 0.464416 5.97271 5.82019
      vertex 0.558201 3.5546 5.93506
    endloop
  endfacet
  facet normal 0.029798 0.158644 0.986886
    outer loop
      vertex 1.13858 14.6429 4.81924
      vertex 0.982622 12.6372 5.14637
      vertex 2.2662 14.4311 4.81924
    endloop
  endfacet
  facet normal 0.120702 0.128482 0.984339
    outer loop
      vertex 7.3692 11.3739 4.81924
      vertex 5.56959 10.5583 5.14637
      vertex 6.35979 9.81595 5.14637
    endloop
  endfacet
  facet normal 0.104236 0.137301 0.98503
    outer loop
      vertex 6.45358 12.2341 4.81924
      vertex 5.47581 12.9764 4.81924
      vertex 5.56959 10.5583 5.14637
    endloop
  endfacet
  facet normal -0.125216 0.0146646 0.992021
    outer loop
      vertex -6.44312 1.62338 5.64926
      vertex -8.29718 1.03512 5.42393
      vertex -6.53772 0.815618 5.64926
    endloop
  endfacet
  facet normal -0.0841399 0.0314174 0.995959
    outer loop
      vertex -5.79365 3.92258 5.64926
      vertex -6.06929 3.18438 5.64926
      vertex -4.37745 2.29672 5.82019
    endloop
  endfacet
  facet normal -0.139542 0.0660289 0.988012
    outer loop
      vertex -8.33549 7.05482 5.14637
      vertex -8.84126 5.98595 5.14637
      vertex -7.35286 4.97824 5.42393
    endloop
  endfacet
  facet normal -0.0605012 0.00708507 0.998143
    outer loop
      vertex -2.80627 0.707054 5.93506
      vertex -4.64707 1.17086 5.82019
      vertex -2.84747 0.355237 5.93506
    endloop
  endfacet
  facet normal -0.173285 0.0819955 0.981452
    outer loop
      vertex -8.33549 7.05482 5.14637
      vertex -9.65846 8.17453 4.81924
      vertex -8.84126 5.98595 5.14637
    endloop
  endfacet
  facet normal -0.147007 0.0548913 0.987611
    outer loop
      vertex -7.35286 4.97824 5.42393
      vertex -9.2619 4.85944 5.14637
      vertex -7.70268 4.04137 5.42393
    endloop
  endfacet
  facet normal 0.00445001 -0.0236862 0.99971
    outer loop
      vertex 0.186666 -1.18868 5.99277
      vertex 0.0937843 -1.20613 5.99277
      vertex 0.280451 -3.60679 5.93506
    endloop
  endfacet
  facet normal -0.0427605 0.0943407 0.994621
    outer loop
      vertex -2.4202 10.1059 5.42393
      vertex -3.19056 9.75673 5.42393
      vertex -2.51398 7.68777 5.64926
    endloop
  endfacet
  facet normal -0.153215 0.255722 0.954532
    outer loop
      vertex -5.9938 18.3291 3.57419
      vertex -7.38327 17.4966 3.57419
      vertex -6.811 16.1405 4.02935
    endloop
  endfacet
  facet normal -0.0939162 0.0672004 0.99331
    outer loop
      vertex -5.89538 7.46748 5.42393
      vertex -6.44484 6.69958 5.42393
      vertex -4.64523 5.88396 5.64926
    endloop
  endfacet
  facet normal -0.481548 0.634258 0.604838
    outer loop
      vertex -9.09274 21.5477 0.880383
      vertex -10.5089 19.9218 1.45788
      vertex -8.91676 21.1306 1.45788
    endloop
  endfacet
  facet normal -0.195667 0.0386956 0.979907
    outer loop
      vertex -11.1159 4.27118 4.81924
      vertex -11.3929 2.87051 4.81924
      vertex -9.83238 2.47732 5.14637
    endloop
  endfacet
  facet normal -0.0902683 0.0178508 0.995757
    outer loop
      vertex -4.53409 1.74218 5.82019
      vertex -6.28648 2.41551 5.64926
      vertex -4.64707 1.17086 5.82019
    endloop
  endfacet
  facet normal -0.35103 0.0136001 0.936265
    outer loop
      vertex -14.379 1.79386 4.02935
      vertex -15.6625 0 3.57419
      vertex -14.4485 0 4.02935
    endloop
  endfacet
  facet normal -0.294057 0.0114124 0.95572
    outer loop
      vertex -13.0323 1.62586 4.44571
      vertex -14.379 1.79386 4.02935
      vertex -13.0954 0 4.44571
    endloop
  endfacet
  facet normal -0.31906 0.119139 0.940216
    outer loop
      vertex -13.8131 9.35215 3.57419
      vertex -14.4703 7.59214 3.57419
      vertex -12.7425 8.62726 4.02935
    endloop
  endfacet
  facet normal -0.199509 0.17378 0.964363
    outer loop
      vertex -8.30763 12.8223 4.44571
      vertex -10.2167 12.9411 4.02935
      vertex -9.25985 11.7291 4.44571
    endloop
  endfacet
  facet normal 0.513914 0.857841 -0
    outer loop
      vertex 9.18116 21.7572 0
      vertex 7.45334 22.7923 0.294406
      vertex 9.18116 21.7572 0.294406
    endloop
  endfacet
  facet normal 0.513914 0.857841 0
    outer loop
      vertex 7.45334 22.7923 0.294406
      vertex 9.18116 21.7572 0
      vertex 7.45334 22.7923 0
    endloop
  endfacet
  facet normal 0.453314 0.482573 0.749419
    outer loop
      vertex 11.9999 18.5212 1.45788
      vertex 10.5089 19.9218 1.45788
      vertex 11.6475 17.9772 2.02134
    endloop
  endfacet
  facet normal 0.323164 0.425664 0.845207
    outer loop
      vertex 10.2003 19.3368 2.02134
      vertex 8.30968 19.692 2.56533
      vertex 9.79348 18.5655 2.56533
    endloop
  endfacet
  facet normal 0.371999 0.395967 0.83954
    outer loop
      vertex 11.6475 17.9772 2.02134
      vertex 10.2003 19.3368 2.02134
      vertex 11.183 17.2602 2.56533
    endloop
  endfacet
  facet normal 0.384393 0.848053 0.364757
    outer loop
      vertex 7.45334 22.7923 0.294406
      vertex 5.65373 23.608 0.294406
      vertex 7.38156 22.5728 0.880383
    endloop
  endfacet
  facet normal 0.323754 0.714278 0.620476
    outer loop
      vertex 7.38156 22.5728 0.880383
      vertex 5.49091 22.9281 1.45788
      vertex 7.23869 22.1359 1.45788
    endloop
  endfacet
  facet normal 0.235726 0.742977 0.626433
    outer loop
      vertex 3.76309 23.9632 0.880383
      vertex 3.69025 23.4994 1.45788
      vertex 5.49091 22.9281 1.45788
    endloop
  endfacet
  facet normal 0.175694 0.387656 0.904906
    outer loop
      vertex 5.11708 21.3671 2.56533
      vertex 4.85522 20.2736 3.08462
      vertex 6.74586 20.6289 2.56533
    endloop
  endfacet
  facet normal 0.145372 0.320763 0.935937
    outer loop
      vertex 6.40065 19.5732 3.08462
      vertex 4.85522 20.2736 3.08462
      vertex 5.9938 18.3291 3.57419
    endloop
  endfacet
  facet normal 0.155118 0.488915 0.858429
    outer loop
      vertex 3.58188 22.8093 2.02134
      vertex 3.43901 21.8995 2.56533
      vertex 5.11708 21.3671 2.56533
    endloop
  endfacet
  facet normal 0.175692 0.387664 0.904903
    outer loop
      vertex 6.74586 20.6289 2.56533
      vertex 4.85522 20.2736 3.08462
      vertex 6.40065 19.5732 3.08462
    endloop
  endfacet
  facet normal 0.0635273 0.338065 0.938976
    outer loop
      vertex 1.63941 21.0839 3.08462
      vertex 1.5352 19.7437 3.57419
      vertex 3.26302 20.7788 3.08462
    endloop
  endfacet
  facet normal 0.127082 0.400515 0.907435
    outer loop
      vertex 3.43901 21.8995 2.56533
      vertex 3.26302 20.7788 3.08462
      vertex 4.85522 20.2736 3.08462
    endloop
  endfacet
  facet normal 0.043919 0.233685 0.97132
    outer loop
      vertex 2.81877 17.9498 4.02935
      vertex 1.4162 18.2134 4.02935
      vertex 2.55479 16.2688 4.44571
    endloop
  endfacet
  facet normal 0.0527943 0.280909 0.958281
    outer loop
      vertex 3.05561 19.458 3.57419
      vertex 1.4162 18.2134 4.02935
      vertex 2.81877 17.9498 4.02935
    endloop
  endfacet
  facet normal -0.395197 0.520523 0.756885
    outer loop
      vertex -8.91676 21.1306 1.45788
      vertex -10.5089 19.9218 1.45788
      vertex -8.65489 20.5101 2.02134
    endloop
  endfacet
  facet normal -0.184049 0.307223 0.93367
    outer loop
      vertex -6.40065 19.5732 3.08462
      vertex -7.88444 18.6843 3.08462
      vertex -5.9938 18.3291 3.57419
    endloop
  endfacet
  facet normal 0.237907 -0.0470528 0.970148
    outer loop
      vertex 12.8438 -3.23606 4.44571
      vertex 11.3929 -2.87051 4.81924
      vertex 12.5315 -4.8151 4.44571
    endloop
  endfacet
  facet normal 0.285874 -0.0565397 0.956598
    outer loop
      vertex 12.8438 -3.23606 4.44571
      vertex 12.5315 -4.8151 4.44571
      vertex 14.1709 -3.57044 4.02935
    endloop
  endfacet
  facet normal 0.291318 0.0341035 0.956018
    outer loop
      vertex 14.379 1.79386 4.02935
      vertex 12.8438 3.23606 4.44571
      vertex 13.0323 1.62586 4.44571
    endloop
  endfacet
  facet normal 0.35103 0.0136001 0.936265
    outer loop
      vertex 15.6625 0 3.57419
      vertex 14.379 1.79386 4.02935
      vertex 14.4485 0 4.02935
    endloop
  endfacet
  facet normal 0.331774 0.093716 0.938692
    outer loop
      vertex 14.4703 7.59214 3.57419
      vertex 13.8264 5.31264 4.02935
      vertex 14.9881 5.75902 3.57419
    endloop
  endfacet
  facet normal 0.472652 0.133522 0.871075
    outer loop
      vertex 16.286 8.54476 2.56533
      vertex 15.4525 8.10749 3.08462
      vertex 16.0055 6.14994 3.08462
    endloop
  endfacet
  facet normal 0.303305 0.143527 0.942022
    outer loop
      vertex 13.0229 11.0221 3.57419
      vertex 12.0135 10.1678 4.02935
      vertex 12.7425 8.62726 4.02935
    endloop
  endfacet
  facet normal 0.284635 0.166653 0.944039
    outer loop
      vertex 12.1073 12.5859 3.57419
      vertex 11.1689 11.6103 4.02935
      vertex 13.0229 11.0221 3.57419
    endloop
  endfacet
  facet normal 0.219769 0.157247 0.962795
    outer loop
      vertex 10.2167 12.9411 4.02935
      vertex 9.25985 11.7291 4.44571
      vertex 11.1689 11.6103 4.02935
    endloop
  endfacet
  facet normal 0.147092 0.156568 0.976653
    outer loop
      vertex 8.30763 12.8223 4.44571
      vertex 6.45358 12.2341 4.81924
      vertex 7.3692 11.3739 4.81924
    endloop
  endfacet
  facet normal 0.184056 0.307196 0.933678
    outer loop
      vertex 7.88444 18.6843 3.08462
      vertex 5.9938 18.3291 3.57419
      vertex 7.38327 17.4966 3.57419
    endloop
  endfacet
  facet normal 0.220675 0.290654 0.931033
    outer loop
      vertex 7.88444 18.6843 3.08462
      vertex 7.38327 17.4966 3.57419
      vertex 9.2923 17.6154 3.08462
    endloop
  endfacet
  facet normal 0.212563 0.226267 0.950589
    outer loop
      vertex 8.70164 16.4957 3.57419
      vertex 8.02718 15.2171 4.02935
      vertex 9.93621 15.3359 3.57419
    endloop
  endfacet
  facet normal 0.254904 0.271337 0.928116
    outer loop
      vertex 9.2923 17.6154 3.08462
      vertex 8.70164 16.4957 3.57419
      vertex 9.93621 15.3359 3.57419
    endloop
  endfacet
  facet normal 0.266067 0.350458 0.897991
    outer loop
      vertex 9.79348 18.5655 2.56533
      vertex 8.30968 19.692 2.56533
      vertex 9.2923 17.6154 3.08462
    endloop
  endfacet
  facet normal 0.306894 0.326695 0.893916
    outer loop
      vertex 9.79348 18.5655 2.56533
      vertex 9.2923 17.6154 3.08462
      vertex 11.183 17.2602 2.56533
    endloop
  endfacet
  facet normal 0.378093 0.270552 0.885351
    outer loop
      vertex 12.4647 15.7887 2.56533
      vertex 11.8269 14.9807 3.08462
      vertex 13.6265 14.1651 2.56533
    endloop
  endfacet
  facet normal 0.433722 0.205219 0.877366
    outer loop
      vertex 14.657 12.4051 2.56533
      vertex 13.9069 11.7703 3.08462
      vertex 15.5463 10.5256 2.56533
    endloop
  endfacet
  facet normal 0.695112 0.137462 0.705637
    outer loop
      vertex 18.1011 6.95515 1.45788
      vertex 17.5695 6.7509 2.02134
      vertex 18.0073 4.53705 2.02134
    endloop
  endfacet
  facet normal 0.592787 0.347083 0.72673
    outer loop
      vertex 15.7278 13.3113 1.45788
      vertex 14.1926 14.7535 2.02134
      vertex 15.2659 12.9204 2.02134
    endloop
  endfacet
  facet normal 0.889312 0.332087 0.314391
    outer loop
      vertex 17.9939 9.4409 0.294406
      vertex 17.0113 11.5175 0.880383
      vertex 17.8207 9.34997 0.880383
    endloop
  endfacet
  facet normal 0.627227 0.296803 0.720065
    outer loop
      vertex 16.6821 11.2946 1.45788
      vertex 15.7278 13.3113 1.45788
      vertex 16.1922 10.9629 2.02134
    endloop
  endfacet
  facet normal 0.49118 0.287591 0.822212
    outer loop
      vertex 15.2659 12.9204 2.02134
      vertex 14.1926 14.7535 2.02134
      vertex 14.657 12.4051 2.56533
    endloop
  endfacet
  facet normal 0.54618 0.203959 0.812458
    outer loop
      vertex 16.1922 10.9629 2.02134
      vertex 15.5463 10.5256 2.56533
      vertex 16.286 8.54476 2.56533
    endloop
  endfacet
  facet normal 0.945709 0.11077 0.305557
    outer loop
      vertex 19.3827 2.41811 0.294406
      vertex 18.9183 4.76657 0.880383
      vertex 19.1961 2.39482 0.880383
    endloop
  endfacet
  facet normal 0.803167 0.226889 0.550858
    outer loop
      vertex 18.4584 7.09243 0.880383
      vertex 17.4757 9.16901 1.45788
      vertex 18.1011 6.95515 1.45788
    endloop
  endfacet
  facet normal 0.813274 0.581881 0
    outer loop
      vertex 15.0555 15.6506 0.294406
      vertex 13.772 17.4445 0
      vertex 13.772 17.4445 0.294406
    endloop
  endfacet
  facet normal 0.813274 0.581881 0
    outer loop
      vertex 13.772 17.4445 0
      vertex 15.0555 15.6506 0.294406
      vertex 15.0555 15.6506 0
    endloop
  endfacet
  facet normal 0.75406 0.656805 0
    outer loop
      vertex 13.772 17.4445 0.294406
      vertex 12.3558 19.0704 0
      vertex 12.3558 19.0704 0.294406
    endloop
  endfacet
  facet normal 0.75406 0.656805 0
    outer loop
      vertex 12.3558 19.0704 0
      vertex 13.772 17.4445 0.294406
      vertex 13.772 17.4445 0
    endloop
  endfacet
  facet normal 0.549768 0.585252 0.596017
    outer loop
      vertex 10.7164 20.315 0.880383
      vertex 10.5089 19.9218 1.45788
      vertex 11.9999 18.5212 1.45788
    endloop
  endfacet
  facet normal 0.642657 0.684098 0.344967
    outer loop
      vertex 10.8206 20.5126 0.294406
      vertex 10.7164 20.315 0.880383
      vertex 12.3558 19.0704 0.294406
    endloop
  endfacet
  facet normal 0.684686 0.728838 -0
    outer loop
      vertex 12.3558 19.0704 0
      vertex 10.8206 20.5126 0.294406
      vertex 12.3558 19.0704 0.294406
    endloop
  endfacet
  facet normal 0.684686 0.728838 0
    outer loop
      vertex 10.8206 20.5126 0.294406
      vertex 12.3558 19.0704 0
      vertex 10.8206 20.5126 0
    endloop
  endfacet
  facet normal 0.862946 0.505297 0
    outer loop
      vertex 16.1941 13.7061 0.294406
      vertex 15.0555 15.6506 0
      vertex 15.0555 15.6506 0.294406
    endloop
  endfacet
  facet normal 0.862946 0.505297 0
    outer loop
      vertex 15.0555 15.6506 0
      vertex 16.1941 13.7061 0.294406
      vertex 16.1941 13.7061 0
    endloop
  endfacet
  facet normal 0.962333 0.271875 0
    outer loop
      vertex 18.6379 7.16139 0.294406
      vertex 17.9939 9.4409 0
      vertex 17.9939 9.4409 0.294406
    endloop
  endfacet
  facet normal 0.962333 0.271875 0
    outer loop
      vertex 17.9939 9.4409 0
      vertex 18.6379 7.16139 0.294406
      vertex 18.6379 7.16139 0
    endloop
  endfacet
  facet normal 0.91473 0.258427 0.310618
    outer loop
      vertex 18.6379 7.16139 0.294406
      vertex 17.9939 9.4409 0.294406
      vertex 18.4584 7.09243 0.880383
    endloop
  endfacet
  facet normal 0.933426 0.184569 0.307653
    outer loop
      vertex 18.6379 7.16139 0.294406
      vertex 18.4584 7.09243 0.880383
      vertex 18.9183 4.76657 0.880383
    endloop
  endfacet
  facet normal 0.981003 0.19399 0
    outer loop
      vertex 19.1023 4.81293 0.294406
      vertex 18.6379 7.16139 0
      vertex 18.6379 7.16139 0.294406
    endloop
  endfacet
  facet normal 0.981003 0.19399 0
    outer loop
      vertex 18.6379 7.16139 0
      vertex 19.1023 4.81293 0.294406
      vertex 19.1023 4.81293 0
    endloop
  endfacet
  facet normal -0.455349 0.17004 0.873924
    outer loop
      vertex -15.5463 10.5256 2.56533
      vertex -16.286 8.54476 2.56533
      vertex -14.7508 9.98696 3.08462
    endloop
  endfacet
  facet normal -0.395703 0.111784 0.91155
    outer loop
      vertex -15.4525 8.10749 3.08462
      vertex -16.0055 6.14994 3.08462
      vertex -14.4703 7.59214 3.57419
    endloop
  endfacet
  facet normal -0.778639 0.290709 0.556067
    outer loop
      vertex -17.0113 11.5175 0.880383
      vertex -17.4757 9.16901 1.45788
      vertex -16.6821 11.2946 1.45788
    endloop
  endfacet
  facet normal -0.655708 0.244812 0.714222
    outer loop
      vertex -16.6821 11.2946 1.45788
      vertex -17.4757 9.16901 1.45788
      vertex -16.1922 10.9629 2.02134
    endloop
  endfacet
  facet normal -0.778538 0.290722 0.556201
    outer loop
      vertex -17.0113 11.5175 0.880383
      vertex -17.8207 9.34997 0.880383
      vertex -17.4757 9.16901 1.45788
    endloop
  endfacet
  facet normal -0.889312 0.332087 0.314391
    outer loop
      vertex -17.0113 11.5175 0.880383
      vertex -17.9939 9.4409 0.294406
      vertex -17.8207 9.34997 0.880383
    endloop
  endfacet
  facet normal -0.323164 0.425664 0.845207
    outer loop
      vertex -8.30968 19.692 2.56533
      vertex -10.2003 19.3368 2.02134
      vertex -9.79348 18.5655 2.56533
    endloop
  endfacet
  facet normal -0.453314 0.482573 0.749419
    outer loop
      vertex -10.5089 19.9218 1.45788
      vertex -11.9999 18.5212 1.45788
      vertex -11.6475 17.9772 2.02134
    endloop
  endfacet
  facet normal -0.552323 0.395193 0.734004
    outer loop
      vertex -12.9826 16.4446 2.02134
      vertex -14.622 15.1999 1.45788
      vertex -14.1926 14.7535 2.02134
    endloop
  endfacet
  facet normal -0.521214 0.246617 0.817017
    outer loop
      vertex -15.2659 12.9204 2.02134
      vertex -15.5463 10.5256 2.56533
      vertex -14.657 12.4051 2.56533
    endloop
  endfacet
  facet normal -0.23107 -0.0652655 0.970746
    outer loop
      vertex -11.1159 -4.27118 4.81924
      vertex -12.5315 -4.8151 4.44571
      vertex -10.7319 -5.63072 4.81924
    endloop
  endfacet
  facet normal -0.199472 -0.0233589 0.979625
    outer loop
      vertex -9.97673 -1.24465 5.14637
      vertex -11.3929 -2.87051 4.81924
      vertex -9.83238 -2.47732 5.14637
    endloop
  endfacet
  facet normal -0.678301 0.191605 0.709363
    outer loop
      vertex -17.4757 9.16901 1.45788
      vertex -17.5695 6.7509 2.02134
      vertex -16.9625 8.89974 2.02134
    endloop
  endfacet
  facet normal -0.678278 0.191609 0.709383
    outer loop
      vertex -17.4757 9.16901 1.45788
      vertex -18.1011 6.95515 1.45788
      vertex -17.5695 6.7509 2.02134
    endloop
  endfacet
  facet normal -0.999248 0.0387615 0
    outer loop
      vertex -19.4765 0 0
      vertex -19.3827 2.41811 0.294406
      vertex -19.3827 2.41811 0
    endloop
  endfacet
  facet normal -0.999248 0.0387615 0
    outer loop
      vertex -19.3827 2.41811 0.294406
      vertex -19.4765 0 0
      vertex -19.4765 0 0.294406
    endloop
  endfacet
  facet normal -0.549768 0.585252 0.596017
    outer loop
      vertex -10.7164 20.315 0.880383
      vertex -11.9999 18.5212 1.45788
      vertex -10.5089 19.9218 1.45788
    endloop
  endfacet
  facet normal -0.684686 0.728838 0
    outer loop
      vertex -10.8206 20.5126 0
      vertex -12.3558 19.0704 0.294406
      vertex -10.8206 20.5126 0.294406
    endloop
  endfacet
  facet normal -0.684686 0.728838 0
    outer loop
      vertex -12.3558 19.0704 0.294406
      vertex -10.8206 20.5126 0
      vertex -12.3558 19.0704 0
    endloop
  endfacet
  facet normal -0.993215 -0.116292 0
    outer loop
      vertex -19.1023 -4.81293 0
      vertex -19.3827 -2.41811 0.294406
      vertex -19.3827 -2.41811 0
    endloop
  endfacet
  facet normal -0.993215 -0.116292 0
    outer loop
      vertex -19.3827 -2.41811 0.294406
      vertex -19.1023 -4.81293 0
      vertex -19.1023 -4.81293 0.294406
    endloop
  endfacet
  facet normal -0.839374 -0.032526 0.54258
    outer loop
      vertex -18.9156 0 1.45788
      vertex -19.2889 0 0.880383
      vertex -19.1961 -2.39482 0.880383
    endloop
  endfacet
  facet normal -0.951781 -0.0368818 0.304553
    outer loop
      vertex -19.2889 0 0.880383
      vertex -19.3827 -2.41811 0.294406
      vertex -19.1961 -2.39482 0.880383
    endloop
  endfacet
  facet normal -0.778538 -0.290722 0.556201
    outer loop
      vertex -17.4757 -9.16901 1.45788
      vertex -17.8207 -9.34997 0.880383
      vertex -17.0113 -11.5175 0.880383
    endloop
  endfacet
  facet normal -0.778639 -0.290709 0.556067
    outer loop
      vertex -16.6821 -11.2946 1.45788
      vertex -17.4757 -9.16901 1.45788
      vertex -17.0113 -11.5175 0.880383
    endloop
  endfacet
  facet normal -0.706238 -0.0827133 0.703126
    outer loop
      vertex -18.2717 -2.2795 2.02134
      vertex -18.5522 -4.67432 1.45788
      vertex -18.0073 -4.53705 2.02134
    endloop
  endfacet
  facet normal -0.833352 -0.097565 0.544064
    outer loop
      vertex -18.8245 -2.34847 1.45788
      vertex -19.1961 -2.39482 0.880383
      vertex -18.5522 -4.67432 1.45788
    endloop
  endfacet
  facet normal -0.767376 -0.549042 0.33119
    outer loop
      vertex -13.6393 -17.2765 0.880383
      vertex -15.0555 -15.6506 0.294406
      vertex -13.772 -17.4445 0.294406
    endloop
  endfacet
  facet normal -0.767398 -0.549135 0.330987
    outer loop
      vertex -14.9106 -15.4999 0.880383
      vertex -15.0555 -15.6506 0.294406
      vertex -13.6393 -17.2765 0.880383
    endloop
  endfacet
  facet normal -0.610493 -0.531746 0.586979
    outer loop
      vertex -11.9999 -18.5212 1.45788
      vertex -13.6393 -17.2765 0.880383
      vertex -12.2368 -18.8867 0.880383
    endloop
  endfacet
  facet normal -0.709709 -0.618163 0.337917
    outer loop
      vertex -12.2368 -18.8867 0.880383
      vertex -13.6393 -17.2765 0.880383
      vertex -12.3558 -19.0704 0.294406
    endloop
  endfacet
  facet normal -0.453386 -0.482598 0.74936
    outer loop
      vertex -10.2003 -19.3368 2.02134
      vertex -11.6475 -17.9772 2.02134
      vertex -10.5089 -19.9218 1.45788
    endloop
  endfacet
  facet normal -0.395197 -0.520523 0.756885
    outer loop
      vertex -8.65489 -20.5101 2.02134
      vertex -10.5089 -19.9218 1.45788
      vertex -8.91676 -21.1306 1.45788
    endloop
  endfacet
  facet normal 0.191188 -0.602598 0.774805
    outer loop
      vertex 5.49091 -22.9281 1.45788
      vertex 3.58188 -22.8093 2.02134
      vertex 3.69025 -23.4994 1.45788
    endloop
  endfacet
  facet normal 0.384366 -0.848041 0.364815
    outer loop
      vertex 7.38156 -22.5728 0.880383
      vertex 5.59928 -23.3806 0.880383
      vertex 5.65373 -23.608 0.294406
    endloop
  endfacet
  facet normal -0.00300326 -0.0482616 0.99883
    outer loop
      vertex -0.280451 -3.60679 5.93506
      vertex -0.464416 -5.97271 5.82019
      vertex 0 -6.00161 5.82019
    endloop
  endfacet
  facet normal 0.0203675 -0.017741 0.999635
    outer loop
      vertex 2.0232 -2.56273 5.93506
      vertex 0.606999 -0.936866 5.99277
      vertex 1.81515 -2.80158 5.93506
    endloop
  endfacet
  facet normal 0.0180676 -0.0192317 0.999652
    outer loop
      vertex 0.606999 -0.936866 5.99277
      vertex 0.53158 -1.00772 5.99277
      vertex 1.81515 -2.80158 5.93506
    endloop
  endfacet
  facet normal -0.0575916 0.0162678 0.998208
    outer loop
      vertex -4.37745 2.29672 5.82019
      vertex -4.53409 1.74218 5.82019
      vertex -2.73804 1.05206 5.93506
    endloop
  endfacet
  facet normal -0.0129693 0.0216451 0.999682
    outer loop
      vertex -0.366158 1.11972 5.99277
      vertex -1.34878 3.1963 5.93506
      vertex -0.451041 1.06886 5.99277
    endloop
  endfacet
  facet normal -0.0260124 -0.0123088 0.999586
    outer loop
      vertex -0.843839 -0.571319 5.99277
      vertex -2.52339 -1.70846 5.93506
      vertex -0.795566 -0.673335 5.99277
    endloop
  endfacet
  facet normal 0.0180676 0.0192317 0.999652
    outer loop
      vertex 1.81515 2.80158 5.93506
      vertex 0.53158 1.00772 5.99277
      vertex 0.606999 0.936866 5.99277
    endloop
  endfacet
  facet normal 0.00148929 -0.0239165 0.999713
    outer loop
      vertex 0.0937843 -1.20613 5.99277
      vertex 0 -1.21197 5.99277
      vertex 0.280451 -3.60679 5.93506
    endloop
  endfacet
  facet normal 0.0044507 -0.0236862 0.99971
    outer loop
      vertex 0.558201 -3.5546 5.93506
      vertex 0.186666 -1.18868 5.99277
      vertex 0.280451 -3.60679 5.93506
    endloop
  endfacet
  facet normal 0.00898103 -0.0477962 0.998817
    outer loop
      vertex 0.558201 -3.5546 5.93506
      vertex 0.280451 -3.60679 5.93506
      vertex 0.464416 -5.97271 5.82019
    endloop
  endfacet
  facet normal 0.010218 -0.0225453 0.999694
    outer loop
      vertex 1.09495 -3.34836 5.93506
      vertex 0.27775 -1.15978 5.99277
      vertex 0.830575 -3.46818 5.93506
    endloop
  endfacet
  facet normal 0.022644 -0.0713672 0.997193
    outer loop
      vertex 1.3754 -5.74318 5.82019
      vertex 1.28162 -8.16129 5.64926
      vertex 1.90698 -7.96287 5.64926
    endloop
  endfacet
  facet normal 0.0491377 -0.0287715 0.998378
    outer loop
      vertex 3.9396 -3.33432 5.82019
      vertex 2.37904 -2.01352 5.93506
      vertex 3.66261 -3.80738 5.82019
    endloop
  endfacet
  facet normal 0.109409 -0.0953014 0.989418
    outer loop
      vertex 5.89538 -7.46748 5.42393
      vertex 5.28914 -8.16346 5.42393
      vertex 6.35979 -9.81595 5.14637
    endloop
  endfacet
  facet normal 0.0285535 -0.00806605 0.99956
    outer loop
      vertex 2.73804 -1.05206 5.93506
      vertex 0.883986 -0.463801 5.99277
      vertex 2.64344 -1.38694 5.93506
    endloop
  endfacet
  facet normal -0.285874 -0.0565397 0.956598
    outer loop
      vertex -12.8438 -3.23606 4.44571
      vertex -14.1709 -3.57044 4.02935
      vertex -12.5315 -4.8151 4.44571
    endloop
  endfacet
  facet normal -0.197667 -0.115736 0.973413
    outer loop
      vertex -9.65846 -8.17453 4.81924
      vertex -10.8884 -9.21552 4.44571
      vertex -8.97939 -9.33432 4.81924
    endloop
  endfacet
  facet normal -0.0838348 -0.110423 0.990343
    outer loop
      vertex -4.63197 -8.78083 5.42393
      vertex -5.56959 -10.5583 5.14637
      vertex -3.93019 -9.31363 5.42393
    endloop
  endfacet
  facet normal -0.0755507 -0.0804212 0.993894
    outer loop
      vertex -3.64974 -6.91881 5.64926
      vertex -5.28914 -8.16346 5.42393
      vertex -4.63197 -8.78083 5.42393
    endloop
  endfacet
  facet normal -0.173285 -0.0819955 0.981452
    outer loop
      vertex -8.84126 -5.98595 5.14637
      vertex -10.2445 -6.93602 4.81924
      vertex -9.65846 -8.17453 4.81924
    endloop
  endfacet
  facet normal -0.160732 -0.0188223 0.986819
    outer loop
      vertex -8.29718 -1.03512 5.42393
      vertex -9.97673 -1.24465 5.14637
      vertex -9.83238 -2.47732 5.14637
    endloop
  endfacet
  facet normal -0.0575916 -0.0162678 0.998208
    outer loop
      vertex -2.73804 -1.05206 5.93506
      vertex -4.53409 -1.74218 5.82019
      vertex -4.37745 -2.29672 5.82019
    endloop
  endfacet
  facet normal -0.244809 0.00950111 0.969525
    outer loop
      vertex -13.0323 1.62586 4.44571
      vertex -13.0954 0 4.44571
      vertex -11.6161 0 4.81924
    endloop
  endfacet
  facet normal -0.244822 -0.00948936 0.969522
    outer loop
      vertex -11.6161 0 4.81924
      vertex -13.0323 -1.62586 4.44571
      vertex -11.5602 -1.4422 4.81924
    endloop
  endfacet
  facet normal -0.15765 -0.0311752 0.987003
    outer loop
      vertex -8.17712 -2.06027 5.42393
      vertex -9.83238 -2.47732 5.14637
      vertex -7.97832 -3.06558 5.42393
    endloop
  endfacet
  facet normal -0.126427 -0.00490289 0.991964
    outer loop
      vertex -6.56935 0 5.64926
      vertex -8.33732 0 5.42393
      vertex -6.53772 -0.815618 5.64926
    endloop
  endfacet
  facet normal 0.0438956 -0.233673 0.971324
    outer loop
      vertex 2.55479 -16.2688 4.44571
      vertex 1.28357 -16.5076 4.44571
      vertex 1.4162 -18.2134 4.02935
    endloop
  endfacet
  facet normal 0.0493534 -0.155527 0.986598
    outer loop
      vertex 2.9101 -12.1516 5.14637
      vertex 2.2662 -14.4311 4.81924
      vertex 3.37199 -14.0802 4.81924
    endloop
  endfacet
  facet normal 0.0549886 -0.121305 0.991091
    outer loop
      vertex 3.19056 -9.75673 5.42393
      vertex 2.9101 -12.1516 5.14637
      vertex 3.8364 -11.7317 5.14637
    endloop
  endfacet
  facet normal 0.0834126 -0.184043 0.979372
    outer loop
      vertex 5.01139 -15.3249 4.44571
      vertex 3.37199 -14.0802 4.81924
      vertex 3.80139 -15.8733 4.44571
    endloop
  endfacet
  facet normal 0.0549818 -0.121304 0.991091
    outer loop
      vertex 3.19056 -9.75673 5.42393
      vertex 2.4202 -10.1059 5.42393
      vertex 2.9101 -12.1516 5.14637
    endloop
  endfacet
  facet normal 0.0396524 -0.125012 0.991363
    outer loop
      vertex 2.4202 -10.1059 5.42393
      vertex 1.95578 -12.4543 5.14637
      vertex 2.9101 -12.1516 5.14637
    endloop
  endfacet
  facet normal 0.0834073 -0.18405 0.979372
    outer loop
      vertex 4.4453 -13.5938 4.81924
      vertex 3.37199 -14.0802 4.81924
      vertex 5.01139 -15.3249 4.44571
    endloop
  endfacet
  facet normal 0.105779 -0.176563 0.978589
    outer loop
      vertex 5.47581 -12.9764 4.81924
      vertex 5.01139 -15.3249 4.44571
      vertex 6.17313 -14.6289 4.44571
    endloop
  endfacet
  facet normal 0.14709 -0.156573 0.976652
    outer loop
      vertex 8.30763 -12.8223 4.44571
      vertex 6.45358 -12.2341 4.81924
      vertex 7.27541 -13.792 4.44571
    endloop
  endfacet
  facet normal 0.127078 -0.167374 0.977669
    outer loop
      vertex 6.45358 -12.2341 4.81924
      vertex 6.17313 -14.6289 4.44571
      vertex 7.27541 -13.792 4.44571
    endloop
  endfacet
  facet normal 0.0838313 -0.110428 0.990342
    outer loop
      vertex 5.56959 -10.5583 5.14637
      vertex 3.93019 -9.31363 5.42393
      vertex 4.72575 -11.1989 5.14637
    endloop
  endfacet
  facet normal 0.0838348 -0.110423 0.990343
    outer loop
      vertex 4.63197 -8.78083 5.42393
      vertex 3.93019 -9.31363 5.42393
      vertex 5.56959 -10.5583 5.14637
    endloop
  endfacet
  facet normal 0.0970981 -0.103357 0.989894
    outer loop
      vertex 6.35979 -9.81595 5.14637
      vertex 4.63197 -8.78083 5.42393
      vertex 5.56959 -10.5583 5.14637
    endloop
  endfacet
  facet normal 0.120702 -0.128482 0.984339
    outer loop
      vertex 6.35979 -9.81595 5.14637
      vertex 5.56959 -10.5583 5.14637
      vertex 7.3692 -11.3739 4.81924
    endloop
  endfacet
  facet normal 0.182538 -0.130619 0.974484
    outer loop
      vertex 10.1229 -10.523 4.44571
      vertex 8.97939 -9.33432 4.81924
      vertex 9.25985 -11.7291 4.44571
    endloop
  endfacet
  facet normal 0.253619 -0.120015 0.95983
    outer loop
      vertex 12.7425 -8.62726 4.02935
      vertex 10.8884 -9.21552 4.44571
      vertex 12.0135 -10.1678 4.02935
    endloop
  endfacet
  facet normal 0.407906 -0.238847 0.881229
    outer loop
      vertex 13.9069 -11.7703 3.08462
      vertex 12.9291 -13.4402 3.08462
      vertex 13.6265 -14.1651 2.56533
    endloop
  endfacet
  facet normal 0.378079 -0.270509 0.885371
    outer loop
      vertex 12.9291 -13.4402 3.08462
      vertex 11.8269 -14.9807 3.08462
      vertex 13.6265 -14.1651 2.56533
    endloop
  endfacet
  facet normal 0.340299 -0.199244 0.918966
    outer loop
      vertex 13.0229 -11.0221 3.57419
      vertex 12.1073 -12.5859 3.57419
      vertex 13.9069 -11.7703 3.08462
    endloop
  endfacet
  facet normal 0.455349 -0.17004 0.873924
    outer loop
      vertex 16.286 -8.54476 2.56533
      vertex 14.7508 -9.98696 3.08462
      vertex 15.5463 -10.5256 2.56533
    endloop
  endfacet
  facet normal 0.303305 -0.143527 0.942022
    outer loop
      vertex 12.7425 -8.62726 4.02935
      vertex 12.0135 -10.1678 4.02935
      vertex 13.0229 -11.0221 3.57419
    endloop
  endfacet
  facet normal 0.303315 -0.143525 0.942019
    outer loop
      vertex 13.8131 -9.35215 3.57419
      vertex 12.7425 -8.62726 4.02935
      vertex 13.0229 -11.0221 3.57419
    endloop
  endfacet
  facet normal 0.253619 -0.120014 0.95983
    outer loop
      vertex 11.5491 -7.8193 4.44571
      vertex 10.8884 -9.21552 4.44571
      vertex 12.7425 -8.62726 4.02935
    endloop
  endfacet
  facet normal 0.210865 -0.0997826 0.972409
    outer loop
      vertex 11.5491 -7.8193 4.44571
      vertex 9.65846 -8.17453 4.81924
      vertex 10.8884 -9.21552 4.44571
    endloop
  endfacet
  facet normal -0.592787 -0.347083 0.72673
    outer loop
      vertex -15.2659 -12.9204 2.02134
      vertex -15.7278 -13.3113 1.45788
      vertex -14.1926 -14.7535 2.02134
    endloop
  endfacet
  facet normal -0.455349 -0.17004 0.873924
    outer loop
      vertex -14.7508 -9.98696 3.08462
      vertex -16.286 -8.54476 2.56533
      vertex -15.5463 -10.5256 2.56533
    endloop
  endfacet
  facet normal -0.552323 -0.395193 0.734004
    outer loop
      vertex -14.1926 -14.7535 2.02134
      vertex -14.622 -15.1999 1.45788
      vertex -12.9826 -16.4446 2.02134
    endloop
  endfacet
  facet normal -0.521214 -0.246617 0.817017
    outer loop
      vertex -14.657 -12.4051 2.56533
      vertex -15.5463 -10.5256 2.56533
      vertex -15.2659 -12.9204 2.02134
    endloop
  endfacet
  facet normal -0.31497 -0.225355 0.921959
    outer loop
      vertex -12.1073 -12.5859 3.57419
      vertex -12.9291 -13.4402 3.08462
      vertex -11.8269 -14.9807 3.08462
    endloop
  endfacet
  facet normal -0.49118 -0.287591 0.822212
    outer loop
      vertex -14.657 -12.4051 2.56533
      vertex -15.2659 -12.9204 2.02134
      vertex -14.1926 -14.7535 2.02134
    endloop
  endfacet
  facet normal -0.485716 -0.0960459 0.868824
    outer loop
      vertex -16.4043 -4.13316 3.08462
      vertex -17.2891 -4.35608 2.56533
      vertex -16.0055 -6.14994 3.08462
    endloop
  endfacet
  facet normal -0.406943 -0.0804694 0.909902
    outer loop
      vertex -15.3616 -3.87044 3.57419
      vertex -16.4043 -4.13316 3.08462
      vertex -16.0055 -6.14994 3.08462
    endloop
  endfacet
  facet normal -0.485745 -0.0960727 0.868805
    outer loop
      vertex -16.0055 -6.14994 3.08462
      vertex -17.2891 -4.35608 2.56533
      vertex -16.8687 -6.48163 2.56533
    endloop
  endfacet
  facet normal -0.581183 -0.114949 0.805613
    outer loop
      vertex -17.2891 -4.35608 2.56533
      vertex -17.5695 -6.7509 2.02134
      vertex -16.8687 -6.48163 2.56533
    endloop
  endfacet
  facet normal -0.655712 -0.244816 0.714218
    outer loop
      vertex -16.9625 -8.89974 2.02134
      vertex -17.4757 -9.16901 1.45788
      vertex -16.1922 -10.9629 2.02134
    endloop
  endfacet
  facet normal -0.655708 -0.244812 0.714222
    outer loop
      vertex -16.1922 -10.9629 2.02134
      vertex -17.4757 -9.16901 1.45788
      vertex -16.6821 -11.2946 1.45788
    endloop
  endfacet
  facet normal -0.303315 -0.143525 0.942019
    outer loop
      vertex -12.7425 -8.62726 4.02935
      vertex -13.8131 -9.35215 3.57419
      vertex -13.0229 -11.0221 3.57419
    endloop
  endfacet
  facet normal -0.31906 -0.119139 0.940216
    outer loop
      vertex -12.7425 -8.62726 4.02935
      vertex -14.4703 -7.59214 3.57419
      vertex -13.8131 -9.35215 3.57419
    endloop
  endfacet
  facet normal -0.331696 -0.553658 0.763833
    outer loop
      vertex -7.02611 -21.4859 2.02134
      vertex -8.65489 -20.5101 2.02134
      vertex -7.23869 -22.1359 1.45788
    endloop
  endfacet
  facet normal -0.214199 -0.472613 0.854842
    outer loop
      vertex -5.11708 -21.3671 2.56533
      vertex -6.74586 -20.6289 2.56533
      vertex -5.32966 -22.2547 2.02134
    endloop
  endfacet
  facet normal -0.222197 -0.3709 0.901699
    outer loop
      vertex -7.88444 -18.6843 3.08462
      vertex -8.30968 -19.692 2.56533
      vertex -6.40065 -19.5732 3.08462
    endloop
  endfacet
  facet normal -0.184049 -0.307223 0.93367
    outer loop
      vertex -5.9938 -18.3291 3.57419
      vertex -7.88444 -18.6843 3.08462
      vertex -6.40065 -19.5732 3.08462
    endloop
  endfacet
  facet normal -0.344355 -0.299939 0.889638
    outer loop
      vertex -11.8269 -14.9807 3.08462
      vertex -12.4647 -15.7887 2.56533
      vertex -11.183 -17.2602 2.56533
    endloop
  endfacet
  facet normal -0.416439 -0.362725 0.833672
    outer loop
      vertex -11.183 -17.2602 2.56533
      vertex -12.4647 -15.7887 2.56533
      vertex -11.6475 -17.9772 2.02134
    endloop
  endfacet
  facet normal -0.100658 -0.222093 0.969816
    outer loop
      vertex -3.80139 -15.8733 4.44571
      vertex -5.01139 -15.3249 4.44571
      vertex -4.19419 -17.5134 4.02935
    endloop
  endfacet
  facet normal -0.0873089 -0.275215 0.95741
    outer loop
      vertex -4.19419 -17.5134 4.02935
      vertex -4.5466 -18.985 3.57419
      vertex -3.05561 -19.458 3.57419
    endloop
  endfacet
  facet normal -0.043919 -0.233685 0.97132
    outer loop
      vertex -2.55479 -16.2688 4.44571
      vertex -2.81877 -17.9498 4.02935
      vertex -1.4162 -18.2134 4.02935
    endloop
  endfacet
  facet normal -0.0438956 -0.233673 0.971324
    outer loop
      vertex -1.28357 -16.5076 4.44571
      vertex -2.55479 -16.2688 4.44571
      vertex -1.4162 -18.2134 4.02935
    endloop
  endfacet
  facet normal -0.105052 -0.331086 0.937735
    outer loop
      vertex -3.05561 -19.458 3.57419
      vertex -4.85522 -20.2736 3.08462
      vertex -3.26302 -20.7788 3.08462
    endloop
  endfacet
  facet normal -0.063526 -0.338067 0.938976
    outer loop
      vertex -3.05561 -19.458 3.57419
      vertex -3.26302 -20.7788 3.08462
      vertex -1.5352 -19.7437 3.57419
    endloop
  endfacet
  facet normal -0.384366 -0.848041 0.364815
    outer loop
      vertex -5.59928 -23.3806 0.880383
      vertex -7.38156 -22.5728 0.880383
      vertex -5.65373 -23.608 0.294406
    endloop
  endfacet
  facet normal -0.323751 -0.714303 0.620448
    outer loop
      vertex -5.49091 -22.9281 1.45788
      vertex -7.38156 -22.5728 0.880383
      vertex -5.59928 -23.3806 0.880383
    endloop
  endfacet
  facet normal -0.60466 -0.796484 0
    outer loop
      vertex -10.8206 -20.5126 0
      vertex -9.18116 -21.7572 0.294406
      vertex -10.8206 -20.5126 0.294406
    endloop
  endfacet
  facet normal -0.60466 -0.796484 -0
    outer loop
      vertex -9.18116 -21.7572 0.294406
      vertex -10.8206 -20.5126 0
      vertex -9.18116 -21.7572 0
    endloop
  endfacet
  facet normal 0.684686 -0.728838 0
    outer loop
      vertex 10.8206 -20.5126 0
      vertex 12.3558 -19.0704 0.294406
      vertex 10.8206 -20.5126 0.294406
    endloop
  endfacet
  facet normal 0.684686 -0.728838 0
    outer loop
      vertex 12.3558 -19.0704 0.294406
      vertex 10.8206 -20.5126 0
      vertex 12.3558 -19.0704 0
    endloop
  endfacet
  facet normal 0.767376 -0.549042 0.33119
    outer loop
      vertex 15.0555 -15.6506 0.294406
      vertex 13.6393 -17.2765 0.880383
      vertex 13.772 -17.4445 0.294406
    endloop
  endfacet
  facet normal 0.813274 -0.581881 0
    outer loop
      vertex 13.772 -17.4445 0.294406
      vertex 15.0555 -15.6506 0
      vertex 15.0555 -15.6506 0.294406
    endloop
  endfacet
  facet normal 0.813274 -0.581881 0
    outer loop
      vertex 15.0555 -15.6506 0
      vertex 13.772 -17.4445 0.294406
      vertex 13.772 -17.4445 0
    endloop
  endfacet
  facet normal 0.549768 -0.585252 0.596017
    outer loop
      vertex 11.9999 -18.5212 1.45788
      vertex 10.5089 -19.9218 1.45788
      vertex 10.7164 -20.315 0.880383
    endloop
  endfacet
  facet normal 0.50578 -0.440568 0.741678
    outer loop
      vertex 13.3754 -16.9421 1.45788
      vertex 11.6475 -17.9772 2.02134
      vertex 11.9999 -18.5212 1.45788
    endloop
  endfacet
  facet normal 0.416363 -0.362708 0.833718
    outer loop
      vertex 12.4647 -15.7887 2.56533
      vertex 11.6475 -17.9772 2.02134
      vertex 12.9826 -16.4446 2.02134
    endloop
  endfacet
  facet normal 0.371999 -0.395967 0.83954
    outer loop
      vertex 11.183 -17.2602 2.56533
      vertex 10.2003 -19.3368 2.02134
      vertex 11.6475 -17.9772 2.02134
    endloop
  endfacet
  facet normal 0.962333 -0.271875 0
    outer loop
      vertex 17.9939 -9.4409 0.294406
      vertex 18.6379 -7.16139 0
      vertex 18.6379 -7.16139 0.294406
    endloop
  endfacet
  facet normal 0.962333 -0.271875 0
    outer loop
      vertex 18.6379 -7.16139 0
      vertex 17.9939 -9.4409 0.294406
      vertex 17.9939 -9.4409 0
    endloop
  endfacet
  facet normal 0.816189 -0.477897 0.324731
    outer loop
      vertex 16.0382 -13.5741 0.880383
      vertex 14.9106 -15.4999 0.880383
      vertex 15.0555 -15.6506 0.294406
    endloop
  endfacet
  facet normal 0.709039 -0.415159 0.570005
    outer loop
      vertex 16.0382 -13.5741 0.880383
      vertex 14.622 -15.1999 1.45788
      vertex 14.9106 -15.4999 0.880383
    endloop
  endfacet
  facet normal 0.778639 -0.290709 0.556067
    outer loop
      vertex 17.4757 -9.16901 1.45788
      vertex 16.6821 -11.2946 1.45788
      vertex 17.0113 -11.5175 0.880383
    endloop
  endfacet
  facet normal 0.709034 -0.415148 0.57002
    outer loop
      vertex 15.7278 -13.3113 1.45788
      vertex 14.622 -15.1999 1.45788
      vertex 16.0382 -13.5741 0.880383
    endloop
  endfacet
  facet normal 0.566252 -0.159954 0.808563
    outer loop
      vertex 17.5695 -6.7509 2.02134
      vertex 16.286 -8.54476 2.56533
      vertex 16.9625 -8.89974 2.02134
    endloop
  endfacet
  facet normal 0.566218 -0.15992 0.808594
    outer loop
      vertex 16.8687 -6.48163 2.56533
      vertex 16.286 -8.54476 2.56533
      vertex 17.5695 -6.7509 2.02134
    endloop
  endfacet
  facet normal -0.81616 0.477902 0.324795
    outer loop
      vertex -15.0555 15.6506 0.294406
      vertex -16.1941 13.7061 0.294406
      vertex -16.0382 13.5741 0.880383
    endloop
  endfacet
  facet normal -0.816189 0.477897 0.324731
    outer loop
      vertex -15.0555 15.6506 0.294406
      vertex -16.0382 13.5741 0.880383
      vertex -14.9106 15.4999 0.880383
    endloop
  endfacet
  facet normal -0.479709 0.800768 0.358678
    outer loop
      vertex -7.38156 22.5728 0.880383
      vertex -9.18116 21.7572 0.294406
      vertex -9.09274 21.5477 0.880383
    endloop
  endfacet
  facet normal -0.0388353 0.624562 0.780009
    outer loop
      vertex 0 23.9598 1.45788
      vertex -1.79961 23.1442 2.02134
      vertex 0 23.2561 2.02134
    endloop
  endfacet
  facet normal 0.0575295 0.925236 0.375004
    outer loop
      vertex 0 24.6702 0.294406
      vertex 0 24.4327 0.880383
      vertex 1.90903 24.5515 0.294406
    endloop
  endfacet
  facet normal 0.191188 0.602598 0.774805
    outer loop
      vertex 3.69025 23.4994 1.45788
      vertex 3.58188 22.8093 2.02134
      vertex 5.49091 22.9281 1.45788
    endloop
  endfacet
  facet normal 0.1713 0.911738 0.37335
    outer loop
      vertex 1.90903 24.5515 0.294406
      vertex 1.89065 24.315 0.880383
      vertex 3.76309 23.9632 0.880383
    endloop
  endfacet
  facet normal -0.175694 0.387656 0.904906
    outer loop
      vertex -5.11708 21.3671 2.56533
      vertex -6.74586 20.6289 2.56533
      vertex -4.85522 20.2736 3.08462
    endloop
  endfacet
  facet normal -0.0176533 0.283783 0.958726
    outer loop
      vertex 0 19.8392 3.57419
      vertex -1.5352 19.7437 3.57419
      vertex 0 18.3015 4.02935
    endloop
  endfacet
  facet normal -0.115975 0.617194 0.778217
    outer loop
      vertex -1.79961 23.1442 2.02134
      vertex -3.69025 23.4994 1.45788
      vertex -3.58188 22.8093 2.02134
    endloop
  endfacet
  facet normal -0.145378 0.320766 0.935935
    outer loop
      vertex -4.85522 20.2736 3.08462
      vertex -5.9938 18.3291 3.57419
      vertex -4.5466 18.985 3.57419
    endloop
  endfacet
  facet normal -0.266086 0.350465 0.897983
    outer loop
      vertex -8.30968 19.692 2.56533
      vertex -9.2923 17.6154 3.08462
      vertex -7.88444 18.6843 3.08462
    endloop
  endfacet
  facet normal -0.120902 0.26679 0.956141
    outer loop
      vertex -4.19419 17.5134 4.02935
      vertex -5.9938 18.3291 3.57419
      vertex -5.52922 16.9084 4.02935
    endloop
  endfacet
  facet normal -0.0176538 0.283783 0.958726
    outer loop
      vertex 0 18.3015 4.02935
      vertex -1.5352 19.7437 3.57419
      vertex -1.4162 18.2134 4.02935
    endloop
  endfacet
  facet normal -0.043919 0.233685 0.97132
    outer loop
      vertex -1.4162 18.2134 4.02935
      vertex -2.81877 17.9498 4.02935
      vertex -2.55479 16.2688 4.44571
    endloop
  endfacet
  facet normal -0.191188 0.602598 0.774805
    outer loop
      vertex -3.69025 23.4994 1.45788
      vertex -5.49091 22.9281 1.45788
      vertex -3.58188 22.8093 2.02134
    endloop
  endfacet
  facet normal -0.1912 0.602553 0.774837
    outer loop
      vertex -3.58188 22.8093 2.02134
      vertex -5.49091 22.9281 1.45788
      vertex -5.32966 22.2547 2.02134
    endloop
  endfacet
  facet normal 0.412836 0.910805 -0
    outer loop
      vertex 7.45334 22.7923 0
      vertex 5.65373 23.608 0.294406
      vertex 7.45334 22.7923 0.294406
    endloop
  endfacet
  facet normal 0.412836 0.910805 0
    outer loop
      vertex 5.65373 23.608 0.294406
      vertex 7.45334 22.7923 0
      vertex 5.65373 23.608 0
    endloop
  endfacet
  facet normal -0.0620583 0.998073 0
    outer loop
      vertex 0 24.6702 0
      vertex -1.90903 24.5515 0.294406
      vertex 0 24.6702 0.294406
    endloop
  endfacet
  facet normal -0.0620583 0.998073 0
    outer loop
      vertex -1.90903 24.5515 0.294406
      vertex 0 24.6702 0
      vertex -1.90903 24.5515 0
    endloop
  endfacet
  facet normal 0.821425 -0.16246 0.546688
    outer loop
      vertex 18.5522 -4.67432 1.45788
      vertex 18.1011 -6.95515 1.45788
      vertex 18.9183 -4.76657 0.880383
    endloop
  endfacet
  facet normal 0.678301 -0.191605 0.709363
    outer loop
      vertex 17.5695 -6.7509 2.02134
      vertex 16.9625 -8.89974 2.02134
      vertex 17.4757 -9.16901 1.45788
    endloop
  endfacet
  facet normal 0.678278 -0.191609 0.709383
    outer loop
      vertex 17.5695 -6.7509 2.02134
      vertex 17.4757 -9.16901 1.45788
      vertex 18.1011 -6.95515 1.45788
    endloop
  endfacet
  facet normal 0.833427 -0.0976183 0.543939
    outer loop
      vertex 19.1961 -2.39482 0.880383
      vertex 18.5522 -4.67432 1.45788
      vertex 18.9183 -4.76657 0.880383
    endloop
  endfacet
  facet normal 0.406943 -0.0804694 0.909902
    outer loop
      vertex 16.4043 -4.13316 3.08462
      vertex 15.3616 -3.87044 3.57419
      vertex 16.0055 -6.14994 3.08462
    endloop
  endfacet
  facet normal 0.711848 -0.0276058 0.701791
    outer loop
      vertex 18.3601 0 2.02134
      vertex 18.2717 -2.2795 2.02134
      vertex 18.9156 0 1.45788
    endloop
  endfacet
  facet normal 0.199509 -0.17378 0.964363
    outer loop
      vertex 9.25985 -11.7291 4.44571
      vertex 8.30763 -12.8223 4.44571
      vertex 10.2167 -12.9411 4.02935
    endloop
  endfacet
  facet normal 0.199508 -0.173793 0.964361
    outer loop
      vertex 10.2167 -12.9411 4.02935
      vertex 8.30763 -12.8223 4.44571
      vertex 9.16606 -14.1472 4.02935
    endloop
  endfacet
  facet normal 0.263173 -0.188304 0.946193
    outer loop
      vertex 12.1073 -12.5859 3.57419
      vertex 10.2167 -12.9411 4.02935
      vertex 11.0751 -14.0285 3.57419
    endloop
  endfacet
  facet normal 0.314955 -0.225355 0.921964
    outer loop
      vertex 12.1073 -12.5859 3.57419
      vertex 11.0751 -14.0285 3.57419
      vertex 11.8269 -14.9807 3.08462
    endloop
  endfacet
  facet normal 0.27041 -0.451362 0.850383
    outer loop
      vertex 8.65489 -20.5101 2.02134
      vertex 6.74586 -20.6289 2.56533
      vertex 7.02611 -21.4859 2.02134
    endloop
  endfacet
  facet normal 0.214171 -0.472595 0.85486
    outer loop
      vertex 6.74586 -20.6289 2.56533
      vertex 5.32966 -22.2547 2.02134
      vertex 7.02611 -21.4859 2.02134
    endloop
  endfacet
  facet normal 0.115967 -0.617213 0.778203
    outer loop
      vertex 3.69025 -23.4994 1.45788
      vertex 1.79961 -23.1442 2.02134
      vertex 1.85405 -23.8444 1.45788
    endloop
  endfacet
  facet normal 0.155118 -0.488915 0.858429
    outer loop
      vertex 5.11708 -21.3671 2.56533
      vertex 3.43901 -21.8995 2.56533
      vertex 3.58188 -22.8093 2.02134
    endloop
  endfacet
  facet normal -0.0388777 -0.624621 0.77996
    outer loop
      vertex -1.79961 -23.1442 2.02134
      vertex -1.85405 -23.8444 1.45788
      vertex 0 -23.9598 1.45788
    endloop
  endfacet
  facet normal -0.143308 -0.76273 0.63064
    outer loop
      vertex -3.69025 -23.4994 1.45788
      vertex -3.76309 -23.9632 0.880383
      vertex -1.85405 -23.8444 1.45788
    endloop
  endfacet
  facet normal 0.0212523 -0.34158 0.939612
    outer loop
      vertex 0 -19.8392 3.57419
      vertex 0 -21.1859 3.08462
      vertex 1.63941 -21.0839 3.08462
    endloop
  endfacet
  facet normal -0.0212523 -0.34158 0.939612
    outer loop
      vertex 0 -19.8392 3.57419
      vertex -1.63941 -21.0839 3.08462
      vertex 0 -21.1859 3.08462
    endloop
  endfacet
  facet normal 0.0768866 -0.409228 0.909187
    outer loop
      vertex 3.43901 -21.8995 2.56533
      vertex 1.63941 -21.0839 3.08462
      vertex 1.72783 -22.221 2.56533
    endloop
  endfacet
  facet normal 0.0257339 -0.413617 0.910087
    outer loop
      vertex 1.63941 -21.0839 3.08462
      vertex 0 -22.3285 2.56533
      vertex 1.72783 -22.221 2.56533
    endloop
  endfacet
  facet normal 0.0768966 -0.409211 0.909194
    outer loop
      vertex 3.26302 -20.7788 3.08462
      vertex 1.63941 -21.0839 3.08462
      vertex 3.43901 -21.8995 2.56533
    endloop
  endfacet
  facet normal 0.127082 -0.400515 0.907435
    outer loop
      vertex 4.85522 -20.2736 3.08462
      vertex 3.26302 -20.7788 3.08462
      vertex 3.43901 -21.8995 2.56533
    endloop
  endfacet
  facet normal 0.127593 -0.212979 0.96869
    outer loop
      vertex 6.811 -16.1405 4.02935
      vertex 5.01139 -15.3249 4.44571
      vertex 5.52922 -16.9084 4.02935
    endloop
  endfacet
  facet normal 0.184049 -0.307223 0.93367
    outer loop
      vertex 7.88444 -18.6843 3.08462
      vertex 5.9938 -18.3291 3.57419
      vertex 6.40065 -19.5732 3.08462
    endloop
  endfacet
  facet normal 0.0873089 -0.275215 0.95741
    outer loop
      vertex 4.19419 -17.5134 4.02935
      vertex 3.05561 -19.458 3.57419
      vertex 4.5466 -18.985 3.57419
    endloop
  endfacet
  facet normal 0.0176538 -0.283783 0.958726
    outer loop
      vertex 1.4162 -18.2134 4.02935
      vertex 0 -18.3015 4.02935
      vertex 1.5352 -19.7437 3.57419
    endloop
  endfacet
  facet normal 0.0527943 -0.280909 0.958281
    outer loop
      vertex 2.81877 -17.9498 4.02935
      vertex 1.4162 -18.2134 4.02935
      vertex 3.05561 -19.458 3.57419
    endloop
  endfacet
  facet normal 0.0363578 -0.193569 0.980413
    outer loop
      vertex 2.2662 -14.4311 4.81924
      vertex 1.13858 -14.6429 4.81924
      vertex 2.55479 -16.2688 4.44571
    endloop
  endfacet
  facet normal 0.222197 -0.3709 0.901699
    outer loop
      vertex 7.88444 -18.6843 3.08462
      vertex 6.40065 -19.5732 3.08462
      vertex 8.30968 -19.692 2.56533
    endloop
  endfacet
  facet normal 0.266086 -0.350465 0.897983
    outer loop
      vertex 9.2923 -17.6154 3.08462
      vertex 7.88444 -18.6843 3.08462
      vertex 8.30968 -19.692 2.56533
    endloop
  endfacet
  facet normal -0.00997633 -0.160209 0.987033
    outer loop
      vertex -0.982622 -12.6372 5.14637
      vertex -1.13858 -14.6429 4.81924
      vertex 0 -14.7138 4.81924
    endloop
  endfacet
  facet normal 0.0398372 -0.0664949 0.996991
    outer loop
      vertex 3.09677 -7.33862 5.64926
      vertex 2.23353 -5.29295 5.82019
      vertex 2.51398 -7.68777 5.64926
    endloop
  endfacet
  facet normal 0.0427605 -0.0943407 0.994621
    outer loop
      vertex 2.51398 -7.68777 5.64926
      vertex 2.4202 -10.1059 5.42393
      vertex 3.19056 -9.75673 5.42393
    endloop
  endfacet
  facet normal -0.0697509 -0.116429 0.990747
    outer loop
      vertex -3.93019 -9.31363 5.42393
      vertex -4.72575 -11.1989 5.14637
      vertex -3.19056 -9.75673 5.42393
    endloop
  endfacet
  facet normal -0.0313924 -0.0692651 0.997104
    outer loop
      vertex -1.8132 -5.54476 5.82019
      vertex -2.51398 -7.68777 5.64926
      vertex -1.3754 -5.74318 5.82019
    endloop
  endfacet
  facet normal -0.0867475 -0.144791 0.985652
    outer loop
      vertex -3.8364 -11.7317 5.14637
      vertex -5.47581 -12.9764 4.81924
      vertex -4.4453 -13.5938 4.81924
    endloop
  endfacet
  facet normal -0.127594 -0.212976 0.96869
    outer loop
      vertex -6.17313 -14.6289 4.44571
      vertex -6.811 -16.1405 4.02935
      vertex -5.01139 -15.3249 4.44571
    endloop
  endfacet
  facet normal -0.0121691 -0.195493 0.98063
    outer loop
      vertex 0 -14.7138 4.81924
      vertex -1.28357 -16.5076 4.44571
      vertex 0 -16.5875 4.44571
    endloop
  endfacet
  facet normal 0.00800395 -0.128757 0.991644
    outer loop
      vertex 0.817201 -10.5098 5.42393
      vertex 0 -10.5606 5.42393
      vertex 0.982622 -12.6372 5.14637
    endloop
  endfacet
  facet normal 0.210864 0.099777 0.97241
    outer loop
      vertex 11.5491 7.8193 4.44571
      vertex 9.65846 8.17453 4.81924
      vertex 10.2445 6.93602 4.81924
    endloop
  endfacet
  facet normal 0.266944 0.0996694 0.958544
    outer loop
      vertex 12.7425 8.62726 4.02935
      vertex 11.5491 7.8193 4.44571
      vertex 13.3487 7.00368 4.02935
    endloop
  endfacet
  facet normal 0.114489 -0.0427493 0.992504
    outer loop
      vertex 7.70268 -4.04137 5.42393
      vertex 6.06929 -3.18438 5.64926
      vertex 7.35286 -4.97824 5.42393
    endloop
  endfacet
  facet normal 0.11922 -0.0336773 0.992297
    outer loop
      vertex 6.28648 -2.41551 5.64926
      vertex 6.06929 -3.18438 5.64926
      vertex 7.70268 -4.04137 5.42393
    endloop
  endfacet
  facet normal 0.195668 -0.0386946 0.979906
    outer loop
      vertex 9.83238 -2.47732 5.14637
      vertex 9.59333 -3.68613 5.14637
      vertex 11.1159 -4.27118 4.81924
    endloop
  endfacet
  facet normal 0.195667 -0.0386956 0.979907
    outer loop
      vertex 11.3929 -2.87051 4.81924
      vertex 9.83238 -2.47732 5.14637
      vertex 11.1159 -4.27118 4.81924
    endloop
  endfacet
  facet normal 0.126427 -0.00490289 0.991964
    outer loop
      vertex 6.56935 0 5.64926
      vertex 6.53772 -0.815618 5.64926
      vertex 8.33732 0 5.42393
    endloop
  endfacet
  facet normal 0.126427 0.00490289 0.991964
    outer loop
      vertex 8.33732 0 5.42393
      vertex 6.53772 0.815618 5.64926
      vertex 6.56935 0 5.64926
    endloop
  endfacet
  facet normal 0.182515 -0.0681514 0.980838
    outer loop
      vertex 10.7319 -5.63072 4.81924
      vertex 9.2619 -4.85944 5.14637
      vertex 10.2445 -6.93602 4.81924
    endloop
  endfacet
  facet normal 0.222029 -0.0829057 0.971509
    outer loop
      vertex 10.7319 -5.63072 4.81924
      vertex 10.2445 -6.93602 4.81924
      vertex 11.5491 -7.8193 4.44571
    endloop
  endfacet
  facet normal 0.0876254 -0.0247524 0.995846
    outer loop
      vertex 6.28648 -2.41551 5.64926
      vertex 4.37745 -2.29672 5.82019
      vertex 6.06929 -3.18438 5.64926
    endloop
  endfacet
  facet normal 0.0575916 -0.0162678 0.998208
    outer loop
      vertex 4.53409 -1.74218 5.82019
      vertex 2.73804 -1.05206 5.93506
      vertex 4.37745 -2.29672 5.82019
    endloop
  endfacet
  facet normal 0.060501 -0.00708546 0.998143
    outer loop
      vertex 4.7153 -0.588261 5.82019
      vertex 2.84747 -0.355237 5.93506
      vertex 4.64707 -1.17086 5.82019
    endloop
  endfacet
  facet normal 0.0610886 -0.00236873 0.99813
    outer loop
      vertex 4.73811 0 5.82019
      vertex 2.84747 -0.355237 5.93506
      vertex 4.7153 -0.588261 5.82019
    endloop
  endfacet
  facet normal 0.126427 0.0049026 0.991964
    outer loop
      vertex 8.29718 1.03512 5.42393
      vertex 6.53772 0.815618 5.64926
      vertex 8.33732 0 5.42393
    endloop
  endfacet
  facet normal 0.125216 0.0146646 0.992021
    outer loop
      vertex 8.29718 1.03512 5.42393
      vertex 6.44312 1.62338 5.64926
      vertex 6.53772 0.815618 5.64926
    endloop
  endfacet
  facet normal 0.0299976 0.00351248 0.999544
    outer loop
      vertex 2.84747 0.355237 5.93506
      vertex 0.938435 0.236444 5.99277
      vertex 0.952211 0.118793 5.99277
    endloop
  endfacet
  facet normal 0.0302891 0.00117517 0.99954
    outer loop
      vertex 2.84747 0.355237 5.93506
      vertex 0.952211 0.118793 5.99277
      vertex 0.95682 0 5.99277
    endloop
  endfacet
  facet normal 0.11922 0.0336772 0.992297
    outer loop
      vertex 7.70268 4.04137 5.42393
      vertex 6.28648 2.41551 5.64926
      vertex 7.97832 3.06558 5.42393
    endloop
  endfacet
  facet normal 0.0593316 0.011733 0.998169
    outer loop
      vertex 4.53409 1.74218 5.82019
      vertex 2.73804 1.05206 5.93506
      vertex 4.64707 1.17086 5.82019
    endloop
  endfacet
  facet normal 0.231071 0.0652659 0.970745
    outer loop
      vertex 12.0986 6.34776 4.44571
      vertex 10.7319 5.63072 4.81924
      vertex 12.5315 4.8151 4.44571
    endloop
  endfacet
  facet normal 0.15765 0.0311763 0.987003
    outer loop
      vertex 9.59333 3.68613 5.14637
      vertex 7.97832 3.06558 5.42393
      vertex 9.83238 2.47732 5.14637
    endloop
  endfacet
  facet normal 0.266949 0.0996838 0.958541
    outer loop
      vertex 13.3487 7.00368 4.02935
      vertex 11.5491 7.8193 4.44571
      vertex 12.0986 6.34776 4.44571
    endloop
  endfacet
  facet normal 0.237855 0.139267 0.961265
    outer loop
      vertex 11.1689 11.6103 4.02935
      vertex 10.8884 9.21552 4.44571
      vertex 12.0135 10.1678 4.02935
    endloop
  endfacet
  facet normal 0.13073 0.0765452 0.988459
    outer loop
      vertex 7.74943 8.05574 5.14637
      vertex 6.44484 6.69958 5.42393
      vertex 8.33549 7.05482 5.14637
    endloop
  endfacet
  facet normal 0.173285 0.0819955 0.981452
    outer loop
      vertex 9.65846 8.17453 4.81924
      vertex 8.33549 7.05482 5.14637
      vertex 8.84126 5.98595 5.14637
    endloop
  endfacet
  facet normal 0.149907 0.107264 0.982864
    outer loop
      vertex 8.21385 10.4042 4.81924
      vertex 7.08875 8.97908 5.14637
      vertex 7.74943 8.05574 5.14637
    endloop
  endfacet
  facet normal 0.149907 0.107264 0.982864
    outer loop
      vertex 8.21385 10.4042 4.81924
      vertex 7.74943 8.05574 5.14637
      vertex 8.97939 9.33432 4.81924
    endloop
  endfacet
  facet normal 0.0798449 0.0377816 0.996091
    outer loop
      vertex 5.46222 4.623 5.64926
      vertex 3.9396 3.33432 5.82019
      vertex 5.79365 3.92258 5.64926
    endloop
  endfacet
  facet normal 0.108657 0.0514152 0.992749
    outer loop
      vertex 7.35286 4.97824 5.42393
      vertex 5.46222 4.623 5.64926
      vertex 5.79365 3.92258 5.64926
    endloop
  endfacet
  facet normal 0.0575908 0.0162688 0.998208
    outer loop
      vertex 4.37745 2.29672 5.82019
      vertex 2.64344 1.38694 5.93506
      vertex 2.73804 1.05206 5.93506
    endloop
  endfacet
  facet normal 0.084139 0.0314182 0.995959
    outer loop
      vertex 5.79365 3.92258 5.64926
      vertex 4.17864 2.82914 5.82019
      vertex 4.37745 2.29672 5.82019
    endloop
  endfacet
  facet normal 0.0798451 0.0377809 0.996091
    outer loop
      vertex 5.79365 3.92258 5.64926
      vertex 3.9396 3.33432 5.82019
      vertex 4.17864 2.82914 5.82019
    endloop
  endfacet
  facet normal 0.0260124 0.0123088 0.999586
    outer loop
      vertex 2.52339 1.70846 5.93506
      vertex 0.795566 0.673335 5.99277
      vertex 0.843839 0.571319 5.99277
    endloop
  endfacet
  facet normal -0.0302893 -0.0011741 0.99954
    outer loop
      vertex -0.95682 0 5.99277
      vertex -2.86124 0 5.93506
      vertex -2.84747 -0.355237 5.93506
    endloop
  endfacet
  facet normal 0.0410902 0.035791 0.998514
    outer loop
      vertex 3.00583 4.63931 5.82019
      vertex 2.0232 2.56273 5.93506
      vertex 3.35035 4.24378 5.82019
    endloop
  endfacet
  facet normal -0.0298142 0.158633 0.986887
    outer loop
      vertex -0.982622 12.6372 5.14637
      vertex -2.2662 14.4311 4.81924
      vertex -1.95578 12.4543 5.14637
    endloop
  endfacet
  facet normal 0.0652191 0.0859037 0.994166
    outer loop
      vertex 3.93019 9.31363 5.42393
      vertex 3.09677 7.33862 5.64926
      vertex 4.63197 8.78083 5.42393
    endloop
  endfacet
  facet normal 0.0453325 0.0324371 0.998445
    outer loop
      vertex 3.35035 4.24378 5.82019
      vertex 2.0232 2.56273 5.93506
      vertex 3.66261 3.80738 5.82019
    endloop
  endfacet
  facet normal 0.0364503 0.0388014 0.998582
    outer loop
      vertex 2.63235 4.99016 5.82019
      vertex 1.81515 2.80158 5.93506
      vertex 3.00583 4.63931 5.82019
    endloop
  endfacet
  facet normal 0.0102162 -0.022546 0.999694
    outer loop
      vertex 0.366158 -1.11972 5.99277
      vertex 0.27775 -1.15978 5.99277
      vertex 1.09495 -3.34836 5.93506
    endloop
  endfacet
  facet normal 0.0524704 -0.0248282 0.998314
    outer loop
      vertex 2.52339 -1.70846 5.93506
      vertex 2.37904 -2.01352 5.93506
      vertex 3.9396 -3.33432 5.82019
    endloop
  endfacet
  facet normal -0.0285536 -0.00806568 0.99956
    outer loop
      vertex -0.915619 -0.351816 5.99277
      vertex -2.73804 -1.05206 5.93506
      vertex -0.883986 -0.463801 5.99277
    endloop
  endfacet
  facet normal -0.105783 0.176564 0.978588
    outer loop
      vertex -5.01139 15.3249 4.44571
      vertex -5.47581 12.9764 4.81924
      vertex -4.4453 13.5938 4.81924
    endloop
  endfacet
  facet normal -0.0493295 0.155521 0.9866
    outer loop
      vertex -2.2662 14.4311 4.81924
      vertex -2.9101 12.1516 5.14637
      vertex -1.95578 12.4543 5.14637
    endloop
  endfacet
  facet normal 0.0697513 0.116429 0.990747
    outer loop
      vertex 3.8364 11.7317 5.14637
      vertex 3.19056 9.75673 5.42393
      vertex 4.72575 11.1989 5.14637
    endloop
  endfacet
  facet normal -0.0493534 0.155527 0.986598
    outer loop
      vertex -2.2662 14.4311 4.81924
      vertex -3.37199 14.0802 4.81924
      vertex -2.9101 12.1516 5.14637
    endloop
  endfacet
  facet normal -0.063526 0.338067 0.938976
    outer loop
      vertex -1.5352 19.7437 3.57419
      vertex -3.26302 20.7788 3.08462
      vertex -3.05561 19.458 3.57419
    endloop
  endfacet
  facet normal -0.0601948 0.189732 0.979989
    outer loop
      vertex -2.55479 16.2688 4.44571
      vertex -3.80139 15.8733 4.44571
      vertex -3.37199 14.0802 4.81924
    endloop
  endfacet
  facet normal 0.0206178 0.0454917 0.998752
    outer loop
      vertex 1.3754 5.74318 5.82019
      vertex 0.830575 3.46818 5.93506
      vertex 1.8132 5.54476 5.82019
    endloop
  endfacet
  facet normal 0.0261643 0.0436754 0.998703
    outer loop
      vertex 1.8132 5.54476 5.82019
      vertex 1.09495 3.34836 5.93506
      vertex 1.34878 3.1963 5.93506
    endloop
  endfacet
  facet normal 0.0838313 0.110428 0.990342
    outer loop
      vertex 4.72575 11.1989 5.14637
      vertex 3.93019 9.31363 5.42393
      vertex 5.56959 10.5583 5.14637
    endloop
  endfacet
  facet normal 0.104232 0.137301 0.98503
    outer loop
      vertex 5.47581 12.9764 4.81924
      vertex 4.72575 11.1989 5.14637
      vertex 5.56959 10.5583 5.14637
    endloop
  endfacet
  facet normal 0.165636 0.144276 0.975576
    outer loop
      vertex 8.30763 12.8223 4.44571
      vertex 7.3692 11.3739 4.81924
      vertex 9.25985 11.7291 4.44571
    endloop
  endfacet
  facet normal 0.127066 0.167373 0.977671
    outer loop
      vertex 6.17313 14.6289 4.44571
      vertex 5.47581 12.9764 4.81924
      vertex 6.45358 12.2341 4.81924
    endloop
  endfacet
  facet normal -0.0902688 0.0178502 0.995757
    outer loop
      vertex -6.28648 2.41551 5.64926
      vertex -6.44312 1.62338 5.64926
      vertex -4.64707 1.17086 5.82019
    endloop
  endfacet
  facet normal -0.147007 0.0548926 0.987611
    outer loop
      vertex -8.84126 5.98595 5.14637
      vertex -9.2619 4.85944 5.14637
      vertex -7.35286 4.97824 5.42393
    endloop
  endfacet
  facet normal -0.242517 0.0283906 0.969732
    outer loop
      vertex -12.8438 3.23606 4.44571
      vertex -13.0323 1.62586 4.44571
      vertex -11.5602 1.4422 4.81924
    endloop
  endfacet
  facet normal -0.162279 0.00629351 0.986725
    outer loop
      vertex -9.97673 1.24465 5.14637
      vertex -10.025 0 5.14637
      vertex -8.33732 0 5.42393
    endloop
  endfacet
  facet normal -0.0920444 0.0107797 0.995697
    outer loop
      vertex -6.44312 1.62338 5.64926
      vertex -6.53772 0.815618 5.64926
      vertex -4.64707 1.17086 5.82019
    endloop
  endfacet
  facet normal -0.060501 0.00708546 0.998143
    outer loop
      vertex -4.64707 1.17086 5.82019
      vertex -4.7153 0.588261 5.82019
      vertex -2.84747 0.355237 5.93506
    endloop
  endfacet
  facet normal -0.153062 0.0432361 0.98727
    outer loop
      vertex -9.2619 4.85944 5.14637
      vertex -9.59333 3.68613 5.14637
      vertex -7.97832 3.06558 5.42393
    endloop
  endfacet
  facet normal -0.0239621 0.127503 0.991549
    outer loop
      vertex -0.982622 12.6372 5.14637
      vertex -1.62653 10.3577 5.42393
      vertex -0.817201 10.5098 5.42393
    endloop
  endfacet
  facet normal -0.0652191 0.0859037 0.994166
    outer loop
      vertex -3.93019 9.31363 5.42393
      vertex -4.63197 8.78083 5.42393
      vertex -3.09677 7.33862 5.64926
    endloop
  endfacet
  facet normal -0.0697513 0.116429 0.990747
    outer loop
      vertex -3.8364 11.7317 5.14637
      vertex -4.72575 11.1989 5.14637
      vertex -3.19056 9.75673 5.42393
    endloop
  endfacet
  facet normal -0.104232 0.137301 0.98503
    outer loop
      vertex -5.47581 12.9764 4.81924
      vertex -5.56959 10.5583 5.14637
      vertex -4.72575 11.1989 5.14637
    endloop
  endfacet
  facet normal -0.135971 0.118436 0.983608
    outer loop
      vertex -7.3692 11.3739 4.81924
      vertex -8.21385 10.4042 4.81924
      vertex -6.35979 9.81595 5.14637
    endloop
  endfacet
  facet normal -0.0285535 -0.00806605 0.99956
    outer loop
      vertex -0.883986 -0.463801 5.99277
      vertex -2.73804 -1.05206 5.93506
      vertex -2.64344 -1.38694 5.93506
    endloop
  endfacet
  facet normal 0.0274149 0.0102367 0.999572
    outer loop
      vertex 2.52339 1.70846 5.93506
      vertex 0.843839 0.571319 5.99277
      vertex 0.883986 0.463801 5.99277
    endloop
  endfacet
  facet normal -0.0491374 0.0287717 0.998378
    outer loop
      vertex -2.21177 2.29919 5.93506
      vertex -3.66261 3.80738 5.82019
      vertex -2.37904 2.01352 5.93506
    endloop
  endfacet
  facet normal -0.0364503 0.0388014 0.998582
    outer loop
      vertex -2.63235 4.99016 5.82019
      vertex -3.00583 4.63931 5.82019
      vertex -1.81515 2.80158 5.93506
    endloop
  endfacet
  facet normal -0.49118 0.287591 0.822213
    outer loop
      vertex -14.1926 14.7535 2.02134
      vertex -14.657 12.4051 2.56533
      vertex -13.6265 14.1651 2.56533
    endloop
  endfacet
  facet normal -0.552331 0.395211 0.733988
    outer loop
      vertex -13.3754 16.9421 1.45788
      vertex -14.622 15.1999 1.45788
      vertex -12.9826 16.4446 2.02134
    endloop
  endfacet
  facet normal -0.331696 0.553658 0.763833
    outer loop
      vertex -7.23869 22.1359 1.45788
      vertex -8.65489 20.5101 2.02134
      vertex -7.02611 21.4859 2.02134
    endloop
  endfacet
  facet normal -0.384366 0.848041 0.364815
    outer loop
      vertex -5.65373 23.608 0.294406
      vertex -7.38156 22.5728 0.880383
      vertex -5.59928 23.3806 0.880383
    endloop
  endfacet
  facet normal -0.291337 0.0341259 0.956011
    outer loop
      vertex -14.1709 3.57044 4.02935
      vertex -14.379 1.79386 4.02935
      vertex -12.8438 3.23606 4.44571
    endloop
  endfacet
  facet normal -0.210864 0.099777 0.97241
    outer loop
      vertex -9.65846 8.17453 4.81924
      vertex -11.5491 7.8193 4.44571
      vertex -10.2445 6.93602 4.81924
    endloop
  endfacet
  facet normal -0.35103 -0.0136001 0.936265
    outer loop
      vertex -14.4485 0 4.02935
      vertex -15.6625 0 3.57419
      vertex -14.379 -1.79386 4.02935
    endloop
  endfacet
  facet normal -0.294081 0.0113936 0.955713
    outer loop
      vertex -14.379 1.79386 4.02935
      vertex -14.4485 0 4.02935
      vertex -13.0954 0 4.44571
    endloop
  endfacet
  facet normal -0.433722 0.205219 0.877366
    outer loop
      vertex -14.657 12.4051 2.56533
      vertex -15.5463 10.5256 2.56533
      vertex -13.9069 11.7703 3.08462
    endloop
  endfacet
  facet normal -0.149907 0.107264 0.982864
    outer loop
      vertex -8.21385 10.4042 4.81924
      vertex -8.97939 9.33432 4.81924
      vertex -7.74943 8.05574 5.14637
    endloop
  endfacet
  facet normal -0.104236 0.137301 0.98503
    outer loop
      vertex -5.47581 12.9764 4.81924
      vertex -6.45358 12.2341 4.81924
      vertex -5.56959 10.5583 5.14637
    endloop
  endfacet
  facet normal -0.177262 0.188691 0.965906
    outer loop
      vertex -8.02718 15.2171 4.02935
      vertex -8.30763 12.8223 4.44571
      vertex -7.27541 13.792 4.44571
    endloop
  endfacet
  facet normal 0.610508 0.531793 0.58692
    outer loop
      vertex 13.6393 17.2765 0.880383
      vertex 11.9999 18.5212 1.45788
      vertex 13.3754 16.9421 1.45788
    endloop
  endfacet
  facet normal 0.50578 0.440568 0.741678
    outer loop
      vertex 11.9999 18.5212 1.45788
      vertex 11.6475 17.9772 2.02134
      vertex 13.3754 16.9421 1.45788
    endloop
  endfacet
  facet normal 0.405974 0.677661 0.613156
    outer loop
      vertex 9.09274 21.5477 0.880383
      vertex 7.23869 22.1359 1.45788
      vertex 8.91676 21.1306 1.45788
    endloop
  endfacet
  facet normal 0.323164 0.425654 0.845212
    outer loop
      vertex 8.65489 20.5101 2.02134
      vertex 8.30968 19.692 2.56533
      vertex 10.2003 19.3368 2.02134
    endloop
  endfacet
  facet normal 0.2222 0.370883 0.901706
    outer loop
      vertex 6.74586 20.6289 2.56533
      vertex 6.40065 19.5732 3.08462
      vertex 8.30968 19.692 2.56533
    endloop
  endfacet
  facet normal 0.395197 0.520523 0.756885
    outer loop
      vertex 8.91676 21.1306 1.45788
      vertex 8.65489 20.5101 2.02134
      vertex 10.5089 19.9218 1.45788
    endloop
  endfacet
  facet normal 0.093954 0.500004 0.860911
    outer loop
      vertex 3.58188 22.8093 2.02134
      vertex 1.79961 23.1442 2.02134
      vertex 3.43901 21.8995 2.56533
    endloop
  endfacet
  facet normal 0.093939 0.499989 0.860922
    outer loop
      vertex 1.79961 23.1442 2.02134
      vertex 1.72783 22.221 2.56533
      vertex 3.43901 21.8995 2.56533
    endloop
  endfacet
  facet normal 0.120902 0.26679 0.956141
    outer loop
      vertex 5.9938 18.3291 3.57419
      vertex 4.19419 17.5134 4.02935
      vertex 5.52922 16.9084 4.02935
    endloop
  endfacet
  facet normal 0.0726607 0.229024 0.970705
    outer loop
      vertex 4.19419 17.5134 4.02935
      vertex 2.55479 16.2688 4.44571
      vertex 3.80139 15.8733 4.44571
    endloop
  endfacet
  facet normal 0.0121733 0.19549 0.98063
    outer loop
      vertex 1.28357 16.5076 4.44571
      vertex 0 14.7138 4.81924
      vertex 1.13858 14.6429 4.81924
    endloop
  endfacet
  facet normal 0.127593 0.212979 0.96869
    outer loop
      vertex 5.52922 16.9084 4.02935
      vertex 5.01139 15.3249 4.44571
      vertex 6.811 16.1405 4.02935
    endloop
  endfacet
  facet normal 0.351044 -0.0136115 0.93626
    outer loop
      vertex 15.6625 0 3.57419
      vertex 14.379 -1.79386 4.02935
      vertex 15.5871 -1.94458 3.57419
    endloop
  endfacet
  facet normal 0.347819 -0.0407263 0.936677
    outer loop
      vertex 15.5871 -1.94458 3.57419
      vertex 14.379 -1.79386 4.02935
      vertex 15.3616 -3.87044 3.57419
    endloop
  endfacet
  facet normal 0.285865 -0.0565265 0.956601
    outer loop
      vertex 14.1709 -3.57044 4.02935
      vertex 12.5315 -4.8151 4.44571
      vertex 13.8264 -5.31264 4.02935
    endloop
  endfacet
  facet normal 0.341365 -0.0675011 0.937504
    outer loop
      vertex 14.1709 -3.57044 4.02935
      vertex 13.8264 -5.31264 4.02935
      vertex 15.3616 -3.87044 3.57419
    endloop
  endfacet
  facet normal 0.347795 0.0407391 0.936685
    outer loop
      vertex 15.3616 3.87044 3.57419
      vertex 14.1709 3.57044 4.02935
      vertex 14.379 1.79386 4.02935
    endloop
  endfacet
  facet normal 0.341365 0.0675011 0.937504
    outer loop
      vertex 15.3616 3.87044 3.57419
      vertex 13.8264 5.31264 4.02935
      vertex 14.1709 3.57044 4.02935
    endloop
  endfacet
  facet normal 0.406943 0.0804694 0.909902
    outer loop
      vertex 16.0055 6.14994 3.08462
      vertex 15.3616 3.87044 3.57419
      vertex 16.4043 4.13316 3.08462
    endloop
  endfacet
  facet normal 0.414456 0.0485479 0.908773
    outer loop
      vertex 16.4043 4.13316 3.08462
      vertex 15.3616 3.87044 3.57419
      vertex 16.6452 2.07658 3.08462
    endloop
  endfacet
  facet normal 0.38077 0.142182 0.913673
    outer loop
      vertex 14.7508 9.98696 3.08462
      vertex 13.8131 9.35215 3.57419
      vertex 14.4703 7.59214 3.57419
    endloop
  endfacet
  facet normal 0.380808 0.142175 0.913658
    outer loop
      vertex 14.7508 9.98696 3.08462
      vertex 14.4703 7.59214 3.57419
      vertex 15.4525 8.10749 3.08462
    endloop
  endfacet
  facet normal 0.31906 0.119139 0.940216
    outer loop
      vertex 13.8131 9.35215 3.57419
      vertex 12.7425 8.62726 4.02935
      vertex 14.4703 7.59214 3.57419
    endloop
  endfacet
  facet normal 0.319053 0.119126 0.94022
    outer loop
      vertex 14.4703 7.59214 3.57419
      vertex 12.7425 8.62726 4.02935
      vertex 13.3487 7.00368 4.02935
    endloop
  endfacet
  facet normal 0.284637 0.166658 0.944038
    outer loop
      vertex 13.0229 11.0221 3.57419
      vertex 11.1689 11.6103 4.02935
      vertex 12.0135 10.1678 4.02935
    endloop
  endfacet
  facet normal 0.253619 0.120014 0.95983
    outer loop
      vertex 12.7425 8.62726 4.02935
      vertex 10.8884 9.21552 4.44571
      vertex 11.5491 7.8193 4.44571
    endloop
  endfacet
  facet normal 0.199509 0.17378 0.964363
    outer loop
      vertex 10.2167 12.9411 4.02935
      vertex 8.30763 12.8223 4.44571
      vertex 9.25985 11.7291 4.44571
    endloop
  endfacet
  facet normal 0.199508 0.173793 0.964361
    outer loop
      vertex 9.16606 14.1472 4.02935
      vertex 8.30763 12.8223 4.44571
      vertex 10.2167 12.9411 4.02935
    endloop
  endfacet
  facet normal 0.222197 0.3709 0.901699
    outer loop
      vertex 8.30968 19.692 2.56533
      vertex 6.40065 19.5732 3.08462
      vertex 7.88444 18.6843 3.08462
    endloop
  endfacet
  facet normal 0.184049 0.307223 0.93367
    outer loop
      vertex 6.40065 19.5732 3.08462
      vertex 5.9938 18.3291 3.57419
      vertex 7.88444 18.6843 3.08462
    endloop
  endfacet
  facet normal 0.239072 0.208257 0.948406
    outer loop
      vertex 9.93621 15.3359 3.57419
      vertex 9.16606 14.1472 4.02935
      vertex 10.2167 12.9411 4.02935
    endloop
  endfacet
  facet normal 0.212563 0.226268 0.950589
    outer loop
      vertex 9.93621 15.3359 3.57419
      vertex 8.02718 15.2171 4.02935
      vertex 9.16606 14.1472 4.02935
    endloop
  endfacet
  facet normal 0.286401 0.249478 0.925059
    outer loop
      vertex 10.6107 16.3769 3.08462
      vertex 9.93621 15.3359 3.57419
      vertex 11.8269 14.9807 3.08462
    endloop
  endfacet
  facet normal 0.344324 0.299933 0.889652
    outer loop
      vertex 11.183 17.2602 2.56533
      vertex 10.6107 16.3769 3.08462
      vertex 11.8269 14.9807 3.08462
    endloop
  endfacet
  facet normal 0.220674 0.290668 0.931029
    outer loop
      vertex 9.2923 17.6154 3.08462
      vertex 7.38327 17.4966 3.57419
      vertex 8.70164 16.4957 3.57419
    endloop
  endfacet
  facet normal 0.183843 0.242155 0.952661
    outer loop
      vertex 8.70164 16.4957 3.57419
      vertex 7.38327 17.4966 3.57419
      vertex 8.02718 15.2171 4.02935
    endloop
  endfacet
  facet normal 0.340306 0.199264 0.918959
    outer loop
      vertex 12.9291 13.4402 3.08462
      vertex 12.1073 12.5859 3.57419
      vertex 13.9069 11.7703 3.08462
    endloop
  endfacet
  facet normal 0.407906 0.238847 0.881229
    outer loop
      vertex 13.6265 14.1651 2.56533
      vertex 12.9291 13.4402 3.08462
      vertex 13.9069 11.7703 3.08462
    endloop
  endfacet
  facet normal 0.581183 0.114949 0.805613
    outer loop
      vertex 17.5695 6.7509 2.02134
      vertex 16.8687 6.48163 2.56533
      vertex 17.2891 4.35608 2.56533
    endloop
  endfacet
  facet normal 0.566218 0.15992 0.808594
    outer loop
      vertex 17.5695 6.7509 2.02134
      vertex 16.286 8.54476 2.56533
      vertex 16.8687 6.48163 2.56533
    endloop
  endfacet
  facet normal 0.581219 0.114939 0.805589
    outer loop
      vertex 17.5695 6.7509 2.02134
      vertex 17.2891 4.35608 2.56533
      vertex 18.0073 4.53705 2.02134
    endloop
  endfacet
  facet normal 0.591193 0.0692394 0.803553
    outer loop
      vertex 18.0073 4.53705 2.02134
      vertex 17.2891 4.35608 2.56533
      vertex 18.2717 2.2795 2.02134
    endloop
  endfacet
  facet normal 0.856554 0.405343 0.319395
    outer loop
      vertex 17.1768 11.6295 0.294406
      vertex 16.1941 13.7061 0.294406
      vertex 17.0113 11.5175 0.880383
    endloop
  endfacet
  facet normal 0.856631 0.405323 0.319213
    outer loop
      vertex 16.1941 13.7061 0.294406
      vertex 16.0382 13.5741 0.880383
      vertex 17.0113 11.5175 0.880383
    endloop
  endfacet
  facet normal 0.655712 0.244816 0.714218
    outer loop
      vertex 17.4757 9.16901 1.45788
      vertex 16.1922 10.9629 2.02134
      vertex 16.9625 8.89974 2.02134
    endloop
  endfacet
  facet normal 0.546258 0.20395 0.812408
    outer loop
      vertex 16.9625 8.89974 2.02134
      vertex 16.1922 10.9629 2.02134
      vertex 16.286 8.54476 2.56533
    endloop
  endfacet
  facet normal 0.521164 0.246618 0.817048
    outer loop
      vertex 16.1922 10.9629 2.02134
      vertex 15.2659 12.9204 2.02134
      vertex 15.5463 10.5256 2.56533
    endloop
  endfacet
  facet normal 0.627218 0.296803 0.720073
    outer loop
      vertex 15.7278 13.3113 1.45788
      vertex 15.2659 12.9204 2.02134
      vertex 16.1922 10.9629 2.02134
    endloop
  endfacet
  facet normal 0.433741 0.205252 0.877348
    outer loop
      vertex 15.5463 10.5256 2.56533
      vertex 13.9069 11.7703 3.08462
      vertex 14.7508 9.98696 3.08462
    endloop
  endfacet
  facet normal 0.455349 0.17004 0.873924
    outer loop
      vertex 15.5463 10.5256 2.56533
      vertex 14.7508 9.98696 3.08462
      vertex 16.286 8.54476 2.56533
    endloop
  endfacet
  facet normal 0.839374 0.032526 0.54258
    outer loop
      vertex 19.1961 2.39482 0.880383
      vertex 18.9156 0 1.45788
      vertex 19.2889 0 0.880383
    endloop
  endfacet
  facet normal 0.951781 0.0368818 0.304553
    outer loop
      vertex 19.3827 2.41811 0.294406
      vertex 19.1961 2.39482 0.880383
      vertex 19.2889 0 0.880383
    endloop
  endfacet
  facet normal 0.565954 0.745499 0.352033
    outer loop
      vertex 10.8206 20.5126 0.294406
      vertex 9.18116 21.7572 0.294406
      vertex 10.7164 20.315 0.880383
    endloop
  endfacet
  facet normal 0.709696 0.618163 0.337945
    outer loop
      vertex 13.772 17.4445 0.294406
      vertex 12.3558 19.0704 0.294406
      vertex 13.6393 17.2765 0.880383
    endloop
  endfacet
  facet normal 0.549813 0.585266 0.595961
    outer loop
      vertex 12.2368 18.8867 0.880383
      vertex 10.7164 20.315 0.880383
      vertex 11.9999 18.5212 1.45788
    endloop
  endfacet
  facet normal 0.610493 0.531746 0.586979
    outer loop
      vertex 12.2368 18.8867 0.880383
      vertex 11.9999 18.5212 1.45788
      vertex 13.6393 17.2765 0.880383
    endloop
  endfacet
  facet normal 0.933409 0.184578 0.307699
    outer loop
      vertex 19.1023 4.81293 0.294406
      vertex 18.6379 7.16139 0.294406
      vertex 18.9183 4.76657 0.880383
    endloop
  endfacet
  facet normal 0.945666 0.110724 0.305704
    outer loop
      vertex 19.1023 4.81293 0.294406
      vertex 18.9183 4.76657 0.880383
      vertex 19.3827 2.41811 0.294406
    endloop
  endfacet
  facet normal -0.237911 0.04705 0.970147
    outer loop
      vertex -11.1159 4.27118 4.81924
      vertex -12.5315 4.8151 4.44571
      vertex -11.3929 2.87051 4.81924
    endloop
  endfacet
  facet normal -0.395692 0.111771 0.911556
    outer loop
      vertex -14.4703 7.59214 3.57419
      vertex -16.0055 6.14994 3.08462
      vertex -14.9881 5.75902 3.57419
    endloop
  endfacet
  facet normal -0.284635 0.166653 0.944039
    outer loop
      vertex -12.1073 12.5859 3.57419
      vertex -13.0229 11.0221 3.57419
      vertex -11.1689 11.6103 4.02935
    endloop
  endfacet
  facet normal -0.199508 0.173793 0.964361
    outer loop
      vertex -9.16606 14.1472 4.02935
      vertex -10.2167 12.9411 4.02935
      vertex -8.30763 12.8223 4.44571
    endloop
  endfacet
  facet normal -0.747339 0.35364 0.562515
    outer loop
      vertex -15.7278 13.3113 1.45788
      vertex -17.0113 11.5175 0.880383
      vertex -16.6821 11.2946 1.45788
    endloop
  endfacet
  facet normal -0.627227 0.296803 0.720065
    outer loop
      vertex -15.7278 13.3113 1.45788
      vertex -16.6821 11.2946 1.45788
      vertex -16.1922 10.9629 2.02134
    endloop
  endfacet
  facet normal -0.378093 0.270552 0.885351
    outer loop
      vertex -12.4647 15.7887 2.56533
      vertex -13.6265 14.1651 2.56533
      vertex -11.8269 14.9807 3.08462
    endloop
  endfacet
  facet normal -0.286401 0.249478 0.925059
    outer loop
      vertex -10.6107 16.3769 3.08462
      vertex -11.8269 14.9807 3.08462
      vertex -9.93621 15.3359 3.57419
    endloop
  endfacet
  facet normal -0.371999 0.395967 0.83954
    outer loop
      vertex -10.2003 19.3368 2.02134
      vertex -11.6475 17.9772 2.02134
      vertex -11.183 17.2602 2.56533
    endloop
  endfacet
  facet normal -0.25489 0.271334 0.928121
    outer loop
      vertex -9.2923 17.6154 3.08462
      vertex -10.6107 16.3769 3.08462
      vertex -9.93621 15.3359 3.57419
    endloop
  endfacet
  facet normal -0.285865 -0.0565265 0.956601
    outer loop
      vertex -12.5315 -4.8151 4.44571
      vertex -14.1709 -3.57044 4.02935
      vertex -13.8264 -5.31264 4.02935
    endloop
  endfacet
  facet normal -0.277715 -0.0784514 0.957455
    outer loop
      vertex -12.5315 -4.8151 4.44571
      vertex -13.8264 -5.31264 4.02935
      vertex -13.3487 -7.00368 4.02935
    endloop
  endfacet
  facet normal -0.709709 0.618163 0.337917
    outer loop
      vertex -12.3558 19.0704 0.294406
      vertex -13.6393 17.2765 0.880383
      vertex -12.2368 18.8867 0.880383
    endloop
  endfacet
  facet normal -0.565998 0.745509 0.351942
    outer loop
      vertex -9.18116 21.7572 0.294406
      vertex -10.7164 20.315 0.880383
      vertex -9.09274 21.5477 0.880383
    endloop
  endfacet
  facet normal -0.706304 -0.0826908 0.703063
    outer loop
      vertex -18.2717 -2.2795 2.02134
      vertex -18.8245 -2.34847 1.45788
      vertex -18.5522 -4.67432 1.45788
    endloop
  endfacet
  facet normal -0.711863 -0.027614 0.701775
    outer loop
      vertex -18.2717 -2.2795 2.02134
      vertex -18.9156 0 1.45788
      vertex -18.8245 -2.34847 1.45788
    endloop
  endfacet
  facet normal -0.549813 -0.585266 0.595961
    outer loop
      vertex -11.9999 -18.5212 1.45788
      vertex -12.2368 -18.8867 0.880383
      vertex -10.7164 -20.315 0.880383
    endloop
  endfacet
  facet normal -0.642657 -0.684097 0.34497
    outer loop
      vertex -12.2368 -18.8867 0.880383
      vertex -12.3558 -19.0704 0.294406
      vertex -10.7164 -20.315 0.880383
    endloop
  endfacet
  facet normal -0.270411 -0.451355 0.850386
    outer loop
      vertex -8.30968 -19.692 2.56533
      vertex -8.65489 -20.5101 2.02134
      vertex -6.74586 -20.6289 2.56533
    endloop
  endfacet
  facet normal -0.395198 -0.520534 0.756877
    outer loop
      vertex -10.2003 -19.3368 2.02134
      vertex -10.5089 -19.9218 1.45788
      vertex -8.65489 -20.5101 2.02134
    endloop
  endfacet
  facet normal 0.331681 -0.553649 0.763846
    outer loop
      vertex 8.65489 -20.5101 2.02134
      vertex 7.23869 -22.1359 1.45788
      vertex 8.91676 -21.1306 1.45788
    endloop
  endfacet
  facet normal 0.280973 -0.885649 0.369702
    outer loop
      vertex 5.65373 -23.608 0.294406
      vertex 3.76309 -23.9632 0.880383
      vertex 3.79968 -24.1962 0.294406
    endloop
  endfacet
  facet normal 0.384393 -0.848053 0.364757
    outer loop
      vertex 7.38156 -22.5728 0.880383
      vertex 5.65373 -23.608 0.294406
      vertex 7.45334 -22.7923 0.294406
    endloop
  endfacet
  facet normal 0.75406 -0.656805 0
    outer loop
      vertex 12.3558 -19.0704 0.294406
      vertex 13.772 -17.4445 0
      vertex 13.772 -17.4445 0.294406
    endloop
  endfacet
  facet normal 0.75406 -0.656805 0
    outer loop
      vertex 13.772 -17.4445 0
      vertex 12.3558 -19.0704 0.294406
      vertex 12.3558 -19.0704 0
    endloop
  endfacet
  facet normal -0.060501 -0.00708546 0.998143
    outer loop
      vertex -2.84747 -0.355237 5.93506
      vertex -4.7153 -0.588261 5.82019
      vertex -4.64707 -1.17086 5.82019
    endloop
  endfacet
  facet normal -0.0920444 -0.0107796 0.995697
    outer loop
      vertex -4.7153 -0.588261 5.82019
      vertex -6.53772 -0.815618 5.64926
      vertex -4.64707 -1.17086 5.82019
    endloop
  endfacet
  facet normal -0.0260125 0.0123087 0.999586
    outer loop
      vertex -2.37904 2.01352 5.93506
      vertex -2.52339 1.70846 5.93506
      vertex -0.795566 0.673335 5.99277
    endloop
  endfacet
  facet normal 0.00736988 -0.0232276 0.999703
    outer loop
      vertex 0.27775 -1.15978 5.99277
      vertex 0.186666 -1.18868 5.99277
      vertex 0.558201 -3.5546 5.93506
    endloop
  endfacet
  facet normal -0.022644 -0.0713672 0.997193
    outer loop
      vertex -0.924359 -5.88629 5.82019
      vertex -1.3754 -5.74318 5.82019
      vertex -1.28162 -8.16129 5.64926
    endloop
  endfacet
  facet normal -0.0044507 -0.0236862 0.99971
    outer loop
      vertex -0.186666 -1.18868 5.99277
      vertex -0.558201 -3.5546 5.93506
      vertex -0.280451 -3.60679 5.93506
    endloop
  endfacet
  facet normal -0.00148812 -0.0239167 0.999713
    outer loop
      vertex 0 -1.21197 5.99277
      vertex -0.280451 -3.60679 5.93506
      vertex 0 -3.62424 5.93506
    endloop
  endfacet
  facet normal 0.0285535 0.00806605 0.99956
    outer loop
      vertex 2.64344 1.38694 5.93506
      vertex 0.883986 0.463801 5.99277
      vertex 2.73804 1.05206 5.93506
    endloop
  endfacet
  facet normal -0.0299976 0.00351248 0.999544
    outer loop
      vertex -0.938435 0.236444 5.99277
      vertex -2.84747 0.355237 5.93506
      vertex -0.952211 0.118793 5.99277
    endloop
  endfacet
  facet normal -0.0593316 0.0117337 0.998169
    outer loop
      vertex -2.73804 1.05206 5.93506
      vertex -4.64707 1.17086 5.82019
      vertex -2.80627 0.707054 5.93506
    endloop
  endfacet
  facet normal 0.0224718 0.0160792 0.999618
    outer loop
      vertex 2.0232 2.56273 5.93506
      vertex 0.739631 0.768867 5.99277
      vertex 2.21177 2.29919 5.93506
    endloop
  endfacet
  facet normal 0.0542542 -0.0905593 0.994412
    outer loop
      vertex 3.09677 -7.33862 5.64926
      vertex 2.51398 -7.68777 5.64926
      vertex 3.19056 -9.75673 5.42393
    endloop
  endfacet
  facet normal 0.0308439 -0.0972107 0.994786
    outer loop
      vertex 1.90698 -7.96287 5.64926
      vertex 1.28162 -8.16129 5.64926
      vertex 2.4202 -10.1059 5.42393
    endloop
  endfacet
  facet normal 0.0261643 -0.0436754 0.998703
    outer loop
      vertex 1.34878 -3.1963 5.93506
      vertex 1.09495 -3.34836 5.93506
      vertex 1.8132 -5.54476 5.82019
    endloop
  endfacet
  facet normal 0.101778 -0.0595925 0.993021
    outer loop
      vertex 5.46222 -4.623 5.64926
      vertex 5.07818 -5.2789 5.64926
      vertex 6.44484 -6.69958 5.42393
    endloop
  endfacet
  facet normal 0.0313919 -0.0692654 0.997104
    outer loop
      vertex 2.51398 -7.68777 5.64926
      vertex 1.3754 -5.74318 5.82019
      vertex 1.90698 -7.96287 5.64926
    endloop
  endfacet
  facet normal 0.0206177 -0.0454917 0.998752
    outer loop
      vertex 1.09495 -3.34836 5.93506
      vertex 0.830575 -3.46818 5.93506
      vertex 1.8132 -5.54476 5.82019
    endloop
  endfacet
  facet normal 0.149907 -0.107264 0.982864
    outer loop
      vertex 8.97939 -9.33432 4.81924
      vertex 7.74943 -8.05574 5.14637
      vertex 8.21385 -10.4042 4.81924
    endloop
  endfacet
  facet normal 0.162382 -0.0950765 0.982137
    outer loop
      vertex 9.65846 -8.17453 4.81924
      vertex 7.74943 -8.05574 5.14637
      vertex 8.97939 -9.33432 4.81924
    endloop
  endfacet
  facet normal -0.0203675 -0.017741 0.999635
    outer loop
      vertex -0.606999 -0.936866 5.99277
      vertex -2.0232 -2.56273 5.93506
      vertex -1.81515 -2.80158 5.93506
    endloop
  endfacet
  facet normal -0.00445001 0.0236862 0.99971
    outer loop
      vertex -0.0937843 1.20613 5.99277
      vertex -0.280451 3.60679 5.93506
      vertex -0.186666 1.18868 5.99277
    endloop
  endfacet
  facet normal 0.0605012 -0.00708507 0.998143
    outer loop
      vertex 2.84747 -0.355237 5.93506
      vertex 2.80627 -0.707054 5.93506
      vertex 4.64707 -1.17086 5.82019
    endloop
  endfacet
  facet normal -0.222029 -0.0829057 0.971509
    outer loop
      vertex -10.7319 -5.63072 4.81924
      vertex -11.5491 -7.8193 4.44571
      vertex -10.2445 -6.93602 4.81924
    endloop
  endfacet
  facet normal -0.253619 -0.120015 0.95983
    outer loop
      vertex -10.8884 -9.21552 4.44571
      vertex -12.7425 -8.62726 4.02935
      vertex -12.0135 -10.1678 4.02935
    endloop
  endfacet
  facet normal -0.108657 -0.0514152 0.992749
    outer loop
      vertex -5.79365 -3.92258 5.64926
      vertex -7.35286 -4.97824 5.42393
      vertex -5.46222 -4.623 5.64926
    endloop
  endfacet
  facet normal -0.13597 -0.118438 0.983608
    outer loop
      vertex -7.08875 -8.97908 5.14637
      vertex -8.21385 -10.4042 4.81924
      vertex -6.35979 -9.81595 5.14637
    endloop
  endfacet
  facet normal -0.210864 -0.099777 0.97241
    outer loop
      vertex -10.2445 -6.93602 4.81924
      vertex -11.5491 -7.8193 4.44571
      vertex -9.65846 -8.17453 4.81924
    endloop
  endfacet
  facet normal -0.182515 -0.0681514 0.980838
    outer loop
      vertex -9.2619 -4.85944 5.14637
      vertex -10.7319 -5.63072 4.81924
      vertex -10.2445 -6.93602 4.81924
    endloop
  endfacet
  facet normal -0.13073 -0.0765452 0.988459
    outer loop
      vertex -6.44484 -6.69958 5.42393
      vertex -8.33549 -7.05482 5.14637
      vertex -7.74943 -8.05574 5.14637
    endloop
  endfacet
  facet normal -0.237855 -0.139267 0.961265
    outer loop
      vertex -10.8884 -9.21552 4.44571
      vertex -12.0135 -10.1678 4.02935
      vertex -11.1689 -11.6103 4.02935
    endloop
  endfacet
  facet normal -0.220674 -0.290668 0.931029
    outer loop
      vertex -8.70164 -16.4957 3.57419
      vertex -9.2923 -17.6154 3.08462
      vertex -7.38327 -17.4966 3.57419
    endloop
  endfacet
  facet normal -0.177263 -0.188691 0.965906
    outer loop
      vertex -8.30763 -12.8223 4.44571
      vertex -9.16606 -14.1472 4.02935
      vertex -8.02718 -15.2171 4.02935
    endloop
  endfacet
  facet normal -0.084139 -0.0314182 0.995959
    outer loop
      vertex -4.37745 -2.29672 5.82019
      vertex -5.79365 -3.92258 5.64926
      vertex -4.17864 -2.82914 5.82019
    endloop
  endfacet
  facet normal -0.122808 -0.0242846 0.992133
    outer loop
      vertex -6.44312 -1.62338 5.64926
      vertex -7.97832 -3.06558 5.42393
      vertex -6.28648 -2.41551 5.64926
    endloop
  endfacet
  facet normal -0.0689944 -0.0493689 0.996395
    outer loop
      vertex -3.66261 -3.80738 5.82019
      vertex -5.07818 -5.2789 5.64926
      vertex -4.64523 -5.88396 5.64926
    endloop
  endfacet
  facet normal -0.0186319 -0.099141 0.994899
    outer loop
      vertex -1.28162 -8.16129 5.64926
      vertex -1.62653 -10.3577 5.42393
      vertex -0.817201 -10.5098 5.42393
    endloop
  endfacet
  facet normal -0.0491377 -0.0287715 0.998378
    outer loop
      vertex -2.37904 -2.01352 5.93506
      vertex -3.9396 -3.33432 5.82019
      vertex -3.66261 -3.80738 5.82019
    endloop
  endfacet
  facet normal 0.0203674 0.0177411 0.999635
    outer loop
      vertex 2.0232 2.56273 5.93506
      vertex 0.606999 0.936866 5.99277
      vertex 0.676573 0.856993 5.99277
    endloop
  endfacet
  facet normal -0.237907 -0.0470528 0.970148
    outer loop
      vertex -11.3929 -2.87051 4.81924
      vertex -12.8438 -3.23606 4.44571
      vertex -12.5315 -4.8151 4.44571
    endloop
  endfacet
  facet normal -0.237911 -0.04705 0.970147
    outer loop
      vertex -11.3929 -2.87051 4.81924
      vertex -12.5315 -4.8151 4.44571
      vertex -11.1159 -4.27118 4.81924
    endloop
  endfacet
  facet normal -0.23107 0.0652655 0.970746
    outer loop
      vertex -10.7319 5.63072 4.81924
      vertex -12.5315 4.8151 4.44571
      vertex -11.1159 4.27118 4.81924
    endloop
  endfacet
  facet normal -0.201378 0.00780546 0.979482
    outer loop
      vertex -11.5602 1.4422 4.81924
      vertex -11.6161 0 4.81924
      vertex -9.97673 1.24465 5.14637
    endloop
  endfacet
  facet normal -0.11922 -0.0336772 0.992297
    outer loop
      vertex -6.28648 -2.41551 5.64926
      vertex -7.97832 -3.06558 5.42393
      vertex -7.70268 -4.04137 5.42393
    endloop
  endfacet
  facet normal -0.125216 -0.0146646 0.992021
    outer loop
      vertex -6.53772 -0.815618 5.64926
      vertex -8.29718 -1.03512 5.42393
      vertex -6.44312 -1.62338 5.64926
    endloop
  endfacet
  facet normal -0.195668 -0.0386946 0.979906
    outer loop
      vertex -9.83238 -2.47732 5.14637
      vertex -11.1159 -4.27118 4.81924
      vertex -9.59333 -3.68613 5.14637
    endloop
  endfacet
  facet normal -0.190002 -0.0536706 0.980316
    outer loop
      vertex -9.59333 -3.68613 5.14637
      vertex -11.1159 -4.27118 4.81924
      vertex -9.2619 -4.85944 5.14637
    endloop
  endfacet
  facet normal 0.105783 -0.176564 0.978588
    outer loop
      vertex 5.47581 -12.9764 4.81924
      vertex 4.4453 -13.5938 4.81924
      vertex 5.01139 -15.3249 4.44571
    endloop
  endfacet
  facet normal 0.0684018 -0.150894 0.986181
    outer loop
      vertex 3.8364 -11.7317 5.14637
      vertex 2.9101 -12.1516 5.14637
      vertex 3.37199 -14.0802 4.81924
    endloop
  endfacet
  facet normal 0.0851454 -0.0741667 0.993604
    outer loop
      vertex 5.89538 -7.46748 5.42393
      vertex 4.64523 -5.88396 5.64926
      vertex 5.28914 -8.16346 5.42393
    endloop
  endfacet
  facet normal 0.0755507 -0.0804212 0.993894
    outer loop
      vertex 5.28914 -8.16346 5.42393
      vertex 3.64974 -6.91881 5.64926
      vertex 4.63197 -8.78083 5.42393
    endloop
  endfacet
  facet normal 0.456169 -0.326421 0.827864
    outer loop
      vertex 13.6265 -14.1651 2.56533
      vertex 12.4647 -15.7887 2.56533
      vertex 12.9826 -16.4446 2.02134
    endloop
  endfacet
  facet normal 0.378093 -0.270552 0.885351
    outer loop
      vertex 13.6265 -14.1651 2.56533
      vertex 11.8269 -14.9807 3.08462
      vertex 12.4647 -15.7887 2.56533
    endloop
  endfacet
  facet normal -0.456216 -0.326428 0.827835
    outer loop
      vertex -13.6265 -14.1651 2.56533
      vertex -14.1926 -14.7535 2.02134
      vertex -12.9826 -16.4446 2.02134
    endloop
  endfacet
  facet normal -0.456169 -0.326421 0.827864
    outer loop
      vertex -12.4647 -15.7887 2.56533
      vertex -13.6265 -14.1651 2.56533
      vertex -12.9826 -16.4446 2.02134
    endloop
  endfacet
  facet normal -0.472709 -0.133509 0.871046
    outer loop
      vertex -16.0055 -6.14994 3.08462
      vertex -16.8687 -6.48163 2.56533
      vertex -16.286 -8.54476 2.56533
    endloop
  endfacet
  facet normal -0.566218 -0.15992 0.808594
    outer loop
      vertex -16.8687 -6.48163 2.56533
      vertex -17.5695 -6.7509 2.02134
      vertex -16.286 -8.54476 2.56533
    endloop
  endfacet
  facet normal -0.362277 -0.171425 0.916171
    outer loop
      vertex -13.8131 -9.35215 3.57419
      vertex -14.7508 -9.98696 3.08462
      vertex -13.0229 -11.0221 3.57419
    endloop
  endfacet
  facet normal -0.38077 -0.142182 0.913673
    outer loop
      vertex -14.4703 -7.59214 3.57419
      vertex -14.7508 -9.98696 3.08462
      vertex -13.8131 -9.35215 3.57419
    endloop
  endfacet
  facet normal -0.127068 -0.400504 0.907442
    outer loop
      vertex -4.85522 -20.2736 3.08462
      vertex -5.11708 -21.3671 2.56533
      vertex -3.43901 -21.8995 2.56533
    endloop
  endfacet
  facet normal -0.263385 -0.58119 0.769965
    outer loop
      vertex -5.32966 -22.2547 2.02134
      vertex -7.02611 -21.4859 2.02134
      vertex -5.49091 -22.9281 1.45788
    endloop
  endfacet
  facet normal -0.2222 -0.370883 0.901706
    outer loop
      vertex -6.40065 -19.5732 3.08462
      vertex -8.30968 -19.692 2.56533
      vertex -6.74586 -20.6289 2.56533
    endloop
  endfacet
  facet normal -0.175692 -0.387664 0.904903
    outer loop
      vertex -6.40065 -19.5732 3.08462
      vertex -6.74586 -20.6289 2.56533
      vertex -4.85522 -20.2736 3.08462
    endloop
  endfacet
  facet normal -0.344324 -0.299933 0.889652
    outer loop
      vertex -10.6107 -16.3769 3.08462
      vertex -11.8269 -14.9807 3.08462
      vertex -11.183 -17.2602 2.56533
    endloop
  endfacet
  facet normal -0.306893 -0.326692 0.893918
    outer loop
      vertex -10.6107 -16.3769 3.08462
      vertex -11.183 -17.2602 2.56533
      vertex -9.2923 -17.6154 3.08462
    endloop
  endfacet
  facet normal 0.610493 -0.531746 0.586979
    outer loop
      vertex 13.6393 -17.2765 0.880383
      vertex 11.9999 -18.5212 1.45788
      vertex 12.2368 -18.8867 0.880383
    endloop
  endfacet
  facet normal 0.549813 -0.585266 0.595961
    outer loop
      vertex 11.9999 -18.5212 1.45788
      vertex 10.7164 -20.315 0.880383
      vertex 12.2368 -18.8867 0.880383
    endloop
  endfacet
  facet normal 0.862946 -0.505297 0
    outer loop
      vertex 15.0555 -15.6506 0.294406
      vertex 16.1941 -13.7061 0
      vertex 16.1941 -13.7061 0.294406
    endloop
  endfacet
  facet normal 0.862946 -0.505297 0
    outer loop
      vertex 16.1941 -13.7061 0
      vertex 15.0555 -15.6506 0.294406
      vertex 15.0555 -15.6506 0
    endloop
  endfacet
  facet normal 0.803147 -0.226869 0.550895
    outer loop
      vertex 18.4584 -7.09243 0.880383
      vertex 17.4757 -9.16901 1.45788
      vertex 17.8207 -9.34997 0.880383
    endloop
  endfacet
  facet normal 0.778538 -0.290722 0.556201
    outer loop
      vertex 17.4757 -9.16901 1.45788
      vertex 17.0113 -11.5175 0.880383
      vertex 17.8207 -9.34997 0.880383
    endloop
  endfacet
  facet normal 0.903898 -0.427748 0
    outer loop
      vertex 16.1941 -13.7061 0.294406
      vertex 17.1768 -11.6295 0
      vertex 17.1768 -11.6295 0.294406
    endloop
  endfacet
  facet normal 0.903898 -0.427748 0
    outer loop
      vertex 17.1768 -11.6295 0
      vertex 16.1941 -13.7061 0.294406
      vertex 16.1941 -13.7061 0
    endloop
  endfacet
  facet normal 0.663501 -0.474788 0.578224
    outer loop
      vertex 14.622 -15.1999 1.45788
      vertex 13.6393 -17.2765 0.880383
      vertex 14.9106 -15.4999 0.880383
    endloop
  endfacet
  facet normal 0.767398 -0.549135 0.330987
    outer loop
      vertex 14.9106 -15.4999 0.880383
      vertex 13.6393 -17.2765 0.880383
      vertex 15.0555 -15.6506 0.294406
    endloop
  endfacet
  facet normal 0.627227 -0.296803 0.720065
    outer loop
      vertex 16.1922 -10.9629 2.02134
      vertex 15.7278 -13.3113 1.45788
      vertex 16.6821 -11.2946 1.45788
    endloop
  endfacet
  facet normal 0.627218 -0.296803 0.720073
    outer loop
      vertex 16.1922 -10.9629 2.02134
      vertex 15.2659 -12.9204 2.02134
      vertex 15.7278 -13.3113 1.45788
    endloop
  endfacet
  facet normal 0.433722 -0.205219 0.877366
    outer loop
      vertex 15.5463 -10.5256 2.56533
      vertex 13.9069 -11.7703 3.08462
      vertex 14.657 -12.4051 2.56533
    endloop
  endfacet
  facet normal 0.521214 -0.246617 0.817017
    outer loop
      vertex 15.5463 -10.5256 2.56533
      vertex 14.657 -12.4051 2.56533
      vertex 15.2659 -12.9204 2.02134
    endloop
  endfacet
  facet normal -0.813274 0.581881 0
    outer loop
      vertex -15.0555 15.6506 0
      vertex -13.772 17.4445 0.294406
      vertex -13.772 17.4445 0
    endloop
  endfacet
  facet normal -0.813274 0.581881 0
    outer loop
      vertex -13.772 17.4445 0.294406
      vertex -15.0555 15.6506 0
      vertex -15.0555 15.6506 0.294406
    endloop
  endfacet
  facet normal -0.412836 0.910805 0
    outer loop
      vertex -5.65373 23.608 0
      vertex -7.45334 22.7923 0.294406
      vertex -5.65373 23.608 0.294406
    endloop
  endfacet
  facet normal -0.412836 0.910805 0
    outer loop
      vertex -7.45334 22.7923 0.294406
      vertex -5.65373 23.608 0
      vertex -7.45334 22.7923 0
    endloop
  endfacet
  facet normal -0.0575943 0.925154 0.375198
    outer loop
      vertex 0 24.4327 0.880383
      vertex -1.90903 24.5515 0.294406
      vertex -1.89065 24.315 0.880383
    endloop
  endfacet
  facet normal -0.1713 0.911738 0.37335
    outer loop
      vertex -1.90903 24.5515 0.294406
      vertex -3.76309 23.9632 0.880383
      vertex -1.89065 24.315 0.880383
    endloop
  endfacet
  facet normal 0.115967 0.617213 0.778203
    outer loop
      vertex 1.85405 23.8444 1.45788
      vertex 1.79961 23.1442 2.02134
      vertex 3.69025 23.4994 1.45788
    endloop
  endfacet
  facet normal 0.0388353 0.624562 0.780009
    outer loop
      vertex 0 23.9598 1.45788
      vertex 0 23.2561 2.02134
      vertex 1.79961 23.1442 2.02134
    endloop
  endfacet
  facet normal 0.0575943 0.925154 0.375198
    outer loop
      vertex 1.90903 24.5515 0.294406
      vertex 0 24.4327 0.880383
      vertex 1.89065 24.315 0.880383
    endloop
  endfacet
  facet normal 0.0388777 0.624621 0.77996
    outer loop
      vertex 1.85405 23.8444 1.45788
      vertex 0 23.9598 1.45788
      vertex 1.79961 23.1442 2.02134
    endloop
  endfacet
  facet normal 0.280992 0.885607 0.369788
    outer loop
      vertex 5.65373 23.608 0.294406
      vertex 3.76309 23.9632 0.880383
      vertex 5.59928 23.3806 0.880383
    endloop
  endfacet
  facet normal 0.235742 0.742991 0.626411
    outer loop
      vertex 5.59928 23.3806 0.880383
      vertex 3.76309 23.9632 0.880383
      vertex 5.49091 22.9281 1.45788
    endloop
  endfacet
  facet normal 0.143308 0.76273 0.63064
    outer loop
      vertex 3.76309 23.9632 0.880383
      vertex 1.85405 23.8444 1.45788
      vertex 3.69025 23.4994 1.45788
    endloop
  endfacet
  facet normal 0.143305 0.762736 0.630633
    outer loop
      vertex 1.89065 24.315 0.880383
      vertex 1.85405 23.8444 1.45788
      vertex 3.76309 23.9632 0.880383
    endloop
  endfacet
  facet normal -0.0212489 0.341584 0.939611
    outer loop
      vertex 0 19.8392 3.57419
      vertex -1.63941 21.0839 3.08462
      vertex -1.5352 19.7437 3.57419
    endloop
  endfacet
  facet normal -0.0314567 0.505598 0.862196
    outer loop
      vertex 0 22.3285 2.56533
      vertex -1.79961 23.1442 2.02134
      vertex -1.72783 22.221 2.56533
    endloop
  endfacet
  facet normal -0.27041 0.451362 0.850383
    outer loop
      vertex -7.02611 21.4859 2.02134
      vertex -8.65489 20.5101 2.02134
      vertex -6.74586 20.6289 2.56533
    endloop
  endfacet
  facet normal -0.270411 0.451355 0.850386
    outer loop
      vertex -6.74586 20.6289 2.56533
      vertex -8.65489 20.5101 2.02134
      vertex -8.30968 19.692 2.56533
    endloop
  endfacet
  facet normal -0.220674 0.290668 0.931029
    outer loop
      vertex -7.38327 17.4966 3.57419
      vertex -9.2923 17.6154 3.08462
      vertex -8.70164 16.4957 3.57419
    endloop
  endfacet
  facet normal -0.183862 0.242159 0.952656
    outer loop
      vertex -7.38327 17.4966 3.57419
      vertex -8.02718 15.2171 4.02935
      vertex -6.811 16.1405 4.02935
    endloop
  endfacet
  facet normal -0.127068 0.400504 0.907442
    outer loop
      vertex -3.43901 21.8995 2.56533
      vertex -5.11708 21.3671 2.56533
      vertex -4.85522 20.2736 3.08462
    endloop
  endfacet
  facet normal -0.120909 0.266777 0.956144
    outer loop
      vertex -4.5466 18.985 3.57419
      vertex -5.9938 18.3291 3.57419
      vertex -4.19419 17.5134 4.02935
    endloop
  endfacet
  facet normal -0.153196 0.255716 0.954537
    outer loop
      vertex -5.9938 18.3291 3.57419
      vertex -6.811 16.1405 4.02935
      vertex -5.52922 16.9084 4.02935
    endloop
  endfacet
  facet normal -0.184056 0.307196 0.933678
    outer loop
      vertex -5.9938 18.3291 3.57419
      vertex -7.88444 18.6843 3.08462
      vertex -7.38327 17.4966 3.57419
    endloop
  endfacet
  facet normal 0.0176533 0.283783 0.958726
    outer loop
      vertex 0 19.8392 3.57419
      vertex 0 18.3015 4.02935
      vertex 1.5352 19.7437 3.57419
    endloop
  endfacet
  facet normal -0.0212523 0.34158 0.939612
    outer loop
      vertex 0 21.1859 3.08462
      vertex -1.63941 21.0839 3.08462
      vertex 0 19.8392 3.57419
    endloop
  endfacet
  facet normal 0.803167 -0.226889 0.550858
    outer loop
      vertex 18.1011 -6.95515 1.45788
      vertex 17.4757 -9.16901 1.45788
      vertex 18.4584 -7.09243 0.880383
    endloop
  endfacet
  facet normal 0.821366 -0.162411 0.546791
    outer loop
      vertex 18.9183 -4.76657 0.880383
      vertex 18.1011 -6.95515 1.45788
      vertex 18.4584 -7.09243 0.880383
    endloop
  endfacet
  facet normal 0.418202 -0.0162119 0.908209
    outer loop
      vertex 16.7257 0 3.08462
      vertex 15.6625 0 3.57419
      vertex 16.6452 -2.07658 3.08462
    endloop
  endfacet
  facet normal 0.485745 -0.0960727 0.868805
    outer loop
      vertex 17.2891 -4.35608 2.56533
      vertex 16.0055 -6.14994 3.08462
      vertex 16.8687 -6.48163 2.56533
    endloop
  endfacet
  facet normal 0.498821 0.0193504 0.866489
    outer loop
      vertex 17.5429 2.18858 2.56533
      vertex 16.6452 2.07658 3.08462
      vertex 17.6278 0 2.56533
    endloop
  endfacet
  facet normal 0.596147 0.0231259 0.802542
    outer loop
      vertex 18.2717 2.2795 2.02134
      vertex 17.5429 2.18858 2.56533
      vertex 17.6278 0 2.56533
    endloop
  endfacet
  facet normal 0.494463 -0.0578983 0.867268
    outer loop
      vertex 17.5429 -2.18858 2.56533
      vertex 16.6452 -2.07658 3.08462
      vertex 17.2891 -4.35608 2.56533
    endloop
  endfacet
  facet normal 0.498798 0.0193362 0.866502
    outer loop
      vertex 17.6278 0 2.56533
      vertex 16.6452 2.07658 3.08462
      vertex 16.7257 0 3.08462
    endloop
  endfacet
  facet normal 0.999248 0.0387615 0
    outer loop
      vertex 19.4765 0 0.294406
      vertex 19.3827 2.41811 0
      vertex 19.3827 2.41811 0.294406
    endloop
  endfacet
  facet normal 0.999248 0.0387615 0
    outer loop
      vertex 19.3827 2.41811 0
      vertex 19.4765 0 0.294406
      vertex 19.4765 0 0
    endloop
  endfacet
  facet normal 0.115975 -0.617194 0.778217
    outer loop
      vertex 3.58188 -22.8093 2.02134
      vertex 1.79961 -23.1442 2.02134
      vertex 3.69025 -23.4994 1.45788
    endloop
  endfacet
  facet normal 0.280992 -0.885607 0.369788
    outer loop
      vertex 5.59928 -23.3806 0.880383
      vertex 3.76309 -23.9632 0.880383
      vertex 5.65373 -23.608 0.294406
    endloop
  endfacet
  facet normal 0.0481005 -0.772797 0.632827
    outer loop
      vertex 0 -23.9598 1.45788
      vertex 0 -24.4327 0.880383
      vertex 1.85405 -23.8444 1.45788
    endloop
  endfacet
  facet normal 0.0314398 -0.505625 0.86218
    outer loop
      vertex 0 -22.3285 2.56533
      vertex 0 -23.2561 2.02134
      vertex 1.79961 -23.1442 2.02134
    endloop
  endfacet
  facet normal -0.143305 -0.762736 0.630633
    outer loop
      vertex -1.85405 -23.8444 1.45788
      vertex -3.76309 -23.9632 0.880383
      vertex -1.89065 -24.315 0.880383
    endloop
  endfacet
  facet normal 0.0212489 -0.341584 0.939611
    outer loop
      vertex 1.5352 -19.7437 3.57419
      vertex 0 -19.8392 3.57419
      vertex 1.63941 -21.0839 3.08462
    endloop
  endfacet
  facet normal -0.0176533 -0.283783 0.958726
    outer loop
      vertex 0 -18.3015 4.02935
      vertex -1.5352 -19.7437 3.57419
      vertex 0 -19.8392 3.57419
    endloop
  endfacet
  facet normal 0.184056 -0.307196 0.933678
    outer loop
      vertex 7.38327 -17.4966 3.57419
      vertex 5.9938 -18.3291 3.57419
      vertex 7.88444 -18.6843 3.08462
    endloop
  endfacet
  facet normal 0.220675 -0.290654 0.931033
    outer loop
      vertex 9.2923 -17.6154 3.08462
      vertex 7.38327 -17.4966 3.57419
      vertex 7.88444 -18.6843 3.08462
    endloop
  endfacet
  facet normal 0.100644 -0.222088 0.969818
    outer loop
      vertex 5.01139 -15.3249 4.44571
      vertex 4.19419 -17.5134 4.02935
      vertex 5.52922 -16.9084 4.02935
    endloop
  endfacet
  facet normal 0.120902 -0.26679 0.956141
    outer loop
      vertex 5.52922 -16.9084 4.02935
      vertex 4.19419 -17.5134 4.02935
      vertex 5.9938 -18.3291 3.57419
    endloop
  endfacet
  facet normal 0.0726643 -0.229019 0.970706
    outer loop
      vertex 4.19419 -17.5134 4.02935
      vertex 2.55479 -16.2688 4.44571
      vertex 2.81877 -17.9498 4.02935
    endloop
  endfacet
  facet normal 0.0726607 -0.229024 0.970705
    outer loop
      vertex 3.80139 -15.8733 4.44571
      vertex 2.55479 -16.2688 4.44571
      vertex 4.19419 -17.5134 4.02935
    endloop
  endfacet
  facet normal 0.0635273 -0.338065 0.938976
    outer loop
      vertex 3.26302 -20.7788 3.08462
      vertex 1.5352 -19.7437 3.57419
      vertex 1.63941 -21.0839 3.08462
    endloop
  endfacet
  facet normal 0.105052 -0.331086 0.937735
    outer loop
      vertex 4.85522 -20.2736 3.08462
      vertex 3.05561 -19.458 3.57419
      vertex 3.26302 -20.7788 3.08462
    endloop
  endfacet
  facet normal 0.0136748 -0.0727803 0.997254
    outer loop
      vertex 1.28162 -8.16129 5.64926
      vertex 0.464416 -5.97271 5.82019
      vertex 0.643909 -8.28111 5.64926
    endloop
  endfacet
  facet normal 0.00800609 -0.128756 0.991644
    outer loop
      vertex 0 -10.5606 5.42393
      vertex 0 -12.6983 5.14637
      vertex 0.982622 -12.6372 5.14637
    endloop
  endfacet
  facet normal -0.0148712 -0.0468698 0.99879
    outer loop
      vertex -0.558201 -3.5546 5.93506
      vertex -1.3754 -5.74318 5.82019
      vertex -0.924359 -5.88629 5.82019
    endloop
  endfacet
  facet normal -0.00898055 -0.0477961 0.998817
    outer loop
      vertex -0.558201 -3.5546 5.93506
      vertex -0.924359 -5.88629 5.82019
      vertex -0.464416 -5.97271 5.82019
    endloop
  endfacet
  facet normal -0.109409 -0.0953013 0.989418
    outer loop
      vertex -5.89538 -7.46748 5.42393
      vertex -7.08875 -8.97908 5.14637
      vertex -6.35979 -9.81595 5.14637
    endloop
  endfacet
  facet normal -0.147007 -0.0548926 0.987611
    outer loop
      vertex -7.35286 -4.97824 5.42393
      vertex -9.2619 -4.85944 5.14637
      vertex -8.84126 -5.98595 5.14637
    endloop
  endfacet
  facet normal -0.0549818 -0.121304 0.991091
    outer loop
      vertex -2.4202 -10.1059 5.42393
      vertex -3.19056 -9.75673 5.42393
      vertex -2.9101 -12.1516 5.14637
    endloop
  endfacet
  facet normal -0.0834126 -0.184043 0.979372
    outer loop
      vertex -3.37199 -14.0802 4.81924
      vertex -5.01139 -15.3249 4.44571
      vertex -3.80139 -15.8733 4.44571
    endloop
  endfacet
  facet normal -0.0867449 -0.144795 0.985652
    outer loop
      vertex -4.72575 -11.1989 5.14637
      vertex -5.47581 -12.9764 4.81924
      vertex -3.8364 -11.7317 5.14637
    endloop
  endfacet
  facet normal -0.105783 -0.176564 0.978588
    outer loop
      vertex -4.4453 -13.5938 4.81924
      vertex -5.47581 -12.9764 4.81924
      vertex -5.01139 -15.3249 4.44571
    endloop
  endfacet
  facet normal -0.0493534 -0.155527 0.986598
    outer loop
      vertex -2.9101 -12.1516 5.14637
      vertex -3.37199 -14.0802 4.81924
      vertex -2.2662 -14.4311 4.81924
    endloop
  endfacet
  facet normal -0.00800609 -0.128756 0.991644
    outer loop
      vertex 0 -10.5606 5.42393
      vertex -0.982622 -12.6372 5.14637
      vertex 0 -12.6983 5.14637
    endloop
  endfacet
  facet normal -0.0683802 -0.150891 0.986183
    outer loop
      vertex -3.8364 -11.7317 5.14637
      vertex -4.4453 -13.5938 4.81924
      vertex -3.37199 -14.0802 4.81924
    endloop
  endfacet
  facet normal -0.0684018 -0.150894 0.986181
    outer loop
      vertex -2.9101 -12.1516 5.14637
      vertex -3.8364 -11.7317 5.14637
      vertex -3.37199 -14.0802 4.81924
    endloop
  endfacet
  facet normal -0.104232 -0.137301 0.98503
    outer loop
      vertex -4.72575 -11.1989 5.14637
      vertex -5.56959 -10.5583 5.14637
      vertex -5.47581 -12.9764 4.81924
    endloop
  endfacet
  facet normal -0.14709 -0.156573 0.976652
    outer loop
      vertex -6.45358 -12.2341 4.81924
      vertex -8.30763 -12.8223 4.44571
      vertex -7.27541 -13.792 4.44571
    endloop
  endfacet
  facet normal 0.029798 -0.158644 0.986886
    outer loop
      vertex 2.2662 -14.4311 4.81924
      vertex 0.982622 -12.6372 5.14637
      vertex 1.13858 -14.6429 4.81924
    endloop
  endfacet
  facet normal 0.0298142 -0.158633 0.986887
    outer loop
      vertex 1.95578 -12.4543 5.14637
      vertex 0.982622 -12.6372 5.14637
      vertex 2.2662 -14.4311 4.81924
    endloop
  endfacet
  facet normal -0.00996149 -0.160203 0.987034
    outer loop
      vertex 0 -12.6983 5.14637
      vertex -0.982622 -12.6372 5.14637
      vertex 0 -14.7138 4.81924
    endloop
  endfacet
  facet normal -0.0121733 -0.19549 0.98063
    outer loop
      vertex -1.13858 -14.6429 4.81924
      vertex -1.28357 -16.5076 4.44571
      vertex 0 -14.7138 4.81924
    endloop
  endfacet
  facet normal 0.0841399 -0.0314174 0.995959
    outer loop
      vertex 6.06929 -3.18438 5.64926
      vertex 4.37745 -2.29672 5.82019
      vertex 5.79365 -3.92258 5.64926
    endloop
  endfacet
  facet normal 0.114489 -0.0427495 0.992504
    outer loop
      vertex 6.06929 -3.18438 5.64926
      vertex 5.79365 -3.92258 5.64926
      vertex 7.35286 -4.97824 5.42393
    endloop
  endfacet
  facet normal 0.15765 -0.0311763 0.987003
    outer loop
      vertex 9.83238 -2.47732 5.14637
      vertex 7.97832 -3.06558 5.42393
      vertex 9.59333 -3.68613 5.14637
    endloop
  endfacet
  facet normal 0.153062 -0.0432361 0.98727
    outer loop
      vertex 9.59333 -3.68613 5.14637
      vertex 7.97832 -3.06558 5.42393
      vertex 9.2619 -4.85944 5.14637
    endloop
  endfacet
  facet normal 0.160731 -0.0188239 0.986819
    outer loop
      vertex 8.29718 -1.03512 5.42393
      vertex 8.17712 -2.06027 5.42393
      vertex 9.83238 -2.47732 5.14637
    endloop
  endfacet
  facet normal 0.122807 -0.0242851 0.992133
    outer loop
      vertex 8.17712 -2.06027 5.42393
      vertex 6.44312 -1.62338 5.64926
      vertex 7.97832 -3.06558 5.42393
    endloop
  endfacet
  facet normal 0.0876255 -0.0247514 0.995846
    outer loop
      vertex 4.53409 -1.74218 5.82019
      vertex 4.37745 -2.29672 5.82019
      vertex 6.28648 -2.41551 5.64926
    endloop
  endfacet
  facet normal 0.0902683 -0.0178508 0.995757
    outer loop
      vertex 4.64707 -1.17086 5.82019
      vertex 4.53409 -1.74218 5.82019
      vertex 6.28648 -2.41551 5.64926
    endloop
  endfacet
  facet normal 0.0689944 -0.0493689 0.996395
    outer loop
      vertex 5.07818 -5.2789 5.64926
      vertex 3.66261 -3.80738 5.82019
      vertex 4.64523 -5.88396 5.64926
    endloop
  endfacet
  facet normal 0.084139 -0.0314182 0.995959
    outer loop
      vertex 4.37745 -2.29672 5.82019
      vertex 4.17864 -2.82914 5.82019
      vertex 5.79365 -3.92258 5.64926
    endloop
  endfacet
  facet normal 0.160732 0.0188223 0.986819
    outer loop
      vertex 9.83238 2.47732 5.14637
      vertex 8.29718 1.03512 5.42393
      vertex 9.97673 1.24465 5.14637
    endloop
  endfacet
  facet normal 0.160731 0.0188239 0.986819
    outer loop
      vertex 9.83238 2.47732 5.14637
      vertex 8.17712 2.06027 5.42393
      vertex 8.29718 1.03512 5.42393
    endloop
  endfacet
  facet normal 0.0929367 0.00360365 0.995665
    outer loop
      vertex 6.53772 0.815618 5.64926
      vertex 4.7153 0.588261 5.82019
      vertex 4.73811 0 5.82019
    endloop
  endfacet
  facet normal 0.0920444 0.0107796 0.995697
    outer loop
      vertex 6.53772 0.815618 5.64926
      vertex 4.64707 1.17086 5.82019
      vertex 4.7153 0.588261 5.82019
    endloop
  endfacet
  facet normal 0.0929365 0.00360412 0.995666
    outer loop
      vertex 6.53772 0.815618 5.64926
      vertex 4.73811 0 5.82019
      vertex 6.56935 0 5.64926
    endloop
  endfacet
  facet normal 0.0929365 -0.00360412 0.995666
    outer loop
      vertex 6.56935 0 5.64926
      vertex 4.73811 0 5.82019
      vertex 6.53772 -0.815618 5.64926
    endloop
  endfacet
  facet normal 0.114489 0.0427495 0.992504
    outer loop
      vertex 7.35286 4.97824 5.42393
      vertex 5.79365 3.92258 5.64926
      vertex 6.06929 3.18438 5.64926
    endloop
  endfacet
  facet normal 0.122807 0.0242851 0.992133
    outer loop
      vertex 7.97832 3.06558 5.42393
      vertex 6.44312 1.62338 5.64926
      vertex 8.17712 2.06027 5.42393
    endloop
  endfacet
  facet normal 0.195668 0.0386946 0.979906
    outer loop
      vertex 11.1159 4.27118 4.81924
      vertex 9.59333 3.68613 5.14637
      vertex 9.83238 2.47732 5.14637
    endloop
  endfacet
  facet normal 0.195667 0.0386956 0.979907
    outer loop
      vertex 11.1159 4.27118 4.81924
      vertex 9.83238 2.47732 5.14637
      vertex 11.3929 2.87051 4.81924
    endloop
  endfacet
  facet normal 0.222029 0.0829057 0.971509
    outer loop
      vertex 11.5491 7.8193 4.44571
      vertex 10.2445 6.93602 4.81924
      vertex 10.7319 5.63072 4.81924
    endloop
  endfacet
  facet normal 0.27773 0.078445 0.957451
    outer loop
      vertex 13.3487 7.00368 4.02935
      vertex 12.0986 6.34776 4.44571
      vertex 12.5315 4.8151 4.44571
    endloop
  endfacet
  facet normal 0.109409 0.0953013 0.989418
    outer loop
      vertex 6.35979 9.81595 5.14637
      vertex 5.89538 7.46748 5.42393
      vertex 7.08875 8.97908 5.14637
    endloop
  endfacet
  facet normal 0.0939157 0.0672013 0.99331
    outer loop
      vertex 6.44484 6.69958 5.42393
      vertex 4.64523 5.88396 5.64926
      vertex 5.07818 5.2789 5.64926
    endloop
  endfacet
  facet normal 0.139542 0.0660289 0.988012
    outer loop
      vertex 8.33549 7.05482 5.14637
      vertex 7.35286 4.97824 5.42393
      vertex 8.84126 5.98595 5.14637
    endloop
  endfacet
  facet normal 0.162382 0.0950781 0.982137
    outer loop
      vertex 9.65846 8.17453 4.81924
      vertex 7.74943 8.05574 5.14637
      vertex 8.33549 7.05482 5.14637
    endloop
  endfacet
  facet normal 0.0902683 0.0178508 0.995757
    outer loop
      vertex 6.28648 2.41551 5.64926
      vertex 4.53409 1.74218 5.82019
      vertex 4.64707 1.17086 5.82019
    endloop
  endfacet
  facet normal 0.0902688 0.0178502 0.995757
    outer loop
      vertex 6.28648 2.41551 5.64926
      vertex 4.64707 1.17086 5.82019
      vertex 6.44312 1.62338 5.64926
    endloop
  endfacet
  facet normal 0.101778 0.0595925 0.993021
    outer loop
      vertex 6.44484 6.69958 5.42393
      vertex 5.07818 5.2789 5.64926
      vertex 5.46222 4.623 5.64926
    endloop
  endfacet
  facet normal 0.0453327 0.0324368 0.998445
    outer loop
      vertex 3.66261 3.80738 5.82019
      vertex 2.0232 2.56273 5.93506
      vertex 2.21177 2.29919 5.93506
    endloop
  endfacet
  facet normal 0.055297 0.0206469 0.998256
    outer loop
      vertex 4.37745 2.29672 5.82019
      vertex 2.52339 1.70846 5.93506
      vertex 2.64344 1.38694 5.93506
    endloop
  endfacet
  facet normal -0.0260124 0.0123088 0.999586
    outer loop
      vertex -0.795566 0.673335 5.99277
      vertex -2.52339 1.70846 5.93506
      vertex -0.843839 0.571319 5.99277
    endloop
  endfacet
  facet normal -0.00300289 -0.0482616 0.99883
    outer loop
      vertex 0 -3.62424 5.93506
      vertex -0.280451 -3.60679 5.93506
      vertex 0 -6.00161 5.82019
    endloop
  endfacet
  facet normal 0.0243594 0.0142627 0.999602
    outer loop
      vertex 2.37904 2.01352 5.93506
      vertex 0.739631 0.768867 5.99277
      vertex 0.795566 0.673335 5.99277
    endloop
  endfacet
  facet normal 0.120656 0.0863334 0.988933
    outer loop
      vertex 7.08875 8.97908 5.14637
      vertex 5.89538 7.46748 5.42393
      vertex 6.44484 6.69958 5.42393
    endloop
  endfacet
  facet normal 0.0148711 0.0468699 0.99879
    outer loop
      vertex 1.3754 5.74318 5.82019
      vertex 0.558201 3.5546 5.93506
      vertex 0.830575 3.46818 5.93506
    endloop
  endfacet
  facet normal 0.0313919 0.0692654 0.997104
    outer loop
      vertex 1.90698 7.96287 5.64926
      vertex 1.3754 5.74318 5.82019
      vertex 2.51398 7.68777 5.64926
    endloop
  endfacet
  facet normal 0.036451 0.0388011 0.998582
    outer loop
      vertex 2.63235 4.99016 5.82019
      vertex 1.58962 3.01345 5.93506
      vertex 1.81515 2.80158 5.93506
    endloop
  endfacet
  facet normal 0.0203675 0.017741 0.999635
    outer loop
      vertex 1.81515 2.80158 5.93506
      vertex 0.606999 0.936866 5.99277
      vertex 2.0232 2.56273 5.93506
    endloop
  endfacet
  facet normal 0.0261648 0.0436752 0.998703
    outer loop
      vertex 1.8132 5.54476 5.82019
      vertex 1.34878 3.1963 5.93506
      vertex 2.23353 5.29295 5.82019
    endloop
  endfacet
  facet normal 0.0427605 0.0943407 0.994621
    outer loop
      vertex 3.19056 9.75673 5.42393
      vertex 2.4202 10.1059 5.42393
      vertex 2.51398 7.68777 5.64926
    endloop
  endfacet
  facet normal 0.0625439 0.0544784 0.996554
    outer loop
      vertex 4.16755 6.43236 5.64926
      vertex 3.00583 4.63931 5.82019
      vertex 4.64523 5.88396 5.64926
    endloop
  endfacet
  facet normal 0.0755507 0.0804212 0.993894
    outer loop
      vertex 4.63197 8.78083 5.42393
      vertex 3.64974 6.91881 5.64926
      vertex 5.28914 8.16346 5.42393
    endloop
  endfacet
  facet normal -0.0798449 0.0377816 0.996091
    outer loop
      vertex -5.46222 4.623 5.64926
      vertex -5.79365 3.92258 5.64926
      vertex -3.9396 3.33432 5.82019
    endloop
  endfacet
  facet normal -0.0224715 0.0160794 0.999618
    outer loop
      vertex -0.676573 0.856993 5.99277
      vertex -2.0232 2.56273 5.93506
      vertex -0.739631 0.768867 5.99277
    endloop
  endfacet
  facet normal -0.0302891 -0.00117517 0.99954
    outer loop
      vertex -0.95682 0 5.99277
      vertex -2.84747 -0.355237 5.93506
      vertex -0.952211 -0.118793 5.99277
    endloop
  endfacet
  facet normal -0.00148929 0.0239165 0.999713
    outer loop
      vertex 0 1.21197 5.99277
      vertex -0.280451 3.60679 5.93506
      vertex -0.0937843 1.20613 5.99277
    endloop
  endfacet
  facet normal 0.0180671 0.019232 0.999652
    outer loop
      vertex 1.58962 3.01345 5.93506
      vertex 0.53158 1.00772 5.99277
      vertex 1.81515 2.80158 5.93506
    endloop
  endfacet
  facet normal 0.0155926 0.0205378 0.999667
    outer loop
      vertex 1.34878 3.1963 5.93506
      vertex 0.53158 1.00772 5.99277
      vertex 1.58962 3.01345 5.93506
    endloop
  endfacet
  facet normal -0.0867449 0.144795 0.985652
    outer loop
      vertex -3.8364 11.7317 5.14637
      vertex -5.47581 12.9764 4.81924
      vertex -4.72575 11.1989 5.14637
    endloop
  endfacet
  facet normal -0.0834073 0.18405 0.979372
    outer loop
      vertex -3.37199 14.0802 4.81924
      vertex -5.01139 15.3249 4.44571
      vertex -4.4453 13.5938 4.81924
    endloop
  endfacet
  facet normal -0.03146 0.0414376 0.998646
    outer loop
      vertex -2.23353 5.29295 5.82019
      vertex -2.63235 4.99016 5.82019
      vertex -1.34878 3.1963 5.93506
    endloop
  endfacet
  facet normal -0.00996149 0.160203 0.987034
    outer loop
      vertex 0 14.7138 4.81924
      vertex -0.982622 12.6372 5.14637
      vertex 0 12.6983 5.14637
    endloop
  endfacet
  facet normal -0.0726607 0.229024 0.970705
    outer loop
      vertex -2.55479 16.2688 4.44571
      vertex -4.19419 17.5134 4.02935
      vertex -3.80139 15.8733 4.44571
    endloop
  endfacet
  facet normal -0.100658 0.222093 0.969816
    outer loop
      vertex -4.19419 17.5134 4.02935
      vertex -5.01139 15.3249 4.44571
      vertex -3.80139 15.8733 4.44571
    endloop
  endfacet
  facet normal -0.0363578 0.193569 0.980413
    outer loop
      vertex -1.13858 14.6429 4.81924
      vertex -2.55479 16.2688 4.44571
      vertex -2.2662 14.4311 4.81924
    endloop
  endfacet
  facet normal -0.060209 0.189737 0.979987
    outer loop
      vertex -2.55479 16.2688 4.44571
      vertex -3.37199 14.0802 4.81924
      vertex -2.2662 14.4311 4.81924
    endloop
  endfacet
  facet normal -0.0438956 0.233673 0.971324
    outer loop
      vertex -1.4162 18.2134 4.02935
      vertex -2.55479 16.2688 4.44571
      vertex -1.28357 16.5076 4.44571
    endloop
  endfacet
  facet normal -0.0146825 0.23602 0.971637
    outer loop
      vertex 0 18.3015 4.02935
      vertex -1.4162 18.2134 4.02935
      vertex -1.28357 16.5076 4.44571
    endloop
  endfacet
  facet normal -0.0308415 0.097212 0.994786
    outer loop
      vertex -1.62653 10.3577 5.42393
      vertex -2.4202 10.1059 5.42393
      vertex -1.28162 8.16129 5.64926
    endloop
  endfacet
  facet normal 0.0542526 0.0905594 0.994412
    outer loop
      vertex 3.19056 9.75673 5.42393
      vertex 3.09677 7.33862 5.64926
      vertex 3.93019 9.31363 5.42393
    endloop
  endfacet
  facet normal -0.0398372 0.0664949 0.996991
    outer loop
      vertex -2.51398 7.68777 5.64926
      vertex -3.09677 7.33862 5.64926
      vertex -2.23353 5.29295 5.82019
    endloop
  endfacet
  facet normal -0.126427 0.00490289 0.991964
    outer loop
      vertex -6.53772 0.815618 5.64926
      vertex -8.33732 0 5.42393
      vertex -6.56935 0 5.64926
    endloop
  endfacet
  facet normal -0.126427 0.0049026 0.991964
    outer loop
      vertex -8.29718 1.03512 5.42393
      vertex -8.33732 0 5.42393
      vertex -6.53772 0.815618 5.64926
    endloop
  endfacet
  facet normal -0.16228 0.0062929 0.986725
    outer loop
      vertex -8.29718 1.03512 5.42393
      vertex -9.97673 1.24465 5.14637
      vertex -8.33732 0 5.42393
    endloop
  endfacet
  facet normal -0.160732 0.0188223 0.986819
    outer loop
      vertex -9.83238 2.47732 5.14637
      vertex -9.97673 1.24465 5.14637
      vertex -8.29718 1.03512 5.42393
    endloop
  endfacet
  facet normal -0.0920444 0.0107796 0.995697
    outer loop
      vertex -4.64707 1.17086 5.82019
      vertex -6.53772 0.815618 5.64926
      vertex -4.7153 0.588261 5.82019
    endloop
  endfacet
  facet normal -0.0929367 0.00360365 0.995665
    outer loop
      vertex -4.7153 0.588261 5.82019
      vertex -6.53772 0.815618 5.64926
      vertex -4.73811 0 5.82019
    endloop
  endfacet
  facet normal -0.0203675 0.017741 0.999635
    outer loop
      vertex -1.81515 2.80158 5.93506
      vertex -2.0232 2.56273 5.93506
      vertex -0.606999 0.936866 5.99277
    endloop
  endfacet
  facet normal -0.0294171 0.00581754 0.99955
    outer loop
      vertex -0.915619 0.351816 5.99277
      vertex -2.73804 1.05206 5.93506
      vertex -0.938435 0.236444 5.99277
    endloop
  endfacet
  facet normal -0.222029 0.0829057 0.971509
    outer loop
      vertex -10.2445 6.93602 4.81924
      vertex -11.5491 7.8193 4.44571
      vertex -10.7319 5.63072 4.81924
    endloop
  endfacet
  facet normal -0.190002 0.0536706 0.980316
    outer loop
      vertex -9.2619 4.85944 5.14637
      vertex -11.1159 4.27118 4.81924
      vertex -9.59333 3.68613 5.14637
    endloop
  endfacet
  facet normal -0.0851454 0.0741667 0.993604
    outer loop
      vertex -5.28914 8.16346 5.42393
      vertex -5.89538 7.46748 5.42393
      vertex -4.64523 5.88396 5.64926
    endloop
  endfacet
  facet normal -0.0838313 0.110428 0.990342
    outer loop
      vertex -4.72575 11.1989 5.14637
      vertex -5.56959 10.5583 5.14637
      vertex -3.93019 9.31363 5.42393
    endloop
  endfacet
  facet normal -0.0939157 0.0672013 0.99331
    outer loop
      vertex -4.64523 5.88396 5.64926
      vertex -6.44484 6.69958 5.42393
      vertex -5.07818 5.2789 5.64926
    endloop
  endfacet
  facet normal -0.15765 0.0311752 0.987003
    outer loop
      vertex -7.97832 3.06558 5.42393
      vertex -9.83238 2.47732 5.14637
      vertex -8.17712 2.06027 5.42393
    endloop
  endfacet
  facet normal -0.149907 0.107264 0.982864
    outer loop
      vertex -7.08875 8.97908 5.14637
      vertex -8.21385 10.4042 4.81924
      vertex -7.74943 8.05574 5.14637
    endloop
  endfacet
  facet normal -0.162382 0.0950765 0.982137
    outer loop
      vertex -8.97939 9.33432 4.81924
      vertex -9.65846 8.17453 4.81924
      vertex -7.74943 8.05574 5.14637
    endloop
  endfacet
  facet normal -0.0838348 0.110423 0.990343
    outer loop
      vertex -3.93019 9.31363 5.42393
      vertex -5.56959 10.5583 5.14637
      vertex -4.63197 8.78083 5.42393
    endloop
  endfacet
  facet normal -0.0970978 0.103357 0.989894
    outer loop
      vertex -4.63197 8.78083 5.42393
      vertex -6.35979 9.81595 5.14637
      vertex -5.28914 8.16346 5.42393
    endloop
  endfacet
  facet normal 0.00148929 0.0239165 0.999713
    outer loop
      vertex 0.280451 3.60679 5.93506
      vertex 0 1.21197 5.99277
      vertex 0.0937843 1.20613 5.99277
    endloop
  endfacet
  facet normal 0.00148812 0.0239167 0.999713
    outer loop
      vertex 0 3.62424 5.93506
      vertex 0 1.21197 5.99277
      vertex 0.280451 3.60679 5.93506
    endloop
  endfacet
  facet normal 0.0129673 -0.021646 0.999682
    outer loop
      vertex 1.34878 -3.1963 5.93506
      vertex 0.366158 -1.11972 5.99277
      vertex 1.09495 -3.34836 5.93506
    endloop
  endfacet
  facet normal -0.0044507 0.0236862 0.99971
    outer loop
      vertex -0.280451 3.60679 5.93506
      vertex -0.558201 3.5546 5.93506
      vertex -0.186666 1.18868 5.99277
    endloop
  endfacet
  facet normal -0.0102162 0.022546 0.999694
    outer loop
      vertex -0.27775 1.15978 5.99277
      vertex -1.09495 3.34836 5.93506
      vertex -0.366158 1.11972 5.99277
    endloop
  endfacet
  facet normal -0.0755507 0.0804212 0.993894
    outer loop
      vertex -3.64974 6.91881 5.64926
      vertex -5.28914 8.16346 5.42393
      vertex -4.16755 6.43236 5.64926
    endloop
  endfacet
  facet normal -0.344355 0.299939 0.889638
    outer loop
      vertex -11.183 17.2602 2.56533
      vertex -12.4647 15.7887 2.56533
      vertex -11.8269 14.9807 3.08462
    endloop
  endfacet
  facet normal -0.306893 0.326692 0.893918
    outer loop
      vertex -9.2923 17.6154 3.08462
      vertex -11.183 17.2602 2.56533
      vertex -10.6107 16.3769 3.08462
    endloop
  endfacet
  facet normal -0.323751 0.714303 0.620448
    outer loop
      vertex -5.59928 23.3806 0.880383
      vertex -7.38156 22.5728 0.880383
      vertex -5.49091 22.9281 1.45788
    endloop
  endfacet
  facet normal -0.235742 0.742991 0.626411
    outer loop
      vertex -3.76309 23.9632 0.880383
      vertex -5.59928 23.3806 0.880383
      vertex -5.49091 22.9281 1.45788
    endloop
  endfacet
  facet normal -0.405974 0.677684 0.613131
    outer loop
      vertex -7.38156 22.5728 0.880383
      vertex -9.09274 21.5477 0.880383
      vertex -7.23869 22.1359 1.45788
    endloop
  endfacet
  facet normal -0.405974 0.677661 0.613156
    outer loop
      vertex -7.23869 22.1359 1.45788
      vertex -9.09274 21.5477 0.880383
      vertex -8.91676 21.1306 1.45788
    endloop
  endfacet
  facet normal -0.341375 0.067513 0.937499
    outer loop
      vertex -14.9881 5.75902 3.57419
      vertex -15.3616 3.87044 3.57419
      vertex -13.8264 5.31264 4.02935
    endloop
  endfacet
  facet normal -0.341365 0.0675011 0.937504
    outer loop
      vertex -13.8264 5.31264 4.02935
      vertex -15.3616 3.87044 3.57419
      vertex -14.1709 3.57044 4.02935
    endloop
  endfacet
  facet normal -0.182515 0.0681514 0.980838
    outer loop
      vertex -8.84126 5.98595 5.14637
      vertex -10.2445 6.93602 4.81924
      vertex -9.2619 4.85944 5.14637
    endloop
  endfacet
  facet normal -0.173285 0.0819955 0.981452
    outer loop
      vertex -9.65846 8.17453 4.81924
      vertex -10.2445 6.93602 4.81924
      vertex -8.84126 5.98595 5.14637
    endloop
  endfacet
  facet normal -0.127066 0.167373 0.977671
    outer loop
      vertex -6.17313 14.6289 4.44571
      vertex -6.45358 12.2341 4.81924
      vertex -5.47581 12.9764 4.81924
    endloop
  endfacet
  facet normal -0.153217 0.201803 0.967368
    outer loop
      vertex -6.17313 14.6289 4.44571
      vertex -8.02718 15.2171 4.02935
      vertex -7.27541 13.792 4.44571
    endloop
  endfacet
  facet normal -0.212563 0.226268 0.950589
    outer loop
      vertex -8.02718 15.2171 4.02935
      vertex -9.93621 15.3359 3.57419
      vertex -9.16606 14.1472 4.02935
    endloop
  endfacet
  facet normal -0.182545 0.130618 0.974482
    outer loop
      vertex -8.21385 10.4042 4.81924
      vertex -9.25985 11.7291 4.44571
      vertex -8.97939 9.33432 4.81924
    endloop
  endfacet
  facet normal 0.331681 0.553649 0.763846
    outer loop
      vertex 8.91676 21.1306 1.45788
      vertex 7.23869 22.1359 1.45788
      vertex 8.65489 20.5101 2.02134
    endloop
  endfacet
  facet normal 0.331696 0.553658 0.763833
    outer loop
      vertex 7.23869 22.1359 1.45788
      vertex 7.02611 21.4859 2.02134
      vertex 8.65489 20.5101 2.02134
    endloop
  endfacet
  facet normal 0.214199 0.472613 0.854842
    outer loop
      vertex 5.32966 22.2547 2.02134
      vertex 5.11708 21.3671 2.56533
      vertex 6.74586 20.6289 2.56533
    endloop
  endfacet
  facet normal 0.155149 0.488941 0.858409
    outer loop
      vertex 5.32966 22.2547 2.02134
      vertex 3.58188 22.8093 2.02134
      vertex 5.11708 21.3671 2.56533
    endloop
  endfacet
  facet normal 0.0873089 0.275215 0.95741
    outer loop
      vertex 4.5466 18.985 3.57419
      vertex 3.05561 19.458 3.57419
      vertex 4.19419 17.5134 4.02935
    endloop
  endfacet
  facet normal 0.120909 0.266777 0.956144
    outer loop
      vertex 4.5466 18.985 3.57419
      vertex 4.19419 17.5134 4.02935
      vertex 5.9938 18.3291 3.57419
    endloop
  endfacet
  facet normal 0.0239637 0.127504 0.991549
    outer loop
      vertex 1.95578 12.4543 5.14637
      vertex 0.982622 12.6372 5.14637
      vertex 1.62653 10.3577 5.42393
    endloop
  endfacet
  facet normal 0.0873241 0.275223 0.957406
    outer loop
      vertex 3.05561 19.458 3.57419
      vertex 2.81877 17.9498 4.02935
      vertex 4.19419 17.5134 4.02935
    endloop
  endfacet
  facet normal 0.100644 0.222088 0.969818
    outer loop
      vertex 5.52922 16.9084 4.02935
      vertex 4.19419 17.5134 4.02935
      vertex 5.01139 15.3249 4.44571
    endloop
  endfacet
  facet normal 0.153196 0.255716 0.954537
    outer loop
      vertex 5.9938 18.3291 3.57419
      vertex 5.52922 16.9084 4.02935
      vertex 6.811 16.1405 4.02935
    endloop
  endfacet
  facet normal 0.0363578 0.193569 0.980413
    outer loop
      vertex 2.55479 16.2688 4.44571
      vertex 1.13858 14.6429 4.81924
      vertex 2.2662 14.4311 4.81924
    endloop
  endfacet
  facet normal 0.0601948 0.189732 0.979989
    outer loop
      vertex 3.80139 15.8733 4.44571
      vertex 2.55479 16.2688 4.44571
      vertex 3.37199 14.0802 4.81924
    endloop
  endfacet
  facet normal 0.0121691 0.195493 0.98063
    outer loop
      vertex 0 16.5875 4.44571
      vertex 0 14.7138 4.81924
      vertex 1.28357 16.5076 4.44571
    endloop
  endfacet
  facet normal 0.0146923 0.236027 0.971635
    outer loop
      vertex 0 18.3015 4.02935
      vertex 0 16.5875 4.44571
      vertex 1.28357 16.5076 4.44571
    endloop
  endfacet
  facet normal 0.242517 -0.0283906 0.969732
    outer loop
      vertex 13.0323 -1.62586 4.44571
      vertex 11.5602 -1.4422 4.81924
      vertex 12.8438 -3.23606 4.44571
    endloop
  endfacet
  facet normal 0.242499 -0.0284043 0.969736
    outer loop
      vertex 11.5602 -1.4422 4.81924
      vertex 11.3929 -2.87051 4.81924
      vertex 12.8438 -3.23606 4.44571
    endloop
  endfacet
  facet normal 0.351044 0.0136115 0.93626
    outer loop
      vertex 15.5871 1.94458 3.57419
      vertex 14.379 1.79386 4.02935
      vertex 15.6625 0 3.57419
    endloop
  endfacet
  facet normal 0.418196 0.0162153 0.908212
    outer loop
      vertex 16.6452 2.07658 3.08462
      vertex 15.5871 1.94458 3.57419
      vertex 15.6625 0 3.57419
    endloop
  endfacet
  facet normal 0.285865 0.0565265 0.956601
    outer loop
      vertex 13.8264 5.31264 4.02935
      vertex 12.5315 4.8151 4.44571
      vertex 14.1709 3.57044 4.02935
    endloop
  endfacet
  facet normal 0.291337 0.0341259 0.956011
    outer loop
      vertex 14.1709 3.57044 4.02935
      vertex 12.8438 3.23606 4.44571
      vertex 14.379 1.79386 4.02935
    endloop
  endfacet
  facet normal 0.341375 0.067513 0.937499
    outer loop
      vertex 14.9881 5.75902 3.57419
      vertex 13.8264 5.31264 4.02935
      vertex 15.3616 3.87044 3.57419
    endloop
  endfacet
  facet normal 0.406924 0.0804765 0.90991
    outer loop
      vertex 16.0055 6.14994 3.08462
      vertex 14.9881 5.75902 3.57419
      vertex 15.3616 3.87044 3.57419
    endloop
  endfacet
  facet normal 0.237866 0.139265 0.961262
    outer loop
      vertex 11.1689 11.6103 4.02935
      vertex 10.1229 10.523 4.44571
      vertex 10.8884 9.21552 4.44571
    endloop
  endfacet
  facet normal 0.197667 0.115729 0.973414
    outer loop
      vertex 10.1229 10.523 4.44571
      vertex 8.97939 9.33432 4.81924
      vertex 10.8884 9.21552 4.44571
    endloop
  endfacet
  facet normal 0.14709 0.156573 0.976652
    outer loop
      vertex 7.27541 13.792 4.44571
      vertex 6.45358 12.2341 4.81924
      vertex 8.30763 12.8223 4.44571
    endloop
  endfacet
  facet normal 0.177262 0.188691 0.965906
    outer loop
      vertex 8.02718 15.2171 4.02935
      vertex 7.27541 13.792 4.44571
      vertex 8.30763 12.8223 4.44571
    endloop
  endfacet
  facet normal 0.378079 0.270509 0.885371
    outer loop
      vertex 13.6265 14.1651 2.56533
      vertex 11.8269 14.9807 3.08462
      vertex 12.9291 13.4402 3.08462
    endloop
  endfacet
  facet normal 0.31497 0.225355 0.921959
    outer loop
      vertex 12.9291 13.4402 3.08462
      vertex 11.8269 14.9807 3.08462
      vertex 12.1073 12.5859 3.57419
    endloop
  endfacet
  facet normal 0.695076 0.137471 0.705671
    outer loop
      vertex 18.1011 6.95515 1.45788
      vertex 18.0073 4.53705 2.02134
      vertex 18.5522 4.67432 1.45788
    endloop
  endfacet
  facet normal 0.706238 0.0827133 0.703126
    outer loop
      vertex 18.5522 4.67432 1.45788
      vertex 18.0073 4.53705 2.02134
      vertex 18.2717 2.2795 2.02134
    endloop
  endfacet
  facet normal 0.778639 0.290709 0.556067
    outer loop
      vertex 17.0113 11.5175 0.880383
      vertex 16.6821 11.2946 1.45788
      vertex 17.4757 9.16901 1.45788
    endloop
  endfacet
  facet normal 0.747339 0.35364 0.562515
    outer loop
      vertex 17.0113 11.5175 0.880383
      vertex 15.7278 13.3113 1.45788
      vertex 16.6821 11.2946 1.45788
    endloop
  endfacet
  facet normal 0.642657 0.684097 0.34497
    outer loop
      vertex 12.3558 19.0704 0.294406
      vertex 10.7164 20.315 0.880383
      vertex 12.2368 18.8867 0.880383
    endloop
  endfacet
  facet normal 0.709709 0.618163 0.337917
    outer loop
      vertex 12.3558 19.0704 0.294406
      vertex 12.2368 18.8867 0.880383
      vertex 13.6393 17.2765 0.880383
    endloop
  endfacet
  facet normal -0.380808 0.142175 0.913658
    outer loop
      vertex -14.7508 9.98696 3.08462
      vertex -15.4525 8.10749 3.08462
      vertex -14.4703 7.59214 3.57419
    endloop
  endfacet
  facet normal -0.263173 0.188304 0.946193
    outer loop
      vertex -11.0751 14.0285 3.57419
      vertex -12.1073 12.5859 3.57419
      vertex -10.2167 12.9411 4.02935
    endloop
  endfacet
  facet normal -0.407929 0.238847 0.881218
    outer loop
      vertex -13.6265 14.1651 2.56533
      vertex -14.657 12.4051 2.56533
      vertex -13.9069 11.7703 3.08462
    endloop
  endfacet
  facet normal -0.433741 0.205252 0.877348
    outer loop
      vertex -13.9069 11.7703 3.08462
      vertex -15.5463 10.5256 2.56533
      vertex -14.7508 9.98696 3.08462
    endloop
  endfacet
  facet normal -0.266944 0.0996694 0.958544
    outer loop
      vertex -12.7425 8.62726 4.02935
      vertex -13.3487 7.00368 4.02935
      vertex -11.5491 7.8193 4.44571
    endloop
  endfacet
  facet normal -0.253619 0.120014 0.95983
    outer loop
      vertex -10.8884 9.21552 4.44571
      vertex -12.7425 8.62726 4.02935
      vertex -11.5491 7.8193 4.44571
    endloop
  endfacet
  facet normal -0.592787 0.347083 0.72673
    outer loop
      vertex -14.1926 14.7535 2.02134
      vertex -15.7278 13.3113 1.45788
      vertex -15.2659 12.9204 2.02134
    endloop
  endfacet
  facet normal -0.627218 0.296803 0.720073
    outer loop
      vertex -15.7278 13.3113 1.45788
      vertex -16.1922 10.9629 2.02134
      vertex -15.2659 12.9204 2.02134
    endloop
  endfacet
  facet normal -0.2222 0.370883 0.901706
    outer loop
      vertex -6.74586 20.6289 2.56533
      vertex -8.30968 19.692 2.56533
      vertex -6.40065 19.5732 3.08462
    endloop
  endfacet
  facet normal -0.222197 0.3709 0.901699
    outer loop
      vertex -6.40065 19.5732 3.08462
      vertex -8.30968 19.692 2.56533
      vertex -7.88444 18.6843 3.08462
    endloop
  endfacet
  facet normal -0.642657 0.684098 0.344967
    outer loop
      vertex -10.8206 20.5126 0.294406
      vertex -12.3558 19.0704 0.294406
      vertex -10.7164 20.315 0.880383
    endloop
  endfacet
  facet normal -0.610493 0.531746 0.586979
    outer loop
      vertex -12.2368 18.8867 0.880383
      vertex -13.6393 17.2765 0.880383
      vertex -11.9999 18.5212 1.45788
    endloop
  endfacet
  facet normal -0.513914 0.857841 0
    outer loop
      vertex -7.45334 22.7923 0
      vertex -9.18116 21.7572 0.294406
      vertex -7.45334 22.7923 0.294406
    endloop
  endfacet
  facet normal -0.513914 0.857841 0
    outer loop
      vertex -9.18116 21.7572 0.294406
      vertex -7.45334 22.7923 0
      vertex -9.18116 21.7572 0
    endloop
  endfacet
  facet normal -0.60466 0.796484 0
    outer loop
      vertex -9.18116 21.7572 0
      vertex -10.8206 20.5126 0.294406
      vertex -9.18116 21.7572 0.294406
    endloop
  endfacet
  facet normal -0.60466 0.796484 0
    outer loop
      vertex -10.8206 20.5126 0.294406
      vertex -9.18116 21.7572 0
      vertex -10.8206 20.5126 0
    endloop
  endfacet
  facet normal -0.306894 -0.326695 0.893916
    outer loop
      vertex -9.2923 -17.6154 3.08462
      vertex -11.183 -17.2602 2.56533
      vertex -9.79348 -18.5655 2.56533
    endloop
  endfacet
  facet normal -0.371999 -0.395967 0.83954
    outer loop
      vertex -11.183 -17.2602 2.56533
      vertex -11.6475 -17.9772 2.02134
      vertex -10.2003 -19.3368 2.02134
    endloop
  endfacet
  facet normal 0.331696 -0.553658 0.763833
    outer loop
      vertex 8.65489 -20.5101 2.02134
      vertex 7.02611 -21.4859 2.02134
      vertex 7.23869 -22.1359 1.45788
    endloop
  endfacet
  facet normal 0.263385 -0.58119 0.769965
    outer loop
      vertex 7.02611 -21.4859 2.02134
      vertex 5.32966 -22.2547 2.02134
      vertex 5.49091 -22.9281 1.45788
    endloop
  endfacet
  facet normal 0.479709 -0.800768 0.358678
    outer loop
      vertex 9.09274 -21.5477 0.880383
      vertex 7.38156 -22.5728 0.880383
      vertex 9.18116 -21.7572 0.294406
    endloop
  endfacet
  facet normal 0.565998 -0.745509 0.351942
    outer loop
      vertex 10.7164 -20.315 0.880383
      vertex 9.09274 -21.5477 0.880383
      vertex 9.18116 -21.7572 0.294406
    endloop
  endfacet
  facet normal -0.0593316 -0.0117337 0.998169
    outer loop
      vertex -2.80627 -0.707054 5.93506
      vertex -4.64707 -1.17086 5.82019
      vertex -2.73804 -1.05206 5.93506
    endloop
  endfacet
  facet normal -0.0203674 -0.0177411 0.999635
    outer loop
      vertex -0.676573 -0.856993 5.99277
      vertex -2.0232 -2.56273 5.93506
      vertex -0.606999 -0.936866 5.99277
    endloop
  endfacet
  facet normal 0.0129693 -0.0216451 0.999682
    outer loop
      vertex 0.451041 -1.06886 5.99277
      vertex 0.366158 -1.11972 5.99277
      vertex 1.34878 -3.1963 5.93506
    endloop
  endfacet
  facet normal -0.0410898 -0.0357912 0.998514
    outer loop
      vertex -2.0232 -2.56273 5.93506
      vertex -3.00583 -4.63931 5.82019
      vertex -1.81515 -2.80158 5.93506
    endloop
  endfacet
  facet normal -0.0364503 -0.0388014 0.998582
    outer loop
      vertex -1.81515 -2.80158 5.93506
      vertex -3.00583 -4.63931 5.82019
      vertex -2.63235 -4.99016 5.82019
    endloop
  endfacet
  facet normal 0.0285536 -0.00806568 0.99956
    outer loop
      vertex 0.915619 -0.351816 5.99277
      vertex 0.883986 -0.463801 5.99277
      vertex 2.73804 -1.05206 5.93506
    endloop
  endfacet
  facet normal -0.0224715 -0.0160794 0.999618
    outer loop
      vertex -0.739631 -0.768867 5.99277
      vertex -2.0232 -2.56273 5.93506
      vertex -0.676573 -0.856993 5.99277
    endloop
  endfacet
  facet normal 0.0302891 -0.00117517 0.99954
    outer loop
      vertex 0.95682 0 5.99277
      vertex 0.952211 -0.118793 5.99277
      vertex 2.84747 -0.355237 5.93506
    endloop
  endfacet
  facet normal 0.0186275 -0.0991401 0.994899
    outer loop
      vertex 1.28162 -8.16129 5.64926
      vertex 0.643909 -8.28111 5.64926
      vertex 0.817201 -10.5098 5.42393
    endloop
  endfacet
  facet normal 0.0186319 -0.099141 0.994899
    outer loop
      vertex 1.28162 -8.16129 5.64926
      vertex 0.817201 -10.5098 5.42393
      vertex 1.62653 -10.3577 5.42393
    endloop
  endfacet
  facet normal 0.0206178 -0.0454917 0.998752
    outer loop
      vertex 1.8132 -5.54476 5.82019
      vertex 0.830575 -3.46818 5.93506
      vertex 1.3754 -5.74318 5.82019
    endloop
  endfacet
  facet normal 0.0427563 -0.0943406 0.994621
    outer loop
      vertex 2.51398 -7.68777 5.64926
      vertex 1.90698 -7.96287 5.64926
      vertex 2.4202 -10.1059 5.42393
    endloop
  endfacet
  facet normal 0.0148711 -0.0468699 0.99879
    outer loop
      vertex 0.830575 -3.46818 5.93506
      vertex 0.558201 -3.5546 5.93506
      vertex 1.3754 -5.74318 5.82019
    endloop
  endfacet
  facet normal 0.00898055 -0.0477961 0.998817
    outer loop
      vertex 0.558201 -3.5546 5.93506
      vertex 0.464416 -5.97271 5.82019
      vertex 0.924359 -5.88629 5.82019
    endloop
  endfacet
  facet normal 0.0364503 -0.0388014 0.998582
    outer loop
      vertex 3.00583 -4.63931 5.82019
      vertex 1.81515 -2.80158 5.93506
      vertex 2.63235 -4.99016 5.82019
    endloop
  endfacet
  facet normal 0.036451 -0.0388011 0.998582
    outer loop
      vertex 1.81515 -2.80158 5.93506
      vertex 1.58962 -3.01345 5.93506
      vertex 2.63235 -4.99016 5.82019
    endloop
  endfacet
  facet normal 0.0224718 -0.0160792 0.999618
    outer loop
      vertex 2.21177 -2.29919 5.93506
      vertex 0.739631 -0.768867 5.99277
      vertex 2.0232 -2.56273 5.93506
    endloop
  endfacet
  facet normal -0.0274149 -0.0102367 0.999572
    outer loop
      vertex -0.883986 -0.463801 5.99277
      vertex -2.52339 -1.70846 5.93506
      vertex -0.843839 -0.571319 5.99277
    endloop
  endfacet
  facet normal 0.0453325 -0.0324371 0.998445
    outer loop
      vertex 3.66261 -3.80738 5.82019
      vertex 2.0232 -2.56273 5.93506
      vertex 3.35035 -4.24378 5.82019
    endloop
  endfacet
  facet normal 0.120656 -0.0863334 0.988933
    outer loop
      vertex 6.44484 -6.69958 5.42393
      vertex 5.89538 -7.46748 5.42393
      vertex 7.08875 -8.97908 5.14637
    endloop
  endfacet
  facet normal 0.055297 -0.0206469 0.998256
    outer loop
      vertex 2.64344 -1.38694 5.93506
      vertex 2.52339 -1.70846 5.93506
      vertex 4.37745 -2.29672 5.82019
    endloop
  endfacet
  facet normal 0.0575908 -0.0162688 0.998208
    outer loop
      vertex 2.73804 -1.05206 5.93506
      vertex 2.64344 -1.38694 5.93506
      vertex 4.37745 -2.29672 5.82019
    endloop
  endfacet
  facet normal -0.0180671 -0.019232 0.999652
    outer loop
      vertex -0.53158 -1.00772 5.99277
      vertex -1.81515 -2.80158 5.93506
      vertex -1.58962 -3.01345 5.93506
    endloop
  endfacet
  facet normal 0.0294171 -0.00581754 0.99955
    outer loop
      vertex 0.938435 -0.236444 5.99277
      vertex 0.915619 -0.351816 5.99277
      vertex 2.73804 -1.05206 5.93506
    endloop
  endfacet
  facet normal 0.0299976 -0.00351248 0.999544
    outer loop
      vertex 0.952211 -0.118793 5.99277
      vertex 0.938435 -0.236444 5.99277
      vertex 2.84747 -0.355237 5.93506
    endloop
  endfacet
  facet normal 0.0302893 -0.0011741 0.99954
    outer loop
      vertex 2.86124 0 5.93506
      vertex 0.95682 0 5.99277
      vertex 2.84747 -0.355237 5.93506
    endloop
  endfacet
  facet normal 0.0610885 -0.00236796 0.99813
    outer loop
      vertex 2.86124 0 5.93506
      vertex 2.84747 -0.355237 5.93506
      vertex 4.73811 0 5.82019
    endloop
  endfacet
  facet normal -0.210865 -0.0997826 0.972409
    outer loop
      vertex -9.65846 -8.17453 4.81924
      vertex -11.5491 -7.8193 4.44571
      vertex -10.8884 -9.21552 4.44571
    endloop
  endfacet
  facet normal -0.237866 -0.139265 0.961262
    outer loop
      vertex -10.8884 -9.21552 4.44571
      vertex -11.1689 -11.6103 4.02935
      vertex -10.1229 -10.523 4.44571
    endloop
  endfacet
  facet normal -0.266949 -0.0996838 0.958541
    outer loop
      vertex -12.0986 -6.34776 4.44571
      vertex -13.3487 -7.00368 4.02935
      vertex -11.5491 -7.8193 4.44571
    endloop
  endfacet
  facet normal -0.222024 -0.0829078 0.97151
    outer loop
      vertex -10.7319 -5.63072 4.81924
      vertex -12.0986 -6.34776 4.44571
      vertex -11.5491 -7.8193 4.44571
    endloop
  endfacet
  facet normal -0.173285 -0.0819955 0.981452
    outer loop
      vertex -8.84126 -5.98595 5.14637
      vertex -9.65846 -8.17453 4.81924
      vertex -8.33549 -7.05482 5.14637
    endloop
  endfacet
  facet normal -0.149907 -0.107264 0.982864
    outer loop
      vertex -7.74943 -8.05574 5.14637
      vertex -8.97939 -9.33432 4.81924
      vertex -8.21385 -10.4042 4.81924
    endloop
  endfacet
  facet normal -0.139542 -0.0660289 0.988012
    outer loop
      vertex -7.35286 -4.97824 5.42393
      vertex -8.84126 -5.98595 5.14637
      vertex -8.33549 -7.05482 5.14637
    endloop
  endfacet
  facet normal -0.13073 -0.0765438 0.988459
    outer loop
      vertex -6.93223 -5.86716 5.42393
      vertex -8.33549 -7.05482 5.14637
      vertex -6.44484 -6.69958 5.42393
    endloop
  endfacet
  facet normal -0.199509 -0.17378 0.964363
    outer loop
      vertex -9.25985 -11.7291 4.44571
      vertex -10.2167 -12.9411 4.02935
      vertex -8.30763 -12.8223 4.44571
    endloop
  endfacet
  facet normal -0.183843 -0.242155 0.952661
    outer loop
      vertex -8.02718 -15.2171 4.02935
      vertex -8.70164 -16.4957 3.57419
      vertex -7.38327 -17.4966 3.57419
    endloop
  endfacet
  facet normal -0.127066 -0.167373 0.977671
    outer loop
      vertex -5.47581 -12.9764 4.81924
      vertex -6.45358 -12.2341 4.81924
      vertex -6.17313 -14.6289 4.44571
    endloop
  endfacet
  facet normal -0.25489 -0.271334 0.928121
    outer loop
      vertex -9.93621 -15.3359 3.57419
      vertex -10.6107 -16.3769 3.08462
      vertex -9.2923 -17.6154 3.08462
    endloop
  endfacet
  facet normal -0.286401 -0.249478 0.925059
    outer loop
      vertex -9.93621 -15.3359 3.57419
      vertex -11.8269 -14.9807 3.08462
      vertex -10.6107 -16.3769 3.08462
    endloop
  endfacet
  facet normal -0.21977 -0.157261 0.962793
    outer loop
      vertex -10.1229 -10.523 4.44571
      vertex -11.1689 -11.6103 4.02935
      vertex -9.25985 -11.7291 4.44571
    endloop
  endfacet
  facet normal -0.11922 -0.0336773 0.992297
    outer loop
      vertex -6.28648 -2.41551 5.64926
      vertex -7.70268 -4.04137 5.42393
      vertex -6.06929 -3.18438 5.64926
    endloop
  endfacet
  facet normal -0.139541 -0.0660296 0.988012
    outer loop
      vertex -7.35286 -4.97824 5.42393
      vertex -8.33549 -7.05482 5.14637
      vertex -6.93223 -5.86716 5.42393
    endloop
  endfacet
  facet normal -0.109409 -0.0953014 0.989418
    outer loop
      vertex -5.89538 -7.46748 5.42393
      vertex -6.35979 -9.81595 5.14637
      vertex -5.28914 -8.16346 5.42393
    endloop
  endfacet
  facet normal -0.0410902 -0.035791 0.998514
    outer loop
      vertex -2.0232 -2.56273 5.93506
      vertex -3.35035 -4.24378 5.82019
      vertex -3.00583 -4.63931 5.82019
    endloop
  endfacet
  facet normal -0.0491374 -0.0287717 0.998378
    outer loop
      vertex -2.37904 -2.01352 5.93506
      vertex -3.66261 -3.80738 5.82019
      vertex -2.21177 -2.29919 5.93506
    endloop
  endfacet
  facet normal -0.0453327 -0.0324368 0.998445
    outer loop
      vertex -2.21177 -2.29919 5.93506
      vertex -3.66261 -3.80738 5.82019
      vertex -2.0232 -2.56273 5.93506
    endloop
  endfacet
  facet normal -0.0299975 -0.0035129 0.999544
    outer loop
      vertex -0.938435 -0.236444 5.99277
      vertex -2.84747 -0.355237 5.93506
      vertex -2.80627 -0.707054 5.93506
    endloop
  endfacet
  facet normal -0.0302891 0.00117517 0.99954
    outer loop
      vertex -0.952211 0.118793 5.99277
      vertex -2.84747 0.355237 5.93506
      vertex -0.95682 0 5.99277
    endloop
  endfacet
  facet normal -0.294081 -0.0113936 0.955713
    outer loop
      vertex -13.0954 0 4.44571
      vertex -14.4485 0 4.02935
      vertex -14.379 -1.79386 4.02935
    endloop
  endfacet
  facet normal -0.294057 -0.0114124 0.95572
    outer loop
      vertex -13.0954 0 4.44571
      vertex -14.379 -1.79386 4.02935
      vertex -13.0323 -1.62586 4.44571
    endloop
  endfacet
  facet normal -0.199467 0.0233638 0.979626
    outer loop
      vertex -11.3929 2.87051 4.81924
      vertex -11.5602 1.4422 4.81924
      vertex -9.97673 1.24465 5.14637
    endloop
  endfacet
  facet normal -0.199472 0.0233589 0.979625
    outer loop
      vertex -9.83238 2.47732 5.14637
      vertex -11.3929 2.87051 4.81924
      vertex -9.97673 1.24465 5.14637
    endloop
  endfacet
  facet normal -0.15765 -0.0311763 0.987003
    outer loop
      vertex -7.97832 -3.06558 5.42393
      vertex -9.83238 -2.47732 5.14637
      vertex -9.59333 -3.68613 5.14637
    endloop
  endfacet
  facet normal -0.153062 -0.0432361 0.98727
    outer loop
      vertex -7.97832 -3.06558 5.42393
      vertex -9.59333 -3.68613 5.14637
      vertex -9.2619 -4.85944 5.14637
    endloop
  endfacet
  facet normal -0.0902688 -0.0178502 0.995757
    outer loop
      vertex -4.64707 -1.17086 5.82019
      vertex -6.44312 -1.62338 5.64926
      vertex -6.28648 -2.41551 5.64926
    endloop
  endfacet
  facet normal -0.0920444 -0.0107797 0.995697
    outer loop
      vertex -4.64707 -1.17086 5.82019
      vertex -6.53772 -0.815618 5.64926
      vertex -6.44312 -1.62338 5.64926
    endloop
  endfacet
  facet normal 0.0867475 -0.144791 0.985652
    outer loop
      vertex 5.47581 -12.9764 4.81924
      vertex 3.8364 -11.7317 5.14637
      vertex 4.4453 -13.5938 4.81924
    endloop
  endfacet
  facet normal 0.0867449 -0.144795 0.985652
    outer loop
      vertex 4.72575 -11.1989 5.14637
      vertex 3.8364 -11.7317 5.14637
      vertex 5.47581 -12.9764 4.81924
    endloop
  endfacet
  facet normal -0.362283 -0.171437 0.916166
    outer loop
      vertex -13.0229 -11.0221 3.57419
      vertex -14.7508 -9.98696 3.08462
      vertex -13.9069 -11.7703 3.08462
    endloop
  endfacet
  facet normal -0.433741 -0.205252 0.877348
    outer loop
      vertex -14.7508 -9.98696 3.08462
      vertex -15.5463 -10.5256 2.56533
      vertex -13.9069 -11.7703 3.08462
    endloop
  endfacet
  facet normal -0.455313 -0.169991 0.873953
    outer loop
      vertex -15.4525 -8.10749 3.08462
      vertex -16.286 -8.54476 2.56533
      vertex -14.7508 -9.98696 3.08462
    endloop
  endfacet
  facet normal -0.380808 -0.142175 0.913658
    outer loop
      vertex -14.4703 -7.59214 3.57419
      vertex -15.4525 -8.10749 3.08462
      vertex -14.7508 -9.98696 3.08462
    endloop
  endfacet
  facet normal -0.115967 -0.617213 0.778203
    outer loop
      vertex -1.79961 -23.1442 2.02134
      vertex -3.69025 -23.4994 1.45788
      vertex -1.85405 -23.8444 1.45788
    endloop
  endfacet
  facet normal -0.191188 -0.602598 0.774805
    outer loop
      vertex -3.58188 -22.8093 2.02134
      vertex -5.49091 -22.9281 1.45788
      vertex -3.69025 -23.4994 1.45788
    endloop
  endfacet
  facet normal -0.0768966 -0.409211 0.909194
    outer loop
      vertex -3.26302 -20.7788 3.08462
      vertex -3.43901 -21.8995 2.56533
      vertex -1.63941 -21.0839 3.08462
    endloop
  endfacet
  facet normal -0.127082 -0.400515 0.907435
    outer loop
      vertex -3.26302 -20.7788 3.08462
      vertex -4.85522 -20.2736 3.08462
      vertex -3.43901 -21.8995 2.56533
    endloop
  endfacet
  facet normal -0.239072 -0.208257 0.948406
    outer loop
      vertex -9.16606 -14.1472 4.02935
      vertex -10.2167 -12.9411 4.02935
      vertex -9.93621 -15.3359 3.57419
    endloop
  endfacet
  facet normal -0.286402 -0.249488 0.925056
    outer loop
      vertex -11.0751 -14.0285 3.57419
      vertex -11.8269 -14.9807 3.08462
      vertex -9.93621 -15.3359 3.57419
    endloop
  endfacet
  facet normal 0.709709 -0.618163 0.337917
    outer loop
      vertex 13.6393 -17.2765 0.880383
      vertex 12.2368 -18.8867 0.880383
      vertex 12.3558 -19.0704 0.294406
    endloop
  endfacet
  facet normal 0.642657 -0.684097 0.34497
    outer loop
      vertex 12.2368 -18.8867 0.880383
      vertex 10.7164 -20.315 0.880383
      vertex 12.3558 -19.0704 0.294406
    endloop
  endfacet
  facet normal 0.380808 -0.142175 0.913658
    outer loop
      vertex 15.4525 -8.10749 3.08462
      vertex 14.4703 -7.59214 3.57419
      vertex 14.7508 -9.98696 3.08462
    endloop
  endfacet
  facet normal 0.38077 -0.142182 0.913673
    outer loop
      vertex 14.4703 -7.59214 3.57419
      vertex 13.8131 -9.35215 3.57419
      vertex 14.7508 -9.98696 3.08462
    endloop
  endfacet
  facet normal -0.0481104 0.772811 0.63281
    outer loop
      vertex 0 24.4327 0.880383
      vertex -1.89065 24.315 0.880383
      vertex -1.85405 23.8444 1.45788
    endloop
  endfacet
  facet normal -0.143305 0.762736 0.630633
    outer loop
      vertex -1.89065 24.315 0.880383
      vertex -3.76309 23.9632 0.880383
      vertex -1.85405 23.8444 1.45788
    endloop
  endfacet
  facet normal 0.171345 0.911773 0.373244
    outer loop
      vertex 3.79968 24.1962 0.294406
      vertex 1.90903 24.5515 0.294406
      vertex 3.76309 23.9632 0.880383
    endloop
  endfacet
  facet normal 0.280973 0.885649 0.369702
    outer loop
      vertex 3.79968 24.1962 0.294406
      vertex 3.76309 23.9632 0.880383
      vertex 5.65373 23.608 0.294406
    endloop
  endfacet
  facet normal 0.323751 0.714303 0.620448
    outer loop
      vertex 5.59928 23.3806 0.880383
      vertex 5.49091 22.9281 1.45788
      vertex 7.38156 22.5728 0.880383
    endloop
  endfacet
  facet normal 0.384366 0.848041 0.364815
    outer loop
      vertex 5.65373 23.608 0.294406
      vertex 5.59928 23.3806 0.880383
      vertex 7.38156 22.5728 0.880383
    endloop
  endfacet
  facet normal -0.0257342 0.413617 0.910087
    outer loop
      vertex 0 22.3285 2.56533
      vertex -1.63941 21.0839 3.08462
      vertex 0 21.1859 3.08462
    endloop
  endfacet
  facet normal -0.093939 0.499989 0.860922
    outer loop
      vertex -1.79961 23.1442 2.02134
      vertex -3.43901 21.8995 2.56533
      vertex -1.72783 22.221 2.56533
    endloop
  endfacet
  facet normal -0.0768866 0.409228 0.909187
    outer loop
      vertex -1.72783 22.221 2.56533
      vertex -3.43901 21.8995 2.56533
      vertex -1.63941 21.0839 3.08462
    endloop
  endfacet
  facet normal -0.0768966 0.409211 0.909194
    outer loop
      vertex -1.63941 21.0839 3.08462
      vertex -3.43901 21.8995 2.56533
      vertex -3.26302 20.7788 3.08462
    endloop
  endfacet
  facet normal -0.145372 0.320763 0.935937
    outer loop
      vertex -4.85522 20.2736 3.08462
      vertex -6.40065 19.5732 3.08462
      vertex -5.9938 18.3291 3.57419
    endloop
  endfacet
  facet normal -0.214199 0.472613 0.854842
    outer loop
      vertex -5.32966 22.2547 2.02134
      vertex -6.74586 20.6289 2.56533
      vertex -5.11708 21.3671 2.56533
    endloop
  endfacet
  facet normal -0.127078 0.167374 0.977669
    outer loop
      vertex -6.17313 14.6289 4.44571
      vertex -7.27541 13.792 4.44571
      vertex -6.45358 12.2341 4.81924
    endloop
  endfacet
  facet normal -0.105779 0.176563 0.978589
    outer loop
      vertex -5.01139 15.3249 4.44571
      vertex -6.17313 14.6289 4.44571
      vertex -5.47581 12.9764 4.81924
    endloop
  endfacet
  facet normal -0.175692 0.387664 0.904903
    outer loop
      vertex -4.85522 20.2736 3.08462
      vertex -6.74586 20.6289 2.56533
      vertex -6.40065 19.5732 3.08462
    endloop
  endfacet
  facet normal -0.0873089 0.275215 0.95741
    outer loop
      vertex -3.05561 19.458 3.57419
      vertex -4.5466 18.985 3.57419
      vertex -4.19419 17.5134 4.02935
    endloop
  endfacet
  facet normal -0.183843 0.242155 0.952661
    outer loop
      vertex -7.38327 17.4966 3.57419
      vertex -8.70164 16.4957 3.57419
      vertex -8.02718 15.2171 4.02935
    endloop
  endfacet
  facet normal -0.220675 0.290654 0.931033
    outer loop
      vertex -7.88444 18.6843 3.08462
      vertex -9.2923 17.6154 3.08462
      vertex -7.38327 17.4966 3.57419
    endloop
  endfacet
  facet normal -0.153219 0.201799 0.967368
    outer loop
      vertex -6.811 16.1405 4.02935
      vertex -8.02718 15.2171 4.02935
      vertex -6.17313 14.6289 4.44571
    endloop
  endfacet
  facet normal -0.127594 0.212976 0.96869
    outer loop
      vertex -5.01139 15.3249 4.44571
      vertex -6.811 16.1405 4.02935
      vertex -6.17313 14.6289 4.44571
    endloop
  endfacet
  facet normal 0.0768966 0.409211 0.909194
    outer loop
      vertex 3.43901 21.8995 2.56533
      vertex 1.63941 21.0839 3.08462
      vertex 3.26302 20.7788 3.08462
    endloop
  endfacet
  facet normal 0.0768866 0.409228 0.909187
    outer loop
      vertex 1.72783 22.221 2.56533
      vertex 1.63941 21.0839 3.08462
      vertex 3.43901 21.8995 2.56533
    endloop
  endfacet
  facet normal 0.479712 0.80075 0.358714
    outer loop
      vertex 7.45334 22.7923 0.294406
      vertex 7.38156 22.5728 0.880383
      vertex 9.18116 21.7572 0.294406
    endloop
  endfacet
  facet normal 0.479709 0.800768 0.358678
    outer loop
      vertex 9.18116 21.7572 0.294406
      vertex 7.38156 22.5728 0.880383
      vertex 9.09274 21.5477 0.880383
    endloop
  endfacet
  facet normal 0.706304 -0.0826908 0.703063
    outer loop
      vertex 18.8245 -2.34847 1.45788
      vertex 18.2717 -2.2795 2.02134
      vertex 18.5522 -4.67432 1.45788
    endloop
  endfacet
  facet normal 0.711863 -0.027614 0.701775
    outer loop
      vertex 18.9156 0 1.45788
      vertex 18.2717 -2.2795 2.02134
      vertex 18.8245 -2.34847 1.45788
    endloop
  endfacet
  facet normal 0.418196 -0.0162153 0.908212
    outer loop
      vertex 15.6625 0 3.57419
      vertex 15.5871 -1.94458 3.57419
      vertex 16.6452 -2.07658 3.08462
    endloop
  endfacet
  facet normal 0.414431 -0.0485259 0.908786
    outer loop
      vertex 15.5871 -1.94458 3.57419
      vertex 15.3616 -3.87044 3.57419
      vertex 16.6452 -2.07658 3.08462
    endloop
  endfacet
  facet normal -0.0575295 -0.925236 0.375004
    outer loop
      vertex 0 -24.4327 0.880383
      vertex -1.90903 -24.5515 0.294406
      vertex 0 -24.6702 0.294406
    endloop
  endfacet
  facet normal -0.0620583 -0.998073 0
    outer loop
      vertex -1.90903 -24.5515 0
      vertex 0 -24.6702 0.294406
      vertex -1.90903 -24.5515 0.294406
    endloop
  endfacet
  facet normal -0.0620583 -0.998073 -0
    outer loop
      vertex 0 -24.6702 0.294406
      vertex -1.90903 -24.5515 0
      vertex 0 -24.6702 0
    endloop
  endfacet
  facet normal 0.183843 -0.242155 0.952661
    outer loop
      vertex 8.02718 -15.2171 4.02935
      vertex 7.38327 -17.4966 3.57419
      vertex 8.70164 -16.4957 3.57419
    endloop
  endfacet
  facet normal 0.220674 -0.290668 0.931029
    outer loop
      vertex 8.70164 -16.4957 3.57419
      vertex 7.38327 -17.4966 3.57419
      vertex 9.2923 -17.6154 3.08462
    endloop
  endfacet
  facet normal 0.063526 -0.338067 0.938976
    outer loop
      vertex 3.05561 -19.458 3.57419
      vertex 1.5352 -19.7437 3.57419
      vertex 3.26302 -20.7788 3.08462
    endloop
  endfacet
  facet normal 0.0527872 -0.280918 0.958279
    outer loop
      vertex 3.05561 -19.458 3.57419
      vertex 1.4162 -18.2134 4.02935
      vertex 1.5352 -19.7437 3.57419
    endloop
  endfacet
  facet normal -0.00457321 -0.0734903 0.997285
    outer loop
      vertex 0 -6.00161 5.82019
      vertex -0.464416 -5.97271 5.82019
      vertex 0 -8.32118 5.64926
    endloop
  endfacet
  facet normal 0.00300289 -0.0482616 0.99883
    outer loop
      vertex 0 -3.62424 5.93506
      vertex 0 -6.00161 5.82019
      vertex 0.280451 -3.60679 5.93506
    endloop
  endfacet
  facet normal -0.0148711 -0.0468699 0.99879
    outer loop
      vertex -0.830575 -3.46818 5.93506
      vertex -1.3754 -5.74318 5.82019
      vertex -0.558201 -3.5546 5.93506
    endloop
  endfacet
  facet normal -0.0542542 -0.0905593 0.994412
    outer loop
      vertex -3.09677 -7.33862 5.64926
      vertex -3.19056 -9.75673 5.42393
      vertex -2.51398 -7.68777 5.64926
    endloop
  endfacet
  facet normal -0.0625442 -0.0544781 0.996554
    outer loop
      vertex -3.35035 -4.24378 5.82019
      vertex -4.64523 -5.88396 5.64926
      vertex -3.00583 -4.63931 5.82019
    endloop
  endfacet
  facet normal -0.0970978 -0.103357 0.989894
    outer loop
      vertex -5.28914 -8.16346 5.42393
      vertex -6.35979 -9.81595 5.14637
      vertex -4.63197 -8.78083 5.42393
    endloop
  endfacet
  facet normal -0.0554865 -0.0590654 0.996711
    outer loop
      vertex -3.00583 -4.63931 5.82019
      vertex -3.64974 -6.91881 5.64926
      vertex -2.63235 -4.99016 5.82019
    endloop
  endfacet
  facet normal -0.047894 -0.0630836 0.996858
    outer loop
      vertex -2.63235 -4.99016 5.82019
      vertex -3.64974 -6.91881 5.64926
      vertex -2.23353 -5.29295 5.82019
    endloop
  endfacet
  facet normal 0.00622992 -0.100112 0.994957
    outer loop
      vertex 0 -8.32118 5.64926
      vertex 0 -10.5606 5.42393
      vertex 0.643909 -8.28111 5.64926
    endloop
  endfacet
  facet normal -0.0298142 -0.158633 0.986887
    outer loop
      vertex -1.95578 -12.4543 5.14637
      vertex -2.2662 -14.4311 4.81924
      vertex -0.982622 -12.6372 5.14637
    endloop
  endfacet
  facet normal -0.029798 -0.158644 0.986886
    outer loop
      vertex -0.982622 -12.6372 5.14637
      vertex -2.2662 -14.4311 4.81924
      vertex -1.13858 -14.6429 4.81924
    endloop
  endfacet
  facet normal -0.0493295 -0.155521 0.9866
    outer loop
      vertex -1.95578 -12.4543 5.14637
      vertex -2.9101 -12.1516 5.14637
      vertex -2.2662 -14.4311 4.81924
    endloop
  endfacet
  facet normal -0.0834073 -0.18405 0.979372
    outer loop
      vertex -4.4453 -13.5938 4.81924
      vertex -5.01139 -15.3249 4.44571
      vertex -3.37199 -14.0802 4.81924
    endloop
  endfacet
  facet normal -0.165636 -0.144276 0.975576
    outer loop
      vertex -7.3692 -11.3739 4.81924
      vertex -9.25985 -11.7291 4.44571
      vertex -8.30763 -12.8223 4.44571
    endloop
  endfacet
  facet normal -0.177262 -0.188691 0.965906
    outer loop
      vertex -7.27541 -13.792 4.44571
      vertex -8.30763 -12.8223 4.44571
      vertex -8.02718 -15.2171 4.02935
    endloop
  endfacet
  facet normal -0.145378 -0.320766 0.935935
    outer loop
      vertex -4.5466 -18.985 3.57419
      vertex -5.9938 -18.3291 3.57419
      vertex -4.85522 -20.2736 3.08462
    endloop
  endfacet
  facet normal 0.125216 -0.0146646 0.992021
    outer loop
      vertex 6.53772 -0.815618 5.64926
      vertex 6.44312 -1.62338 5.64926
      vertex 8.29718 -1.03512 5.42393
    endloop
  endfacet
  facet normal 0.0920444 -0.0107797 0.995697
    outer loop
      vertex 6.53772 -0.815618 5.64926
      vertex 4.64707 -1.17086 5.82019
      vertex 6.44312 -1.62338 5.64926
    endloop
  endfacet
  facet normal 0.0398357 -0.0664951 0.996991
    outer loop
      vertex 2.23353 -5.29295 5.82019
      vertex 1.8132 -5.54476 5.82019
      vertex 2.51398 -7.68777 5.64926
    endloop
  endfacet
  facet normal 0.0542526 -0.0905594 0.994412
    outer loop
      vertex 3.93019 -9.31363 5.42393
      vertex 3.09677 -7.33862 5.64926
      vertex 3.19056 -9.75673 5.42393
    endloop
  endfacet
  facet normal 0.0554878 -0.059065 0.996711
    outer loop
      vertex 4.16755 -6.43236 5.64926
      vertex 3.00583 -4.63931 5.82019
      vertex 3.64974 -6.91881 5.64926
    endloop
  endfacet
  facet normal 0.108657 -0.0514156 0.992749
    outer loop
      vertex 7.35286 -4.97824 5.42393
      vertex 5.46222 -4.623 5.64926
      vertex 6.93223 -5.86716 5.42393
    endloop
  endfacet
  facet normal 0.0203674 -0.0177411 0.999635
    outer loop
      vertex 0.676573 -0.856993 5.99277
      vertex 0.606999 -0.936866 5.99277
      vertex 2.0232 -2.56273 5.93506
    endloop
  endfacet
  facet normal 0.162279 -0.00629351 0.986725
    outer loop
      vertex 10.025 0 5.14637
      vertex 8.33732 0 5.42393
      vertex 9.97673 -1.24465 5.14637
    endloop
  endfacet
  facet normal 0.162279 0.00629351 0.986725
    outer loop
      vertex 9.97673 1.24465 5.14637
      vertex 8.33732 0 5.42393
      vertex 10.025 0 5.14637
    endloop
  endfacet
  facet normal 0.153061 0.0432366 0.98727
    outer loop
      vertex 9.2619 4.85944 5.14637
      vertex 7.70268 4.04137 5.42393
      vertex 7.97832 3.06558 5.42393
    endloop
  endfacet
  facet normal 0.147007 0.0548913 0.987611
    outer loop
      vertex 9.2619 4.85944 5.14637
      vertex 7.35286 4.97824 5.42393
      vertex 7.70268 4.04137 5.42393
    endloop
  endfacet
  facet normal 0.19 0.0536652 0.980316
    outer loop
      vertex 10.7319 5.63072 4.81924
      vertex 9.2619 4.85944 5.14637
      vertex 11.1159 4.27118 4.81924
    endloop
  endfacet
  facet normal 0.23107 0.0652655 0.970746
    outer loop
      vertex 12.5315 4.8151 4.44571
      vertex 10.7319 5.63072 4.81924
      vertex 11.1159 4.27118 4.81924
    endloop
  endfacet
  facet normal 0.210865 0.0997826 0.972409
    outer loop
      vertex 10.8884 9.21552 4.44571
      vertex 9.65846 8.17453 4.81924
      vertex 11.5491 7.8193 4.44571
    endloop
  endfacet
  facet normal 0.197667 0.115736 0.973413
    outer loop
      vertex 10.8884 9.21552 4.44571
      vertex 8.97939 9.33432 4.81924
      vertex 9.65846 8.17453 4.81924
    endloop
  endfacet
  facet normal 0.182515 0.0681514 0.980838
    outer loop
      vertex 10.2445 6.93602 4.81924
      vertex 8.84126 5.98595 5.14637
      vertex 9.2619 4.85944 5.14637
    endloop
  endfacet
  facet normal 0.173285 0.0819955 0.981452
    outer loop
      vertex 9.65846 8.17453 4.81924
      vertex 8.84126 5.98595 5.14637
      vertex 10.2445 6.93602 4.81924
    endloop
  endfacet
  facet normal 0.101778 0.0595922 0.993021
    outer loop
      vertex 6.44484 6.69958 5.42393
      vertex 5.46222 4.623 5.64926
      vertex 6.93223 5.86716 5.42393
    endloop
  endfacet
  facet normal 0.108657 0.0514156 0.992749
    outer loop
      vertex 6.93223 5.86716 5.42393
      vertex 5.46222 4.623 5.64926
      vertex 7.35286 4.97824 5.42393
    endloop
  endfacet
  facet normal 0.00736976 0.0232276 0.999703
    outer loop
      vertex 0.558201 3.5546 5.93506
      vertex 0.27775 1.15978 5.99277
      vertex 0.830575 3.46818 5.93506
    endloop
  endfacet
  facet normal 0.0224715 -0.0160794 0.999618
    outer loop
      vertex 0.739631 -0.768867 5.99277
      vertex 0.676573 -0.856993 5.99277
      vertex 2.0232 -2.56273 5.93506
    endloop
  endfacet
  facet normal 0.0491374 0.0287717 0.998378
    outer loop
      vertex 3.66261 3.80738 5.82019
      vertex 2.21177 2.29919 5.93506
      vertex 2.37904 2.01352 5.93506
    endloop
  endfacet
  facet normal 0.0491377 0.0287715 0.998378
    outer loop
      vertex 3.66261 3.80738 5.82019
      vertex 2.37904 2.01352 5.93506
      vertex 3.9396 3.33432 5.82019
    endloop
  endfacet
  facet normal -0.024359 -0.0142631 0.999602
    outer loop
      vertex -0.739631 -0.768867 5.99277
      vertex -2.37904 -2.01352 5.93506
      vertex -2.21177 -2.29919 5.93506
    endloop
  endfacet
  facet normal -0.0129693 -0.0216451 0.999682
    outer loop
      vertex -0.451041 -1.06886 5.99277
      vertex -1.34878 -3.1963 5.93506
      vertex -0.366158 -1.11972 5.99277
    endloop
  endfacet
  facet normal -0.0129673 -0.021646 0.999682
    outer loop
      vertex -0.366158 -1.11972 5.99277
      vertex -1.34878 -3.1963 5.93506
      vertex -1.09495 -3.34836 5.93506
    endloop
  endfacet
  facet normal -0.0299976 -0.00351248 0.999544
    outer loop
      vertex -0.952211 -0.118793 5.99277
      vertex -2.84747 -0.355237 5.93506
      vertex -0.938435 -0.236444 5.99277
    endloop
  endfacet
  facet normal 0.03146 0.0414376 0.998646
    outer loop
      vertex 2.23353 5.29295 5.82019
      vertex 1.34878 3.1963 5.93506
      vertex 2.63235 4.99016 5.82019
    endloop
  endfacet
  facet normal 0.047894 0.0630836 0.996858
    outer loop
      vertex 3.64974 6.91881 5.64926
      vertex 2.23353 5.29295 5.82019
      vertex 2.63235 4.99016 5.82019
    endloop
  endfacet
  facet normal 0.0549818 0.121304 0.991091
    outer loop
      vertex 2.9101 12.1516 5.14637
      vertex 2.4202 10.1059 5.42393
      vertex 3.19056 9.75673 5.42393
    endloop
  endfacet
  facet normal 0.0148712 0.0468698 0.99879
    outer loop
      vertex 0.924359 5.88629 5.82019
      vertex 0.558201 3.5546 5.93506
      vertex 1.3754 5.74318 5.82019
    endloop
  endfacet
  facet normal 0.0939162 0.0672004 0.99331
    outer loop
      vertex 5.89538 7.46748 5.42393
      vertex 4.64523 5.88396 5.64926
      vertex 6.44484 6.69958 5.42393
    endloop
  endfacet
  facet normal 0.0554878 0.059065 0.996711
    outer loop
      vertex 3.64974 6.91881 5.64926
      vertex 3.00583 4.63931 5.82019
      vertex 4.16755 6.43236 5.64926
    endloop
  endfacet
  facet normal 0.0625442 0.0544781 0.996554
    outer loop
      vertex 4.64523 5.88396 5.64926
      vertex 3.00583 4.63931 5.82019
      vertex 3.35035 4.24378 5.82019
    endloop
  endfacet
  facet normal 0.0689952 0.0493685 0.996395
    outer loop
      vertex 4.64523 5.88396 5.64926
      vertex 3.35035 4.24378 5.82019
      vertex 3.66261 3.80738 5.82019
    endloop
  endfacet
  facet normal -0.0625442 0.0544781 0.996554
    outer loop
      vertex -3.00583 4.63931 5.82019
      vertex -4.64523 5.88396 5.64926
      vertex -3.35035 4.24378 5.82019
    endloop
  endfacet
  facet normal -0.0593316 0.011733 0.998169
    outer loop
      vertex -4.53409 1.74218 5.82019
      vertex -4.64707 1.17086 5.82019
      vertex -2.73804 1.05206 5.93506
    endloop
  endfacet
  facet normal 0 0 1
    outer loop
      vertex -0.95682 0 5.99277
      vertex 0.95682 0 5.99277
      vertex 0.952211 0.118793 5.99277
    endloop
  endfacet
  facet normal 0 0 1
    outer loop
      vertex -0.952211 0.118793 5.99277
      vertex 0.952211 0.118793 5.99277
      vertex 0.938435 0.236444 5.99277
    endloop
  endfacet
  facet normal 0 0 1
    outer loop
      vertex 0.95682 0 5.99277
      vertex -0.95682 0 5.99277
      vertex 0.952211 -0.118793 5.99277
    endloop
  endfacet
  facet normal 0 0 1
    outer loop
      vertex -0.938435 0.236444 5.99277
      vertex 0.938435 0.236444 5.99277
      vertex 0.915619 0.351816 5.99277
    endloop
  endfacet
  facet normal 0 -0 1
    outer loop
      vertex -0.952211 -0.118793 5.99277
      vertex 0.952211 -0.118793 5.99277
      vertex -0.95682 0 5.99277
    endloop
  endfacet
  facet normal 0 0 1
    outer loop
      vertex -0.915619 0.351816 5.99277
      vertex 0.915619 0.351816 5.99277
      vertex 0.883986 0.463801 5.99277
    endloop
  endfacet
  facet normal 0 0 1
    outer loop
      vertex 0.952211 -0.118793 5.99277
      vertex -0.952211 -0.118793 5.99277
      vertex 0.938435 -0.236444 5.99277
    endloop
  endfacet
  facet normal 0 0 1
    outer loop
      vertex -0.883986 0.463801 5.99277
      vertex 0.883986 0.463801 5.99277
      vertex 0.843839 0.571319 5.99277
    endloop
  endfacet
  facet normal 0 -0 1
    outer loop
      vertex -0.938435 -0.236444 5.99277
      vertex 0.938435 -0.236444 5.99277
      vertex -0.952211 -0.118793 5.99277
    endloop
  endfacet
  facet normal 0 0 1
    outer loop
      vertex -0.843839 0.571319 5.99277
      vertex 0.843839 0.571319 5.99277
      vertex 0.795566 0.673335 5.99277
    endloop
  endfacet
  facet normal 0 0 1
    outer loop
      vertex 0.938435 -0.236444 5.99277
      vertex -0.938435 -0.236444 5.99277
      vertex 0.915619 -0.351816 5.99277
    endloop
  endfacet
  facet normal 0 0 1
    outer loop
      vertex -0.795566 0.673335 5.99277
      vertex 0.795566 0.673335 5.99277
      vertex 0.739631 0.768867 5.99277
    endloop
  endfacet
  facet normal 0 -0 1
    outer loop
      vertex -0.915619 -0.351816 5.99277
      vertex 0.915619 -0.351816 5.99277
      vertex -0.938435 -0.236444 5.99277
    endloop
  endfacet
  facet normal 0 0 1
    outer loop
      vertex -0.739631 0.768867 5.99277
      vertex 0.739631 0.768867 5.99277
      vertex 0.676573 0.856993 5.99277
    endloop
  endfacet
  facet normal 0 0 1
    outer loop
      vertex 0.915619 -0.351816 5.99277
      vertex -0.915619 -0.351816 5.99277
      vertex 0.883986 -0.463801 5.99277
    endloop
  endfacet
  facet normal 0 0 1
    outer loop
      vertex -0.676573 0.856993 5.99277
      vertex 0.676573 0.856993 5.99277
      vertex 0.606999 0.936866 5.99277
    endloop
  endfacet
  facet normal 0 -0 1
    outer loop
      vertex -0.883986 -0.463801 5.99277
      vertex 0.883986 -0.463801 5.99277
      vertex -0.915619 -0.351816 5.99277
    endloop
  endfacet
  facet normal 0 0 1
    outer loop
      vertex -0.606999 0.936866 5.99277
      vertex 0.606999 0.936866 5.99277
      vertex 0.53158 1.00772 5.99277
    endloop
  endfacet
  facet normal 0 0 1
    outer loop
      vertex 0.883986 -0.463801 5.99277
      vertex -0.883986 -0.463801 5.99277
      vertex 0.843839 -0.571319 5.99277
    endloop
  endfacet
  facet normal 0 0 1
    outer loop
      vertex -0.53158 1.00772 5.99277
      vertex 0.53158 1.00772 5.99277
      vertex 0.451041 1.06886 5.99277
    endloop
  endfacet
  facet normal 0 -0 1
    outer loop
      vertex -0.843839 -0.571319 5.99277
      vertex 0.843839 -0.571319 5.99277
      vertex -0.883986 -0.463801 5.99277
    endloop
  endfacet
  facet normal 0 0 1
    outer loop
      vertex -0.451041 1.06886 5.99277
      vertex 0.451041 1.06886 5.99277
      vertex 0.366158 1.11972 5.99277
    endloop
  endfacet
  facet normal 0 0 1
    outer loop
      vertex 0.843839 -0.571319 5.99277
      vertex -0.843839 -0.571319 5.99277
      vertex 0.795566 -0.673335 5.99277
    endloop
  endfacet
  facet normal 0 0 1
    outer loop
      vertex -0.451041 1.06886 5.99277
      vertex 0.366158 1.11972 5.99277
      vertex 0.27775 1.15978 5.99277
    endloop
  endfacet
  facet normal 0 -0 1
    outer loop
      vertex -0.795566 -0.673335 5.99277
      vertex 0.795566 -0.673335 5.99277
      vertex -0.843839 -0.571319 5.99277
    endloop
  endfacet
  facet normal 0 0 1
    outer loop
      vertex -0.451041 1.06886 5.99277
      vertex 0.27775 1.15978 5.99277
      vertex 0.186666 1.18868 5.99277
    endloop
  endfacet
  facet normal 0 0 1
    outer loop
      vertex 0.795566 -0.673335 5.99277
      vertex -0.795566 -0.673335 5.99277
      vertex 0.739631 -0.768867 5.99277
    endloop
  endfacet
  facet normal 0 0 1
    outer loop
      vertex -0.451041 1.06886 5.99277
      vertex 0.186666 1.18868 5.99277
      vertex 0.0937843 1.20613 5.99277
    endloop
  endfacet
  facet normal 0 -0 1
    outer loop
      vertex -0.739631 -0.768867 5.99277
      vertex 0.739631 -0.768867 5.99277
      vertex -0.795566 -0.673335 5.99277
    endloop
  endfacet
  facet normal 0 0 1
    outer loop
      vertex -0.451041 1.06886 5.99277
      vertex 0.0937843 1.20613 5.99277
      vertex 0 1.21197 5.99277
    endloop
  endfacet
  facet normal 0 0 1
    outer loop
      vertex 0.952211 0.118793 5.99277
      vertex -0.952211 0.118793 5.99277
      vertex -0.95682 0 5.99277
    endloop
  endfacet
  facet normal 0 0 1
    outer loop
      vertex -0.451041 1.06886 5.99277
      vertex 0 1.21197 5.99277
      vertex -0.0937843 1.20613 5.99277
    endloop
  endfacet
  facet normal 0 0 1
    outer loop
      vertex 0.739631 -0.768867 5.99277
      vertex -0.739631 -0.768867 5.99277
      vertex 0.676573 -0.856993 5.99277
    endloop
  endfacet
  facet normal 0 0 1
    outer loop
      vertex -0.451041 1.06886 5.99277
      vertex -0.0937843 1.20613 5.99277
      vertex -0.186666 1.18868 5.99277
    endloop
  endfacet
  facet normal 0 -0 1
    outer loop
      vertex -0.676573 -0.856993 5.99277
      vertex 0.676573 -0.856993 5.99277
      vertex -0.739631 -0.768867 5.99277
    endloop
  endfacet
  facet normal 0 0 1
    outer loop
      vertex -0.366158 1.11972 5.99277
      vertex -0.186666 1.18868 5.99277
      vertex -0.27775 1.15978 5.99277
    endloop
  endfacet
  facet normal 0 0 1
    outer loop
      vertex 0.676573 -0.856993 5.99277
      vertex -0.676573 -0.856993 5.99277
      vertex 0.606999 -0.936866 5.99277
    endloop
  endfacet
  facet normal 0 0 1
    outer loop
      vertex -0.451041 1.06886 5.99277
      vertex -0.186666 1.18868 5.99277
      vertex -0.366158 1.11972 5.99277
    endloop
  endfacet
  facet normal 0 -0 1
    outer loop
      vertex -0.606999 -0.936866 5.99277
      vertex 0.606999 -0.936866 5.99277
      vertex -0.676573 -0.856993 5.99277
    endloop
  endfacet
  facet normal 0 0 1
    outer loop
      vertex 0.451041 1.06886 5.99277
      vertex -0.451041 1.06886 5.99277
      vertex -0.53158 1.00772 5.99277
    endloop
  endfacet
  facet normal 0 0 1
    outer loop
      vertex 0.606999 -0.936866 5.99277
      vertex -0.606999 -0.936866 5.99277
      vertex 0.53158 -1.00772 5.99277
    endloop
  endfacet
  facet normal 0 0 1
    outer loop
      vertex 0.53158 1.00772 5.99277
      vertex -0.53158 1.00772 5.99277
      vertex -0.606999 0.936866 5.99277
    endloop
  endfacet
  facet normal 0 -0 1
    outer loop
      vertex -0.53158 -1.00772 5.99277
      vertex 0.53158 -1.00772 5.99277
      vertex -0.606999 -0.936866 5.99277
    endloop
  endfacet
  facet normal 0 0 1
    outer loop
      vertex 0.606999 0.936866 5.99277
      vertex -0.606999 0.936866 5.99277
      vertex -0.676573 0.856993 5.99277
    endloop
  endfacet
  facet normal 0 0 1
    outer loop
      vertex 0.938435 0.236444 5.99277
      vertex -0.938435 0.236444 5.99277
      vertex -0.952211 0.118793 5.99277
    endloop
  endfacet
  facet normal 0 0 1
    outer loop
      vertex 0.676573 0.856993 5.99277
      vertex -0.676573 0.856993 5.99277
      vertex -0.739631 0.768867 5.99277
    endloop
  endfacet
  facet normal 0 -0 1
    outer loop
      vertex -0.451041 -1.06886 5.99277
      vertex 0.451041 -1.06886 5.99277
      vertex -0.53158 -1.00772 5.99277
    endloop
  endfacet
  facet normal 0 0 1
    outer loop
      vertex 0.739631 0.768867 5.99277
      vertex -0.739631 0.768867 5.99277
      vertex -0.795566 0.673335 5.99277
    endloop
  endfacet
  facet normal 0 0 1
    outer loop
      vertex 0.915619 0.351816 5.99277
      vertex -0.915619 0.351816 5.99277
      vertex -0.938435 0.236444 5.99277
    endloop
  endfacet
  facet normal 0 0 1
    outer loop
      vertex 0.795566 0.673335 5.99277
      vertex -0.795566 0.673335 5.99277
      vertex -0.843839 0.571319 5.99277
    endloop
  endfacet
  facet normal 0 0 1
    outer loop
      vertex 0.843839 0.571319 5.99277
      vertex -0.843839 0.571319 5.99277
      vertex -0.883986 0.463801 5.99277
    endloop
  endfacet
  facet normal 0 0 1
    outer loop
      vertex 0.883986 0.463801 5.99277
      vertex -0.883986 0.463801 5.99277
      vertex -0.915619 0.351816 5.99277
    endloop
  endfacet
  facet normal 0 0 1
    outer loop
      vertex -0.186666 -1.18868 5.99277
      vertex -0.366158 -1.11972 5.99277
      vertex -0.27775 -1.15978 5.99277
    endloop
  endfacet
  facet normal 0 0 1
    outer loop
      vertex 0.451041 -1.06886 5.99277
      vertex -0.451041 -1.06886 5.99277
      vertex 0.366158 -1.11972 5.99277
    endloop
  endfacet
  facet normal 0 0 1
    outer loop
      vertex -0.186666 -1.18868 5.99277
      vertex -0.451041 -1.06886 5.99277
      vertex -0.366158 -1.11972 5.99277
    endloop
  endfacet
  facet normal 0 0 1
    outer loop
      vertex 0 -1.21197 5.99277
      vertex -0.451041 -1.06886 5.99277
      vertex -0.0937843 -1.20613 5.99277
    endloop
  endfacet
  facet normal 0 0 1
    outer loop
      vertex -0.0937843 -1.20613 5.99277
      vertex -0.451041 -1.06886 5.99277
      vertex -0.186666 -1.18868 5.99277
    endloop
  endfacet
  facet normal 0 0 1
    outer loop
      vertex 0.186666 -1.18868 5.99277
      vertex -0.451041 -1.06886 5.99277
      vertex 0.0937843 -1.20613 5.99277
    endloop
  endfacet
  facet normal 0 0 1
    outer loop
      vertex 0.0937843 -1.20613 5.99277
      vertex -0.451041 -1.06886 5.99277
      vertex 0 -1.21197 5.99277
    endloop
  endfacet
  facet normal 0 0 1
    outer loop
      vertex 0.27775 -1.15978 5.99277
      vertex -0.451041 -1.06886 5.99277
      vertex 0.186666 -1.18868 5.99277
    endloop
  endfacet
  facet normal 0 0 1
    outer loop
      vertex 0.366158 -1.11972 5.99277
      vertex -0.451041 -1.06886 5.99277
      vertex 0.27775 -1.15978 5.99277
    endloop
  endfacet
  facet normal 0 0 1
    outer loop
      vertex 0.53158 -1.00772 5.99277
      vertex -0.53158 -1.00772 5.99277
      vertex 0.451041 -1.06886 5.99277
    endloop
  endfacet
  facet normal -0.0224718 -0.0160792 0.999618
    outer loop
      vertex -0.739631 -0.768867 5.99277
      vertex -2.21177 -2.29919 5.93506
      vertex -2.0232 -2.56273 5.93506
    endloop
  endfacet
  facet normal 0.0136748 0.0727803 0.997254
    outer loop
      vertex 0.643909 8.28111 5.64926
      vertex 0.464416 5.97271 5.82019
      vertex 1.28162 8.16129 5.64926
    endloop
  endfacet
  facet normal 0.0298142 0.158633 0.986887
    outer loop
      vertex 2.2662 14.4311 4.81924
      vertex 0.982622 12.6372 5.14637
      vertex 1.95578 12.4543 5.14637
    endloop
  endfacet
  facet normal -0.00622321 0.10011 0.994957
    outer loop
      vertex 0 10.5606 5.42393
      vertex -0.817201 10.5098 5.42393
      vertex -0.643909 8.28111 5.64926
    endloop
  endfacet
  facet normal 0.00800395 0.128757 0.991644
    outer loop
      vertex 0.982622 12.6372 5.14637
      vertex 0 10.5606 5.42393
      vertex 0.817201 10.5098 5.42393
    endloop
  endfacet
  facet normal 0.0697509 0.116429 0.990747
    outer loop
      vertex 4.72575 11.1989 5.14637
      vertex 3.19056 9.75673 5.42393
      vertex 3.93019 9.31363 5.42393
    endloop
  endfacet
  facet normal 0.0652181 0.0859047 0.994166
    outer loop
      vertex 4.63197 8.78083 5.42393
      vertex 3.09677 7.33862 5.64926
      vertex 3.64974 6.91881 5.64926
    endloop
  endfacet
  facet normal 0.0313924 0.0692651 0.997104
    outer loop
      vertex 2.51398 7.68777 5.64926
      vertex 1.3754 5.74318 5.82019
      vertex 1.8132 5.54476 5.82019
    endloop
  endfacet
  facet normal 0.0398357 0.0664951 0.996991
    outer loop
      vertex 2.51398 7.68777 5.64926
      vertex 1.8132 5.54476 5.82019
      vertex 2.23353 5.29295 5.82019
    endloop
  endfacet
  facet normal 0.00300326 0.0482616 0.99883
    outer loop
      vertex 0.464416 5.97271 5.82019
      vertex 0 6.00161 5.82019
      vertex 0.280451 3.60679 5.93506
    endloop
  endfacet
  facet normal 0.00300289 0.0482616 0.99883
    outer loop
      vertex 0 6.00161 5.82019
      vertex 0 3.62424 5.93506
      vertex 0.280451 3.60679 5.93506
    endloop
  endfacet
  facet normal -0.16228 -0.0062929 0.986725
    outer loop
      vertex -8.33732 0 5.42393
      vertex -9.97673 -1.24465 5.14637
      vertex -8.29718 -1.03512 5.42393
    endloop
  endfacet
  facet normal -0.126427 -0.0049026 0.991964
    outer loop
      vertex -6.53772 -0.815618 5.64926
      vertex -8.33732 0 5.42393
      vertex -8.29718 -1.03512 5.42393
    endloop
  endfacet
  facet normal -0.244809 -0.00950111 0.969525
    outer loop
      vertex -11.6161 0 4.81924
      vertex -13.0954 0 4.44571
      vertex -13.0323 -1.62586 4.44571
    endloop
  endfacet
  facet normal -0.162279 -0.00629351 0.986725
    outer loop
      vertex -8.33732 0 5.42393
      vertex -10.025 0 5.14637
      vertex -9.97673 -1.24465 5.14637
    endloop
  endfacet
  facet normal -0.0876255 0.0247514 0.995846
    outer loop
      vertex -4.37745 2.29672 5.82019
      vertex -6.28648 2.41551 5.64926
      vertex -4.53409 1.74218 5.82019
    endloop
  endfacet
  facet normal -0.0876254 0.0247524 0.995846
    outer loop
      vertex -6.06929 3.18438 5.64926
      vertex -6.28648 2.41551 5.64926
      vertex -4.37745 2.29672 5.82019
    endloop
  endfacet
  facet normal -0.160731 0.0188239 0.986819
    outer loop
      vertex -8.17712 2.06027 5.42393
      vertex -9.83238 2.47732 5.14637
      vertex -8.29718 1.03512 5.42393
    endloop
  endfacet
  facet normal -0.122808 0.0242846 0.992133
    outer loop
      vertex -6.28648 2.41551 5.64926
      vertex -7.97832 3.06558 5.42393
      vertex -6.44312 1.62338 5.64926
    endloop
  endfacet
  facet normal -0.0755507 0.0804212 0.993894
    outer loop
      vertex -4.63197 8.78083 5.42393
      vertex -5.28914 8.16346 5.42393
      vertex -3.64974 6.91881 5.64926
    endloop
  endfacet
  facet normal -0.0851466 0.0741663 0.993604
    outer loop
      vertex -4.16755 6.43236 5.64926
      vertex -5.28914 8.16346 5.42393
      vertex -4.64523 5.88396 5.64926
    endloop
  endfacet
  facet normal -0.109409 0.0953013 0.989418
    outer loop
      vertex -6.35979 9.81595 5.14637
      vertex -7.08875 8.97908 5.14637
      vertex -5.89538 7.46748 5.42393
    endloop
  endfacet
  facet normal -0.13597 0.118438 0.983608
    outer loop
      vertex -6.35979 9.81595 5.14637
      vertex -8.21385 10.4042 4.81924
      vertex -7.08875 8.97908 5.14637
    endloop
  endfacet
  facet normal -0.101778 0.0595922 0.993021
    outer loop
      vertex -6.44484 6.69958 5.42393
      vertex -6.93223 5.86716 5.42393
      vertex -5.46222 4.623 5.64926
    endloop
  endfacet
  facet normal -0.108657 0.0514156 0.992749
    outer loop
      vertex -6.93223 5.86716 5.42393
      vertex -7.35286 4.97824 5.42393
      vertex -5.46222 4.623 5.64926
    endloop
  endfacet
  facet normal -0.0524707 0.024828 0.998314
    outer loop
      vertex -3.9396 3.33432 5.82019
      vertex -4.17864 2.82914 5.82019
      vertex -2.52339 1.70846 5.93506
    endloop
  endfacet
  facet normal -0.0798451 0.0377809 0.996091
    outer loop
      vertex -3.9396 3.33432 5.82019
      vertex -5.79365 3.92258 5.64926
      vertex -4.17864 2.82914 5.82019
    endloop
  endfacet
  facet normal -0.13073 0.0765452 0.988459
    outer loop
      vertex -7.74943 8.05574 5.14637
      vertex -8.33549 7.05482 5.14637
      vertex -6.44484 6.69958 5.42393
    endloop
  endfacet
  facet normal -0.162382 0.0950781 0.982137
    outer loop
      vertex -7.74943 8.05574 5.14637
      vertex -9.65846 8.17453 4.81924
      vertex -8.33549 7.05482 5.14637
    endloop
  endfacet
  facet normal -0.197667 0.115729 0.973414
    outer loop
      vertex -10.1229 10.523 4.44571
      vertex -10.8884 9.21552 4.44571
      vertex -8.97939 9.33432 4.81924
    endloop
  endfacet
  facet normal -0.197667 0.115736 0.973413
    outer loop
      vertex -8.97939 9.33432 4.81924
      vertex -10.8884 9.21552 4.44571
      vertex -9.65846 8.17453 4.81924
    endloop
  endfacet
  facet normal -0.0867475 0.144791 0.985652
    outer loop
      vertex -4.4453 13.5938 4.81924
      vertex -5.47581 12.9764 4.81924
      vertex -3.8364 11.7317 5.14637
    endloop
  endfacet
  facet normal -0.0396524 0.125012 0.991363
    outer loop
      vertex -1.95578 12.4543 5.14637
      vertex -2.9101 12.1516 5.14637
      vertex -2.4202 10.1059 5.42393
    endloop
  endfacet
  facet normal -0.120702 0.128482 0.984339
    outer loop
      vertex -5.56959 10.5583 5.14637
      vertex -7.3692 11.3739 4.81924
      vertex -6.35979 9.81595 5.14637
    endloop
  endfacet
  facet normal -0.0970981 0.103357 0.989894
    outer loop
      vertex -5.56959 10.5583 5.14637
      vertex -6.35979 9.81595 5.14637
      vertex -4.63197 8.78083 5.42393
    endloop
  endfacet
  facet normal -0.00300289 0.0482616 0.99883
    outer loop
      vertex 0 6.00161 5.82019
      vertex -0.280451 3.60679 5.93506
      vertex 0 3.62424 5.93506
    endloop
  endfacet
  facet normal -0.0186319 0.099141 0.994899
    outer loop
      vertex -0.817201 10.5098 5.42393
      vertex -1.62653 10.3577 5.42393
      vertex -1.28162 8.16129 5.64926
    endloop
  endfacet
  facet normal -0.047894 0.0630836 0.996858
    outer loop
      vertex -2.23353 5.29295 5.82019
      vertex -3.64974 6.91881 5.64926
      vertex -2.63235 4.99016 5.82019
    endloop
  endfacet
  facet normal -0.0554865 0.0590654 0.996711
    outer loop
      vertex -2.63235 4.99016 5.82019
      vertex -3.64974 6.91881 5.64926
      vertex -3.00583 4.63931 5.82019
    endloop
  endfacet
  facet normal -0.0313924 0.0692651 0.997104
    outer loop
      vertex -1.3754 5.74318 5.82019
      vertex -2.51398 7.68777 5.64926
      vertex -1.8132 5.54476 5.82019
    endloop
  endfacet
  facet normal -0.00300326 0.0482616 0.99883
    outer loop
      vertex 0 6.00161 5.82019
      vertex -0.464416 5.97271 5.82019
      vertex -0.280451 3.60679 5.93506
    endloop
  endfacet
  facet normal -0.0398357 0.0664951 0.996991
    outer loop
      vertex -1.8132 5.54476 5.82019
      vertex -2.51398 7.68777 5.64926
      vertex -2.23353 5.29295 5.82019
    endloop
  endfacet
  facet normal -0.0261648 0.0436752 0.998703
    outer loop
      vertex -1.8132 5.54476 5.82019
      vertex -2.23353 5.29295 5.82019
      vertex -1.34878 3.1963 5.93506
    endloop
  endfacet
  facet normal -0.323164 0.425654 0.845212
    outer loop
      vertex -8.65489 20.5101 2.02134
      vertex -10.2003 19.3368 2.02134
      vertex -8.30968 19.692 2.56533
    endloop
  endfacet
  facet normal -0.395198 0.520534 0.756877
    outer loop
      vertex -8.65489 20.5101 2.02134
      vertex -10.5089 19.9218 1.45788
      vertex -10.2003 19.3368 2.02134
    endloop
  endfacet
  facet normal -0.319053 0.119126 0.94022
    outer loop
      vertex -12.7425 8.62726 4.02935
      vertex -14.4703 7.59214 3.57419
      vertex -13.3487 7.00368 4.02935
    endloop
  endfacet
  facet normal -0.285865 0.0565265 0.956601
    outer loop
      vertex -13.8264 5.31264 4.02935
      vertex -14.1709 3.57044 4.02935
      vertex -12.5315 4.8151 4.44571
    endloop
  endfacet
  facet normal -0.147092 0.156568 0.976653
    outer loop
      vertex -6.45358 12.2341 4.81924
      vertex -8.30763 12.8223 4.44571
      vertex -7.3692 11.3739 4.81924
    endloop
  endfacet
  facet normal -0.120703 0.12848 0.984339
    outer loop
      vertex -6.45358 12.2341 4.81924
      vertex -7.3692 11.3739 4.81924
      vertex -5.56959 10.5583 5.14637
    endloop
  endfacet
  facet normal -0.239072 0.208257 0.948406
    outer loop
      vertex -9.93621 15.3359 3.57419
      vertex -10.2167 12.9411 4.02935
      vertex -9.16606 14.1472 4.02935
    endloop
  endfacet
  facet normal -0.23907 0.208257 0.948406
    outer loop
      vertex -9.93621 15.3359 3.57419
      vertex -11.0751 14.0285 3.57419
      vertex -10.2167 12.9411 4.02935
    endloop
  endfacet
  facet normal 0.100658 0.222093 0.969816
    outer loop
      vertex 4.19419 17.5134 4.02935
      vertex 3.80139 15.8733 4.44571
      vertex 5.01139 15.3249 4.44571
    endloop
  endfacet
  facet normal 0.0834126 0.184043 0.979372
    outer loop
      vertex 3.80139 15.8733 4.44571
      vertex 3.37199 14.0802 4.81924
      vertex 5.01139 15.3249 4.44571
    endloop
  endfacet
  facet normal 0.0438956 0.233673 0.971324
    outer loop
      vertex 1.4162 18.2134 4.02935
      vertex 1.28357 16.5076 4.44571
      vertex 2.55479 16.2688 4.44571
    endloop
  endfacet
  facet normal 0.0363615 0.193566 0.980413
    outer loop
      vertex 1.28357 16.5076 4.44571
      vertex 1.13858 14.6429 4.81924
      vertex 2.55479 16.2688 4.44571
    endloop
  endfacet
  facet normal -0.0121733 0.19549 0.98063
    outer loop
      vertex 0 14.7138 4.81924
      vertex -1.28357 16.5076 4.44571
      vertex -1.13858 14.6429 4.81924
    endloop
  endfacet
  facet normal -0.029798 0.158644 0.986886
    outer loop
      vertex -1.13858 14.6429 4.81924
      vertex -2.2662 14.4311 4.81924
      vertex -0.982622 12.6372 5.14637
    endloop
  endfacet
  facet normal 0.242499 0.0284043 0.969736
    outer loop
      vertex 12.8438 3.23606 4.44571
      vertex 11.3929 2.87051 4.81924
      vertex 11.5602 1.4422 4.81924
    endloop
  endfacet
  facet normal 0.242517 0.0283906 0.969732
    outer loop
      vertex 12.8438 3.23606 4.44571
      vertex 11.5602 1.4422 4.81924
      vertex 13.0323 1.62586 4.44571
    endloop
  endfacet
  facet normal 0.821425 0.16246 0.546688
    outer loop
      vertex 18.9183 4.76657 0.880383
      vertex 18.1011 6.95515 1.45788
      vertex 18.5522 4.67432 1.45788
    endloop
  endfacet
  facet normal 0.821366 0.162411 0.546791
    outer loop
      vertex 18.4584 7.09243 0.880383
      vertex 18.1011 6.95515 1.45788
      vertex 18.9183 4.76657 0.880383
    endloop
  endfacet
  facet normal -0.456216 0.326428 0.827835
    outer loop
      vertex -12.9826 16.4446 2.02134
      vertex -14.1926 14.7535 2.02134
      vertex -13.6265 14.1651 2.56533
    endloop
  endfacet
  facet normal -0.314955 0.225355 0.921964
    outer loop
      vertex -11.8269 14.9807 3.08462
      vertex -12.1073 12.5859 3.57419
      vertex -11.0751 14.0285 3.57419
    endloop
  endfacet
  facet normal -0.303305 0.143527 0.942022
    outer loop
      vertex -12.0135 10.1678 4.02935
      vertex -13.0229 11.0221 3.57419
      vertex -12.7425 8.62726 4.02935
    endloop
  endfacet
  facet normal -0.253619 0.120015 0.95983
    outer loop
      vertex -12.0135 10.1678 4.02935
      vertex -12.7425 8.62726 4.02935
      vertex -10.8884 9.21552 4.44571
    endloop
  endfacet
  facet normal -0.362277 0.171425 0.916171
    outer loop
      vertex -13.0229 11.0221 3.57419
      vertex -14.7508 9.98696 3.08462
      vertex -13.8131 9.35215 3.57419
    endloop
  endfacet
  facet normal -0.38077 0.142182 0.913673
    outer loop
      vertex -13.8131 9.35215 3.57419
      vertex -14.7508 9.98696 3.08462
      vertex -14.4703 7.59214 3.57419
    endloop
  endfacet
  facet normal -0.362283 0.171437 0.916166
    outer loop
      vertex -13.9069 11.7703 3.08462
      vertex -14.7508 9.98696 3.08462
      vertex -13.0229 11.0221 3.57419
    endloop
  endfacet
  facet normal -0.340299 0.199244 0.918966
    outer loop
      vertex -12.1073 12.5859 3.57419
      vertex -13.9069 11.7703 3.08462
      vertex -13.0229 11.0221 3.57419
    endloop
  endfacet
  facet normal -0.237855 0.139267 0.961265
    outer loop
      vertex -11.1689 11.6103 4.02935
      vertex -12.0135 10.1678 4.02935
      vertex -10.8884 9.21552 4.44571
    endloop
  endfacet
  facet normal -0.284637 0.166658 0.944038
    outer loop
      vertex -11.1689 11.6103 4.02935
      vertex -13.0229 11.0221 3.57419
      vertex -12.0135 10.1678 4.02935
    endloop
  endfacet
  facet normal -0.331764 0.0937196 0.938696
    outer loop
      vertex -13.3487 7.00368 4.02935
      vertex -14.4703 7.59214 3.57419
      vertex -13.8264 5.31264 4.02935
    endloop
  endfacet
  facet normal -0.277715 0.0784514 0.957455
    outer loop
      vertex -13.3487 7.00368 4.02935
      vertex -13.8264 5.31264 4.02935
      vertex -12.5315 4.8151 4.44571
    endloop
  endfacet
  facet normal -0.10504 0.331108 0.937728
    outer loop
      vertex -3.05561 19.458 3.57419
      vertex -4.85522 20.2736 3.08462
      vertex -4.5466 18.985 3.57419
    endloop
  endfacet
  facet normal -0.105052 0.331086 0.937735
    outer loop
      vertex -3.26302 20.7788 3.08462
      vertex -4.85522 20.2736 3.08462
      vertex -3.05561 19.458 3.57419
    endloop
  endfacet
  facet normal -0.75406 0.656805 0
    outer loop
      vertex -13.772 17.4445 0
      vertex -12.3558 19.0704 0.294406
      vertex -12.3558 19.0704 0
    endloop
  endfacet
  facet normal -0.75406 0.656805 0
    outer loop
      vertex -12.3558 19.0704 0.294406
      vertex -13.772 17.4445 0
      vertex -13.772 17.4445 0.294406
    endloop
  endfacet
  facet normal -0.709696 0.618163 0.337945
    outer loop
      vertex -12.3558 19.0704 0.294406
      vertex -13.772 17.4445 0.294406
      vertex -13.6393 17.2765 0.880383
    endloop
  endfacet
  facet normal -0.323164 -0.425664 0.845207
    outer loop
      vertex -9.79348 -18.5655 2.56533
      vertex -10.2003 -19.3368 2.02134
      vertex -8.30968 -19.692 2.56533
    endloop
  endfacet
  facet normal -0.266067 -0.350458 0.897991
    outer loop
      vertex -9.2923 -17.6154 3.08462
      vertex -9.79348 -18.5655 2.56533
      vertex -8.30968 -19.692 2.56533
    endloop
  endfacet
  facet normal 0.143305 -0.762736 0.630633
    outer loop
      vertex 3.76309 -23.9632 0.880383
      vertex 1.85405 -23.8444 1.45788
      vertex 1.89065 -24.315 0.880383
    endloop
  endfacet
  facet normal 0.184692 -0.982796 0
    outer loop
      vertex 1.90903 -24.5515 0
      vertex 3.79968 -24.1962 0.294406
      vertex 1.90903 -24.5515 0.294406
    endloop
  endfacet
  facet normal 0.184692 -0.982796 0
    outer loop
      vertex 3.79968 -24.1962 0.294406
      vertex 1.90903 -24.5515 0
      vertex 3.79968 -24.1962 0
    endloop
  endfacet
  facet normal 0.405974 -0.677684 0.613131
    outer loop
      vertex 9.09274 -21.5477 0.880383
      vertex 7.23869 -22.1359 1.45788
      vertex 7.38156 -22.5728 0.880383
    endloop
  endfacet
  facet normal 0.405974 -0.677661 0.613156
    outer loop
      vertex 8.91676 -21.1306 1.45788
      vertex 7.23869 -22.1359 1.45788
      vertex 9.09274 -21.5477 0.880383
    endloop
  endfacet
  facet normal -0.0155913 0.0205382 0.999667
    outer loop
      vertex -0.451041 1.06886 5.99277
      vertex -1.34878 3.1963 5.93506
      vertex -0.53158 1.00772 5.99277
    endloop
  endfacet
  facet normal -0.0876254 -0.0247524 0.995846
    outer loop
      vertex -4.37745 -2.29672 5.82019
      vertex -6.28648 -2.41551 5.64926
      vertex -6.06929 -3.18438 5.64926
    endloop
  endfacet
  facet normal -0.0747798 -0.0437857 0.996238
    outer loop
      vertex -3.9396 -3.33432 5.82019
      vertex -5.46222 -4.623 5.64926
      vertex -3.66261 -3.80738 5.82019
    endloop
  endfacet
  facet normal -0.03146 -0.0414376 0.998646
    outer loop
      vertex -1.34878 -3.1963 5.93506
      vertex -2.63235 -4.99016 5.82019
      vertex -2.23353 -5.29295 5.82019
    endloop
  endfacet
  facet normal 0.0260124 -0.0123088 0.999586
    outer loop
      vertex 0.843839 -0.571319 5.99277
      vertex 0.795566 -0.673335 5.99277
      vertex 2.52339 -1.70846 5.93506
    endloop
  endfacet
  facet normal 0.0274149 -0.0102367 0.999572
    outer loop
      vertex 0.883986 -0.463801 5.99277
      vertex 0.843839 -0.571319 5.99277
      vertex 2.52339 -1.70846 5.93506
    endloop
  endfacet
  facet normal -0.0155913 -0.0205382 0.999667
    outer loop
      vertex -0.53158 -1.00772 5.99277
      vertex -1.34878 -3.1963 5.93506
      vertex -0.451041 -1.06886 5.99277
    endloop
  endfacet
  facet normal 0.0243594 -0.0142627 0.999602
    outer loop
      vertex 0.795566 -0.673335 5.99277
      vertex 0.739631 -0.768867 5.99277
      vertex 2.37904 -2.01352 5.93506
    endloop
  endfacet
  facet normal -0.00736976 -0.0232276 0.999703
    outer loop
      vertex -0.27775 -1.15978 5.99277
      vertex -0.830575 -3.46818 5.93506
      vertex -0.558201 -3.5546 5.93506
    endloop
  endfacet
  facet normal -0.010218 -0.0225453 0.999694
    outer loop
      vertex -0.27775 -1.15978 5.99277
      vertex -1.09495 -3.34836 5.93506
      vertex -0.830575 -3.46818 5.93506
    endloop
  endfacet
  facet normal -0.00736988 0.0232276 0.999703
    outer loop
      vertex -0.186666 1.18868 5.99277
      vertex -0.558201 3.5546 5.93506
      vertex -0.27775 1.15978 5.99277
    endloop
  endfacet
  facet normal 0.0313924 -0.0692651 0.997104
    outer loop
      vertex 1.8132 -5.54476 5.82019
      vertex 1.3754 -5.74318 5.82019
      vertex 2.51398 -7.68777 5.64926
    endloop
  endfacet
  facet normal 0.0136749 -0.0727803 0.997254
    outer loop
      vertex 0.924359 -5.88629 5.82019
      vertex 0.464416 -5.97271 5.82019
      vertex 1.28162 -8.16129 5.64926
    endloop
  endfacet
  facet normal 0.0652181 -0.0859047 0.994166
    outer loop
      vertex 3.64974 -6.91881 5.64926
      vertex 3.09677 -7.33862 5.64926
      vertex 4.63197 -8.78083 5.42393
    endloop
  endfacet
  facet normal 0.0478931 -0.0630844 0.996858
    outer loop
      vertex 3.64974 -6.91881 5.64926
      vertex 2.23353 -5.29295 5.82019
      vertex 3.09677 -7.33862 5.64926
    endloop
  endfacet
  facet normal 0.0148712 -0.0468698 0.99879
    outer loop
      vertex 1.3754 -5.74318 5.82019
      vertex 0.558201 -3.5546 5.93506
      vertex 0.924359 -5.88629 5.82019
    endloop
  endfacet
  facet normal 0.022644 -0.0713672 0.997193
    outer loop
      vertex 1.3754 -5.74318 5.82019
      vertex 0.924359 -5.88629 5.82019
      vertex 1.28162 -8.16129 5.64926
    endloop
  endfacet
  facet normal -0.00736976 0.0232276 0.999703
    outer loop
      vertex -0.558201 3.5546 5.93506
      vertex -0.830575 3.46818 5.93506
      vertex -0.27775 1.15978 5.99277
    endloop
  endfacet
  facet normal 0.0155913 0.0205382 0.999667
    outer loop
      vertex 1.34878 3.1963 5.93506
      vertex 0.451041 1.06886 5.99277
      vertex 0.53158 1.00772 5.99277
    endloop
  endfacet
  facet normal 0.00736988 0.0232276 0.999703
    outer loop
      vertex 0.558201 3.5546 5.93506
      vertex 0.186666 1.18868 5.99277
      vertex 0.27775 1.15978 5.99277
    endloop
  endfacet
  facet normal 0.0294171 -0.00581765 0.99955
    outer loop
      vertex 2.80627 -0.707054 5.93506
      vertex 0.938435 -0.236444 5.99277
      vertex 2.73804 -1.05206 5.93506
    endloop
  endfacet
  facet normal 0.0593316 -0.0117337 0.998169
    outer loop
      vertex 2.80627 -0.707054 5.93506
      vertex 2.73804 -1.05206 5.93506
      vertex 4.64707 -1.17086 5.82019
    endloop
  endfacet
  facet normal 0.0610885 0.00236796 0.99813
    outer loop
      vertex 4.73811 0 5.82019
      vertex 2.84747 0.355237 5.93506
      vertex 2.86124 0 5.93506
    endloop
  endfacet
  facet normal 0.0302893 0.0011741 0.99954
    outer loop
      vertex 2.84747 0.355237 5.93506
      vertex 0.95682 0 5.99277
      vertex 2.86124 0 5.93506
    endloop
  endfacet
  facet normal -0.197667 -0.115729 0.973414
    outer loop
      vertex -8.97939 -9.33432 4.81924
      vertex -10.8884 -9.21552 4.44571
      vertex -10.1229 -10.523 4.44571
    endloop
  endfacet
  facet normal -0.219769 -0.157247 0.962795
    outer loop
      vertex -9.25985 -11.7291 4.44571
      vertex -11.1689 -11.6103 4.02935
      vertex -10.2167 -12.9411 4.02935
    endloop
  endfacet
  facet normal -0.231071 -0.0652659 0.970745
    outer loop
      vertex -10.7319 -5.63072 4.81924
      vertex -12.5315 -4.8151 4.44571
      vertex -12.0986 -6.34776 4.44571
    endloop
  endfacet
  facet normal -0.27773 -0.078445 0.957451
    outer loop
      vertex -12.5315 -4.8151 4.44571
      vertex -13.3487 -7.00368 4.02935
      vertex -12.0986 -6.34776 4.44571
    endloop
  endfacet
  facet normal -0.114489 -0.0427493 0.992504
    outer loop
      vertex -6.06929 -3.18438 5.64926
      vertex -7.70268 -4.04137 5.42393
      vertex -7.35286 -4.97824 5.42393
    endloop
  endfacet
  facet normal -0.147007 -0.0548913 0.987611
    outer loop
      vertex -7.70268 -4.04137 5.42393
      vertex -9.2619 -4.85944 5.14637
      vertex -7.35286 -4.97824 5.42393
    endloop
  endfacet
  facet normal -0.120656 -0.0863333 0.988933
    outer loop
      vertex -6.44484 -6.69958 5.42393
      vertex -7.74943 -8.05574 5.14637
      vertex -7.08875 -8.97908 5.14637
    endloop
  endfacet
  facet normal -0.149907 -0.107264 0.982864
    outer loop
      vertex -7.74943 -8.05574 5.14637
      vertex -8.21385 -10.4042 4.81924
      vertex -7.08875 -8.97908 5.14637
    endloop
  endfacet
  facet normal -0.120909 -0.266777 0.956144
    outer loop
      vertex -4.19419 -17.5134 4.02935
      vertex -5.9938 -18.3291 3.57419
      vertex -4.5466 -18.985 3.57419
    endloop
  endfacet
  facet normal -0.153215 -0.255722 0.954532
    outer loop
      vertex -6.811 -16.1405 4.02935
      vertex -7.38327 -17.4966 3.57419
      vertex -5.9938 -18.3291 3.57419
    endloop
  endfacet
  facet normal -0.0524704 -0.0248282 0.998314
    outer loop
      vertex -2.52339 -1.70846 5.93506
      vertex -3.9396 -3.33432 5.82019
      vertex -2.37904 -2.01352 5.93506
    endloop
  endfacet
  facet normal -0.0593316 -0.011733 0.998169
    outer loop
      vertex -2.73804 -1.05206 5.93506
      vertex -4.64707 -1.17086 5.82019
      vertex -4.53409 -1.74218 5.82019
    endloop
  endfacet
  facet normal -0.0689952 -0.0493685 0.996395
    outer loop
      vertex -3.66261 -3.80738 5.82019
      vertex -4.64523 -5.88396 5.64926
      vertex -3.35035 -4.24378 5.82019
    endloop
  endfacet
  facet normal -0.0747802 -0.043785 0.996238
    outer loop
      vertex -3.66261 -3.80738 5.82019
      vertex -5.46222 -4.623 5.64926
      vertex -5.07818 -5.2789 5.64926
    endloop
  endfacet
  facet normal 0.00445001 0.0236862 0.99971
    outer loop
      vertex 0.280451 3.60679 5.93506
      vertex 0.0937843 1.20613 5.99277
      vertex 0.186666 1.18868 5.99277
    endloop
  endfacet
  facet normal 0.0224715 0.0160794 0.999618
    outer loop
      vertex 2.0232 2.56273 5.93506
      vertex 0.676573 0.856993 5.99277
      vertex 0.739631 0.768867 5.99277
    endloop
  endfacet
  facet normal -0.201378 -0.00780546 0.979482
    outer loop
      vertex -9.97673 -1.24465 5.14637
      vertex -11.6161 0 4.81924
      vertex -11.5602 -1.4422 4.81924
    endloop
  endfacet
  facet normal -0.201381 -0.00780997 0.979482
    outer loop
      vertex -10.025 0 5.14637
      vertex -11.6161 0 4.81924
      vertex -9.97673 -1.24465 5.14637
    endloop
  endfacet
  facet normal -0.125216 -0.0146647 0.992021
    outer loop
      vertex -6.44312 -1.62338 5.64926
      vertex -8.29718 -1.03512 5.42393
      vertex -8.17712 -2.06027 5.42393
    endloop
  endfacet
  facet normal -0.160731 -0.0188239 0.986819
    outer loop
      vertex -8.29718 -1.03512 5.42393
      vertex -9.83238 -2.47732 5.14637
      vertex -8.17712 -2.06027 5.42393
    endloop
  endfacet
  facet normal -0.407906 -0.238847 0.881229
    outer loop
      vertex -12.9291 -13.4402 3.08462
      vertex -13.9069 -11.7703 3.08462
      vertex -13.6265 -14.1651 2.56533
    endloop
  endfacet
  facet normal -0.340306 -0.199264 0.918959
    outer loop
      vertex -12.1073 -12.5859 3.57419
      vertex -13.9069 -11.7703 3.08462
      vertex -12.9291 -13.4402 3.08462
    endloop
  endfacet
  facet normal -0.175694 -0.387656 0.904906
    outer loop
      vertex -4.85522 -20.2736 3.08462
      vertex -6.74586 -20.6289 2.56533
      vertex -5.11708 -21.3671 2.56533
    endloop
  endfacet
  facet normal -0.214171 -0.472595 0.85486
    outer loop
      vertex -6.74586 -20.6289 2.56533
      vertex -7.02611 -21.4859 2.02134
      vertex -5.32966 -22.2547 2.02134
    endloop
  endfacet
  facet normal 0.0388777 -0.624621 0.77996
    outer loop
      vertex 1.79961 -23.1442 2.02134
      vertex 0 -23.9598 1.45788
      vertex 1.85405 -23.8444 1.45788
    endloop
  endfacet
  facet normal -0.0314398 -0.505625 0.86218
    outer loop
      vertex 0 -22.3285 2.56533
      vertex -1.79961 -23.1442 2.02134
      vertex 0 -23.2561 2.02134
    endloop
  endfacet
  facet normal -0.23907 -0.208257 0.948406
    outer loop
      vertex -10.2167 -12.9411 4.02935
      vertex -11.0751 -14.0285 3.57419
      vertex -9.93621 -15.3359 3.57419
    endloop
  endfacet
  facet normal -0.263173 -0.188304 0.946193
    outer loop
      vertex -10.2167 -12.9411 4.02935
      vertex -12.1073 -12.5859 3.57419
      vertex -11.0751 -14.0285 3.57419
    endloop
  endfacet
  facet normal -0.212563 -0.226267 0.950589
    outer loop
      vertex -8.02718 -15.2171 4.02935
      vertex -9.93621 -15.3359 3.57419
      vertex -8.70164 -16.4957 3.57419
    endloop
  endfacet
  facet normal -0.254904 -0.271337 0.928116
    outer loop
      vertex -8.70164 -16.4957 3.57419
      vertex -9.93621 -15.3359 3.57419
      vertex -9.2923 -17.6154 3.08462
    endloop
  endfacet
  facet normal -0.0481005 0.772797 0.632827
    outer loop
      vertex 0 24.4327 0.880383
      vertex -1.85405 23.8444 1.45788
      vertex 0 23.9598 1.45788
    endloop
  endfacet
  facet normal -0.0388777 0.624621 0.77996
    outer loop
      vertex 0 23.9598 1.45788
      vertex -1.85405 23.8444 1.45788
      vertex -1.79961 23.1442 2.02134
    endloop
  endfacet
  facet normal -0.0527943 0.280909 0.958281
    outer loop
      vertex -1.4162 18.2134 4.02935
      vertex -3.05561 19.458 3.57419
      vertex -2.81877 17.9498 4.02935
    endloop
  endfacet
  facet normal -0.0873241 0.275223 0.957406
    outer loop
      vertex -3.05561 19.458 3.57419
      vertex -4.19419 17.5134 4.02935
      vertex -2.81877 17.9498 4.02935
    endloop
  endfacet
  facet normal -0.254904 0.271337 0.928116
    outer loop
      vertex -9.2923 17.6154 3.08462
      vertex -9.93621 15.3359 3.57419
      vertex -8.70164 16.4957 3.57419
    endloop
  endfacet
  facet normal -0.212563 0.226267 0.950589
    outer loop
      vertex -8.70164 16.4957 3.57419
      vertex -9.93621 15.3359 3.57419
      vertex -8.02718 15.2171 4.02935
    endloop
  endfacet
  facet normal 0.0212523 0.34158 0.939612
    outer loop
      vertex 0 21.1859 3.08462
      vertex 0 19.8392 3.57419
      vertex 1.63941 21.0839 3.08462
    endloop
  endfacet
  facet normal 0.0257342 0.413617 0.910087
    outer loop
      vertex 0 22.3285 2.56533
      vertex 0 21.1859 3.08462
      vertex 1.63941 21.0839 3.08462
    endloop
  endfacet
  facet normal 0.591167 -0.0692217 0.803573
    outer loop
      vertex 17.5429 -2.18858 2.56533
      vertex 17.2891 -4.35608 2.56533
      vertex 18.2717 -2.2795 2.02134
    endloop
  endfacet
  facet normal 0.596147 -0.0231259 0.802542
    outer loop
      vertex 17.6278 0 2.56533
      vertex 17.5429 -2.18858 2.56533
      vertex 18.2717 -2.2795 2.02134
    endloop
  endfacet
  facet normal 0.494422 -0.0579148 0.86729
    outer loop
      vertex 16.6452 -2.07658 3.08462
      vertex 16.4043 -4.13316 3.08462
      vertex 17.2891 -4.35608 2.56533
    endloop
  endfacet
  facet normal 0.414456 -0.0485479 0.908773
    outer loop
      vertex 16.6452 -2.07658 3.08462
      vertex 15.3616 -3.87044 3.57419
      vertex 16.4043 -4.13316 3.08462
    endloop
  endfacet
  facet normal 0.0388353 -0.624562 0.780009
    outer loop
      vertex 0 -23.2561 2.02134
      vertex 0 -23.9598 1.45788
      vertex 1.79961 -23.1442 2.02134
    endloop
  endfacet
  facet normal -0.0388353 -0.624562 0.780009
    outer loop
      vertex 0 -23.2561 2.02134
      vertex -1.79961 -23.1442 2.02134
      vertex 0 -23.9598 1.45788
    endloop
  endfacet
  facet normal -0.0575943 -0.925154 0.375198
    outer loop
      vertex -1.89065 -24.315 0.880383
      vertex -1.90903 -24.5515 0.294406
      vertex 0 -24.4327 0.880383
    endloop
  endfacet
  facet normal -0.0481104 -0.772811 0.63281
    outer loop
      vertex -1.85405 -23.8444 1.45788
      vertex -1.89065 -24.315 0.880383
      vertex 0 -24.4327 0.880383
    endloop
  endfacet
  facet normal 0.0575943 -0.925154 0.375198
    outer loop
      vertex 1.89065 -24.315 0.880383
      vertex 0 -24.4327 0.880383
      vertex 1.90903 -24.5515 0.294406
    endloop
  endfacet
  facet normal -0.00457325 -0.0734904 0.997285
    outer loop
      vertex -0.464416 -5.97271 5.82019
      vertex -0.643909 -8.28111 5.64926
      vertex 0 -8.32118 5.64926
    endloop
  endfacet
  facet normal -0.0136748 -0.0727803 0.997254
    outer loop
      vertex -0.464416 -5.97271 5.82019
      vertex -1.28162 -8.16129 5.64926
      vertex -0.643909 -8.28111 5.64926
    endloop
  endfacet
  facet normal -0.00148929 -0.0239165 0.999713
    outer loop
      vertex -0.0937843 -1.20613 5.99277
      vertex -0.280451 -3.60679 5.93506
      vertex 0 -1.21197 5.99277
    endloop
  endfacet
  facet normal -0.00445001 -0.0236862 0.99971
    outer loop
      vertex -0.186666 -1.18868 5.99277
      vertex -0.280451 -3.60679 5.93506
      vertex -0.0937843 -1.20613 5.99277
    endloop
  endfacet
  facet normal -0.0206177 -0.0454917 0.998752
    outer loop
      vertex -1.09495 -3.34836 5.93506
      vertex -1.8132 -5.54476 5.82019
      vertex -0.830575 -3.46818 5.93506
    endloop
  endfacet
  facet normal -0.0261643 -0.0436754 0.998703
    outer loop
      vertex -1.34878 -3.1963 5.93506
      vertex -1.8132 -5.54476 5.82019
      vertex -1.09495 -3.34836 5.93506
    endloop
  endfacet
  facet normal -0.0396524 -0.125012 0.991363
    outer loop
      vertex -2.4202 -10.1059 5.42393
      vertex -2.9101 -12.1516 5.14637
      vertex -1.95578 -12.4543 5.14637
    endloop
  endfacet
  facet normal -0.0549886 -0.121305 0.991091
    outer loop
      vertex -3.19056 -9.75673 5.42393
      vertex -3.8364 -11.7317 5.14637
      vertex -2.9101 -12.1516 5.14637
    endloop
  endfacet
  facet normal -0.0239621 -0.127503 0.991549
    outer loop
      vertex -0.817201 -10.5098 5.42393
      vertex -1.62653 -10.3577 5.42393
      vertex -0.982622 -12.6372 5.14637
    endloop
  endfacet
  facet normal -0.00800395 -0.128757 0.991644
    outer loop
      vertex -0.817201 -10.5098 5.42393
      vertex -0.982622 -12.6372 5.14637
      vertex 0 -10.5606 5.42393
    endloop
  endfacet
  facet normal -0.0239637 -0.127504 0.991549
    outer loop
      vertex -1.62653 -10.3577 5.42393
      vertex -1.95578 -12.4543 5.14637
      vertex -0.982622 -12.6372 5.14637
    endloop
  endfacet
  facet normal -0.0396619 -0.125014 0.991362
    outer loop
      vertex -1.62653 -10.3577 5.42393
      vertex -2.4202 -10.1059 5.42393
      vertex -1.95578 -12.4543 5.14637
    endloop
  endfacet
  facet normal -0.147092 -0.156568 0.976653
    outer loop
      vertex -7.3692 -11.3739 4.81924
      vertex -8.30763 -12.8223 4.44571
      vertex -6.45358 -12.2341 4.81924
    endloop
  endfacet
  facet normal -0.182545 -0.130618 0.974482
    outer loop
      vertex -8.97939 -9.33432 4.81924
      vertex -9.25985 -11.7291 4.44571
      vertex -8.21385 -10.4042 4.81924
    endloop
  endfacet
  facet normal -0.135971 -0.118436 0.983608
    outer loop
      vertex -6.35979 -9.81595 5.14637
      vertex -8.21385 -10.4042 4.81924
      vertex -7.3692 -11.3739 4.81924
    endloop
  endfacet
  facet normal -0.165636 -0.144276 0.975576
    outer loop
      vertex -8.21385 -10.4042 4.81924
      vertex -9.25985 -11.7291 4.44571
      vertex -7.3692 -11.3739 4.81924
    endloop
  endfacet
  facet normal -0.153219 -0.201799 0.967368
    outer loop
      vertex -6.17313 -14.6289 4.44571
      vertex -8.02718 -15.2171 4.02935
      vertex -6.811 -16.1405 4.02935
    endloop
  endfacet
  facet normal -0.183862 -0.242159 0.952656
    outer loop
      vertex -6.811 -16.1405 4.02935
      vertex -8.02718 -15.2171 4.02935
      vertex -7.38327 -17.4966 3.57419
    endloop
  endfacet
  facet normal 0.0314601 -0.0414375 0.998646
    outer loop
      vertex 1.58962 -3.01345 5.93506
      vertex 1.34878 -3.1963 5.93506
      vertex 2.63235 -4.99016 5.82019
    endloop
  endfacet
  facet normal 0.03146 -0.0414376 0.998646
    outer loop
      vertex 2.63235 -4.99016 5.82019
      vertex 1.34878 -3.1963 5.93506
      vertex 2.23353 -5.29295 5.82019
    endloop
  endfacet
  facet normal 0.0798449 -0.0377816 0.996091
    outer loop
      vertex 5.79365 -3.92258 5.64926
      vertex 3.9396 -3.33432 5.82019
      vertex 5.46222 -4.623 5.64926
    endloop
  endfacet
  facet normal 0.0798451 -0.0377809 0.996091
    outer loop
      vertex 4.17864 -2.82914 5.82019
      vertex 3.9396 -3.33432 5.82019
      vertex 5.79365 -3.92258 5.64926
    endloop
  endfacet
  facet normal 0.0939162 -0.0672004 0.99331
    outer loop
      vertex 6.44484 -6.69958 5.42393
      vertex 4.64523 -5.88396 5.64926
      vertex 5.89538 -7.46748 5.42393
    endloop
  endfacet
  facet normal 0.0939157 -0.0672013 0.99331
    outer loop
      vertex 5.07818 -5.2789 5.64926
      vertex 4.64523 -5.88396 5.64926
      vertex 6.44484 -6.69958 5.42393
    endloop
  endfacet
  facet normal 0.0410898 -0.0357912 0.998514
    outer loop
      vertex 2.0232 -2.56273 5.93506
      vertex 1.81515 -2.80158 5.93506
      vertex 3.00583 -4.63931 5.82019
    endloop
  endfacet
  facet normal 0.0876254 0.0247524 0.995846
    outer loop
      vertex 6.06929 3.18438 5.64926
      vertex 4.37745 2.29672 5.82019
      vertex 6.28648 2.41551 5.64926
    endloop
  endfacet
  facet normal 0.11922 0.0336773 0.992297
    outer loop
      vertex 7.70268 4.04137 5.42393
      vertex 6.06929 3.18438 5.64926
      vertex 6.28648 2.41551 5.64926
    endloop
  endfacet
  facet normal 0.0294171 0.00581754 0.99955
    outer loop
      vertex 2.73804 1.05206 5.93506
      vertex 0.915619 0.351816 5.99277
      vertex 0.938435 0.236444 5.99277
    endloop
  endfacet
  facet normal 0.0285536 0.00806568 0.99956
    outer loop
      vertex 2.73804 1.05206 5.93506
      vertex 0.883986 0.463801 5.99277
      vertex 0.915619 0.351816 5.99277
    endloop
  endfacet
  facet normal -0.0453327 0.0324368 0.998445
    outer loop
      vertex -2.0232 2.56273 5.93506
      vertex -3.66261 3.80738 5.82019
      vertex -2.21177 2.29919 5.93506
    endloop
  endfacet
  facet normal -0.0224718 0.0160792 0.999618
    outer loop
      vertex -2.0232 2.56273 5.93506
      vertex -2.21177 2.29919 5.93506
      vertex -0.739631 0.768867 5.99277
    endloop
  endfacet
  facet normal 0.024359 -0.0142631 0.999602
    outer loop
      vertex 2.37904 -2.01352 5.93506
      vertex 0.739631 -0.768867 5.99277
      vertex 2.21177 -2.29919 5.93506
    endloop
  endfacet
  facet normal 0.0206177 0.0454917 0.998752
    outer loop
      vertex 1.8132 5.54476 5.82019
      vertex 0.830575 3.46818 5.93506
      vertex 1.09495 3.34836 5.93506
    endloop
  endfacet
  facet normal 0.010218 0.0225453 0.999694
    outer loop
      vertex 0.830575 3.46818 5.93506
      vertex 0.27775 1.15978 5.99277
      vertex 1.09495 3.34836 5.93506
    endloop
  endfacet
  facet normal -0.0155926 -0.0205378 0.999667
    outer loop
      vertex -0.53158 -1.00772 5.99277
      vertex -1.58962 -3.01345 5.93506
      vertex -1.34878 -3.1963 5.93506
    endloop
  endfacet
  facet normal 0.109409 0.0953014 0.989418
    outer loop
      vertex 6.35979 9.81595 5.14637
      vertex 5.28914 8.16346 5.42393
      vertex 5.89538 7.46748 5.42393
    endloop
  endfacet
  facet normal 0.0970978 0.103357 0.989894
    outer loop
      vertex 6.35979 9.81595 5.14637
      vertex 4.63197 8.78083 5.42393
      vertex 5.28914 8.16346 5.42393
    endloop
  endfacet
  facet normal -0.0285536 0.00806568 0.99956
    outer loop
      vertex -0.883986 0.463801 5.99277
      vertex -2.73804 1.05206 5.93506
      vertex -0.915619 0.351816 5.99277
    endloop
  endfacet
  facet normal -0.0575908 0.0162688 0.998208
    outer loop
      vertex -2.64344 1.38694 5.93506
      vertex -4.37745 2.29672 5.82019
      vertex -2.73804 1.05206 5.93506
    endloop
  endfacet
  facet normal -0.0294171 -0.00581754 0.99955
    outer loop
      vertex -0.938435 -0.236444 5.99277
      vertex -2.73804 -1.05206 5.93506
      vertex -0.915619 -0.351816 5.99277
    endloop
  endfacet
  facet normal -0.0243594 -0.0142627 0.999602
    outer loop
      vertex -0.795566 -0.673335 5.99277
      vertex -2.37904 -2.01352 5.93506
      vertex -0.739631 -0.768867 5.99277
    endloop
  endfacet
  facet normal -0.0203674 0.0177411 0.999635
    outer loop
      vertex -0.606999 0.936866 5.99277
      vertex -2.0232 2.56273 5.93506
      vertex -0.676573 0.856993 5.99277
    endloop
  endfacet
  facet normal -0.024359 0.0142631 0.999602
    outer loop
      vertex -2.21177 2.29919 5.93506
      vertex -2.37904 2.01352 5.93506
      vertex -0.739631 0.768867 5.99277
    endloop
  endfacet
  facet normal 0.0129693 0.0216451 0.999682
    outer loop
      vertex 1.34878 3.1963 5.93506
      vertex 0.366158 1.11972 5.99277
      vertex 0.451041 1.06886 5.99277
    endloop
  endfacet
  facet normal 0.0102162 0.022546 0.999694
    outer loop
      vertex 1.09495 3.34836 5.93506
      vertex 0.27775 1.15978 5.99277
      vertex 0.366158 1.11972 5.99277
    endloop
  endfacet
  facet normal -0.0396619 0.125014 0.991362
    outer loop
      vertex -1.95578 12.4543 5.14637
      vertex -2.4202 10.1059 5.42393
      vertex -1.62653 10.3577 5.42393
    endloop
  endfacet
  facet normal -0.00800395 0.128757 0.991644
    outer loop
      vertex 0 10.5606 5.42393
      vertex -0.982622 12.6372 5.14637
      vertex -0.817201 10.5098 5.42393
    endloop
  endfacet
  facet normal 0.0427563 0.0943406 0.994621
    outer loop
      vertex 2.4202 10.1059 5.42393
      vertex 1.90698 7.96287 5.64926
      vertex 2.51398 7.68777 5.64926
    endloop
  endfacet
  facet normal 0.0308415 0.097212 0.994786
    outer loop
      vertex 1.62653 10.3577 5.42393
      vertex 1.28162 8.16129 5.64926
      vertex 2.4202 10.1059 5.42393
    endloop
  endfacet
  facet normal 0.00997633 0.160209 0.987033
    outer loop
      vertex 1.13858 14.6429 4.81924
      vertex 0 14.7138 4.81924
      vertex 0.982622 12.6372 5.14637
    endloop
  endfacet
  facet normal 0.00996149 0.160203 0.987034
    outer loop
      vertex 0 14.7138 4.81924
      vertex 0 12.6983 5.14637
      vertex 0.982622 12.6372 5.14637
    endloop
  endfacet
  facet normal 0.0542542 0.0905593 0.994412
    outer loop
      vertex 3.19056 9.75673 5.42393
      vertex 2.51398 7.68777 5.64926
      vertex 3.09677 7.33862 5.64926
    endloop
  endfacet
  facet normal 0.0398372 0.0664949 0.996991
    outer loop
      vertex 2.51398 7.68777 5.64926
      vertex 2.23353 5.29295 5.82019
      vertex 3.09677 7.33862 5.64926
    endloop
  endfacet
  facet normal 0.0044507 0.0236862 0.99971
    outer loop
      vertex 0.280451 3.60679 5.93506
      vertex 0.186666 1.18868 5.99277
      vertex 0.558201 3.5546 5.93506
    endloop
  endfacet
  facet normal 0.00898103 0.0477962 0.998817
    outer loop
      vertex 0.464416 5.97271 5.82019
      vertex 0.280451 3.60679 5.93506
      vertex 0.558201 3.5546 5.93506
    endloop
  endfacet
  facet normal -0.153061 0.0432366 0.98727
    outer loop
      vertex -7.70268 4.04137 5.42393
      vertex -9.2619 4.85944 5.14637
      vertex -7.97832 3.06558 5.42393
    endloop
  endfacet
  facet normal -0.11922 0.0336772 0.992297
    outer loop
      vertex -7.70268 4.04137 5.42393
      vertex -7.97832 3.06558 5.42393
      vertex -6.28648 2.41551 5.64926
    endloop
  endfacet
  facet normal -0.195668 0.0386946 0.979906
    outer loop
      vertex -9.59333 3.68613 5.14637
      vertex -11.1159 4.27118 4.81924
      vertex -9.83238 2.47732 5.14637
    endloop
  endfacet
  facet normal -0.15765 0.0311763 0.987003
    outer loop
      vertex -9.59333 3.68613 5.14637
      vertex -9.83238 2.47732 5.14637
      vertex -7.97832 3.06558 5.42393
    endloop
  endfacet
  facet normal -0.125216 0.0146647 0.992021
    outer loop
      vertex -8.17712 2.06027 5.42393
      vertex -8.29718 1.03512 5.42393
      vertex -6.44312 1.62338 5.64926
    endloop
  endfacet
  facet normal -0.122807 0.0242851 0.992133
    outer loop
      vertex -7.97832 3.06558 5.42393
      vertex -8.17712 2.06027 5.42393
      vertex -6.44312 1.62338 5.64926
    endloop
  endfacet
  facet normal -0.0478931 0.0630844 0.996858
    outer loop
      vertex -3.09677 7.33862 5.64926
      vertex -3.64974 6.91881 5.64926
      vertex -2.23353 5.29295 5.82019
    endloop
  endfacet
  facet normal -0.0652181 0.0859047 0.994166
    outer loop
      vertex -3.09677 7.33862 5.64926
      vertex -4.63197 8.78083 5.42393
      vertex -3.64974 6.91881 5.64926
    endloop
  endfacet
  facet normal -0.120656 0.0863333 0.988933
    outer loop
      vertex -7.08875 8.97908 5.14637
      vertex -7.74943 8.05574 5.14637
      vertex -6.44484 6.69958 5.42393
    endloop
  endfacet
  facet normal -0.120656 0.0863334 0.988933
    outer loop
      vertex -5.89538 7.46748 5.42393
      vertex -7.08875 8.97908 5.14637
      vertex -6.44484 6.69958 5.42393
    endloop
  endfacet
  facet normal -0.101778 0.0595925 0.993021
    outer loop
      vertex -5.07818 5.2789 5.64926
      vertex -6.44484 6.69958 5.42393
      vertex -5.46222 4.623 5.64926
    endloop
  endfacet
  facet normal -0.0747802 0.043785 0.996238
    outer loop
      vertex -5.07818 5.2789 5.64926
      vertex -5.46222 4.623 5.64926
      vertex -3.66261 3.80738 5.82019
    endloop
  endfacet
  facet normal -0.084139 0.0314182 0.995959
    outer loop
      vertex -4.17864 2.82914 5.82019
      vertex -5.79365 3.92258 5.64926
      vertex -4.37745 2.29672 5.82019
    endloop
  endfacet
  facet normal -0.0552966 0.0206482 0.998256
    outer loop
      vertex -4.17864 2.82914 5.82019
      vertex -4.37745 2.29672 5.82019
      vertex -2.52339 1.70846 5.93506
    endloop
  endfacet
  facet normal 0.00457321 0.0734903 0.997285
    outer loop
      vertex 0 8.32118 5.64926
      vertex 0 6.00161 5.82019
      vertex 0.464416 5.97271 5.82019
    endloop
  endfacet
  facet normal -0.0239637 0.127504 0.991549
    outer loop
      vertex -0.982622 12.6372 5.14637
      vertex -1.95578 12.4543 5.14637
      vertex -1.62653 10.3577 5.42393
    endloop
  endfacet
  facet normal -0.0549818 0.121304 0.991091
    outer loop
      vertex -2.9101 12.1516 5.14637
      vertex -3.19056 9.75673 5.42393
      vertex -2.4202 10.1059 5.42393
    endloop
  endfacet
  facet normal -0.0549886 0.121305 0.991091
    outer loop
      vertex -2.9101 12.1516 5.14637
      vertex -3.8364 11.7317 5.14637
      vertex -3.19056 9.75673 5.42393
    endloop
  endfacet
  facet normal 0.0129673 0.021646 0.999682
    outer loop
      vertex 1.09495 3.34836 5.93506
      vertex 0.366158 1.11972 5.99277
      vertex 1.34878 3.1963 5.93506
    endloop
  endfacet
  facet normal -0.0260125 -0.0123087 0.999586
    outer loop
      vertex -0.795566 -0.673335 5.99277
      vertex -2.52339 -1.70846 5.93506
      vertex -2.37904 -2.01352 5.93506
    endloop
  endfacet
  facet normal -0.0206178 0.0454917 0.998752
    outer loop
      vertex -1.3754 5.74318 5.82019
      vertex -1.8132 5.54476 5.82019
      vertex -0.830575 3.46818 5.93506
    endloop
  endfacet
  facet normal -0.010218 0.0225453 0.999694
    outer loop
      vertex -0.830575 3.46818 5.93506
      vertex -1.09495 3.34836 5.93506
      vertex -0.27775 1.15978 5.99277
    endloop
  endfacet
  facet normal -0.0180671 0.019232 0.999652
    outer loop
      vertex -1.58962 3.01345 5.93506
      vertex -1.81515 2.80158 5.93506
      vertex -0.53158 1.00772 5.99277
    endloop
  endfacet
  facet normal -0.0155926 0.0205378 0.999667
    outer loop
      vertex -1.34878 3.1963 5.93506
      vertex -1.58962 3.01345 5.93506
      vertex -0.53158 1.00772 5.99277
    endloop
  endfacet
  facet normal -0.242499 0.0284043 0.969736
    outer loop
      vertex -11.3929 2.87051 4.81924
      vertex -12.8438 3.23606 4.44571
      vertex -11.5602 1.4422 4.81924
    endloop
  endfacet
  facet normal -0.237907 0.0470528 0.970148
    outer loop
      vertex -12.5315 4.8151 4.44571
      vertex -12.8438 3.23606 4.44571
      vertex -11.3929 2.87051 4.81924
    endloop
  endfacet
  facet normal -0.266949 0.0996838 0.958541
    outer loop
      vertex -11.5491 7.8193 4.44571
      vertex -13.3487 7.00368 4.02935
      vertex -12.0986 6.34776 4.44571
    endloop
  endfacet
  facet normal -0.27773 0.078445 0.957451
    outer loop
      vertex -12.0986 6.34776 4.44571
      vertex -13.3487 7.00368 4.02935
      vertex -12.5315 4.8151 4.44571
    endloop
  endfacet
  facet normal -0.237866 0.139265 0.961262
    outer loop
      vertex -10.1229 10.523 4.44571
      vertex -11.1689 11.6103 4.02935
      vertex -10.8884 9.21552 4.44571
    endloop
  endfacet
  facet normal -0.182538 0.130619 0.974484
    outer loop
      vertex -9.25985 11.7291 4.44571
      vertex -10.1229 10.523 4.44571
      vertex -8.97939 9.33432 4.81924
    endloop
  endfacet
  facet normal 0.0834073 0.18405 0.979372
    outer loop
      vertex 5.01139 15.3249 4.44571
      vertex 3.37199 14.0802 4.81924
      vertex 4.4453 13.5938 4.81924
    endloop
  endfacet
  facet normal 0.0683802 0.150891 0.986183
    outer loop
      vertex 4.4453 13.5938 4.81924
      vertex 3.37199 14.0802 4.81924
      vertex 3.8364 11.7317 5.14637
    endloop
  endfacet
  facet normal -0.306894 0.326695 0.893916
    outer loop
      vertex -9.79348 18.5655 2.56533
      vertex -11.183 17.2602 2.56533
      vertex -9.2923 17.6154 3.08462
    endloop
  endfacet
  facet normal -0.371953 0.395952 0.839567
    outer loop
      vertex -10.2003 19.3368 2.02134
      vertex -11.183 17.2602 2.56533
      vertex -9.79348 18.5655 2.56533
    endloop
  endfacet
  facet normal -0.407906 0.238847 0.881229
    outer loop
      vertex -13.6265 14.1651 2.56533
      vertex -13.9069 11.7703 3.08462
      vertex -12.9291 13.4402 3.08462
    endloop
  endfacet
  facet normal -0.378079 0.270509 0.885371
    outer loop
      vertex -11.8269 14.9807 3.08462
      vertex -13.6265 14.1651 2.56533
      vertex -12.9291 13.4402 3.08462
    endloop
  endfacet
  facet normal -0.21977 0.157261 0.962793
    outer loop
      vertex -9.25985 11.7291 4.44571
      vertex -11.1689 11.6103 4.02935
      vertex -10.1229 10.523 4.44571
    endloop
  endfacet
  facet normal -0.219769 0.157247 0.962795
    outer loop
      vertex -10.2167 12.9411 4.02935
      vertex -11.1689 11.6103 4.02935
      vertex -9.25985 11.7291 4.44571
    endloop
  endfacet
  facet normal -0.549813 0.585266 0.595961
    outer loop
      vertex -10.7164 20.315 0.880383
      vertex -12.2368 18.8867 0.880383
      vertex -11.9999 18.5212 1.45788
    endloop
  endfacet
  facet normal -0.642657 0.684097 0.34497
    outer loop
      vertex -10.7164 20.315 0.880383
      vertex -12.3558 19.0704 0.294406
      vertex -12.2368 18.8867 0.880383
    endloop
  endfacet
  facet normal 0.323751 -0.714303 0.620448
    outer loop
      vertex 7.38156 -22.5728 0.880383
      vertex 5.49091 -22.9281 1.45788
      vertex 5.59928 -23.3806 0.880383
    endloop
  endfacet
  facet normal 0.235742 -0.742991 0.626411
    outer loop
      vertex 5.49091 -22.9281 1.45788
      vertex 3.76309 -23.9632 0.880383
      vertex 5.59928 -23.3806 0.880383
    endloop
  endfacet
  facet normal 0.0575295 -0.925236 0.375004
    outer loop
      vertex 0 -24.4327 0.880383
      vertex 0 -24.6702 0.294406
      vertex 1.90903 -24.5515 0.294406
    endloop
  endfacet
  facet normal 0.0620583 -0.998073 0
    outer loop
      vertex 0 -24.6702 0
      vertex 1.90903 -24.5515 0.294406
      vertex 0 -24.6702 0.294406
    endloop
  endfacet
  facet normal 0.0620583 -0.998073 0
    outer loop
      vertex 1.90903 -24.5515 0.294406
      vertex 0 -24.6702 0
      vertex 1.90903 -24.5515 0
    endloop
  endfacet
  facet normal -0.036451 -0.0388011 0.998582
    outer loop
      vertex -1.81515 -2.80158 5.93506
      vertex -2.63235 -4.99016 5.82019
      vertex -1.58962 -3.01345 5.93506
    endloop
  endfacet
  facet normal -0.0314601 -0.0414375 0.998646
    outer loop
      vertex -1.58962 -3.01345 5.93506
      vertex -2.63235 -4.99016 5.82019
      vertex -1.34878 -3.1963 5.93506
    endloop
  endfacet
  facet normal -0.101778 -0.0595922 0.993021
    outer loop
      vertex -5.46222 -4.623 5.64926
      vertex -6.93223 -5.86716 5.42393
      vertex -6.44484 -6.69958 5.42393
    endloop
  endfacet
  facet normal -0.108657 -0.0514156 0.992749
    outer loop
      vertex -5.46222 -4.623 5.64926
      vertex -7.35286 -4.97824 5.42393
      vertex -6.93223 -5.86716 5.42393
    endloop
  endfacet
  facet normal -0.162382 -0.0950781 0.982137
    outer loop
      vertex -8.33549 -7.05482 5.14637
      vertex -9.65846 -8.17453 4.81924
      vertex -7.74943 -8.05574 5.14637
    endloop
  endfacet
  facet normal -0.162382 -0.0950765 0.982137
    outer loop
      vertex -7.74943 -8.05574 5.14637
      vertex -9.65846 -8.17453 4.81924
      vertex -8.97939 -9.33432 4.81924
    endloop
  endfacet
  facet normal -0.0798451 -0.0377809 0.996091
    outer loop
      vertex -4.17864 -2.82914 5.82019
      vertex -5.79365 -3.92258 5.64926
      vertex -3.9396 -3.33432 5.82019
    endloop
  endfacet
  facet normal -0.055297 -0.0206469 0.998256
    outer loop
      vertex -2.64344 -1.38694 5.93506
      vertex -4.37745 -2.29672 5.82019
      vertex -2.52339 -1.70846 5.93506
    endloop
  endfacet
  facet normal -0.101778 -0.0595925 0.993021
    outer loop
      vertex -5.46222 -4.623 5.64926
      vertex -6.44484 -6.69958 5.42393
      vertex -5.07818 -5.2789 5.64926
    endloop
  endfacet
  facet normal -0.0939157 -0.0672013 0.99331
    outer loop
      vertex -5.07818 -5.2789 5.64926
      vertex -6.44484 -6.69958 5.42393
      vertex -4.64523 -5.88396 5.64926
    endloop
  endfacet
  facet normal -0.0939162 -0.0672004 0.99331
    outer loop
      vertex -4.64523 -5.88396 5.64926
      vertex -6.44484 -6.69958 5.42393
      vertex -5.89538 -7.46748 5.42393
    endloop
  endfacet
  facet normal -0.120656 -0.0863334 0.988933
    outer loop
      vertex -6.44484 -6.69958 5.42393
      vertex -7.08875 -8.97908 5.14637
      vertex -5.89538 -7.46748 5.42393
    endloop
  endfacet
  facet normal -0.0274149 0.0102367 0.999572
    outer loop
      vertex -0.843839 0.571319 5.99277
      vertex -2.52339 1.70846 5.93506
      vertex -0.883986 0.463801 5.99277
    endloop
  endfacet
  facet normal -0.1912 -0.602553 0.774837
    outer loop
      vertex -5.32966 -22.2547 2.02134
      vertex -5.49091 -22.9281 1.45788
      vertex -3.58188 -22.8093 2.02134
    endloop
  endfacet
  facet normal -0.155149 -0.488941 0.858409
    outer loop
      vertex -5.11708 -21.3671 2.56533
      vertex -5.32966 -22.2547 2.02134
      vertex -3.58188 -22.8093 2.02134
    endloop
  endfacet
  facet normal -0.0768866 -0.409228 0.909187
    outer loop
      vertex -1.63941 -21.0839 3.08462
      vertex -3.43901 -21.8995 2.56533
      vertex -1.72783 -22.221 2.56533
    endloop
  endfacet
  facet normal -0.093939 -0.499989 0.860922
    outer loop
      vertex -1.72783 -22.221 2.56533
      vertex -3.43901 -21.8995 2.56533
      vertex -1.79961 -23.1442 2.02134
    endloop
  endfacet
  facet normal 0.00457325 -0.0734904 0.997285
    outer loop
      vertex 0.464416 -5.97271 5.82019
      vertex 0 -8.32118 5.64926
      vertex 0.643909 -8.28111 5.64926
    endloop
  endfacet
  facet normal 0.00457321 -0.0734903 0.997285
    outer loop
      vertex 0 -6.00161 5.82019
      vertex 0 -8.32118 5.64926
      vertex 0.464416 -5.97271 5.82019
    endloop
  endfacet
  facet normal -0.0427605 -0.0943407 0.994621
    outer loop
      vertex -2.51398 -7.68777 5.64926
      vertex -3.19056 -9.75673 5.42393
      vertex -2.4202 -10.1059 5.42393
    endloop
  endfacet
  facet normal -0.0308439 -0.0972107 0.994786
    outer loop
      vertex -1.90698 -7.96287 5.64926
      vertex -2.4202 -10.1059 5.42393
      vertex -1.28162 -8.16129 5.64926
    endloop
  endfacet
  facet normal -0.104236 -0.137301 0.98503
    outer loop
      vertex -5.56959 -10.5583 5.14637
      vertex -6.45358 -12.2341 4.81924
      vertex -5.47581 -12.9764 4.81924
    endloop
  endfacet
  facet normal -0.120703 -0.12848 0.984339
    outer loop
      vertex -5.56959 -10.5583 5.14637
      vertex -7.3692 -11.3739 4.81924
      vertex -6.45358 -12.2341 4.81924
    endloop
  endfacet
  facet normal -0.153196 -0.255716 0.954537
    outer loop
      vertex -5.52922 -16.9084 4.02935
      vertex -6.811 -16.1405 4.02935
      vertex -5.9938 -18.3291 3.57419
    endloop
  endfacet
  facet normal -0.120902 -0.26679 0.956141
    outer loop
      vertex -5.52922 -16.9084 4.02935
      vertex -5.9938 -18.3291 3.57419
      vertex -4.19419 -17.5134 4.02935
    endloop
  endfacet
  facet normal 0.0453327 -0.0324368 0.998445
    outer loop
      vertex 2.21177 -2.29919 5.93506
      vertex 2.0232 -2.56273 5.93506
      vertex 3.66261 -3.80738 5.82019
    endloop
  endfacet
  facet normal 0.0491374 -0.0287717 0.998378
    outer loop
      vertex 2.37904 -2.01352 5.93506
      vertex 2.21177 -2.29919 5.93506
      vertex 3.66261 -3.80738 5.82019
    endloop
  endfacet
  facet normal 0.0755507 -0.0804212 0.993894
    outer loop
      vertex 4.16755 -6.43236 5.64926
      vertex 3.64974 -6.91881 5.64926
      vertex 5.28914 -8.16346 5.42393
    endloop
  endfacet
  facet normal 0.0851466 -0.0741663 0.993604
    outer loop
      vertex 4.64523 -5.88396 5.64926
      vertex 4.16755 -6.43236 5.64926
      vertex 5.28914 -8.16346 5.42393
    endloop
  endfacet
  facet normal 0.0410902 -0.035791 0.998514
    outer loop
      vertex 3.35035 -4.24378 5.82019
      vertex 2.0232 -2.56273 5.93506
      vertex 3.00583 -4.63931 5.82019
    endloop
  endfacet
  facet normal 0.0755507 0.0804212 0.993894
    outer loop
      vertex 5.28914 8.16346 5.42393
      vertex 3.64974 6.91881 5.64926
      vertex 4.16755 6.43236 5.64926
    endloop
  endfacet
  facet normal 0.0851466 0.0741663 0.993604
    outer loop
      vertex 5.28914 8.16346 5.42393
      vertex 4.16755 6.43236 5.64926
      vertex 4.64523 5.88396 5.64926
    endloop
  endfacet
  facet normal -0.0285535 0.00806605 0.99956
    outer loop
      vertex -2.64344 1.38694 5.93506
      vertex -2.73804 1.05206 5.93506
      vertex -0.883986 0.463801 5.99277
    endloop
  endfacet
  facet normal -0.0274152 0.0102363 0.999572
    outer loop
      vertex -2.52339 1.70846 5.93506
      vertex -2.64344 1.38694 5.93506
      vertex -0.883986 0.463801 5.99277
    endloop
  endfacet
  facet normal -0.0689952 0.0493685 0.996395
    outer loop
      vertex -3.35035 4.24378 5.82019
      vertex -4.64523 5.88396 5.64926
      vertex -3.66261 3.80738 5.82019
    endloop
  endfacet
  facet normal -0.0524704 0.0248282 0.998314
    outer loop
      vertex -2.37904 2.01352 5.93506
      vertex -3.9396 3.33432 5.82019
      vertex -2.52339 1.70846 5.93506
    endloop
  endfacet
  facet normal -0.0689944 0.0493689 0.996395
    outer loop
      vertex -4.64523 5.88396 5.64926
      vertex -5.07818 5.2789 5.64926
      vertex -3.66261 3.80738 5.82019
    endloop
  endfacet
  facet normal -0.0453325 0.0324371 0.998445
    outer loop
      vertex -3.35035 4.24378 5.82019
      vertex -3.66261 3.80738 5.82019
      vertex -2.0232 2.56273 5.93506
    endloop
  endfacet
  facet normal -0.0410898 0.0357912 0.998514
    outer loop
      vertex -1.81515 2.80158 5.93506
      vertex -3.00583 4.63931 5.82019
      vertex -2.0232 2.56273 5.93506
    endloop
  endfacet
  facet normal -0.0410902 0.035791 0.998514
    outer loop
      vertex -3.00583 4.63931 5.82019
      vertex -3.35035 4.24378 5.82019
      vertex -2.0232 2.56273 5.93506
    endloop
  endfacet
  facet normal -0.00898055 0.0477961 0.998817
    outer loop
      vertex -0.464416 5.97271 5.82019
      vertex -0.924359 5.88629 5.82019
      vertex -0.558201 3.5546 5.93506
    endloop
  endfacet
  facet normal -0.00898103 0.0477962 0.998817
    outer loop
      vertex -0.464416 5.97271 5.82019
      vertex -0.558201 3.5546 5.93506
      vertex -0.280451 3.60679 5.93506
    endloop
  endfacet
  facet normal 0.0136749 0.0727803 0.997254
    outer loop
      vertex 1.28162 8.16129 5.64926
      vertex 0.464416 5.97271 5.82019
      vertex 0.924359 5.88629 5.82019
    endloop
  endfacet
  facet normal 0.022644 0.0713672 0.997193
    outer loop
      vertex 1.28162 8.16129 5.64926
      vertex 0.924359 5.88629 5.82019
      vertex 1.3754 5.74318 5.82019
    endloop
  endfacet
  facet normal -0.114489 0.0427493 0.992504
    outer loop
      vertex -7.35286 4.97824 5.42393
      vertex -7.70268 4.04137 5.42393
      vertex -6.06929 3.18438 5.64926
    endloop
  endfacet
  facet normal -0.114489 0.0427495 0.992504
    outer loop
      vertex -5.79365 3.92258 5.64926
      vertex -7.35286 4.97824 5.42393
      vertex -6.06929 3.18438 5.64926
    endloop
  endfacet
  facet normal -0.0625439 0.0544784 0.996554
    outer loop
      vertex -4.16755 6.43236 5.64926
      vertex -4.64523 5.88396 5.64926
      vertex -3.00583 4.63931 5.82019
    endloop
  endfacet
  facet normal -0.0554878 0.059065 0.996711
    outer loop
      vertex -3.64974 6.91881 5.64926
      vertex -4.16755 6.43236 5.64926
      vertex -3.00583 4.63931 5.82019
    endloop
  endfacet
  facet normal -0.036451 0.0388011 0.998582
    outer loop
      vertex -1.58962 3.01345 5.93506
      vertex -2.63235 4.99016 5.82019
      vertex -1.81515 2.80158 5.93506
    endloop
  endfacet
  facet normal -0.0314601 0.0414375 0.998646
    outer loop
      vertex -1.34878 3.1963 5.93506
      vertex -2.63235 4.99016 5.82019
      vertex -1.58962 3.01345 5.93506
    endloop
  endfacet
  facet normal -0.022644 0.0713672 0.997193
    outer loop
      vertex -1.28162 8.16129 5.64926
      vertex -1.90698 7.96287 5.64926
      vertex -1.3754 5.74318 5.82019
    endloop
  endfacet
  facet normal -0.0697509 0.116429 0.990747
    outer loop
      vertex -3.19056 9.75673 5.42393
      vertex -4.72575 11.1989 5.14637
      vertex -3.93019 9.31363 5.42393
    endloop
  endfacet
  facet normal -0.0148711 0.0468699 0.99879
    outer loop
      vertex -0.558201 3.5546 5.93506
      vertex -1.3754 5.74318 5.82019
      vertex -0.830575 3.46818 5.93506
    endloop
  endfacet
  facet normal 0.00457325 0.0734904 0.997285
    outer loop
      vertex 0.643909 8.28111 5.64926
      vertex 0 8.32118 5.64926
      vertex 0.464416 5.97271 5.82019
    endloop
  endfacet
  facet normal -0.0542526 0.0905594 0.994412
    outer loop
      vertex -3.19056 9.75673 5.42393
      vertex -3.93019 9.31363 5.42393
      vertex -3.09677 7.33862 5.64926
    endloop
  endfacet
  facet normal -0.0542542 0.0905593 0.994412
    outer loop
      vertex -2.51398 7.68777 5.64926
      vertex -3.19056 9.75673 5.42393
      vertex -3.09677 7.33862 5.64926
    endloop
  endfacet
  facet normal -0.0180676 -0.0192317 0.999652
    outer loop
      vertex -0.606999 -0.936866 5.99277
      vertex -1.81515 -2.80158 5.93506
      vertex -0.53158 -1.00772 5.99277
    endloop
  endfacet
  facet normal -0.0206177 0.0454917 0.998752
    outer loop
      vertex -0.830575 3.46818 5.93506
      vertex -1.8132 5.54476 5.82019
      vertex -1.09495 3.34836 5.93506
    endloop
  endfacet
  facet normal -0.0261643 0.0436754 0.998703
    outer loop
      vertex -1.09495 3.34836 5.93506
      vertex -1.8132 5.54476 5.82019
      vertex -1.34878 3.1963 5.93506
    endloop
  endfacet
  facet normal -0.0148712 0.0468698 0.99879
    outer loop
      vertex -0.924359 5.88629 5.82019
      vertex -1.3754 5.74318 5.82019
      vertex -0.558201 3.5546 5.93506
    endloop
  endfacet
  facet normal -0.0313919 0.0692654 0.997104
    outer loop
      vertex -1.90698 7.96287 5.64926
      vertex -2.51398 7.68777 5.64926
      vertex -1.3754 5.74318 5.82019
    endloop
  endfacet
  facet normal -0.222024 0.0829078 0.97151
    outer loop
      vertex -11.5491 7.8193 4.44571
      vertex -12.0986 6.34776 4.44571
      vertex -10.7319 5.63072 4.81924
    endloop
  endfacet
  facet normal -0.231071 0.0652659 0.970745
    outer loop
      vertex -12.0986 6.34776 4.44571
      vertex -12.5315 4.8151 4.44571
      vertex -10.7319 5.63072 4.81924
    endloop
  endfacet
  facet normal 0.0493534 0.155527 0.986598
    outer loop
      vertex 3.37199 14.0802 4.81924
      vertex 2.2662 14.4311 4.81924
      vertex 2.9101 12.1516 5.14637
    endloop
  endfacet
  facet normal 0.060209 0.189737 0.979987
    outer loop
      vertex 2.55479 16.2688 4.44571
      vertex 2.2662 14.4311 4.81924
      vertex 3.37199 14.0802 4.81924
    endloop
  endfacet
  facet normal 0.0867475 0.144791 0.985652
    outer loop
      vertex 4.4453 13.5938 4.81924
      vertex 3.8364 11.7317 5.14637
      vertex 5.47581 12.9764 4.81924
    endloop
  endfacet
  facet normal 0.105783 0.176564 0.978588
    outer loop
      vertex 5.01139 15.3249 4.44571
      vertex 4.4453 13.5938 4.81924
      vertex 5.47581 12.9764 4.81924
    endloop
  endfacet
  facet normal -0.416439 0.362725 0.833672
    outer loop
      vertex -11.6475 17.9772 2.02134
      vertex -12.4647 15.7887 2.56533
      vertex -11.183 17.2602 2.56533
    endloop
  endfacet
  facet normal -0.344324 0.299933 0.889652
    outer loop
      vertex -11.183 17.2602 2.56533
      vertex -11.8269 14.9807 3.08462
      vertex -10.6107 16.3769 3.08462
    endloop
  endfacet
  facet normal 0.171345 -0.911773 0.373244
    outer loop
      vertex 3.76309 -23.9632 0.880383
      vertex 1.90903 -24.5515 0.294406
      vertex 3.79968 -24.1962 0.294406
    endloop
  endfacet
  facet normal 0.1713 -0.911738 0.37335
    outer loop
      vertex 3.76309 -23.9632 0.880383
      vertex 1.89065 -24.315 0.880383
      vertex 1.90903 -24.5515 0.294406
    endloop
  endfacet
  facet normal -0.0902683 -0.0178508 0.995757
    outer loop
      vertex -4.64707 -1.17086 5.82019
      vertex -6.28648 -2.41551 5.64926
      vertex -4.53409 -1.74218 5.82019
    endloop
  endfacet
  facet normal -0.0876255 -0.0247514 0.995846
    outer loop
      vertex -4.53409 -1.74218 5.82019
      vertex -6.28648 -2.41551 5.64926
      vertex -4.37745 -2.29672 5.82019
    endloop
  endfacet
  facet normal -0.114489 -0.0427495 0.992504
    outer loop
      vertex -6.06929 -3.18438 5.64926
      vertex -7.35286 -4.97824 5.42393
      vertex -5.79365 -3.92258 5.64926
    endloop
  endfacet
  facet normal -0.0841399 -0.0314174 0.995959
    outer loop
      vertex -4.37745 -2.29672 5.82019
      vertex -6.06929 -3.18438 5.64926
      vertex -5.79365 -3.92258 5.64926
    endloop
  endfacet
  facet normal -0.0524707 -0.024828 0.998314
    outer loop
      vertex -2.52339 -1.70846 5.93506
      vertex -4.17864 -2.82914 5.82019
      vertex -3.9396 -3.33432 5.82019
    endloop
  endfacet
  facet normal -0.0552966 -0.0206482 0.998256
    outer loop
      vertex -2.52339 -1.70846 5.93506
      vertex -4.37745 -2.29672 5.82019
      vertex -4.17864 -2.82914 5.82019
    endloop
  endfacet
  facet normal -0.0755507 -0.0804212 0.993894
    outer loop
      vertex -4.16755 -6.43236 5.64926
      vertex -5.28914 -8.16346 5.42393
      vertex -3.64974 -6.91881 5.64926
    endloop
  endfacet
  facet normal -0.0851454 -0.0741667 0.993604
    outer loop
      vertex -4.64523 -5.88396 5.64926
      vertex -5.89538 -7.46748 5.42393
      vertex -5.28914 -8.16346 5.42393
    endloop
  endfacet
  facet normal -0.00622321 -0.10011 0.994957
    outer loop
      vertex -0.643909 -8.28111 5.64926
      vertex -0.817201 -10.5098 5.42393
      vertex 0 -10.5606 5.42393
    endloop
  endfacet
  facet normal -0.00622992 -0.100112 0.994957
    outer loop
      vertex 0 -8.32118 5.64926
      vertex -0.643909 -8.28111 5.64926
      vertex 0 -10.5606 5.42393
    endloop
  endfacet
  facet normal -0.0308415 -0.097212 0.994786
    outer loop
      vertex -1.28162 -8.16129 5.64926
      vertex -2.4202 -10.1059 5.42393
      vertex -1.62653 -10.3577 5.42393
    endloop
  endfacet
  facet normal -0.022644 -0.0713672 0.997193
    outer loop
      vertex -1.3754 -5.74318 5.82019
      vertex -1.90698 -7.96287 5.64926
      vertex -1.28162 -8.16129 5.64926
    endloop
  endfacet
  facet normal -0.0398372 -0.0664949 0.996991
    outer loop
      vertex -2.23353 -5.29295 5.82019
      vertex -3.09677 -7.33862 5.64926
      vertex -2.51398 -7.68777 5.64926
    endloop
  endfacet
  facet normal -0.0478931 -0.0630844 0.996858
    outer loop
      vertex -2.23353 -5.29295 5.82019
      vertex -3.64974 -6.91881 5.64926
      vertex -3.09677 -7.33862 5.64926
    endloop
  endfacet
  facet normal -0.153217 -0.201803 0.967368
    outer loop
      vertex -7.27541 -13.792 4.44571
      vertex -8.02718 -15.2171 4.02935
      vertex -6.17313 -14.6289 4.44571
    endloop
  endfacet
  facet normal -0.127078 -0.167374 0.977669
    outer loop
      vertex -6.45358 -12.2341 4.81924
      vertex -7.27541 -13.792 4.44571
      vertex -6.17313 -14.6289 4.44571
    endloop
  endfacet
  facet normal -0.100644 -0.222088 0.969818
    outer loop
      vertex -5.01139 -15.3249 4.44571
      vertex -5.52922 -16.9084 4.02935
      vertex -4.19419 -17.5134 4.02935
    endloop
  endfacet
  facet normal -0.127593 -0.212979 0.96869
    outer loop
      vertex -5.01139 -15.3249 4.44571
      vertex -6.811 -16.1405 4.02935
      vertex -5.52922 -16.9084 4.02935
    endloop
  endfacet
  facet normal 0.0747802 -0.043785 0.996238
    outer loop
      vertex 5.46222 -4.623 5.64926
      vertex 3.66261 -3.80738 5.82019
      vertex 5.07818 -5.2789 5.64926
    endloop
  endfacet
  facet normal 0.0747798 -0.0437857 0.996238
    outer loop
      vertex 3.9396 -3.33432 5.82019
      vertex 3.66261 -3.80738 5.82019
      vertex 5.46222 -4.623 5.64926
    endloop
  endfacet
  facet normal 0.0552966 -0.0206482 0.998256
    outer loop
      vertex 4.37745 -2.29672 5.82019
      vertex 2.52339 -1.70846 5.93506
      vertex 4.17864 -2.82914 5.82019
    endloop
  endfacet
  facet normal 0.0524707 -0.024828 0.998314
    outer loop
      vertex 4.17864 -2.82914 5.82019
      vertex 2.52339 -1.70846 5.93506
      vertex 3.9396 -3.33432 5.82019
    endloop
  endfacet
  facet normal -0.0747798 0.0437857 0.996238
    outer loop
      vertex -3.66261 3.80738 5.82019
      vertex -5.46222 4.623 5.64926
      vertex -3.9396 3.33432 5.82019
    endloop
  endfacet
  facet normal -0.0491377 0.0287715 0.998378
    outer loop
      vertex -3.66261 3.80738 5.82019
      vertex -3.9396 3.33432 5.82019
      vertex -2.37904 2.01352 5.93506
    endloop
  endfacet
  facet normal 0.0396619 0.125014 0.991362
    outer loop
      vertex 1.95578 12.4543 5.14637
      vertex 1.62653 10.3577 5.42393
      vertex 2.4202 10.1059 5.42393
    endloop
  endfacet
  facet normal 0.00800609 0.128756 0.991644
    outer loop
      vertex 0 12.6983 5.14637
      vertex 0 10.5606 5.42393
      vertex 0.982622 12.6372 5.14637
    endloop
  endfacet
  facet normal -0.13073 0.0765438 0.988459
    outer loop
      vertex -6.44484 6.69958 5.42393
      vertex -8.33549 7.05482 5.14637
      vertex -6.93223 5.86716 5.42393
    endloop
  endfacet
  facet normal -0.139541 0.0660296 0.988012
    outer loop
      vertex -6.93223 5.86716 5.42393
      vertex -8.33549 7.05482 5.14637
      vertex -7.35286 4.97824 5.42393
    endloop
  endfacet
  facet normal -0.022644 0.0713672 0.997193
    outer loop
      vertex -1.28162 8.16129 5.64926
      vertex -1.3754 5.74318 5.82019
      vertex -0.924359 5.88629 5.82019
    endloop
  endfacet
  facet normal -0.0136749 0.0727803 0.997254
    outer loop
      vertex -0.464416 5.97271 5.82019
      vertex -1.28162 8.16129 5.64926
      vertex -0.924359 5.88629 5.82019
    endloop
  endfacet
  facet normal -0.416363 0.362708 0.833718
    outer loop
      vertex -11.6475 17.9772 2.02134
      vertex -12.9826 16.4446 2.02134
      vertex -12.4647 15.7887 2.56533
    endloop
  endfacet
  facet normal -0.456169 0.326421 0.827864
    outer loop
      vertex -12.9826 16.4446 2.02134
      vertex -13.6265 14.1651 2.56533
      vertex -12.4647 15.7887 2.56533
    endloop
  endfacet
  facet normal -0.0625439 -0.0544784 0.996554
    outer loop
      vertex -3.00583 -4.63931 5.82019
      vertex -4.64523 -5.88396 5.64926
      vertex -4.16755 -6.43236 5.64926
    endloop
  endfacet
  facet normal -0.0851466 -0.0741663 0.993604
    outer loop
      vertex -4.64523 -5.88396 5.64926
      vertex -5.28914 -8.16346 5.42393
      vertex -4.16755 -6.43236 5.64926
    endloop
  endfacet
  facet normal -0.0313919 -0.0692654 0.997104
    outer loop
      vertex -1.3754 -5.74318 5.82019
      vertex -2.51398 -7.68777 5.64926
      vertex -1.90698 -7.96287 5.64926
    endloop
  endfacet
  facet normal -0.0427563 -0.0943406 0.994621
    outer loop
      vertex -1.90698 -7.96287 5.64926
      vertex -2.51398 -7.68777 5.64926
      vertex -2.4202 -10.1059 5.42393
    endloop
  endfacet
  facet normal -0.0652191 -0.0859037 0.994166
    outer loop
      vertex -3.09677 -7.33862 5.64926
      vertex -4.63197 -8.78083 5.42393
      vertex -3.93019 -9.31363 5.42393
    endloop
  endfacet
  facet normal -0.0542526 -0.0905594 0.994412
    outer loop
      vertex -3.09677 -7.33862 5.64926
      vertex -3.93019 -9.31363 5.42393
      vertex -3.19056 -9.75673 5.42393
    endloop
  endfacet
  facet normal 0.0625442 -0.0544781 0.996554
    outer loop
      vertex 3.35035 -4.24378 5.82019
      vertex 3.00583 -4.63931 5.82019
      vertex 4.64523 -5.88396 5.64926
    endloop
  endfacet
  facet normal 0.0689952 -0.0493685 0.996395
    outer loop
      vertex 3.66261 -3.80738 5.82019
      vertex 3.35035 -4.24378 5.82019
      vertex 4.64523 -5.88396 5.64926
    endloop
  endfacet
  facet normal 0.0396524 0.125012 0.991363
    outer loop
      vertex 2.9101 12.1516 5.14637
      vertex 1.95578 12.4543 5.14637
      vertex 2.4202 10.1059 5.42393
    endloop
  endfacet
  facet normal 0.0493295 0.155521 0.9866
    outer loop
      vertex 2.2662 14.4311 4.81924
      vertex 1.95578 12.4543 5.14637
      vertex 2.9101 12.1516 5.14637
    endloop
  endfacet
  facet normal -0.00800609 0.128756 0.991644
    outer loop
      vertex 0 12.6983 5.14637
      vertex -0.982622 12.6372 5.14637
      vertex 0 10.5606 5.42393
    endloop
  endfacet
  facet normal 0.0186275 0.0991401 0.994899
    outer loop
      vertex 0.817201 10.5098 5.42393
      vertex 0.643909 8.28111 5.64926
      vertex 1.28162 8.16129 5.64926
    endloop
  endfacet
  facet normal -0.00457325 0.0734904 0.997285
    outer loop
      vertex 0 8.32118 5.64926
      vertex -0.643909 8.28111 5.64926
      vertex -0.464416 5.97271 5.82019
    endloop
  endfacet
  facet normal -0.00622992 0.100112 0.994957
    outer loop
      vertex 0 10.5606 5.42393
      vertex -0.643909 8.28111 5.64926
      vertex 0 8.32118 5.64926
    endloop
  endfacet
  facet normal -0.0308439 0.0972107 0.994786
    outer loop
      vertex -1.28162 8.16129 5.64926
      vertex -2.4202 10.1059 5.42393
      vertex -1.90698 7.96287 5.64926
    endloop
  endfacet
  facet normal -0.0427563 0.0943406 0.994621
    outer loop
      vertex -2.4202 10.1059 5.42393
      vertex -2.51398 7.68777 5.64926
      vertex -1.90698 7.96287 5.64926
    endloop
  endfacet
  facet normal 0.0239621 0.127503 0.991549
    outer loop
      vertex 0.982622 12.6372 5.14637
      vertex 0.817201 10.5098 5.42393
      vertex 1.62653 10.3577 5.42393
    endloop
  endfacet
  facet normal 0.0186319 0.099141 0.994899
    outer loop
      vertex 1.62653 10.3577 5.42393
      vertex 0.817201 10.5098 5.42393
      vertex 1.28162 8.16129 5.64926
    endloop
  endfacet
  facet normal 0.00622992 0.100112 0.994957
    outer loop
      vertex 0 10.5606 5.42393
      vertex 0 8.32118 5.64926
      vertex 0.643909 8.28111 5.64926
    endloop
  endfacet
  facet normal 0.00622321 0.10011 0.994957
    outer loop
      vertex 0.817201 10.5098 5.42393
      vertex 0 10.5606 5.42393
      vertex 0.643909 8.28111 5.64926
    endloop
  endfacet
  facet normal -0.0186275 0.0991401 0.994899
    outer loop
      vertex -0.817201 10.5098 5.42393
      vertex -1.28162 8.16129 5.64926
      vertex -0.643909 8.28111 5.64926
    endloop
  endfacet
  facet normal -0.0136748 0.0727803 0.997254
    outer loop
      vertex -0.643909 8.28111 5.64926
      vertex -1.28162 8.16129 5.64926
      vertex -0.464416 5.97271 5.82019
    endloop
  endfacet
  facet normal 0.428543 -0.4521 -0.782277
    outer loop
      vertex -10.0778 19.2766 1.25593
      vertex -11.1697 17.395 1.7452
      vertex -11.5076 17.9213 1.25593
    endloop
  endfacet
  facet normal -0.0842157 0.0032372 -0.996442
    outer loop
      vertex 4.54373 0 5.04386
      vertex 6.29984 0 4.89544
      vertex 4.52185 -0.569207 5.04386
    endloop
  endfacet
  facet normal 0.0274277 0.0010542 -0.999623
    outer loop
      vertex -0.917565 0 5.19372
      vertex -0.913147 -0.114946 5.19372
      vertex -2.73065 -0.343732 5.14361
    endloop
  endfacet
  facet normal 0.126625 0.0593838 -0.990172
    outer loop
      vertex -7.05121 -4.817 4.69978
      vertex -7.99352 -6.82632 4.45877
      vertex -8.47855 -5.79208 4.45877
    endloop
  endfacet
  facet normal 0.157435 0.0738328 -0.984765
    outer loop
      vertex -8.47855 -5.79208 4.45877
      vertex -7.99352 -6.82632 4.45877
      vertex -9.26222 -7.90977 4.17471
    endloop
  endfacet
  facet normal -0.51061 -0.188942 -0.838796
    outer loop
      vertex 15.5279 10.6078 1.7452
      vertex 16.2666 8.61149 1.7452
      vertex 14.9085 10.1847 2.21756
    endloop
  endfacet
  facet normal -0.478528 -0.413089 -0.774835
    outer loop
      vertex 11.5076 17.9213 1.25593
      vertex 12.4499 15.912 1.7452
      vertex 11.1697 17.395 1.7452
    endloop
  endfacet
  facet normal -0.321442 -0.012352 -0.946849
    outer loop
      vertex 15.02 0 3.09359
      vertex 13.8558 0 3.48882
      vertex 13.7891 1.73576 3.48882
    endloop
  endfacet
  facet normal -0.636998 0.672075 -0.377556
    outer loop
      vertex 11.7348 -18.275 0.754465
      vertex 11.8489 -18.4527 0.245642
      vertex 10.2767 -19.657 0.754465
    endloop
  endfacet
  facet normal 0.113543 0.0131775 -0.993446
    outer loop
      vertex -6.2695 -0.789201 4.89544
      vertex -6.17879 -1.5708 4.89544
      vertex -7.84165 -1.99354 4.69978
    endloop
  endfacet
  facet normal 0.161934 -0.354125 -0.921071
    outer loop
      vertex -4.90715 20.675 2.21756
      vertex -4.65603 19.617 2.66848
      vertex -6.13806 18.9393 2.66848
    endloop
  endfacet
  facet normal -0.676241 0.0260093 -0.736221
    outer loop
      vertex 18.1396 0 1.25593
      vertex 18.0522 -2.2724 1.25593
      vertex 17.5221 -2.20567 1.7452
    endloop
  endfacet
  facet normal -0.807617 0.0937337 -0.58221
    outer loop
      vertex 18.0522 -2.2724 1.25593
      vertex 18.4085 -2.31725 0.754465
      vertex 17.791 -4.52292 1.25593
    endloop
  endfacet
  facet normal -0.0626393 0.998036 0
    outer loop
      vertex 1.83071 -23.7563 0
      vertex 0 -23.8712 0.245642
      vertex 1.83071 -23.7563 0.245642
    endloop
  endfacet
  facet normal -0.0626393 0.998036 0
    outer loop
      vertex 0 -23.8712 0.245642
      vertex 1.83071 -23.7563 0
      vertex 0 -23.8712 0
    endloop
  endfacet
  facet normal -0.14308 -0.0280423 -0.989314
    outer loop
      vertex 9.19976 3.56674 4.45877
      vertex 9.429 2.39709 4.45877
      vertex 7.84165 1.99354 4.69978
    endloop
  endfacet
  facet normal -0.381319 0.0442609 -0.923383
    outer loop
      vertex 14.9477 -1.8816 3.09359
      vertex 15.9623 -2.00932 2.66848
      vertex 14.7314 -3.74508 3.09359
    endloop
  endfacet
  facet normal 0.31303 0.517836 -0.796152
    outer loop
      vertex -6.73786 -20.79 1.7452
      vertex -6.94172 -21.419 1.25593
      vertex -8.29982 -19.8458 1.7452
    endloop
  endfacet
  facet normal -0.260344 -0.151075 -0.953623
    outer loop
      vertex 12.4887 10.6651 3.09359
      vertex 11.5207 9.83844 3.48882
      vertex 10.7107 11.2343 3.48882
    endloop
  endfacet
  facet normal 0.643821 -0.180243 -0.743645
    outer loop
      vertex -16.2666 8.61149 1.7452
      vertex -16.8487 6.53225 1.7452
      vertex -17.3585 6.72989 1.25593
    endloop
  endfacet
  facet normal 0.594729 0.278912 -0.753993
    outer loop
      vertex -15.5279 -10.6078 1.7452
      vertex -15.0825 -12.8802 1.25593
      vertex -15.9977 -10.9287 1.25593
    endloop
  endfacet
  facet normal -0.118622 -0.0688353 -0.990551
    outer loop
      vertex 7.43151 7.79482 4.45877
      vertex 7.99352 6.82632 4.45877
      vertex 6.18044 6.48259 4.69978
    endloop
  endfacet
  facet normal -0.363921 0.101886 -0.92584
    outer loop
      vertex 15.3489 -5.95075 2.66848
      vertex 14.8186 -7.8449 2.66848
      vertex 13.8767 -7.34624 3.09359
    endloop
  endfacet
  facet normal 0.0916674 0.200441 -0.975408
    outer loop
      vertex -3.64544 -15.3591 3.85036
      vertex -4.02212 -16.9462 3.48882
      vertex -5.30238 -16.3607 3.48882
    endloop
  endfacet
  facet normal -0.0203484 0.0144302 -0.999689
    outer loop
      vertex 0.709288 -0.743963 5.19372
      vertex 1.9402 -2.47972 5.14361
      vertex 0.648816 -0.829236 5.19372
    endloop
  endfacet
  facet normal -0.0205148 0.0640778 -0.997734
    outer loop
      vertex 1.31897 -5.55717 5.04386
      vertex 1.82875 -7.70496 4.89544
      vertex 1.22904 -7.89696 4.89544
    endloop
  endfacet
  facet normal -0.202378 -0.264195 -0.942997
    outer loop
      vertex 7.56098 18.0791 2.66848
      vertex 8.91108 17.0449 2.66848
      vertex 7.08037 16.9299 3.09359
    endloop
  endfacet
  facet normal 0.312556 -0.061259 -0.947922
    outer loop
      vertex -13.2592 5.14057 3.48882
      vertex -13.5896 3.4548 3.48882
      vertex -14.3732 5.5725 3.09359
    endloop
  endfacet
  facet normal -0.561183 0.732525 -0.385332
    outer loop
      vertex 10.2767 -19.657 0.754465
      vertex 8.8045 -21.0525 0.245642
      vertex 8.71971 -20.8498 0.754465
    endloop
  endfacet
  facet normal 0.0762409 -0.0282137 -0.99669
    outer loop
      vertex -5.55596 3.79553 4.89544
      vertex -4.00721 2.73751 5.04386
      vertex -5.82029 3.08124 4.89544
    endloop
  endfacet
  facet normal 0.936236 0.108643 -0.334153
    outer loop
      vertex -18.1422 -4.61219 0.754465
      vertex -18.3186 -4.65704 0.245642
      vertex -18.5875 -2.33979 0.245642
    endloop
  endfacet
  facet normal -0.139912 -0.231445 -0.962734
    outer loop
      vertex 5.7479 17.7354 3.09359
      vertex 7.08037 16.9299 3.09359
      vertex 5.30238 16.3607 3.48882
    endloop
  endfacet
  facet normal 0.114642 -0.0044067 -0.993397
    outer loop
      vertex -7.95678 1.00159 4.69978
      vertex -6.29984 0 4.89544
      vertex -7.99528 0 4.69978
    endloop
  endfacet
  facet normal -0.117083 -0.365732 -0.923326
    outer loop
      vertex 4.90715 20.675 2.21756
      vertex 4.65603 19.617 2.66848
      vertex 3.12916 20.1058 2.66848
    endloop
  endfacet
  facet normal 0.248424 0.543286 -0.801951
    outer loop
      vertex -6.73786 -20.79 1.7452
      vertex -5.111 -21.5339 1.7452
      vertex -6.94172 -21.419 1.25593
    endloop
  endfacet
  facet normal -0.136167 0.0965656 -0.985968
    outer loop
      vertex 8.61101 -9.03199 4.17471
      vertex 7.87687 -10.0672 4.17471
      vertex 6.79793 -8.68826 4.45877
    endloop
  endfacet
  facet normal -0.622103 0.230199 -0.748329
    outer loop
      vertex 16.2666 -8.61149 1.7452
      vertex 15.9977 -10.9287 1.25593
      vertex 15.5279 -10.6078 1.7452
    endloop
  endfacet
  facet normal -0.349426 0.247781 -0.903607
    outer loop
      vertex 12.3987 -13.0049 2.66848
      vertex 13.0674 -13.7063 2.21756
      vertex 11.3417 -14.4955 2.66848
    endloop
  endfacet
  facet normal 0.58997 -0.509307 -0.626531
    outer loop
      vertex -11.7348 18.275 0.754465
      vertex -11.5076 17.9213 1.25593
      vertex -12.8266 16.3934 1.25593
    endloop
  endfacet
  facet normal -0.795816 -0.155956 -0.585111
    outer loop
      vertex 18.1422 4.61219 0.754465
      vertex 17.791 4.52292 1.25593
      vertex 17.3585 6.72989 1.25593
    endloop
  endfacet
  facet normal -0.660043 0.12938 -0.740002
    outer loop
      vertex 17.2686 -4.3901 1.7452
      vertex 17.3585 -6.72989 1.25593
      vertex 16.8487 -6.53225 1.7452
    endloop
  endfacet
  facet normal -0.161934 0.354125 -0.921071
    outer loop
      vertex 6.13806 -18.9393 2.66848
      vertex 4.90715 -20.675 2.21756
      vertex 4.65603 -19.617 2.66848
    endloop
  endfacet
  facet normal -0.204895 0.338932 -0.918228
    outer loop
      vertex 7.56098 -18.0791 2.66848
      vertex 7.96877 -19.0542 2.21756
      vertex 6.13806 -18.9393 2.66848
    endloop
  endfacet
  facet normal 0.0626393 0.998036 -0
    outer loop
      vertex 0 -23.8712 0
      vertex -1.83071 -23.7563 0.245642
      vertex 0 -23.8712 0.245642
    endloop
  endfacet
  facet normal 0.0626393 0.998036 0
    outer loop
      vertex -1.83071 -23.7563 0.245642
      vertex 0 -23.8712 0
      vertex -1.83071 -23.7563 0
    endloop
  endfacet
  facet normal -0.109473 -0.0776323 -0.990954
    outer loop
      vertex 6.79793 8.68826 4.45877
      vertex 7.43151 7.79482 4.45877
      vertex 6.18044 6.48259 4.69978
    endloop
  endfacet
  facet normal -0.116215 -0.192265 -0.974437
    outer loop
      vertex 5.30238 16.3607 3.48882
      vertex 5.91987 14.1551 3.85036
      vertex 4.8058 14.8285 3.85036
    endloop
  endfacet
  facet normal -0.138074 -0.728372 -0.671125
    outer loop
      vertex 1.81308 23.5275 0.754465
      vertex 3.53886 22.7383 1.25593
      vertex 1.77799 23.0721 1.25593
    endloop
  endfacet
  facet normal -0.0133608 -0.212974 -0.976967
    outer loop
      vertex 1.3581 17.6235 3.48882
      vertex 1.23091 15.973 3.85036
      vertex 0 17.7087 3.48882
    endloop
  endfacet
  facet normal -0.381324 -0.0442647 -0.923381
    outer loop
      vertex 15.7313 3.9993 2.66848
      vertex 15.9623 2.00932 2.66848
      vertex 14.7314 3.74508 3.09359
    endloop
  endfacet
  facet normal -0.169972 -0.896608 -0.408904
    outer loop
      vertex 3.64379 23.4125 0.245642
      vertex 3.6087 23.1871 0.754465
      vertex 1.81308 23.5275 0.754465
    endloop
  endfacet
  facet normal 0.00272072 0.0433217 -0.999057
    outer loop
      vertex 0 -3.50686 5.14361
      vertex 0 -5.80723 5.04386
      vertex -0.445363 -5.77926 5.04386
    endloop
  endfacet
  facet normal -0.233861 -0.246723 -0.940445
    outer loop
      vertex 10.1754 15.8465 2.66848
      vertex 9.52857 14.8392 3.09359
      vertex 8.34465 15.9614 3.09359
    endloop
  endfacet
  facet normal 0.807578 -0.0937097 -0.582268
    outer loop
      vertex -18.1422 4.61219 0.754465
      vertex -17.791 4.52292 1.25593
      vertex -18.4085 2.31725 0.754465
    endloop
  endfacet
  facet normal 0.529589 -0.148263 -0.835197
    outer loop
      vertex -16.2666 8.61149 1.7452
      vertex -16.1767 6.2717 2.21756
      vertex -16.8487 6.53225 1.7452
    endloop
  endfacet
  facet normal 0.458068 -0.0531732 -0.887326
    outer loop
      vertex -15.7313 3.9993 2.66848
      vertex -15.9623 2.00932 2.66848
      vertex -16.8232 2.11769 2.21756
    endloop
  endfacet
  facet normal 0.778014 0.217807 -0.589283
    outer loop
      vertex -16.7588 -8.87204 1.25593
      vertex -17.0896 -9.04714 0.754465
      vertex -17.3585 -6.72989 1.25593
    endloop
  endfacet
  facet normal 0.676218 -0.0259981 -0.736243
    outer loop
      vertex -17.5221 2.20567 1.7452
      vertex -17.6069 0 1.7452
      vertex -18.1396 0 1.25593
    endloop
  endfacet
  facet normal 0.608121 0.793844 -0
    outer loop
      vertex -8.8045 -21.0525 0
      vertex -10.3766 -19.8482 0.245642
      vertex -8.8045 -21.0525 0.245642
    endloop
  endfacet
  facet normal 0.608121 0.793844 0
    outer loop
      vertex -10.3766 -19.8482 0.245642
      vertex -8.8045 -21.0525 0
      vertex -10.3766 -19.8482 0
    endloop
  endfacet
  facet normal 0.303709 0.0850283 -0.948963
    outer loop
      vertex -13.2592 -5.14057 3.48882
      vertex -12.8011 -6.77684 3.48882
      vertex -14.3732 -5.5725 3.09359
    endloop
  endfacet
  facet normal 0.222876 -0.00857106 -0.974809
    outer loop
      vertex -12.4977 1.5732 3.85036
      vertex -11.0859 1.39549 4.17471
      vertex -12.5582 0 3.85036
    endloop
  endfacet
  facet normal -0.186302 0.982492 0
    outer loop
      vertex 3.64379 -23.4125 0
      vertex 1.83071 -23.7563 0.245642
      vertex 3.64379 -23.4125 0.245642
    endloop
  endfacet
  facet normal -0.186302 0.982492 0
    outer loop
      vertex 1.83071 -23.7563 0.245642
      vertex 3.64379 -23.4125 0
      vertex 1.83071 -23.7563 0
    endloop
  endfacet
  facet normal -0.227226 0.709784 -0.666765
    outer loop
      vertex 5.26564 -22.1855 1.25593
      vertex 5.36957 -22.6233 0.754465
      vertex 3.53886 -22.7383 1.25593
    endloop
  endfacet
  facet normal 0.905747 0.253551 -0.339609
    outer loop
      vertex -17.7011 -6.86271 0.754465
      vertex -17.0896 -9.04714 0.754465
      vertex -17.8732 -6.92945 0.245642
    endloop
  endfacet
  facet normal 0.880591 0.325843 -0.344071
    outer loop
      vertex -16.3134 -11.1444 0.754465
      vertex -16.4721 -11.2528 0.245642
      vertex -17.2557 -9.13512 0.245642
    endloop
  endfacet
  facet normal 0.753981 0.279023 -0.594692
    outer loop
      vertex -15.9977 -10.9287 1.25593
      vertex -16.3134 -11.1444 0.754465
      vertex -16.7588 -8.87204 1.25593
    endloop
  endfacet
  facet normal 0.42146 0.155968 -0.893334
    outer loop
      vertex -14.8186 -7.8449 2.66848
      vertex -14.9085 -10.1847 2.21756
      vertex -15.6178 -8.26801 2.21756
    endloop
  endfacet
  facet normal -0.428543 -0.4521 -0.782277
    outer loop
      vertex 11.5076 17.9213 1.25593
      vertex 11.1697 17.395 1.7452
      vertex 10.0778 19.2766 1.25593
    endloop
  endfacet
  facet normal -0.686025 -0.398104 -0.609001
    outer loop
      vertex 14.2988 14.9979 0.754465
      vertex 15.3802 13.1344 0.754465
      vertex 14.0221 14.7076 1.25593
    endloop
  endfacet
  facet normal -0.0708224 -0.373572 -0.924894
    outer loop
      vertex 3.29792 21.1902 2.21756
      vertex 3.12916 20.1058 2.66848
      vertex 1.65694 21.5013 2.21756
    endloop
  endfacet
  facet normal -0.981328 -0.192344 0
    outer loop
      vertex 18.3186 4.65704 0
      vertex 17.8732 6.92945 0.245642
      vertex 17.8732 6.92945 0
    endloop
  endfacet
  facet normal -0.981328 -0.192344 0
    outer loop
      vertex 17.8732 6.92945 0.245642
      vertex 18.3186 4.65704 0
      vertex 18.3186 4.65704 0.245642
    endloop
  endfacet
  facet normal -0.905383 0.424597 0
    outer loop
      vertex 15.5298 -13.2621 0
      vertex 16.4721 -11.2528 0.245642
      vertex 16.4721 -11.2528 0
    endloop
  endfacet
  facet normal -0.905383 0.424597 0
    outer loop
      vertex 16.4721 -11.2528 0.245642
      vertex 15.5298 -13.2621 0
      vertex 15.5298 -13.2621 0.245642
    endloop
  endfacet
  facet normal 0.210333 0.0588863 -0.975855
    outer loop
      vertex -10.6599 -4.13284 4.17471
      vertex -10.2916 -5.44835 4.17471
      vertex -11.6022 -6.14217 3.85036
    endloop
  endfacet
  facet normal 0.278773 -0.870794 -0.404972
    outer loop
      vertex -3.64379 23.4125 0.245642
      vertex -3.6087 23.1871 0.754465
      vertex -5.42178 22.8433 0.245642
    endloop
  endfacet
  facet normal -0.265865 -0.0308545 -0.963516
    outer loop
      vertex 13.5896 3.4548 3.48882
      vertex 13.7891 1.73576 3.48882
      vertex 12.3169 3.13125 3.85036
    endloop
  endfacet
  facet normal -0.117087 0.365722 -0.92333
    outer loop
      vertex 4.90715 -20.675 2.21756
      vertex 3.29792 -21.1902 2.21756
      vertex 3.12916 -20.1058 2.66848
    endloop
  endfacet
  facet normal -0.384819 0.0147851 -0.922874
    outer loop
      vertex 16.0395 0 2.66848
      vertex 15.9623 -2.00932 2.66848
      vertex 15.02 0 3.09359
    endloop
  endfacet
  facet normal 0.349426 0.247781 -0.903607
    outer loop
      vertex -12.3987 -13.0049 2.66848
      vertex -11.3417 -14.4955 2.66848
      vertex -13.0674 -13.7063 2.21756
    endloop
  endfacet
  facet normal -0.415878 0.90942 0
    outer loop
      vertex 7.14756 -22.0541 0
      vertex 5.42178 -22.8433 0.245642
      vertex 7.14756 -22.0541 0.245642
    endloop
  endfacet
  facet normal -0.415878 0.90942 0
    outer loop
      vertex 5.42178 -22.8433 0.245642
      vertex 7.14756 -22.0541 0
      vertex 5.42178 -22.8433 0
    endloop
  endfacet
  facet normal -0.458628 0.266132 -0.847841
    outer loop
      vertex 14.0557 -12.0033 2.21756
      vertex 14.6396 -12.5019 1.7452
      vertex 13.6103 -14.2757 1.7452
    endloop
  endfacet
  facet normal -0.381235 0.833665 -0.399578
    outer loop
      vertex 7.07872 -21.8417 0.754465
      vertex 7.14756 -22.0541 0.245642
      vertex 5.42178 -22.8433 0.245642
    endloop
  endfacet
  facet normal 0.262889 0.226948 -0.937755
    outer loop
      vertex -9.52857 -14.8392 3.09359
      vertex -10.1754 -15.8465 2.66848
      vertex -11.3417 -14.4955 2.66848
    endloop
  endfacet
  facet normal 0.0194831 0.310089 -0.950508
    outer loop
      vertex -1.47221 -19.1042 3.09359
      vertex 0 -19.1967 3.09359
      vertex -1.57215 -20.401 2.66848
    endloop
  endfacet
  facet normal -0.115545 -0.150831 -0.981784
    outer loop
      vertex 6.97694 13.3453 3.85036
      vertex 6.18882 11.8378 4.17471
      vertex 5.25116 12.5561 4.17471
    endloop
  endfacet
  facet normal -0.0410616 0.0291185 -0.998732
    outer loop
      vertex 3.51235 -3.68406 5.04386
      vertex 3.2129 -4.10633 5.04386
      vertex 1.9402 -2.47972 5.14361
    endloop
  endfacet
  facet normal 0.111356 -0.0218237 -0.993541
    outer loop
      vertex -7.65101 2.96629 4.69978
      vertex -6.02857 2.33728 4.89544
      vertex -7.84165 1.99354 4.69978
    endloop
  endfacet
  facet normal 0.220771 0.0256189 -0.974989
    outer loop
      vertex -11.0859 -1.39549 4.17471
      vertex -12.3169 -3.13125 3.85036
      vertex -12.4977 -1.5732 3.85036
    endloop
  endfacet
  facet normal -0.636996 -0.672052 -0.377601
    outer loop
      vertex 10.3766 19.8482 0.245642
      vertex 11.8489 18.4527 0.245642
      vertex 10.2767 19.657 0.754465
    endloop
  endfacet
  facet normal -0.458628 -0.266132 -0.847841
    outer loop
      vertex 14.6396 12.5019 1.7452
      vertex 14.0557 12.0033 2.21756
      vertex 13.6103 14.2757 1.7452
    endloop
  endfacet
  facet normal -0.220767 0.0256221 -0.97499
    outer loop
      vertex 11.0859 -1.39549 4.17471
      vertex 12.3169 -3.13125 3.85036
      vertex 10.9255 -2.77754 4.17471
    endloop
  endfacet
  facet normal -0.166061 -0.11777 -0.979058
    outer loop
      vertex 8.87995 11.3492 3.85036
      vertex 9.70758 10.1822 3.85036
      vertex 8.61101 9.03199 4.17471
    endloop
  endfacet
  facet normal -0.643821 -0.180243 -0.743645
    outer loop
      vertex 17.3585 6.72989 1.25593
      vertex 16.8487 6.53225 1.7452
      vertex 16.2666 8.61149 1.7452
    endloop
  endfacet
  facet normal -0.0548034 0.00636059 -0.998477
    outer loop
      vertex 2.73065 -0.343732 5.14361
      vertex 4.52185 -0.569207 5.04386
      vertex 2.69114 -0.684154 5.14361
    endloop
  endfacet
  facet normal -0.0762408 -0.0282141 -0.99669
    outer loop
      vertex 5.82029 3.08124 4.89544
      vertex 4.19786 2.22233 5.04386
      vertex 4.00721 2.73751 5.04386
    endloop
  endfacet
  facet normal -0.147515 0.0856016 -0.985348
    outer loop
      vertex 7.99352 -6.82632 4.45877
      vertex 8.61101 -9.03199 4.17471
      vertex 7.43151 -7.79482 4.45877
    endloop
  endfacet
  facet normal 0.0794005 0.0222291 -0.996595
    outer loop
      vertex -4.34808 -1.68575 5.04386
      vertex -5.82029 -3.08124 4.89544
      vertex -6.02857 -2.33728 4.89544
    endloop
  endfacet
  facet normal 0.0553357 0.00212707 -0.998466
    outer loop
      vertex -2.73065 -0.343732 5.14361
      vertex -4.52185 -0.569207 5.04386
      vertex -4.54373 0 5.04386
    endloop
  endfacet
  facet normal 0.0842157 0.0032372 -0.996442
    outer loop
      vertex -4.54373 0 5.04386
      vertex -4.52185 -0.569207 5.04386
      vertex -6.29984 0 4.89544
    endloop
  endfacet
  facet normal 0.687924 -0.725783 0
    outer loop
      vertex -11.8489 18.4527 0
      vertex -10.3766 19.8482 0.245642
      vertex -11.8489 18.4527 0.245642
    endloop
  endfacet
  facet normal 0.687924 -0.725783 0
    outer loop
      vertex -10.3766 19.8482 0.245642
      vertex -11.8489 18.4527 0
      vertex -10.3766 19.8482 0
    endloop
  endfacet
  facet normal 0.437692 -0.122539 -0.890736
    outer loop
      vertex -15.6178 8.26801 2.21756
      vertex -15.3489 5.95075 2.66848
      vertex -16.1767 6.2717 2.21756
    endloop
  endfacet
  facet normal 0.553247 -0.0642065 -0.830539
    outer loop
      vertex -16.5798 4.21499 2.21756
      vertex -16.8232 2.11769 2.21756
      vertex -17.5221 2.20567 1.7452
    endloop
  endfacet
  facet normal 0.462156 0.0177644 -0.886621
    outer loop
      vertex -15.9623 -2.00932 2.66848
      vertex -16.8232 -2.11769 2.21756
      vertex -16.9046 0 2.21756
    endloop
  endfacet
  facet normal 0.981328 -0.192344 0
    outer loop
      vertex -18.3186 4.65704 0.245642
      vertex -17.8732 6.92945 0
      vertex -17.8732 6.92945 0.245642
    endloop
  endfacet
  facet normal 0.981328 -0.192344 0
    outer loop
      vertex -17.8732 6.92945 0
      vertex -18.3186 4.65704 0.245642
      vertex -18.3186 4.65704 0
    endloop
  endfacet
  facet normal 0.510632 0.188967 -0.838777
    outer loop
      vertex -15.6178 -8.26801 2.21756
      vertex -14.9085 -10.1847 2.21756
      vertex -16.2666 -8.61149 1.7452
    endloop
  endfacet
  facet normal 0.942207 -0.0362286 -0.333066
    outer loop
      vertex -18.4085 2.31725 0.754465
      vertex -18.4976 0 0.754465
      vertex -18.5875 2.33979 0.245642
    endloop
  endfacet
  facet normal 0.942187 0.0362412 -0.333121
    outer loop
      vertex -18.4976 0 0.754465
      vertex -18.5875 -2.33979 0.245642
      vertex -18.6775 0 0.245642
    endloop
  endfacet
  facet normal 0.936236 -0.108643 -0.334153
    outer loop
      vertex -18.3186 4.65704 0.245642
      vertex -18.1422 4.61219 0.754465
      vertex -18.5875 2.33979 0.245642
    endloop
  endfacet
  facet normal 0.686025 0.398104 -0.609001
    outer loop
      vertex -14.0221 -14.7076 1.25593
      vertex -14.2988 -14.9979 0.754465
      vertex -15.3802 -13.1344 0.754465
    endloop
  endfacet
  facet normal 0.813462 -0.0312782 -0.580777
    outer loop
      vertex -18.4085 2.31725 0.754465
      vertex -18.0522 2.2724 1.25593
      vertex -18.4976 0 0.754465
    endloop
  endfacet
  facet normal 0.199156 0.435494 -0.877885
    outer loop
      vertex -6.46911 -19.9607 2.21756
      vertex -4.90715 -20.675 2.21756
      vertex -6.73786 -20.79 1.7452
    endloop
  endfacet
  facet normal 0.00134792 0.0214633 -0.999769
    outer loop
      vertex -0.0899363 -1.16707 5.19372
      vertex 0 -3.50686 5.14361
      vertex -0.268945 -3.48997 5.14361
    endloop
  endfacet
  facet normal 0.27751 0.130135 -0.951868
    outer loop
      vertex -12.2197 -8.34784 3.48882
      vertex -11.5207 -9.83844 3.48882
      vertex -12.4887 -10.6651 3.09359
    endloop
  endfacet
  facet normal 0.332995 0.156146 -0.92991
    outer loop
      vertex -13.2464 -9.04924 3.09359
      vertex -12.4887 -10.6651 3.09359
      vertex -13.3364 -11.389 2.66848
    endloop
  endfacet
  facet normal -0.0447989 0.139928 -0.989148
    outer loop
      vertex 2.79072 -11.758 4.45877
      vertex 3.23365 -13.6242 4.17471
      vertex 1.87554 -12.051 4.45877
    endloop
  endfacet
  facet normal -0.138074 0.728372 -0.671125
    outer loop
      vertex 3.53886 -22.7383 1.25593
      vertex 1.81308 -23.5275 0.754465
      vertex 1.77799 -23.0721 1.25593
    endloop
  endfacet
  facet normal 0.00414282 0.065983 -0.997812
    outer loop
      vertex -0.445363 -5.77926 5.04386
      vertex 0 -8.05167 4.89544
      vertex -0.617492 -8.0129 4.89544
    endloop
  endfacet
  facet normal 0.0491768 0.0813542 -0.995471
    outer loop
      vertex -2.96972 -7.10094 4.89544
      vertex -3.05966 -9.44072 4.69978
      vertex -3.76895 -9.01197 4.69978
    endloop
  endfacet
  facet normal 0.415878 0.90942 -0
    outer loop
      vertex -5.42178 -22.8433 0
      vertex -7.14756 -22.0541 0.245642
      vertex -5.42178 -22.8433 0.245642
    endloop
  endfacet
  facet normal 0.415878 0.90942 0
    outer loop
      vertex -7.14756 -22.0541 0.245642
      vertex -5.42178 -22.8433 0
      vertex -7.14756 -22.0541 0
    endloop
  endfacet
  facet normal 0.464882 0.606822 -0.644711
    outer loop
      vertex -10.0778 -19.2766 1.25593
      vertex -8.71971 -20.8498 0.754465
      vertex -10.2767 -19.657 0.754465
    endloop
  endfacet
  facet normal 0.312177 0.682647 -0.660711
    outer loop
      vertex -6.94172 -21.419 1.25593
      vertex -5.36957 -22.6233 0.754465
      vertex -7.07872 -21.8417 0.754465
    endloop
  endfacet
  facet normal 0.462141 0.0177559 -0.886628
    outer loop
      vertex -16.0395 0 2.66848
      vertex -15.9623 -2.00932 2.66848
      vertex -16.9046 0 2.21756
    endloop
  endfacet
  facet normal 0.437691 0.122539 -0.890736
    outer loop
      vertex -15.3489 -5.95075 2.66848
      vertex -14.8186 -7.8449 2.66848
      vertex -15.6178 -8.26801 2.21756
    endloop
  endfacet
  facet normal 0.462156 -0.0177644 -0.886621
    outer loop
      vertex -16.8232 2.11769 2.21756
      vertex -15.9623 2.00932 2.66848
      vertex -16.9046 0 2.21756
    endloop
  endfacet
  facet normal 0.312546 0.0612634 -0.947925
    outer loop
      vertex -13.5896 -3.4548 3.48882
      vertex -14.3732 -5.5725 3.09359
      vertex -14.7314 -3.74508 3.09359
    endloop
  endfacet
  facet normal 0.278794 0.870735 -0.405087
    outer loop
      vertex -5.36957 -22.6233 0.754465
      vertex -3.6087 -23.1871 0.754465
      vertex -5.42178 -22.8433 0.245642
    endloop
  endfacet
  facet normal -0.848345 -0.397827 -0.349349
    outer loop
      vertex 16.4721 11.2528 0.245642
      vertex 16.3134 11.1444 0.754465
      vertex 15.3802 13.1344 0.754465
    endloop
  endfacet
  facet normal -0.753981 -0.279023 -0.594692
    outer loop
      vertex 16.3134 11.1444 0.754465
      vertex 16.7588 8.87204 1.25593
      vertex 15.9977 10.9287 1.25593
    endloop
  endfacet
  facet normal -0.590016 -0.50932 -0.626478
    outer loop
      vertex 13.0798 16.7169 0.754465
      vertex 12.8266 16.3934 1.25593
      vertex 11.7348 18.275 0.754465
    endloop
  endfacet
  facet normal -0.643814 -0.180237 -0.743651
    outer loop
      vertex 16.7588 8.87204 1.25593
      vertex 17.3585 6.72989 1.25593
      vertex 16.2666 8.61149 1.7452
    endloop
  endfacet
  facet normal -0.58997 -0.509307 -0.626531
    outer loop
      vertex 11.7348 18.275 0.754465
      vertex 12.8266 16.3934 1.25593
      vertex 11.5076 17.9213 1.25593
    endloop
  endfacet
  facet normal -0.35011 0.129563 -0.927705
    outer loop
      vertex 14.8186 -7.8449 2.66848
      vertex 14.1456 -9.6635 2.66848
      vertex 13.8767 -7.34624 3.09359
    endloop
  endfacet
  facet normal 0.186302 -0.982492 0
    outer loop
      vertex -3.64379 23.4125 0
      vertex -1.83071 23.7563 0.245642
      vertex -3.64379 23.4125 0.245642
    endloop
  endfacet
  facet normal 0.186302 -0.982492 0
    outer loop
      vertex -1.83071 23.7563 0.245642
      vertex -3.64379 23.4125 0
      vertex -1.83071 23.7563 0
    endloop
  endfacet
  facet normal -0.278794 -0.870735 -0.405087
    outer loop
      vertex 5.42178 22.8433 0.245642
      vertex 5.36957 22.6233 0.754465
      vertex 3.6087 23.1871 0.754465
    endloop
  endfacet
  facet normal -0.813462 -0.0312782 -0.580777
    outer loop
      vertex 18.4085 2.31725 0.754465
      vertex 18.4976 0 0.754465
      vertex 18.0522 2.2724 1.25593
    endloop
  endfacet
  facet normal -0.437691 0.122539 -0.890736
    outer loop
      vertex 15.3489 -5.95075 2.66848
      vertex 15.6178 -8.26801 2.21756
      vertex 14.8186 -7.8449 2.66848
    endloop
  endfacet
  facet normal -0.813462 0.0312782 -0.580777
    outer loop
      vertex 18.4976 0 0.754465
      vertex 18.4085 -2.31725 0.754465
      vertex 18.0522 -2.2724 1.25593
    endloop
  endfacet
  facet normal -0.670893 -0.0778561 -0.737456
    outer loop
      vertex 17.791 4.52292 1.25593
      vertex 17.5221 2.20567 1.7452
      vertex 17.2686 4.3901 1.7452
    endloop
  endfacet
  facet normal -0.462156 0.0177644 -0.886621
    outer loop
      vertex 16.9046 0 2.21756
      vertex 16.8232 -2.11769 2.21756
      vertex 15.9623 -2.00932 2.66848
    endloop
  endfacet
  facet normal -0.18128 0.0210392 -0.983206
    outer loop
      vertex 11.0859 -1.39549 4.17471
      vertex 10.9255 -2.77754 4.17471
      vertex 9.429 -2.39709 4.45877
    endloop
  endfacet
  facet normal -0.265862 0.0308513 -0.963517
    outer loop
      vertex 12.4977 -1.5732 3.85036
      vertex 13.7891 -1.73576 3.48882
      vertex 12.3169 -3.13125 3.85036
    endloop
  endfacet
  facet normal -0.29199 0.108069 -0.950296
    outer loop
      vertex 13.8767 -7.34624 3.09359
      vertex 13.2464 -9.04924 3.09359
      vertex 12.2197 -8.34784 3.48882
    endloop
  endfacet
  facet normal -0.937853 -0.347032 0
    outer loop
      vertex 17.2557 9.13512 0
      vertex 16.4721 11.2528 0.245642
      vertex 16.4721 11.2528 0
    endloop
  endfacet
  facet normal -0.937853 -0.347032 0
    outer loop
      vertex 16.4721 11.2528 0.245642
      vertex 17.2557 9.13512 0
      vertex 17.2557 9.13512 0.245642
    endloop
  endfacet
  facet normal -0.660043 -0.12938 -0.740002
    outer loop
      vertex 17.3585 6.72989 1.25593
      vertex 17.2686 4.3901 1.7452
      vertex 16.8487 6.53225 1.7452
    endloop
  endfacet
  facet normal -0.349424 0.247778 -0.903609
    outer loop
      vertex 13.0674 -13.7063 2.21756
      vertex 11.9534 -15.2773 2.21756
      vertex 11.3417 -14.4955 2.66848
    endloop
  endfacet
  facet normal -0.561678 0.32593 -0.760452
    outer loop
      vertex 14.6396 -12.5019 1.7452
      vertex 15.0825 -12.8802 1.25593
      vertex 13.6103 -14.2757 1.7452
    endloop
  endfacet
  facet normal -0.133218 0.291329 -0.947302
    outer loop
      vertex 5.7479 -17.7354 3.09359
      vertex 6.13806 -18.9393 2.66848
      vertex 4.65603 -19.617 2.66848
    endloop
  endfacet
  facet normal -0.0330546 0.174364 -0.984126
    outer loop
      vertex 2.44997 -15.7419 3.85036
      vertex 1.23091 -15.973 3.85036
      vertex 1.09187 -14.1687 4.17471
    endloop
  endfacet
  facet normal -0.28921 0.205093 -0.935037
    outer loop
      vertex 11.6106 -12.1782 3.09359
      vertex 11.3417 -14.4955 2.66848
      vertex 10.6207 -13.5741 3.09359
    endloop
  endfacet
  facet normal -0.167952 0.219245 -0.961105
    outer loop
      vertex 7.69786 -14.7243 3.48882
      vertex 8.34465 -15.9614 3.09359
      vertex 7.08037 -16.9299 3.09359
    endloop
  endfacet
  facet normal -0.15066 0.13006 -0.979993
    outer loop
      vertex 7.87687 -10.0672 4.17471
      vertex 8.87995 -11.3492 3.85036
      vertex 7.06687 -11.0055 4.17471
    endloop
  endfacet
  facet normal 0.0723473 0.0339287 -0.996802
    outer loop
      vertex -3.77797 -3.22632 5.04386
      vertex -5.23812 -4.47327 4.89544
      vertex -5.55596 -3.79553 4.89544
    endloop
  endfacet
  facet normal 0.00925249 0.0202327 -0.999752
    outer loop
      vertex -0.351136 -1.08345 5.19372
      vertex -0.7965 -3.35585 5.14361
      vertex -1.05003 -3.23991 5.14361
    endloop
  endfacet
  facet normal -0.191892 -0.0899938 -0.977281
    outer loop
      vertex 10.4417 8.91705 3.85036
      vertex 11.0753 7.56604 3.85036
      vertex 9.26222 7.90977 4.17471
    endloop
  endfacet
  facet normal -0.233861 -0.246725 -0.940444
    outer loop
      vertex 8.91108 17.0449 2.66848
      vertex 10.1754 15.8465 2.66848
      vertex 8.34465 15.9614 3.09359
    endloop
  endfacet
  facet normal 0.0194685 -0.310106 -0.950503
    outer loop
      vertex 0 20.4997 2.66848
      vertex 0 19.1967 3.09359
      vertex -1.57215 20.401 2.66848
    endloop
  endfacet
  facet normal 0.260856 -0.051126 -0.964023
    outer loop
      vertex -13.2592 5.14057 3.48882
      vertex -12.3169 3.13125 3.85036
      vertex -13.5896 3.4548 3.48882
    endloop
  endfacet
  facet normal 0.561183 -0.732525 -0.385332
    outer loop
      vertex -8.8045 21.0525 0.245642
      vertex -8.71971 20.8498 0.754465
      vertex -10.2767 19.657 0.754465
    endloop
  endfacet
  facet normal 0.169972 -0.896608 -0.408904
    outer loop
      vertex -1.81308 23.5275 0.754465
      vertex -3.6087 23.1871 0.754465
      vertex -3.64379 23.4125 0.245642
    endloop
  endfacet
  facet normal -0.381238 -0.833667 -0.399571
    outer loop
      vertex 5.42178 22.8433 0.245642
      vertex 7.07872 21.8417 0.754465
      vertex 5.36957 22.6233 0.754465
    endloop
  endfacet
  facet normal -0.168735 -0.279117 -0.945316
    outer loop
      vertex 6.13806 18.9393 2.66848
      vertex 7.56098 18.0791 2.66848
      vertex 5.7479 17.7354 3.09359
    endloop
  endfacet
  facet normal -0.486985 -0.228363 -0.843028
    outer loop
      vertex 14.6396 12.5019 1.7452
      vertex 14.9085 10.1847 2.21756
      vertex 14.0557 12.0033 2.21756
    endloop
  endfacet
  facet normal -0.384816 -0.0147865 -0.922875
    outer loop
      vertex 15.9623 2.00932 2.66848
      vertex 15.02 0 3.09359
      vertex 14.9477 1.8816 3.09359
    endloop
  endfacet
  facet normal -0.199156 -0.435494 -0.877885
    outer loop
      vertex 6.73786 20.79 1.7452
      vertex 6.46911 19.9607 2.21756
      vertex 4.90715 20.675 2.21756
    endloop
  endfacet
  facet normal -0.109257 -0.576352 -0.809865
    outer loop
      vertex 3.53886 22.7383 1.25593
      vertex 3.43493 22.0705 1.7452
      vertex 1.72577 22.3945 1.7452
    endloop
  endfacet
  facet normal 0.0872898 -0.460433 -0.883392
    outer loop
      vertex -1.65694 21.5013 2.21756
      vertex -3.29792 21.1902 2.21756
      vertex -3.43493 22.0705 1.7452
    endloop
  endfacet
  facet normal 0.18128 -0.0210392 -0.983206
    outer loop
      vertex -10.9255 2.77754 4.17471
      vertex -9.429 2.39709 4.45877
      vertex -11.0859 1.39549 4.17471
    endloop
  endfacet
  facet normal 0.220771 -0.0256189 -0.974989
    outer loop
      vertex -12.3169 3.13125 3.85036
      vertex -11.0859 1.39549 4.17471
      vertex -12.4977 1.5732 3.85036
    endloop
  endfacet
  facet normal 0.00272065 0.0433217 -0.999057
    outer loop
      vertex -0.268945 -3.48997 5.14361
      vertex 0 -3.50686 5.14361
      vertex -0.445363 -5.77926 5.04386
    endloop
  endfacet
  facet normal 0.143081 -0.0280411 -0.989314
    outer loop
      vertex -7.65101 2.96629 4.69978
      vertex -7.84165 1.99354 4.69978
      vertex -9.19976 3.56674 4.45877
    endloop
  endfacet
  facet normal 0.0274277 0.00105408 -0.999623
    outer loop
      vertex -0.917565 0 5.19372
      vertex -2.73065 -0.343732 5.14361
      vertex -2.74386 0 5.14361
    endloop
  endfacet
  facet normal -0.0632674 -0.104665 -0.992493
    outer loop
      vertex 4.53188 10.8362 4.45877
      vertex 3.76895 9.01197 4.69978
      vertex 3.05966 9.44072 4.69978
    endloop
  endfacet
  facet normal -0.113543 0.0131775 -0.993446
    outer loop
      vertex 6.2695 -0.789201 4.89544
      vertex 7.84165 -1.99354 4.69978
      vertex 6.17879 -1.5708 4.89544
    endloop
  endfacet
  facet normal -0.165841 0.0613702 -0.984241
    outer loop
      vertex 8.88192 -4.70205 4.45877
      vertex 10.2916 -5.44835 4.17471
      vertex 8.47855 -5.79208 4.45877
    endloop
  endfacet
  facet normal 0.147515 0.0856016 -0.985348
    outer loop
      vertex -7.99352 -6.82632 4.45877
      vertex -7.43151 -7.79482 4.45877
      vertex -8.61101 -9.03199 4.17471
    endloop
  endfacet
  facet normal 0.0521673 -0.0146047 -0.998532
    outer loop
      vertex -4.19786 2.22233 5.04386
      vertex -2.535 1.34202 5.14361
      vertex -4.34808 1.68575 5.04386
    endloop
  endfacet
  facet normal -0.194235 0.204918 -0.959313
    outer loop
      vertex 8.79002 -13.689 3.48882
      vertex 9.52857 -14.8392 3.09359
      vertex 8.34465 -15.9614 3.09359
    endloop
  endfacet
  facet normal -0.00726571 0.115731 -0.993254
    outer loop
      vertex 0.783674 -10.1694 4.69978
      vertex 0.942309 -12.2279 4.45877
      vertex 0 -10.2186 4.69978
    endloop
  endfacet
  facet normal 0.686005 -0.398074 -0.609044
    outer loop
      vertex -14.0221 14.7076 1.25593
      vertex -15.0825 12.8802 1.25593
      vertex -15.3802 13.1344 0.754465
    endloop
  endfacet
  facet normal 0.590016 -0.50932 -0.626478
    outer loop
      vertex -11.7348 18.275 0.754465
      vertex -12.8266 16.3934 1.25593
      vertex -13.0798 16.7169 0.754465
    endloop
  endfacet
  facet normal 0.723358 -0.339235 -0.601392
    outer loop
      vertex -15.3802 13.1344 0.754465
      vertex -15.0825 12.8802 1.25593
      vertex -15.9977 10.9287 1.25593
    endloop
  endfacet
  facet normal 0.194252 -0.204921 -0.959309
    outer loop
      vertex -8.34465 15.9614 3.09359
      vertex -7.69786 14.7243 3.48882
      vertex -8.79002 13.689 3.48882
    endloop
  endfacet
  facet normal 0.51061 -0.188942 -0.838796
    outer loop
      vertex -15.5279 10.6078 1.7452
      vertex -14.9085 10.1847 2.21756
      vertex -16.2666 8.61149 1.7452
    endloop
  endfacet
  facet normal 0.676218 0.0259981 -0.736243
    outer loop
      vertex -17.6069 0 1.7452
      vertex -17.5221 -2.20567 1.7452
      vertex -18.1396 0 1.25593
    endloop
  endfacet
  facet normal 0.66012 -0.129364 -0.739937
    outer loop
      vertex -17.3585 6.72989 1.25593
      vertex -17.2686 4.3901 1.7452
      vertex -17.791 4.52292 1.25593
    endloop
  endfacet
  facet normal 0.93623 -0.108638 -0.334171
    outer loop
      vertex -18.1422 4.61219 0.754465
      vertex -18.4085 2.31725 0.754465
      vertex -18.5875 2.33979 0.245642
    endloop
  endfacet
  facet normal 0.670893 -0.0778561 -0.737456
    outer loop
      vertex -17.2686 4.3901 1.7452
      vertex -17.5221 2.20567 1.7452
      vertex -17.791 4.52292 1.25593
    endloop
  endfacet
  facet normal 0.109257 -0.576352 -0.809865
    outer loop
      vertex -1.72577 22.3945 1.7452
      vertex -3.43493 22.0705 1.7452
      vertex -3.53886 22.7383 1.25593
    endloop
  endfacet
  facet normal 0.622103 0.230199 -0.748329
    outer loop
      vertex -15.5279 -10.6078 1.7452
      vertex -15.9977 -10.9287 1.25593
      vertex -16.2666 -8.61149 1.7452
    endloop
  endfacet
  facet normal 0.374347 0.0733773 -0.924381
    outer loop
      vertex -14.7314 -3.74508 3.09359
      vertex -14.3732 -5.5725 3.09359
      vertex -15.7313 -3.9993 2.66848
    endloop
  endfacet
  facet normal 0.265862 0.0308513 -0.963517
    outer loop
      vertex -12.4977 -1.5732 3.85036
      vertex -12.3169 -3.13125 3.85036
      vertex -13.7891 -1.73576 3.48882
    endloop
  endfacet
  facet normal 0.147516 0.0856015 -0.985348
    outer loop
      vertex -7.99352 -6.82632 4.45877
      vertex -8.61101 -9.03199 4.17471
      vertex -9.26222 -7.90977 4.17471
    endloop
  endfacet
  facet normal 0.191892 0.0899938 -0.977281
    outer loop
      vertex -9.26222 -7.90977 4.17471
      vertex -10.4417 -8.91705 3.85036
      vertex -11.0753 -7.56604 3.85036
    endloop
  endfacet
  facet normal 0.0366061 0.583202 -0.811502
    outer loop
      vertex 0 -22.5029 1.7452
      vertex 0 -23.1837 1.25593
      vertex -1.77799 -23.0721 1.25593
    endloop
  endfacet
  facet normal 0.109473 0.0776323 -0.990954
    outer loop
      vertex -6.18044 -6.48259 4.69978
      vertex -6.79793 -8.68826 4.45877
      vertex -7.43151 -7.79482 4.45877
    endloop
  endfacet
  facet normal 0.70329 0.607131 -0.36983
    outer loop
      vertex -13.0798 -16.7169 0.754465
      vertex -11.8489 -18.4527 0.245642
      vertex -13.207 -16.8795 0.245642
    endloop
  endfacet
  facet normal 0.27752 0.130133 -0.951865
    outer loop
      vertex -12.2197 -8.34784 3.48882
      vertex -12.4887 -10.6651 3.09359
      vertex -13.2464 -9.04924 3.09359
    endloop
  endfacet
  facet normal -0.199156 0.435494 -0.877885
    outer loop
      vertex 6.46911 -19.9607 2.21756
      vertex 6.73786 -20.79 1.7452
      vertex 4.90715 -20.675 2.21756
    endloop
  endfacet
  facet normal -0.0463141 0.737883 -0.673338
    outer loop
      vertex 0 -23.1837 1.25593
      vertex 1.81308 -23.5275 0.754465
      vertex 0 -23.6413 0.754465
    endloop
  endfacet
  facet normal 0.109257 0.576353 -0.809864
    outer loop
      vertex -1.72577 -22.3945 1.7452
      vertex -1.77799 -23.0721 1.25593
      vertex -3.53886 -22.7383 1.25593
    endloop
  endfacet
  facet normal -0.144185 0.450363 -0.881127
    outer loop
      vertex 4.90715 -20.675 2.21756
      vertex 3.43493 -22.0705 1.7452
      vertex 3.29792 -21.1902 2.21756
    endloop
  endfacet
  facet normal 0.138074 0.728372 -0.671125
    outer loop
      vertex -1.77799 -23.0721 1.25593
      vertex -1.81308 -23.5275 0.754465
      vertex -3.53886 -22.7383 1.25593
    endloop
  endfacet
  facet normal 0.278773 0.870794 -0.404972
    outer loop
      vertex -3.6087 -23.1871 0.754465
      vertex -3.64379 -23.4125 0.245642
      vertex -5.42178 -22.8433 0.245642
    endloop
  endfacet
  facet normal 0.161934 0.354125 -0.921071
    outer loop
      vertex -4.65603 -19.617 2.66848
      vertex -4.90715 -20.675 2.21756
      vertex -6.13806 -18.9393 2.66848
    endloop
  endfacet
  facet normal 0.218533 0.188665 -0.957418
    outer loop
      vertex -8.79002 -13.689 3.48882
      vertex -9.52857 -14.8392 3.09359
      vertex -9.79752 -12.522 3.48882
    endloop
  endfacet
  facet normal 0.561137 0.732511 -0.385426
    outer loop
      vertex -10.2767 -19.657 0.754465
      vertex -8.8045 -21.0525 0.245642
      vertex -10.3766 -19.8482 0.245642
    endloop
  endfacet
  facet normal -0.170004 0.896543 -0.409035
    outer loop
      vertex 3.64379 -23.4125 0.245642
      vertex 1.83071 -23.7563 0.245642
      vertex 1.81308 -23.5275 0.754465
    endloop
  endfacet
  facet normal 0.864917 0.501915 0
    outer loop
      vertex -14.4379 -15.1437 0.245642
      vertex -15.5298 -13.2621 0
      vertex -15.5298 -13.2621 0.245642
    endloop
  endfacet
  facet normal 0.864917 0.501915 0
    outer loop
      vertex -15.5298 -13.2621 0
      vertex -14.4379 -15.1437 0.245642
      vertex -14.4379 -15.1437 0
    endloop
  endfacet
  facet normal 0.449886 0.0881583 -0.888724
    outer loop
      vertex -15.7313 -3.9993 2.66848
      vertex -15.3489 -5.95075 2.66848
      vertex -16.5798 -4.21499 2.21756
    endloop
  endfacet
  facet normal 0.753921 0.279027 -0.594767
    outer loop
      vertex -16.7588 -8.87204 1.25593
      vertex -16.3134 -11.1444 0.754465
      vertex -17.0896 -9.04714 0.754465
    endloop
  endfacet
  facet normal 0.37432 0.0733506 -0.924394
    outer loop
      vertex -14.3732 -5.5725 3.09359
      vertex -15.3489 -5.95075 2.66848
      vertex -15.7313 -3.9993 2.66848
    endloop
  endfacet
  facet normal 0.363921 0.101886 -0.92584
    outer loop
      vertex -13.8767 -7.34624 3.09359
      vertex -14.8186 -7.8449 2.66848
      vertex -15.3489 -5.95075 2.66848
    endloop
  endfacet
  facet normal 0.374347 -0.0733773 -0.924381
    outer loop
      vertex -14.3732 5.5725 3.09359
      vertex -14.7314 3.74508 3.09359
      vertex -15.7313 3.9993 2.66848
    endloop
  endfacet
  facet normal 0.458047 -0.0531581 -0.887337
    outer loop
      vertex -16.5798 4.21499 2.21756
      vertex -15.7313 3.9993 2.66848
      vertex -16.8232 2.11769 2.21756
    endloop
  endfacet
  facet normal 0.458068 0.0531732 -0.887326
    outer loop
      vertex -15.9623 -2.00932 2.66848
      vertex -15.7313 -3.9993 2.66848
      vertex -16.8232 -2.11769 2.21756
    endloop
  endfacet
  facet normal 0.55797 -0.0214473 -0.829584
    outer loop
      vertex -16.8232 2.11769 2.21756
      vertex -16.9046 0 2.21756
      vertex -17.6069 0 1.7452
    endloop
  endfacet
  facet normal -0.999261 0.0384366 0
    outer loop
      vertex 18.5875 -2.33979 0
      vertex 18.6775 0 0.245642
      vertex 18.6775 0 0
    endloop
  endfacet
  facet normal -0.999261 0.0384366 0
    outer loop
      vertex 18.6775 0 0.245642
      vertex 18.5875 -2.33979 0
      vertex 18.5875 -2.33979 0.245642
    endloop
  endfacet
  facet normal -0.778043 0.217802 -0.589246
    outer loop
      vertex 17.3585 -6.72989 1.25593
      vertex 17.7011 -6.86271 0.754465
      vertex 17.0896 -9.04714 0.754465
    endloop
  endfacet
  facet normal -0.723401 -0.339235 -0.60134
    outer loop
      vertex 16.3134 11.1444 0.754465
      vertex 15.9977 10.9287 1.25593
      vertex 15.3802 13.1344 0.754465
    endloop
  endfacet
  facet normal -0.81572 -0.578448 0
    outer loop
      vertex 14.4379 15.1437 0
      vertex 13.207 16.8795 0.245642
      vertex 13.207 16.8795 0
    endloop
  endfacet
  facet normal -0.81572 -0.578448 0
    outer loop
      vertex 13.207 16.8795 0.245642
      vertex 14.4379 15.1437 0
      vertex 14.4379 15.1437 0.245642
    endloop
  endfacet
  facet normal -0.993334 -0.115269 0
    outer loop
      vertex 18.5875 2.33979 0
      vertex 18.3186 4.65704 0.245642
      vertex 18.3186 4.65704 0
    endloop
  endfacet
  facet normal -0.993334 -0.115269 0
    outer loop
      vertex 18.3186 4.65704 0.245642
      vertex 18.5875 2.33979 0
      vertex 18.5875 2.33979 0.245642
    endloop
  endfacet
  facet normal -0.641624 -0.454997 -0.617492
    outer loop
      vertex 13.0798 16.7169 0.754465
      vertex 14.2988 14.9979 0.754465
      vertex 12.8266 16.3934 1.25593
    endloop
  endfacet
  facet normal -0.760285 -0.539137 -0.36235
    outer loop
      vertex 13.207 16.8795 0.245642
      vertex 14.4379 15.1437 0.245642
      vertex 13.0798 16.7169 0.754465
    endloop
  endfacet
  facet normal -0.240646 -0.170654 -0.955493
    outer loop
      vertex 10.6207 13.5741 3.09359
      vertex 11.6106 12.1782 3.09359
      vertex 9.79752 12.522 3.48882
    endloop
  endfacet
  facet normal -0.245463 -0.32044 -0.914913
    outer loop
      vertex 9.39169 17.9642 2.21756
      vertex 8.91108 17.0449 2.66848
      vertex 7.56098 18.0791 2.66848
    endloop
  endfacet
  facet normal -0.318039 -0.274552 -0.907454
    outer loop
      vertex 11.9534 15.2773 2.21756
      vertex 11.3417 14.4955 2.66848
      vertex 10.7242 16.7012 2.21756
    endloop
  endfacet
  facet normal -0.312634 -0.18142 -0.932388
    outer loop
      vertex 12.3987 13.0049 2.66848
      vertex 13.3364 11.389 2.66848
      vertex 11.6106 12.1782 3.09359
    endloop
  endfacet
  facet normal -0.42146 -0.155968 -0.893334
    outer loop
      vertex 14.9085 10.1847 2.21756
      vertex 15.6178 8.26801 2.21756
      vertex 14.8186 7.8449 2.66848
    endloop
  endfacet
  facet normal -0.807617 -0.0937337 -0.58221
    outer loop
      vertex 18.4085 2.31725 0.754465
      vertex 18.0522 2.2724 1.25593
      vertex 17.791 4.52292 1.25593
    endloop
  endfacet
  facet normal -0.905747 0.253551 -0.339609
    outer loop
      vertex 17.7011 -6.86271 0.754465
      vertex 17.8732 -6.92945 0.245642
      vertex 17.0896 -9.04714 0.754465
    endloop
  endfacet
  facet normal -0.924158 0.181134 -0.336338
    outer loop
      vertex 18.1422 -4.61219 0.754465
      vertex 17.8732 -6.92945 0.245642
      vertex 17.7011 -6.86271 0.754465
    endloop
  endfacet
  facet normal 0.381235 -0.833665 -0.399578
    outer loop
      vertex -5.42178 22.8433 0.245642
      vertex -7.07872 21.8417 0.754465
      vertex -7.14756 22.0541 0.245642
    endloop
  endfacet
  facet normal 0.304894 -0.952386 0
    outer loop
      vertex -5.42178 22.8433 0
      vertex -3.64379 23.4125 0.245642
      vertex -5.42178 22.8433 0.245642
    endloop
  endfacet
  facet normal 0.304894 -0.952386 0
    outer loop
      vertex -3.64379 23.4125 0.245642
      vertex -5.42178 22.8433 0
      vertex -3.64379 23.4125 0
    endloop
  endfacet
  facet normal -0.0626393 -0.998036 0
    outer loop
      vertex 0 23.8712 0
      vertex 1.83071 23.7563 0.245642
      vertex 0 23.8712 0.245642
    endloop
  endfacet
  facet normal -0.0626393 -0.998036 -0
    outer loop
      vertex 1.83071 23.7563 0.245642
      vertex 0 23.8712 0
      vertex 1.83071 23.7563 0
    endloop
  endfacet
  facet normal -0.93623 -0.108638 -0.334171
    outer loop
      vertex 18.5875 2.33979 0.245642
      vertex 18.4085 2.31725 0.754465
      vertex 18.1422 4.61219 0.754465
    endloop
  endfacet
  facet normal -0.807578 -0.0937097 -0.582268
    outer loop
      vertex 18.1422 4.61219 0.754465
      vertex 18.4085 2.31725 0.754465
      vertex 17.791 4.52292 1.25593
    endloop
  endfacet
  facet normal -0.66012 -0.129364 -0.739937
    outer loop
      vertex 17.3585 6.72989 1.25593
      vertex 17.791 4.52292 1.25593
      vertex 17.2686 4.3901 1.7452
    endloop
  endfacet
  facet normal -0.553242 -0.0642029 -0.830543
    outer loop
      vertex 17.2686 4.3901 1.7452
      vertex 17.5221 2.20567 1.7452
      vertex 16.5798 4.21499 2.21756
    endloop
  endfacet
  facet normal -0.126625 0.059384 -0.990172
    outer loop
      vertex 7.05121 -4.817 4.69978
      vertex 7.99352 -6.82632 4.45877
      vertex 6.64783 -5.67713 4.69978
    endloop
  endfacet
  facet normal -0.35008 0.129569 -0.927715
    outer loop
      vertex 13.8767 -7.34624 3.09359
      vertex 14.1456 -9.6635 2.66848
      vertex 13.2464 -9.04924 3.09359
    endloop
  endfacet
  facet normal -0.553242 0.0642029 -0.830543
    outer loop
      vertex 17.5221 -2.20567 1.7452
      vertex 17.2686 -4.3901 1.7452
      vertex 16.5798 -4.21499 2.21756
    endloop
  endfacet
  facet normal -0.676241 -0.0260093 -0.736221
    outer loop
      vertex 18.0522 2.2724 1.25593
      vertex 18.1396 0 1.25593
      vertex 17.5221 2.20567 1.7452
    endloop
  endfacet
  facet normal -0.260856 -0.051126 -0.964023
    outer loop
      vertex 13.2592 5.14057 3.48882
      vertex 13.5896 3.4548 3.48882
      vertex 12.3169 3.13125 3.85036
    endloop
  endfacet
  facet normal -0.172652 0.0483355 -0.983796
    outer loop
      vertex 9.19976 -3.56674 4.45877
      vertex 10.2916 -5.44835 4.17471
      vertex 8.88192 -4.70205 4.45877
    endloop
  endfacet
  facet normal -0.222881 0.00857671 -0.974808
    outer loop
      vertex 11.1396 0 4.17471
      vertex 12.5582 0 3.85036
      vertex 11.0859 -1.39549 4.17471
    endloop
  endfacet
  facet normal -0.37432 0.0733506 -0.924394
    outer loop
      vertex 15.7313 -3.9993 2.66848
      vertex 15.3489 -5.95075 2.66848
      vertex 14.3732 -5.5725 3.09359
    endloop
  endfacet
  facet normal -0.283283 0.298874 -0.911277
    outer loop
      vertex 10.1754 -15.8465 2.66848
      vertex 10.7242 -16.7012 2.21756
      vertex 9.39169 -17.9642 2.21756
    endloop
  endfacet
  facet normal -0.594715 0.278911 -0.754004
    outer loop
      vertex 15.5279 -10.6078 1.7452
      vertex 15.0825 -12.8802 1.25593
      vertex 14.6396 -12.5019 1.7452
    endloop
  endfacet
  facet normal -0.924151 -0.181137 -0.336353
    outer loop
      vertex 18.3186 4.65704 0.245642
      vertex 18.1422 4.61219 0.754465
      vertex 17.8732 6.92945 0.245642
    endloop
  endfacet
  facet normal -0.168735 0.279117 -0.945316
    outer loop
      vertex 7.56098 -18.0791 2.66848
      vertex 6.13806 -18.9393 2.66848
      vertex 5.7479 -17.7354 3.09359
    endloop
  endfacet
  facet normal -0.283294 0.298877 -0.911272
    outer loop
      vertex 10.1754 -15.8465 2.66848
      vertex 9.39169 -17.9642 2.21756
      vertex 8.91108 -17.0449 2.66848
    endloop
  endfacet
  facet normal -0.139912 0.231445 -0.962734
    outer loop
      vertex 7.08037 -16.9299 3.09359
      vertex 5.7479 -17.7354 3.09359
      vertex 5.30238 -16.3607 3.48882
    endloop
  endfacet
  facet normal -0.16153 0.170401 -0.972045
    outer loop
      vertex 8.79002 -13.689 3.48882
      vertex 7.69786 -14.7243 3.48882
      vertex 6.97694 -13.3453 3.85036
    endloop
  endfacet
  facet normal -0.373236 0.487225 -0.789498
    outer loop
      vertex 9.78185 -18.7105 1.7452
      vertex 10.0778 -19.2766 1.25593
      vertex 8.29982 -19.8458 1.7452
    endloop
  endfacet
  facet normal -0.27751 0.130135 -0.951868
    outer loop
      vertex 12.2197 -8.34784 3.48882
      vertex 12.4887 -10.6651 3.09359
      vertex 11.5207 -9.83844 3.48882
    endloop
  endfacet
  facet normal -0.27752 0.130133 -0.951865
    outer loop
      vertex 13.2464 -9.04924 3.09359
      vertex 12.4887 -10.6651 3.09359
      vertex 12.2197 -8.34784 3.48882
    endloop
  endfacet
  facet normal -0.181851 0.156982 -0.970715
    outer loop
      vertex 8.87995 -11.3492 3.85036
      vertex 8.79002 -13.689 3.48882
      vertex 7.96681 -12.407 3.85036
    endloop
  endfacet
  facet normal -0.291984 0.108058 -0.950299
    outer loop
      vertex 12.8011 -6.77684 3.48882
      vertex 13.8767 -7.34624 3.09359
      vertex 12.2197 -8.34784 3.48882
    endloop
  endfacet
  facet normal -0.0985156 0.0462009 -0.994062
    outer loop
      vertex 5.55596 -3.79553 4.89544
      vertex 7.05121 -4.817 4.69978
      vertex 5.23812 -4.47327 4.89544
    endloop
  endfacet
  facet normal -0.118623 0.068834 -0.990551
    outer loop
      vertex 6.64783 -5.67713 4.69978
      vertex 7.99352 -6.82632 4.45877
      vertex 6.18044 -6.48259 4.69978
    endloop
  endfacet
  facet normal -0.179851 0.104365 -0.978142
    outer loop
      vertex 9.26222 -7.90977 4.17471
      vertex 9.70758 -10.1822 3.85036
      vertex 8.61101 -9.03199 4.17471
    endloop
  endfacet
  facet normal -0.260845 0.0511314 -0.964026
    outer loop
      vertex 12.3169 -3.13125 3.85036
      vertex 13.2592 -5.14057 3.48882
      vertex 12.0174 -4.65914 3.85036
    endloop
  endfacet
  facet normal -0.0684867 -0.0722523 -0.995032
    outer loop
      vertex 4.44194 8.49643 4.69978
      vertex 3.99658 6.22402 4.89544
      vertex 3.5 6.69472 4.89544
    endloop
  endfacet
  facet normal -0.0834069 0.00968085 -0.996469
    outer loop
      vertex 4.52185 -0.569207 5.04386
      vertex 6.2695 -0.789201 4.89544
      vertex 4.45642 -1.13293 5.04386
    endloop
  endfacet
  facet normal -0.0274277 -0.00105408 -0.999623
    outer loop
      vertex 2.73065 0.343732 5.14361
      vertex 2.74386 0 5.14361
      vertex 0.917565 0 5.19372
    endloop
  endfacet
  facet normal -0.268375 -0.0103208 -0.963259
    outer loop
      vertex 13.7891 1.73576 3.48882
      vertex 12.5582 0 3.85036
      vertex 12.4977 1.5732 3.85036
    endloop
  endfacet
  facet normal -0.0946554 -0.123562 -0.987812
    outer loop
      vertex 5.25116 12.5561 4.17471
      vertex 6.18882 11.8378 4.17471
      vertex 4.53188 10.8362 4.45877
    endloop
  endfacet
  facet normal -0.00564569 -0.0899264 -0.995932
    outer loop
      vertex 0 10.2186 4.69978
      vertex 0.783674 10.1694 4.69978
      vertex 0 8.05167 4.89544
    endloop
  endfacet
  facet normal -0.260845 -0.0511314 -0.964026
    outer loop
      vertex 13.2592 5.14057 3.48882
      vertex 12.3169 3.13125 3.85036
      vertex 12.0174 4.65914 3.85036
    endloop
  endfacet
  facet normal -0.253381 -0.0709383 -0.964762
    outer loop
      vertex 13.2592 5.14057 3.48882
      vertex 12.0174 4.65914 3.85036
      vertex 11.6022 6.14217 3.85036
    endloop
  endfacet
  facet normal -0.144185 -0.450363 -0.881127
    outer loop
      vertex 3.43493 22.0705 1.7452
      vertex 4.90715 20.675 2.21756
      vertex 3.29792 21.1902 2.21756
    endloop
  endfacet
  facet normal -0.0872898 -0.460433 -0.883392
    outer loop
      vertex 3.43493 22.0705 1.7452
      vertex 3.29792 21.1902 2.21756
      vertex 1.65694 21.5013 2.21756
    endloop
  endfacet
  facet normal 0.116217 -0.192266 -0.974437
    outer loop
      vertex -5.30238 16.3607 3.48882
      vertex -5.91987 14.1551 3.85036
      vertex -6.53157 15.6177 3.48882
    endloop
  endfacet
  facet normal -0.0771889 -0.066636 -0.994787
    outer loop
      vertex 5.07215 7.89906 4.69978
      vertex 5.65352 7.22562 4.69978
      vertex 3.99658 6.22402 4.89544
    endloop
  endfacet
  facet normal -0.0922757 -0.0535455 -0.994293
    outer loop
      vertex 6.18044 6.48259 4.69978
      vertex 6.64783 5.67713 4.69978
      vertex 5.23812 4.47327 4.89544
    endloop
  endfacet
  facet normal -0.0961756 -0.159095 -0.982567
    outer loop
      vertex 4.8058 14.8285 3.85036
      vertex 5.25116 12.5561 4.17471
      vertex 4.26293 13.1535 4.17471
    endloop
  endfacet
  facet normal 0.251567 -0.416177 -0.873791
    outer loop
      vertex -6.73786 20.79 1.7452
      vertex -6.46911 19.9607 2.21756
      vertex -7.96877 19.0542 2.21756
    endloop
  endfacet
  facet normal 0.0133752 -0.212983 -0.976964
    outer loop
      vertex 0 17.7087 3.48882
      vertex 0 16.0503 3.85036
      vertex -1.23091 15.973 3.85036
    endloop
  endfacet
  facet normal 0.144185 -0.450363 -0.881127
    outer loop
      vertex -3.43493 22.0705 1.7452
      vertex -3.29792 21.1902 2.21756
      vertex -4.90715 20.675 2.21756
    endloop
  endfacet
  facet normal 0.0708224 -0.373572 -0.924894
    outer loop
      vertex -1.65694 21.5013 2.21756
      vertex -3.12916 20.1058 2.66848
      vertex -3.29792 21.1902 2.21756
    endloop
  endfacet
  facet normal 0.054733 -0.170929 -0.983762
    outer loop
      vertex -2.44997 15.7419 3.85036
      vertex -3.23365 13.6242 4.17471
      vertex -3.64544 15.3591 3.85036
    endloop
  endfacet
  facet normal 0.373236 -0.487225 -0.789498
    outer loop
      vertex -8.29982 19.8458 1.7452
      vertex -9.78185 18.7105 1.7452
      vertex -10.0778 19.2766 1.25593
    endloop
  endfacet
  facet normal -0.517317 -0.855794 0
    outer loop
      vertex 7.14756 22.0541 0
      vertex 8.8045 21.0525 0.245642
      vertex 7.14756 22.0541 0.245642
    endloop
  endfacet
  facet normal -0.517317 -0.855794 -0
    outer loop
      vertex 8.8045 21.0525 0.245642
      vertex 7.14756 22.0541 0
      vertex 8.8045 21.0525 0
    endloop
  endfacet
  facet normal -0.561183 -0.732525 -0.385332
    outer loop
      vertex 8.8045 21.0525 0.245642
      vertex 10.2767 19.657 0.754465
      vertex 8.71971 20.8498 0.754465
    endloop
  endfacet
  facet normal -0.388249 -0.335156 -0.858448
    outer loop
      vertex 11.1697 17.395 1.7452
      vertex 12.4499 15.912 1.7452
      vertex 10.7242 16.7012 2.21756
    endloop
  endfacet
  facet normal -0.313046 -0.517846 -0.796139
    outer loop
      vertex 8.55094 20.4462 1.25593
      vertex 8.29982 19.8458 1.7452
      vertex 6.94172 21.419 1.25593
    endloop
  endfacet
  facet normal -0.557979 -0.0214523 -0.829577
    outer loop
      vertex 17.5221 2.20567 1.7452
      vertex 17.6069 0 1.7452
      vertex 16.8232 2.11769 2.21756
    endloop
  endfacet
  facet normal -0.321441 -0.0123513 -0.946849
    outer loop
      vertex 14.9477 1.8816 3.09359
      vertex 15.02 0 3.09359
      vertex 13.7891 1.73576 3.48882
    endloop
  endfacet
  facet normal -0.458047 -0.0531581 -0.887337
    outer loop
      vertex 16.5798 4.21499 2.21756
      vertex 16.8232 2.11769 2.21756
      vertex 15.7313 3.9993 2.66848
    endloop
  endfacet
  facet normal -0.553247 -0.0642065 -0.830539
    outer loop
      vertex 17.5221 2.20567 1.7452
      vertex 16.8232 2.11769 2.21756
      vertex 16.5798 4.21499 2.21756
    endloop
  endfacet
  facet normal -0.318477 -0.0369602 -0.94721
    outer loop
      vertex 14.7314 3.74508 3.09359
      vertex 13.7891 1.73576 3.48882
      vertex 13.5896 3.4548 3.48882
    endloop
  endfacet
  facet normal -0.303697 -0.0850099 -0.948969
    outer loop
      vertex 13.8767 7.34624 3.09359
      vertex 14.3732 5.5725 3.09359
      vertex 12.8011 6.77684 3.48882
    endloop
  endfacet
  facet normal -0.0236966 -0.377537 -0.925691
    outer loop
      vertex 1.65694 21.5013 2.21756
      vertex 1.57215 20.401 2.66848
      vertex 0 21.6053 2.21756
    endloop
  endfacet
  facet normal -0.0481788 -0.254125 -0.965971
    outer loop
      vertex 1.47221 19.1042 3.09359
      vertex 2.70313 17.3685 3.48882
      vertex 1.3581 17.6235 3.48882
    endloop
  endfacet
  facet normal -0.227239 -0.709718 -0.66683
    outer loop
      vertex 3.6087 23.1871 0.754465
      vertex 5.36957 22.6233 0.754465
      vertex 3.53886 22.7383 1.25593
    endloop
  endfacet
  facet normal -0.0366061 -0.583202 -0.811502
    outer loop
      vertex 0 23.1837 1.25593
      vertex 1.77799 23.0721 1.25593
      vertex 0 22.5029 1.7452
    endloop
  endfacet
  facet normal -0.905383 -0.424597 0
    outer loop
      vertex 16.4721 11.2528 0
      vertex 15.5298 13.2621 0.245642
      vertex 15.5298 13.2621 0
    endloop
  endfacet
  facet normal -0.905383 -0.424597 0
    outer loop
      vertex 15.5298 13.2621 0.245642
      vertex 16.4721 11.2528 0
      vertex 16.4721 11.2528 0.245642
    endloop
  endfacet
  facet normal 0.210333 -0.0588863 -0.975855
    outer loop
      vertex -10.2916 5.44835 4.17471
      vertex -10.6599 4.13284 4.17471
      vertex -11.6022 6.14217 3.85036
    endloop
  endfacet
  facet normal 0.381324 -0.0442647 -0.923381
    outer loop
      vertex -15.7313 3.9993 2.66848
      vertex -14.7314 3.74508 3.09359
      vertex -15.9623 2.00932 2.66848
    endloop
  endfacet
  facet normal 0.381319 -0.0442609 -0.923383
    outer loop
      vertex -14.7314 3.74508 3.09359
      vertex -14.9477 1.8816 3.09359
      vertex -15.9623 2.00932 2.66848
    endloop
  endfacet
  facet normal 0.318467 0.0369655 -0.947213
    outer loop
      vertex -13.7891 -1.73576 3.48882
      vertex -14.7314 -3.74508 3.09359
      vertex -14.9477 -1.8816 3.09359
    endloop
  endfacet
  facet normal 0.0548035 -0.00636091 -0.998477
    outer loop
      vertex -4.45642 1.13293 5.04386
      vertex -2.69114 0.684154 5.14361
      vertex -4.52185 0.569207 5.04386
    endloop
  endfacet
  facet normal 0.0553357 -0.00212707 -0.998466
    outer loop
      vertex -4.52185 0.569207 5.04386
      vertex -2.73065 0.343732 5.14361
      vertex -4.54373 0 5.04386
    endloop
  endfacet
  facet normal 0.01636 0.0172593 -0.999717
    outer loop
      vertex -0.582097 -0.906523 5.19372
      vertex -1.52441 -2.91585 5.14361
      vertex -1.74069 -2.71084 5.14361
    endloop
  endfacet
  facet normal 0.0537442 -0.0105326 -0.998499
    outer loop
      vertex -4.34808 1.68575 5.04386
      vertex -2.69114 0.684154 5.14361
      vertex -4.45642 1.13293 5.04386
    endloop
  endfacet
  facet normal -0.0220579 -0.0127997 -0.999675
    outer loop
      vertex 2.28144 1.94831 5.14361
      vertex 0.762927 0.651526 5.19372
      vertex 0.709288 0.743963 5.19372
    endloop
  endfacet
  facet normal -0.0387557 0.0847489 -0.995648
    outer loop
      vertex 2.41084 -7.43877 4.89544
      vertex 3.05966 -9.44072 4.69978
      vertex 1.82875 -7.70496 4.89544
    endloop
  endfacet
  facet normal 0.0248249 0.00918665 -0.99965
    outer loop
      vertex -0.847719 -0.448779 5.19372
      vertex -0.80922 -0.552814 5.19372
      vertex -2.535 -1.34202 5.14361
    endloop
  endfacet
  facet normal 0.0922748 0.053546 -0.994293
    outer loop
      vertex -5.23812 -4.47327 4.89544
      vertex -4.86984 -5.10792 4.89544
      vertex -6.18044 -6.48259 4.69978
    endloop
  endfacet
  facet normal -0.0502718 0.0530366 -0.997326
    outer loop
      vertex 2.88251 -4.48905 5.04386
      vertex 3.99658 -6.22402 4.89544
      vertex 2.52436 -4.82853 5.04386
    endloop
  endfacet
  facet normal -0.0168836 0.0890558 -0.995884
    outer loop
      vertex 1.22904 -7.89696 4.89544
      vertex 0.783674 -10.1694 4.69978
      vertex 0.617492 -8.0129 4.89544
    endloop
  endfacet
  facet normal 0.118623 0.068834 -0.990551
    outer loop
      vertex -6.64783 -5.67713 4.69978
      vertex -6.18044 -6.48259 4.69978
      vertex -7.99352 -6.82632 4.45877
    endloop
  endfacet
  facet normal 0.177812 0.0348493 -0.983447
    outer loop
      vertex -9.429 -2.39709 4.45877
      vertex -9.19976 -3.56674 4.45877
      vertex -10.6599 -4.13284 4.17471
    endloop
  endfacet
  facet normal -0.016104 0.2567 -0.966357
    outer loop
      vertex 1.3581 -17.6235 3.48882
      vertex 1.47221 -19.1042 3.09359
      vertex 0 -17.7087 3.48882
    endloop
  endfacet
  facet normal -0.0962491 0.300654 -0.948864
    outer loop
      vertex 4.36007 -18.3701 3.09359
      vertex 4.65603 -19.617 2.66848
      vertex 3.12916 -20.1058 2.66848
    endloop
  endfacet
  facet normal 0.437691 -0.122539 -0.890736
    outer loop
      vertex -14.8186 7.8449 2.66848
      vertex -15.3489 5.95075 2.66848
      vertex -15.6178 8.26801 2.21756
    endloop
  endfacet
  facet normal 0.150661 -0.130057 -0.979993
    outer loop
      vertex -7.96681 12.407 3.85036
      vertex -7.06687 11.0055 4.17471
      vertex -8.87995 11.3492 3.85036
    endloop
  endfacet
  facet normal 0.594729 -0.278912 -0.753993
    outer loop
      vertex -15.0825 12.8802 1.25593
      vertex -15.5279 10.6078 1.7452
      vertex -15.9977 10.9287 1.25593
    endloop
  endfacet
  facet normal 0.643814 -0.180237 -0.743651
    outer loop
      vertex -16.7588 8.87204 1.25593
      vertex -16.2666 8.61149 1.7452
      vertex -17.3585 6.72989 1.25593
    endloop
  endfacet
  facet normal 0.795816 -0.155956 -0.585111
    outer loop
      vertex -17.3585 6.72989 1.25593
      vertex -17.791 4.52292 1.25593
      vertex -18.1422 4.61219 0.754465
    endloop
  endfacet
  facet normal 0.27752 -0.130133 -0.951865
    outer loop
      vertex -12.4887 10.6651 3.09359
      vertex -12.2197 8.34784 3.48882
      vertex -13.2464 9.04924 3.09359
    endloop
  endfacet
  facet normal 0.233861 -0.246723 -0.940445
    outer loop
      vertex -8.34465 15.9614 3.09359
      vertex -9.52857 14.8392 3.09359
      vertex -10.1754 15.8465 2.66848
    endloop
  endfacet
  facet normal 0.880591 -0.325843 -0.344071
    outer loop
      vertex -16.4721 11.2528 0.245642
      vertex -16.3134 11.1444 0.754465
      vertex -17.2557 9.13512 0.245642
    endloop
  endfacet
  facet normal 0.90577 -0.25358 -0.339525
    outer loop
      vertex -17.2557 9.13512 0.245642
      vertex -17.0896 9.04714 0.754465
      vertex -17.8732 6.92945 0.245642
    endloop
  endfacet
  facet normal 0.543798 -0.10658 -0.83242
    outer loop
      vertex -16.1767 6.2717 2.21756
      vertex -16.5798 4.21499 2.21756
      vertex -16.8487 6.53225 1.7452
    endloop
  endfacet
  facet normal 0.543767 -0.106588 -0.83244
    outer loop
      vertex -16.8487 6.53225 1.7452
      vertex -16.5798 4.21499 2.21756
      vertex -17.2686 4.3901 1.7452
    endloop
  endfacet
  facet normal 0.462141 -0.0177559 -0.886628
    outer loop
      vertex -15.9623 2.00932 2.66848
      vertex -16.0395 0 2.66848
      vertex -16.9046 0 2.21756
    endloop
  endfacet
  facet normal 0.557979 -0.0214523 -0.829577
    outer loop
      vertex -17.5221 2.20567 1.7452
      vertex -16.8232 2.11769 2.21756
      vertex -17.6069 0 1.7452
    endloop
  endfacet
  facet normal 0.942187 -0.0362412 -0.333121
    outer loop
      vertex -18.5875 2.33979 0.245642
      vertex -18.4976 0 0.754465
      vertex -18.6775 0 0.245642
    endloop
  endfacet
  facet normal 0.962974 -0.269594 0
    outer loop
      vertex -17.8732 6.92945 0.245642
      vertex -17.2557 9.13512 0
      vertex -17.2557 9.13512 0.245642
    endloop
  endfacet
  facet normal 0.962974 -0.269594 0
    outer loop
      vertex -17.2557 9.13512 0
      vertex -17.8732 6.92945 0.245642
      vertex -17.8732 6.92945 0
    endloop
  endfacet
  facet normal 0.924158 -0.181134 -0.336338
    outer loop
      vertex -17.8732 6.92945 0.245642
      vertex -17.7011 6.86271 0.754465
      vertex -18.1422 4.61219 0.754465
    endloop
  endfacet
  facet normal 0.924151 -0.181137 -0.336353
    outer loop
      vertex -17.8732 6.92945 0.245642
      vertex -18.1422 4.61219 0.754465
      vertex -18.3186 4.65704 0.245642
    endloop
  endfacet
  facet normal 0.0581836 -0.306925 -0.949954
    outer loop
      vertex -1.57215 20.401 2.66848
      vertex -1.47221 19.1042 3.09359
      vertex -2.93025 18.8278 3.09359
    endloop
  endfacet
  facet normal 0.168734 -0.279122 -0.945315
    outer loop
      vertex -5.7479 17.7354 3.09359
      vertex -7.08037 16.9299 3.09359
      vertex -7.56098 18.0791 2.66848
    endloop
  endfacet
  facet normal 0.756959 0.653462 0
    outer loop
      vertex -11.8489 -18.4527 0.245642
      vertex -13.207 -16.8795 0
      vertex -13.207 -16.8795 0.245642
    endloop
  endfacet
  facet normal 0.756959 0.653462 0
    outer loop
      vertex -13.207 -16.8795 0
      vertex -11.8489 -18.4527 0.245642
      vertex -11.8489 -18.4527 0
    endloop
  endfacet
  facet normal 0.993334 0.115269 0
    outer loop
      vertex -18.3186 -4.65704 0.245642
      vertex -18.5875 -2.33979 0
      vertex -18.5875 -2.33979 0.245642
    endloop
  endfacet
  facet normal 0.993334 0.115269 0
    outer loop
      vertex -18.5875 -2.33979 0
      vertex -18.3186 -4.65704 0.245642
      vertex -18.3186 -4.65704 0
    endloop
  endfacet
  facet normal 0.93623 0.108638 -0.334171
    outer loop
      vertex -18.4085 -2.31725 0.754465
      vertex -18.1422 -4.61219 0.754465
      vertex -18.5875 -2.33979 0.245642
    endloop
  endfacet
  facet normal 0.318477 0.0369602 -0.94721
    outer loop
      vertex -13.7891 -1.73576 3.48882
      vertex -13.5896 -3.4548 3.48882
      vertex -14.7314 -3.74508 3.09359
    endloop
  endfacet
  facet normal 0.265865 0.0308545 -0.963516
    outer loop
      vertex -12.3169 -3.13125 3.85036
      vertex -13.5896 -3.4548 3.48882
      vertex -13.7891 -1.73576 3.48882
    endloop
  endfacet
  facet normal 0.202081 0.0747796 -0.97651
    outer loop
      vertex -10.2916 -5.44835 4.17471
      vertex -11.0753 -7.56604 3.85036
      vertex -11.6022 -6.14217 3.85036
    endloop
  endfacet
  facet normal 0.210333 0.0588863 -0.975855
    outer loop
      vertex -10.6599 -4.13284 4.17471
      vertex -11.6022 -6.14217 3.85036
      vertex -12.0174 -4.65914 3.85036
    endloop
  endfacet
  facet normal 0.253381 0.0709379 -0.964762
    outer loop
      vertex -11.6022 -6.14217 3.85036
      vertex -12.8011 -6.77684 3.48882
      vertex -13.2592 -5.14057 3.48882
    endloop
  endfacet
  facet normal 0.18128 0.0210392 -0.983206
    outer loop
      vertex -9.429 -2.39709 4.45877
      vertex -10.9255 -2.77754 4.17471
      vertex -11.0859 -1.39549 4.17471
    endloop
  endfacet
  facet normal 0.24351 0.0901189 -0.965703
    outer loop
      vertex -11.6022 -6.14217 3.85036
      vertex -12.2197 -8.34784 3.48882
      vertex -12.8011 -6.77684 3.48882
    endloop
  endfacet
  facet normal 0.243523 0.090115 -0.9657
    outer loop
      vertex -11.6022 -6.14217 3.85036
      vertex -11.0753 -7.56604 3.85036
      vertex -12.2197 -8.34784 3.48882
    endloop
  endfacet
  facet normal 0.166066 0.117769 -0.979057
    outer loop
      vertex -8.61101 -9.03199 4.17471
      vertex -7.87687 -10.0672 4.17471
      vertex -8.87995 -11.3492 3.85036
    endloop
  endfacet
  facet normal 0.0284955 0.0371972 -0.998902
    outer loop
      vertex -1.52441 -2.91585 5.14361
      vertex -2.1419 -5.12152 5.04386
      vertex -2.52436 -4.82853 5.04386
    endloop
  endfacet
  facet normal 0.20035 0.142079 -0.969368
    outer loop
      vertex -8.87995 -11.3492 3.85036
      vertex -9.79752 -12.522 3.48882
      vertex -10.7107 -11.2343 3.48882
    endloop
  endfacet
  facet normal 0.179856 0.104364 -0.978141
    outer loop
      vertex -9.26222 -7.90977 4.17471
      vertex -9.70758 -10.1822 3.85036
      vertex -10.4417 -8.91705 3.85036
    endloop
  endfacet
  facet normal 0.245463 0.32044 -0.914913
    outer loop
      vertex -8.91108 -17.0449 2.66848
      vertex -7.56098 -18.0791 2.66848
      vertex -9.39169 -17.9642 2.21756
    endloop
  endfacet
  facet normal -0.00904228 0.144131 -0.989517
    outer loop
      vertex 0.942309 -12.2279 4.45877
      vertex 1.09187 -14.1687 4.17471
      vertex 0 -14.2372 4.17471
    endloop
  endfacet
  facet normal 0.42146 0.155968 -0.893334
    outer loop
      vertex -14.8186 -7.8449 2.66848
      vertex -14.1456 -9.6635 2.66848
      vertex -14.9085 -10.1847 2.21756
    endloop
  endfacet
  facet normal 0.332965 0.156149 -0.92992
    outer loop
      vertex -13.2464 -9.04924 3.09359
      vertex -13.3364 -11.389 2.66848
      vertex -14.1456 -9.6635 2.66848
    endloop
  endfacet
  facet normal 0.486985 0.228363 -0.843028
    outer loop
      vertex -14.0557 -12.0033 2.21756
      vertex -14.6396 -12.5019 1.7452
      vertex -14.9085 -10.1847 2.21756
    endloop
  endfacet
  facet normal 0.486933 0.228363 -0.843058
    outer loop
      vertex -14.9085 -10.1847 2.21756
      vertex -14.6396 -12.5019 1.7452
      vertex -15.5279 -10.6078 1.7452
    endloop
  endfacet
  facet normal 0.478506 0.413083 -0.774851
    outer loop
      vertex -12.4499 -15.912 1.7452
      vertex -11.5076 -17.9213 1.25593
      vertex -12.8266 -16.3934 1.25593
    endloop
  endfacet
  facet normal 0.240646 0.170654 -0.955493
    outer loop
      vertex -9.79752 -12.522 3.48882
      vertex -10.6207 -13.5741 3.09359
      vertex -11.6106 -12.1782 3.09359
    endloop
  endfacet
  facet normal -0.0581924 0.306932 -0.949951
    outer loop
      vertex 2.93025 -18.8278 3.09359
      vertex 3.12916 -20.1058 2.66848
      vertex 1.57215 -20.401 2.66848
    endloop
  endfacet
  facet normal -0.248424 0.543286 -0.801951
    outer loop
      vertex 6.73786 -20.79 1.7452
      vertex 6.94172 -21.419 1.25593
      vertex 5.111 -21.5339 1.7452
    endloop
  endfacet
  facet normal -0.046315 0.737881 -0.67334
    outer loop
      vertex 1.77799 -23.0721 1.25593
      vertex 1.81308 -23.5275 0.754465
      vertex 0 -23.1837 1.25593
    endloop
  endfacet
  facet normal -0.070828 0.373577 -0.924891
    outer loop
      vertex 3.12916 -20.1058 2.66848
      vertex 1.65694 -21.5013 2.21756
      vertex 1.57215 -20.401 2.66848
    endloop
  endfacet
  facet normal 0.381238 0.833667 -0.399571
    outer loop
      vertex -5.36957 -22.6233 0.754465
      vertex -5.42178 -22.8433 0.245642
      vertex -7.07872 -21.8417 0.754465
    endloop
  endfacet
  facet normal 0.180207 0.562912 -0.806632
    outer loop
      vertex -5.111 -21.5339 1.7452
      vertex -3.53886 -22.7383 1.25593
      vertex -5.26564 -22.1855 1.25593
    endloop
  endfacet
  facet normal 0.19915 0.435527 -0.87787
    outer loop
      vertex -4.90715 -20.675 2.21756
      vertex -5.111 -21.5339 1.7452
      vertex -6.73786 -20.79 1.7452
    endloop
  endfacet
  facet normal 0.312191 0.682658 -0.660692
    outer loop
      vertex -5.26564 -22.1855 1.25593
      vertex -5.36957 -22.6233 0.754465
      vertex -6.94172 -21.419 1.25593
    endloop
  endfacet
  facet normal 0.168735 0.279117 -0.945316
    outer loop
      vertex -5.7479 -17.7354 3.09359
      vertex -6.13806 -18.9393 2.66848
      vertex -7.56098 -18.0791 2.66848
    endloop
  endfacet
  facet normal 0.0366295 0.583156 -0.811534
    outer loop
      vertex -1.72577 -22.3945 1.7452
      vertex 0 -22.5029 1.7452
      vertex -1.77799 -23.0721 1.25593
    endloop
  endfacet
  facet normal 0.168734 0.279122 -0.945315
    outer loop
      vertex -7.08037 -16.9299 3.09359
      vertex -5.7479 -17.7354 3.09359
      vertex -7.56098 -18.0791 2.66848
    endloop
  endfacet
  facet normal 0.373236 0.487225 -0.789498
    outer loop
      vertex -9.78185 -18.7105 1.7452
      vertex -8.29982 -19.8458 1.7452
      vertex -10.0778 -19.2766 1.25593
    endloop
  endfacet
  facet normal 0.283294 0.298877 -0.911272
    outer loop
      vertex -8.91108 -17.0449 2.66848
      vertex -9.39169 -17.9642 2.21756
      vertex -10.1754 -15.8465 2.66848
    endloop
  endfacet
  facet normal 0.0872849 0.460444 -0.883387
    outer loop
      vertex -1.65694 -21.5013 2.21756
      vertex -1.72577 -22.3945 1.7452
      vertex -3.43493 -22.0705 1.7452
    endloop
  endfacet
  facet normal 0.53103 0.56022 -0.635737
    outer loop
      vertex -11.5076 -17.9213 1.25593
      vertex -10.0778 -19.2766 1.25593
      vertex -11.7348 -18.275 0.754465
    endloop
  endfacet
  facet normal 0.475721 0.786981 -0.392874
    outer loop
      vertex -7.07872 -21.8417 0.754465
      vertex -7.14756 -22.0541 0.245642
      vertex -8.8045 -21.0525 0.245642
    endloop
  endfacet
  facet normal 0.517317 0.855794 -0
    outer loop
      vertex -7.14756 -22.0541 0
      vertex -8.8045 -21.0525 0.245642
      vertex -7.14756 -22.0541 0.245642
    endloop
  endfacet
  facet normal 0.517317 0.855794 0
    outer loop
      vertex -8.8045 -21.0525 0.245642
      vertex -7.14756 -22.0541 0
      vertex -8.8045 -21.0525 0
    endloop
  endfacet
  facet normal -0.304894 0.952386 0
    outer loop
      vertex 5.42178 -22.8433 0
      vertex 3.64379 -23.4125 0.245642
      vertex 5.42178 -22.8433 0.245642
    endloop
  endfacet
  facet normal -0.304894 0.952386 0
    outer loop
      vertex 3.64379 -23.4125 0.245642
      vertex 5.42178 -22.8433 0
      vertex 3.64379 -23.4125 0
    endloop
  endfacet
  facet normal 0.464808 0.606785 -0.644799
    outer loop
      vertex -8.55094 -20.4462 1.25593
      vertex -8.71971 -20.8498 0.754465
      vertex -10.0778 -19.2766 1.25593
    endloop
  endfacet
  facet normal 0.39168 0.647991 -0.653218
    outer loop
      vertex -6.94172 -21.419 1.25593
      vertex -7.07872 -21.8417 0.754465
      vertex -8.71971 -20.8498 0.754465
    endloop
  endfacet
  facet normal 0.670893 0.0778561 -0.737456
    outer loop
      vertex -17.5221 -2.20567 1.7452
      vertex -17.2686 -4.3901 1.7452
      vertex -17.791 -4.52292 1.25593
    endloop
  endfacet
  facet normal 0.670871 0.0778627 -0.737475
    outer loop
      vertex -17.5221 -2.20567 1.7452
      vertex -17.791 -4.52292 1.25593
      vertex -18.0522 -2.2724 1.25593
    endloop
  endfacet
  facet normal 0.553242 0.0642029 -0.830543
    outer loop
      vertex -16.5798 -4.21499 2.21756
      vertex -17.2686 -4.3901 1.7452
      vertex -17.5221 -2.20567 1.7452
    endloop
  endfacet
  facet normal 0.807617 0.0937337 -0.58221
    outer loop
      vertex -18.0522 -2.2724 1.25593
      vertex -17.791 -4.52292 1.25593
      vertex -18.4085 -2.31725 0.754465
    endloop
  endfacet
  facet normal 0.643821 0.180243 -0.743645
    outer loop
      vertex -16.8487 -6.53225 1.7452
      vertex -16.2666 -8.61149 1.7452
      vertex -17.3585 -6.72989 1.25593
    endloop
  endfacet
  facet normal 0.458047 0.0531581 -0.887337
    outer loop
      vertex -15.7313 -3.9993 2.66848
      vertex -16.5798 -4.21499 2.21756
      vertex -16.8232 -2.11769 2.21756
    endloop
  endfacet
  facet normal 0.321442 0.012352 -0.946849
    outer loop
      vertex -13.8558 0 3.48882
      vertex -13.7891 -1.73576 3.48882
      vertex -15.02 0 3.09359
    endloop
  endfacet
  facet normal 0.318477 -0.0369602 -0.94721
    outer loop
      vertex -13.5896 3.4548 3.48882
      vertex -13.7891 1.73576 3.48882
      vertex -14.7314 3.74508 3.09359
    endloop
  endfacet
  facet normal -0.778014 -0.217807 -0.589283
    outer loop
      vertex 17.0896 9.04714 0.754465
      vertex 17.3585 6.72989 1.25593
      vertex 16.7588 8.87204 1.25593
    endloop
  endfacet
  facet normal -0.880591 -0.325843 -0.344071
    outer loop
      vertex 16.4721 11.2528 0.245642
      vertex 17.2557 9.13512 0.245642
      vertex 16.3134 11.1444 0.754465
    endloop
  endfacet
  facet normal -0.622103 -0.230199 -0.748329
    outer loop
      vertex 15.9977 10.9287 1.25593
      vertex 16.2666 8.61149 1.7452
      vertex 15.5279 10.6078 1.7452
    endloop
  endfacet
  facet normal -0.723358 -0.339235 -0.601392
    outer loop
      vertex 15.3802 13.1344 0.754465
      vertex 15.9977 10.9287 1.25593
      vertex 15.0825 12.8802 1.25593
    endloop
  endfacet
  facet normal -0.905747 -0.253551 -0.339609
    outer loop
      vertex 17.8732 6.92945 0.245642
      vertex 17.7011 6.86271 0.754465
      vertex 17.0896 9.04714 0.754465
    endloop
  endfacet
  facet normal -0.703329 -0.607135 -0.369751
    outer loop
      vertex 11.8489 18.4527 0.245642
      vertex 13.0798 16.7169 0.754465
      vertex 11.7348 18.275 0.754465
    endloop
  endfacet
  facet normal -0.636998 -0.672075 -0.377556
    outer loop
      vertex 11.8489 18.4527 0.245642
      vertex 11.7348 18.275 0.754465
      vertex 10.2767 19.657 0.754465
    endloop
  endfacet
  facet normal -0.522925 -0.370837 -0.767483
    outer loop
      vertex 12.8266 16.3934 1.25593
      vertex 14.0221 14.7076 1.25593
      vertex 12.4499 15.912 1.7452
    endloop
  endfacet
  facet normal -0.561677 -0.325929 -0.760454
    outer loop
      vertex 14.0221 14.7076 1.25593
      vertex 15.0825 12.8802 1.25593
      vertex 13.6103 14.2757 1.7452
    endloop
  endfacet
  facet normal -0.70329 -0.607131 -0.36983
    outer loop
      vertex 13.207 16.8795 0.245642
      vertex 13.0798 16.7169 0.754465
      vertex 11.8489 18.4527 0.245642
    endloop
  endfacet
  facet normal -0.594729 -0.278912 -0.753993
    outer loop
      vertex 15.9977 10.9287 1.25593
      vertex 15.5279 10.6078 1.7452
      vertex 15.0825 12.8802 1.25593
    endloop
  endfacet
  facet normal -0.522925 -0.370838 -0.767482
    outer loop
      vertex 14.0221 14.7076 1.25593
      vertex 13.6103 14.2757 1.7452
      vertex 12.4499 15.912 1.7452
    endloop
  endfacet
  facet normal -0.363921 -0.101886 -0.92584
    outer loop
      vertex 14.8186 7.8449 2.66848
      vertex 15.3489 5.95075 2.66848
      vertex 13.8767 7.34624 3.09359
    endloop
  endfacet
  facet normal -0.437691 -0.122539 -0.890736
    outer loop
      vertex 15.6178 8.26801 2.21756
      vertex 15.3489 5.95075 2.66848
      vertex 14.8186 7.8449 2.66848
    endloop
  endfacet
  facet normal -0.670871 0.0778627 -0.737475
    outer loop
      vertex 18.0522 -2.2724 1.25593
      vertex 17.791 -4.52292 1.25593
      vertex 17.5221 -2.20567 1.7452
    endloop
  endfacet
  facet normal -0.543767 0.106588 -0.83244
    outer loop
      vertex 17.2686 -4.3901 1.7452
      vertex 16.8487 -6.53225 1.7452
      vertex 16.5798 -4.21499 2.21756
    endloop
  endfacet
  facet normal -0.942187 0.0362412 -0.333121
    outer loop
      vertex 18.6775 0 0.245642
      vertex 18.5875 -2.33979 0.245642
      vertex 18.4976 0 0.754465
    endloop
  endfacet
  facet normal -0.300858 0.39275 -0.869041
    outer loop
      vertex 9.39169 -17.9642 2.21756
      vertex 8.29982 -19.8458 1.7452
      vertex 7.96877 -19.0542 2.21756
    endloop
  endfacet
  facet normal -0.531049 0.560291 -0.635658
    outer loop
      vertex 11.7348 -18.275 0.754465
      vertex 10.2767 -19.657 0.754465
      vertex 10.0778 -19.2766 1.25593
    endloop
  endfacet
  facet normal -0.753981 0.279023 -0.594692
    outer loop
      vertex 16.7588 -8.87204 1.25593
      vertex 16.3134 -11.1444 0.754465
      vertex 15.9977 -10.9287 1.25593
    endloop
  endfacet
  facet normal -0.608121 0.793844 0
    outer loop
      vertex 10.3766 -19.8482 0
      vertex 8.8045 -21.0525 0.245642
      vertex 10.3766 -19.8482 0.245642
    endloop
  endfacet
  facet normal -0.608121 0.793844 0
    outer loop
      vertex 8.8045 -21.0525 0.245642
      vertex 10.3766 -19.8482 0
      vertex 8.8045 -21.0525 0
    endloop
  endfacet
  facet normal -0.687924 0.725783 0
    outer loop
      vertex 11.8489 -18.4527 0
      vertex 10.3766 -19.8482 0.245642
      vertex 11.8489 -18.4527 0.245642
    endloop
  endfacet
  facet normal -0.687924 0.725783 0
    outer loop
      vertex 10.3766 -19.8482 0.245642
      vertex 11.8489 -18.4527 0
      vertex 10.3766 -19.8482 0
    endloop
  endfacet
  facet normal -0.53103 0.56022 -0.635737
    outer loop
      vertex 11.5076 -17.9213 1.25593
      vertex 11.7348 -18.275 0.754465
      vertex 10.0778 -19.2766 1.25593
    endloop
  endfacet
  facet normal 0.227239 -0.709718 -0.66683
    outer loop
      vertex -3.6087 23.1871 0.754465
      vertex -3.53886 22.7383 1.25593
      vertex -5.36957 22.6233 0.754465
    endloop
  endfacet
  facet normal -0.936236 -0.108643 -0.334153
    outer loop
      vertex 18.3186 4.65704 0.245642
      vertex 18.5875 2.33979 0.245642
      vertex 18.1422 4.61219 0.754465
    endloop
  endfacet
  facet normal -0.942207 0.0362286 -0.333066
    outer loop
      vertex 18.4976 0 0.754465
      vertex 18.5875 -2.33979 0.245642
      vertex 18.4085 -2.31725 0.754465
    endloop
  endfacet
  facet normal -0.942187 -0.0362412 -0.333121
    outer loop
      vertex 18.5875 2.33979 0.245642
      vertex 18.6775 0 0.245642
      vertex 18.4976 0 0.754465
    endloop
  endfacet
  facet normal -0.437692 -0.122539 -0.890736
    outer loop
      vertex 15.6178 8.26801 2.21756
      vertex 16.1767 6.2717 2.21756
      vertex 15.3489 5.95075 2.66848
    endloop
  endfacet
  facet normal -0.449886 -0.0881583 -0.888724
    outer loop
      vertex 16.5798 4.21499 2.21756
      vertex 15.7313 3.9993 2.66848
      vertex 15.3489 5.95075 2.66848
    endloop
  endfacet
  facet normal -0.374347 0.0733773 -0.924381
    outer loop
      vertex 14.7314 -3.74508 3.09359
      vertex 15.7313 -3.9993 2.66848
      vertex 14.3732 -5.5725 3.09359
    endloop
  endfacet
  facet normal -0.318477 0.0369602 -0.94721
    outer loop
      vertex 13.7891 -1.73576 3.48882
      vertex 14.7314 -3.74508 3.09359
      vertex 13.5896 -3.4548 3.48882
    endloop
  endfacet
  facet normal -0.462141 0.0177559 -0.886628
    outer loop
      vertex 16.0395 0 2.66848
      vertex 16.9046 0 2.21756
      vertex 15.9623 -2.00932 2.66848
    endloop
  endfacet
  facet normal -0.449886 0.0881583 -0.888724
    outer loop
      vertex 15.7313 -3.9993 2.66848
      vertex 16.5798 -4.21499 2.21756
      vertex 15.3489 -5.95075 2.66848
    endloop
  endfacet
  facet normal -0.478528 0.413089 -0.774835
    outer loop
      vertex 12.4499 -15.912 1.7452
      vertex 11.5076 -17.9213 1.25593
      vertex 11.1697 -17.395 1.7452
    endloop
  endfacet
  facet normal -0.388249 0.335156 -0.858448
    outer loop
      vertex 12.4499 -15.912 1.7452
      vertex 11.1697 -17.395 1.7452
      vertex 10.7242 -16.7012 2.21756
    endloop
  endfacet
  facet normal -0.240646 0.170656 -0.955493
    outer loop
      vertex 10.7107 -11.2343 3.48882
      vertex 11.6106 -12.1782 3.09359
      vertex 9.79752 -12.522 3.48882
    endloop
  endfacet
  facet normal -0.202081 0.0747796 -0.97651
    outer loop
      vertex 11.6022 -6.14217 3.85036
      vertex 11.0753 -7.56604 3.85036
      vertex 10.2916 -5.44835 4.17471
    endloop
  endfacet
  facet normal -0.636996 0.672052 -0.377601
    outer loop
      vertex 11.8489 -18.4527 0.245642
      vertex 10.3766 -19.8482 0.245642
      vertex 10.2767 -19.657 0.754465
    endloop
  endfacet
  facet normal -0.760285 0.539137 -0.36235
    outer loop
      vertex 14.4379 -15.1437 0.245642
      vertex 13.207 -16.8795 0.245642
      vertex 13.0798 -16.7169 0.754465
    endloop
  endfacet
  facet normal -0.19915 0.435527 -0.87787
    outer loop
      vertex 6.73786 -20.79 1.7452
      vertex 5.111 -21.5339 1.7452
      vertex 4.90715 -20.675 2.21756
    endloop
  endfacet
  facet normal -0.278773 0.870794 -0.404972
    outer loop
      vertex 5.42178 -22.8433 0.245642
      vertex 3.64379 -23.4125 0.245642
      vertex 3.6087 -23.1871 0.754465
    endloop
  endfacet
  facet normal -0.377214 0.218896 -0.899886
    outer loop
      vertex 13.3364 -11.389 2.66848
      vertex 13.0674 -13.7063 2.21756
      vertex 12.3987 -13.0049 2.66848
    endloop
  endfacet
  facet normal -0.529589 0.148263 -0.835197
    outer loop
      vertex 16.8487 -6.53225 1.7452
      vertex 16.2666 -8.61149 1.7452
      vertex 16.1767 -6.2717 2.21756
    endloop
  endfacet
  facet normal -0.210333 0.0588863 -0.975855
    outer loop
      vertex 10.6599 -4.13284 4.17471
      vertex 11.6022 -6.14217 3.85036
      vertex 10.2916 -5.44835 4.17471
    endloop
  endfacet
  facet normal -0.260344 0.151075 -0.953623
    outer loop
      vertex 11.5207 -9.83844 3.48882
      vertex 12.4887 -10.6651 3.09359
      vertex 10.7107 -11.2343 3.48882
    endloop
  endfacet
  facet normal -0.138911 0.0388893 -0.989541
    outer loop
      vertex 9.19976 -3.56674 4.45877
      vertex 8.88192 -4.70205 4.45877
      vertex 7.65101 -2.96629 4.69978
    endloop
  endfacet
  facet normal -0.166066 0.117769 -0.979057
    outer loop
      vertex 8.61101 -9.03199 4.17471
      vertex 8.87995 -11.3492 3.85036
      vertex 7.87687 -10.0672 4.17471
    endloop
  endfacet
  facet normal -0.147516 0.0856015 -0.985348
    outer loop
      vertex 9.26222 -7.90977 4.17471
      vertex 8.61101 -9.03199 4.17471
      vertex 7.99352 -6.82632 4.45877
    endloop
  endfacet
  facet normal -0.0985155 0.0462014 -0.994062
    outer loop
      vertex 7.05121 -4.817 4.69978
      vertex 6.64783 -5.67713 4.69978
      vertex 5.23812 -4.47327 4.89544
    endloop
  endfacet
  facet normal -0.253381 0.0709383 -0.964762
    outer loop
      vertex 12.0174 -4.65914 3.85036
      vertex 13.2592 -5.14057 3.48882
      vertex 11.6022 -6.14217 3.85036
    endloop
  endfacet
  facet normal -0.253381 0.0709379 -0.964762
    outer loop
      vertex 13.2592 -5.14057 3.48882
      vertex 12.8011 -6.77684 3.48882
      vertex 11.6022 -6.14217 3.85036
    endloop
  endfacet
  facet normal 0.0117432 -0.0194251 -0.999742
    outer loop
      vertex -0.351136 1.08345 5.19372
      vertex -0.432537 1.03424 5.19372
      vertex -1.29345 3.09277 5.14361
    endloop
  endfacet
  facet normal -0.0502722 0.0530362 -0.997326
    outer loop
      vertex 3.99658 -6.22402 4.89544
      vertex 3.5 -6.69472 4.89544
      vertex 2.52436 -4.82853 5.04386
    endloop
  endfacet
  facet normal -0.0794005 0.0222291 -0.996595
    outer loop
      vertex 6.02857 -2.33728 4.89544
      vertex 5.82029 -3.08124 4.89544
      vertex 4.34808 -1.68575 5.04386
    endloop
  endfacet
  facet normal -0.111356 -0.0218244 -0.993541
    outer loop
      vertex 7.84165 1.99354 4.69978
      vertex 6.17879 1.5708 4.89544
      vertex 6.02857 2.33728 4.89544
    endloop
  endfacet
  facet normal -0.108101 0.0302644 -0.993679
    outer loop
      vertex 7.65101 -2.96629 4.69978
      vertex 7.38667 -3.91048 4.69978
      vertex 5.82029 -3.08124 4.89544
    endloop
  endfacet
  facet normal -0.13891 0.0388899 -0.989541
    outer loop
      vertex 7.65101 -2.96629 4.69978
      vertex 8.88192 -4.70205 4.45877
      vertex 7.38667 -3.91048 4.69978
    endloop
  endfacet
  facet normal -0.177812 -0.0348493 -0.983447
    outer loop
      vertex 10.6599 4.13284 4.17471
      vertex 9.429 2.39709 4.45877
      vertex 9.19976 3.56674 4.45877
    endloop
  endfacet
  facet normal -0.177815 -0.0348467 -0.983447
    outer loop
      vertex 10.6599 4.13284 4.17471
      vertex 10.9255 2.77754 4.17471
      vertex 9.429 2.39709 4.45877
    endloop
  endfacet
  facet normal -0.138911 -0.0388893 -0.989541
    outer loop
      vertex 8.88192 4.70205 4.45877
      vertex 9.19976 3.56674 4.45877
      vertex 7.65101 2.96629 4.69978
    endloop
  endfacet
  facet normal -0.147288 -0.00566117 -0.989077
    outer loop
      vertex 9.56743 1.20434 4.45877
      vertex 9.61372 0 4.45877
      vertex 7.95678 1.00159 4.69978
    endloop
  endfacet
  facet normal -0.133409 -0.0493685 -0.989831
    outer loop
      vertex 8.88192 4.70205 4.45877
      vertex 7.38667 3.91048 4.69978
      vertex 7.05121 4.817 4.69978
    endloop
  endfacet
  facet normal -0.0985155 -0.0462014 -0.994062
    outer loop
      vertex 6.64783 5.67713 4.69978
      vertex 7.05121 4.817 4.69978
      vertex 5.23812 4.47327 4.89544
    endloop
  endfacet
  facet normal -0.126625 -0.059384 -0.990172
    outer loop
      vertex 7.99352 6.82632 4.45877
      vertex 7.05121 4.817 4.69978
      vertex 6.64783 5.67713 4.69978
    endloop
  endfacet
  facet normal -0.0992606 -0.0856901 -0.991365
    outer loop
      vertex 6.09888 9.49802 4.45877
      vertex 5.65352 7.22562 4.69978
      vertex 5.07215 7.89906 4.69978
    endloop
  endfacet
  facet normal -0.349426 -0.247781 -0.903607
    outer loop
      vertex 13.0674 13.7063 2.21756
      vertex 12.3987 13.0049 2.66848
      vertex 11.3417 14.4955 2.66848
    endloop
  endfacet
  facet normal -0.218547 -0.188666 -0.957414
    outer loop
      vertex 10.6207 13.5741 3.09359
      vertex 9.79752 12.522 3.48882
      vertex 9.52857 14.8392 3.09359
    endloop
  endfacet
  facet normal -0.291984 -0.108058 -0.950299
    outer loop
      vertex 13.8767 7.34624 3.09359
      vertex 12.8011 6.77684 3.48882
      vertex 12.2197 8.34784 3.48882
    endloop
  endfacet
  facet normal -0.165841 -0.0613702 -0.984241
    outer loop
      vertex 10.2916 5.44835 4.17471
      vertex 8.88192 4.70205 4.45877
      vertex 8.47855 5.79208 4.45877
    endloop
  endfacet
  facet normal -0.312546 0.0612634 -0.947925
    outer loop
      vertex 14.7314 -3.74508 3.09359
      vertex 14.3732 -5.5725 3.09359
      vertex 13.5896 -3.4548 3.48882
    endloop
  endfacet
  facet normal -0.268375 0.0103208 -0.963259
    outer loop
      vertex 12.5582 0 3.85036
      vertex 13.7891 -1.73576 3.48882
      vertex 12.4977 -1.5732 3.85036
    endloop
  endfacet
  facet normal -0.181834 -0.156982 -0.970718
    outer loop
      vertex 9.79752 12.522 3.48882
      vertex 8.87995 11.3492 3.85036
      vertex 8.79002 13.689 3.48882
    endloop
  endfacet
  facet normal -0.218533 -0.188665 -0.957418
    outer loop
      vertex 9.52857 14.8392 3.09359
      vertex 9.79752 12.522 3.48882
      vertex 8.79002 13.689 3.48882
    endloop
  endfacet
  facet normal -0.133218 -0.291329 -0.947302
    outer loop
      vertex 6.13806 18.9393 2.66848
      vertex 5.7479 17.7354 3.09359
      vertex 4.65603 19.617 2.66848
    endloop
  endfacet
  facet normal -0.289227 -0.205094 -0.935032
    outer loop
      vertex 12.3987 13.0049 2.66848
      vertex 11.6106 12.1782 3.09359
      vertex 11.3417 14.4955 2.66848
    endloop
  endfacet
  facet normal -0.054733 -0.170929 -0.983762
    outer loop
      vertex 3.64544 15.3591 3.85036
      vertex 3.23365 13.6242 4.17471
      vertex 2.44997 15.7419 3.85036
    endloop
  endfacet
  facet normal -0.202379 -0.264186 -0.943
    outer loop
      vertex 8.91108 17.0449 2.66848
      vertex 8.34465 15.9614 3.09359
      vertex 7.08037 16.9299 3.09359
    endloop
  endfacet
  facet normal -0.110403 -0.241407 -0.964123
    outer loop
      vertex 4.36007 18.3701 3.09359
      vertex 5.30238 16.3607 3.48882
      vertex 4.02212 16.9462 3.48882
    endloop
  endfacet
  facet normal -0.168734 -0.279122 -0.945315
    outer loop
      vertex 7.56098 18.0791 2.66848
      vertex 7.08037 16.9299 3.09359
      vertex 5.7479 17.7354 3.09359
    endloop
  endfacet
  facet normal 0.110403 -0.241407 -0.964123
    outer loop
      vertex -4.36007 18.3701 3.09359
      vertex -4.02212 16.9462 3.48882
      vertex -5.30238 16.3607 3.48882
    endloop
  endfacet
  facet normal -0.0787662 -0.130296 -0.988341
    outer loop
      vertex 4.26293 13.1535 4.17471
      vertex 5.25116 12.5561 4.17471
      vertex 3.67901 11.3518 4.45877
    endloop
  endfacet
  facet normal 0.109612 -0.11564 -0.987225
    outer loop
      vertex -5.3411 10.2163 4.45877
      vertex -6.09888 9.49802 4.45877
      vertex -6.18882 11.8378 4.17471
    endloop
  endfacet
  facet normal 0.240646 -0.170656 -0.955493
    outer loop
      vertex -9.79752 12.522 3.48882
      vertex -10.7107 11.2343 3.48882
      vertex -11.6106 12.1782 3.09359
    endloop
  endfacet
  facet normal 0.0387565 -0.0847483 -0.995648
    outer loop
      vertex -2.32091 9.77856 4.69978
      vertex -1.82875 7.70496 4.89544
      vertex -3.05966 9.44072 4.69978
    endloop
  endfacet
  facet normal -0.0433923 -0.0566429 -0.997451
    outer loop
      vertex 3.5 6.69472 4.89544
      vertex 2.52436 4.82853 5.04386
      vertex 2.1419 5.12152 5.04386
    endloop
  endfacet
  facet normal 0.0399744 -0.210866 -0.976697
    outer loop
      vertex -1.23091 15.973 3.85036
      vertex -2.44997 15.7419 3.85036
      vertex -2.70313 17.3685 3.48882
    endloop
  endfacet
  facet normal -0.0194831 -0.310089 -0.950508
    outer loop
      vertex 1.57215 20.401 2.66848
      vertex 1.47221 19.1042 3.09359
      vertex 0 19.1967 3.09359
    endloop
  endfacet
  facet normal 0.170004 -0.896543 -0.409035
    outer loop
      vertex -1.83071 23.7563 0.245642
      vertex -1.81308 23.5275 0.754465
      vertex -3.64379 23.4125 0.245642
    endloop
  endfacet
  facet normal 0.636998 -0.672075 -0.377556
    outer loop
      vertex -10.2767 19.657 0.754465
      vertex -11.7348 18.275 0.754465
      vertex -11.8489 18.4527 0.245642
    endloop
  endfacet
  facet normal 0.0581924 -0.306932 -0.949951
    outer loop
      vertex -1.57215 20.401 2.66848
      vertex -2.93025 18.8278 3.09359
      vertex -3.12916 20.1058 2.66848
    endloop
  endfacet
  facet normal 0.139912 -0.231445 -0.962734
    outer loop
      vertex -5.7479 17.7354 3.09359
      vertex -5.30238 16.3607 3.48882
      vertex -7.08037 16.9299 3.09359
    endloop
  endfacet
  facet normal 0.245463 -0.32044 -0.914913
    outer loop
      vertex -7.56098 18.0791 2.66848
      vertex -8.91108 17.0449 2.66848
      vertex -9.39169 17.9642 2.21756
    endloop
  endfacet
  facet normal 0.180207 -0.562912 -0.806632
    outer loop
      vertex -3.53886 22.7383 1.25593
      vertex -5.111 21.5339 1.7452
      vertex -5.26564 22.1855 1.25593
    endloop
  endfacet
  facet normal 0.561678 -0.32593 -0.760452
    outer loop
      vertex -13.6103 14.2757 1.7452
      vertex -14.6396 12.5019 1.7452
      vertex -15.0825 12.8802 1.25593
    endloop
  endfacet
  facet normal 0.458583 -0.266129 -0.847866
    outer loop
      vertex -13.6103 14.2757 1.7452
      vertex -13.0674 13.7063 2.21756
      vertex -14.0557 12.0033 2.21756
    endloop
  endfacet
  facet normal -0.561137 -0.732511 -0.385426
    outer loop
      vertex 10.3766 19.8482 0.245642
      vertex 10.2767 19.657 0.754465
      vertex 8.8045 21.0525 0.245642
    endloop
  endfacet
  facet normal -0.464882 -0.606822 -0.644711
    outer loop
      vertex 10.2767 19.657 0.754465
      vertex 10.0778 19.2766 1.25593
      vertex 8.71971 20.8498 0.754465
    endloop
  endfacet
  facet normal -0.312177 -0.682647 -0.660711
    outer loop
      vertex 7.07872 21.8417 0.754465
      vertex 6.94172 21.419 1.25593
      vertex 5.36957 22.6233 0.754465
    endloop
  endfacet
  facet normal -0.245463 -0.320435 -0.914915
    outer loop
      vertex 7.96877 19.0542 2.21756
      vertex 9.39169 17.9642 2.21756
      vertex 7.56098 18.0791 2.66848
    endloop
  endfacet
  facet normal -0.300866 -0.392754 -0.869036
    outer loop
      vertex 9.78185 18.7105 1.7452
      vertex 9.39169 17.9642 2.21756
      vertex 8.29982 19.8458 1.7452
    endloop
  endfacet
  facet normal -0.318467 -0.0369655 -0.947213
    outer loop
      vertex 14.7314 3.74508 3.09359
      vertex 14.9477 1.8816 3.09359
      vertex 13.7891 1.73576 3.48882
    endloop
  endfacet
  facet normal -0.381319 -0.0442609 -0.923383
    outer loop
      vertex 15.9623 2.00932 2.66848
      vertex 14.9477 1.8816 3.09359
      vertex 14.7314 3.74508 3.09359
    endloop
  endfacet
  facet normal -0.557979 0.0214523 -0.829577
    outer loop
      vertex 17.6069 0 1.7452
      vertex 17.5221 -2.20567 1.7452
      vertex 16.8232 -2.11769 2.21756
    endloop
  endfacet
  facet normal -0.55797 0.0214473 -0.829584
    outer loop
      vertex 16.9046 0 2.21756
      vertex 17.6069 0 1.7452
      vertex 16.8232 -2.11769 2.21756
    endloop
  endfacet
  facet normal -0.529589 -0.148263 -0.835197
    outer loop
      vertex 16.2666 8.61149 1.7452
      vertex 16.8487 6.53225 1.7452
      vertex 16.1767 6.2717 2.21756
    endloop
  endfacet
  facet normal -0.44991 -0.0881791 -0.88871
    outer loop
      vertex 16.1767 6.2717 2.21756
      vertex 16.5798 4.21499 2.21756
      vertex 15.3489 5.95075 2.66848
    endloop
  endfacet
  facet normal -0.202081 -0.0747796 -0.97651
    outer loop
      vertex 11.0753 7.56604 3.85036
      vertex 11.6022 6.14217 3.85036
      vertex 10.2916 5.44835 4.17471
    endloop
  endfacet
  facet normal -0.312546 -0.0612634 -0.947925
    outer loop
      vertex 14.3732 5.5725 3.09359
      vertex 14.7314 3.74508 3.09359
      vertex 13.5896 3.4548 3.48882
    endloop
  endfacet
  facet normal -0.0481737 -0.254122 -0.965972
    outer loop
      vertex 2.93025 18.8278 3.09359
      vertex 2.70313 17.3685 3.48882
      vertex 1.47221 19.1042 3.09359
    endloop
  endfacet
  facet normal -0.0797201 -0.248994 -0.965219
    outer loop
      vertex 4.36007 18.3701 3.09359
      vertex 4.02212 16.9462 3.48882
      vertex 2.70313 17.3685 3.48882
    endloop
  endfacet
  facet normal -0.39168 -0.647991 -0.653218
    outer loop
      vertex 7.07872 21.8417 0.754465
      vertex 8.71971 20.8498 0.754465
      vertex 6.94172 21.419 1.25593
    endloop
  endfacet
  facet normal -0.204891 -0.33896 -0.918219
    outer loop
      vertex 6.46911 19.9607 2.21756
      vertex 7.96877 19.0542 2.21756
      vertex 6.13806 18.9393 2.66848
    endloop
  endfacet
  facet normal -0.180207 -0.562912 -0.806632
    outer loop
      vertex 5.26564 22.1855 1.25593
      vertex 5.111 21.5339 1.7452
      vertex 3.53886 22.7383 1.25593
    endloop
  endfacet
  facet normal -0.180223 -0.562928 -0.806618
    outer loop
      vertex 3.53886 22.7383 1.25593
      vertex 5.111 21.5339 1.7452
      vertex 3.43493 22.0705 1.7452
    endloop
  endfacet
  facet normal -0.0571053 -0.90981 -0.411077
    outer loop
      vertex 0 23.8712 0.245642
      vertex 1.81308 23.5275 0.754465
      vertex 0 23.6413 0.754465
    endloop
  endfacet
  facet normal 0.0463141 -0.737883 -0.673338
    outer loop
      vertex 0 23.6413 0.754465
      vertex 0 23.1837 1.25593
      vertex -1.81308 23.5275 0.754465
    endloop
  endfacet
  facet normal -0.756959 -0.653462 0
    outer loop
      vertex 13.207 16.8795 0
      vertex 11.8489 18.4527 0.245642
      vertex 11.8489 18.4527 0
    endloop
  endfacet
  facet normal -0.756959 -0.653462 0
    outer loop
      vertex 11.8489 18.4527 0.245642
      vertex 13.207 16.8795 0
      vertex 13.207 16.8795 0.245642
    endloop
  endfacet
  facet normal -0.687924 -0.725783 0
    outer loop
      vertex 10.3766 19.8482 0
      vertex 11.8489 18.4527 0.245642
      vertex 10.3766 19.8482 0.245642
    endloop
  endfacet
  facet normal -0.687924 -0.725783 -0
    outer loop
      vertex 11.8489 18.4527 0.245642
      vertex 10.3766 19.8482 0
      vertex 11.8489 18.4527 0
    endloop
  endfacet
  facet normal 0.0626393 -0.998036 0
    outer loop
      vertex -1.83071 23.7563 0
      vertex 0 23.8712 0.245642
      vertex -1.83071 23.7563 0.245642
    endloop
  endfacet
  facet normal 0.0626393 -0.998036 0
    outer loop
      vertex 0 23.8712 0.245642
      vertex -1.83071 23.7563 0
      vertex 0 23.8712 0
    endloop
  endfacet
  facet normal 0.0475276 -0.0222893 -0.998621
    outer loop
      vertex -3.77797 3.22632 5.04386
      vertex -2.28144 1.94831 5.14361
      vertex -4.00721 2.73751 5.04386
    endloop
  endfacet
  facet normal 0.0445092 -0.025828 -0.998675
    outer loop
      vertex -3.51235 3.68406 5.04386
      vertex -2.28144 1.94831 5.14361
      vertex -3.77797 3.22632 5.04386
    endloop
  endfacet
  facet normal 0.265865 -0.0308545 -0.963516
    outer loop
      vertex -13.5896 3.4548 3.48882
      vertex -12.3169 3.13125 3.85036
      vertex -13.7891 1.73576 3.48882
    endloop
  endfacet
  facet normal 0.318467 -0.0369655 -0.947213
    outer loop
      vertex -14.7314 3.74508 3.09359
      vertex -13.7891 1.73576 3.48882
      vertex -14.9477 1.8816 3.09359
    endloop
  endfacet
  facet normal 0.312546 -0.0612634 -0.947925
    outer loop
      vertex -14.3732 5.5725 3.09359
      vertex -13.5896 3.4548 3.48882
      vertex -14.7314 3.74508 3.09359
    endloop
  endfacet
  facet normal 0.363902 -0.101862 -0.925851
    outer loop
      vertex -13.8767 7.34624 3.09359
      vertex -14.3732 5.5725 3.09359
      vertex -15.3489 5.95075 2.66848
    endloop
  endfacet
  facet normal 0.0274277 -0.00105408 -0.999623
    outer loop
      vertex -2.73065 0.343732 5.14361
      vertex -0.917565 0 5.19372
      vertex -2.74386 0 5.14361
    endloop
  endfacet
  facet normal 0.0548034 -0.00636059 -0.998477
    outer loop
      vertex -2.69114 0.684154 5.14361
      vertex -2.73065 0.343732 5.14361
      vertex -4.52185 0.569207 5.04386
    endloop
  endfacet
  facet normal 0.0220575 -0.0128003 -0.999675
    outer loop
      vertex -2.12103 2.22473 5.14361
      vertex -0.709288 0.743963 5.19372
      vertex -2.28144 1.94831 5.14361
    endloop
  endfacet
  facet normal 0.0445083 -0.0258287 -0.998675
    outer loop
      vertex -2.12103 2.22473 5.14361
      vertex -2.28144 1.94831 5.14361
      vertex -3.51235 3.68406 5.04386
    endloop
  endfacet
  facet normal 0.0625138 -0.0443313 -0.997059
    outer loop
      vertex -3.2129 4.10633 5.04386
      vertex -3.51235 3.68406 5.04386
      vertex -4.45466 5.69339 4.89544
    endloop
  endfacet
  facet normal 0.0500883 -0.0185364 -0.998573
    outer loop
      vertex -2.41987 1.65312 5.14361
      vertex -2.535 1.34202 5.14361
      vertex -4.19786 2.22233 5.04386
    endloop
  endfacet
  facet normal 0.0625138 0.0443313 -0.997059
    outer loop
      vertex -3.51235 -3.68406 5.04386
      vertex -3.2129 -4.10633 5.04386
      vertex -4.45466 -5.69339 4.89544
    endloop
  endfacet
  facet normal 0.0134691 0.0420727 -0.999024
    outer loop
      vertex -0.7965 -3.35585 5.14361
      vertex -0.5353 -3.43947 5.14361
      vertex -0.886437 -5.69564 5.04386
    endloop
  endfacet
  facet normal 0.0591195 0.0771746 -0.995263
    outer loop
      vertex -3.5 -6.69472 4.89544
      vertex -2.96972 -7.10094 4.89544
      vertex -4.44194 -8.49643 4.69978
    endloop
  endfacet
  facet normal 0.166061 0.11777 -0.979058
    outer loop
      vertex -8.61101 -9.03199 4.17471
      vertex -8.87995 -11.3492 3.85036
      vertex -9.70758 -10.1822 3.85036
    endloop
  endfacet
  facet normal -0.0794005 -0.0222291 -0.996595
    outer loop
      vertex 5.82029 3.08124 4.89544
      vertex 6.02857 2.33728 4.89544
      vertex 4.34808 1.68575 5.04386
    endloop
  endfacet
  facet normal 0.0521674 0.0146039 -0.998532
    outer loop
      vertex -2.62571 -1.01799 5.14361
      vertex -2.535 -1.34202 5.14361
      vertex -4.34808 -1.68575 5.04386
    endloop
  endfacet
  facet normal 0.113543 -0.0131783 -0.993446
    outer loop
      vertex -7.84165 1.99354 4.69978
      vertex -6.2695 0.789201 4.89544
      vertex -7.95678 1.00159 4.69978
    endloop
  endfacet
  facet normal 0.145881 0.0169309 -0.989157
    outer loop
      vertex -7.84165 -1.99354 4.69978
      vertex -9.429 -2.39709 4.45877
      vertex -9.56743 -1.20434 4.45877
    endloop
  endfacet
  facet normal 0.0279578 0.0873259 -0.995787
    outer loop
      vertex -1.22904 -7.89696 4.89544
      vertex -1.5598 -10.0222 4.69978
      vertex -1.82875 -7.70496 4.89544
    endloop
  endfacet
  facet normal 0.0946554 0.123562 -0.987812
    outer loop
      vertex -4.53188 -10.8362 4.45877
      vertex -5.25116 -12.5561 4.17471
      vertex -6.18882 -11.8378 4.17471
    endloop
  endfacet
  facet normal -0.0632674 0.104665 -0.992493
    outer loop
      vertex 3.76895 -9.01197 4.69978
      vertex 4.53188 -10.8362 4.45877
      vertex 3.05966 -9.44072 4.69978
    endloop
  endfacet
  facet normal -0.0916674 0.200441 -0.975408
    outer loop
      vertex 5.30238 -16.3607 3.48882
      vertex 4.02212 -16.9462 3.48882
      vertex 3.64544 -15.3591 3.85036
    endloop
  endfacet
  facet normal 0.00726571 0.115731 -0.993254
    outer loop
      vertex -0.783674 -10.1694 4.69978
      vertex 0 -10.2186 4.69978
      vertex -0.942309 -12.2279 4.45877
    endloop
  endfacet
  facet normal -0.0360905 0.0597053 -0.997563
    outer loop
      vertex 2.96972 -7.10094 4.89544
      vertex 2.41084 -7.43877 4.89544
      vertex 2.1419 -5.12152 5.04386
    endloop
  endfacet
  facet normal -0.194252 0.204921 -0.959309
    outer loop
      vertex 8.79002 -13.689 3.48882
      vertex 8.34465 -15.9614 3.09359
      vertex 7.69786 -14.7243 3.48882
    endloop
  endfacet
  facet normal -0.018674 0.0408359 -0.998991
    outer loop
      vertex 1.73881 -5.36518 5.04386
      vertex 1.31897 -5.55717 5.04386
      vertex 0.7965 -3.35585 5.14361
    endloop
  endfacet
  facet normal 0.165841 0.0613675 -0.984241
    outer loop
      vertex -8.47855 -5.79208 4.45877
      vertex -9.82423 -6.71138 4.17471
      vertex -10.2916 -5.44835 4.17471
    endloop
  endfacet
  facet normal 0.202083 0.0747787 -0.976509
    outer loop
      vertex -10.2916 -5.44835 4.17471
      vertex -9.82423 -6.71138 4.17471
      vertex -11.0753 -7.56604 3.85036
    endloop
  endfacet
  facet normal 0.18128 0.0210393 -0.983206
    outer loop
      vertex -9.56743 -1.20434 4.45877
      vertex -9.429 -2.39709 4.45877
      vertex -11.0859 -1.39549 4.17471
    endloop
  endfacet
  facet normal 0.177815 0.0348467 -0.983447
    outer loop
      vertex -9.429 -2.39709 4.45877
      vertex -10.6599 -4.13284 4.17471
      vertex -10.9255 -2.77754 4.17471
    endloop
  endfacet
  facet normal 0.0161272 0.256677 -0.966363
    outer loop
      vertex 0 -17.7087 3.48882
      vertex 0 -19.1967 3.09359
      vertex -1.47221 -19.1042 3.09359
    endloop
  endfacet
  facet normal -0.0236966 0.377537 -0.925691
    outer loop
      vertex 1.57215 -20.401 2.66848
      vertex 1.65694 -21.5013 2.21756
      vertex 0 -21.6053 2.21756
    endloop
  endfacet
  facet normal -0.054733 0.170929 -0.983762
    outer loop
      vertex 3.23365 -13.6242 4.17471
      vertex 3.64544 -15.3591 3.85036
      vertex 2.44997 -15.7419 3.85036
    endloop
  endfacet
  facet normal -0.0962408 0.300649 -0.948867
    outer loop
      vertex 4.36007 -18.3701 3.09359
      vertex 3.12916 -20.1058 2.66848
      vertex 2.93025 -18.8278 3.09359
    endloop
  endfacet
  facet normal 0.14308 -0.0280423 -0.989314
    outer loop
      vertex -9.19976 3.56674 4.45877
      vertex -7.84165 1.99354 4.69978
      vertex -9.429 2.39709 4.45877
    endloop
  endfacet
  facet normal 0.265862 -0.0308513 -0.963517
    outer loop
      vertex -12.3169 3.13125 3.85036
      vertex -12.4977 1.5732 3.85036
      vertex -13.7891 1.73576 3.48882
    endloop
  endfacet
  facet normal 0.428525 -0.452093 -0.782291
    outer loop
      vertex -10.0778 19.2766 1.25593
      vertex -9.78185 18.7105 1.7452
      vertex -11.1697 17.395 1.7452
    endloop
  endfacet
  facet normal 0.622055 -0.230201 -0.748368
    outer loop
      vertex -15.9977 10.9287 1.25593
      vertex -16.2666 8.61149 1.7452
      vertex -16.7588 8.87204 1.25593
    endloop
  endfacet
  facet normal 0.510632 -0.188967 -0.838777
    outer loop
      vertex -14.9085 10.1847 2.21756
      vertex -15.6178 8.26801 2.21756
      vertex -16.2666 8.61149 1.7452
    endloop
  endfacet
  facet normal 0.529579 -0.148264 -0.835203
    outer loop
      vertex -15.6178 8.26801 2.21756
      vertex -16.1767 6.2717 2.21756
      vertex -16.2666 8.61149 1.7452
    endloop
  endfacet
  facet normal 0.848345 -0.397827 -0.349349
    outer loop
      vertex -15.3802 13.1344 0.754465
      vertex -16.3134 11.1444 0.754465
      vertex -16.4721 11.2528 0.245642
    endloop
  endfacet
  facet normal 0.756959 -0.653462 0
    outer loop
      vertex -13.207 16.8795 0.245642
      vertex -11.8489 18.4527 0
      vertex -11.8489 18.4527 0.245642
    endloop
  endfacet
  facet normal 0.756959 -0.653462 0
    outer loop
      vertex -11.8489 18.4527 0
      vertex -13.207 16.8795 0.245642
      vertex -13.207 16.8795 0
    endloop
  endfacet
  facet normal 0.795858 -0.155988 -0.585045
    outer loop
      vertex -17.7011 6.86271 0.754465
      vertex -17.3585 6.72989 1.25593
      vertex -18.1422 4.61219 0.754465
    endloop
  endfacet
  facet normal 0.905747 -0.253551 -0.339609
    outer loop
      vertex -17.0896 9.04714 0.754465
      vertex -17.7011 6.86271 0.754465
      vertex -17.8732 6.92945 0.245642
    endloop
  endfacet
  facet normal 0.660043 -0.12938 -0.740002
    outer loop
      vertex -16.8487 6.53225 1.7452
      vertex -17.2686 4.3901 1.7452
      vertex -17.3585 6.72989 1.25593
    endloop
  endfacet
  facet normal 0.553242 -0.0642029 -0.830543
    outer loop
      vertex -17.2686 4.3901 1.7452
      vertex -16.5798 4.21499 2.21756
      vertex -17.5221 2.20567 1.7452
    endloop
  endfacet
  facet normal 0.449886 -0.0881583 -0.888724
    outer loop
      vertex -15.3489 5.95075 2.66848
      vertex -15.7313 3.9993 2.66848
      vertex -16.5798 4.21499 2.21756
    endloop
  endfacet
  facet normal 0.44991 -0.0881791 -0.88871
    outer loop
      vertex -16.1767 6.2717 2.21756
      vertex -15.3489 5.95075 2.66848
      vertex -16.5798 4.21499 2.21756
    endloop
  endfacet
  facet normal 0.55797 0.0214473 -0.829584
    outer loop
      vertex -16.9046 0 2.21756
      vertex -16.8232 -2.11769 2.21756
      vertex -17.6069 0 1.7452
    endloop
  endfacet
  facet normal 0.381324 0.0442647 -0.923381
    outer loop
      vertex -14.7314 -3.74508 3.09359
      vertex -15.7313 -3.9993 2.66848
      vertex -15.9623 -2.00932 2.66848
    endloop
  endfacet
  facet normal 0.880651 0.325931 -0.343836
    outer loop
      vertex -17.0896 -9.04714 0.754465
      vertex -16.3134 -11.1444 0.754465
      vertex -17.2557 -9.13512 0.245642
    endloop
  endfacet
  facet normal 0.937853 -0.347032 0
    outer loop
      vertex -17.2557 9.13512 0.245642
      vertex -16.4721 11.2528 0
      vertex -16.4721 11.2528 0.245642
    endloop
  endfacet
  facet normal 0.937853 -0.347032 0
    outer loop
      vertex -16.4721 11.2528 0
      vertex -17.2557 9.13512 0.245642
      vertex -17.2557 9.13512 0
    endloop
  endfacet
  facet normal 0.999261 -0.0384366 0
    outer loop
      vertex -18.6775 0 0.245642
      vertex -18.5875 2.33979 0
      vertex -18.5875 2.33979 0.245642
    endloop
  endfacet
  facet normal 0.999261 -0.0384366 0
    outer loop
      vertex -18.5875 2.33979 0
      vertex -18.6775 0 0.245642
      vertex -18.6775 0 0
    endloop
  endfacet
  facet normal 0.993334 -0.115269 0
    outer loop
      vertex -18.5875 2.33979 0.245642
      vertex -18.3186 4.65704 0
      vertex -18.3186 4.65704 0.245642
    endloop
  endfacet
  facet normal 0.993334 -0.115269 0
    outer loop
      vertex -18.3186 4.65704 0
      vertex -18.5875 2.33979 0.245642
      vertex -18.5875 2.33979 0
    endloop
  endfacet
  facet normal 0.670871 -0.0778627 -0.737475
    outer loop
      vertex -17.791 4.52292 1.25593
      vertex -17.5221 2.20567 1.7452
      vertex -18.0522 2.2724 1.25593
    endloop
  endfacet
  facet normal 0.807617 -0.0937337 -0.58221
    outer loop
      vertex -17.791 4.52292 1.25593
      vertex -18.0522 2.2724 1.25593
      vertex -18.4085 2.31725 0.754465
    endloop
  endfacet
  facet normal 0.415878 -0.90942 0
    outer loop
      vertex -7.14756 22.0541 0
      vertex -5.42178 22.8433 0.245642
      vertex -7.14756 22.0541 0.245642
    endloop
  endfacet
  facet normal 0.415878 -0.90942 0
    outer loop
      vertex -5.42178 22.8433 0.245642
      vertex -7.14756 22.0541 0
      vertex -5.42178 22.8433 0
    endloop
  endfacet
  facet normal 0.848361 0.397855 -0.349278
    outer loop
      vertex -15.3802 -13.1344 0.754465
      vertex -15.5298 -13.2621 0.245642
      vertex -16.4721 -11.2528 0.245642
    endloop
  endfacet
  facet normal 0.641624 0.454997 -0.617492
    outer loop
      vertex -12.8266 -16.3934 1.25593
      vertex -13.0798 -16.7169 0.754465
      vertex -14.2988 -14.9979 0.754465
    endloop
  endfacet
  facet normal 0.778043 0.217802 -0.589246
    outer loop
      vertex -17.3585 -6.72989 1.25593
      vertex -17.0896 -9.04714 0.754465
      vertex -17.7011 -6.86271 0.754465
    endloop
  endfacet
  facet normal 0.795858 0.155988 -0.585045
    outer loop
      vertex -17.3585 -6.72989 1.25593
      vertex -17.7011 -6.86271 0.754465
      vertex -18.1422 -4.61219 0.754465
    endloop
  endfacet
  facet normal 0.388249 0.335156 -0.858448
    outer loop
      vertex -10.7242 -16.7012 2.21756
      vertex -11.1697 -17.395 1.7452
      vertex -12.4499 -15.912 1.7452
    endloop
  endfacet
  facet normal 0.29199 0.108069 -0.950296
    outer loop
      vertex -12.2197 -8.34784 3.48882
      vertex -13.2464 -9.04924 3.09359
      vertex -13.8767 -7.34624 3.09359
    endloop
  endfacet
  facet normal 0.312556 0.061259 -0.947922
    outer loop
      vertex -13.5896 -3.4548 3.48882
      vertex -13.2592 -5.14057 3.48882
      vertex -14.3732 -5.5725 3.09359
    endloop
  endfacet
  facet normal 0.291984 0.108058 -0.950299
    outer loop
      vertex -12.8011 -6.77684 3.48882
      vertex -12.2197 -8.34784 3.48882
      vertex -13.8767 -7.34624 3.09359
    endloop
  endfacet
  facet normal 0.312634 0.18142 -0.932388
    outer loop
      vertex -11.6106 -12.1782 3.09359
      vertex -12.3987 -13.0049 2.66848
      vertex -13.3364 -11.389 2.66848
    endloop
  endfacet
  facet normal 0.216581 0.0424545 -0.975341
    outer loop
      vertex -10.6599 -4.13284 4.17471
      vertex -12.0174 -4.65914 3.85036
      vertex -12.3169 -3.13125 3.85036
    endloop
  endfacet
  facet normal 0.253381 0.0709383 -0.964762
    outer loop
      vertex -12.0174 -4.65914 3.85036
      vertex -11.6022 -6.14217 3.85036
      vertex -13.2592 -5.14057 3.48882
    endloop
  endfacet
  facet normal 0.118622 0.0688353 -0.990551
    outer loop
      vertex -6.18044 -6.48259 4.69978
      vertex -7.43151 -7.79482 4.45877
      vertex -7.99352 -6.82632 4.45877
    endloop
  endfacet
  facet normal 0.0992609 0.08569 -0.991365
    outer loop
      vertex -5.65352 -7.22562 4.69978
      vertex -6.09888 -9.49802 4.45877
      vertex -6.79793 -8.68826 4.45877
    endloop
  endfacet
  facet normal 0.179851 0.104365 -0.978142
    outer loop
      vertex -9.26222 -7.90977 4.17471
      vertex -8.61101 -9.03199 4.17471
      vertex -9.70758 -10.1822 3.85036
    endloop
  endfacet
  facet normal 0.20035 0.142087 -0.969366
    outer loop
      vertex -9.70758 -10.1822 3.85036
      vertex -8.87995 -11.3492 3.85036
      vertex -10.7107 -11.2343 3.48882
    endloop
  endfacet
  facet normal 0.062086 0.135771 -0.988793
    outer loop
      vertex -2.79072 -11.758 4.45877
      vertex -3.23365 -13.6242 4.17471
      vertex -3.67901 -11.3518 4.45877
    endloop
  endfacet
  facet normal 0.0787685 0.130293 -0.988342
    outer loop
      vertex -4.53188 -10.8362 4.45877
      vertex -3.67901 -11.3518 4.45877
      vertex -5.25116 -12.5561 4.17471
    endloop
  endfacet
  facet normal 0.181834 0.156982 -0.970718
    outer loop
      vertex -8.87995 -11.3492 3.85036
      vertex -8.79002 -13.689 3.48882
      vertex -9.79752 -12.522 3.48882
    endloop
  endfacet
  facet normal 0.240646 0.170656 -0.955493
    outer loop
      vertex -10.7107 -11.2343 3.48882
      vertex -9.79752 -12.522 3.48882
      vertex -11.6106 -12.1782 3.09359
    endloop
  endfacet
  facet normal 0.231323 0.108486 -0.966809
    outer loop
      vertex -11.0753 -7.56604 3.85036
      vertex -10.4417 -8.91705 3.85036
      vertex -12.2197 -8.34784 3.48882
    endloop
  endfacet
  facet normal 0.231319 0.108475 -0.966812
    outer loop
      vertex -10.4417 -8.91705 3.85036
      vertex -11.5207 -9.83844 3.48882
      vertex -12.2197 -8.34784 3.48882
    endloop
  endfacet
  facet normal 0.260344 0.151075 -0.953623
    outer loop
      vertex -11.5207 -9.83844 3.48882
      vertex -10.7107 -11.2343 3.48882
      vertex -12.4887 -10.6651 3.09359
    endloop
  endfacet
  facet normal 0.31264 0.181435 -0.932383
    outer loop
      vertex -12.4887 -10.6651 3.09359
      vertex -11.6106 -12.1782 3.09359
      vertex -13.3364 -11.389 2.66848
    endloop
  endfacet
  facet normal 0.35011 0.129563 -0.927705
    outer loop
      vertex -13.8767 -7.34624 3.09359
      vertex -14.1456 -9.6635 2.66848
      vertex -14.8186 -7.8449 2.66848
    endloop
  endfacet
  facet normal 0.35008 0.129569 -0.927715
    outer loop
      vertex -13.8767 -7.34624 3.09359
      vertex -13.2464 -9.04924 3.09359
      vertex -14.1456 -9.6635 2.66848
    endloop
  endfacet
  facet normal 0.51061 0.188942 -0.838796
    outer loop
      vertex -14.9085 -10.1847 2.21756
      vertex -15.5279 -10.6078 1.7452
      vertex -16.2666 -8.61149 1.7452
    endloop
  endfacet
  facet normal 0.594715 0.278911 -0.754004
    outer loop
      vertex -14.6396 -12.5019 1.7452
      vertex -15.0825 -12.8802 1.25593
      vertex -15.5279 -10.6078 1.7452
    endloop
  endfacet
  facet normal 0.66012 0.129364 -0.739937
    outer loop
      vertex -17.2686 -4.3901 1.7452
      vertex -17.3585 -6.72989 1.25593
      vertex -17.791 -4.52292 1.25593
    endloop
  endfacet
  facet normal 0.543798 0.10658 -0.83242
    outer loop
      vertex -16.5798 -4.21499 2.21756
      vertex -16.1767 -6.2717 2.21756
      vertex -16.8487 -6.53225 1.7452
    endloop
  endfacet
  facet normal 0.428525 0.452093 -0.782291
    outer loop
      vertex -9.78185 -18.7105 1.7452
      vertex -10.0778 -19.2766 1.25593
      vertex -11.1697 -17.395 1.7452
    endloop
  endfacet
  facet normal 0.561677 0.325929 -0.760454
    outer loop
      vertex -13.6103 -14.2757 1.7452
      vertex -14.0221 -14.7076 1.25593
      vertex -15.0825 -12.8802 1.25593
    endloop
  endfacet
  facet normal -0.251567 0.416177 -0.873791
    outer loop
      vertex 7.96877 -19.0542 2.21756
      vertex 6.73786 -20.79 1.7452
      vertex 6.46911 -19.9607 2.21756
    endloop
  endfacet
  facet normal -0.180207 0.562912 -0.806632
    outer loop
      vertex 5.111 -21.5339 1.7452
      vertex 5.26564 -22.1855 1.25593
      vertex 3.53886 -22.7383 1.25593
    endloop
  endfacet
  facet normal 0.046315 0.737881 -0.67334
    outer loop
      vertex -1.77799 -23.0721 1.25593
      vertex 0 -23.1837 1.25593
      vertex -1.81308 -23.5275 0.754465
    endloop
  endfacet
  facet normal -0.0366295 0.583156 -0.811534
    outer loop
      vertex 1.72577 -22.3945 1.7452
      vertex 1.77799 -23.0721 1.25593
      vertex 0 -22.5029 1.7452
    endloop
  endfacet
  facet normal 0.227226 0.709784 -0.666765
    outer loop
      vertex -5.26564 -22.1855 1.25593
      vertex -3.53886 -22.7383 1.25593
      vertex -5.36957 -22.6233 0.754465
    endloop
  endfacet
  facet normal 0.24843 0.543233 -0.801986
    outer loop
      vertex -5.111 -21.5339 1.7452
      vertex -5.26564 -22.1855 1.25593
      vertex -6.94172 -21.419 1.25593
    endloop
  endfacet
  facet normal -0.0481737 0.254122 -0.965972
    outer loop
      vertex 2.70313 -17.3685 3.48882
      vertex 2.93025 -18.8278 3.09359
      vertex 1.47221 -19.1042 3.09359
    endloop
  endfacet
  facet normal 0.0330546 0.174364 -0.984126
    outer loop
      vertex -1.09187 -14.1687 4.17471
      vertex -1.23091 -15.973 3.85036
      vertex -2.44997 -15.7419 3.85036
    endloop
  endfacet
  facet normal 0.318028 0.274549 -0.907458
    outer loop
      vertex -10.1754 -15.8465 2.66848
      vertex -10.7242 -16.7012 2.21756
      vertex -11.3417 -14.4955 2.66848
    endloop
  endfacet
  facet normal 0.245463 0.320435 -0.914915
    outer loop
      vertex -7.56098 -18.0791 2.66848
      vertex -7.96877 -19.0542 2.21756
      vertex -9.39169 -17.9642 2.21756
    endloop
  endfacet
  facet normal 0.070828 0.373577 -0.924891
    outer loop
      vertex -1.57215 -20.401 2.66848
      vertex -1.65694 -21.5013 2.21756
      vertex -3.12916 -20.1058 2.66848
    endloop
  endfacet
  facet normal 0.300858 0.39275 -0.869041
    outer loop
      vertex -7.96877 -19.0542 2.21756
      vertex -8.29982 -19.8458 1.7452
      vertex -9.39169 -17.9642 2.21756
    endloop
  endfacet
  facet normal 0.0581836 0.306925 -0.949954
    outer loop
      vertex -1.47221 -19.1042 3.09359
      vertex -1.57215 -20.401 2.66848
      vertex -2.93025 -18.8278 3.09359
    endloop
  endfacet
  facet normal 0.0872898 0.460433 -0.883392
    outer loop
      vertex -3.29792 -21.1902 2.21756
      vertex -1.65694 -21.5013 2.21756
      vertex -3.43493 -22.0705 1.7452
    endloop
  endfacet
  facet normal 0.180223 0.562928 -0.806618
    outer loop
      vertex -3.43493 -22.0705 1.7452
      vertex -3.53886 -22.7383 1.25593
      vertex -5.111 -21.5339 1.7452
    endloop
  endfacet
  facet normal 0.109257 0.576352 -0.809865
    outer loop
      vertex -3.43493 -22.0705 1.7452
      vertex -1.72577 -22.3945 1.7452
      vertex -3.53886 -22.7383 1.25593
    endloop
  endfacet
  facet normal 0.381235 0.833665 -0.399578
    outer loop
      vertex -7.07872 -21.8417 0.754465
      vertex -5.42178 -22.8433 0.245642
      vertex -7.14756 -22.0541 0.245642
    endloop
  endfacet
  facet normal -0.0571017 0.909806 -0.411087
    outer loop
      vertex 1.81308 -23.5275 0.754465
      vertex 1.83071 -23.7563 0.245642
      vertex 0 -23.8712 0.245642
    endloop
  endfacet
  facet normal -0.517317 0.855794 0
    outer loop
      vertex 8.8045 -21.0525 0
      vertex 7.14756 -22.0541 0.245642
      vertex 8.8045 -21.0525 0.245642
    endloop
  endfacet
  facet normal -0.517317 0.855794 0
    outer loop
      vertex 7.14756 -22.0541 0.245642
      vertex 8.8045 -21.0525 0
      vertex 7.14756 -22.0541 0
    endloop
  endfacet
  facet normal -0.381238 0.833667 -0.399571
    outer loop
      vertex 7.07872 -21.8417 0.754465
      vertex 5.42178 -22.8433 0.245642
      vertex 5.36957 -22.6233 0.754465
    endloop
  endfacet
  facet normal -0.312191 0.682658 -0.660692
    outer loop
      vertex 6.94172 -21.419 1.25593
      vertex 5.36957 -22.6233 0.754465
      vertex 5.26564 -22.1855 1.25593
    endloop
  endfacet
  facet normal 0.373239 0.487246 -0.789483
    outer loop
      vertex -8.29982 -19.8458 1.7452
      vertex -8.55094 -20.4462 1.25593
      vertex -10.0778 -19.2766 1.25593
    endloop
  endfacet
  facet normal 0.391677 0.647918 -0.653292
    outer loop
      vertex -8.55094 -20.4462 1.25593
      vertex -6.94172 -21.419 1.25593
      vertex -8.71971 -20.8498 0.754465
    endloop
  endfacet
  facet normal 0.428543 0.4521 -0.782277
    outer loop
      vertex -11.1697 -17.395 1.7452
      vertex -10.0778 -19.2766 1.25593
      vertex -11.5076 -17.9213 1.25593
    endloop
  endfacet
  facet normal 0.522925 0.370837 -0.767483
    outer loop
      vertex -12.4499 -15.912 1.7452
      vertex -12.8266 -16.3934 1.25593
      vertex -14.0221 -14.7076 1.25593
    endloop
  endfacet
  facet normal 0.561183 0.732525 -0.385332
    outer loop
      vertex -8.71971 -20.8498 0.754465
      vertex -8.8045 -21.0525 0.245642
      vertex -10.2767 -19.657 0.754465
    endloop
  endfacet
  facet normal 0.475717 0.787021 -0.392799
    outer loop
      vertex -8.71971 -20.8498 0.754465
      vertex -7.07872 -21.8417 0.754465
      vertex -8.8045 -21.0525 0.245642
    endloop
  endfacet
  facet normal 0.44991 0.0881791 -0.88871
    outer loop
      vertex -15.3489 -5.95075 2.66848
      vertex -16.1767 -6.2717 2.21756
      vertex -16.5798 -4.21499 2.21756
    endloop
  endfacet
  facet normal 0.529589 0.148263 -0.835197
    outer loop
      vertex -16.1767 -6.2717 2.21756
      vertex -16.2666 -8.61149 1.7452
      vertex -16.8487 -6.53225 1.7452
    endloop
  endfacet
  facet normal 0.553247 0.0642065 -0.830539
    outer loop
      vertex -16.8232 -2.11769 2.21756
      vertex -16.5798 -4.21499 2.21756
      vertex -17.5221 -2.20567 1.7452
    endloop
  endfacet
  facet normal 0.557979 0.0214523 -0.829577
    outer loop
      vertex -16.8232 -2.11769 2.21756
      vertex -17.5221 -2.20567 1.7452
      vertex -17.6069 0 1.7452
    endloop
  endfacet
  facet normal 0.384819 0.0147851 -0.922874
    outer loop
      vertex -15.02 0 3.09359
      vertex -15.9623 -2.00932 2.66848
      vertex -16.0395 0 2.66848
    endloop
  endfacet
  facet normal 0.381319 0.0442609 -0.923383
    outer loop
      vertex -14.9477 -1.8816 3.09359
      vertex -14.7314 -3.74508 3.09359
      vertex -15.9623 -2.00932 2.66848
    endloop
  endfacet
  facet normal -0.880651 -0.325931 -0.343836
    outer loop
      vertex 17.2557 9.13512 0.245642
      vertex 17.0896 9.04714 0.754465
      vertex 16.3134 11.1444 0.754465
    endloop
  endfacet
  facet normal -0.753921 -0.279027 -0.594767
    outer loop
      vertex 17.0896 9.04714 0.754465
      vertex 16.7588 8.87204 1.25593
      vertex 16.3134 11.1444 0.754465
    endloop
  endfacet
  facet normal -0.561678 -0.32593 -0.760452
    outer loop
      vertex 15.0825 12.8802 1.25593
      vertex 14.6396 12.5019 1.7452
      vertex 13.6103 14.2757 1.7452
    endloop
  endfacet
  facet normal -0.622055 -0.230201 -0.748368
    outer loop
      vertex 16.7588 8.87204 1.25593
      vertex 16.2666 8.61149 1.7452
      vertex 15.9977 10.9287 1.25593
    endloop
  endfacet
  facet normal -0.27751 -0.130135 -0.951868
    outer loop
      vertex 12.4887 10.6651 3.09359
      vertex 12.2197 8.34784 3.48882
      vertex 11.5207 9.83844 3.48882
    endloop
  endfacet
  facet normal -0.31264 -0.181435 -0.932383
    outer loop
      vertex 13.3364 11.389 2.66848
      vertex 12.4887 10.6651 3.09359
      vertex 11.6106 12.1782 3.09359
    endloop
  endfacet
  facet normal -0.543798 -0.10658 -0.83242
    outer loop
      vertex 16.8487 6.53225 1.7452
      vertex 16.5798 4.21499 2.21756
      vertex 16.1767 6.2717 2.21756
    endloop
  endfacet
  facet normal -0.543767 -0.106588 -0.83244
    outer loop
      vertex 16.8487 6.53225 1.7452
      vertex 17.2686 4.3901 1.7452
      vertex 16.5798 4.21499 2.21756
    endloop
  endfacet
  facet normal -0.478506 -0.413083 -0.774851
    outer loop
      vertex 12.8266 16.3934 1.25593
      vertex 12.4499 15.912 1.7452
      vertex 11.5076 17.9213 1.25593
    endloop
  endfacet
  facet normal -0.464808 -0.606785 -0.644799
    outer loop
      vertex 8.71971 20.8498 0.754465
      vertex 10.0778 19.2766 1.25593
      vertex 8.55094 20.4462 1.25593
    endloop
  endfacet
  facet normal -0.686005 -0.398074 -0.609044
    outer loop
      vertex 15.3802 13.1344 0.754465
      vertex 15.0825 12.8802 1.25593
      vertex 14.0221 14.7076 1.25593
    endloop
  endfacet
  facet normal -0.641637 -0.455023 -0.617459
    outer loop
      vertex 14.2988 14.9979 0.754465
      vertex 14.0221 14.7076 1.25593
      vertex 12.8266 16.3934 1.25593
    endloop
  endfacet
  facet normal -0.458583 -0.266129 -0.847866
    outer loop
      vertex 13.6103 14.2757 1.7452
      vertex 14.0557 12.0033 2.21756
      vertex 13.0674 13.7063 2.21756
    endloop
  endfacet
  facet normal -0.377214 -0.218896 -0.899886
    outer loop
      vertex 13.0674 13.7063 2.21756
      vertex 13.3364 11.389 2.66848
      vertex 12.3987 13.0049 2.66848
    endloop
  endfacet
  facet normal -0.29199 -0.108069 -0.950296
    outer loop
      vertex 13.2464 9.04924 3.09359
      vertex 13.8767 7.34624 3.09359
      vertex 12.2197 8.34784 3.48882
    endloop
  endfacet
  facet normal -0.42146 -0.155968 -0.893334
    outer loop
      vertex 14.9085 10.1847 2.21756
      vertex 14.8186 7.8449 2.66848
      vertex 14.1456 9.6635 2.66848
    endloop
  endfacet
  facet normal -0.55797 -0.0214473 -0.829584
    outer loop
      vertex 17.6069 0 1.7452
      vertex 16.9046 0 2.21756
      vertex 16.8232 2.11769 2.21756
    endloop
  endfacet
  facet normal -0.458068 0.0531732 -0.887326
    outer loop
      vertex 15.9623 -2.00932 2.66848
      vertex 16.8232 -2.11769 2.21756
      vertex 15.7313 -3.9993 2.66848
    endloop
  endfacet
  facet normal -0.924151 0.181137 -0.336353
    outer loop
      vertex 18.1422 -4.61219 0.754465
      vertex 18.3186 -4.65704 0.245642
      vertex 17.8732 -6.92945 0.245642
    endloop
  endfacet
  facet normal -0.807578 0.0937097 -0.582268
    outer loop
      vertex 18.4085 -2.31725 0.754465
      vertex 18.1422 -4.61219 0.754465
      vertex 17.791 -4.52292 1.25593
    endloop
  endfacet
  facet normal -0.42146 0.155968 -0.893334
    outer loop
      vertex 14.8186 -7.8449 2.66848
      vertex 14.9085 -10.1847 2.21756
      vertex 14.1456 -9.6635 2.66848
    endloop
  endfacet
  facet normal -0.778014 0.217807 -0.589283
    outer loop
      vertex 17.3585 -6.72989 1.25593
      vertex 17.0896 -9.04714 0.754465
      vertex 16.7588 -8.87204 1.25593
    endloop
  endfacet
  facet normal -0.880651 0.325931 -0.343836
    outer loop
      vertex 17.0896 -9.04714 0.754465
      vertex 17.2557 -9.13512 0.245642
      vertex 16.3134 -11.1444 0.754465
    endloop
  endfacet
  facet normal -0.70329 0.607131 -0.36983
    outer loop
      vertex 13.0798 -16.7169 0.754465
      vertex 13.207 -16.8795 0.245642
      vertex 11.8489 -18.4527 0.245642
    endloop
  endfacet
  facet normal -0.81572 0.578448 0
    outer loop
      vertex 13.207 -16.8795 0
      vertex 14.4379 -15.1437 0.245642
      vertex 14.4379 -15.1437 0
    endloop
  endfacet
  facet normal -0.81572 0.578448 0
    outer loop
      vertex 14.4379 -15.1437 0.245642
      vertex 13.207 -16.8795 0
      vertex 13.207 -16.8795 0.245642
    endloop
  endfacet
  facet normal -0.561137 0.732511 -0.385426
    outer loop
      vertex 10.2767 -19.657 0.754465
      vertex 10.3766 -19.8482 0.245642
      vertex 8.8045 -21.0525 0.245642
    endloop
  endfacet
  facet normal -0.475717 0.787021 -0.392799
    outer loop
      vertex 8.71971 -20.8498 0.754465
      vertex 8.8045 -21.0525 0.245642
      vertex 7.07872 -21.8417 0.754465
    endloop
  endfacet
  facet normal -0.90577 -0.25358 -0.339525
    outer loop
      vertex 17.2557 9.13512 0.245642
      vertex 17.8732 6.92945 0.245642
      vertex 17.0896 9.04714 0.754465
    endloop
  endfacet
  facet normal -0.924158 -0.181134 -0.336338
    outer loop
      vertex 17.8732 6.92945 0.245642
      vertex 18.1422 4.61219 0.754465
      vertex 17.7011 6.86271 0.754465
    endloop
  endfacet
  facet normal -0.81348 0.0312877 -0.58075
    outer loop
      vertex 18.1396 0 1.25593
      vertex 18.4976 0 0.754465
      vertex 18.0522 -2.2724 1.25593
    endloop
  endfacet
  facet normal -0.942207 -0.0362286 -0.333066
    outer loop
      vertex 18.5875 2.33979 0.245642
      vertex 18.4976 0 0.754465
      vertex 18.4085 2.31725 0.754465
    endloop
  endfacet
  facet normal -0.999261 -0.0384366 0
    outer loop
      vertex 18.6775 0 0
      vertex 18.5875 2.33979 0.245642
      vertex 18.5875 2.33979 0
    endloop
  endfacet
  facet normal -0.999261 -0.0384366 0
    outer loop
      vertex 18.5875 2.33979 0.245642
      vertex 18.6775 0 0
      vertex 18.6775 0 0.245642
    endloop
  endfacet
  facet normal -0.529579 -0.148264 -0.835203
    outer loop
      vertex 16.2666 8.61149 1.7452
      vertex 16.1767 6.2717 2.21756
      vertex 15.6178 8.26801 2.21756
    endloop
  endfacet
  facet normal -0.510632 -0.188967 -0.838777
    outer loop
      vertex 16.2666 8.61149 1.7452
      vertex 15.6178 8.26801 2.21756
      vertex 14.9085 10.1847 2.21756
    endloop
  endfacet
  facet normal -0.363902 -0.101862 -0.925851
    outer loop
      vertex 15.3489 5.95075 2.66848
      vertex 14.3732 5.5725 3.09359
      vertex 13.8767 7.34624 3.09359
    endloop
  endfacet
  facet normal -0.37432 -0.0733506 -0.924394
    outer loop
      vertex 15.3489 5.95075 2.66848
      vertex 15.7313 3.9993 2.66848
      vertex 14.3732 5.5725 3.09359
    endloop
  endfacet
  facet normal -0.384816 0.0147865 -0.922875
    outer loop
      vertex 15.02 0 3.09359
      vertex 15.9623 -2.00932 2.66848
      vertex 14.9477 -1.8816 3.09359
    endloop
  endfacet
  facet normal -0.312556 0.061259 -0.947922
    outer loop
      vertex 13.5896 -3.4548 3.48882
      vertex 14.3732 -5.5725 3.09359
      vertex 13.2592 -5.14057 3.48882
    endloop
  endfacet
  facet normal -0.318467 0.0369655 -0.947213
    outer loop
      vertex 14.9477 -1.8816 3.09359
      vertex 14.7314 -3.74508 3.09359
      vertex 13.7891 -1.73576 3.48882
    endloop
  endfacet
  facet normal -0.177812 0.0348493 -0.983447
    outer loop
      vertex 9.429 -2.39709 4.45877
      vertex 10.6599 -4.13284 4.17471
      vertex 9.19976 -3.56674 4.45877
    endloop
  endfacet
  facet normal -0.543798 0.10658 -0.83242
    outer loop
      vertex 16.5798 -4.21499 2.21756
      vertex 16.8487 -6.53225 1.7452
      vertex 16.1767 -6.2717 2.21756
    endloop
  endfacet
  facet normal -0.44991 0.0881791 -0.88871
    outer loop
      vertex 16.5798 -4.21499 2.21756
      vertex 16.1767 -6.2717 2.21756
      vertex 15.3489 -5.95075 2.66848
    endloop
  endfacet
  facet normal -0.66012 0.129364 -0.739937
    outer loop
      vertex 17.791 -4.52292 1.25593
      vertex 17.3585 -6.72989 1.25593
      vertex 17.2686 -4.3901 1.7452
    endloop
  endfacet
  facet normal -0.670893 0.0778561 -0.737456
    outer loop
      vertex 17.5221 -2.20567 1.7452
      vertex 17.791 -4.52292 1.25593
      vertex 17.2686 -4.3901 1.7452
    endloop
  endfacet
  facet normal -0.381324 0.0442647 -0.923381
    outer loop
      vertex 15.9623 -2.00932 2.66848
      vertex 15.7313 -3.9993 2.66848
      vertex 14.7314 -3.74508 3.09359
    endloop
  endfacet
  facet normal -0.303709 0.0850283 -0.948963
    outer loop
      vertex 13.2592 -5.14057 3.48882
      vertex 14.3732 -5.5725 3.09359
      vertex 12.8011 -6.77684 3.48882
    endloop
  endfacet
  facet normal -0.723358 0.339235 -0.601392
    outer loop
      vertex 15.9977 -10.9287 1.25593
      vertex 15.3802 -13.1344 0.754465
      vertex 15.0825 -12.8802 1.25593
    endloop
  endfacet
  facet normal -0.594729 0.278912 -0.753993
    outer loop
      vertex 15.5279 -10.6078 1.7452
      vertex 15.9977 -10.9287 1.25593
      vertex 15.0825 -12.8802 1.25593
    endloop
  endfacet
  facet normal -0.425655 0.301833 -0.853062
    outer loop
      vertex 13.0674 -13.7063 2.21756
      vertex 13.6103 -14.2757 1.7452
      vertex 11.9534 -15.2773 2.21756
    endloop
  endfacet
  facet normal -0.346531 0.365603 -0.863858
    outer loop
      vertex 10.7242 -16.7012 2.21756
      vertex 9.78185 -18.7105 1.7452
      vertex 9.39169 -17.9642 2.21756
    endloop
  endfacet
  facet normal -0.486985 0.228363 -0.843028
    outer loop
      vertex 14.9085 -10.1847 2.21756
      vertex 14.6396 -12.5019 1.7452
      vertex 14.0557 -12.0033 2.21756
    endloop
  endfacet
  facet normal -0.262888 0.226945 -0.937756
    outer loop
      vertex 10.6207 -13.5741 3.09359
      vertex 11.3417 -14.4955 2.66848
      vertex 9.52857 -14.8392 3.09359
    endloop
  endfacet
  facet normal -0.202379 0.264186 -0.943
    outer loop
      vertex 8.34465 -15.9614 3.09359
      vertex 8.91108 -17.0449 2.66848
      vertex 7.08037 -16.9299 3.09359
    endloop
  endfacet
  facet normal -0.300866 0.392754 -0.869036
    outer loop
      vertex 9.39169 -17.9642 2.21756
      vertex 9.78185 -18.7105 1.7452
      vertex 8.29982 -19.8458 1.7452
    endloop
  endfacet
  facet normal -0.428543 0.4521 -0.782277
    outer loop
      vertex 11.1697 -17.395 1.7452
      vertex 11.5076 -17.9213 1.25593
      vertex 10.0778 -19.2766 1.25593
    endloop
  endfacet
  facet normal -0.428525 0.452093 -0.782291
    outer loop
      vertex 11.1697 -17.395 1.7452
      vertex 10.0778 -19.2766 1.25593
      vertex 9.78185 -18.7105 1.7452
    endloop
  endfacet
  facet normal -0.24843 0.543233 -0.801986
    outer loop
      vertex 6.94172 -21.419 1.25593
      vertex 5.26564 -22.1855 1.25593
      vertex 5.111 -21.5339 1.7452
    endloop
  endfacet
  facet normal -0.312177 0.682647 -0.660711
    outer loop
      vertex 6.94172 -21.419 1.25593
      vertex 7.07872 -21.8417 0.754465
      vertex 5.36957 -22.6233 0.754465
    endloop
  endfacet
  facet normal 0.0237023 0.377543 -0.925689
    outer loop
      vertex 0 -20.4997 2.66848
      vertex 0 -21.6053 2.21756
      vertex -1.57215 -20.401 2.66848
    endloop
  endfacet
  facet normal -0.109257 0.576352 -0.809865
    outer loop
      vertex 3.43493 -22.0705 1.7452
      vertex 3.53886 -22.7383 1.25593
      vertex 1.72577 -22.3945 1.7452
    endloop
  endfacet
  facet normal -0.42146 0.155968 -0.893334
    outer loop
      vertex 15.6178 -8.26801 2.21756
      vertex 14.9085 -10.1847 2.21756
      vertex 14.8186 -7.8449 2.66848
    endloop
  endfacet
  facet normal -0.510632 0.188967 -0.838777
    outer loop
      vertex 15.6178 -8.26801 2.21756
      vertex 16.2666 -8.61149 1.7452
      vertex 14.9085 -10.1847 2.21756
    endloop
  endfacet
  facet normal -0.401274 0.188184 -0.896419
    outer loop
      vertex 14.1456 -9.6635 2.66848
      vertex 14.9085 -10.1847 2.21756
      vertex 13.3364 -11.389 2.66848
    endloop
  endfacet
  facet normal -0.332965 0.156149 -0.92992
    outer loop
      vertex 14.1456 -9.6635 2.66848
      vertex 13.3364 -11.389 2.66848
      vertex 13.2464 -9.04924 3.09359
    endloop
  endfacet
  facet normal -0.21689 0.125858 -0.968049
    outer loop
      vertex 11.5207 -9.83844 3.48882
      vertex 10.7107 -11.2343 3.48882
      vertex 10.4417 -8.91705 3.85036
    endloop
  endfacet
  facet normal -0.260348 0.151088 -0.95362
    outer loop
      vertex 12.4887 -10.6651 3.09359
      vertex 11.6106 -12.1782 3.09359
      vertex 10.7107 -11.2343 3.48882
    endloop
  endfacet
  facet normal -0.157435 0.0738328 -0.984765
    outer loop
      vertex 8.47855 -5.79208 4.45877
      vertex 9.26222 -7.90977 4.17471
      vertex 7.99352 -6.82632 4.45877
    endloop
  endfacet
  facet normal -0.136168 0.0965628 -0.985969
    outer loop
      vertex 7.43151 -7.79482 4.45877
      vertex 8.61101 -9.03199 4.17471
      vertex 6.79793 -8.68826 4.45877
    endloop
  endfacet
  facet normal -0.133409 0.0493687 -0.989831
    outer loop
      vertex 8.88192 -4.70205 4.45877
      vertex 8.47855 -5.79208 4.45877
      vertex 7.05121 -4.817 4.69978
    endloop
  endfacet
  facet normal -0.126625 0.0593838 -0.990172
    outer loop
      vertex 8.47855 -5.79208 4.45877
      vertex 7.99352 -6.82632 4.45877
      vertex 7.05121 -4.817 4.69978
    endloop
  endfacet
  facet normal -0.181834 0.156982 -0.970718
    outer loop
      vertex 8.87995 -11.3492 3.85036
      vertex 9.79752 -12.522 3.48882
      vertex 8.79002 -13.689 3.48882
    endloop
  endfacet
  facet normal -0.218533 0.188665 -0.957418
    outer loop
      vertex 9.79752 -12.522 3.48882
      vertex 9.52857 -14.8392 3.09359
      vertex 8.79002 -13.689 3.48882
    endloop
  endfacet
  facet normal 0.0271636 -0.00315266 -0.999626
    outer loop
      vertex -2.69114 0.684154 5.14361
      vertex -0.913147 0.114946 5.19372
      vertex -2.73065 0.343732 5.14361
    endloop
  endfacet
  facet normal 0.00813444 0.0429039 -0.999046
    outer loop
      vertex -0.5353 -3.43947 5.14361
      vertex -0.268945 -3.48997 5.14361
      vertex -0.886437 -5.69564 5.04386
    endloop
  endfacet
  facet normal -0.114641 -0.00440727 -0.993397
    outer loop
      vertex 7.95678 1.00159 4.69978
      vertex 6.29984 0 4.89544
      vertex 6.2695 0.789201 4.89544
    endloop
  endfacet
  facet normal -0.0834068 -0.00967994 -0.996469
    outer loop
      vertex 6.17879 1.5708 4.89544
      vertex 6.2695 0.789201 4.89544
      vertex 4.45642 1.13293 5.04386
    endloop
  endfacet
  facet normal -0.14308 0.0280423 -0.989314
    outer loop
      vertex 9.429 -2.39709 4.45877
      vertex 9.19976 -3.56674 4.45877
      vertex 7.84165 -1.99354 4.69978
    endloop
  endfacet
  facet normal -0.111356 0.0218237 -0.993541
    outer loop
      vertex 7.84165 -1.99354 4.69978
      vertex 7.65101 -2.96629 4.69978
      vertex 6.02857 -2.33728 4.89544
    endloop
  endfacet
  facet normal -0.216581 0.0424545 -0.975341
    outer loop
      vertex 12.3169 -3.13125 3.85036
      vertex 12.0174 -4.65914 3.85036
      vertex 10.6599 -4.13284 4.17471
    endloop
  endfacet
  facet normal -0.111356 0.0218244 -0.993541
    outer loop
      vertex 6.17879 -1.5708 4.89544
      vertex 7.84165 -1.99354 4.69978
      vertex 6.02857 -2.33728 4.89544
    endloop
  endfacet
  facet normal -0.114642 -0.0044067 -0.993397
    outer loop
      vertex 7.95678 1.00159 4.69978
      vertex 7.99528 0 4.69978
      vertex 6.29984 0 4.89544
    endloop
  endfacet
  facet normal -0.114642 0.0044067 -0.993397
    outer loop
      vertex 7.99528 0 4.69978
      vertex 7.95678 -1.00159 4.69978
      vertex 6.29984 0 4.89544
    endloop
  endfacet
  facet normal -0.172652 -0.0483355 -0.983796
    outer loop
      vertex 10.2916 5.44835 4.17471
      vertex 9.19976 3.56674 4.45877
      vertex 8.88192 4.70205 4.45877
    endloop
  endfacet
  facet normal -0.145881 0.0169309 -0.989157
    outer loop
      vertex 9.56743 -1.20434 4.45877
      vertex 9.429 -2.39709 4.45877
      vertex 7.84165 -1.99354 4.69978
    endloop
  endfacet
  facet normal -0.165841 -0.0613675 -0.984241
    outer loop
      vertex 9.82423 6.71138 4.17471
      vertex 10.2916 5.44835 4.17471
      vertex 8.47855 5.79208 4.45877
    endloop
  endfacet
  facet normal -0.0946548 -0.123563 -0.987812
    outer loop
      vertex 6.18882 11.8378 4.17471
      vertex 5.3411 10.2163 4.45877
      vertex 4.53188 10.8362 4.45877
    endloop
  endfacet
  facet normal -0.260348 -0.151088 -0.95362
    outer loop
      vertex 11.6106 12.1782 3.09359
      vertex 12.4887 10.6651 3.09359
      vertex 10.7107 11.2343 3.48882
    endloop
  endfacet
  facet normal -0.179856 -0.104364 -0.978141
    outer loop
      vertex 9.70758 10.1822 3.85036
      vertex 10.4417 8.91705 3.85036
      vertex 9.26222 7.90977 4.17471
    endloop
  endfacet
  facet normal 0.0537437 -0.0105335 -0.998499
    outer loop
      vertex -2.62571 1.01799 5.14361
      vertex -2.69114 0.684154 5.14361
      vertex -4.34808 1.68575 5.04386
    endloop
  endfacet
  facet normal -0.109472 -0.0776324 -0.990954
    outer loop
      vertex 6.79793 8.68826 4.45877
      vertex 6.18044 6.48259 4.69978
      vertex 5.65352 7.22562 4.69978
    endloop
  endfacet
  facet normal 0.00564613 -0.0899262 -0.995932
    outer loop
      vertex 0 8.05167 4.89544
      vertex -0.617492 8.0129 4.89544
      vertex -0.783674 10.1694 4.69978
    endloop
  endfacet
  facet normal -0.0625138 -0.0443313 -0.997059
    outer loop
      vertex 4.45466 5.69339 4.89544
      vertex 3.51235 3.68406 5.04386
      vertex 3.2129 4.10633 5.04386
    endloop
  endfacet
  facet normal -0.20035 -0.142087 -0.969366
    outer loop
      vertex 10.7107 11.2343 3.48882
      vertex 9.70758 10.1822 3.85036
      vertex 8.87995 11.3492 3.85036
    endloop
  endfacet
  facet normal -0.179851 -0.104365 -0.978142
    outer loop
      vertex 9.70758 10.1822 3.85036
      vertex 9.26222 7.90977 4.17471
      vertex 8.61101 9.03199 4.17471
    endloop
  endfacet
  facet normal -0.222876 -0.00857106 -0.974809
    outer loop
      vertex 12.4977 1.5732 3.85036
      vertex 12.5582 0 3.85036
      vertex 11.0859 1.39549 4.17471
    endloop
  endfacet
  facet normal -0.222881 -0.00857671 -0.974808
    outer loop
      vertex 12.5582 0 3.85036
      vertex 11.1396 0 4.17471
      vertex 11.0859 1.39549 4.17471
    endloop
  endfacet
  facet normal -0.28921 -0.205093 -0.935037
    outer loop
      vertex 11.3417 14.4955 2.66848
      vertex 11.6106 12.1782 3.09359
      vertex 10.6207 13.5741 3.09359
    endloop
  endfacet
  facet normal -0.262888 -0.226945 -0.937756
    outer loop
      vertex 11.3417 14.4955 2.66848
      vertex 10.6207 13.5741 3.09359
      vertex 9.52857 14.8392 3.09359
    endloop
  endfacet
  facet normal -0.133767 -0.141118 -0.980914
    outer loop
      vertex 7.96681 12.407 3.85036
      vertex 7.06687 11.0055 4.17471
      vertex 6.97694 13.3453 3.85036
    endloop
  endfacet
  facet normal -0.116217 -0.192266 -0.974437
    outer loop
      vertex 6.53157 15.6177 3.48882
      vertex 5.91987 14.1551 3.85036
      vertex 5.30238 16.3607 3.48882
    endloop
  endfacet
  facet normal -0.167952 -0.219245 -0.961105
    outer loop
      vertex 8.34465 15.9614 3.09359
      vertex 7.69786 14.7243 3.48882
      vertex 7.08037 16.9299 3.09359
    endloop
  endfacet
  facet normal -0.194235 -0.204918 -0.959313
    outer loop
      vertex 9.52857 14.8392 3.09359
      vertex 8.79002 13.689 3.48882
      vertex 8.34465 15.9614 3.09359
    endloop
  endfacet
  facet normal -0.16153 -0.170401 -0.972045
    outer loop
      vertex 7.69786 14.7243 3.48882
      vertex 8.79002 13.689 3.48882
      vertex 6.97694 13.3453 3.85036
    endloop
  endfacet
  facet normal -0.13958 -0.182214 -0.973301
    outer loop
      vertex 6.53157 15.6177 3.48882
      vertex 7.69786 14.7243 3.48882
      vertex 5.91987 14.1551 3.85036
    endloop
  endfacet
  facet normal -0.0661778 -0.206671 -0.97617
    outer loop
      vertex 2.70313 17.3685 3.48882
      vertex 3.64544 15.3591 3.85036
      vertex 2.44997 15.7419 3.85036
    endloop
  endfacet
  facet normal -0.0330546 -0.174364 -0.984126
    outer loop
      vertex 1.23091 15.973 3.85036
      vertex 2.44997 15.7419 3.85036
      vertex 1.09187 14.1687 4.17471
    endloop
  endfacet
  facet normal 0.231319 -0.108475 -0.966812
    outer loop
      vertex -11.5207 9.83844 3.48882
      vertex -10.4417 8.91705 3.85036
      vertex -12.2197 8.34784 3.48882
    endloop
  endfacet
  facet normal 0.0359705 -0.112369 -0.993015
    outer loop
      vertex -1.5598 10.0222 4.69978
      vertex -2.32091 9.77856 4.69978
      vertex -2.79072 11.758 4.45877
    endloop
  endfacet
  facet normal 0.0661778 -0.206671 -0.97617
    outer loop
      vertex -2.70313 17.3685 3.48882
      vertex -2.44997 15.7419 3.85036
      vertex -3.64544 15.3591 3.85036
    endloop
  endfacet
  facet normal 0.139583 -0.182204 -0.973303
    outer loop
      vertex -5.91987 14.1551 3.85036
      vertex -6.97694 13.3453 3.85036
      vertex -7.69786 14.7243 3.48882
    endloop
  endfacet
  facet normal 0.262888 -0.226945 -0.937756
    outer loop
      vertex -9.52857 14.8392 3.09359
      vertex -10.6207 13.5741 3.09359
      vertex -11.3417 14.4955 2.66848
    endloop
  endfacet
  facet normal 0.133767 -0.141118 -0.980914
    outer loop
      vertex -6.97694 13.3453 3.85036
      vertex -7.06687 11.0055 4.17471
      vertex -7.96681 12.407 3.85036
    endloop
  endfacet
  facet normal 0.0237023 -0.377543 -0.925689
    outer loop
      vertex 0 21.6053 2.21756
      vertex 0 20.4997 2.66848
      vertex -1.57215 20.401 2.66848
    endloop
  endfacet
  facet normal -0.0237023 -0.377543 -0.925689
    outer loop
      vertex 0 21.6053 2.21756
      vertex 1.57215 20.401 2.66848
      vertex 0 20.4997 2.66848
    endloop
  endfacet
  facet normal 0.0916674 -0.200441 -0.975408
    outer loop
      vertex -4.02212 16.9462 3.48882
      vertex -3.64544 15.3591 3.85036
      vertex -5.30238 16.3607 3.48882
    endloop
  endfacet
  facet normal 0.011047 -0.176086 -0.984313
    outer loop
      vertex 0 16.0503 3.85036
      vertex 0 14.2372 4.17471
      vertex -1.09187 14.1687 4.17471
    endloop
  endfacet
  facet normal -0.046315 -0.737881 -0.67334
    outer loop
      vertex 1.81308 23.5275 0.754465
      vertex 1.77799 23.0721 1.25593
      vertex 0 23.1837 1.25593
    endloop
  endfacet
  facet normal 0.227226 -0.709784 -0.666765
    outer loop
      vertex -3.53886 22.7383 1.25593
      vertex -5.26564 22.1855 1.25593
      vertex -5.36957 22.6233 0.754465
    endloop
  endfacet
  facet normal -0.0366295 -0.583156 -0.811534
    outer loop
      vertex 1.77799 23.0721 1.25593
      vertex 1.72577 22.3945 1.7452
      vertex 0 22.5029 1.7452
    endloop
  endfacet
  facet normal -0.0872849 -0.460444 -0.883387
    outer loop
      vertex 1.72577 22.3945 1.7452
      vertex 3.43493 22.0705 1.7452
      vertex 1.65694 21.5013 2.21756
    endloop
  endfacet
  facet normal 0.0571053 -0.90981 -0.411077
    outer loop
      vertex 0 23.8712 0.245642
      vertex 0 23.6413 0.754465
      vertex -1.81308 23.5275 0.754465
    endloop
  endfacet
  facet normal 0.0571017 -0.909806 -0.411087
    outer loop
      vertex 0 23.8712 0.245642
      vertex -1.81308 23.5275 0.754465
      vertex -1.83071 23.7563 0.245642
    endloop
  endfacet
  facet normal 0.202378 -0.264195 -0.942997
    outer loop
      vertex -7.56098 18.0791 2.66848
      vertex -7.08037 16.9299 3.09359
      vertex -8.91108 17.0449 2.66848
    endloop
  endfacet
  facet normal 0.0481737 -0.254122 -0.965972
    outer loop
      vertex -1.47221 19.1042 3.09359
      vertex -2.70313 17.3685 3.48882
      vertex -2.93025 18.8278 3.09359
    endloop
  endfacet
  facet normal 0.0661683 -0.206667 -0.976171
    outer loop
      vertex -2.70313 17.3685 3.48882
      vertex -3.64544 15.3591 3.85036
      vertex -4.02212 16.9462 3.48882
    endloop
  endfacet
  facet normal 0.0797201 -0.248994 -0.965219
    outer loop
      vertex -2.70313 17.3685 3.48882
      vertex -4.02212 16.9462 3.48882
      vertex -4.36007 18.3701 3.09359
    endloop
  endfacet
  facet normal 0.19915 -0.435527 -0.87787
    outer loop
      vertex -5.111 21.5339 1.7452
      vertex -4.90715 20.675 2.21756
      vertex -6.73786 20.79 1.7452
    endloop
  endfacet
  facet normal 0.248424 -0.543286 -0.801951
    outer loop
      vertex -5.111 21.5339 1.7452
      vertex -6.73786 20.79 1.7452
      vertex -6.94172 21.419 1.25593
    endloop
  endfacet
  facet normal 0.278794 -0.870735 -0.405087
    outer loop
      vertex -3.6087 23.1871 0.754465
      vertex -5.36957 22.6233 0.754465
      vertex -5.42178 22.8433 0.245642
    endloop
  endfacet
  facet normal 0.464882 -0.606822 -0.644711
    outer loop
      vertex -8.71971 20.8498 0.754465
      vertex -10.0778 19.2766 1.25593
      vertex -10.2767 19.657 0.754465
    endloop
  endfacet
  facet normal 0.522925 -0.370837 -0.767483
    outer loop
      vertex -12.8266 16.3934 1.25593
      vertex -12.4499 15.912 1.7452
      vertex -14.0221 14.7076 1.25593
    endloop
  endfacet
  facet normal 0.245463 -0.320435 -0.914915
    outer loop
      vertex -7.96877 19.0542 2.21756
      vertex -7.56098 18.0791 2.66848
      vertex -9.39169 17.9642 2.21756
    endloop
  endfacet
  facet normal 0.27751 -0.130135 -0.951868
    outer loop
      vertex -11.5207 9.83844 3.48882
      vertex -12.2197 8.34784 3.48882
      vertex -12.4887 10.6651 3.09359
    endloop
  endfacet
  facet normal 0.283294 -0.298877 -0.911272
    outer loop
      vertex -9.39169 17.9642 2.21756
      vertex -8.91108 17.0449 2.66848
      vertex -10.1754 15.8465 2.66848
    endloop
  endfacet
  facet normal -0.31303 -0.517836 -0.796152
    outer loop
      vertex 6.94172 21.419 1.25593
      vertex 8.29982 19.8458 1.7452
      vertex 6.73786 20.79 1.7452
    endloop
  endfacet
  facet normal -0.475717 -0.787021 -0.392799
    outer loop
      vertex 8.8045 21.0525 0.245642
      vertex 8.71971 20.8498 0.754465
      vertex 7.07872 21.8417 0.754465
    endloop
  endfacet
  facet normal -0.53103 -0.56022 -0.635737
    outer loop
      vertex 11.7348 18.275 0.754465
      vertex 11.5076 17.9213 1.25593
      vertex 10.0778 19.2766 1.25593
    endloop
  endfacet
  facet normal -0.531049 -0.560291 -0.635658
    outer loop
      vertex 10.2767 19.657 0.754465
      vertex 11.7348 18.275 0.754465
      vertex 10.0778 19.2766 1.25593
    endloop
  endfacet
  facet normal -0.204895 -0.338932 -0.918228
    outer loop
      vertex 7.96877 19.0542 2.21756
      vertex 7.56098 18.0791 2.66848
      vertex 6.13806 18.9393 2.66848
    endloop
  endfacet
  facet normal -0.251567 -0.416177 -0.873791
    outer loop
      vertex 6.73786 20.79 1.7452
      vertex 7.96877 19.0542 2.21756
      vertex 6.46911 19.9607 2.21756
    endloop
  endfacet
  facet normal -0.462156 -0.0177644 -0.886621
    outer loop
      vertex 16.8232 2.11769 2.21756
      vertex 16.9046 0 2.21756
      vertex 15.9623 2.00932 2.66848
    endloop
  endfacet
  facet normal -0.458068 -0.0531732 -0.887326
    outer loop
      vertex 16.8232 2.11769 2.21756
      vertex 15.9623 2.00932 2.66848
      vertex 15.7313 3.9993 2.66848
    endloop
  endfacet
  facet normal -0.374347 -0.0733773 -0.924381
    outer loop
      vertex 15.7313 3.9993 2.66848
      vertex 14.7314 3.74508 3.09359
      vertex 14.3732 5.5725 3.09359
    endloop
  endfacet
  facet normal -0.303709 -0.0850283 -0.948963
    outer loop
      vertex 14.3732 5.5725 3.09359
      vertex 13.2592 5.14057 3.48882
      vertex 12.8011 6.77684 3.48882
    endloop
  endfacet
  facet normal -0.458047 0.0531581 -0.887337
    outer loop
      vertex 16.8232 -2.11769 2.21756
      vertex 16.5798 -4.21499 2.21756
      vertex 15.7313 -3.9993 2.66848
    endloop
  endfacet
  facet normal -0.553247 0.0642065 -0.830539
    outer loop
      vertex 16.8232 -2.11769 2.21756
      vertex 17.5221 -2.20567 1.7452
      vertex 16.5798 -4.21499 2.21756
    endloop
  endfacet
  facet normal -0.210333 -0.0588863 -0.975855
    outer loop
      vertex 11.6022 6.14217 3.85036
      vertex 10.6599 4.13284 4.17471
      vertex 10.2916 5.44835 4.17471
    endloop
  endfacet
  facet normal -0.312556 -0.061259 -0.947922
    outer loop
      vertex 14.3732 5.5725 3.09359
      vertex 13.5896 3.4548 3.48882
      vertex 13.2592 5.14057 3.48882
    endloop
  endfacet
  facet normal -0.231319 -0.108475 -0.966812
    outer loop
      vertex 11.5207 9.83844 3.48882
      vertex 12.2197 8.34784 3.48882
      vertex 10.4417 8.91705 3.85036
    endloop
  endfacet
  facet normal -0.231323 -0.108486 -0.966809
    outer loop
      vertex 12.2197 8.34784 3.48882
      vertex 11.0753 7.56604 3.85036
      vertex 10.4417 8.91705 3.85036
    endloop
  endfacet
  facet normal -0.0962408 -0.300649 -0.948867
    outer loop
      vertex 3.12916 20.1058 2.66848
      vertex 4.36007 18.3701 3.09359
      vertex 2.93025 18.8278 3.09359
    endloop
  endfacet
  facet normal -0.117087 -0.365722 -0.92333
    outer loop
      vertex 3.29792 21.1902 2.21756
      vertex 4.90715 20.675 2.21756
      vertex 3.12916 20.1058 2.66848
    endloop
  endfacet
  facet normal -0.133239 -0.29134 -0.947295
    outer loop
      vertex 4.65603 19.617 2.66848
      vertex 5.7479 17.7354 3.09359
      vertex 4.36007 18.3701 3.09359
    endloop
  endfacet
  facet normal -0.110404 -0.241408 -0.964123
    outer loop
      vertex 5.7479 17.7354 3.09359
      vertex 5.30238 16.3607 3.48882
      vertex 4.36007 18.3701 3.09359
    endloop
  endfacet
  facet normal -0.0571017 -0.909806 -0.411087
    outer loop
      vertex 1.83071 23.7563 0.245642
      vertex 1.81308 23.5275 0.754465
      vertex 0 23.8712 0.245642
    endloop
  endfacet
  facet normal -0.138081 -0.728381 -0.671115
    outer loop
      vertex 3.6087 23.1871 0.754465
      vertex 3.53886 22.7383 1.25593
      vertex 1.81308 23.5275 0.754465
    endloop
  endfacet
  facet normal -0.170004 -0.896543 -0.409035
    outer loop
      vertex 1.83071 23.7563 0.245642
      vertex 3.64379 23.4125 0.245642
      vertex 1.81308 23.5275 0.754465
    endloop
  endfacet
  facet normal -0.278773 -0.870794 -0.404972
    outer loop
      vertex 3.64379 23.4125 0.245642
      vertex 5.42178 22.8433 0.245642
      vertex 3.6087 23.1871 0.754465
    endloop
  endfacet
  facet normal -0.864917 -0.501915 0
    outer loop
      vertex 15.5298 13.2621 0
      vertex 14.4379 15.1437 0.245642
      vertex 14.4379 15.1437 0
    endloop
  endfacet
  facet normal -0.864917 -0.501915 0
    outer loop
      vertex 14.4379 15.1437 0.245642
      vertex 15.5298 13.2621 0
      vertex 15.5298 13.2621 0.245642
    endloop
  endfacet
  facet normal 0.123494 -0.10661 -0.986602
    outer loop
      vertex -6.09888 9.49802 4.45877
      vertex -6.79793 8.68826 4.45877
      vertex -7.06687 11.0055 4.17471
    endloop
  endfacet
  facet normal 0.13891 -0.0388899 -0.989541
    outer loop
      vertex -7.38667 3.91048 4.69978
      vertex -7.65101 2.96629 4.69978
      vertex -8.88192 4.70205 4.45877
    endloop
  endfacet
  facet normal 0.177812 -0.0348493 -0.983447
    outer loop
      vertex -9.19976 3.56674 4.45877
      vertex -9.429 2.39709 4.45877
      vertex -10.6599 4.13284 4.17471
    endloop
  endfacet
  facet normal 0.108101 -0.0302644 -0.993679
    outer loop
      vertex -7.38667 3.91048 4.69978
      vertex -5.82029 3.08124 4.89544
      vertex -7.65101 2.96629 4.69978
    endloop
  endfacet
  facet normal 0.321441 -0.0123513 -0.946849
    outer loop
      vertex -14.9477 1.8816 3.09359
      vertex -13.7891 1.73576 3.48882
      vertex -15.02 0 3.09359
    endloop
  endfacet
  facet normal 0.268375 -0.0103208 -0.963259
    outer loop
      vertex -12.4977 1.5732 3.85036
      vertex -12.5582 0 3.85036
      vertex -13.7891 1.73576 3.48882
    endloop
  endfacet
  facet normal 0.047528 -0.0222884 -0.998621
    outer loop
      vertex -2.28144 1.94831 5.14361
      vertex -2.41987 1.65312 5.14361
      vertex -4.00721 2.73751 5.04386
    endloop
  endfacet
  facet normal 0.0553356 -0.00212661 -0.998466
    outer loop
      vertex -2.73065 0.343732 5.14361
      vertex -2.74386 0 5.14361
      vertex -4.54373 0 5.04386
    endloop
  endfacet
  facet normal 0.0553356 0.00212661 -0.998466
    outer loop
      vertex -2.74386 0 5.14361
      vertex -2.73065 -0.343732 5.14361
      vertex -4.54373 0 5.04386
    endloop
  endfacet
  facet normal 0.0677572 -0.0393185 -0.996927
    outer loop
      vertex -3.51235 3.68406 5.04386
      vertex -3.77797 3.22632 5.04386
      vertex -5.23812 4.47327 4.89544
    endloop
  endfacet
  facet normal 0.118622 -0.0688353 -0.990551
    outer loop
      vertex -7.43151 7.79482 4.45877
      vertex -6.18044 6.48259 4.69978
      vertex -7.99352 6.82632 4.45877
    endloop
  endfacet
  facet normal 0.0723473 -0.0339287 -0.996802
    outer loop
      vertex -5.23812 4.47327 4.89544
      vertex -3.77797 3.22632 5.04386
      vertex -5.55596 3.79553 4.89544
    endloop
  endfacet
  facet normal 0.023555 -0.0110462 -0.999662
    outer loop
      vertex -2.28144 1.94831 5.14361
      vertex -0.80922 0.552814 5.19372
      vertex -2.41987 1.65312 5.14361
    endloop
  endfacet
  facet normal 0.0372192 -0.0321288 -0.998791
    outer loop
      vertex -1.74069 2.71084 5.14361
      vertex -1.9402 2.47972 5.14361
      vertex -2.88251 4.48905 5.04386
    endloop
  endfacet
  facet normal 0.0985155 -0.0462014 -0.994062
    outer loop
      vertex -6.64783 5.67713 4.69978
      vertex -5.23812 4.47327 4.89544
      vertex -7.05121 4.817 4.69978
    endloop
  endfacet
  facet normal 0.0684867 0.0722523 -0.995032
    outer loop
      vertex -3.99658 -6.22402 4.89544
      vertex -3.5 -6.69472 4.89544
      vertex -4.44194 -8.49643 4.69978
    endloop
  endfacet
  facet normal 0.0360905 0.0597053 -0.997563
    outer loop
      vertex -2.1419 -5.12152 5.04386
      vertex -2.41084 -7.43877 4.89544
      vertex -2.96972 -7.10094 4.89544
    endloop
  endfacet
  facet normal -0.0220579 0.0127997 -0.999675
    outer loop
      vertex 0.762927 -0.651526 5.19372
      vertex 2.28144 -1.94831 5.14361
      vertex 0.709288 -0.743963 5.19372
    endloop
  endfacet
  facet normal -0.0186743 -0.0408357 -0.998991
    outer loop
      vertex 1.73881 5.36518 5.04386
      vertex 1.05003 3.23991 5.14361
      vertex 0.7965 3.35585 5.14361
    endloop
  endfacet
  facet normal 0.0548034 0.00636059 -0.998477
    outer loop
      vertex -2.73065 -0.343732 5.14361
      vertex -2.69114 -0.684154 5.14361
      vertex -4.52185 -0.569207 5.04386
    endloop
  endfacet
  facet normal 0.0203484 0.0144302 -0.999689
    outer loop
      vertex -0.709288 -0.743963 5.19372
      vertex -0.648816 -0.829236 5.19372
      vertex -1.9402 -2.47972 5.14361
    endloop
  endfacet
  facet normal -0.026638 -0.00522066 -0.999632
    outer loop
      vertex 2.69114 0.684154 5.14361
      vertex 0.899934 0.228786 5.19372
      vertex 0.878055 0.340422 5.19372
    endloop
  endfacet
  facet normal -0.0842157 -0.0032372 -0.996442
    outer loop
      vertex 6.29984 0 4.89544
      vertex 4.54373 0 5.04386
      vertex 4.52185 0.569207 5.04386
    endloop
  endfacet
  facet normal -0.0817966 -0.0160311 -0.99652
    outer loop
      vertex 6.02857 2.33728 4.89544
      vertex 6.17879 1.5708 4.89544
      vertex 4.45642 1.13293 5.04386
    endloop
  endfacet
  facet normal 0.062514 0.0443312 -0.997059
    outer loop
      vertex -3.51235 -3.68406 5.04386
      vertex -4.45466 -5.69339 4.89544
      vertex -4.86984 -5.10792 4.89544
    endloop
  endfacet
  facet normal 0.0521673 0.0146047 -0.998532
    outer loop
      vertex -2.535 -1.34202 5.14361
      vertex -4.19786 -2.22233 5.04386
      vertex -4.34808 -1.68575 5.04386
    endloop
  endfacet
  facet normal 0.0220575 0.0128003 -0.999675
    outer loop
      vertex -0.709288 -0.743963 5.19372
      vertex -2.12103 -2.22473 5.14361
      vertex -2.28144 -1.94831 5.14361
    endloop
  endfacet
  facet normal -0.00925249 0.0202327 -0.999752
    outer loop
      vertex 1.05003 -3.23991 5.14361
      vertex 0.7965 -3.35585 5.14361
      vertex 0.351136 -1.08345 5.19372
    endloop
  endfacet
  facet normal -0.0445083 0.0258287 -0.998675
    outer loop
      vertex 2.28144 -1.94831 5.14361
      vertex 3.51235 -3.68406 5.04386
      vertex 2.12103 -2.22473 5.14361
    endloop
  endfacet
  facet normal -0.0851438 0.0603798 -0.994537
    outer loop
      vertex 6.18044 -6.48259 4.69978
      vertex 5.65352 -7.22562 4.69978
      vertex 4.45466 -5.69339 4.89544
    endloop
  endfacet
  facet normal -0.109472 0.0776324 -0.990954
    outer loop
      vertex 6.18044 -6.48259 4.69978
      vertex 6.79793 -8.68826 4.45877
      vertex 5.65352 -7.22562 4.69978
    endloop
  endfacet
  facet normal -0.0445083 -0.0258287 -0.998675
    outer loop
      vertex 3.51235 3.68406 5.04386
      vertex 2.28144 1.94831 5.14361
      vertex 2.12103 2.22473 5.14361
    endloop
  endfacet
  facet normal 0.0217237 0.114603 -0.993174
    outer loop
      vertex -1.5598 -10.0222 4.69978
      vertex -0.942309 -12.2279 4.45877
      vertex -1.87554 -12.051 4.45877
    endloop
  endfacet
  facet normal -0.00564569 0.0899264 -0.995932
    outer loop
      vertex 0 -8.05167 4.89544
      vertex 0.783674 -10.1694 4.69978
      vertex 0 -10.2186 4.69978
    endloop
  endfacet
  facet normal -0.0880842 0.0929282 -0.991769
    outer loop
      vertex 6.09888 -9.49802 4.45877
      vertex 5.3411 -10.2163 4.45877
      vertex 4.44194 -8.49643 4.69978
    endloop
  endfacet
  facet normal -0.0946548 0.123563 -0.987812
    outer loop
      vertex 5.3411 -10.2163 4.45877
      vertex 6.18882 -11.8378 4.17471
      vertex 4.53188 -10.8362 4.45877
    endloop
  endfacet
  facet normal 0.00905533 0.144137 -0.989516
    outer loop
      vertex 0 -12.2871 4.45877
      vertex 0 -14.2372 4.17471
      vertex -0.942309 -12.2279 4.45877
    endloop
  endfacet
  facet normal -0.0134691 0.0420727 -0.999024
    outer loop
      vertex 0.7965 -3.35585 5.14361
      vertex 0.886437 -5.69564 5.04386
      vertex 0.5353 -3.43947 5.14361
    endloop
  endfacet
  facet normal 0.233861 0.246723 -0.940445
    outer loop
      vertex -9.52857 -14.8392 3.09359
      vertex -8.34465 -15.9614 3.09359
      vertex -10.1754 -15.8465 2.66848
    endloop
  endfacet
  facet normal 0.016104 0.2567 -0.966357
    outer loop
      vertex -1.3581 -17.6235 3.48882
      vertex 0 -17.7087 3.48882
      vertex -1.47221 -19.1042 3.09359
    endloop
  endfacet
  facet normal 0.191891 0.0899914 -0.977282
    outer loop
      vertex -9.82423 -6.71138 4.17471
      vertex -9.26222 -7.90977 4.17471
      vertex -11.0753 -7.56604 3.85036
    endloop
  endfacet
  facet normal 0.157436 0.0738327 -0.984765
    outer loop
      vertex -8.47855 -5.79208 4.45877
      vertex -9.26222 -7.90977 4.17471
      vertex -9.82423 -6.71138 4.17471
    endloop
  endfacet
  facet normal 0.145881 -0.0169316 -0.989157
    outer loop
      vertex -7.84165 1.99354 4.69978
      vertex -7.95678 1.00159 4.69978
      vertex -9.56743 1.20434 4.45877
    endloop
  endfacet
  facet normal 0.222876 0.00857106 -0.974809
    outer loop
      vertex -11.0859 -1.39549 4.17471
      vertex -12.4977 -1.5732 3.85036
      vertex -12.5582 0 3.85036
    endloop
  endfacet
  facet normal 0.172651 0.0483365 -0.983796
    outer loop
      vertex -9.19976 -3.56674 4.45877
      vertex -10.2916 -5.44835 4.17471
      vertex -10.6599 -4.13284 4.17471
    endloop
  endfacet
  facet normal 0.165841 0.0613702 -0.984241
    outer loop
      vertex -8.88192 -4.70205 4.45877
      vertex -8.47855 -5.79208 4.45877
      vertex -10.2916 -5.44835 4.17471
    endloop
  endfacet
  facet normal -0.117083 0.365732 -0.923326
    outer loop
      vertex 4.65603 -19.617 2.66848
      vertex 4.90715 -20.675 2.21756
      vertex 3.12916 -20.1058 2.66848
    endloop
  endfacet
  facet normal -0.133239 0.29134 -0.947295
    outer loop
      vertex 5.7479 -17.7354 3.09359
      vertex 4.65603 -19.617 2.66848
      vertex 4.36007 -18.3701 3.09359
    endloop
  endfacet
  facet normal -0.110403 0.241407 -0.964123
    outer loop
      vertex 5.30238 -16.3607 3.48882
      vertex 4.36007 -18.3701 3.09359
      vertex 4.02212 -16.9462 3.48882
    endloop
  endfacet
  facet normal -0.161529 0.170406 -0.972044
    outer loop
      vertex 7.96681 -12.407 3.85036
      vertex 8.79002 -13.689 3.48882
      vertex 6.97694 -13.3453 3.85036
    endloop
  endfacet
  facet normal -0.161949 0.354135 -0.921065
    outer loop
      vertex 6.13806 -18.9393 2.66848
      vertex 6.46911 -19.9607 2.21756
      vertex 4.90715 -20.675 2.21756
    endloop
  endfacet
  facet normal -0.204891 0.33896 -0.918219
    outer loop
      vertex 7.96877 -19.0542 2.21756
      vertex 6.46911 -19.9607 2.21756
      vertex 6.13806 -18.9393 2.66848
    endloop
  endfacet
  facet normal 0.425655 -0.301833 -0.853062
    outer loop
      vertex -11.9534 15.2773 2.21756
      vertex -13.0674 13.7063 2.21756
      vertex -13.6103 14.2757 1.7452
    endloop
  endfacet
  facet normal 0.37432 -0.0733506 -0.924394
    outer loop
      vertex -15.3489 5.95075 2.66848
      vertex -14.3732 5.5725 3.09359
      vertex -15.7313 3.9993 2.66848
    endloop
  endfacet
  facet normal 0.222881 -0.00857671 -0.974808
    outer loop
      vertex -11.0859 1.39549 4.17471
      vertex -11.1396 0 4.17471
      vertex -12.5582 0 3.85036
    endloop
  endfacet
  facet normal 0.260845 -0.0511314 -0.964026
    outer loop
      vertex -12.0174 4.65914 3.85036
      vertex -12.3169 3.13125 3.85036
      vertex -13.2592 5.14057 3.48882
    endloop
  endfacet
  facet normal 0.464808 -0.606785 -0.644799
    outer loop
      vertex -8.71971 20.8498 0.754465
      vertex -8.55094 20.4462 1.25593
      vertex -10.0778 19.2766 1.25593
    endloop
  endfacet
  facet normal 0.312177 -0.682647 -0.660711
    outer loop
      vertex -5.36957 22.6233 0.754465
      vertex -6.94172 21.419 1.25593
      vertex -7.07872 21.8417 0.754465
    endloop
  endfacet
  facet normal 0.81572 -0.578448 0
    outer loop
      vertex -14.4379 15.1437 0.245642
      vertex -13.207 16.8795 0
      vertex -13.207 16.8795 0.245642
    endloop
  endfacet
  facet normal 0.81572 -0.578448 0
    outer loop
      vertex -13.207 16.8795 0
      vertex -14.4379 15.1437 0.245642
      vertex -14.4379 15.1437 0
    endloop
  endfacet
  facet normal 0.848361 -0.397855 -0.349278
    outer loop
      vertex -15.5298 13.2621 0.245642
      vertex -15.3802 13.1344 0.754465
      vertex -16.4721 11.2528 0.245642
    endloop
  endfacet
  facet normal 0.641637 -0.455023 -0.617459
    outer loop
      vertex -12.8266 16.3934 1.25593
      vertex -14.0221 14.7076 1.25593
      vertex -14.2988 14.9979 0.754465
    endloop
  endfacet
  facet normal 0.686025 -0.398104 -0.609001
    outer loop
      vertex -14.2988 14.9979 0.754465
      vertex -14.0221 14.7076 1.25593
      vertex -15.3802 13.1344 0.754465
    endloop
  endfacet
  facet normal 0.622103 -0.230199 -0.748329
    outer loop
      vertex -15.9977 10.9287 1.25593
      vertex -15.5279 10.6078 1.7452
      vertex -16.2666 8.61149 1.7452
    endloop
  endfacet
  facet normal 0.687924 0.725783 -0
    outer loop
      vertex -10.3766 -19.8482 0
      vertex -11.8489 -18.4527 0.245642
      vertex -10.3766 -19.8482 0.245642
    endloop
  endfacet
  facet normal 0.687924 0.725783 0
    outer loop
      vertex -11.8489 -18.4527 0.245642
      vertex -10.3766 -19.8482 0
      vertex -11.8489 -18.4527 0
    endloop
  endfacet
  facet normal 0.999261 0.0384366 0
    outer loop
      vertex -18.5875 -2.33979 0.245642
      vertex -18.6775 0 0
      vertex -18.6775 0 0.245642
    endloop
  endfacet
  facet normal 0.999261 0.0384366 0
    outer loop
      vertex -18.6775 0 0
      vertex -18.5875 -2.33979 0.245642
      vertex -18.5875 -2.33979 0
    endloop
  endfacet
  facet normal 0.81348 -0.0312877 -0.58075
    outer loop
      vertex -18.0522 2.2724 1.25593
      vertex -18.1396 0 1.25593
      vertex -18.4976 0 0.754465
    endloop
  endfacet
  facet normal 0.676241 -0.0260093 -0.736221
    outer loop
      vertex -18.0522 2.2724 1.25593
      vertex -17.5221 2.20567 1.7452
      vertex -18.1396 0 1.25593
    endloop
  endfacet
  facet normal 0.723401 0.339235 -0.60134
    outer loop
      vertex -15.9977 -10.9287 1.25593
      vertex -15.3802 -13.1344 0.754465
      vertex -16.3134 -11.1444 0.754465
    endloop
  endfacet
  facet normal 0.848345 0.397827 -0.349349
    outer loop
      vertex -16.3134 -11.1444 0.754465
      vertex -15.3802 -13.1344 0.754465
      vertex -16.4721 -11.2528 0.245642
    endloop
  endfacet
  facet normal 0.808438 0.469141 -0.355437
    outer loop
      vertex -14.2988 -14.9979 0.754465
      vertex -14.4379 -15.1437 0.245642
      vertex -15.3802 -13.1344 0.754465
    endloop
  endfacet
  facet normal 0.80844 0.469141 -0.355432
    outer loop
      vertex -15.3802 -13.1344 0.754465
      vertex -14.4379 -15.1437 0.245642
      vertex -15.5298 -13.2621 0.245642
    endloop
  endfacet
  facet normal 0.622055 0.230201 -0.748368
    outer loop
      vertex -16.2666 -8.61149 1.7452
      vertex -15.9977 -10.9287 1.25593
      vertex -16.7588 -8.87204 1.25593
    endloop
  endfacet
  facet normal 0.643814 0.180237 -0.743651
    outer loop
      vertex -16.2666 -8.61149 1.7452
      vertex -16.7588 -8.87204 1.25593
      vertex -17.3585 -6.72989 1.25593
    endloop
  endfacet
  facet normal 0.924151 0.181137 -0.336353
    outer loop
      vertex -18.1422 -4.61219 0.754465
      vertex -17.8732 -6.92945 0.245642
      vertex -18.3186 -4.65704 0.245642
    endloop
  endfacet
  facet normal 0.924158 0.181134 -0.336338
    outer loop
      vertex -17.7011 -6.86271 0.754465
      vertex -17.8732 -6.92945 0.245642
      vertex -18.1422 -4.61219 0.754465
    endloop
  endfacet
  facet normal 0.260845 0.0511314 -0.964026
    outer loop
      vertex -12.3169 -3.13125 3.85036
      vertex -12.0174 -4.65914 3.85036
      vertex -13.2592 -5.14057 3.48882
    endloop
  endfacet
  facet normal 0.260856 0.051126 -0.964023
    outer loop
      vertex -12.3169 -3.13125 3.85036
      vertex -13.2592 -5.14057 3.48882
      vertex -13.5896 -3.4548 3.48882
    endloop
  endfacet
  facet normal 0.0566666 0.0489189 -0.997194
    outer loop
      vertex -3.2129 -4.10633 5.04386
      vertex -3.99658 -6.22402 4.89544
      vertex -4.45466 -5.69339 4.89544
    endloop
  endfacet
  facet normal 0.108101 0.030264 -0.993679
    outer loop
      vertex -6.02857 -2.33728 4.89544
      vertex -5.82029 -3.08124 4.89544
      vertex -7.65101 -2.96629 4.69978
    endloop
  endfacet
  facet normal 0.0851438 0.0603798 -0.994537
    outer loop
      vertex -4.45466 -5.69339 4.89544
      vertex -5.65352 -7.22562 4.69978
      vertex -6.18044 -6.48259 4.69978
    endloop
  endfacet
  facet normal 0.115545 0.150831 -0.981784
    outer loop
      vertex -6.18882 -11.8378 4.17471
      vertex -5.25116 -12.5561 4.17471
      vertex -6.97694 -13.3453 3.85036
    endloop
  endfacet
  facet normal 0.136168 0.0965628 -0.985969
    outer loop
      vertex -7.43151 -7.79482 4.45877
      vertex -6.79793 -8.68826 4.45877
      vertex -8.61101 -9.03199 4.17471
    endloop
  endfacet
  facet normal 0.136167 0.0965656 -0.985968
    outer loop
      vertex -6.79793 -8.68826 4.45877
      vertex -7.87687 -10.0672 4.17471
      vertex -8.61101 -9.03199 4.17471
    endloop
  endfacet
  facet normal 0.401274 0.188184 -0.896419
    outer loop
      vertex -14.1456 -9.6635 2.66848
      vertex -13.3364 -11.389 2.66848
      vertex -14.9085 -10.1847 2.21756
    endloop
  endfacet
  facet normal 0.401262 0.188165 -0.896428
    outer loop
      vertex -13.3364 -11.389 2.66848
      vertex -14.0557 -12.0033 2.21756
      vertex -14.9085 -10.1847 2.21756
    endloop
  endfacet
  facet normal 0.28921 0.205093 -0.935037
    outer loop
      vertex -10.6207 -13.5741 3.09359
      vertex -11.3417 -14.4955 2.66848
      vertex -11.6106 -12.1782 3.09359
    endloop
  endfacet
  facet normal 0.260348 0.151088 -0.95362
    outer loop
      vertex -10.7107 -11.2343 3.48882
      vertex -11.6106 -12.1782 3.09359
      vertex -12.4887 -10.6651 3.09359
    endloop
  endfacet
  facet normal 0.303697 0.0850099 -0.948969
    outer loop
      vertex -12.8011 -6.77684 3.48882
      vertex -13.8767 -7.34624 3.09359
      vertex -14.3732 -5.5725 3.09359
    endloop
  endfacet
  facet normal 0.363902 0.101862 -0.925851
    outer loop
      vertex -14.3732 -5.5725 3.09359
      vertex -13.8767 -7.34624 3.09359
      vertex -15.3489 -5.95075 2.66848
    endloop
  endfacet
  facet normal 0.458628 0.266132 -0.847841
    outer loop
      vertex -14.0557 -12.0033 2.21756
      vertex -13.6103 -14.2757 1.7452
      vertex -14.6396 -12.5019 1.7452
    endloop
  endfacet
  facet normal 0.561678 0.32593 -0.760452
    outer loop
      vertex -14.6396 -12.5019 1.7452
      vertex -13.6103 -14.2757 1.7452
      vertex -15.0825 -12.8802 1.25593
    endloop
  endfacet
  facet normal 0.0571017 0.909806 -0.411087
    outer loop
      vertex -1.81308 -23.5275 0.754465
      vertex 0 -23.8712 0.245642
      vertex -1.83071 -23.7563 0.245642
    endloop
  endfacet
  facet normal 0.0463141 0.737883 -0.673338
    outer loop
      vertex 0 -23.1837 1.25593
      vertex 0 -23.6413 0.754465
      vertex -1.81308 -23.5275 0.754465
    endloop
  endfacet
  facet normal 0.0194685 0.310106 -0.950503
    outer loop
      vertex 0 -19.1967 3.09359
      vertex 0 -20.4997 2.66848
      vertex -1.57215 -20.401 2.66848
    endloop
  endfacet
  facet normal -0.011047 0.176086 -0.984313
    outer loop
      vertex 0 -14.2372 4.17471
      vertex 1.09187 -14.1687 4.17471
      vertex 0 -16.0503 3.85036
    endloop
  endfacet
  facet normal 0.039977 0.210864 -0.976698
    outer loop
      vertex -1.23091 -15.973 3.85036
      vertex -1.3581 -17.6235 3.48882
      vertex -2.70313 -17.3685 3.48882
    endloop
  endfacet
  facet normal 0.0481737 0.254122 -0.965972
    outer loop
      vertex -2.70313 -17.3685 3.48882
      vertex -1.47221 -19.1042 3.09359
      vertex -2.93025 -18.8278 3.09359
    endloop
  endfacet
  facet normal 0.346531 0.365603 -0.863858
    outer loop
      vertex -9.39169 -17.9642 2.21756
      vertex -9.78185 -18.7105 1.7452
      vertex -10.7242 -16.7012 2.21756
    endloop
  endfacet
  facet normal 0.283283 0.298874 -0.911277
    outer loop
      vertex -10.1754 -15.8465 2.66848
      vertex -9.39169 -17.9642 2.21756
      vertex -10.7242 -16.7012 2.21756
    endloop
  endfacet
  facet normal 0.289227 0.205094 -0.935032
    outer loop
      vertex -11.6106 -12.1782 3.09359
      vertex -11.3417 -14.4955 2.66848
      vertex -12.3987 -13.0049 2.66848
    endloop
  endfacet
  facet normal 0.388251 0.335163 -0.858444
    outer loop
      vertex -11.9534 -15.2773 2.21756
      vertex -10.7242 -16.7012 2.21756
      vertex -12.4499 -15.912 1.7452
    endloop
  endfacet
  facet normal 0.161949 0.354135 -0.921065
    outer loop
      vertex -6.13806 -18.9393 2.66848
      vertex -4.90715 -20.675 2.21756
      vertex -6.46911 -19.9607 2.21756
    endloop
  endfacet
  facet normal 0.144185 0.450363 -0.881126
    outer loop
      vertex -4.90715 -20.675 2.21756
      vertex -3.43493 -22.0705 1.7452
      vertex -5.111 -21.5339 1.7452
    endloop
  endfacet
  facet normal 0.144185 0.450363 -0.881127
    outer loop
      vertex -3.29792 -21.1902 2.21756
      vertex -3.43493 -22.0705 1.7452
      vertex -4.90715 -20.675 2.21756
    endloop
  endfacet
  facet normal 0.117087 0.365722 -0.92333
    outer loop
      vertex -3.12916 -20.1058 2.66848
      vertex -3.29792 -21.1902 2.21756
      vertex -4.90715 -20.675 2.21756
    endloop
  endfacet
  facet normal 0.0708224 0.373572 -0.924894
    outer loop
      vertex -3.12916 -20.1058 2.66848
      vertex -1.65694 -21.5013 2.21756
      vertex -3.29792 -21.1902 2.21756
    endloop
  endfacet
  facet normal -0.0237023 0.377543 -0.925689
    outer loop
      vertex 0 -20.4997 2.66848
      vertex 1.57215 -20.401 2.66848
      vertex 0 -21.6053 2.21756
    endloop
  endfacet
  facet normal -0.227239 0.709718 -0.66683
    outer loop
      vertex 5.36957 -22.6233 0.754465
      vertex 3.6087 -23.1871 0.754465
      vertex 3.53886 -22.7383 1.25593
    endloop
  endfacet
  facet normal -0.278794 0.870735 -0.405087
    outer loop
      vertex 5.36957 -22.6233 0.754465
      vertex 5.42178 -22.8433 0.245642
      vertex 3.6087 -23.1871 0.754465
    endloop
  endfacet
  facet normal 0.204891 0.33896 -0.918219
    outer loop
      vertex -6.13806 -18.9393 2.66848
      vertex -6.46911 -19.9607 2.21756
      vertex -7.96877 -19.0542 2.21756
    endloop
  endfacet
  facet normal 0.313046 0.517846 -0.796139
    outer loop
      vertex -8.29982 -19.8458 1.7452
      vertex -6.94172 -21.419 1.25593
      vertex -8.55094 -20.4462 1.25593
    endloop
  endfacet
  facet normal 0.641637 0.455023 -0.617459
    outer loop
      vertex -14.0221 -14.7076 1.25593
      vertex -12.8266 -16.3934 1.25593
      vertex -14.2988 -14.9979 0.754465
    endloop
  endfacet
  facet normal 0.58997 0.509307 -0.626531
    outer loop
      vertex -11.5076 -17.9213 1.25593
      vertex -11.7348 -18.275 0.754465
      vertex -12.8266 -16.3934 1.25593
    endloop
  endfacet
  facet normal 0.543767 0.106588 -0.83244
    outer loop
      vertex -16.5798 -4.21499 2.21756
      vertex -16.8487 -6.53225 1.7452
      vertex -17.2686 -4.3901 1.7452
    endloop
  endfacet
  facet normal 0.660043 0.12938 -0.740002
    outer loop
      vertex -17.2686 -4.3901 1.7452
      vertex -16.8487 -6.53225 1.7452
      vertex -17.3585 -6.72989 1.25593
    endloop
  endfacet
  facet normal 0.676241 0.0260093 -0.736221
    outer loop
      vertex -17.5221 -2.20567 1.7452
      vertex -18.0522 -2.2724 1.25593
      vertex -18.1396 0 1.25593
    endloop
  endfacet
  facet normal 0.81348 0.0312877 -0.58075
    outer loop
      vertex -18.1396 0 1.25593
      vertex -18.0522 -2.2724 1.25593
      vertex -18.4976 0 0.754465
    endloop
  endfacet
  facet normal 0.321441 0.0123513 -0.946849
    outer loop
      vertex -13.7891 -1.73576 3.48882
      vertex -14.9477 -1.8816 3.09359
      vertex -15.02 0 3.09359
    endloop
  endfacet
  facet normal 0.384816 0.0147865 -0.922875
    outer loop
      vertex -15.02 0 3.09359
      vertex -14.9477 -1.8816 3.09359
      vertex -15.9623 -2.00932 2.66848
    endloop
  endfacet
  facet normal -0.962974 -0.269594 0
    outer loop
      vertex 17.8732 6.92945 0
      vertex 17.2557 9.13512 0.245642
      vertex 17.2557 9.13512 0
    endloop
  endfacet
  facet normal -0.962974 -0.269594 0
    outer loop
      vertex 17.2557 9.13512 0.245642
      vertex 17.8732 6.92945 0
      vertex 17.8732 6.92945 0.245642
    endloop
  endfacet
  facet normal -0.594715 -0.278911 -0.754004
    outer loop
      vertex 15.0825 12.8802 1.25593
      vertex 15.5279 10.6078 1.7452
      vertex 14.6396 12.5019 1.7452
    endloop
  endfacet
  facet normal -0.486933 -0.228363 -0.843058
    outer loop
      vertex 15.5279 10.6078 1.7452
      vertex 14.9085 10.1847 2.21756
      vertex 14.6396 12.5019 1.7452
    endloop
  endfacet
  facet normal -0.808438 -0.469141 -0.355437
    outer loop
      vertex 14.4379 15.1437 0.245642
      vertex 15.3802 13.1344 0.754465
      vertex 14.2988 14.9979 0.754465
    endloop
  endfacet
  facet normal -0.760288 -0.539145 -0.362333
    outer loop
      vertex 14.4379 15.1437 0.245642
      vertex 14.2988 14.9979 0.754465
      vertex 13.0798 16.7169 0.754465
    endloop
  endfacet
  facet normal -0.262889 -0.226948 -0.937755
    outer loop
      vertex 10.1754 15.8465 2.66848
      vertex 11.3417 14.4955 2.66848
      vertex 9.52857 14.8392 3.09359
    endloop
  endfacet
  facet normal -0.318028 -0.274549 -0.907458
    outer loop
      vertex 10.7242 16.7012 2.21756
      vertex 11.3417 14.4955 2.66848
      vertex 10.1754 15.8465 2.66848
    endloop
  endfacet
  facet normal -0.425671 -0.301869 -0.853041
    outer loop
      vertex 12.4499 15.912 1.7452
      vertex 13.6103 14.2757 1.7452
      vertex 11.9534 15.2773 2.21756
    endloop
  endfacet
  facet normal -0.388251 -0.335163 -0.858444
    outer loop
      vertex 12.4499 15.912 1.7452
      vertex 11.9534 15.2773 2.21756
      vertex 10.7242 16.7012 2.21756
    endloop
  endfacet
  facet normal -0.377191 -0.218895 -0.899895
    outer loop
      vertex 14.0557 12.0033 2.21756
      vertex 13.3364 11.389 2.66848
      vertex 13.0674 13.7063 2.21756
    endloop
  endfacet
  facet normal -0.401262 -0.188165 -0.896428
    outer loop
      vertex 14.0557 12.0033 2.21756
      vertex 14.9085 10.1847 2.21756
      vertex 13.3364 11.389 2.66848
    endloop
  endfacet
  facet normal -0.332995 -0.156146 -0.92991
    outer loop
      vertex 13.3364 11.389 2.66848
      vertex 13.2464 9.04924 3.09359
      vertex 12.4887 10.6651 3.09359
    endloop
  endfacet
  facet normal -0.27752 -0.130133 -0.951865
    outer loop
      vertex 12.4887 10.6651 3.09359
      vertex 13.2464 9.04924 3.09359
      vertex 12.2197 8.34784 3.48882
    endloop
  endfacet
  facet normal -0.643821 0.180243 -0.743645
    outer loop
      vertex 16.8487 -6.53225 1.7452
      vertex 17.3585 -6.72989 1.25593
      vertex 16.2666 -8.61149 1.7452
    endloop
  endfacet
  facet normal -0.643814 0.180237 -0.743651
    outer loop
      vertex 17.3585 -6.72989 1.25593
      vertex 16.7588 -8.87204 1.25593
      vertex 16.2666 -8.61149 1.7452
    endloop
  endfacet
  facet normal -0.981328 0.192344 0
    outer loop
      vertex 17.8732 -6.92945 0
      vertex 18.3186 -4.65704 0.245642
      vertex 18.3186 -4.65704 0
    endloop
  endfacet
  facet normal -0.981328 0.192344 0
    outer loop
      vertex 18.3186 -4.65704 0.245642
      vertex 17.8732 -6.92945 0
      vertex 17.8732 -6.92945 0.245642
    endloop
  endfacet
  facet normal -0.808438 0.469141 -0.355437
    outer loop
      vertex 15.3802 -13.1344 0.754465
      vertex 14.4379 -15.1437 0.245642
      vertex 14.2988 -14.9979 0.754465
    endloop
  endfacet
  facet normal -0.686025 0.398104 -0.609001
    outer loop
      vertex 15.3802 -13.1344 0.754465
      vertex 14.2988 -14.9979 0.754465
      vertex 14.0221 -14.7076 1.25593
    endloop
  endfacet
  facet normal -0.686005 0.398074 -0.609044
    outer loop
      vertex 15.0825 -12.8802 1.25593
      vertex 15.3802 -13.1344 0.754465
      vertex 14.0221 -14.7076 1.25593
    endloop
  endfacet
  facet normal -0.641637 0.455023 -0.617459
    outer loop
      vertex 14.0221 -14.7076 1.25593
      vertex 14.2988 -14.9979 0.754465
      vertex 12.8266 -16.3934 1.25593
    endloop
  endfacet
  facet normal -0.475721 0.786981 -0.392874
    outer loop
      vertex 8.8045 -21.0525 0.245642
      vertex 7.14756 -22.0541 0.245642
      vertex 7.07872 -21.8417 0.754465
    endloop
  endfacet
  facet normal -0.391677 0.647918 -0.653292
    outer loop
      vertex 8.55094 -20.4462 1.25593
      vertex 8.71971 -20.8498 0.754465
      vertex 6.94172 -21.419 1.25593
    endloop
  endfacet
  facet normal -0.39168 0.647991 -0.653218
    outer loop
      vertex 8.71971 -20.8498 0.754465
      vertex 7.07872 -21.8417 0.754465
      vertex 6.94172 -21.419 1.25593
    endloop
  endfacet
  facet normal -0.756959 0.653462 0
    outer loop
      vertex 11.8489 -18.4527 0
      vertex 13.207 -16.8795 0.245642
      vertex 13.207 -16.8795 0
    endloop
  endfacet
  facet normal -0.756959 0.653462 0
    outer loop
      vertex 13.207 -16.8795 0.245642
      vertex 11.8489 -18.4527 0
      vertex 11.8489 -18.4527 0.245642
    endloop
  endfacet
  facet normal -0.778043 -0.217802 -0.589246
    outer loop
      vertex 17.7011 6.86271 0.754465
      vertex 17.3585 6.72989 1.25593
      vertex 17.0896 9.04714 0.754465
    endloop
  endfacet
  facet normal -0.795858 -0.155988 -0.585045
    outer loop
      vertex 17.7011 6.86271 0.754465
      vertex 18.1422 4.61219 0.754465
      vertex 17.3585 6.72989 1.25593
    endloop
  endfacet
  facet normal -0.670871 -0.0778627 -0.737475
    outer loop
      vertex 17.791 4.52292 1.25593
      vertex 18.0522 2.2724 1.25593
      vertex 17.5221 2.20567 1.7452
    endloop
  endfacet
  facet normal -0.81348 -0.0312877 -0.58075
    outer loop
      vertex 18.4976 0 0.754465
      vertex 18.1396 0 1.25593
      vertex 18.0522 2.2724 1.25593
    endloop
  endfacet
  facet normal -0.321441 0.0123513 -0.946849
    outer loop
      vertex 15.02 0 3.09359
      vertex 14.9477 -1.8816 3.09359
      vertex 13.7891 -1.73576 3.48882
    endloop
  endfacet
  facet normal -0.321442 0.012352 -0.946849
    outer loop
      vertex 13.8558 0 3.48882
      vertex 15.02 0 3.09359
      vertex 13.7891 -1.73576 3.48882
    endloop
  endfacet
  facet normal -0.303697 0.0850099 -0.948969
    outer loop
      vertex 14.3732 -5.5725 3.09359
      vertex 13.8767 -7.34624 3.09359
      vertex 12.8011 -6.77684 3.48882
    endloop
  endfacet
  facet normal -0.363902 0.101862 -0.925851
    outer loop
      vertex 14.3732 -5.5725 3.09359
      vertex 15.3489 -5.95075 2.66848
      vertex 13.8767 -7.34624 3.09359
    endloop
  endfacet
  facet normal -0.401262 0.188165 -0.896428
    outer loop
      vertex 14.9085 -10.1847 2.21756
      vertex 14.0557 -12.0033 2.21756
      vertex 13.3364 -11.389 2.66848
    endloop
  endfacet
  facet normal -0.425671 0.301869 -0.853041
    outer loop
      vertex 13.6103 -14.2757 1.7452
      vertex 12.4499 -15.912 1.7452
      vertex 11.9534 -15.2773 2.21756
    endloop
  endfacet
  facet normal -0.864917 0.501915 0
    outer loop
      vertex 14.4379 -15.1437 0
      vertex 15.5298 -13.2621 0.245642
      vertex 15.5298 -13.2621 0
    endloop
  endfacet
  facet normal -0.864917 0.501915 0
    outer loop
      vertex 15.5298 -13.2621 0.245642
      vertex 14.4379 -15.1437 0
      vertex 14.4379 -15.1437 0.245642
    endloop
  endfacet
  facet normal -0.723401 0.339235 -0.60134
    outer loop
      vertex 15.9977 -10.9287 1.25593
      vertex 16.3134 -11.1444 0.754465
      vertex 15.3802 -13.1344 0.754465
    endloop
  endfacet
  facet normal -0.522925 0.370837 -0.767483
    outer loop
      vertex 14.0221 -14.7076 1.25593
      vertex 12.8266 -16.3934 1.25593
      vertex 12.4499 -15.912 1.7452
    endloop
  endfacet
  facet normal -0.478506 0.413083 -0.774851
    outer loop
      vertex 12.4499 -15.912 1.7452
      vertex 12.8266 -16.3934 1.25593
      vertex 11.5076 -17.9213 1.25593
    endloop
  endfacet
  facet normal -0.318039 0.274552 -0.907454
    outer loop
      vertex 11.3417 -14.4955 2.66848
      vertex 11.9534 -15.2773 2.21756
      vertex 10.7242 -16.7012 2.21756
    endloop
  endfacet
  facet normal -0.388251 0.335163 -0.858444
    outer loop
      vertex 11.9534 -15.2773 2.21756
      vertex 12.4499 -15.912 1.7452
      vertex 10.7242 -16.7012 2.21756
    endloop
  endfacet
  facet normal -0.240646 0.170654 -0.955493
    outer loop
      vertex 11.6106 -12.1782 3.09359
      vertex 10.6207 -13.5741 3.09359
      vertex 9.79752 -12.522 3.48882
    endloop
  endfacet
  facet normal -0.218547 0.188666 -0.957414
    outer loop
      vertex 9.79752 -12.522 3.48882
      vertex 10.6207 -13.5741 3.09359
      vertex 9.52857 -14.8392 3.09359
    endloop
  endfacet
  facet normal -0.245463 0.32044 -0.914913
    outer loop
      vertex 8.91108 -17.0449 2.66848
      vertex 9.39169 -17.9642 2.21756
      vertex 7.56098 -18.0791 2.66848
    endloop
  endfacet
  facet normal -0.245463 0.320435 -0.914915
    outer loop
      vertex 9.39169 -17.9642 2.21756
      vertex 7.96877 -19.0542 2.21756
      vertex 7.56098 -18.0791 2.66848
    endloop
  endfacet
  facet normal -0.318028 0.274549 -0.907458
    outer loop
      vertex 11.3417 -14.4955 2.66848
      vertex 10.7242 -16.7012 2.21756
      vertex 10.1754 -15.8465 2.66848
    endloop
  endfacet
  facet normal -0.262889 0.226948 -0.937755
    outer loop
      vertex 11.3417 -14.4955 2.66848
      vertex 10.1754 -15.8465 2.66848
      vertex 9.52857 -14.8392 3.09359
    endloop
  endfacet
  facet normal -0.233861 0.246725 -0.940444
    outer loop
      vertex 10.1754 -15.8465 2.66848
      vertex 8.91108 -17.0449 2.66848
      vertex 8.34465 -15.9614 3.09359
    endloop
  endfacet
  facet normal -0.233861 0.246723 -0.940445
    outer loop
      vertex 9.52857 -14.8392 3.09359
      vertex 10.1754 -15.8465 2.66848
      vertex 8.34465 -15.9614 3.09359
    endloop
  endfacet
  facet normal -0.346549 0.365609 -0.863848
    outer loop
      vertex 10.7242 -16.7012 2.21756
      vertex 11.1697 -17.395 1.7452
      vertex 9.78185 -18.7105 1.7452
    endloop
  endfacet
  facet normal -0.313046 0.517846 -0.796139
    outer loop
      vertex 8.29982 -19.8458 1.7452
      vertex 8.55094 -20.4462 1.25593
      vertex 6.94172 -21.419 1.25593
    endloop
  endfacet
  facet normal -0.464882 0.606822 -0.644711
    outer loop
      vertex 10.0778 -19.2766 1.25593
      vertex 10.2767 -19.657 0.754465
      vertex 8.71971 -20.8498 0.754465
    endloop
  endfacet
  facet normal -0.703329 0.607135 -0.369751
    outer loop
      vertex 13.0798 -16.7169 0.754465
      vertex 11.8489 -18.4527 0.245642
      vertex 11.7348 -18.275 0.754465
    endloop
  endfacet
  facet normal 0.169972 0.896608 -0.408904
    outer loop
      vertex -3.6087 -23.1871 0.754465
      vertex -1.81308 -23.5275 0.754465
      vertex -3.64379 -23.4125 0.245642
    endloop
  endfacet
  facet normal 0.170004 0.896543 -0.409035
    outer loop
      vertex -1.81308 -23.5275 0.754465
      vertex -1.83071 -23.7563 0.245642
      vertex -3.64379 -23.4125 0.245642
    endloop
  endfacet
  facet normal -0.31303 0.517836 -0.796152
    outer loop
      vertex 8.29982 -19.8458 1.7452
      vertex 6.94172 -21.419 1.25593
      vertex 6.73786 -20.79 1.7452
    endloop
  endfacet
  facet normal -0.251583 0.416186 -0.873782
    outer loop
      vertex 7.96877 -19.0542 2.21756
      vertex 8.29982 -19.8458 1.7452
      vertex 6.73786 -20.79 1.7452
    endloop
  endfacet
  facet normal 0.0236966 0.377537 -0.925691
    outer loop
      vertex -1.57215 -20.401 2.66848
      vertex 0 -21.6053 2.21756
      vertex -1.65694 -21.5013 2.21756
    endloop
  endfacet
  facet normal -0.0366061 0.583202 -0.811502
    outer loop
      vertex 0 -22.5029 1.7452
      vertex 1.77799 -23.0721 1.25593
      vertex 0 -23.1837 1.25593
    endloop
  endfacet
  facet normal -0.486933 0.228363 -0.843058
    outer loop
      vertex 14.9085 -10.1847 2.21756
      vertex 15.5279 -10.6078 1.7452
      vertex 14.6396 -12.5019 1.7452
    endloop
  endfacet
  facet normal -0.51061 0.188942 -0.838796
    outer loop
      vertex 16.2666 -8.61149 1.7452
      vertex 15.5279 -10.6078 1.7452
      vertex 14.9085 -10.1847 2.21756
    endloop
  endfacet
  facet normal -0.31264 0.181435 -0.932383
    outer loop
      vertex 12.4887 -10.6651 3.09359
      vertex 13.3364 -11.389 2.66848
      vertex 11.6106 -12.1782 3.09359
    endloop
  endfacet
  facet normal -0.332995 0.156146 -0.92991
    outer loop
      vertex 13.2464 -9.04924 3.09359
      vertex 13.3364 -11.389 2.66848
      vertex 12.4887 -10.6651 3.09359
    endloop
  endfacet
  facet normal -0.312634 0.18142 -0.932388
    outer loop
      vertex 13.3364 -11.389 2.66848
      vertex 12.3987 -13.0049 2.66848
      vertex 11.6106 -12.1782 3.09359
    endloop
  endfacet
  facet normal -0.289227 0.205094 -0.935032
    outer loop
      vertex 11.6106 -12.1782 3.09359
      vertex 12.3987 -13.0049 2.66848
      vertex 11.3417 -14.4955 2.66848
    endloop
  endfacet
  facet normal -0.231319 0.108475 -0.966812
    outer loop
      vertex 12.2197 -8.34784 3.48882
      vertex 11.5207 -9.83844 3.48882
      vertex 10.4417 -8.91705 3.85036
    endloop
  endfacet
  facet normal -0.210333 0.0588863 -0.975855
    outer loop
      vertex 12.0174 -4.65914 3.85036
      vertex 11.6022 -6.14217 3.85036
      vertex 10.6599 -4.13284 4.17471
    endloop
  endfacet
  facet normal -0.118622 0.0688353 -0.990551
    outer loop
      vertex 7.99352 -6.82632 4.45877
      vertex 7.43151 -7.79482 4.45877
      vertex 6.18044 -6.48259 4.69978
    endloop
  endfacet
  facet normal -0.109473 0.0776323 -0.990954
    outer loop
      vertex 7.43151 -7.79482 4.45877
      vertex 6.79793 -8.68826 4.45877
      vertex 6.18044 -6.48259 4.69978
    endloop
  endfacet
  facet normal -0.103807 0.0384149 -0.993855
    outer loop
      vertex 5.82029 -3.08124 4.89544
      vertex 7.05121 -4.817 4.69978
      vertex 5.55596 -3.79553 4.89544
    endloop
  endfacet
  facet normal -0.0372182 0.0321293 -0.998791
    outer loop
      vertex 3.2129 -4.10633 5.04386
      vertex 2.88251 -4.48905 5.04386
      vertex 1.9402 -2.47972 5.14361
    endloop
  endfacet
  facet normal -0.166061 0.11777 -0.979058
    outer loop
      vertex 9.70758 -10.1822 3.85036
      vertex 8.87995 -11.3492 3.85036
      vertex 8.61101 -9.03199 4.17471
    endloop
  endfacet
  facet normal -0.20035 0.142079 -0.969368
    outer loop
      vertex 10.7107 -11.2343 3.48882
      vertex 9.79752 -12.522 3.48882
      vertex 8.87995 -11.3492 3.85036
    endloop
  endfacet
  facet normal -0.0842158 -0.00323759 -0.996442
    outer loop
      vertex 6.2695 0.789201 4.89544
      vertex 6.29984 0 4.89544
      vertex 4.52185 0.569207 5.04386
    endloop
  endfacet
  facet normal -0.108101 0.030264 -0.993679
    outer loop
      vertex 6.02857 -2.33728 4.89544
      vertex 7.65101 -2.96629 4.69978
      vertex 5.82029 -3.08124 4.89544
    endloop
  endfacet
  facet normal -0.0500885 0.018536 -0.998573
    outer loop
      vertex 4.19786 -2.22233 5.04386
      vertex 4.00721 -2.73751 5.04386
      vertex 2.41987 -1.65312 5.14361
    endloop
  endfacet
  facet normal -0.0817971 0.0160304 -0.99652
    outer loop
      vertex 4.45642 -1.13293 5.04386
      vertex 6.02857 -2.33728 4.89544
      vertex 4.34808 -1.68575 5.04386
    endloop
  endfacet
  facet normal -0.143081 0.0280411 -0.989314
    outer loop
      vertex 7.84165 -1.99354 4.69978
      vertex 9.19976 -3.56674 4.45877
      vertex 7.65101 -2.96629 4.69978
    endloop
  endfacet
  facet normal -0.18128 0.0210393 -0.983206
    outer loop
      vertex 9.56743 -1.20434 4.45877
      vertex 11.0859 -1.39549 4.17471
      vertex 9.429 -2.39709 4.45877
    endloop
  endfacet
  facet normal -0.183013 0.00703427 -0.983085
    outer loop
      vertex 9.61372 0 4.45877
      vertex 11.1396 0 4.17471
      vertex 9.56743 -1.20434 4.45877
    endloop
  endfacet
  facet normal -0.172651 0.0483365 -0.983796
    outer loop
      vertex 10.6599 -4.13284 4.17471
      vertex 10.2916 -5.44835 4.17471
      vertex 9.19976 -3.56674 4.45877
    endloop
  endfacet
  facet normal -0.202083 0.0747787 -0.976509
    outer loop
      vertex 10.2916 -5.44835 4.17471
      vertex 11.0753 -7.56604 3.85036
      vertex 9.82423 -6.71138 4.17471
    endloop
  endfacet
  facet normal -0.172651 -0.0483365 -0.983796
    outer loop
      vertex 10.2916 5.44835 4.17471
      vertex 10.6599 4.13284 4.17471
      vertex 9.19976 3.56674 4.45877
    endloop
  endfacet
  facet normal -0.113543 -0.0131783 -0.993446
    outer loop
      vertex 7.84165 1.99354 4.69978
      vertex 7.95678 1.00159 4.69978
      vertex 6.2695 0.789201 4.89544
    endloop
  endfacet
  facet normal -0.103808 -0.0384144 -0.993855
    outer loop
      vertex 7.05121 4.817 4.69978
      vertex 7.38667 3.91048 4.69978
      vertex 5.82029 3.08124 4.89544
    endloop
  endfacet
  facet normal -0.13891 -0.0388899 -0.989541
    outer loop
      vertex 8.88192 4.70205 4.45877
      vertex 7.65101 2.96629 4.69978
      vertex 7.38667 3.91048 4.69978
    endloop
  endfacet
  facet normal -0.133409 -0.0493687 -0.989831
    outer loop
      vertex 8.47855 5.79208 4.45877
      vertex 8.88192 4.70205 4.45877
      vertex 7.05121 4.817 4.69978
    endloop
  endfacet
  facet normal -0.166066 -0.117769 -0.979057
    outer loop
      vertex 8.87995 11.3492 3.85036
      vertex 8.61101 9.03199 4.17471
      vertex 7.87687 10.0672 4.17471
    endloop
  endfacet
  facet normal -0.109615 -0.11564 -0.987224
    outer loop
      vertex 6.18882 11.8378 4.17471
      vertex 7.06687 11.0055 4.17471
      vertex 6.09888 9.49802 4.45877
    endloop
  endfacet
  facet normal -0.0771892 -0.0666356 -0.994787
    outer loop
      vertex 5.65352 7.22562 4.69978
      vertex 4.45466 5.69339 4.89544
      vertex 3.99658 6.22402 4.89544
    endloop
  endfacet
  facet normal -0.0537442 -0.0105326 -0.998499
    outer loop
      vertex 4.34808 1.68575 5.04386
      vertex 4.45642 1.13293 5.04386
      vertex 2.69114 0.684154 5.14361
    endloop
  endfacet
  facet normal -0.0817971 -0.0160304 -0.99652
    outer loop
      vertex 6.02857 2.33728 4.89544
      vertex 4.45642 1.13293 5.04386
      vertex 4.34808 1.68575 5.04386
    endloop
  endfacet
  facet normal -0.018674 -0.0408359 -0.998991
    outer loop
      vertex 1.31897 5.55717 5.04386
      vertex 1.73881 5.36518 5.04386
      vertex 0.7965 3.35585 5.14361
    endloop
  endfacet
  facet normal -0.0591195 -0.0771746 -0.995263
    outer loop
      vertex 4.44194 8.49643 4.69978
      vertex 3.5 6.69472 4.89544
      vertex 2.96972 7.10094 4.89544
    endloop
  endfacet
  facet normal -0.00904228 -0.144131 -0.989517
    outer loop
      vertex 1.09187 14.1687 4.17471
      vertex 0.942309 12.2279 4.45877
      vertex 0 14.2372 4.17471
    endloop
  endfacet
  facet normal -0.0758306 -0.165819 -0.983236
    outer loop
      vertex 4.8058 14.8285 3.85036
      vertex 4.26293 13.1535 4.17471
      vertex 3.23365 13.6242 4.17471
    endloop
  endfacet
  facet normal -0.216897 -0.125857 -0.968047
    outer loop
      vertex 10.7107 11.2343 3.48882
      vertex 10.4417 8.91705 3.85036
      vertex 9.70758 10.1822 3.85036
    endloop
  endfacet
  facet normal -0.21689 -0.125858 -0.968049
    outer loop
      vertex 10.7107 11.2343 3.48882
      vertex 11.5207 9.83844 3.48882
      vertex 10.4417 8.91705 3.85036
    endloop
  endfacet
  facet normal -0.183013 -0.00703427 -0.983085
    outer loop
      vertex 11.1396 0 4.17471
      vertex 9.61372 0 4.45877
      vertex 9.56743 1.20434 4.45877
    endloop
  endfacet
  facet normal -0.18128 -0.0210393 -0.983206
    outer loop
      vertex 11.0859 1.39549 4.17471
      vertex 9.56743 1.20434 4.45877
      vertex 9.429 2.39709 4.45877
    endloop
  endfacet
  facet normal -0.268385 0.0103132 -0.963257
    outer loop
      vertex 13.8558 0 3.48882
      vertex 13.7891 -1.73576 3.48882
      vertex 12.5582 0 3.85036
    endloop
  endfacet
  facet normal -0.268385 -0.0103132 -0.963257
    outer loop
      vertex 13.7891 1.73576 3.48882
      vertex 13.8558 0 3.48882
      vertex 12.5582 0 3.85036
    endloop
  endfacet
  facet normal -0.194252 -0.204921 -0.959309
    outer loop
      vertex 8.34465 15.9614 3.09359
      vertex 8.79002 13.689 3.48882
      vertex 7.69786 14.7243 3.48882
    endloop
  endfacet
  facet normal -0.0961641 -0.159093 -0.982569
    outer loop
      vertex 5.91987 14.1551 3.85036
      vertex 5.25116 12.5561 4.17471
      vertex 4.8058 14.8285 3.85036
    endloop
  endfacet
  facet normal -0.167944 -0.219243 -0.961107
    outer loop
      vertex 7.08037 16.9299 3.09359
      vertex 7.69786 14.7243 3.48882
      vertex 6.53157 15.6177 3.48882
    endloop
  endfacet
  facet normal -0.139908 -0.231458 -0.962732
    outer loop
      vertex 7.08037 16.9299 3.09359
      vertex 6.53157 15.6177 3.48882
      vertex 5.30238 16.3607 3.48882
    endloop
  endfacet
  facet normal -0.0758266 -0.165824 -0.983236
    outer loop
      vertex 3.64544 15.3591 3.85036
      vertex 4.8058 14.8285 3.85036
      vertex 3.23365 13.6242 4.17471
    endloop
  endfacet
  facet normal -0.0916608 -0.200451 -0.975406
    outer loop
      vertex 5.30238 16.3607 3.48882
      vertex 4.8058 14.8285 3.85036
      vertex 3.64544 15.3591 3.85036
    endloop
  endfacet
  facet normal -0.115547 -0.150828 -0.981784
    outer loop
      vertex 5.91987 14.1551 3.85036
      vertex 6.97694 13.3453 3.85036
      vertex 5.25116 12.5561 4.17471
    endloop
  endfacet
  facet normal -0.139583 -0.182204 -0.973303
    outer loop
      vertex 7.69786 14.7243 3.48882
      vertex 6.97694 13.3453 3.85036
      vertex 5.91987 14.1551 3.85036
    endloop
  endfacet
  facet normal 0.0217237 -0.114603 -0.993174
    outer loop
      vertex -0.942309 12.2279 4.45877
      vertex -1.5598 10.0222 4.69978
      vertex -1.87554 12.051 4.45877
    endloop
  endfacet
  facet normal 0.0270704 -0.142724 -0.989392
    outer loop
      vertex -1.09187 14.1687 4.17471
      vertex -0.942309 12.2279 4.45877
      vertex -2.17322 13.9636 4.17471
    endloop
  endfacet
  facet normal 0.00904228 -0.144131 -0.989517
    outer loop
      vertex 0 14.2372 4.17471
      vertex -0.942309 12.2279 4.45877
      vertex -1.09187 14.1687 4.17471
    endloop
  endfacet
  facet normal 0.00905533 -0.144137 -0.989516
    outer loop
      vertex 0 14.2372 4.17471
      vertex 0 12.2871 4.45877
      vertex -0.942309 12.2279 4.45877
    endloop
  endfacet
  facet normal 0.0834068 -0.00967994 -0.996469
    outer loop
      vertex -6.17879 1.5708 4.89544
      vertex -4.45642 1.13293 5.04386
      vertex -6.2695 0.789201 4.89544
    endloop
  endfacet
  facet normal 0.108101 -0.030264 -0.993679
    outer loop
      vertex -5.82029 3.08124 4.89544
      vertex -6.02857 2.33728 4.89544
      vertex -7.65101 2.96629 4.69978
    endloop
  endfacet
  facet normal -0.0168906 -0.0890571 -0.995883
    outer loop
      vertex 1.5598 10.0222 4.69978
      vertex 1.22904 7.89696 4.89544
      vertex 0.783674 10.1694 4.69978
    endloop
  endfacet
  facet normal 0.06209 -0.135772 -0.988793
    outer loop
      vertex -3.23365 13.6242 4.17471
      vertex -3.67901 11.3518 4.45877
      vertex -4.26293 13.1535 4.17471
    endloop
  endfacet
  facet normal 0.115545 -0.150831 -0.981784
    outer loop
      vertex -5.25116 12.5561 4.17471
      vertex -6.18882 11.8378 4.17471
      vertex -6.97694 13.3453 3.85036
    endloop
  endfacet
  facet normal 0.0880842 -0.0929282 -0.991769
    outer loop
      vertex -5.3411 10.2163 4.45877
      vertex -4.44194 8.49643 4.69978
      vertex -6.09888 9.49802 4.45877
    endloop
  endfacet
  facet normal 0.0632718 -0.10466 -0.992493
    outer loop
      vertex -3.67901 11.3518 4.45877
      vertex -3.05966 9.44072 4.69978
      vertex -4.53188 10.8362 4.45877
    endloop
  endfacet
  facet normal 0.0961756 -0.159095 -0.982567
    outer loop
      vertex -4.8058 14.8285 3.85036
      vertex -4.26293 13.1535 4.17471
      vertex -5.25116 12.5561 4.17471
    endloop
  endfacet
  facet normal 0.346549 -0.365609 -0.863848
    outer loop
      vertex -9.78185 18.7105 1.7452
      vertex -10.7242 16.7012 2.21756
      vertex -11.1697 17.395 1.7452
    endloop
  endfacet
  facet normal 0.42146 -0.155968 -0.893334
    outer loop
      vertex -14.9085 10.1847 2.21756
      vertex -14.8186 7.8449 2.66848
      vertex -15.6178 8.26801 2.21756
    endloop
  endfacet
  facet normal 0.168735 -0.279117 -0.945316
    outer loop
      vertex -6.13806 18.9393 2.66848
      vertex -5.7479 17.7354 3.09359
      vertex -7.56098 18.0791 2.66848
    endloop
  endfacet
  facet normal 0.133218 -0.291329 -0.947302
    outer loop
      vertex -4.65603 19.617 2.66848
      vertex -5.7479 17.7354 3.09359
      vertex -6.13806 18.9393 2.66848
    endloop
  endfacet
  facet normal -0.0194685 -0.310106 -0.950503
    outer loop
      vertex 0 20.4997 2.66848
      vertex 1.57215 20.401 2.66848
      vertex 0 19.1967 3.09359
    endloop
  endfacet
  facet normal -0.0797102 -0.249009 -0.965216
    outer loop
      vertex 2.93025 18.8278 3.09359
      vertex 4.36007 18.3701 3.09359
      vertex 2.70313 17.3685 3.48882
    endloop
  endfacet
  facet normal 0.0292412 -0.465531 -0.884548
    outer loop
      vertex 0 22.5029 1.7452
      vertex -1.65694 21.5013 2.21756
      vertex -1.72577 22.3945 1.7452
    endloop
  endfacet
  facet normal 0.0872849 -0.460444 -0.883387
    outer loop
      vertex -1.72577 22.3945 1.7452
      vertex -1.65694 21.5013 2.21756
      vertex -3.43493 22.0705 1.7452
    endloop
  endfacet
  facet normal 0.0161272 -0.256677 -0.966363
    outer loop
      vertex 0 19.1967 3.09359
      vertex 0 17.7087 3.48882
      vertex -1.47221 19.1042 3.09359
    endloop
  endfacet
  facet normal 0.0194831 -0.310089 -0.950508
    outer loop
      vertex 0 19.1967 3.09359
      vertex -1.47221 19.1042 3.09359
      vertex -1.57215 20.401 2.66848
    endloop
  endfacet
  facet normal -0.0270561 -0.142734 -0.989391
    outer loop
      vertex 2.17322 13.9636 4.17471
      vertex 1.87554 12.051 4.45877
      vertex 0.942309 12.2279 4.45877
    endloop
  endfacet
  facet normal -0.0399744 -0.210866 -0.976697
    outer loop
      vertex 2.70313 17.3685 3.48882
      vertex 2.44997 15.7419 3.85036
      vertex 1.23091 15.973 3.85036
    endloop
  endfacet
  facet normal 0.070828 -0.373577 -0.924891
    outer loop
      vertex -1.65694 21.5013 2.21756
      vertex -1.57215 20.401 2.66848
      vertex -3.12916 20.1058 2.66848
    endloop
  endfacet
  facet normal 0.117087 -0.365722 -0.92333
    outer loop
      vertex -3.29792 21.1902 2.21756
      vertex -3.12916 20.1058 2.66848
      vertex -4.90715 20.675 2.21756
    endloop
  endfacet
  facet normal -0.0463141 -0.737883 -0.673338
    outer loop
      vertex 0 23.6413 0.754465
      vertex 1.81308 23.5275 0.754465
      vertex 0 23.1837 1.25593
    endloop
  endfacet
  facet normal -0.109257 -0.576353 -0.809864
    outer loop
      vertex 1.77799 23.0721 1.25593
      vertex 3.53886 22.7383 1.25593
      vertex 1.72577 22.3945 1.7452
    endloop
  endfacet
  facet normal 0.0366061 -0.583202 -0.811502
    outer loop
      vertex 0 23.1837 1.25593
      vertex 0 22.5029 1.7452
      vertex -1.77799 23.0721 1.25593
    endloop
  endfacet
  facet normal 0.138081 -0.728381 -0.671115
    outer loop
      vertex -1.81308 23.5275 0.754465
      vertex -3.53886 22.7383 1.25593
      vertex -3.6087 23.1871 0.754465
    endloop
  endfacet
  facet normal 0.204895 -0.338932 -0.918228
    outer loop
      vertex -6.13806 18.9393 2.66848
      vertex -7.56098 18.0791 2.66848
      vertex -7.96877 19.0542 2.21756
    endloop
  endfacet
  facet normal 0.251583 -0.416186 -0.873782
    outer loop
      vertex -6.73786 20.79 1.7452
      vertex -7.96877 19.0542 2.21756
      vertex -8.29982 19.8458 1.7452
    endloop
  endfacet
  facet normal 0.180223 -0.562928 -0.806618
    outer loop
      vertex -3.53886 22.7383 1.25593
      vertex -3.43493 22.0705 1.7452
      vertex -5.111 21.5339 1.7452
    endloop
  endfacet
  facet normal 0.144185 -0.450363 -0.881126
    outer loop
      vertex -3.43493 22.0705 1.7452
      vertex -4.90715 20.675 2.21756
      vertex -5.111 21.5339 1.7452
    endloop
  endfacet
  facet normal 0.300858 -0.39275 -0.869041
    outer loop
      vertex -8.29982 19.8458 1.7452
      vertex -7.96877 19.0542 2.21756
      vertex -9.39169 17.9642 2.21756
    endloop
  endfacet
  facet normal 0.199156 -0.435494 -0.877885
    outer loop
      vertex -4.90715 20.675 2.21756
      vertex -6.46911 19.9607 2.21756
      vertex -6.73786 20.79 1.7452
    endloop
  endfacet
  facet normal 0.381238 -0.833667 -0.399571
    outer loop
      vertex -5.42178 22.8433 0.245642
      vertex -5.36957 22.6233 0.754465
      vertex -7.07872 21.8417 0.754465
    endloop
  endfacet
  facet normal 0.475721 -0.786981 -0.392874
    outer loop
      vertex -7.14756 22.0541 0.245642
      vertex -7.07872 21.8417 0.754465
      vertex -8.8045 21.0525 0.245642
    endloop
  endfacet
  facet normal 0.522925 -0.370838 -0.767482
    outer loop
      vertex -12.4499 15.912 1.7452
      vertex -13.6103 14.2757 1.7452
      vertex -14.0221 14.7076 1.25593
    endloop
  endfacet
  facet normal 0.388249 -0.335156 -0.858448
    outer loop
      vertex -11.1697 17.395 1.7452
      vertex -10.7242 16.7012 2.21756
      vertex -12.4499 15.912 1.7452
    endloop
  endfacet
  facet normal 0.373239 -0.487246 -0.789483
    outer loop
      vertex -8.55094 20.4462 1.25593
      vertex -8.29982 19.8458 1.7452
      vertex -10.0778 19.2766 1.25593
    endloop
  endfacet
  facet normal 0.425671 -0.301869 -0.853041
    outer loop
      vertex -12.4499 15.912 1.7452
      vertex -11.9534 15.2773 2.21756
      vertex -13.6103 14.2757 1.7452
    endloop
  endfacet
  facet normal 0.594715 -0.278911 -0.754004
    outer loop
      vertex -15.0825 12.8802 1.25593
      vertex -14.6396 12.5019 1.7452
      vertex -15.5279 10.6078 1.7452
    endloop
  endfacet
  facet normal 0.486933 -0.228363 -0.843058
    outer loop
      vertex -14.6396 12.5019 1.7452
      vertex -14.9085 10.1847 2.21756
      vertex -15.5279 10.6078 1.7452
    endloop
  endfacet
  facet normal -0.608121 -0.793844 0
    outer loop
      vertex 8.8045 21.0525 0
      vertex 10.3766 19.8482 0.245642
      vertex 8.8045 21.0525 0.245642
    endloop
  endfacet
  facet normal -0.608121 -0.793844 -0
    outer loop
      vertex 10.3766 19.8482 0.245642
      vertex 8.8045 21.0525 0
      vertex 10.3766 19.8482 0
    endloop
  endfacet
  facet normal -0.381235 -0.833665 -0.399578
    outer loop
      vertex 7.14756 22.0541 0.245642
      vertex 7.07872 21.8417 0.754465
      vertex 5.42178 22.8433 0.245642
    endloop
  endfacet
  facet normal -0.475721 -0.786981 -0.392874
    outer loop
      vertex 7.14756 22.0541 0.245642
      vertex 8.8045 21.0525 0.245642
      vertex 7.07872 21.8417 0.754465
    endloop
  endfacet
  facet normal -0.24843 -0.543233 -0.801986
    outer loop
      vertex 5.26564 22.1855 1.25593
      vertex 6.94172 21.419 1.25593
      vertex 5.111 21.5339 1.7452
    endloop
  endfacet
  facet normal -0.248424 -0.543286 -0.801951
    outer loop
      vertex 6.94172 21.419 1.25593
      vertex 6.73786 20.79 1.7452
      vertex 5.111 21.5339 1.7452
    endloop
  endfacet
  facet normal -0.300858 -0.39275 -0.869041
    outer loop
      vertex 8.29982 19.8458 1.7452
      vertex 9.39169 17.9642 2.21756
      vertex 7.96877 19.0542 2.21756
    endloop
  endfacet
  facet normal -0.346531 -0.365603 -0.863858
    outer loop
      vertex 9.78185 18.7105 1.7452
      vertex 10.7242 16.7012 2.21756
      vertex 9.39169 17.9642 2.21756
    endloop
  endfacet
  facet normal -0.19915 -0.435527 -0.87787
    outer loop
      vertex 5.111 21.5339 1.7452
      vertex 6.73786 20.79 1.7452
      vertex 4.90715 20.675 2.21756
    endloop
  endfacet
  facet normal -0.144185 -0.450363 -0.881126
    outer loop
      vertex 5.111 21.5339 1.7452
      vertex 4.90715 20.675 2.21756
      vertex 3.43493 22.0705 1.7452
    endloop
  endfacet
  facet normal -0.462141 -0.0177559 -0.886628
    outer loop
      vertex 16.9046 0 2.21756
      vertex 16.0395 0 2.66848
      vertex 15.9623 2.00932 2.66848
    endloop
  endfacet
  facet normal -0.384819 -0.0147851 -0.922874
    outer loop
      vertex 15.9623 2.00932 2.66848
      vertex 16.0395 0 2.66848
      vertex 15.02 0 3.09359
    endloop
  endfacet
  facet normal -0.253381 -0.0709379 -0.964762
    outer loop
      vertex 12.8011 6.77684 3.48882
      vertex 13.2592 5.14057 3.48882
      vertex 11.6022 6.14217 3.85036
    endloop
  endfacet
  facet normal -0.216574 -0.0424422 -0.975343
    outer loop
      vertex 12.3169 3.13125 3.85036
      vertex 10.9255 2.77754 4.17471
      vertex 10.6599 4.13284 4.17471
    endloop
  endfacet
  facet normal -0.24351 -0.0901189 -0.965703
    outer loop
      vertex 12.2197 8.34784 3.48882
      vertex 12.8011 6.77684 3.48882
      vertex 11.6022 6.14217 3.85036
    endloop
  endfacet
  facet normal -0.243523 -0.090115 -0.9657
    outer loop
      vertex 12.2197 8.34784 3.48882
      vertex 11.6022 6.14217 3.85036
      vertex 11.0753 7.56604 3.85036
    endloop
  endfacet
  facet normal -0.161949 -0.354135 -0.921065
    outer loop
      vertex 6.46911 19.9607 2.21756
      vertex 6.13806 18.9393 2.66848
      vertex 4.90715 20.675 2.21756
    endloop
  endfacet
  facet normal -0.161934 -0.354125 -0.921071
    outer loop
      vertex 4.90715 20.675 2.21756
      vertex 6.13806 18.9393 2.66848
      vertex 4.65603 19.617 2.66848
    endloop
  endfacet
  facet normal -0.304894 -0.952386 0
    outer loop
      vertex 3.64379 23.4125 0
      vertex 5.42178 22.8433 0.245642
      vertex 3.64379 23.4125 0.245642
    endloop
  endfacet
  facet normal -0.304894 -0.952386 -0
    outer loop
      vertex 5.42178 22.8433 0.245642
      vertex 3.64379 23.4125 0
      vertex 5.42178 22.8433 0
    endloop
  endfacet
  facet normal -0.186302 -0.982492 0
    outer loop
      vertex 1.83071 23.7563 0
      vertex 3.64379 23.4125 0.245642
      vertex 1.83071 23.7563 0.245642
    endloop
  endfacet
  facet normal -0.186302 -0.982492 -0
    outer loop
      vertex 3.64379 23.4125 0.245642
      vertex 1.83071 23.7563 0
      vertex 3.64379 23.4125 0
    endloop
  endfacet
  facet normal -0.415878 -0.90942 0
    outer loop
      vertex 5.42178 22.8433 0
      vertex 7.14756 22.0541 0.245642
      vertex 5.42178 22.8433 0.245642
    endloop
  endfacet
  facet normal -0.415878 -0.90942 -0
    outer loop
      vertex 7.14756 22.0541 0.245642
      vertex 5.42178 22.8433 0
      vertex 7.14756 22.0541 0
    endloop
  endfacet
  facet normal -0.80844 -0.469141 -0.355432
    outer loop
      vertex 15.5298 13.2621 0.245642
      vertex 15.3802 13.1344 0.754465
      vertex 14.4379 15.1437 0.245642
    endloop
  endfacet
  facet normal -0.848361 -0.397855 -0.349278
    outer loop
      vertex 15.5298 13.2621 0.245642
      vertex 16.4721 11.2528 0.245642
      vertex 15.3802 13.1344 0.754465
    endloop
  endfacet
  facet normal 0.126625 -0.059384 -0.990172
    outer loop
      vertex -6.64783 5.67713 4.69978
      vertex -7.05121 4.817 4.69978
      vertex -7.99352 6.82632 4.45877
    endloop
  endfacet
  facet normal 0.157435 -0.0738328 -0.984765
    outer loop
      vertex -7.99352 6.82632 4.45877
      vertex -8.47855 5.79208 4.45877
      vertex -9.26222 7.90977 4.17471
    endloop
  endfacet
  facet normal 0.0817966 -0.0160311 -0.99652
    outer loop
      vertex -6.02857 2.33728 4.89544
      vertex -4.45642 1.13293 5.04386
      vertex -6.17879 1.5708 4.89544
    endloop
  endfacet
  facet normal 0.114641 -0.00440727 -0.993397
    outer loop
      vertex -6.2695 0.789201 4.89544
      vertex -6.29984 0 4.89544
      vertex -7.95678 1.00159 4.69978
    endloop
  endfacet
  facet normal 0.111356 0.0218237 -0.993541
    outer loop
      vertex -6.02857 -2.33728 4.89544
      vertex -7.65101 -2.96629 4.69978
      vertex -7.84165 -1.99354 4.69978
    endloop
  endfacet
  facet normal 0.147288 -0.00566117 -0.989077
    outer loop
      vertex -9.56743 1.20434 4.45877
      vertex -7.95678 1.00159 4.69978
      vertex -9.61372 0 4.45877
    endloop
  endfacet
  facet normal 0.321442 -0.012352 -0.946849
    outer loop
      vertex -13.7891 1.73576 3.48882
      vertex -13.8558 0 3.48882
      vertex -15.02 0 3.09359
    endloop
  endfacet
  facet normal 0.268385 -0.0103132 -0.963257
    outer loop
      vertex -13.7891 1.73576 3.48882
      vertex -12.5582 0 3.85036
      vertex -13.8558 0 3.48882
    endloop
  endfacet
  facet normal 0.0500885 0.018536 -0.998573
    outer loop
      vertex -2.41987 -1.65312 5.14361
      vertex -4.00721 -2.73751 5.04386
      vertex -4.19786 -2.22233 5.04386
    endloop
  endfacet
  facet normal 0.0274277 -0.0010542 -0.999623
    outer loop
      vertex -0.913147 0.114946 5.19372
      vertex -0.917565 0 5.19372
      vertex -2.73065 0.343732 5.14361
    endloop
  endfacet
  facet normal 0.00134837 0.0214633 -0.999769
    outer loop
      vertex 0 -1.17272 5.19372
      vertex 0 -3.50686 5.14361
      vertex -0.0899363 -1.16707 5.19372
    endloop
  endfacet
  facet normal -0.047528 0.0222884 -0.998621
    outer loop
      vertex 2.41987 -1.65312 5.14361
      vertex 4.00721 -2.73751 5.04386
      vertex 2.28144 -1.94831 5.14361
    endloop
  endfacet
  facet normal 0.0794005 -0.0222291 -0.996595
    outer loop
      vertex -5.82029 3.08124 4.89544
      vertex -4.34808 1.68575 5.04386
      vertex -6.02857 2.33728 4.89544
    endloop
  endfacet
  facet normal 0.0817971 -0.0160304 -0.99652
    outer loop
      vertex -4.34808 1.68575 5.04386
      vertex -4.45642 1.13293 5.04386
      vertex -6.02857 2.33728 4.89544
    endloop
  endfacet
  facet normal 0.0794007 -0.0222289 -0.996595
    outer loop
      vertex -4.19786 2.22233 5.04386
      vertex -4.34808 1.68575 5.04386
      vertex -5.82029 3.08124 4.89544
    endloop
  endfacet
  facet normal 0.0500885 -0.018536 -0.998573
    outer loop
      vertex -4.00721 2.73751 5.04386
      vertex -2.41987 1.65312 5.14361
      vertex -4.19786 2.22233 5.04386
    endloop
  endfacet
  facet normal 0.0123884 0.0653458 -0.997786
    outer loop
      vertex -0.886437 -5.69564 5.04386
      vertex -0.445363 -5.77926 5.04386
      vertex -1.22904 -7.89696 4.89544
    endloop
  endfacet
  facet normal 0.0186743 0.0408357 -0.998991
    outer loop
      vertex -1.05003 -3.23991 5.14361
      vertex -0.7965 -3.35585 5.14361
      vertex -1.73881 -5.36518 5.04386
    endloop
  endfacet
  facet normal 0.0205137 0.0640778 -0.997734
    outer loop
      vertex -0.886437 -5.69564 5.04386
      vertex -1.22904 -7.89696 4.89544
      vertex -1.31897 -5.55717 5.04386
    endloop
  endfacet
  facet normal 0.0360907 0.0597053 -0.997563
    outer loop
      vertex -2.1419 -5.12152 5.04386
      vertex -1.73881 -5.36518 5.04386
      vertex -2.41084 -7.43877 4.89544
    endloop
  endfacet
  facet normal 0.0248249 -0.00918665 -0.99965
    outer loop
      vertex -0.80922 0.552814 5.19372
      vertex -0.847719 0.448779 5.19372
      vertex -2.535 1.34202 5.14361
    endloop
  endfacet
  facet normal 0.0236985 0.0392055 -0.99895
    outer loop
      vertex -1.29345 -3.09277 5.14361
      vertex -1.05003 -3.23991 5.14361
      vertex -1.73881 -5.36518 5.04386
    endloop
  endfacet
  facet normal 0.013469 -0.0420727 -0.999024
    outer loop
      vertex -0.886437 5.69564 5.04386
      vertex -0.7965 3.35585 5.14361
      vertex -1.31897 5.55717 5.04386
    endloop
  endfacet
  facet normal 0.0271636 0.00315266 -0.999626
    outer loop
      vertex -0.913147 -0.114946 5.19372
      vertex -2.69114 -0.684154 5.14361
      vertex -2.73065 -0.343732 5.14361
    endloop
  endfacet
  facet normal 0.0817971 0.0160304 -0.99652
    outer loop
      vertex -4.45642 -1.13293 5.04386
      vertex -4.34808 -1.68575 5.04386
      vertex -6.02857 -2.33728 4.89544
    endloop
  endfacet
  facet normal -0.023555 -0.0110462 -0.999662
    outer loop
      vertex 2.28144 1.94831 5.14361
      vertex 2.41987 1.65312 5.14361
      vertex 0.80922 0.552814 5.19372
    endloop
  endfacet
  facet normal -0.0141188 0.0184313 -0.99973
    outer loop
      vertex 1.52441 -2.91585 5.14361
      vertex 1.29345 -3.09277 5.14361
      vertex 0.509771 -0.975079 5.19372
    endloop
  endfacet
  facet normal -0.0186743 0.0408357 -0.998991
    outer loop
      vertex 1.05003 -3.23991 5.14361
      vertex 1.73881 -5.36518 5.04386
      vertex 0.7965 -3.35585 5.14361
    endloop
  endfacet
  facet normal -0.0360907 0.0597053 -0.997563
    outer loop
      vertex 2.1419 -5.12152 5.04386
      vertex 2.41084 -7.43877 4.89544
      vertex 1.73881 -5.36518 5.04386
    endloop
  endfacet
  facet normal -0.0537442 0.0105326 -0.998499
    outer loop
      vertex 4.45642 -1.13293 5.04386
      vertex 4.34808 -1.68575 5.04386
      vertex 2.69114 -0.684154 5.14361
    endloop
  endfacet
  facet normal -0.0548035 0.00636091 -0.998477
    outer loop
      vertex 4.52185 -0.569207 5.04386
      vertex 4.45642 -1.13293 5.04386
      vertex 2.69114 -0.684154 5.14361
    endloop
  endfacet
  facet normal -0.0475276 -0.0222893 -0.998621
    outer loop
      vertex 3.77797 3.22632 5.04386
      vertex 4.00721 2.73751 5.04386
      vertex 2.28144 1.94831 5.14361
    endloop
  endfacet
  facet normal -0.0553356 -0.00212661 -0.998466
    outer loop
      vertex 4.54373 0 5.04386
      vertex 2.74386 0 5.14361
      vertex 2.73065 0.343732 5.14361
    endloop
  endfacet
  facet normal -0.143081 -0.0280411 -0.989314
    outer loop
      vertex 9.19976 3.56674 4.45877
      vertex 7.84165 1.99354 4.69978
      vertex 7.65101 2.96629 4.69978
    endloop
  endfacet
  facet normal -0.111356 -0.0218237 -0.993541
    outer loop
      vertex 7.65101 2.96629 4.69978
      vertex 7.84165 1.99354 4.69978
      vertex 6.02857 2.33728 4.89544
    endloop
  endfacet
  facet normal 0.0372182 0.0321293 -0.998791
    outer loop
      vertex -1.9402 -2.47972 5.14361
      vertex -2.88251 -4.48905 5.04386
      vertex -3.2129 -4.10633 5.04386
    endloop
  endfacet
  facet normal 0.0794007 0.0222289 -0.996595
    outer loop
      vertex -4.34808 -1.68575 5.04386
      vertex -4.19786 -2.22233 5.04386
      vertex -5.82029 -3.08124 4.89544
    endloop
  endfacet
  facet normal 0.0922757 0.0535455 -0.994293
    outer loop
      vertex -5.23812 -4.47327 4.89544
      vertex -6.18044 -6.48259 4.69978
      vertex -6.64783 -5.67713 4.69978
    endloop
  endfacet
  facet normal 0.14308 0.0280423 -0.989314
    outer loop
      vertex -7.84165 -1.99354 4.69978
      vertex -9.19976 -3.56674 4.45877
      vertex -9.429 -2.39709 4.45877
    endloop
  endfacet
  facet normal 0.143081 0.0280411 -0.989314
    outer loop
      vertex -7.84165 -1.99354 4.69978
      vertex -7.65101 -2.96629 4.69978
      vertex -9.19976 -3.56674 4.45877
    endloop
  endfacet
  facet normal -0.0566669 0.0489188 -0.997194
    outer loop
      vertex 3.2129 -4.10633 5.04386
      vertex 3.99658 -6.22402 4.89544
      vertex 2.88251 -4.48905 5.04386
    endloop
  endfacet
  facet normal -0.0922757 0.0535455 -0.994293
    outer loop
      vertex 6.64783 -5.67713 4.69978
      vertex 6.18044 -6.48259 4.69978
      vertex 5.23812 -4.47327 4.89544
    endloop
  endfacet
  facet normal -0.0433916 0.0566435 -0.997451
    outer loop
      vertex 3.5 -6.69472 4.89544
      vertex 2.96972 -7.10094 4.89544
      vertex 2.1419 -5.12152 5.04386
    endloop
  endfacet
  facet normal -0.0168906 0.0890571 -0.995883
    outer loop
      vertex 1.22904 -7.89696 4.89544
      vertex 1.5598 -10.0222 4.69978
      vertex 0.783674 -10.1694 4.69978
    endloop
  endfacet
  facet normal -0.0851441 0.0603791 -0.994538
    outer loop
      vertex 4.86984 -5.10792 4.89544
      vertex 6.18044 -6.48259 4.69978
      vertex 4.45466 -5.69339 4.89544
    endloop
  endfacet
  facet normal -0.0922748 0.053546 -0.994293
    outer loop
      vertex 5.23812 -4.47327 4.89544
      vertex 6.18044 -6.48259 4.69978
      vertex 4.86984 -5.10792 4.89544
    endloop
  endfacet
  facet normal -0.0880848 0.0929272 -0.991769
    outer loop
      vertex 5.07215 -7.89906 4.69978
      vertex 6.09888 -9.49802 4.45877
      vertex 4.44194 -8.49643 4.69978
    endloop
  endfacet
  facet normal -0.123496 0.10661 -0.986602
    outer loop
      vertex 7.87687 -10.0672 4.17471
      vertex 7.06687 -11.0055 4.17471
      vertex 6.79793 -8.68826 4.45877
    endloop
  endfacet
  facet normal -0.0591195 0.0771746 -0.995263
    outer loop
      vertex 3.5 -6.69472 4.89544
      vertex 4.44194 -8.49643 4.69978
      vertex 2.96972 -7.10094 4.89544
    endloop
  endfacet
  facet normal -0.0498632 0.109042 -0.992786
    outer loop
      vertex 3.05966 -9.44072 4.69978
      vertex 3.67901 -11.3518 4.45877
      vertex 2.79072 -11.758 4.45877
    endloop
  endfacet
  facet normal -0.062086 0.135771 -0.988793
    outer loop
      vertex 3.67901 -11.3518 4.45877
      vertex 3.23365 -13.6242 4.17471
      vertex 2.79072 -11.758 4.45877
    endloop
  endfacet
  facet normal -0.06209 0.135772 -0.988793
    outer loop
      vertex 3.67901 -11.3518 4.45877
      vertex 4.26293 -13.1535 4.17471
      vertex 3.23365 -13.6242 4.17471
    endloop
  endfacet
  facet normal 0.00564569 0.0899264 -0.995932
    outer loop
      vertex 0 -8.05167 4.89544
      vertex 0 -10.2186 4.69978
      vertex -0.783674 -10.1694 4.69978
    endloop
  endfacet
  facet normal 0.00564613 0.0899262 -0.995932
    outer loop
      vertex -0.617492 -8.0129 4.89544
      vertex 0 -8.05167 4.89544
      vertex -0.783674 -10.1694 4.69978
    endloop
  endfacet
  facet normal 0.00727057 0.115728 -0.993254
    outer loop
      vertex 0 -10.2186 4.69978
      vertex 0 -12.2871 4.45877
      vertex -0.942309 -12.2279 4.45877
    endloop
  endfacet
  facet normal -0.0110585 0.176093 -0.984311
    outer loop
      vertex 1.09187 -14.1687 4.17471
      vertex 1.23091 -15.973 3.85036
      vertex 0 -16.0503 3.85036
    endloop
  endfacet
  facet normal -0.00905533 0.144137 -0.989516
    outer loop
      vertex 0 -12.2871 4.45877
      vertex 0.942309 -12.2279 4.45877
      vertex 0 -14.2372 4.17471
    endloop
  endfacet
  facet normal -0.00727057 0.115728 -0.993254
    outer loop
      vertex 0 -10.2186 4.69978
      vertex 0.942309 -12.2279 4.45877
      vertex 0 -12.2871 4.45877
    endloop
  endfacet
  facet normal 0.220767 0.0256221 -0.97499
    outer loop
      vertex -11.0859 -1.39549 4.17471
      vertex -10.9255 -2.77754 4.17471
      vertex -12.3169 -3.13125 3.85036
    endloop
  endfacet
  facet normal 0.216574 0.0424422 -0.975343
    outer loop
      vertex -10.9255 -2.77754 4.17471
      vertex -10.6599 -4.13284 4.17471
      vertex -12.3169 -3.13125 3.85036
    endloop
  endfacet
  facet normal 0.268385 0.0103132 -0.963257
    outer loop
      vertex -12.5582 0 3.85036
      vertex -13.7891 -1.73576 3.48882
      vertex -13.8558 0 3.48882
    endloop
  endfacet
  facet normal 0.268375 0.0103208 -0.963259
    outer loop
      vertex -12.5582 0 3.85036
      vertex -12.4977 -1.5732 3.85036
      vertex -13.7891 -1.73576 3.48882
    endloop
  endfacet
  facet normal 0.0834068 0.00967994 -0.996469
    outer loop
      vertex -4.45642 -1.13293 5.04386
      vertex -6.17879 -1.5708 4.89544
      vertex -6.2695 -0.789201 4.89544
    endloop
  endfacet
  facet normal 0.13891 0.0388899 -0.989541
    outer loop
      vertex -7.65101 -2.96629 4.69978
      vertex -7.38667 -3.91048 4.69978
      vertex -8.88192 -4.70205 4.45877
    endloop
  endfacet
  facet normal -0.109257 0.576353 -0.809864
    outer loop
      vertex 3.53886 -22.7383 1.25593
      vertex 1.77799 -23.0721 1.25593
      vertex 1.72577 -22.3945 1.7452
    endloop
  endfacet
  facet normal -0.0292177 0.4655 -0.884565
    outer loop
      vertex 0 -21.6053 2.21756
      vertex 1.65694 -21.5013 2.21756
      vertex 0 -22.5029 1.7452
    endloop
  endfacet
  facet normal -0.110404 0.241408 -0.964123
    outer loop
      vertex 5.30238 -16.3607 3.48882
      vertex 5.7479 -17.7354 3.09359
      vertex 4.36007 -18.3701 3.09359
    endloop
  endfacet
  facet normal -0.0797102 0.249009 -0.965216
    outer loop
      vertex 4.36007 -18.3701 3.09359
      vertex 2.93025 -18.8278 3.09359
      vertex 2.70313 -17.3685 3.48882
    endloop
  endfacet
  facet normal -0.150661 0.130057 -0.979993
    outer loop
      vertex 8.87995 -11.3492 3.85036
      vertex 7.96681 -12.407 3.85036
      vertex 7.06687 -11.0055 4.17471
    endloop
  endfacet
  facet normal -0.0661778 0.206671 -0.97617
    outer loop
      vertex 3.64544 -15.3591 3.85036
      vertex 2.70313 -17.3685 3.48882
      vertex 2.44997 -15.7419 3.85036
    endloop
  endfacet
  facet normal 0.157436 -0.0738327 -0.984765
    outer loop
      vertex -9.26222 7.90977 4.17471
      vertex -8.47855 5.79208 4.45877
      vertex -9.82423 6.71138 4.17471
    endloop
  endfacet
  facet normal 0.202081 -0.0747796 -0.97651
    outer loop
      vertex -11.0753 7.56604 3.85036
      vertex -10.2916 5.44835 4.17471
      vertex -11.6022 6.14217 3.85036
    endloop
  endfacet
  facet normal 0.636996 -0.672052 -0.377601
    outer loop
      vertex -10.3766 19.8482 0.245642
      vertex -10.2767 19.657 0.754465
      vertex -11.8489 18.4527 0.245642
    endloop
  endfacet
  facet normal 0.561137 -0.732511 -0.385426
    outer loop
      vertex -8.8045 21.0525 0.245642
      vertex -10.2767 19.657 0.754465
      vertex -10.3766 19.8482 0.245642
    endloop
  endfacet
  facet normal 0.531049 -0.560291 -0.635658
    outer loop
      vertex -10.2767 19.657 0.754465
      vertex -10.0778 19.2766 1.25593
      vertex -11.7348 18.275 0.754465
    endloop
  endfacet
  facet normal 0.53103 -0.56022 -0.635737
    outer loop
      vertex -10.0778 19.2766 1.25593
      vertex -11.5076 17.9213 1.25593
      vertex -11.7348 18.275 0.754465
    endloop
  endfacet
  facet normal 0.703329 -0.607135 -0.369751
    outer loop
      vertex -11.8489 18.4527 0.245642
      vertex -11.7348 18.275 0.754465
      vertex -13.0798 16.7169 0.754465
    endloop
  endfacet
  facet normal 0.70329 -0.607131 -0.36983
    outer loop
      vertex -11.8489 18.4527 0.245642
      vertex -13.0798 16.7169 0.754465
      vertex -13.207 16.8795 0.245642
    endloop
  endfacet
  facet normal 0.808438 -0.469141 -0.355437
    outer loop
      vertex -14.4379 15.1437 0.245642
      vertex -14.2988 14.9979 0.754465
      vertex -15.3802 13.1344 0.754465
    endloop
  endfacet
  facet normal 0.905383 -0.424597 0
    outer loop
      vertex -16.4721 11.2528 0.245642
      vertex -15.5298 13.2621 0
      vertex -15.5298 13.2621 0.245642
    endloop
  endfacet
  facet normal 0.905383 -0.424597 0
    outer loop
      vertex -15.5298 13.2621 0
      vertex -16.4721 11.2528 0.245642
      vertex -16.4721 11.2528 0
    endloop
  endfacet
  facet normal 0.80844 -0.469141 -0.355432
    outer loop
      vertex -14.4379 15.1437 0.245642
      vertex -15.3802 13.1344 0.754465
      vertex -15.5298 13.2621 0.245642
    endloop
  endfacet
  facet normal 0.641624 -0.454997 -0.617492
    outer loop
      vertex -13.0798 16.7169 0.754465
      vertex -12.8266 16.3934 1.25593
      vertex -14.2988 14.9979 0.754465
    endloop
  endfacet
  facet normal 0.561677 -0.325929 -0.760454
    outer loop
      vertex -14.0221 14.7076 1.25593
      vertex -13.6103 14.2757 1.7452
      vertex -15.0825 12.8802 1.25593
    endloop
  endfacet
  facet normal 0.346531 -0.365603 -0.863858
    outer loop
      vertex -9.78185 18.7105 1.7452
      vertex -9.39169 17.9642 2.21756
      vertex -10.7242 16.7012 2.21756
    endloop
  endfacet
  facet normal 0.753921 -0.279027 -0.594767
    outer loop
      vertex -16.3134 11.1444 0.754465
      vertex -16.7588 8.87204 1.25593
      vertex -17.0896 9.04714 0.754465
    endloop
  endfacet
  facet normal 0.880651 -0.325931 -0.343836
    outer loop
      vertex -16.3134 11.1444 0.754465
      vertex -17.0896 9.04714 0.754465
      vertex -17.2557 9.13512 0.245642
    endloop
  endfacet
  facet normal 0.90577 0.25358 -0.339525
    outer loop
      vertex -17.0896 -9.04714 0.754465
      vertex -17.2557 -9.13512 0.245642
      vertex -17.8732 -6.92945 0.245642
    endloop
  endfacet
  facet normal 0.608121 -0.793844 0
    outer loop
      vertex -10.3766 19.8482 0
      vertex -8.8045 21.0525 0.245642
      vertex -10.3766 19.8482 0.245642
    endloop
  endfacet
  facet normal 0.608121 -0.793844 0
    outer loop
      vertex -8.8045 21.0525 0.245642
      vertex -10.3766 19.8482 0
      vertex -8.8045 21.0525 0
    endloop
  endfacet
  facet normal 0.636996 0.672052 -0.377601
    outer loop
      vertex -10.2767 -19.657 0.754465
      vertex -10.3766 -19.8482 0.245642
      vertex -11.8489 -18.4527 0.245642
    endloop
  endfacet
  facet normal 0.103808 0.0384144 -0.993855
    outer loop
      vertex -5.82029 -3.08124 4.89544
      vertex -7.05121 -4.817 4.69978
      vertex -7.38667 -3.91048 4.69978
    endloop
  endfacet
  facet normal 0.108101 0.0302644 -0.993679
    outer loop
      vertex -5.82029 -3.08124 4.89544
      vertex -7.38667 -3.91048 4.69978
      vertex -7.65101 -2.96629 4.69978
    endloop
  endfacet
  facet normal 0.0723472 0.0339291 -0.996802
    outer loop
      vertex -4.00721 -2.73751 5.04386
      vertex -3.77797 -3.22632 5.04386
      vertex -5.55596 -3.79553 4.89544
    endloop
  endfacet
  facet normal 0.0677571 0.0393187 -0.996927
    outer loop
      vertex -3.51235 -3.68406 5.04386
      vertex -4.86984 -5.10792 4.89544
      vertex -5.23812 -4.47327 4.89544
    endloop
  endfacet
  facet normal 0.0797102 0.249009 -0.965216
    outer loop
      vertex -2.70313 -17.3685 3.48882
      vertex -2.93025 -18.8278 3.09359
      vertex -4.36007 -18.3701 3.09359
    endloop
  endfacet
  facet normal 0.161529 0.170406 -0.972044
    outer loop
      vertex -7.96681 -12.407 3.85036
      vertex -6.97694 -13.3453 3.85036
      vertex -8.79002 -13.689 3.48882
    endloop
  endfacet
  facet normal 0.0284398 0.0621917 -0.997659
    outer loop
      vertex -1.73881 -5.36518 5.04386
      vertex -1.31897 -5.55717 5.04386
      vertex -2.41084 -7.43877 4.89544
    endloop
  endfacet
  facet normal 0.0591193 0.0771748 -0.995263
    outer loop
      vertex -2.96972 -7.10094 4.89544
      vertex -3.76895 -9.01197 4.69978
      vertex -4.44194 -8.49643 4.69978
    endloop
  endfacet
  facet normal 0.109472 0.0776324 -0.990954
    outer loop
      vertex -6.18044 -6.48259 4.69978
      vertex -5.65352 -7.22562 4.69978
      vertex -6.79793 -8.68826 4.45877
    endloop
  endfacet
  facet normal 0.123494 0.10661 -0.986602
    outer loop
      vertex -6.79793 -8.68826 4.45877
      vertex -6.09888 -9.49802 4.45877
      vertex -7.06687 -11.0055 4.17471
    endloop
  endfacet
  facet normal 0.216897 0.125857 -0.968047
    outer loop
      vertex -10.4417 -8.91705 3.85036
      vertex -9.70758 -10.1822 3.85036
      vertex -10.7107 -11.2343 3.48882
    endloop
  endfacet
  facet normal 0.21689 0.125858 -0.968049
    outer loop
      vertex -10.4417 -8.91705 3.85036
      vertex -10.7107 -11.2343 3.48882
      vertex -11.5207 -9.83844 3.48882
    endloop
  endfacet
  facet normal 0.723358 0.339235 -0.601392
    outer loop
      vertex -15.0825 -12.8802 1.25593
      vertex -15.3802 -13.1344 0.754465
      vertex -15.9977 -10.9287 1.25593
    endloop
  endfacet
  facet normal 0.686005 0.398074 -0.609044
    outer loop
      vertex -15.0825 -12.8802 1.25593
      vertex -14.0221 -14.7076 1.25593
      vertex -15.3802 -13.1344 0.754465
    endloop
  endfacet
  facet normal 0.458583 0.266129 -0.847866
    outer loop
      vertex -13.0674 -13.7063 2.21756
      vertex -13.6103 -14.2757 1.7452
      vertex -14.0557 -12.0033 2.21756
    endloop
  endfacet
  facet normal 0.425655 0.301833 -0.853062
    outer loop
      vertex -13.0674 -13.7063 2.21756
      vertex -11.9534 -15.2773 2.21756
      vertex -13.6103 -14.2757 1.7452
    endloop
  endfacet
  facet normal 0.0571053 0.90981 -0.411077
    outer loop
      vertex 0 -23.6413 0.754465
      vertex 0 -23.8712 0.245642
      vertex -1.81308 -23.5275 0.754465
    endloop
  endfacet
  facet normal -0.0571053 0.90981 -0.411077
    outer loop
      vertex 0 -23.6413 0.754465
      vertex 1.81308 -23.5275 0.754465
      vertex 0 -23.8712 0.245642
    endloop
  endfacet
  facet normal 0.138081 0.728381 -0.671115
    outer loop
      vertex -3.53886 -22.7383 1.25593
      vertex -1.81308 -23.5275 0.754465
      vertex -3.6087 -23.1871 0.754465
    endloop
  endfacet
  facet normal 0.227239 0.709718 -0.66683
    outer loop
      vertex -3.53886 -22.7383 1.25593
      vertex -3.6087 -23.1871 0.754465
      vertex -5.36957 -22.6233 0.754465
    endloop
  endfacet
  facet normal 0.0133608 0.212974 -0.976967
    outer loop
      vertex -1.23091 -15.973 3.85036
      vertex 0 -17.7087 3.48882
      vertex -1.3581 -17.6235 3.48882
    endloop
  endfacet
  facet normal -0.0133752 0.212983 -0.976964
    outer loop
      vertex 0 -16.0503 3.85036
      vertex 1.23091 -15.973 3.85036
      vertex 0 -17.7087 3.48882
    endloop
  endfacet
  facet normal 0.0661683 0.206667 -0.976171
    outer loop
      vertex -3.64544 -15.3591 3.85036
      vertex -2.70313 -17.3685 3.48882
      vertex -4.02212 -16.9462 3.48882
    endloop
  endfacet
  facet normal 0.0481788 0.254125 -0.965971
    outer loop
      vertex -1.3581 -17.6235 3.48882
      vertex -1.47221 -19.1042 3.09359
      vertex -2.70313 -17.3685 3.48882
    endloop
  endfacet
  facet normal -0.0194685 0.310106 -0.950503
    outer loop
      vertex 0 -19.1967 3.09359
      vertex 1.57215 -20.401 2.66848
      vertex 0 -20.4997 2.66848
    endloop
  endfacet
  facet normal -0.0161272 0.256677 -0.966363
    outer loop
      vertex 0 -17.7087 3.48882
      vertex 1.47221 -19.1042 3.09359
      vertex 0 -19.1967 3.09359
    endloop
  endfacet
  facet normal -0.0797201 0.248994 -0.965219
    outer loop
      vertex 4.02212 -16.9462 3.48882
      vertex 4.36007 -18.3701 3.09359
      vertex 2.70313 -17.3685 3.48882
    endloop
  endfacet
  facet normal -0.0661683 0.206667 -0.976171
    outer loop
      vertex 3.64544 -15.3591 3.85036
      vertex 4.02212 -16.9462 3.48882
      vertex 2.70313 -17.3685 3.48882
    endloop
  endfacet
  facet normal 0.0581924 0.306932 -0.949951
    outer loop
      vertex -2.93025 -18.8278 3.09359
      vertex -1.57215 -20.401 2.66848
      vertex -3.12916 -20.1058 2.66848
    endloop
  endfacet
  facet normal 0.0962408 0.300649 -0.948867
    outer loop
      vertex -2.93025 -18.8278 3.09359
      vertex -3.12916 -20.1058 2.66848
      vertex -4.36007 -18.3701 3.09359
    endloop
  endfacet
  facet normal 0.202378 0.264195 -0.942997
    outer loop
      vertex -7.08037 -16.9299 3.09359
      vertex -7.56098 -18.0791 2.66848
      vertex -8.91108 -17.0449 2.66848
    endloop
  endfacet
  facet normal 0.202379 0.264186 -0.943
    outer loop
      vertex -8.34465 -15.9614 3.09359
      vertex -7.08037 -16.9299 3.09359
      vertex -8.91108 -17.0449 2.66848
    endloop
  endfacet
  facet normal 0.478528 0.413089 -0.774835
    outer loop
      vertex -11.1697 -17.395 1.7452
      vertex -11.5076 -17.9213 1.25593
      vertex -12.4499 -15.912 1.7452
    endloop
  endfacet
  facet normal 0.346549 0.365609 -0.863848
    outer loop
      vertex -10.7242 -16.7012 2.21756
      vertex -9.78185 -18.7105 1.7452
      vertex -11.1697 -17.395 1.7452
    endloop
  endfacet
  facet normal 0.262888 0.226945 -0.937756
    outer loop
      vertex -10.6207 -13.5741 3.09359
      vertex -9.52857 -14.8392 3.09359
      vertex -11.3417 -14.4955 2.66848
    endloop
  endfacet
  facet normal 0.218547 0.188666 -0.957414
    outer loop
      vertex -9.79752 -12.522 3.48882
      vertex -9.52857 -14.8392 3.09359
      vertex -10.6207 -13.5741 3.09359
    endloop
  endfacet
  facet normal -0.138081 0.728381 -0.671115
    outer loop
      vertex 3.53886 -22.7383 1.25593
      vertex 3.6087 -23.1871 0.754465
      vertex 1.81308 -23.5275 0.754465
    endloop
  endfacet
  facet normal -0.169972 0.896608 -0.408904
    outer loop
      vertex 3.6087 -23.1871 0.754465
      vertex 3.64379 -23.4125 0.245642
      vertex 1.81308 -23.5275 0.754465
    endloop
  endfacet
  facet normal 0.204895 0.338932 -0.918228
    outer loop
      vertex -7.56098 -18.0791 2.66848
      vertex -6.13806 -18.9393 2.66848
      vertex -7.96877 -19.0542 2.21756
    endloop
  endfacet
  facet normal 0.300866 0.392754 -0.869036
    outer loop
      vertex -9.39169 -17.9642 2.21756
      vertex -8.29982 -19.8458 1.7452
      vertex -9.78185 -18.7105 1.7452
    endloop
  endfacet
  facet normal 0.531049 0.560291 -0.635658
    outer loop
      vertex -10.0778 -19.2766 1.25593
      vertex -10.2767 -19.657 0.754465
      vertex -11.7348 -18.275 0.754465
    endloop
  endfacet
  facet normal 0.636998 0.672075 -0.377556
    outer loop
      vertex -11.7348 -18.275 0.754465
      vertex -10.2767 -19.657 0.754465
      vertex -11.8489 -18.4527 0.245642
    endloop
  endfacet
  facet normal 0.529579 0.148264 -0.835203
    outer loop
      vertex -16.1767 -6.2717 2.21756
      vertex -15.6178 -8.26801 2.21756
      vertex -16.2666 -8.61149 1.7452
    endloop
  endfacet
  facet normal 0.437692 0.122539 -0.890736
    outer loop
      vertex -15.3489 -5.95075 2.66848
      vertex -15.6178 -8.26801 2.21756
      vertex -16.1767 -6.2717 2.21756
    endloop
  endfacet
  facet normal 0.813462 0.0312782 -0.580777
    outer loop
      vertex -18.0522 -2.2724 1.25593
      vertex -18.4085 -2.31725 0.754465
      vertex -18.4976 0 0.754465
    endloop
  endfacet
  facet normal 0.942207 0.0362286 -0.333066
    outer loop
      vertex -18.4976 0 0.754465
      vertex -18.4085 -2.31725 0.754465
      vertex -18.5875 -2.33979 0.245642
    endloop
  endfacet
  facet normal 0.807578 0.0937097 -0.582268
    outer loop
      vertex -17.791 -4.52292 1.25593
      vertex -18.1422 -4.61219 0.754465
      vertex -18.4085 -2.31725 0.754465
    endloop
  endfacet
  facet normal 0.795816 0.155956 -0.585111
    outer loop
      vertex -17.791 -4.52292 1.25593
      vertex -17.3585 -6.72989 1.25593
      vertex -18.1422 -4.61219 0.754465
    endloop
  endfacet
  facet normal 0.384816 -0.0147865 -0.922875
    outer loop
      vertex -14.9477 1.8816 3.09359
      vertex -15.02 0 3.09359
      vertex -15.9623 2.00932 2.66848
    endloop
  endfacet
  facet normal 0.384819 -0.0147851 -0.922874
    outer loop
      vertex -15.9623 2.00932 2.66848
      vertex -15.02 0 3.09359
      vertex -16.0395 0 2.66848
    endloop
  endfacet
  facet normal -0.425655 -0.301833 -0.853062
    outer loop
      vertex 13.6103 14.2757 1.7452
      vertex 13.0674 13.7063 2.21756
      vertex 11.9534 15.2773 2.21756
    endloop
  endfacet
  facet normal -0.349424 -0.247778 -0.903609
    outer loop
      vertex 11.9534 15.2773 2.21756
      vertex 13.0674 13.7063 2.21756
      vertex 11.3417 14.4955 2.66848
    endloop
  endfacet
  facet normal -0.35008 -0.129569 -0.927715
    outer loop
      vertex 14.1456 9.6635 2.66848
      vertex 13.8767 7.34624 3.09359
      vertex 13.2464 9.04924 3.09359
    endloop
  endfacet
  facet normal -0.35011 -0.129563 -0.927705
    outer loop
      vertex 14.1456 9.6635 2.66848
      vertex 14.8186 7.8449 2.66848
      vertex 13.8767 7.34624 3.09359
    endloop
  endfacet
  facet normal -0.93623 0.108638 -0.334171
    outer loop
      vertex 18.4085 -2.31725 0.754465
      vertex 18.5875 -2.33979 0.245642
      vertex 18.1422 -4.61219 0.754465
    endloop
  endfacet
  facet normal -0.936236 0.108643 -0.334153
    outer loop
      vertex 18.5875 -2.33979 0.245642
      vertex 18.3186 -4.65704 0.245642
      vertex 18.1422 -4.61219 0.754465
    endloop
  endfacet
  facet normal -0.622055 0.230201 -0.748368
    outer loop
      vertex 16.2666 -8.61149 1.7452
      vertex 16.7588 -8.87204 1.25593
      vertex 15.9977 -10.9287 1.25593
    endloop
  endfacet
  facet normal -0.848345 0.397827 -0.349349
    outer loop
      vertex 16.3134 -11.1444 0.754465
      vertex 16.4721 -11.2528 0.245642
      vertex 15.3802 -13.1344 0.754465
    endloop
  endfacet
  facet normal -0.993334 0.115269 0
    outer loop
      vertex 18.3186 -4.65704 0
      vertex 18.5875 -2.33979 0.245642
      vertex 18.5875 -2.33979 0
    endloop
  endfacet
  facet normal -0.993334 0.115269 0
    outer loop
      vertex 18.5875 -2.33979 0.245642
      vertex 18.3186 -4.65704 0
      vertex 18.3186 -4.65704 0.245642
    endloop
  endfacet
  facet normal -0.90577 0.25358 -0.339525
    outer loop
      vertex 17.8732 -6.92945 0.245642
      vertex 17.2557 -9.13512 0.245642
      vertex 17.0896 -9.04714 0.754465
    endloop
  endfacet
  facet normal -0.962974 0.269594 0
    outer loop
      vertex 17.2557 -9.13512 0
      vertex 17.8732 -6.92945 0.245642
      vertex 17.8732 -6.92945 0
    endloop
  endfacet
  facet normal -0.962974 0.269594 0
    outer loop
      vertex 17.8732 -6.92945 0.245642
      vertex 17.2557 -9.13512 0
      vertex 17.2557 -9.13512 0.245642
    endloop
  endfacet
  facet normal -0.590016 0.50932 -0.626478
    outer loop
      vertex 12.8266 -16.3934 1.25593
      vertex 13.0798 -16.7169 0.754465
      vertex 11.7348 -18.275 0.754465
    endloop
  endfacet
  facet normal -0.58997 0.509307 -0.626531
    outer loop
      vertex 12.8266 -16.3934 1.25593
      vertex 11.7348 -18.275 0.754465
      vertex 11.5076 -17.9213 1.25593
    endloop
  endfacet
  facet normal -0.676218 -0.0259981 -0.736243
    outer loop
      vertex 18.1396 0 1.25593
      vertex 17.6069 0 1.7452
      vertex 17.5221 2.20567 1.7452
    endloop
  endfacet
  facet normal -0.676218 0.0259981 -0.736243
    outer loop
      vertex 17.6069 0 1.7452
      vertex 18.1396 0 1.25593
      vertex 17.5221 -2.20567 1.7452
    endloop
  endfacet
  facet normal -0.265865 0.0308545 -0.963516
    outer loop
      vertex 13.7891 -1.73576 3.48882
      vertex 13.5896 -3.4548 3.48882
      vertex 12.3169 -3.13125 3.85036
    endloop
  endfacet
  facet normal -0.260856 0.051126 -0.964023
    outer loop
      vertex 13.5896 -3.4548 3.48882
      vertex 13.2592 -5.14057 3.48882
      vertex 12.3169 -3.13125 3.85036
    endloop
  endfacet
  facet normal -0.522925 0.370838 -0.767482
    outer loop
      vertex 13.6103 -14.2757 1.7452
      vertex 14.0221 -14.7076 1.25593
      vertex 12.4499 -15.912 1.7452
    endloop
  endfacet
  facet normal -0.561677 0.325929 -0.760454
    outer loop
      vertex 15.0825 -12.8802 1.25593
      vertex 14.0221 -14.7076 1.25593
      vertex 13.6103 -14.2757 1.7452
    endloop
  endfacet
  facet normal -0.880591 0.325843 -0.344071
    outer loop
      vertex 17.2557 -9.13512 0.245642
      vertex 16.4721 -11.2528 0.245642
      vertex 16.3134 -11.1444 0.754465
    endloop
  endfacet
  facet normal -0.753921 0.279027 -0.594767
    outer loop
      vertex 16.7588 -8.87204 1.25593
      vertex 17.0896 -9.04714 0.754465
      vertex 16.3134 -11.1444 0.754465
    endloop
  endfacet
  facet normal -0.641624 0.454997 -0.617492
    outer loop
      vertex 14.2988 -14.9979 0.754465
      vertex 13.0798 -16.7169 0.754465
      vertex 12.8266 -16.3934 1.25593
    endloop
  endfacet
  facet normal -0.760288 0.539145 -0.362333
    outer loop
      vertex 14.2988 -14.9979 0.754465
      vertex 14.4379 -15.1437 0.245642
      vertex 13.0798 -16.7169 0.754465
    endloop
  endfacet
  facet normal -0.848361 0.397855 -0.349278
    outer loop
      vertex 16.4721 -11.2528 0.245642
      vertex 15.5298 -13.2621 0.245642
      vertex 15.3802 -13.1344 0.754465
    endloop
  endfacet
  facet normal -0.80844 0.469141 -0.355432
    outer loop
      vertex 15.3802 -13.1344 0.754465
      vertex 15.5298 -13.2621 0.245642
      vertex 14.4379 -15.1437 0.245642
    endloop
  endfacet
  facet normal -0.464808 0.606785 -0.644799
    outer loop
      vertex 10.0778 -19.2766 1.25593
      vertex 8.71971 -20.8498 0.754465
      vertex 8.55094 -20.4462 1.25593
    endloop
  endfacet
  facet normal -0.373239 0.487246 -0.789483
    outer loop
      vertex 10.0778 -19.2766 1.25593
      vertex 8.55094 -20.4462 1.25593
      vertex 8.29982 -19.8458 1.7452
    endloop
  endfacet
  facet normal 0.304894 0.952386 -0
    outer loop
      vertex -3.64379 -23.4125 0
      vertex -5.42178 -22.8433 0.245642
      vertex -3.64379 -23.4125 0.245642
    endloop
  endfacet
  facet normal 0.304894 0.952386 0
    outer loop
      vertex -5.42178 -22.8433 0.245642
      vertex -3.64379 -23.4125 0
      vertex -5.42178 -22.8433 0
    endloop
  endfacet
  facet normal 0.186302 0.982492 -0
    outer loop
      vertex -1.83071 -23.7563 0
      vertex -3.64379 -23.4125 0.245642
      vertex -1.83071 -23.7563 0.245642
    endloop
  endfacet
  facet normal 0.186302 0.982492 0
    outer loop
      vertex -3.64379 -23.4125 0.245642
      vertex -1.83071 -23.7563 0
      vertex -3.64379 -23.4125 0
    endloop
  endfacet
  facet normal -0.144185 0.450363 -0.881126
    outer loop
      vertex 4.90715 -20.675 2.21756
      vertex 5.111 -21.5339 1.7452
      vertex 3.43493 -22.0705 1.7452
    endloop
  endfacet
  facet normal -0.180223 0.562928 -0.806618
    outer loop
      vertex 5.111 -21.5339 1.7452
      vertex 3.53886 -22.7383 1.25593
      vertex 3.43493 -22.0705 1.7452
    endloop
  endfacet
  facet normal 0.0292177 0.4655 -0.884565
    outer loop
      vertex 0 -21.6053 2.21756
      vertex 0 -22.5029 1.7452
      vertex -1.65694 -21.5013 2.21756
    endloop
  endfacet
  facet normal 0.0292412 0.465531 -0.884548
    outer loop
      vertex -1.65694 -21.5013 2.21756
      vertex 0 -22.5029 1.7452
      vertex -1.72577 -22.3945 1.7452
    endloop
  endfacet
  facet normal -0.529579 0.148264 -0.835203
    outer loop
      vertex 16.1767 -6.2717 2.21756
      vertex 16.2666 -8.61149 1.7452
      vertex 15.6178 -8.26801 2.21756
    endloop
  endfacet
  facet normal -0.437692 0.122539 -0.890736
    outer loop
      vertex 16.1767 -6.2717 2.21756
      vertex 15.6178 -8.26801 2.21756
      vertex 15.3489 -5.95075 2.66848
    endloop
  endfacet
  facet normal -0.377191 0.218895 -0.899895
    outer loop
      vertex 13.3364 -11.389 2.66848
      vertex 14.0557 -12.0033 2.21756
      vertex 13.0674 -13.7063 2.21756
    endloop
  endfacet
  facet normal -0.458583 0.266129 -0.847866
    outer loop
      vertex 14.0557 -12.0033 2.21756
      vertex 13.6103 -14.2757 1.7452
      vertex 13.0674 -13.7063 2.21756
    endloop
  endfacet
  facet normal -0.191892 0.0899938 -0.977281
    outer loop
      vertex 11.0753 -7.56604 3.85036
      vertex 10.4417 -8.91705 3.85036
      vertex 9.26222 -7.90977 4.17471
    endloop
  endfacet
  facet normal -0.24351 0.0901189 -0.965703
    outer loop
      vertex 12.8011 -6.77684 3.48882
      vertex 12.2197 -8.34784 3.48882
      vertex 11.6022 -6.14217 3.85036
    endloop
  endfacet
  facet normal -0.20035 0.142087 -0.969366
    outer loop
      vertex 9.70758 -10.1822 3.85036
      vertex 10.7107 -11.2343 3.48882
      vertex 8.87995 -11.3492 3.85036
    endloop
  endfacet
  facet normal -0.191891 0.0899914 -0.977282
    outer loop
      vertex 9.82423 -6.71138 4.17471
      vertex 11.0753 -7.56604 3.85036
      vertex 9.26222 -7.90977 4.17471
    endloop
  endfacet
  facet normal -0.216897 0.125857 -0.968047
    outer loop
      vertex 10.4417 -8.91705 3.85036
      vertex 10.7107 -11.2343 3.48882
      vertex 9.70758 -10.1822 3.85036
    endloop
  endfacet
  facet normal -0.179856 0.104364 -0.978141
    outer loop
      vertex 10.4417 -8.91705 3.85036
      vertex 9.70758 -10.1822 3.85036
      vertex 9.26222 -7.90977 4.17471
    endloop
  endfacet
  facet normal -0.103808 0.0384144 -0.993855
    outer loop
      vertex 7.38667 -3.91048 4.69978
      vertex 7.05121 -4.817 4.69978
      vertex 5.82029 -3.08124 4.89544
    endloop
  endfacet
  facet normal -0.133409 0.0493685 -0.989831
    outer loop
      vertex 7.38667 -3.91048 4.69978
      vertex 8.88192 -4.70205 4.45877
      vertex 7.05121 -4.817 4.69978
    endloop
  endfacet
  facet normal -0.0271636 -0.00315278 -0.999626
    outer loop
      vertex 2.69114 0.684154 5.14361
      vertex 0.913147 0.114946 5.19372
      vertex 0.899934 0.228786 5.19372
    endloop
  endfacet
  facet normal -0.0553357 0.00212707 -0.998466
    outer loop
      vertex 4.54373 0 5.04386
      vertex 4.52185 -0.569207 5.04386
      vertex 2.73065 -0.343732 5.14361
    endloop
  endfacet
  facet normal 0.0134691 -0.0420727 -0.999024
    outer loop
      vertex -0.5353 3.43947 5.14361
      vertex -0.7965 3.35585 5.14361
      vertex -0.886437 5.69564 5.04386
    endloop
  endfacet
  facet normal -0.0258558 0.00723869 -0.999639
    outer loop
      vertex 0.878055 -0.340422 5.19372
      vertex 2.535 -1.34202 5.14361
      vertex 0.847719 -0.448779 5.19372
    endloop
  endfacet
  facet normal -0.114641 0.00440727 -0.993397
    outer loop
      vertex 6.29984 0 4.89544
      vertex 7.95678 -1.00159 4.69978
      vertex 6.2695 -0.789201 4.89544
    endloop
  endfacet
  facet normal -0.0842158 0.00323759 -0.996442
    outer loop
      vertex 6.29984 0 4.89544
      vertex 6.2695 -0.789201 4.89544
      vertex 4.52185 -0.569207 5.04386
    endloop
  endfacet
  facet normal -0.183019 0.00704277 -0.983084
    outer loop
      vertex 11.1396 0 4.17471
      vertex 11.0859 -1.39549 4.17471
      vertex 9.56743 -1.20434 4.45877
    endloop
  endfacet
  facet normal -0.113543 0.0131783 -0.993446
    outer loop
      vertex 7.95678 -1.00159 4.69978
      vertex 7.84165 -1.99354 4.69978
      vertex 6.2695 -0.789201 4.89544
    endloop
  endfacet
  facet normal -0.177815 0.0348467 -0.983447
    outer loop
      vertex 10.9255 -2.77754 4.17471
      vertex 10.6599 -4.13284 4.17471
      vertex 9.429 -2.39709 4.45877
    endloop
  endfacet
  facet normal -0.216574 0.0424422 -0.975343
    outer loop
      vertex 10.9255 -2.77754 4.17471
      vertex 12.3169 -3.13125 3.85036
      vertex 10.6599 -4.13284 4.17471
    endloop
  endfacet
  facet normal -0.0723472 -0.0339291 -0.996802
    outer loop
      vertex 5.55596 3.79553 4.89544
      vertex 4.00721 2.73751 5.04386
      vertex 3.77797 3.22632 5.04386
    endloop
  endfacet
  facet normal -0.103807 -0.0384149 -0.993855
    outer loop
      vertex 7.05121 4.817 4.69978
      vertex 5.82029 3.08124 4.89544
      vertex 5.55596 3.79553 4.89544
    endloop
  endfacet
  facet normal -0.109612 -0.11564 -0.987225
    outer loop
      vertex 6.18882 11.8378 4.17471
      vertex 6.09888 9.49802 4.45877
      vertex 5.3411 10.2163 4.45877
    endloop
  endfacet
  facet normal -0.0787685 -0.130293 -0.988342
    outer loop
      vertex 5.25116 12.5561 4.17471
      vertex 4.53188 10.8362 4.45877
      vertex 3.67901 11.3518 4.45877
    endloop
  endfacet
  facet normal -0.202083 -0.0747787 -0.976509
    outer loop
      vertex 11.0753 7.56604 3.85036
      vertex 10.2916 5.44835 4.17471
      vertex 9.82423 6.71138 4.17471
    endloop
  endfacet
  facet normal -0.126625 -0.0593838 -0.990172
    outer loop
      vertex 7.99352 6.82632 4.45877
      vertex 8.47855 5.79208 4.45877
      vertex 7.05121 4.817 4.69978
    endloop
  endfacet
  facet normal -0.147516 -0.0856015 -0.985348
    outer loop
      vertex 8.61101 9.03199 4.17471
      vertex 9.26222 7.90977 4.17471
      vertex 7.99352 6.82632 4.45877
    endloop
  endfacet
  facet normal -0.157435 -0.0738328 -0.984765
    outer loop
      vertex 9.26222 7.90977 4.17471
      vertex 8.47855 5.79208 4.45877
      vertex 7.99352 6.82632 4.45877
    endloop
  endfacet
  facet normal -0.0723473 -0.0339287 -0.996802
    outer loop
      vertex 5.23812 4.47327 4.89544
      vertex 5.55596 3.79553 4.89544
      vertex 3.77797 3.22632 5.04386
    endloop
  endfacet
  facet normal -0.0985156 -0.0462009 -0.994062
    outer loop
      vertex 7.05121 4.817 4.69978
      vertex 5.55596 3.79553 4.89544
      vertex 5.23812 4.47327 4.89544
    endloop
  endfacet
  facet normal -0.0762409 -0.0282137 -0.99669
    outer loop
      vertex 5.55596 3.79553 4.89544
      vertex 5.82029 3.08124 4.89544
      vertex 4.00721 2.73751 5.04386
    endloop
  endfacet
  facet normal -0.0500885 -0.018536 -0.998573
    outer loop
      vertex 4.00721 2.73751 5.04386
      vertex 4.19786 2.22233 5.04386
      vertex 2.41987 1.65312 5.14361
    endloop
  endfacet
  facet normal -0.0502718 -0.0530366 -0.997326
    outer loop
      vertex 3.99658 6.22402 4.89544
      vertex 2.88251 4.48905 5.04386
      vertex 2.52436 4.82853 5.04386
    endloop
  endfacet
  facet normal -0.0880842 -0.0929282 -0.991769
    outer loop
      vertex 5.3411 10.2163 4.45877
      vertex 6.09888 9.49802 4.45877
      vertex 4.44194 8.49643 4.69978
    endloop
  endfacet
  facet normal -0.0445092 -0.025828 -0.998675
    outer loop
      vertex 3.51235 3.68406 5.04386
      vertex 3.77797 3.22632 5.04386
      vertex 2.28144 1.94831 5.14361
    endloop
  endfacet
  facet normal -0.0677572 -0.0393185 -0.996927
    outer loop
      vertex 5.23812 4.47327 4.89544
      vertex 3.77797 3.22632 5.04386
      vertex 3.51235 3.68406 5.04386
    endloop
  endfacet
  facet normal -0.00905533 -0.144137 -0.989516
    outer loop
      vertex 0 14.2372 4.17471
      vertex 0.942309 12.2279 4.45877
      vertex 0 12.2871 4.45877
    endloop
  endfacet
  facet normal -0.06209 -0.135772 -0.988793
    outer loop
      vertex 4.26293 13.1535 4.17471
      vertex 3.67901 11.3518 4.45877
      vertex 3.23365 13.6242 4.17471
    endloop
  endfacet
  facet normal -0.039977 -0.210864 -0.976698
    outer loop
      vertex 1.3581 17.6235 3.48882
      vertex 2.70313 17.3685 3.48882
      vertex 1.23091 15.973 3.85036
    endloop
  endfacet
  facet normal -0.011047 -0.176086 -0.984313
    outer loop
      vertex 0 16.0503 3.85036
      vertex 1.09187 14.1687 4.17471
      vertex 0 14.2372 4.17471
    endloop
  endfacet
  facet normal -0.240646 -0.170656 -0.955493
    outer loop
      vertex 11.6106 12.1782 3.09359
      vertex 10.7107 11.2343 3.48882
      vertex 9.79752 12.522 3.48882
    endloop
  endfacet
  facet normal -0.20035 -0.142079 -0.969368
    outer loop
      vertex 9.79752 12.522 3.48882
      vertex 10.7107 11.2343 3.48882
      vertex 8.87995 11.3492 3.85036
    endloop
  endfacet
  facet normal -0.113543 -0.0131775 -0.993446
    outer loop
      vertex 7.84165 1.99354 4.69978
      vertex 6.2695 0.789201 4.89544
      vertex 6.17879 1.5708 4.89544
    endloop
  endfacet
  facet normal -0.183019 -0.00704277 -0.983084
    outer loop
      vertex 11.0859 1.39549 4.17471
      vertex 11.1396 0 4.17471
      vertex 9.56743 1.20434 4.45877
    endloop
  endfacet
  facet normal -0.147288 -0.0056616 -0.989077
    outer loop
      vertex 9.61372 0 4.45877
      vertex 7.99528 0 4.69978
      vertex 7.95678 1.00159 4.69978
    endloop
  endfacet
  facet normal -0.147288 0.0056616 -0.989077
    outer loop
      vertex 7.99528 0 4.69978
      vertex 9.61372 0 4.45877
      vertex 7.95678 -1.00159 4.69978
    endloop
  endfacet
  facet normal -0.220767 -0.0256221 -0.97499
    outer loop
      vertex 12.3169 3.13125 3.85036
      vertex 11.0859 1.39549 4.17471
      vertex 10.9255 2.77754 4.17471
    endloop
  endfacet
  facet normal -0.18128 -0.0210392 -0.983206
    outer loop
      vertex 10.9255 2.77754 4.17471
      vertex 11.0859 1.39549 4.17471
      vertex 9.429 2.39709 4.45877
    endloop
  endfacet
  facet normal -0.222876 0.00857106 -0.974809
    outer loop
      vertex 12.5582 0 3.85036
      vertex 12.4977 -1.5732 3.85036
      vertex 11.0859 -1.39549 4.17471
    endloop
  endfacet
  facet normal -0.220771 0.0256189 -0.974989
    outer loop
      vertex 12.4977 -1.5732 3.85036
      vertex 12.3169 -3.13125 3.85036
      vertex 11.0859 -1.39549 4.17471
    endloop
  endfacet
  facet normal -0.0661683 -0.206667 -0.976171
    outer loop
      vertex 4.02212 16.9462 3.48882
      vertex 3.64544 15.3591 3.85036
      vertex 2.70313 17.3685 3.48882
    endloop
  endfacet
  facet normal -0.0916674 -0.200441 -0.975408
    outer loop
      vertex 4.02212 16.9462 3.48882
      vertex 5.30238 16.3607 3.48882
      vertex 3.64544 15.3591 3.85036
    endloop
  endfacet
  facet normal -0.133766 -0.141118 -0.980914
    outer loop
      vertex 6.97694 13.3453 3.85036
      vertex 7.06687 11.0055 4.17471
      vertex 6.18882 11.8378 4.17471
    endloop
  endfacet
  facet normal -0.150661 -0.130057 -0.979993
    outer loop
      vertex 7.96681 12.407 3.85036
      vertex 8.87995 11.3492 3.85036
      vertex 7.06687 11.0055 4.17471
    endloop
  endfacet
  facet normal 0.0758306 -0.165819 -0.983236
    outer loop
      vertex -3.23365 13.6242 4.17471
      vertex -4.26293 13.1535 4.17471
      vertex -4.8058 14.8285 3.85036
    endloop
  endfacet
  facet normal 0.0946554 -0.123562 -0.987812
    outer loop
      vertex -5.25116 12.5561 4.17471
      vertex -4.53188 10.8362 4.45877
      vertex -6.18882 11.8378 4.17471
    endloop
  endfacet
  facet normal -0.0632718 -0.10466 -0.992493
    outer loop
      vertex 3.67901 11.3518 4.45877
      vertex 4.53188 10.8362 4.45877
      vertex 3.05966 9.44072 4.69978
    endloop
  endfacet
  facet normal 0.0168906 -0.0890571 -0.995883
    outer loop
      vertex -0.783674 10.1694 4.69978
      vertex -1.22904 7.89696 4.89544
      vertex -1.5598 10.0222 4.69978
    endloop
  endfacet
  facet normal 0.0566666 -0.0489189 -0.997194
    outer loop
      vertex -3.99658 6.22402 4.89544
      vertex -3.2129 4.10633 5.04386
      vertex -4.45466 5.69339 4.89544
    endloop
  endfacet
  facet normal 0.0992606 -0.0856901 -0.991365
    outer loop
      vertex -5.07215 7.89906 4.69978
      vertex -5.65352 7.22562 4.69978
      vertex -6.09888 9.49802 4.45877
    endloop
  endfacet
  facet normal 0.109615 -0.11564 -0.987224
    outer loop
      vertex -6.18882 11.8378 4.17471
      vertex -6.09888 9.49802 4.45877
      vertex -7.06687 11.0055 4.17471
    endloop
  endfacet
  facet normal 0.133766 -0.141118 -0.980914
    outer loop
      vertex -6.97694 13.3453 3.85036
      vertex -6.18882 11.8378 4.17471
      vertex -7.06687 11.0055 4.17471
    endloop
  endfacet
  facet normal 0.0684867 -0.0722523 -0.995032
    outer loop
      vertex -3.5 6.69472 4.89544
      vertex -3.99658 6.22402 4.89544
      vertex -4.44194 8.49643 4.69978
    endloop
  endfacet
  facet normal 0.0787662 -0.130296 -0.988341
    outer loop
      vertex -4.26293 13.1535 4.17471
      vertex -3.67901 11.3518 4.45877
      vertex -5.25116 12.5561 4.17471
    endloop
  endfacet
  facet normal 0.458628 -0.266132 -0.847841
    outer loop
      vertex -13.6103 14.2757 1.7452
      vertex -14.0557 12.0033 2.21756
      vertex -14.6396 12.5019 1.7452
    endloop
  endfacet
  facet normal 0.401262 -0.188165 -0.896428
    outer loop
      vertex -14.0557 12.0033 2.21756
      vertex -13.3364 11.389 2.66848
      vertex -14.9085 10.1847 2.21756
    endloop
  endfacet
  facet normal 0.0787685 -0.130293 -0.988342
    outer loop
      vertex -3.67901 11.3518 4.45877
      vertex -4.53188 10.8362 4.45877
      vertex -5.25116 12.5561 4.17471
    endloop
  endfacet
  facet normal 0.0591193 -0.0771748 -0.995263
    outer loop
      vertex -3.76895 9.01197 4.69978
      vertex -2.96972 7.10094 4.89544
      vertex -4.44194 8.49643 4.69978
    endloop
  endfacet
  facet normal 0.191891 -0.0899914 -0.977282
    outer loop
      vertex -9.26222 7.90977 4.17471
      vertex -9.82423 6.71138 4.17471
      vertex -11.0753 7.56604 3.85036
    endloop
  endfacet
  facet normal 0.172651 -0.0483365 -0.983796
    outer loop
      vertex -10.2916 5.44835 4.17471
      vertex -9.19976 3.56674 4.45877
      vertex -10.6599 4.13284 4.17471
    endloop
  endfacet
  facet normal 0.24351 -0.0901189 -0.965703
    outer loop
      vertex -12.2197 8.34784 3.48882
      vertex -11.6022 6.14217 3.85036
      vertex -12.8011 6.77684 3.48882
    endloop
  endfacet
  facet normal 0.233861 -0.246725 -0.940444
    outer loop
      vertex -8.91108 17.0449 2.66848
      vertex -8.34465 15.9614 3.09359
      vertex -10.1754 15.8465 2.66848
    endloop
  endfacet
  facet normal -0.0161272 -0.256677 -0.966363
    outer loop
      vertex 0 19.1967 3.09359
      vertex 1.47221 19.1042 3.09359
      vertex 0 17.7087 3.48882
    endloop
  endfacet
  facet normal -0.016104 -0.2567 -0.966357
    outer loop
      vertex 1.47221 19.1042 3.09359
      vertex 1.3581 17.6235 3.48882
      vertex 0 17.7087 3.48882
    endloop
  endfacet
  facet normal -0.0292177 -0.4655 -0.884565
    outer loop
      vertex 0 22.5029 1.7452
      vertex 1.65694 21.5013 2.21756
      vertex 0 21.6053 2.21756
    endloop
  endfacet
  facet normal -0.0292412 -0.465531 -0.884548
    outer loop
      vertex 1.72577 22.3945 1.7452
      vertex 1.65694 21.5013 2.21756
      vertex 0 22.5029 1.7452
    endloop
  endfacet
  facet normal 0.0236966 -0.377537 -0.925691
    outer loop
      vertex 0 21.6053 2.21756
      vertex -1.57215 20.401 2.66848
      vertex -1.65694 21.5013 2.21756
    endloop
  endfacet
  facet normal 0.0292177 -0.4655 -0.884565
    outer loop
      vertex 0 22.5029 1.7452
      vertex 0 21.6053 2.21756
      vertex -1.65694 21.5013 2.21756
    endloop
  endfacet
  facet normal 0.0110585 -0.176093 -0.984311
    outer loop
      vertex 0 16.0503 3.85036
      vertex -1.09187 14.1687 4.17471
      vertex -1.23091 15.973 3.85036
    endloop
  endfacet
  facet normal 0.0330546 -0.174364 -0.984126
    outer loop
      vertex -1.23091 15.973 3.85036
      vertex -1.09187 14.1687 4.17471
      vertex -2.44997 15.7419 3.85036
    endloop
  endfacet
  facet normal -0.0133752 -0.212983 -0.976964
    outer loop
      vertex 0 17.7087 3.48882
      vertex 1.23091 15.973 3.85036
      vertex 0 16.0503 3.85036
    endloop
  endfacet
  facet normal -0.0110585 -0.176093 -0.984311
    outer loop
      vertex 1.23091 15.973 3.85036
      vertex 1.09187 14.1687 4.17471
      vertex 0 16.0503 3.85036
    endloop
  endfacet
  facet normal 0.0962491 -0.300654 -0.948864
    outer loop
      vertex -3.12916 20.1058 2.66848
      vertex -4.36007 18.3701 3.09359
      vertex -4.65603 19.617 2.66848
    endloop
  endfacet
  facet normal 0.117083 -0.365732 -0.923326
    outer loop
      vertex -3.12916 20.1058 2.66848
      vertex -4.65603 19.617 2.66848
      vertex -4.90715 20.675 2.21756
    endloop
  endfacet
  facet normal 0.0962408 -0.300649 -0.948867
    outer loop
      vertex -3.12916 20.1058 2.66848
      vertex -2.93025 18.8278 3.09359
      vertex -4.36007 18.3701 3.09359
    endloop
  endfacet
  facet normal 0.0797102 -0.249009 -0.965216
    outer loop
      vertex -2.93025 18.8278 3.09359
      vertex -2.70313 17.3685 3.48882
      vertex -4.36007 18.3701 3.09359
    endloop
  endfacet
  facet normal 0.046315 -0.737881 -0.67334
    outer loop
      vertex 0 23.1837 1.25593
      vertex -1.77799 23.0721 1.25593
      vertex -1.81308 23.5275 0.754465
    endloop
  endfacet
  facet normal 0.138074 -0.728372 -0.671125
    outer loop
      vertex -1.81308 23.5275 0.754465
      vertex -1.77799 23.0721 1.25593
      vertex -3.53886 22.7383 1.25593
    endloop
  endfacet
  facet normal 0.312191 -0.682658 -0.660692
    outer loop
      vertex -5.36957 22.6233 0.754465
      vertex -5.26564 22.1855 1.25593
      vertex -6.94172 21.419 1.25593
    endloop
  endfacet
  facet normal 0.24843 -0.543233 -0.801986
    outer loop
      vertex -5.26564 22.1855 1.25593
      vertex -5.111 21.5339 1.7452
      vertex -6.94172 21.419 1.25593
    endloop
  endfacet
  facet normal 0.202379 -0.264186 -0.943
    outer loop
      vertex -7.08037 16.9299 3.09359
      vertex -8.34465 15.9614 3.09359
      vertex -8.91108 17.0449 2.66848
    endloop
  endfacet
  facet normal 0.167952 -0.219245 -0.961105
    outer loop
      vertex -7.08037 16.9299 3.09359
      vertex -7.69786 14.7243 3.48882
      vertex -8.34465 15.9614 3.09359
    endloop
  endfacet
  facet normal 0.204891 -0.33896 -0.918219
    outer loop
      vertex -6.46911 19.9607 2.21756
      vertex -6.13806 18.9393 2.66848
      vertex -7.96877 19.0542 2.21756
    endloop
  endfacet
  facet normal 0.161949 -0.354135 -0.921065
    outer loop
      vertex -4.90715 20.675 2.21756
      vertex -6.13806 18.9393 2.66848
      vertex -6.46911 19.9607 2.21756
    endloop
  endfacet
  facet normal 0.39168 -0.647991 -0.653218
    outer loop
      vertex -7.07872 21.8417 0.754465
      vertex -6.94172 21.419 1.25593
      vertex -8.71971 20.8498 0.754465
    endloop
  endfacet
  facet normal 0.475717 -0.787021 -0.392799
    outer loop
      vertex -7.07872 21.8417 0.754465
      vertex -8.71971 20.8498 0.754465
      vertex -8.8045 21.0525 0.245642
    endloop
  endfacet
  facet normal 0.517317 -0.855794 0
    outer loop
      vertex -8.8045 21.0525 0
      vertex -7.14756 22.0541 0.245642
      vertex -8.8045 21.0525 0.245642
    endloop
  endfacet
  facet normal 0.517317 -0.855794 0
    outer loop
      vertex -7.14756 22.0541 0.245642
      vertex -8.8045 21.0525 0
      vertex -7.14756 22.0541 0
    endloop
  endfacet
  facet normal 0.478528 -0.413089 -0.774835
    outer loop
      vertex -11.5076 17.9213 1.25593
      vertex -11.1697 17.395 1.7452
      vertex -12.4499 15.912 1.7452
    endloop
  endfacet
  facet normal 0.478506 -0.413083 -0.774851
    outer loop
      vertex -11.5076 17.9213 1.25593
      vertex -12.4499 15.912 1.7452
      vertex -12.8266 16.3934 1.25593
    endloop
  endfacet
  facet normal 0.388251 -0.335163 -0.858444
    outer loop
      vertex -10.7242 16.7012 2.21756
      vertex -11.9534 15.2773 2.21756
      vertex -12.4499 15.912 1.7452
    endloop
  endfacet
  facet normal 0.318039 -0.274552 -0.907454
    outer loop
      vertex -10.7242 16.7012 2.21756
      vertex -11.3417 14.4955 2.66848
      vertex -11.9534 15.2773 2.21756
    endloop
  endfacet
  facet normal 0.486985 -0.228363 -0.843028
    outer loop
      vertex -14.6396 12.5019 1.7452
      vertex -14.0557 12.0033 2.21756
      vertex -14.9085 10.1847 2.21756
    endloop
  endfacet
  facet normal 0.349426 -0.247781 -0.903607
    outer loop
      vertex -11.3417 14.4955 2.66848
      vertex -12.3987 13.0049 2.66848
      vertex -13.0674 13.7063 2.21756
    endloop
  endfacet
  facet normal -0.391677 -0.647918 -0.653292
    outer loop
      vertex 8.71971 20.8498 0.754465
      vertex 8.55094 20.4462 1.25593
      vertex 6.94172 21.419 1.25593
    endloop
  endfacet
  facet normal -0.251583 -0.416186 -0.873782
    outer loop
      vertex 8.29982 19.8458 1.7452
      vertex 7.96877 19.0542 2.21756
      vertex 6.73786 20.79 1.7452
    endloop
  endfacet
  facet normal -0.312191 -0.682658 -0.660692
    outer loop
      vertex 5.36957 22.6233 0.754465
      vertex 6.94172 21.419 1.25593
      vertex 5.26564 22.1855 1.25593
    endloop
  endfacet
  facet normal -0.227226 -0.709784 -0.666765
    outer loop
      vertex 5.36957 22.6233 0.754465
      vertex 5.26564 22.1855 1.25593
      vertex 3.53886 22.7383 1.25593
    endloop
  endfacet
  facet normal -0.428525 -0.452093 -0.782291
    outer loop
      vertex 10.0778 19.2766 1.25593
      vertex 11.1697 17.395 1.7452
      vertex 9.78185 18.7105 1.7452
    endloop
  endfacet
  facet normal -0.346549 -0.365609 -0.863848
    outer loop
      vertex 11.1697 17.395 1.7452
      vertex 10.7242 16.7012 2.21756
      vertex 9.78185 18.7105 1.7452
    endloop
  endfacet
  facet normal -0.283294 -0.298877 -0.911272
    outer loop
      vertex 9.39169 17.9642 2.21756
      vertex 10.1754 15.8465 2.66848
      vertex 8.91108 17.0449 2.66848
    endloop
  endfacet
  facet normal -0.283283 -0.298874 -0.911277
    outer loop
      vertex 10.7242 16.7012 2.21756
      vertex 10.1754 15.8465 2.66848
      vertex 9.39169 17.9642 2.21756
    endloop
  endfacet
  facet normal -0.220771 -0.0256189 -0.974989
    outer loop
      vertex 12.3169 3.13125 3.85036
      vertex 12.4977 1.5732 3.85036
      vertex 11.0859 1.39549 4.17471
    endloop
  endfacet
  facet normal -0.265862 -0.0308513 -0.963517
    outer loop
      vertex 13.7891 1.73576 3.48882
      vertex 12.4977 1.5732 3.85036
      vertex 12.3169 3.13125 3.85036
    endloop
  endfacet
  facet normal 0.0851438 -0.0603798 -0.994537
    outer loop
      vertex -5.65352 7.22562 4.69978
      vertex -4.45466 5.69339 4.89544
      vertex -6.18044 6.48259 4.69978
    endloop
  endfacet
  facet normal 0.109473 -0.0776323 -0.990954
    outer loop
      vertex -6.79793 8.68826 4.45877
      vertex -6.18044 6.48259 4.69978
      vertex -7.43151 7.79482 4.45877
    endloop
  endfacet
  facet normal 0.0762408 -0.0282141 -0.99669
    outer loop
      vertex -4.00721 2.73751 5.04386
      vertex -4.19786 2.22233 5.04386
      vertex -5.82029 3.08124 4.89544
    endloop
  endfacet
  facet normal 0.133409 -0.0493685 -0.989831
    outer loop
      vertex -7.05121 4.817 4.69978
      vertex -7.38667 3.91048 4.69978
      vertex -8.88192 4.70205 4.45877
    endloop
  endfacet
  facet normal 0.0723472 -0.0339291 -0.996802
    outer loop
      vertex -3.77797 3.22632 5.04386
      vertex -4.00721 2.73751 5.04386
      vertex -5.55596 3.79553 4.89544
    endloop
  endfacet
  facet normal 0.103808 -0.0384144 -0.993855
    outer loop
      vertex -7.05121 4.817 4.69978
      vertex -5.82029 3.08124 4.89544
      vertex -7.38667 3.91048 4.69978
    endloop
  endfacet
  facet normal 0.0842158 0.00323759 -0.996442
    outer loop
      vertex -4.52185 -0.569207 5.04386
      vertex -6.2695 -0.789201 4.89544
      vertex -6.29984 0 4.89544
    endloop
  endfacet
  facet normal 0.0834069 -0.00968085 -0.996469
    outer loop
      vertex -4.45642 1.13293 5.04386
      vertex -4.52185 0.569207 5.04386
      vertex -6.2695 0.789201 4.89544
    endloop
  endfacet
  facet normal 0.222881 0.00857671 -0.974808
    outer loop
      vertex -11.1396 0 4.17471
      vertex -11.0859 -1.39549 4.17471
      vertex -12.5582 0 3.85036
    endloop
  endfacet
  facet normal 0.183019 -0.00704277 -0.983084
    outer loop
      vertex -11.0859 1.39549 4.17471
      vertex -9.56743 1.20434 4.45877
      vertex -11.1396 0 4.17471
    endloop
  endfacet
  facet normal 0.114642 0.0044067 -0.993397
    outer loop
      vertex -6.29984 0 4.89544
      vertex -7.95678 -1.00159 4.69978
      vertex -7.99528 0 4.69978
    endloop
  endfacet
  facet normal 0.183019 0.00704277 -0.983084
    outer loop
      vertex -9.56743 -1.20434 4.45877
      vertex -11.0859 -1.39549 4.17471
      vertex -11.1396 0 4.17471
    endloop
  endfacet
  facet normal -0.00134837 0.0214633 -0.999769
    outer loop
      vertex 0 -1.17272 5.19372
      vertex 0.0899363 -1.16707 5.19372
      vertex 0 -3.50686 5.14361
    endloop
  endfacet
  facet normal 0.0537442 0.0105326 -0.998499
    outer loop
      vertex -2.69114 -0.684154 5.14361
      vertex -4.34808 -1.68575 5.04386
      vertex -4.45642 -1.13293 5.04386
    endloop
  endfacet
  facet normal 0.018674 0.0408359 -0.998991
    outer loop
      vertex -0.7965 -3.35585 5.14361
      vertex -1.31897 -5.55717 5.04386
      vertex -1.73881 -5.36518 5.04386
    endloop
  endfacet
  facet normal -0.00564613 0.0899262 -0.995932
    outer loop
      vertex 0.617492 -8.0129 4.89544
      vertex 0.783674 -10.1694 4.69978
      vertex 0 -8.05167 4.89544
    endloop
  endfacet
  facet normal 0.0168836 0.0890558 -0.995884
    outer loop
      vertex -0.617492 -8.0129 4.89544
      vertex -0.783674 -10.1694 4.69978
      vertex -1.22904 -7.89696 4.89544
    endloop
  endfacet
  facet normal 0.0123885 0.0653458 -0.997786
    outer loop
      vertex -0.445363 -5.77926 5.04386
      vertex -0.617492 -8.0129 4.89544
      vertex -1.22904 -7.89696 4.89544
    endloop
  endfacet
  facet normal 0.0566669 0.0489188 -0.997194
    outer loop
      vertex -3.2129 -4.10633 5.04386
      vertex -2.88251 -4.48905 5.04386
      vertex -3.99658 -6.22402 4.89544
    endloop
  endfacet
  facet normal 0.0433923 0.0566429 -0.997451
    outer loop
      vertex -2.52436 -4.82853 5.04386
      vertex -2.1419 -5.12152 5.04386
      vertex -3.5 -6.69472 4.89544
    endloop
  endfacet
  facet normal 0.0359746 0.112366 -0.993015
    outer loop
      vertex -1.5598 -10.0222 4.69978
      vertex -1.87554 -12.051 4.45877
      vertex -2.79072 -11.758 4.45877
    endloop
  endfacet
  facet normal 0.0205148 0.0640778 -0.997734
    outer loop
      vertex -1.31897 -5.55717 5.04386
      vertex -1.22904 -7.89696 4.89544
      vertex -1.82875 -7.70496 4.89544
    endloop
  endfacet
  facet normal 0.0433916 0.0566435 -0.997451
    outer loop
      vertex -2.1419 -5.12152 5.04386
      vertex -2.96972 -7.10094 4.89544
      vertex -3.5 -6.69472 4.89544
    endloop
  endfacet
  facet normal 0.0502722 0.0530362 -0.997326
    outer loop
      vertex -2.52436 -4.82853 5.04386
      vertex -3.5 -6.69472 4.89544
      vertex -3.99658 -6.22402 4.89544
    endloop
  endfacet
  facet normal -0.0248249 0.00918665 -0.99965
    outer loop
      vertex 0.847719 -0.448779 5.19372
      vertex 2.535 -1.34202 5.14361
      vertex 0.80922 -0.552814 5.19372
    endloop
  endfacet
  facet normal 0.013469 0.0420727 -0.999024
    outer loop
      vertex -0.7965 -3.35585 5.14361
      vertex -0.886437 -5.69564 5.04386
      vertex -1.31897 -5.55717 5.04386
    endloop
  endfacet
  facet normal 0.0248247 -0.00918698 -0.99965
    outer loop
      vertex -2.41987 1.65312 5.14361
      vertex -0.80922 0.552814 5.19372
      vertex -2.535 1.34202 5.14361
    endloop
  endfacet
  facet normal -0.0235547 0.0110465 -0.999662
    outer loop
      vertex 0.80922 -0.552814 5.19372
      vertex 2.28144 -1.94831 5.14361
      vertex 0.762927 -0.651526 5.19372
    endloop
  endfacet
  facet normal 0.0548035 0.00636091 -0.998477
    outer loop
      vertex -2.69114 -0.684154 5.14361
      vertex -4.45642 -1.13293 5.04386
      vertex -4.52185 -0.569207 5.04386
    endloop
  endfacet
  facet normal 0.0834069 0.00968085 -0.996469
    outer loop
      vertex -4.52185 -0.569207 5.04386
      vertex -4.45642 -1.13293 5.04386
      vertex -6.2695 -0.789201 4.89544
    endloop
  endfacet
  facet normal 0.0537437 0.0105335 -0.998499
    outer loop
      vertex -2.69114 -0.684154 5.14361
      vertex -2.62571 -1.01799 5.14361
      vertex -4.34808 -1.68575 5.04386
    endloop
  endfacet
  facet normal 0.0203483 -0.0144303 -0.999689
    outer loop
      vertex -1.9402 2.47972 5.14361
      vertex -0.709288 0.743963 5.19372
      vertex -2.12103 2.22473 5.14361
    endloop
  endfacet
  facet normal -0.0220575 0.0128003 -0.999675
    outer loop
      vertex 2.28144 -1.94831 5.14361
      vertex 2.12103 -2.22473 5.14361
      vertex 0.709288 -0.743963 5.19372
    endloop
  endfacet
  facet normal 0.00667261 0.0208452 -0.99976
    outer loop
      vertex -0.266355 -1.12222 5.19372
      vertex -0.179008 -1.15018 5.19372
      vertex -0.7965 -3.35585 5.14361
    endloop
  endfacet
  facet normal -0.00403017 0.0212565 -0.999766
    outer loop
      vertex 0.5353 -3.43947 5.14361
      vertex 0.268945 -3.48997 5.14361
      vertex 0.0899363 -1.16707 5.19372
    endloop
  endfacet
  facet normal -0.00667261 -0.0208452 -0.99976
    outer loop
      vertex 0.7965 3.35585 5.14361
      vertex 0.266355 1.12222 5.19372
      vertex 0.179008 1.15018 5.19372
    endloop
  endfacet
  facet normal -0.00134792 0.0214633 -0.999769
    outer loop
      vertex 0.0899363 -1.16707 5.19372
      vertex 0.268945 -3.48997 5.14361
      vertex 0 -3.50686 5.14361
    endloop
  endfacet
  facet normal -0.00813444 0.0429039 -0.999046
    outer loop
      vertex 0.5353 -3.43947 5.14361
      vertex 0.886437 -5.69564 5.04386
      vertex 0.268945 -3.48997 5.14361
    endloop
  endfacet
  facet normal -0.0817966 0.0160311 -0.99652
    outer loop
      vertex 6.17879 -1.5708 4.89544
      vertex 6.02857 -2.33728 4.89544
      vertex 4.45642 -1.13293 5.04386
    endloop
  endfacet
  facet normal -0.0834068 0.00967994 -0.996469
    outer loop
      vertex 6.2695 -0.789201 4.89544
      vertex 6.17879 -1.5708 4.89544
      vertex 4.45642 -1.13293 5.04386
    endloop
  endfacet
  facet normal -0.0248247 0.00918698 -0.99965
    outer loop
      vertex 2.535 -1.34202 5.14361
      vertex 2.41987 -1.65312 5.14361
      vertex 0.80922 -0.552814 5.19372
    endloop
  endfacet
  facet normal -0.01636 0.0172593 -0.999717
    outer loop
      vertex 1.74069 -2.71084 5.14361
      vertex 1.52441 -2.91585 5.14361
      vertex 0.582097 -0.906523 5.19372
    endloop
  endfacet
  facet normal -0.0834069 -0.00968085 -0.996469
    outer loop
      vertex 6.2695 0.789201 4.89544
      vertex 4.52185 0.569207 5.04386
      vertex 4.45642 1.13293 5.04386
    endloop
  endfacet
  facet normal -0.0548035 -0.00636091 -0.998477
    outer loop
      vertex 4.45642 1.13293 5.04386
      vertex 4.52185 0.569207 5.04386
      vertex 2.69114 0.684154 5.14361
    endloop
  endfacet
  facet normal -0.145881 -0.0169316 -0.989157
    outer loop
      vertex 9.56743 1.20434 4.45877
      vertex 7.95678 1.00159 4.69978
      vertex 7.84165 1.99354 4.69978
    endloop
  endfacet
  facet normal -0.145881 -0.0169309 -0.989157
    outer loop
      vertex 9.429 2.39709 4.45877
      vertex 9.56743 1.20434 4.45877
      vertex 7.84165 1.99354 4.69978
    endloop
  endfacet
  facet normal 0.0284941 0.0371976 -0.998902
    outer loop
      vertex -1.52441 -2.91585 5.14361
      vertex -1.29345 -3.09277 5.14361
      vertex -2.1419 -5.12152 5.04386
    endloop
  endfacet
  facet normal 0.0236989 0.0392054 -0.99895
    outer loop
      vertex -1.29345 -3.09277 5.14361
      vertex -1.73881 -5.36518 5.04386
      vertex -2.1419 -5.12152 5.04386
    endloop
  endfacet
  facet normal 0.0502718 0.0530366 -0.997326
    outer loop
      vertex -2.88251 -4.48905 5.04386
      vertex -2.52436 -4.82853 5.04386
      vertex -3.99658 -6.22402 4.89544
    endloop
  endfacet
  facet normal 0.0330156 0.0348313 -0.998848
    outer loop
      vertex -1.52441 -2.91585 5.14361
      vertex -2.52436 -4.82853 5.04386
      vertex -2.88251 -4.48905 5.04386
    endloop
  endfacet
  facet normal 0.0203483 0.0144303 -0.999689
    outer loop
      vertex -0.709288 -0.743963 5.19372
      vertex -1.9402 -2.47972 5.14361
      vertex -2.12103 -2.22473 5.14361
    endloop
  endfacet
  facet normal 0.0372182 -0.0321293 -0.998791
    outer loop
      vertex -2.88251 4.48905 5.04386
      vertex -1.9402 2.47972 5.14361
      vertex -3.2129 4.10633 5.04386
    endloop
  endfacet
  facet normal 0.0762408 0.0282141 -0.99669
    outer loop
      vertex -4.19786 -2.22233 5.04386
      vertex -4.00721 -2.73751 5.04386
      vertex -5.82029 -3.08124 4.89544
    endloop
  endfacet
  facet normal 0.0475276 0.0222893 -0.998621
    outer loop
      vertex -2.28144 -1.94831 5.14361
      vertex -3.77797 -3.22632 5.04386
      vertex -4.00721 -2.73751 5.04386
    endloop
  endfacet
  facet normal -0.0684867 0.0722523 -0.995032
    outer loop
      vertex 3.99658 -6.22402 4.89544
      vertex 4.44194 -8.49643 4.69978
      vertex 3.5 -6.69472 4.89544
    endloop
  endfacet
  facet normal -0.0491767 0.0813542 -0.995471
    outer loop
      vertex 2.96972 -7.10094 4.89544
      vertex 3.05966 -9.44072 4.69978
      vertex 2.41084 -7.43877 4.89544
    endloop
  endfacet
  facet normal -0.0992606 0.0856901 -0.991365
    outer loop
      vertex 5.65352 -7.22562 4.69978
      vertex 6.09888 -9.49802 4.45877
      vertex 5.07215 -7.89906 4.69978
    endloop
  endfacet
  facet normal -0.0992609 0.08569 -0.991365
    outer loop
      vertex 6.79793 -8.68826 4.45877
      vertex 6.09888 -9.49802 4.45877
      vertex 5.65352 -7.22562 4.69978
    endloop
  endfacet
  facet normal -0.0284941 0.0371976 -0.998902
    outer loop
      vertex 1.52441 -2.91585 5.14361
      vertex 2.1419 -5.12152 5.04386
      vertex 1.29345 -3.09277 5.14361
    endloop
  endfacet
  facet normal -0.0203483 0.0144303 -0.999689
    outer loop
      vertex 2.12103 -2.22473 5.14361
      vertex 1.9402 -2.47972 5.14361
      vertex 0.709288 -0.743963 5.19372
    endloop
  endfacet
  facet normal -0.115545 0.150831 -0.981784
    outer loop
      vertex 6.18882 -11.8378 4.17471
      vertex 6.97694 -13.3453 3.85036
      vertex 5.25116 -12.5561 4.17471
    endloop
  endfacet
  facet normal -0.0787662 0.130296 -0.988341
    outer loop
      vertex 5.25116 -12.5561 4.17471
      vertex 4.26293 -13.1535 4.17471
      vertex 3.67901 -11.3518 4.45877
    endloop
  endfacet
  facet normal -0.0284402 0.0621915 -0.997659
    outer loop
      vertex 2.41084 -7.43877 4.89544
      vertex 1.82875 -7.70496 4.89544
      vertex 1.31897 -5.55717 5.04386
    endloop
  endfacet
  facet normal -0.0205137 0.0640778 -0.997734
    outer loop
      vertex 1.31897 -5.55717 5.04386
      vertex 1.22904 -7.89696 4.89544
      vertex 0.886437 -5.69564 5.04386
    endloop
  endfacet
  facet normal -0.00414392 0.0659832 -0.997812
    outer loop
      vertex 0 -5.80723 5.04386
      vertex 0.445363 -5.77926 5.04386
      vertex 0 -8.05167 4.89544
    endloop
  endfacet
  facet normal 0.00414392 0.0659832 -0.997812
    outer loop
      vertex 0 -5.80723 5.04386
      vertex 0 -8.05167 4.89544
      vertex -0.445363 -5.77926 5.04386
    endloop
  endfacet
  facet normal -0.0217237 0.114603 -0.993174
    outer loop
      vertex 1.5598 -10.0222 4.69978
      vertex 1.87554 -12.051 4.45877
      vertex 0.942309 -12.2279 4.45877
    endloop
  endfacet
  facet normal -0.0547041 0.170919 -0.983765
    outer loop
      vertex 3.23365 -13.6242 4.17471
      vertex 2.44997 -15.7419 3.85036
      vertex 2.17322 -13.9636 4.17471
    endloop
  endfacet
  facet normal -0.0359746 0.112366 -0.993015
    outer loop
      vertex 2.79072 -11.758 4.45877
      vertex 1.87554 -12.051 4.45877
      vertex 1.5598 -10.0222 4.69978
    endloop
  endfacet
  facet normal -0.0217362 0.114606 -0.993173
    outer loop
      vertex 1.5598 -10.0222 4.69978
      vertex 0.942309 -12.2279 4.45877
      vertex 0.783674 -10.1694 4.69978
    endloop
  endfacet
  facet normal 0.0387557 0.0847489 -0.995648
    outer loop
      vertex -2.41084 -7.43877 4.89544
      vertex -1.82875 -7.70496 4.89544
      vertex -3.05966 -9.44072 4.69978
    endloop
  endfacet
  facet normal 0.0270561 0.142734 -0.989391
    outer loop
      vertex -1.87554 -12.051 4.45877
      vertex -0.942309 -12.2279 4.45877
      vertex -2.17322 -13.9636 4.17471
    endloop
  endfacet
  facet normal 0.145881 0.0169316 -0.989157
    outer loop
      vertex -7.95678 -1.00159 4.69978
      vertex -7.84165 -1.99354 4.69978
      vertex -9.56743 -1.20434 4.45877
    endloop
  endfacet
  facet normal 0.113543 0.0131783 -0.993446
    outer loop
      vertex -6.2695 -0.789201 4.89544
      vertex -7.84165 -1.99354 4.69978
      vertex -7.95678 -1.00159 4.69978
    endloop
  endfacet
  facet normal -0.0708224 0.373572 -0.924894
    outer loop
      vertex 3.12916 -20.1058 2.66848
      vertex 3.29792 -21.1902 2.21756
      vertex 1.65694 -21.5013 2.21756
    endloop
  endfacet
  facet normal -0.0872898 0.460433 -0.883392
    outer loop
      vertex 3.29792 -21.1902 2.21756
      vertex 3.43493 -22.0705 1.7452
      vertex 1.65694 -21.5013 2.21756
    endloop
  endfacet
  facet normal -0.0758266 0.165824 -0.983236
    outer loop
      vertex 4.8058 -14.8285 3.85036
      vertex 3.64544 -15.3591 3.85036
      vertex 3.23365 -13.6242 4.17471
    endloop
  endfacet
  facet normal -0.0916608 0.200451 -0.975406
    outer loop
      vertex 4.8058 -14.8285 3.85036
      vertex 5.30238 -16.3607 3.48882
      vertex 3.64544 -15.3591 3.85036
    endloop
  endfacet
  facet normal -0.168734 0.279122 -0.945315
    outer loop
      vertex 7.08037 -16.9299 3.09359
      vertex 7.56098 -18.0791 2.66848
      vertex 5.7479 -17.7354 3.09359
    endloop
  endfacet
  facet normal -0.202378 0.264195 -0.942997
    outer loop
      vertex 8.91108 -17.0449 2.66848
      vertex 7.56098 -18.0791 2.66848
      vertex 7.08037 -16.9299 3.09359
    endloop
  endfacet
  facet normal -0.133766 0.141118 -0.980914
    outer loop
      vertex 7.06687 -11.0055 4.17471
      vertex 6.97694 -13.3453 3.85036
      vertex 6.18882 -11.8378 4.17471
    endloop
  endfacet
  facet normal -0.115547 0.150828 -0.981784
    outer loop
      vertex 6.97694 -13.3453 3.85036
      vertex 5.91987 -14.1551 3.85036
      vertex 5.25116 -12.5561 4.17471
    endloop
  endfacet
  facet normal 0.300866 -0.392754 -0.869036
    outer loop
      vertex -8.29982 19.8458 1.7452
      vertex -9.39169 17.9642 2.21756
      vertex -9.78185 18.7105 1.7452
    endloop
  endfacet
  facet normal 0.391677 -0.647918 -0.653292
    outer loop
      vertex -6.94172 21.419 1.25593
      vertex -8.55094 20.4462 1.25593
      vertex -8.71971 20.8498 0.754465
    endloop
  endfacet
  facet normal 0.760288 -0.539145 -0.362333
    outer loop
      vertex -13.0798 16.7169 0.754465
      vertex -14.2988 14.9979 0.754465
      vertex -14.4379 15.1437 0.245642
    endloop
  endfacet
  facet normal 0.864917 -0.501915 0
    outer loop
      vertex -15.5298 13.2621 0.245642
      vertex -14.4379 15.1437 0
      vertex -14.4379 15.1437 0.245642
    endloop
  endfacet
  facet normal 0.864917 -0.501915 0
    outer loop
      vertex -14.4379 15.1437 0
      vertex -15.5298 13.2621 0.245642
      vertex -15.5298 13.2621 0
    endloop
  endfacet
  facet normal 0.723401 -0.339235 -0.60134
    outer loop
      vertex -15.3802 13.1344 0.754465
      vertex -15.9977 10.9287 1.25593
      vertex -16.3134 11.1444 0.754465
    endloop
  endfacet
  facet normal 0.753981 -0.279023 -0.594692
    outer loop
      vertex -16.3134 11.1444 0.754465
      vertex -15.9977 10.9287 1.25593
      vertex -16.7588 8.87204 1.25593
    endloop
  endfacet
  facet normal 0.778043 -0.217802 -0.589246
    outer loop
      vertex -17.0896 9.04714 0.754465
      vertex -17.3585 6.72989 1.25593
      vertex -17.7011 6.86271 0.754465
    endloop
  endfacet
  facet normal 0.778014 -0.217807 -0.589283
    outer loop
      vertex -17.0896 9.04714 0.754465
      vertex -16.7588 8.87204 1.25593
      vertex -17.3585 6.72989 1.25593
    endloop
  endfacet
  facet normal 0.962974 0.269594 0
    outer loop
      vertex -17.2557 -9.13512 0.245642
      vertex -17.8732 -6.92945 0
      vertex -17.8732 -6.92945 0.245642
    endloop
  endfacet
  facet normal 0.962974 0.269594 0
    outer loop
      vertex -17.8732 -6.92945 0
      vertex -17.2557 -9.13512 0.245642
      vertex -17.2557 -9.13512 0
    endloop
  endfacet
  facet normal 0.981328 0.192344 0
    outer loop
      vertex -17.8732 -6.92945 0.245642
      vertex -18.3186 -4.65704 0
      vertex -18.3186 -4.65704 0.245642
    endloop
  endfacet
  facet normal 0.981328 0.192344 0
    outer loop
      vertex -18.3186 -4.65704 0
      vertex -17.8732 -6.92945 0.245642
      vertex -17.8732 -6.92945 0
    endloop
  endfacet
  facet normal 0.81572 0.578448 0
    outer loop
      vertex -13.207 -16.8795 0.245642
      vertex -14.4379 -15.1437 0
      vertex -14.4379 -15.1437 0.245642
    endloop
  endfacet
  facet normal 0.81572 0.578448 0
    outer loop
      vertex -14.4379 -15.1437 0
      vertex -13.207 -16.8795 0.245642
      vertex -13.207 -16.8795 0
    endloop
  endfacet
  facet normal 0.0677572 0.0393185 -0.996927
    outer loop
      vertex -3.77797 -3.22632 5.04386
      vertex -3.51235 -3.68406 5.04386
      vertex -5.23812 -4.47327 4.89544
    endloop
  endfacet
  facet normal 0.126625 0.059384 -0.990172
    outer loop
      vertex -7.05121 -4.817 4.69978
      vertex -6.64783 -5.67713 4.69978
      vertex -7.99352 -6.82632 4.45877
    endloop
  endfacet
  facet normal 0.172652 0.0483355 -0.983796
    outer loop
      vertex -9.19976 -3.56674 4.45877
      vertex -8.88192 -4.70205 4.45877
      vertex -10.2916 -5.44835 4.17471
    endloop
  endfacet
  facet normal 0.138911 0.0388893 -0.989541
    outer loop
      vertex -7.65101 -2.96629 4.69978
      vertex -8.88192 -4.70205 4.45877
      vertex -9.19976 -3.56674 4.45877
    endloop
  endfacet
  facet normal 0.0851441 0.0603791 -0.994538
    outer loop
      vertex -4.86984 -5.10792 4.89544
      vertex -4.45466 -5.69339 4.89544
      vertex -6.18044 -6.48259 4.69978
    endloop
  endfacet
  facet normal 0.0992606 0.0856901 -0.991365
    outer loop
      vertex -5.65352 -7.22562 4.69978
      vertex -5.07215 -7.89906 4.69978
      vertex -6.09888 -9.49802 4.45877
    endloop
  endfacet
  facet normal 0.0410616 0.0291185 -0.998732
    outer loop
      vertex -1.9402 -2.47972 5.14361
      vertex -3.2129 -4.10633 5.04386
      vertex -3.51235 -3.68406 5.04386
    endloop
  endfacet
  facet normal 0.0410611 0.0291191 -0.998732
    outer loop
      vertex -2.12103 -2.22473 5.14361
      vertex -1.9402 -2.47972 5.14361
      vertex -3.51235 -3.68406 5.04386
    endloop
  endfacet
  facet normal 0.0762409 0.0282137 -0.99669
    outer loop
      vertex -4.00721 -2.73751 5.04386
      vertex -5.55596 -3.79553 4.89544
      vertex -5.82029 -3.08124 4.89544
    endloop
  endfacet
  facet normal 0.0985155 0.0462014 -0.994062
    outer loop
      vertex -5.23812 -4.47327 4.89544
      vertex -6.64783 -5.67713 4.69978
      vertex -7.05121 -4.817 4.69978
    endloop
  endfacet
  facet normal 0.194235 0.204918 -0.959313
    outer loop
      vertex -8.79002 -13.689 3.48882
      vertex -8.34465 -15.9614 3.09359
      vertex -9.52857 -14.8392 3.09359
    endloop
  endfacet
  facet normal 0.133766 0.141118 -0.980914
    outer loop
      vertex -6.18882 -11.8378 4.17471
      vertex -6.97694 -13.3453 3.85036
      vertex -7.06687 -11.0055 4.17471
    endloop
  endfacet
  facet normal 0.0797201 0.248994 -0.965219
    outer loop
      vertex -4.02212 -16.9462 3.48882
      vertex -2.70313 -17.3685 3.48882
      vertex -4.36007 -18.3701 3.09359
    endloop
  endfacet
  facet normal 0.181851 0.156982 -0.970715
    outer loop
      vertex -7.96681 -12.407 3.85036
      vertex -8.79002 -13.689 3.48882
      vertex -8.87995 -11.3492 3.85036
    endloop
  endfacet
  facet normal 0.0661778 0.206671 -0.97617
    outer loop
      vertex -2.44997 -15.7419 3.85036
      vertex -2.70313 -17.3685 3.48882
      vertex -3.64544 -15.3591 3.85036
    endloop
  endfacet
  facet normal 0.0916608 0.200451 -0.975406
    outer loop
      vertex -4.8058 -14.8285 3.85036
      vertex -3.64544 -15.3591 3.85036
      vertex -5.30238 -16.3607 3.48882
    endloop
  endfacet
  facet normal 0.123496 0.10661 -0.986602
    outer loop
      vertex -6.79793 -8.68826 4.45877
      vertex -7.06687 -11.0055 4.17471
      vertex -7.87687 -10.0672 4.17471
    endloop
  endfacet
  facet normal 0.15066 0.13006 -0.979993
    outer loop
      vertex -7.87687 -10.0672 4.17471
      vertex -7.06687 -11.0055 4.17471
      vertex -8.87995 -11.3492 3.85036
    endloop
  endfacet
  facet normal 0.0946548 0.123563 -0.987812
    outer loop
      vertex -5.3411 -10.2163 4.45877
      vertex -4.53188 -10.8362 4.45877
      vertex -6.18882 -11.8378 4.17471
    endloop
  endfacet
  facet normal 0.0284402 0.0621915 -0.997659
    outer loop
      vertex -1.31897 -5.55717 5.04386
      vertex -1.82875 -7.70496 4.89544
      vertex -2.41084 -7.43877 4.89544
    endloop
  endfacet
  facet normal 0.0880842 0.0929282 -0.991769
    outer loop
      vertex -4.44194 -8.49643 4.69978
      vertex -5.3411 -10.2163 4.45877
      vertex -6.09888 -9.49802 4.45877
    endloop
  endfacet
  facet normal 0.0632674 0.104665 -0.992493
    outer loop
      vertex -3.76895 -9.01197 4.69978
      vertex -3.05966 -9.44072 4.69978
      vertex -4.53188 -10.8362 4.45877
    endloop
  endfacet
  facet normal 0.0880848 0.0929272 -0.991769
    outer loop
      vertex -5.07215 -7.89906 4.69978
      vertex -4.44194 -8.49643 4.69978
      vertex -6.09888 -9.49802 4.45877
    endloop
  endfacet
  facet normal 0.0771892 0.0666356 -0.994787
    outer loop
      vertex -4.45466 -5.69339 4.89544
      vertex -3.99658 -6.22402 4.89544
      vertex -5.65352 -7.22562 4.69978
    endloop
  endfacet
  facet normal 0.318039 0.274552 -0.907454
    outer loop
      vertex -11.3417 -14.4955 2.66848
      vertex -10.7242 -16.7012 2.21756
      vertex -11.9534 -15.2773 2.21756
    endloop
  endfacet
  facet normal 0.522925 0.370838 -0.767482
    outer loop
      vertex -13.6103 -14.2757 1.7452
      vertex -12.4499 -15.912 1.7452
      vertex -14.0221 -14.7076 1.25593
    endloop
  endfacet
  facet normal -0.0133608 0.212974 -0.976967
    outer loop
      vertex 1.23091 -15.973 3.85036
      vertex 1.3581 -17.6235 3.48882
      vertex 0 -17.7087 3.48882
    endloop
  endfacet
  facet normal -0.0399744 0.210866 -0.976697
    outer loop
      vertex 2.44997 -15.7419 3.85036
      vertex 2.70313 -17.3685 3.48882
      vertex 1.23091 -15.973 3.85036
    endloop
  endfacet
  facet normal 0.0133752 0.212983 -0.976964
    outer loop
      vertex 0 -16.0503 3.85036
      vertex 0 -17.7087 3.48882
      vertex -1.23091 -15.973 3.85036
    endloop
  endfacet
  facet normal 0.0110585 0.176093 -0.984311
    outer loop
      vertex -1.09187 -14.1687 4.17471
      vertex 0 -16.0503 3.85036
      vertex -1.23091 -15.973 3.85036
    endloop
  endfacet
  facet normal -0.0194831 0.310089 -0.950508
    outer loop
      vertex 1.47221 -19.1042 3.09359
      vertex 1.57215 -20.401 2.66848
      vertex 0 -19.1967 3.09359
    endloop
  endfacet
  facet normal -0.0581836 0.306925 -0.949954
    outer loop
      vertex 2.93025 -18.8278 3.09359
      vertex 1.57215 -20.401 2.66848
      vertex 1.47221 -19.1042 3.09359
    endloop
  endfacet
  facet normal 0.117083 0.365732 -0.923326
    outer loop
      vertex -4.65603 -19.617 2.66848
      vertex -3.12916 -20.1058 2.66848
      vertex -4.90715 -20.675 2.21756
    endloop
  endfacet
  facet normal 0.0962491 0.300654 -0.948864
    outer loop
      vertex -4.36007 -18.3701 3.09359
      vertex -3.12916 -20.1058 2.66848
      vertex -4.65603 -19.617 2.66848
    endloop
  endfacet
  facet normal 0.251583 0.416186 -0.873782
    outer loop
      vertex -7.96877 -19.0542 2.21756
      vertex -6.73786 -20.79 1.7452
      vertex -8.29982 -19.8458 1.7452
    endloop
  endfacet
  facet normal 0.251567 0.416177 -0.873791
    outer loop
      vertex -6.46911 -19.9607 2.21756
      vertex -6.73786 -20.79 1.7452
      vertex -7.96877 -19.0542 2.21756
    endloop
  endfacet
  facet normal 0.590016 0.50932 -0.626478
    outer loop
      vertex -12.8266 -16.3934 1.25593
      vertex -11.7348 -18.275 0.754465
      vertex -13.0798 -16.7169 0.754465
    endloop
  endfacet
  facet normal 0.703329 0.607135 -0.369751
    outer loop
      vertex -11.7348 -18.275 0.754465
      vertex -11.8489 -18.4527 0.245642
      vertex -13.0798 -16.7169 0.754465
    endloop
  endfacet
  facet normal -0.401274 -0.188184 -0.896419
    outer loop
      vertex 14.9085 10.1847 2.21756
      vertex 14.1456 9.6635 2.66848
      vertex 13.3364 11.389 2.66848
    endloop
  endfacet
  facet normal -0.332965 -0.156149 -0.92992
    outer loop
      vertex 13.3364 11.389 2.66848
      vertex 14.1456 9.6635 2.66848
      vertex 13.2464 9.04924 3.09359
    endloop
  endfacet
  facet normal -0.795816 0.155956 -0.585111
    outer loop
      vertex 17.791 -4.52292 1.25593
      vertex 18.1422 -4.61219 0.754465
      vertex 17.3585 -6.72989 1.25593
    endloop
  endfacet
  facet normal -0.795858 0.155988 -0.585045
    outer loop
      vertex 18.1422 -4.61219 0.754465
      vertex 17.7011 -6.86271 0.754465
      vertex 17.3585 -6.72989 1.25593
    endloop
  endfacet
  facet normal -0.937853 0.347032 0
    outer loop
      vertex 16.4721 -11.2528 0
      vertex 17.2557 -9.13512 0.245642
      vertex 17.2557 -9.13512 0
    endloop
  endfacet
  facet normal -0.937853 0.347032 0
    outer loop
      vertex 17.2557 -9.13512 0.245642
      vertex 16.4721 -11.2528 0
      vertex 16.4721 -11.2528 0.245642
    endloop
  endfacet
  facet normal -0.0872849 0.460444 -0.883387
    outer loop
      vertex 3.43493 -22.0705 1.7452
      vertex 1.72577 -22.3945 1.7452
      vertex 1.65694 -21.5013 2.21756
    endloop
  endfacet
  facet normal -0.0292412 0.465531 -0.884548
    outer loop
      vertex 1.65694 -21.5013 2.21756
      vertex 1.72577 -22.3945 1.7452
      vertex 0 -22.5029 1.7452
    endloop
  endfacet
  facet normal -0.231323 0.108486 -0.966809
    outer loop
      vertex 11.0753 -7.56604 3.85036
      vertex 12.2197 -8.34784 3.48882
      vertex 10.4417 -8.91705 3.85036
    endloop
  endfacet
  facet normal -0.243523 0.090115 -0.9657
    outer loop
      vertex 11.6022 -6.14217 3.85036
      vertex 12.2197 -8.34784 3.48882
      vertex 11.0753 -7.56604 3.85036
    endloop
  endfacet
  facet normal -0.0553357 -0.00212707 -0.998466
    outer loop
      vertex 4.52185 0.569207 5.04386
      vertex 4.54373 0 5.04386
      vertex 2.73065 0.343732 5.14361
    endloop
  endfacet
  facet normal -0.0548034 -0.00636059 -0.998477
    outer loop
      vertex 4.52185 0.569207 5.04386
      vertex 2.73065 0.343732 5.14361
      vertex 2.69114 0.684154 5.14361
    endloop
  endfacet
  facet normal 0.0141184 0.0184315 -0.99973
    outer loop
      vertex -0.509771 -0.975079 5.19372
      vertex -0.432537 -1.03424 5.19372
      vertex -1.29345 -3.09277 5.14361
    endloop
  endfacet
  facet normal -0.0258561 0.00723824 -0.999639
    outer loop
      vertex 2.62571 -1.01799 5.14361
      vertex 2.535 -1.34202 5.14361
      vertex 0.878055 -0.340422 5.19372
    endloop
  endfacet
  facet normal 0.0258558 -0.00723869 -0.999639
    outer loop
      vertex -0.847719 0.448779 5.19372
      vertex -0.878055 0.340422 5.19372
      vertex -2.535 1.34202 5.14361
    endloop
  endfacet
  facet normal -0.00564613 -0.0899262 -0.995932
    outer loop
      vertex 0.783674 10.1694 4.69978
      vertex 0.617492 8.0129 4.89544
      vertex 0 8.05167 4.89544
    endloop
  endfacet
  facet normal 0.0498666 -0.109043 -0.992785
    outer loop
      vertex -2.79072 11.758 4.45877
      vertex -2.32091 9.77856 4.69978
      vertex -3.05966 9.44072 4.69978
    endloop
  endfacet
  facet normal 0.0491767 -0.0813542 -0.995471
    outer loop
      vertex -2.41084 7.43877 4.89544
      vertex -2.96972 7.10094 4.89544
      vertex -3.05966 9.44072 4.69978
    endloop
  endfacet
  facet normal 0.0566669 -0.0489188 -0.997194
    outer loop
      vertex -2.88251 4.48905 5.04386
      vertex -3.2129 4.10633 5.04386
      vertex -3.99658 6.22402 4.89544
    endloop
  endfacet
  facet normal -0.108101 -0.030264 -0.993679
    outer loop
      vertex 7.65101 2.96629 4.69978
      vertex 6.02857 2.33728 4.89544
      vertex 5.82029 3.08124 4.89544
    endloop
  endfacet
  facet normal -0.108101 -0.0302644 -0.993679
    outer loop
      vertex 7.38667 3.91048 4.69978
      vertex 7.65101 2.96629 4.69978
      vertex 5.82029 3.08124 4.89544
    endloop
  endfacet
  facet normal -0.136167 -0.0965656 -0.985968
    outer loop
      vertex 7.87687 10.0672 4.17471
      vertex 8.61101 9.03199 4.17471
      vertex 6.79793 8.68826 4.45877
    endloop
  endfacet
  facet normal -0.123494 -0.10661 -0.986602
    outer loop
      vertex 7.06687 11.0055 4.17471
      vertex 6.79793 8.68826 4.45877
      vertex 6.09888 9.49802 4.45877
    endloop
  endfacet
  facet normal -0.0760485 -0.099274 -0.99215
    outer loop
      vertex 4.53188 10.8362 4.45877
      vertex 5.3411 10.2163 4.45877
      vertex 4.44194 8.49643 4.69978
    endloop
  endfacet
  facet normal -0.0760482 -0.099274 -0.99215
    outer loop
      vertex 4.53188 10.8362 4.45877
      vertex 4.44194 8.49643 4.69978
      vertex 3.76895 9.01197 4.69978
    endloop
  endfacet
  facet normal -0.191891 -0.0899914 -0.977282
    outer loop
      vertex 11.0753 7.56604 3.85036
      vertex 9.82423 6.71138 4.17471
      vertex 9.26222 7.90977 4.17471
    endloop
  endfacet
  facet normal -0.157436 -0.0738327 -0.984765
    outer loop
      vertex 9.26222 7.90977 4.17471
      vertex 9.82423 6.71138 4.17471
      vertex 8.47855 5.79208 4.45877
    endloop
  endfacet
  facet normal -0.062514 -0.0443312 -0.997059
    outer loop
      vertex 4.45466 5.69339 4.89544
      vertex 4.86984 5.10792 4.89544
      vertex 3.51235 3.68406 5.04386
    endloop
  endfacet
  facet normal -0.0677571 -0.0393187 -0.996927
    outer loop
      vertex 4.86984 5.10792 4.89544
      vertex 5.23812 4.47327 4.89544
      vertex 3.51235 3.68406 5.04386
    endloop
  endfacet
  facet normal -0.0794007 -0.0222289 -0.996595
    outer loop
      vertex 5.82029 3.08124 4.89544
      vertex 4.34808 1.68575 5.04386
      vertex 4.19786 2.22233 5.04386
    endloop
  endfacet
  facet normal -0.0537437 -0.0105335 -0.998499
    outer loop
      vertex 4.34808 1.68575 5.04386
      vertex 2.69114 0.684154 5.14361
      vertex 2.62571 1.01799 5.14361
    endloop
  endfacet
  facet normal -0.0163598 -0.0172594 -0.999717
    outer loop
      vertex 1.52441 2.91585 5.14361
      vertex 0.582097 0.906523 5.19372
      vertex 0.509771 0.975079 5.19372
    endloop
  endfacet
  facet normal -0.00667329 -0.020845 -0.99976
    outer loop
      vertex 0.5353 3.43947 5.14361
      vertex 0.7965 3.35585 5.14361
      vertex 0.179008 1.15018 5.19372
    endloop
  endfacet
  facet normal -0.0498632 -0.109042 -0.992786
    outer loop
      vertex 3.67901 11.3518 4.45877
      vertex 3.05966 9.44072 4.69978
      vertex 2.79072 11.758 4.45877
    endloop
  endfacet
  facet normal 0.00727057 -0.115728 -0.993254
    outer loop
      vertex 0 12.2871 4.45877
      vertex 0 10.2186 4.69978
      vertex -0.942309 12.2279 4.45877
    endloop
  endfacet
  facet normal -0.0284955 -0.0371972 -0.998902
    outer loop
      vertex 2.1419 5.12152 5.04386
      vertex 2.52436 4.82853 5.04386
      vertex 1.52441 2.91585 5.14361
    endloop
  endfacet
  facet normal -0.0168836 -0.0890558 -0.995884
    outer loop
      vertex 0.783674 10.1694 4.69978
      vertex 1.22904 7.89696 4.89544
      vertex 0.617492 8.0129 4.89544
    endloop
  endfacet
  facet normal -0.118623 -0.068834 -0.990551
    outer loop
      vertex 7.99352 6.82632 4.45877
      vertex 6.64783 5.67713 4.69978
      vertex 6.18044 6.48259 4.69978
    endloop
  endfacet
  facet normal -0.0591193 -0.0771748 -0.995263
    outer loop
      vertex 3.76895 9.01197 4.69978
      vertex 4.44194 8.49643 4.69978
      vertex 2.96972 7.10094 4.89544
    endloop
  endfacet
  facet normal -0.147288 0.00566117 -0.989077
    outer loop
      vertex 9.61372 0 4.45877
      vertex 9.56743 -1.20434 4.45877
      vertex 7.95678 -1.00159 4.69978
    endloop
  endfacet
  facet normal -0.145881 0.0169316 -0.989157
    outer loop
      vertex 7.95678 -1.00159 4.69978
      vertex 9.56743 -1.20434 4.45877
      vertex 7.84165 -1.99354 4.69978
    endloop
  endfacet
  facet normal -0.181851 -0.156982 -0.970715
    outer loop
      vertex 8.79002 13.689 3.48882
      vertex 8.87995 11.3492 3.85036
      vertex 7.96681 12.407 3.85036
    endloop
  endfacet
  facet normal -0.161529 -0.170406 -0.972044
    outer loop
      vertex 8.79002 13.689 3.48882
      vertex 7.96681 12.407 3.85036
      vertex 6.97694 13.3453 3.85036
    endloop
  endfacet
  facet normal 0.0330694 -0.174352 -0.984128
    outer loop
      vertex -1.09187 14.1687 4.17471
      vertex -2.17322 13.9636 4.17471
      vertex -2.44997 15.7419 3.85036
    endloop
  endfacet
  facet normal 0.0547041 -0.170919 -0.983765
    outer loop
      vertex -2.44997 15.7419 3.85036
      vertex -2.17322 13.9636 4.17471
      vertex -3.23365 13.6242 4.17471
    endloop
  endfacet
  facet normal 0.0916608 -0.200451 -0.975406
    outer loop
      vertex -3.64544 15.3591 3.85036
      vertex -4.8058 14.8285 3.85036
      vertex -5.30238 16.3607 3.48882
    endloop
  endfacet
  facet normal 0.0758266 -0.165824 -0.983236
    outer loop
      vertex -3.64544 15.3591 3.85036
      vertex -3.23365 13.6242 4.17471
      vertex -4.8058 14.8285 3.85036
    endloop
  endfacet
  facet normal -0.0284402 -0.0621915 -0.997659
    outer loop
      vertex 1.82875 7.70496 4.89544
      vertex 2.41084 7.43877 4.89544
      vertex 1.31897 5.55717 5.04386
    endloop
  endfacet
  facet normal -0.00727057 -0.115728 -0.993254
    outer loop
      vertex 0 12.2871 4.45877
      vertex 0.942309 12.2279 4.45877
      vertex 0 10.2186 4.69978
    endloop
  endfacet
  facet normal 0.0447989 -0.139928 -0.989148
    outer loop
      vertex -1.87554 12.051 4.45877
      vertex -2.79072 11.758 4.45877
      vertex -3.23365 13.6242 4.17471
    endloop
  endfacet
  facet normal 0.0359746 -0.112366 -0.993015
    outer loop
      vertex -1.87554 12.051 4.45877
      vertex -1.5598 10.0222 4.69978
      vertex -2.79072 11.758 4.45877
    endloop
  endfacet
  facet normal 0.0677571 -0.0393187 -0.996927
    outer loop
      vertex -4.86984 5.10792 4.89544
      vertex -3.51235 3.68406 5.04386
      vertex -5.23812 4.47327 4.89544
    endloop
  endfacet
  facet normal 0.062514 -0.0443312 -0.997059
    outer loop
      vertex -4.45466 5.69339 4.89544
      vertex -3.51235 3.68406 5.04386
      vertex -4.86984 5.10792 4.89544
    endloop
  endfacet
  facet normal 0.0771889 -0.066636 -0.994787
    outer loop
      vertex -5.07215 7.89906 4.69978
      vertex -3.99658 6.22402 4.89544
      vertex -5.65352 7.22562 4.69978
    endloop
  endfacet
  facet normal 0.0771892 -0.0666356 -0.994787
    outer loop
      vertex -3.99658 6.22402 4.89544
      vertex -4.45466 5.69339 4.89544
      vertex -5.65352 7.22562 4.69978
    endloop
  endfacet
  facet normal 0.166066 -0.117769 -0.979057
    outer loop
      vertex -7.87687 10.0672 4.17471
      vertex -8.61101 9.03199 4.17471
      vertex -8.87995 11.3492 3.85036
    endloop
  endfacet
  facet normal 0.123496 -0.10661 -0.986602
    outer loop
      vertex -7.06687 11.0055 4.17471
      vertex -6.79793 8.68826 4.45877
      vertex -7.87687 10.0672 4.17471
    endloop
  endfacet
  facet normal 0.0491768 -0.0813542 -0.995471
    outer loop
      vertex -3.05966 9.44072 4.69978
      vertex -2.96972 7.10094 4.89544
      vertex -3.76895 9.01197 4.69978
    endloop
  endfacet
  facet normal 0.00134792 -0.0214633 -0.999769
    outer loop
      vertex 0 3.50686 5.14361
      vertex -0.0899363 1.16707 5.19372
      vertex -0.268945 3.48997 5.14361
    endloop
  endfacet
  facet normal 0.0684871 -0.0722522 -0.995032
    outer loop
      vertex -4.44194 8.49643 4.69978
      vertex -3.99658 6.22402 4.89544
      vertex -5.07215 7.89906 4.69978
    endloop
  endfacet
  facet normal 0.0880848 -0.0929272 -0.991769
    outer loop
      vertex -4.44194 8.49643 4.69978
      vertex -5.07215 7.89906 4.69978
      vertex -6.09888 9.49802 4.45877
    endloop
  endfacet
  facet normal 0.115547 -0.150828 -0.981784
    outer loop
      vertex -5.91987 14.1551 3.85036
      vertex -5.25116 12.5561 4.17471
      vertex -6.97694 13.3453 3.85036
    endloop
  endfacet
  facet normal 0.0961641 -0.159093 -0.982569
    outer loop
      vertex -4.8058 14.8285 3.85036
      vertex -5.25116 12.5561 4.17471
      vertex -5.91987 14.1551 3.85036
    endloop
  endfacet
  facet normal 0.349424 -0.247778 -0.903609
    outer loop
      vertex -11.9534 15.2773 2.21756
      vertex -11.3417 14.4955 2.66848
      vertex -13.0674 13.7063 2.21756
    endloop
  endfacet
  facet normal 0.303697 -0.0850099 -0.948969
    outer loop
      vertex -13.8767 7.34624 3.09359
      vertex -12.8011 6.77684 3.48882
      vertex -14.3732 5.5725 3.09359
    endloop
  endfacet
  facet normal 0.42146 -0.155968 -0.893334
    outer loop
      vertex -14.1456 9.6635 2.66848
      vertex -14.8186 7.8449 2.66848
      vertex -14.9085 10.1847 2.21756
    endloop
  endfacet
  facet normal 0.363921 -0.101886 -0.92584
    outer loop
      vertex -14.8186 7.8449 2.66848
      vertex -13.8767 7.34624 3.09359
      vertex -15.3489 5.95075 2.66848
    endloop
  endfacet
  facet normal 0.20035 -0.142079 -0.969368
    outer loop
      vertex -9.79752 12.522 3.48882
      vertex -8.87995 11.3492 3.85036
      vertex -10.7107 11.2343 3.48882
    endloop
  endfacet
  facet normal 0.262889 -0.226948 -0.937755
    outer loop
      vertex -10.1754 15.8465 2.66848
      vertex -9.52857 14.8392 3.09359
      vertex -11.3417 14.4955 2.66848
    endloop
  endfacet
  facet normal 0.283283 -0.298874 -0.911277
    outer loop
      vertex -9.39169 17.9642 2.21756
      vertex -10.1754 15.8465 2.66848
      vertex -10.7242 16.7012 2.21756
    endloop
  endfacet
  facet normal 0.318028 -0.274549 -0.907458
    outer loop
      vertex -10.7242 16.7012 2.21756
      vertex -10.1754 15.8465 2.66848
      vertex -11.3417 14.4955 2.66848
    endloop
  endfacet
  facet normal -0.0962491 -0.300654 -0.948864
    outer loop
      vertex 4.65603 19.617 2.66848
      vertex 4.36007 18.3701 3.09359
      vertex 3.12916 20.1058 2.66848
    endloop
  endfacet
  facet normal -0.0581836 -0.306925 -0.949954
    outer loop
      vertex 1.57215 20.401 2.66848
      vertex 2.93025 18.8278 3.09359
      vertex 1.47221 19.1042 3.09359
    endloop
  endfacet
  facet normal 0.016104 -0.2567 -0.966357
    outer loop
      vertex 0 17.7087 3.48882
      vertex -1.3581 17.6235 3.48882
      vertex -1.47221 19.1042 3.09359
    endloop
  endfacet
  facet normal 0.0481788 -0.254125 -0.965971
    outer loop
      vertex -1.47221 19.1042 3.09359
      vertex -1.3581 17.6235 3.48882
      vertex -2.70313 17.3685 3.48882
    endloop
  endfacet
  facet normal 0.109257 -0.576353 -0.809864
    outer loop
      vertex -1.77799 23.0721 1.25593
      vertex -1.72577 22.3945 1.7452
      vertex -3.53886 22.7383 1.25593
    endloop
  endfacet
  facet normal 0.0366295 -0.583156 -0.811534
    outer loop
      vertex 0 22.5029 1.7452
      vertex -1.72577 22.3945 1.7452
      vertex -1.77799 23.0721 1.25593
    endloop
  endfacet
  facet normal 0.110404 -0.241408 -0.964123
    outer loop
      vertex -4.36007 18.3701 3.09359
      vertex -5.30238 16.3607 3.48882
      vertex -5.7479 17.7354 3.09359
    endloop
  endfacet
  facet normal 0.133239 -0.29134 -0.947295
    outer loop
      vertex -4.65603 19.617 2.66848
      vertex -4.36007 18.3701 3.09359
      vertex -5.7479 17.7354 3.09359
    endloop
  endfacet
  facet normal 0.332965 -0.156149 -0.92992
    outer loop
      vertex -13.3364 11.389 2.66848
      vertex -13.2464 9.04924 3.09359
      vertex -14.1456 9.6635 2.66848
    endloop
  endfacet
  facet normal 0.401274 -0.188184 -0.896419
    outer loop
      vertex -13.3364 11.389 2.66848
      vertex -14.1456 9.6635 2.66848
      vertex -14.9085 10.1847 2.21756
    endloop
  endfacet
  facet normal -0.373236 -0.487225 -0.789498
    outer loop
      vertex 10.0778 19.2766 1.25593
      vertex 9.78185 18.7105 1.7452
      vertex 8.29982 19.8458 1.7452
    endloop
  endfacet
  facet normal -0.373239 -0.487246 -0.789483
    outer loop
      vertex 8.55094 20.4462 1.25593
      vertex 10.0778 19.2766 1.25593
      vertex 8.29982 19.8458 1.7452
    endloop
  endfacet
  facet normal -0.210333 -0.0588863 -0.975855
    outer loop
      vertex 11.6022 6.14217 3.85036
      vertex 12.0174 4.65914 3.85036
      vertex 10.6599 4.13284 4.17471
    endloop
  endfacet
  facet normal -0.216581 -0.0424545 -0.975341
    outer loop
      vertex 12.0174 4.65914 3.85036
      vertex 12.3169 3.13125 3.85036
      vertex 10.6599 4.13284 4.17471
    endloop
  endfacet
  facet normal 0.133409 -0.0493687 -0.989831
    outer loop
      vertex -8.47855 5.79208 4.45877
      vertex -7.05121 4.817 4.69978
      vertex -8.88192 4.70205 4.45877
    endloop
  endfacet
  facet normal 0.126625 -0.0593838 -0.990172
    outer loop
      vertex -7.99352 6.82632 4.45877
      vertex -7.05121 4.817 4.69978
      vertex -8.47855 5.79208 4.45877
    endloop
  endfacet
  facet normal 0.0922748 -0.053546 -0.994293
    outer loop
      vertex -4.86984 5.10792 4.89544
      vertex -5.23812 4.47327 4.89544
      vertex -6.18044 6.48259 4.69978
    endloop
  endfacet
  facet normal 0.0851441 -0.0603791 -0.994538
    outer loop
      vertex -4.45466 5.69339 4.89544
      vertex -4.86984 5.10792 4.89544
      vertex -6.18044 6.48259 4.69978
    endloop
  endfacet
  facet normal 0.0985156 -0.0462009 -0.994062
    outer loop
      vertex -5.23812 4.47327 4.89544
      vertex -5.55596 3.79553 4.89544
      vertex -7.05121 4.817 4.69978
    endloop
  endfacet
  facet normal 0.103807 -0.0384149 -0.993855
    outer loop
      vertex -5.55596 3.79553 4.89544
      vertex -5.82029 3.08124 4.89544
      vertex -7.05121 4.817 4.69978
    endloop
  endfacet
  facet normal 0.111356 -0.0218244 -0.993541
    outer loop
      vertex -6.02857 2.33728 4.89544
      vertex -6.17879 1.5708 4.89544
      vertex -7.84165 1.99354 4.69978
    endloop
  endfacet
  facet normal 0.113543 -0.0131775 -0.993446
    outer loop
      vertex -6.17879 1.5708 4.89544
      vertex -6.2695 0.789201 4.89544
      vertex -7.84165 1.99354 4.69978
    endloop
  endfacet
  facet normal 0.147288 -0.0056616 -0.989077
    outer loop
      vertex -7.95678 1.00159 4.69978
      vertex -7.99528 0 4.69978
      vertex -9.61372 0 4.45877
    endloop
  endfacet
  facet normal 0.114641 0.00440727 -0.993397
    outer loop
      vertex -6.29984 0 4.89544
      vertex -6.2695 -0.789201 4.89544
      vertex -7.95678 -1.00159 4.69978
    endloop
  endfacet
  facet normal 0.0842157 -0.0032372 -0.996442
    outer loop
      vertex -4.52185 0.569207 5.04386
      vertex -4.54373 0 5.04386
      vertex -6.29984 0 4.89544
    endloop
  endfacet
  facet normal 0.0842158 -0.00323759 -0.996442
    outer loop
      vertex -6.2695 0.789201 4.89544
      vertex -4.52185 0.569207 5.04386
      vertex -6.29984 0 4.89544
    endloop
  endfacet
  facet normal 0.216581 -0.0424545 -0.975341
    outer loop
      vertex -12.0174 4.65914 3.85036
      vertex -10.6599 4.13284 4.17471
      vertex -12.3169 3.13125 3.85036
    endloop
  endfacet
  facet normal 0.177815 -0.0348467 -0.983447
    outer loop
      vertex -10.6599 4.13284 4.17471
      vertex -9.429 2.39709 4.45877
      vertex -10.9255 2.77754 4.17471
    endloop
  endfacet
  facet normal 0.183013 0.00703427 -0.983085
    outer loop
      vertex -9.61372 0 4.45877
      vertex -9.56743 -1.20434 4.45877
      vertex -11.1396 0 4.17471
    endloop
  endfacet
  facet normal 0.183013 -0.00703427 -0.983085
    outer loop
      vertex -9.56743 1.20434 4.45877
      vertex -9.61372 0 4.45877
      vertex -11.1396 0 4.17471
    endloop
  endfacet
  facet normal 0.145881 -0.0169309 -0.989157
    outer loop
      vertex -9.429 2.39709 4.45877
      vertex -7.84165 1.99354 4.69978
      vertex -9.56743 1.20434 4.45877
    endloop
  endfacet
  facet normal 0.18128 -0.0210393 -0.983206
    outer loop
      vertex -9.429 2.39709 4.45877
      vertex -9.56743 1.20434 4.45877
      vertex -11.0859 1.39549 4.17471
    endloop
  endfacet
  facet normal -0.0235547 -0.0110465 -0.999662
    outer loop
      vertex 2.28144 1.94831 5.14361
      vertex 0.80922 0.552814 5.19372
      vertex 0.762927 0.651526 5.19372
    endloop
  endfacet
  facet normal 0.0521674 -0.0146039 -0.998532
    outer loop
      vertex -2.535 1.34202 5.14361
      vertex -2.62571 1.01799 5.14361
      vertex -4.34808 1.68575 5.04386
    endloop
  endfacet
  facet normal 0.0117422 0.0194256 -0.999742
    outer loop
      vertex -0.351136 -1.08345 5.19372
      vertex -1.05003 -3.23991 5.14361
      vertex -1.29345 -3.09277 5.14361
    endloop
  endfacet
  facet normal -0.0040307 0.0212564 -0.999766
    outer loop
      vertex 0.179008 -1.15018 5.19372
      vertex 0.5353 -3.43947 5.14361
      vertex 0.0899363 -1.16707 5.19372
    endloop
  endfacet
  facet normal -0.0433923 0.0566429 -0.997451
    outer loop
      vertex 2.52436 -4.82853 5.04386
      vertex 3.5 -6.69472 4.89544
      vertex 2.1419 -5.12152 5.04386
    endloop
  endfacet
  facet normal 0.0258558 0.00723869 -0.999639
    outer loop
      vertex -0.878055 -0.340422 5.19372
      vertex -0.847719 -0.448779 5.19372
      vertex -2.535 -1.34202 5.14361
    endloop
  endfacet
  facet normal -0.0184432 0.0159213 -0.999703
    outer loop
      vertex 0.648816 -0.829236 5.19372
      vertex 1.9402 -2.47972 5.14361
      vertex 0.582097 -0.906523 5.19372
    endloop
  endfacet
  facet normal 0.0372192 0.0321288 -0.998791
    outer loop
      vertex -1.9402 -2.47972 5.14361
      vertex -1.74069 -2.71084 5.14361
      vertex -2.88251 -4.48905 5.04386
    endloop
  endfacet
  facet normal 0.033016 0.034831 -0.998848
    outer loop
      vertex -1.74069 -2.71084 5.14361
      vertex -1.52441 -2.91585 5.14361
      vertex -2.88251 -4.48905 5.04386
    endloop
  endfacet
  facet normal 0.0184432 0.0159213 -0.999703
    outer loop
      vertex -0.648816 -0.829236 5.19372
      vertex -0.582097 -0.906523 5.19372
      vertex -1.9402 -2.47972 5.14361
    endloop
  endfacet
  facet normal 0.0220579 -0.0127997 -0.999675
    outer loop
      vertex -0.709288 0.743963 5.19372
      vertex -0.762927 0.651526 5.19372
      vertex -2.28144 1.94831 5.14361
    endloop
  endfacet
  facet normal 0.00403017 0.0212565 -0.999766
    outer loop
      vertex -0.0899363 -1.16707 5.19372
      vertex -0.268945 -3.48997 5.14361
      vertex -0.5353 -3.43947 5.14361
    endloop
  endfacet
  facet normal 0.00813387 0.0429041 -0.999046
    outer loop
      vertex -0.268945 -3.48997 5.14361
      vertex -0.445363 -5.77926 5.04386
      vertex -0.886437 -5.69564 5.04386
    endloop
  endfacet
  facet normal 0.0235547 -0.0110465 -0.999662
    outer loop
      vertex -0.762927 0.651526 5.19372
      vertex -0.80922 0.552814 5.19372
      vertex -2.28144 1.94831 5.14361
    endloop
  endfacet
  facet normal 0.0502718 -0.0530366 -0.997326
    outer loop
      vertex -2.52436 4.82853 5.04386
      vertex -2.88251 4.48905 5.04386
      vertex -3.99658 6.22402 4.89544
    endloop
  endfacet
  facet normal 0.0235547 0.0110465 -0.999662
    outer loop
      vertex -0.80922 -0.552814 5.19372
      vertex -0.762927 -0.651526 5.19372
      vertex -2.28144 -1.94831 5.14361
    endloop
  endfacet
  facet normal 0.0258561 0.00723824 -0.999639
    outer loop
      vertex -0.878055 -0.340422 5.19372
      vertex -2.535 -1.34202 5.14361
      vertex -2.62571 -1.01799 5.14361
    endloop
  endfacet
  facet normal 0.026638 0.0052209 -0.999632
    outer loop
      vertex -0.878055 -0.340422 5.19372
      vertex -2.62571 -1.01799 5.14361
      vertex -2.69114 -0.684154 5.14361
    endloop
  endfacet
  facet normal -0.0723473 0.0339287 -0.996802
    outer loop
      vertex 5.55596 -3.79553 4.89544
      vertex 5.23812 -4.47327 4.89544
      vertex 3.77797 -3.22632 5.04386
    endloop
  endfacet
  facet normal -0.00667261 0.0208452 -0.99976
    outer loop
      vertex 0.266355 -1.12222 5.19372
      vertex 0.7965 -3.35585 5.14361
      vertex 0.179008 -1.15018 5.19372
    endloop
  endfacet
  facet normal -0.0236989 0.0392054 -0.99895
    outer loop
      vertex 2.1419 -5.12152 5.04386
      vertex 1.73881 -5.36518 5.04386
      vertex 1.29345 -3.09277 5.14361
    endloop
  endfacet
  facet normal 0.026638 -0.00522066 -0.999632
    outer loop
      vertex -0.878055 0.340422 5.19372
      vertex -0.899934 0.228786 5.19372
      vertex -2.69114 0.684154 5.14361
    endloop
  endfacet
  facet normal -0.00667329 0.020845 -0.99976
    outer loop
      vertex 0.7965 -3.35585 5.14361
      vertex 0.5353 -3.43947 5.14361
      vertex 0.179008 -1.15018 5.19372
    endloop
  endfacet
  facet normal 0.00925236 0.0202328 -0.999752
    outer loop
      vertex -0.351136 -1.08345 5.19372
      vertex -0.266355 -1.12222 5.19372
      vertex -0.7965 -3.35585 5.14361
    endloop
  endfacet
  facet normal -0.0123884 0.0653458 -0.997786
    outer loop
      vertex 0.886437 -5.69564 5.04386
      vertex 1.22904 -7.89696 4.89544
      vertex 0.445363 -5.77926 5.04386
    endloop
  endfacet
  facet normal -0.00272065 0.0433217 -0.999057
    outer loop
      vertex 0.268945 -3.48997 5.14361
      vertex 0.445363 -5.77926 5.04386
      vertex 0 -3.50686 5.14361
    endloop
  endfacet
  facet normal -0.00813387 0.0429041 -0.999046
    outer loop
      vertex 0.886437 -5.69564 5.04386
      vertex 0.445363 -5.77926 5.04386
      vertex 0.268945 -3.48997 5.14361
    endloop
  endfacet
  facet normal -0.0677571 0.0393187 -0.996927
    outer loop
      vertex 5.23812 -4.47327 4.89544
      vertex 4.86984 -5.10792 4.89544
      vertex 3.51235 -3.68406 5.04386
    endloop
  endfacet
  facet normal -0.023555 0.0110462 -0.999662
    outer loop
      vertex 2.41987 -1.65312 5.14361
      vertex 2.28144 -1.94831 5.14361
      vertex 0.80922 -0.552814 5.19372
    endloop
  endfacet
  facet normal -0.0521674 0.0146039 -0.998532
    outer loop
      vertex 2.62571 -1.01799 5.14361
      vertex 4.34808 -1.68575 5.04386
      vertex 2.535 -1.34202 5.14361
    endloop
  endfacet
  facet normal 0.0117432 0.0194251 -0.999742
    outer loop
      vertex -0.432537 -1.03424 5.19372
      vertex -0.351136 -1.08345 5.19372
      vertex -1.29345 -3.09277 5.14361
    endloop
  endfacet
  facet normal -0.00925236 0.0202328 -0.999752
    outer loop
      vertex 0.351136 -1.08345 5.19372
      vertex 0.7965 -3.35585 5.14361
      vertex 0.266355 -1.12222 5.19372
    endloop
  endfacet
  facet normal 0.0445092 0.025828 -0.998675
    outer loop
      vertex -2.28144 -1.94831 5.14361
      vertex -3.51235 -3.68406 5.04386
      vertex -3.77797 -3.22632 5.04386
    endloop
  endfacet
  facet normal 0.0445083 0.0258287 -0.998675
    outer loop
      vertex -2.28144 -1.94831 5.14361
      vertex -2.12103 -2.22473 5.14361
      vertex -3.51235 -3.68406 5.04386
    endloop
  endfacet
  facet normal 0.047528 0.0222884 -0.998621
    outer loop
      vertex -2.41987 -1.65312 5.14361
      vertex -2.28144 -1.94831 5.14361
      vertex -4.00721 -2.73751 5.04386
    endloop
  endfacet
  facet normal 0.023555 0.0110462 -0.999662
    outer loop
      vertex -0.80922 -0.552814 5.19372
      vertex -2.28144 -1.94831 5.14361
      vertex -2.41987 -1.65312 5.14361
    endloop
  endfacet
  facet normal -0.139583 0.182204 -0.973303
    outer loop
      vertex 6.97694 -13.3453 3.85036
      vertex 7.69786 -14.7243 3.48882
      vertex 5.91987 -14.1551 3.85036
    endloop
  endfacet
  facet normal -0.0632718 0.10466 -0.992493
    outer loop
      vertex 4.53188 -10.8362 4.45877
      vertex 3.67901 -11.3518 4.45877
      vertex 3.05966 -9.44072 4.69978
    endloop
  endfacet
  facet normal -0.0591193 0.0771748 -0.995263
    outer loop
      vertex 4.44194 -8.49643 4.69978
      vertex 3.76895 -9.01197 4.69978
      vertex 2.96972 -7.10094 4.89544
    endloop
  endfacet
  facet normal -0.0491768 0.0813542 -0.995471
    outer loop
      vertex 3.76895 -9.01197 4.69978
      vertex 3.05966 -9.44072 4.69978
      vertex 2.96972 -7.10094 4.89544
    endloop
  endfacet
  facet normal -0.133767 0.141118 -0.980914
    outer loop
      vertex 7.06687 -11.0055 4.17471
      vertex 7.96681 -12.407 3.85036
      vertex 6.97694 -13.3453 3.85036
    endloop
  endfacet
  facet normal -0.109612 0.11564 -0.987225
    outer loop
      vertex 6.09888 -9.49802 4.45877
      vertex 6.18882 -11.8378 4.17471
      vertex 5.3411 -10.2163 4.45877
    endloop
  endfacet
  facet normal -0.0760482 0.099274 -0.99215
    outer loop
      vertex 4.44194 -8.49643 4.69978
      vertex 4.53188 -10.8362 4.45877
      vertex 3.76895 -9.01197 4.69978
    endloop
  endfacet
  facet normal -0.0760485 0.099274 -0.99215
    outer loop
      vertex 5.3411 -10.2163 4.45877
      vertex 4.53188 -10.8362 4.45877
      vertex 4.44194 -8.49643 4.69978
    endloop
  endfacet
  facet normal -0.00272072 0.0433217 -0.999057
    outer loop
      vertex 0 -3.50686 5.14361
      vertex 0.445363 -5.77926 5.04386
      vertex 0 -5.80723 5.04386
    endloop
  endfacet
  facet normal -0.013469 0.0420727 -0.999024
    outer loop
      vertex 1.31897 -5.55717 5.04386
      vertex 0.886437 -5.69564 5.04386
      vertex 0.7965 -3.35585 5.14361
    endloop
  endfacet
  facet normal -0.0359705 0.112369 -0.993015
    outer loop
      vertex 2.32091 -9.77856 4.69978
      vertex 2.79072 -11.758 4.45877
      vertex 1.5598 -10.0222 4.69978
    endloop
  endfacet
  facet normal -0.0498666 0.109043 -0.992785
    outer loop
      vertex 3.05966 -9.44072 4.69978
      vertex 2.79072 -11.758 4.45877
      vertex 2.32091 -9.77856 4.69978
    endloop
  endfacet
  facet normal -0.0330694 0.174352 -0.984128
    outer loop
      vertex 2.17322 -13.9636 4.17471
      vertex 2.44997 -15.7419 3.85036
      vertex 1.09187 -14.1687 4.17471
    endloop
  endfacet
  facet normal -0.0270704 0.142724 -0.989392
    outer loop
      vertex 2.17322 -13.9636 4.17471
      vertex 1.09187 -14.1687 4.17471
      vertex 0.942309 -12.2279 4.45877
    endloop
  endfacet
  facet normal -0.0270561 0.142734 -0.989391
    outer loop
      vertex 1.87554 -12.051 4.45877
      vertex 2.17322 -13.9636 4.17471
      vertex 0.942309 -12.2279 4.45877
    endloop
  endfacet
  facet normal -0.0447882 0.139938 -0.989147
    outer loop
      vertex 3.23365 -13.6242 4.17471
      vertex 2.17322 -13.9636 4.17471
      vertex 1.87554 -12.051 4.45877
    endloop
  endfacet
  facet normal 0.0961756 0.159095 -0.982567
    outer loop
      vertex -4.26293 -13.1535 4.17471
      vertex -4.8058 -14.8285 3.85036
      vertex -5.25116 -12.5561 4.17471
    endloop
  endfacet
  facet normal 0.0491767 0.0813542 -0.995471
    outer loop
      vertex -2.96972 -7.10094 4.89544
      vertex -2.41084 -7.43877 4.89544
      vertex -3.05966 -9.44072 4.69978
    endloop
  endfacet
  facet normal 0.111356 0.0218244 -0.993541
    outer loop
      vertex -6.17879 -1.5708 4.89544
      vertex -6.02857 -2.33728 4.89544
      vertex -7.84165 -1.99354 4.69978
    endloop
  endfacet
  facet normal 0.0817966 0.0160311 -0.99652
    outer loop
      vertex -4.45642 -1.13293 5.04386
      vertex -6.02857 -2.33728 4.89544
      vertex -6.17879 -1.5708 4.89544
    endloop
  endfacet
  facet normal 0.147288 0.0056616 -0.989077
    outer loop
      vertex -7.99528 0 4.69978
      vertex -7.95678 -1.00159 4.69978
      vertex -9.61372 0 4.45877
    endloop
  endfacet
  facet normal 0.147288 0.00566117 -0.989077
    outer loop
      vertex -7.95678 -1.00159 4.69978
      vertex -9.56743 -1.20434 4.45877
      vertex -9.61372 0 4.45877
    endloop
  endfacet
  facet normal -0.0961756 0.159095 -0.982567
    outer loop
      vertex 5.25116 -12.5561 4.17471
      vertex 4.8058 -14.8285 3.85036
      vertex 4.26293 -13.1535 4.17471
    endloop
  endfacet
  facet normal -0.0758306 0.165819 -0.983236
    outer loop
      vertex 4.26293 -13.1535 4.17471
      vertex 4.8058 -14.8285 3.85036
      vertex 3.23365 -13.6242 4.17471
    endloop
  endfacet
  facet normal -0.167944 0.219243 -0.961107
    outer loop
      vertex 7.69786 -14.7243 3.48882
      vertex 7.08037 -16.9299 3.09359
      vertex 6.53157 -15.6177 3.48882
    endloop
  endfacet
  facet normal -0.116215 0.192265 -0.974437
    outer loop
      vertex 5.91987 -14.1551 3.85036
      vertex 5.30238 -16.3607 3.48882
      vertex 4.8058 -14.8285 3.85036
    endloop
  endfacet
  facet normal 0.31303 -0.517836 -0.796152
    outer loop
      vertex -6.94172 21.419 1.25593
      vertex -6.73786 20.79 1.7452
      vertex -8.29982 19.8458 1.7452
    endloop
  endfacet
  facet normal 0.313046 -0.517846 -0.796139
    outer loop
      vertex -6.94172 21.419 1.25593
      vertex -8.29982 19.8458 1.7452
      vertex -8.55094 20.4462 1.25593
    endloop
  endfacet
  facet normal 0.760285 -0.539137 -0.36235
    outer loop
      vertex -13.207 16.8795 0.245642
      vertex -13.0798 16.7169 0.754465
      vertex -14.4379 15.1437 0.245642
    endloop
  endfacet
  facet normal 0.133409 0.0493687 -0.989831
    outer loop
      vertex -7.05121 -4.817 4.69978
      vertex -8.47855 -5.79208 4.45877
      vertex -8.88192 -4.70205 4.45877
    endloop
  endfacet
  facet normal 0.133409 0.0493685 -0.989831
    outer loop
      vertex -7.38667 -3.91048 4.69978
      vertex -7.05121 -4.817 4.69978
      vertex -8.88192 -4.70205 4.45877
    endloop
  endfacet
  facet normal 0.139908 0.231458 -0.962732
    outer loop
      vertex -6.53157 -15.6177 3.48882
      vertex -5.30238 -16.3607 3.48882
      vertex -7.08037 -16.9299 3.09359
    endloop
  endfacet
  facet normal 0.233861 0.246725 -0.940444
    outer loop
      vertex -8.34465 -15.9614 3.09359
      vertex -8.91108 -17.0449 2.66848
      vertex -10.1754 -15.8465 2.66848
    endloop
  endfacet
  facet normal 0.133767 0.141118 -0.980914
    outer loop
      vertex -7.06687 -11.0055 4.17471
      vertex -6.97694 -13.3453 3.85036
      vertex -7.96681 -12.407 3.85036
    endloop
  endfacet
  facet normal 0.150661 0.130057 -0.979993
    outer loop
      vertex -7.06687 -11.0055 4.17471
      vertex -7.96681 -12.407 3.85036
      vertex -8.87995 -11.3492 3.85036
    endloop
  endfacet
  facet normal 0.0399744 0.210866 -0.976697
    outer loop
      vertex -2.44997 -15.7419 3.85036
      vertex -1.23091 -15.973 3.85036
      vertex -2.70313 -17.3685 3.48882
    endloop
  endfacet
  facet normal 0.0447989 0.139928 -0.989148
    outer loop
      vertex -2.79072 -11.758 4.45877
      vertex -1.87554 -12.051 4.45877
      vertex -3.23365 -13.6242 4.17471
    endloop
  endfacet
  facet normal 0.0961641 0.159093 -0.982569
    outer loop
      vertex -5.25116 -12.5561 4.17471
      vertex -4.8058 -14.8285 3.85036
      vertex -5.91987 -14.1551 3.85036
    endloop
  endfacet
  facet normal 0.133218 0.291329 -0.947302
    outer loop
      vertex -5.7479 -17.7354 3.09359
      vertex -4.65603 -19.617 2.66848
      vertex -6.13806 -18.9393 2.66848
    endloop
  endfacet
  facet normal 0.109612 0.11564 -0.987225
    outer loop
      vertex -6.09888 -9.49802 4.45877
      vertex -5.3411 -10.2163 4.45877
      vertex -6.18882 -11.8378 4.17471
    endloop
  endfacet
  facet normal 0.109615 0.11564 -0.987224
    outer loop
      vertex -6.09888 -9.49802 4.45877
      vertex -6.18882 -11.8378 4.17471
      vertex -7.06687 -11.0055 4.17471
    endloop
  endfacet
  facet normal 0.0684871 0.0722522 -0.995032
    outer loop
      vertex -3.99658 -6.22402 4.89544
      vertex -4.44194 -8.49643 4.69978
      vertex -5.07215 -7.89906 4.69978
    endloop
  endfacet
  facet normal 0.0771889 0.066636 -0.994787
    outer loop
      vertex -3.99658 -6.22402 4.89544
      vertex -5.07215 -7.89906 4.69978
      vertex -5.65352 -7.22562 4.69978
    endloop
  endfacet
  facet normal 0.349424 0.247778 -0.903609
    outer loop
      vertex -11.3417 -14.4955 2.66848
      vertex -11.9534 -15.2773 2.21756
      vertex -13.0674 -13.7063 2.21756
    endloop
  endfacet
  facet normal 0.425671 0.301869 -0.853041
    outer loop
      vertex -11.9534 -15.2773 2.21756
      vertex -12.4499 -15.912 1.7452
      vertex -13.6103 -14.2757 1.7452
    endloop
  endfacet
  facet normal -0.0481788 0.254125 -0.965971
    outer loop
      vertex 2.70313 -17.3685 3.48882
      vertex 1.47221 -19.1042 3.09359
      vertex 1.3581 -17.6235 3.48882
    endloop
  endfacet
  facet normal -0.039977 0.210864 -0.976698
    outer loop
      vertex 2.70313 -17.3685 3.48882
      vertex 1.3581 -17.6235 3.48882
      vertex 1.23091 -15.973 3.85036
    endloop
  endfacet
  facet normal 0.760288 0.539145 -0.362333
    outer loop
      vertex -14.2988 -14.9979 0.754465
      vertex -13.0798 -16.7169 0.754465
      vertex -14.4379 -15.1437 0.245642
    endloop
  endfacet
  facet normal 0.760285 0.539137 -0.36235
    outer loop
      vertex -13.0798 -16.7169 0.754465
      vertex -13.207 -16.8795 0.245642
      vertex -14.4379 -15.1437 0.245642
    endloop
  endfacet
  facet normal -0.165841 0.0613675 -0.984241
    outer loop
      vertex 10.2916 -5.44835 4.17471
      vertex 9.82423 -6.71138 4.17471
      vertex 8.47855 -5.79208 4.45877
    endloop
  endfacet
  facet normal -0.157436 0.0738327 -0.984765
    outer loop
      vertex 9.82423 -6.71138 4.17471
      vertex 9.26222 -7.90977 4.17471
      vertex 8.47855 -5.79208 4.45877
    endloop
  endfacet
  facet normal -0.0553356 0.00212661 -0.998466
    outer loop
      vertex 2.74386 0 5.14361
      vertex 4.54373 0 5.04386
      vertex 2.73065 -0.343732 5.14361
    endloop
  endfacet
  facet normal -0.0274277 0.00105408 -0.999623
    outer loop
      vertex 2.74386 0 5.14361
      vertex 2.73065 -0.343732 5.14361
      vertex 0.917565 0 5.19372
    endloop
  endfacet
  facet normal -0.0271636 -0.00315266 -0.999626
    outer loop
      vertex 2.69114 0.684154 5.14361
      vertex 2.73065 0.343732 5.14361
      vertex 0.913147 0.114946 5.19372
    endloop
  endfacet
  facet normal -0.0274277 -0.0010542 -0.999623
    outer loop
      vertex 2.73065 0.343732 5.14361
      vertex 0.917565 0 5.19372
      vertex 0.913147 0.114946 5.19372
    endloop
  endfacet
  facet normal 0.026638 0.00522066 -0.999632
    outer loop
      vertex -0.899934 -0.228786 5.19372
      vertex -0.878055 -0.340422 5.19372
      vertex -2.69114 -0.684154 5.14361
    endloop
  endfacet
  facet normal 0.0271636 0.00315278 -0.999626
    outer loop
      vertex -0.913147 -0.114946 5.19372
      vertex -0.899934 -0.228786 5.19372
      vertex -2.69114 -0.684154 5.14361
    endloop
  endfacet
  facet normal -0.0203484 -0.0144302 -0.999689
    outer loop
      vertex 1.9402 2.47972 5.14361
      vertex 0.709288 0.743963 5.19372
      vertex 0.648816 0.829236 5.19372
    endloop
  endfacet
  facet normal -0.00414392 -0.0659832 -0.997812
    outer loop
      vertex 0 8.05167 4.89544
      vertex 0.445363 5.77926 5.04386
      vertex 0 5.80723 5.04386
    endloop
  endfacet
  facet normal 0.0271636 -0.00315278 -0.999626
    outer loop
      vertex -0.899934 0.228786 5.19372
      vertex -0.913147 0.114946 5.19372
      vertex -2.69114 0.684154 5.14361
    endloop
  endfacet
  facet normal 0.0163598 0.0172594 -0.999717
    outer loop
      vertex -0.582097 -0.906523 5.19372
      vertex -0.509771 -0.975079 5.19372
      vertex -1.52441 -2.91585 5.14361
    endloop
  endfacet
  facet normal 0.0279539 -0.0873254 -0.995788
    outer loop
      vertex -1.5598 10.0222 4.69978
      vertex -1.82875 7.70496 4.89544
      vertex -2.32091 9.77856 4.69978
    endloop
  endfacet
  facet normal 0.00414392 -0.0659832 -0.997812
    outer loop
      vertex 0 8.05167 4.89544
      vertex 0 5.80723 5.04386
      vertex -0.445363 5.77926 5.04386
    endloop
  endfacet
  facet normal 0.00272072 -0.0433217 -0.999057
    outer loop
      vertex 0 5.80723 5.04386
      vertex 0 3.50686 5.14361
      vertex -0.445363 5.77926 5.04386
    endloop
  endfacet
  facet normal 0.00564569 -0.0899264 -0.995932
    outer loop
      vertex 0 10.2186 4.69978
      vertex 0 8.05167 4.89544
      vertex -0.783674 10.1694 4.69978
    endloop
  endfacet
  facet normal 0.0141184 -0.0184315 -0.99973
    outer loop
      vertex -0.432537 1.03424 5.19372
      vertex -0.509771 0.975079 5.19372
      vertex -1.29345 3.09277 5.14361
    endloop
  endfacet
  facet normal 0.0284398 -0.0621917 -0.997659
    outer loop
      vertex -1.31897 5.55717 5.04386
      vertex -1.73881 5.36518 5.04386
      vertex -2.41084 7.43877 4.89544
    endloop
  endfacet
  facet normal -0.0851438 -0.0603798 -0.994537
    outer loop
      vertex 5.65352 7.22562 4.69978
      vertex 6.18044 6.48259 4.69978
      vertex 4.45466 5.69339 4.89544
    endloop
  endfacet
  facet normal -0.0992609 -0.08569 -0.991365
    outer loop
      vertex 6.09888 9.49802 4.45877
      vertex 6.79793 8.68826 4.45877
      vertex 5.65352 7.22562 4.69978
    endloop
  endfacet
  facet normal -0.15066 -0.13006 -0.979993
    outer loop
      vertex 8.87995 11.3492 3.85036
      vertex 7.87687 10.0672 4.17471
      vertex 7.06687 11.0055 4.17471
    endloop
  endfacet
  facet normal -0.123496 -0.10661 -0.986602
    outer loop
      vertex 7.06687 11.0055 4.17471
      vertex 7.87687 10.0672 4.17471
      vertex 6.79793 8.68826 4.45877
    endloop
  endfacet
  facet normal -0.0684871 -0.0722522 -0.995032
    outer loop
      vertex 4.44194 8.49643 4.69978
      vertex 5.07215 7.89906 4.69978
      vertex 3.99658 6.22402 4.89544
    endloop
  endfacet
  facet normal -0.0880848 -0.0929272 -0.991769
    outer loop
      vertex 6.09888 9.49802 4.45877
      vertex 5.07215 7.89906 4.69978
      vertex 4.44194 8.49643 4.69978
    endloop
  endfacet
  facet normal -0.0258561 -0.00723824 -0.999639
    outer loop
      vertex 2.535 1.34202 5.14361
      vertex 2.62571 1.01799 5.14361
      vertex 0.878055 0.340422 5.19372
    endloop
  endfacet
  facet normal -0.026638 -0.0052209 -0.999632
    outer loop
      vertex 2.62571 1.01799 5.14361
      vertex 2.69114 0.684154 5.14361
      vertex 0.878055 0.340422 5.19372
    endloop
  endfacet
  facet normal -0.0258558 -0.00723869 -0.999639
    outer loop
      vertex 2.535 1.34202 5.14361
      vertex 0.878055 0.340422 5.19372
      vertex 0.847719 0.448779 5.19372
    endloop
  endfacet
  facet normal -0.047528 -0.0222884 -0.998621
    outer loop
      vertex 4.00721 2.73751 5.04386
      vertex 2.41987 1.65312 5.14361
      vertex 2.28144 1.94831 5.14361
    endloop
  endfacet
  facet normal -0.062086 -0.135771 -0.988793
    outer loop
      vertex 3.23365 13.6242 4.17471
      vertex 3.67901 11.3518 4.45877
      vertex 2.79072 11.758 4.45877
    endloop
  endfacet
  facet normal -0.0447989 -0.139928 -0.989148
    outer loop
      vertex 3.23365 13.6242 4.17471
      vertex 2.79072 11.758 4.45877
      vertex 1.87554 12.051 4.45877
    endloop
  endfacet
  facet normal -0.0547041 -0.170919 -0.983765
    outer loop
      vertex 2.44997 15.7419 3.85036
      vertex 3.23365 13.6242 4.17471
      vertex 2.17322 13.9636 4.17471
    endloop
  endfacet
  facet normal -0.0330694 -0.174352 -0.984128
    outer loop
      vertex 2.44997 15.7419 3.85036
      vertex 2.17322 13.9636 4.17471
      vertex 1.09187 14.1687 4.17471
    endloop
  endfacet
  facet normal -0.0387557 -0.0847489 -0.995648
    outer loop
      vertex 3.05966 9.44072 4.69978
      vertex 2.41084 7.43877 4.89544
      vertex 1.82875 7.70496 4.89544
    endloop
  endfacet
  facet normal -0.0359705 -0.112369 -0.993015
    outer loop
      vertex 2.79072 11.758 4.45877
      vertex 2.32091 9.77856 4.69978
      vertex 1.5598 10.0222 4.69978
    endloop
  endfacet
  facet normal 0.00726571 -0.115731 -0.993254
    outer loop
      vertex 0 10.2186 4.69978
      vertex -0.783674 10.1694 4.69978
      vertex -0.942309 12.2279 4.45877
    endloop
  endfacet
  facet normal 0.0217362 -0.114606 -0.993173
    outer loop
      vertex -0.942309 12.2279 4.45877
      vertex -0.783674 10.1694 4.69978
      vertex -1.5598 10.0222 4.69978
    endloop
  endfacet
  facet normal 0.0270561 -0.142734 -0.989391
    outer loop
      vertex -0.942309 12.2279 4.45877
      vertex -1.87554 12.051 4.45877
      vertex -2.17322 13.9636 4.17471
    endloop
  endfacet
  facet normal 0.0447882 -0.139938 -0.989147
    outer loop
      vertex -2.17322 13.9636 4.17471
      vertex -1.87554 12.051 4.45877
      vertex -3.23365 13.6242 4.17471
    endloop
  endfacet
  facet normal 0.15066 -0.13006 -0.979993
    outer loop
      vertex -7.06687 11.0055 4.17471
      vertex -7.87687 10.0672 4.17471
      vertex -8.87995 11.3492 3.85036
    endloop
  endfacet
  facet normal 0.136167 -0.0965656 -0.985968
    outer loop
      vertex -7.87687 10.0672 4.17471
      vertex -6.79793 8.68826 4.45877
      vertex -8.61101 9.03199 4.17471
    endloop
  endfacet
  facet normal 0.166061 -0.11777 -0.979058
    outer loop
      vertex -8.87995 11.3492 3.85036
      vertex -8.61101 9.03199 4.17471
      vertex -9.70758 10.1822 3.85036
    endloop
  endfacet
  facet normal 0.147516 -0.0856015 -0.985348
    outer loop
      vertex -8.61101 9.03199 4.17471
      vertex -7.99352 6.82632 4.45877
      vertex -9.26222 7.90977 4.17471
    endloop
  endfacet
  facet normal 0.0387557 -0.0847489 -0.995648
    outer loop
      vertex -1.82875 7.70496 4.89544
      vertex -2.41084 7.43877 4.89544
      vertex -3.05966 9.44072 4.69978
    endloop
  endfacet
  facet normal 0.0284402 -0.0621915 -0.997659
    outer loop
      vertex -1.82875 7.70496 4.89544
      vertex -1.31897 5.55717 5.04386
      vertex -2.41084 7.43877 4.89544
    endloop
  endfacet
  facet normal 0.0498632 -0.109042 -0.992786
    outer loop
      vertex -2.79072 11.758 4.45877
      vertex -3.05966 9.44072 4.69978
      vertex -3.67901 11.3518 4.45877
    endloop
  endfacet
  facet normal 0.062086 -0.135771 -0.988793
    outer loop
      vertex -3.23365 13.6242 4.17471
      vertex -2.79072 11.758 4.45877
      vertex -3.67901 11.3518 4.45877
    endloop
  endfacet
  facet normal 0.116215 -0.192265 -0.974437
    outer loop
      vertex -5.30238 16.3607 3.48882
      vertex -4.8058 14.8285 3.85036
      vertex -5.91987 14.1551 3.85036
    endloop
  endfacet
  facet normal 0.13958 -0.182214 -0.973301
    outer loop
      vertex -6.53157 15.6177 3.48882
      vertex -5.91987 14.1551 3.85036
      vertex -7.69786 14.7243 3.48882
    endloop
  endfacet
  facet normal 0.179851 -0.104365 -0.978142
    outer loop
      vertex -8.61101 9.03199 4.17471
      vertex -9.26222 7.90977 4.17471
      vertex -9.70758 10.1822 3.85036
    endloop
  endfacet
  facet normal 0.181851 -0.156982 -0.970715
    outer loop
      vertex -8.79002 13.689 3.48882
      vertex -7.96681 12.407 3.85036
      vertex -8.87995 11.3492 3.85036
    endloop
  endfacet
  facet normal 0.179856 -0.104364 -0.978141
    outer loop
      vertex -9.70758 10.1822 3.85036
      vertex -9.26222 7.90977 4.17471
      vertex -10.4417 8.91705 3.85036
    endloop
  endfacet
  facet normal 0.20035 -0.142087 -0.969366
    outer loop
      vertex -8.87995 11.3492 3.85036
      vertex -9.70758 10.1822 3.85036
      vertex -10.7107 11.2343 3.48882
    endloop
  endfacet
  facet normal 0.291984 -0.108058 -0.950299
    outer loop
      vertex -12.2197 8.34784 3.48882
      vertex -12.8011 6.77684 3.48882
      vertex -13.8767 7.34624 3.09359
    endloop
  endfacet
  facet normal 0.29199 -0.108069 -0.950296
    outer loop
      vertex -13.2464 9.04924 3.09359
      vertex -12.2197 8.34784 3.48882
      vertex -13.8767 7.34624 3.09359
    endloop
  endfacet
  facet normal 0.240646 -0.170654 -0.955493
    outer loop
      vertex -10.6207 13.5741 3.09359
      vertex -9.79752 12.522 3.48882
      vertex -11.6106 12.1782 3.09359
    endloop
  endfacet
  facet normal 0.194235 -0.204918 -0.959313
    outer loop
      vertex -8.34465 15.9614 3.09359
      vertex -8.79002 13.689 3.48882
      vertex -9.52857 14.8392 3.09359
    endloop
  endfacet
  facet normal -0.070828 -0.373577 -0.924891
    outer loop
      vertex 1.65694 21.5013 2.21756
      vertex 3.12916 20.1058 2.66848
      vertex 1.57215 20.401 2.66848
    endloop
  endfacet
  facet normal -0.0581924 -0.306932 -0.949951
    outer loop
      vertex 3.12916 20.1058 2.66848
      vertex 2.93025 18.8278 3.09359
      vertex 1.57215 20.401 2.66848
    endloop
  endfacet
  facet normal 0.0133608 -0.212974 -0.976967
    outer loop
      vertex 0 17.7087 3.48882
      vertex -1.23091 15.973 3.85036
      vertex -1.3581 17.6235 3.48882
    endloop
  endfacet
  facet normal 0.039977 -0.210864 -0.976698
    outer loop
      vertex -1.3581 17.6235 3.48882
      vertex -1.23091 15.973 3.85036
      vertex -2.70313 17.3685 3.48882
    endloop
  endfacet
  facet normal 0.377214 -0.218896 -0.899886
    outer loop
      vertex -13.0674 13.7063 2.21756
      vertex -12.3987 13.0049 2.66848
      vertex -13.3364 11.389 2.66848
    endloop
  endfacet
  facet normal 0.332995 -0.156146 -0.92991
    outer loop
      vertex -12.4887 10.6651 3.09359
      vertex -13.2464 9.04924 3.09359
      vertex -13.3364 11.389 2.66848
    endloop
  endfacet
  facet normal 0.377191 -0.218895 -0.899895
    outer loop
      vertex -13.0674 13.7063 2.21756
      vertex -13.3364 11.389 2.66848
      vertex -14.0557 12.0033 2.21756
    endloop
  endfacet
  facet normal 0.260348 -0.151088 -0.95362
    outer loop
      vertex -11.6106 12.1782 3.09359
      vertex -10.7107 11.2343 3.48882
      vertex -12.4887 10.6651 3.09359
    endloop
  endfacet
  facet normal 0.35011 -0.129563 -0.927705
    outer loop
      vertex -14.1456 9.6635 2.66848
      vertex -13.8767 7.34624 3.09359
      vertex -14.8186 7.8449 2.66848
    endloop
  endfacet
  facet normal 0.35008 -0.129569 -0.927715
    outer loop
      vertex -13.2464 9.04924 3.09359
      vertex -13.8767 7.34624 3.09359
      vertex -14.1456 9.6635 2.66848
    endloop
  endfacet
  facet normal 0.0922757 -0.0535455 -0.994293
    outer loop
      vertex -6.18044 6.48259 4.69978
      vertex -5.23812 4.47327 4.89544
      vertex -6.64783 5.67713 4.69978
    endloop
  endfacet
  facet normal 0.118623 -0.068834 -0.990551
    outer loop
      vertex -6.18044 6.48259 4.69978
      vertex -6.64783 5.67713 4.69978
      vertex -7.99352 6.82632 4.45877
    endloop
  endfacet
  facet normal 0.216574 -0.0424422 -0.975343
    outer loop
      vertex -10.6599 4.13284 4.17471
      vertex -10.9255 2.77754 4.17471
      vertex -12.3169 3.13125 3.85036
    endloop
  endfacet
  facet normal 0.220767 -0.0256221 -0.97499
    outer loop
      vertex -10.9255 2.77754 4.17471
      vertex -11.0859 1.39549 4.17471
      vertex -12.3169 3.13125 3.85036
    endloop
  endfacet
  facet normal 0.138911 -0.0388893 -0.989541
    outer loop
      vertex -8.88192 4.70205 4.45877
      vertex -7.65101 2.96629 4.69978
      vertex -9.19976 3.56674 4.45877
    endloop
  endfacet
  facet normal 0.202083 -0.0747787 -0.976509
    outer loop
      vertex -9.82423 6.71138 4.17471
      vertex -10.2916 5.44835 4.17471
      vertex -11.0753 7.56604 3.85036
    endloop
  endfacet
  facet normal 0.172652 -0.0483355 -0.983796
    outer loop
      vertex -8.88192 4.70205 4.45877
      vertex -9.19976 3.56674 4.45877
      vertex -10.2916 5.44835 4.17471
    endloop
  endfacet
  facet normal 0.165841 -0.0613702 -0.984241
    outer loop
      vertex -8.47855 5.79208 4.45877
      vertex -8.88192 4.70205 4.45877
      vertex -10.2916 5.44835 4.17471
    endloop
  endfacet
  facet normal 0.026638 -0.0052209 -0.999632
    outer loop
      vertex -2.62571 1.01799 5.14361
      vertex -0.878055 0.340422 5.19372
      vertex -2.69114 0.684154 5.14361
    endloop
  endfacet
  facet normal 0.0258561 -0.00723824 -0.999639
    outer loop
      vertex -2.535 1.34202 5.14361
      vertex -0.878055 0.340422 5.19372
      vertex -2.62571 1.01799 5.14361
    endloop
  endfacet
  facet normal 0.0203484 -0.0144302 -0.999689
    outer loop
      vertex -0.648816 0.829236 5.19372
      vertex -0.709288 0.743963 5.19372
      vertex -1.9402 2.47972 5.14361
    endloop
  endfacet
  facet normal 0.0184435 0.015921 -0.999703
    outer loop
      vertex -0.582097 -0.906523 5.19372
      vertex -1.74069 -2.71084 5.14361
      vertex -1.9402 -2.47972 5.14361
    endloop
  endfacet
  facet normal -0.0141184 0.0184315 -0.99973
    outer loop
      vertex 0.509771 -0.975079 5.19372
      vertex 1.29345 -3.09277 5.14361
      vertex 0.432537 -1.03424 5.19372
    endloop
  endfacet
  facet normal 0.0141188 0.0184313 -0.99973
    outer loop
      vertex -0.509771 -0.975079 5.19372
      vertex -1.29345 -3.09277 5.14361
      vertex -1.52441 -2.91585 5.14361
    endloop
  endfacet
  facet normal 0.0410611 -0.0291191 -0.998732
    outer loop
      vertex -1.9402 2.47972 5.14361
      vertex -2.12103 2.22473 5.14361
      vertex -3.51235 3.68406 5.04386
    endloop
  endfacet
  facet normal 0.0040307 0.0212564 -0.999766
    outer loop
      vertex -0.179008 -1.15018 5.19372
      vertex -0.0899363 -1.16707 5.19372
      vertex -0.5353 -3.43947 5.14361
    endloop
  endfacet
  facet normal 0.00667329 0.020845 -0.99976
    outer loop
      vertex -0.179008 -1.15018 5.19372
      vertex -0.5353 -3.43947 5.14361
      vertex -0.7965 -3.35585 5.14361
    endloop
  endfacet
  facet normal 0.00134837 -0.0214633 -0.999769
    outer loop
      vertex 0 3.50686 5.14361
      vertex 0 1.17272 5.19372
      vertex -0.0899363 1.16707 5.19372
    endloop
  endfacet
  facet normal -0.0271636 0.00315266 -0.999626
    outer loop
      vertex 2.73065 -0.343732 5.14361
      vertex 2.69114 -0.684154 5.14361
      vertex 0.913147 -0.114946 5.19372
    endloop
  endfacet
  facet normal -0.0274277 0.0010542 -0.999623
    outer loop
      vertex 0.917565 0 5.19372
      vertex 2.73065 -0.343732 5.14361
      vertex 0.913147 -0.114946 5.19372
    endloop
  endfacet
  facet normal -0.0771892 0.0666356 -0.994787
    outer loop
      vertex 4.45466 -5.69339 4.89544
      vertex 5.65352 -7.22562 4.69978
      vertex 3.99658 -6.22402 4.89544
    endloop
  endfacet
  facet normal -0.0410611 0.0291191 -0.998732
    outer loop
      vertex 2.12103 -2.22473 5.14361
      vertex 3.51235 -3.68406 5.04386
      vertex 1.9402 -2.47972 5.14361
    endloop
  endfacet
  facet normal -0.033016 0.034831 -0.998848
    outer loop
      vertex 1.74069 -2.71084 5.14361
      vertex 2.88251 -4.48905 5.04386
      vertex 1.52441 -2.91585 5.14361
    endloop
  endfacet
  facet normal -0.0163598 0.0172594 -0.999717
    outer loop
      vertex 0.582097 -0.906523 5.19372
      vertex 1.52441 -2.91585 5.14361
      vertex 0.509771 -0.975079 5.19372
    endloop
  endfacet
  facet normal 0.0040307 -0.0212564 -0.999766
    outer loop
      vertex -0.0899363 1.16707 5.19372
      vertex -0.179008 1.15018 5.19372
      vertex -0.5353 3.43947 5.14361
    endloop
  endfacet
  facet normal -0.026638 0.00522066 -0.999632
    outer loop
      vertex 0.899934 -0.228786 5.19372
      vertex 2.69114 -0.684154 5.14361
      vertex 0.878055 -0.340422 5.19372
    endloop
  endfacet
  facet normal 0.0184432 -0.0159213 -0.999703
    outer loop
      vertex -0.582097 0.906523 5.19372
      vertex -0.648816 0.829236 5.19372
      vertex -1.9402 2.47972 5.14361
    endloop
  endfacet
  facet normal 0.0220579 0.0127997 -0.999675
    outer loop
      vertex -0.762927 -0.651526 5.19372
      vertex -0.709288 -0.743963 5.19372
      vertex -2.28144 -1.94831 5.14361
    endloop
  endfacet
  facet normal -0.0117432 0.0194251 -0.999742
    outer loop
      vertex 0.432537 -1.03424 5.19372
      vertex 1.29345 -3.09277 5.14361
      vertex 0.351136 -1.08345 5.19372
    endloop
  endfacet
  facet normal -0.0762409 0.0282137 -0.99669
    outer loop
      vertex 5.82029 -3.08124 4.89544
      vertex 5.55596 -3.79553 4.89544
      vertex 4.00721 -2.73751 5.04386
    endloop
  endfacet
  facet normal -0.062514 0.0443312 -0.997059
    outer loop
      vertex 4.86984 -5.10792 4.89544
      vertex 4.45466 -5.69339 4.89544
      vertex 3.51235 -3.68406 5.04386
    endloop
  endfacet
  facet normal -0.0537437 0.0105335 -0.998499
    outer loop
      vertex 2.69114 -0.684154 5.14361
      vertex 4.34808 -1.68575 5.04386
      vertex 2.62571 -1.01799 5.14361
    endloop
  endfacet
  facet normal -0.026638 0.0052209 -0.999632
    outer loop
      vertex 2.69114 -0.684154 5.14361
      vertex 2.62571 -1.01799 5.14361
      vertex 0.878055 -0.340422 5.19372
    endloop
  endfacet
  facet normal -0.0220575 -0.0128003 -0.999675
    outer loop
      vertex 2.12103 2.22473 5.14361
      vertex 2.28144 1.94831 5.14361
      vertex 0.709288 0.743963 5.19372
    endloop
  endfacet
  facet normal -0.0184435 -0.015921 -0.999703
    outer loop
      vertex 1.74069 2.71084 5.14361
      vertex 1.9402 2.47972 5.14361
      vertex 0.582097 0.906523 5.19372
    endloop
  endfacet
  facet normal 0.00403017 -0.0212565 -0.999766
    outer loop
      vertex -0.268945 3.48997 5.14361
      vertex -0.0899363 1.16707 5.19372
      vertex -0.5353 3.43947 5.14361
    endloop
  endfacet
  facet normal 0.0248247 0.00918698 -0.99965
    outer loop
      vertex -0.80922 -0.552814 5.19372
      vertex -2.41987 -1.65312 5.14361
      vertex -2.535 -1.34202 5.14361
    endloop
  endfacet
  facet normal 0.0500883 0.0185364 -0.998573
    outer loop
      vertex -2.535 -1.34202 5.14361
      vertex -2.41987 -1.65312 5.14361
      vertex -4.19786 -2.22233 5.04386
    endloop
  endfacet
  facet normal 0.103807 0.0384149 -0.993855
    outer loop
      vertex -5.82029 -3.08124 4.89544
      vertex -5.55596 -3.79553 4.89544
      vertex -7.05121 -4.817 4.69978
    endloop
  endfacet
  facet normal 0.0985156 0.0462009 -0.994062
    outer loop
      vertex -5.55596 -3.79553 4.89544
      vertex -5.23812 -4.47327 4.89544
      vertex -7.05121 -4.817 4.69978
    endloop
  endfacet
  facet normal -0.0946554 0.123562 -0.987812
    outer loop
      vertex 6.18882 -11.8378 4.17471
      vertex 5.25116 -12.5561 4.17471
      vertex 4.53188 -10.8362 4.45877
    endloop
  endfacet
  facet normal -0.0787685 0.130293 -0.988342
    outer loop
      vertex 4.53188 -10.8362 4.45877
      vertex 5.25116 -12.5561 4.17471
      vertex 3.67901 -11.3518 4.45877
    endloop
  endfacet
  facet normal -0.123494 0.10661 -0.986602
    outer loop
      vertex 6.79793 -8.68826 4.45877
      vertex 7.06687 -11.0055 4.17471
      vertex 6.09888 -9.49802 4.45877
    endloop
  endfacet
  facet normal -0.109615 0.11564 -0.987224
    outer loop
      vertex 7.06687 -11.0055 4.17471
      vertex 6.18882 -11.8378 4.17471
      vertex 6.09888 -9.49802 4.45877
    endloop
  endfacet
  facet normal -0.0279578 0.0873259 -0.995787
    outer loop
      vertex 1.82875 -7.70496 4.89544
      vertex 1.5598 -10.0222 4.69978
      vertex 1.22904 -7.89696 4.89544
    endloop
  endfacet
  facet normal -0.0284398 0.0621917 -0.997659
    outer loop
      vertex 1.73881 -5.36518 5.04386
      vertex 2.41084 -7.43877 4.89544
      vertex 1.31897 -5.55717 5.04386
    endloop
  endfacet
  facet normal -0.00414282 0.065983 -0.997812
    outer loop
      vertex 0.445363 -5.77926 5.04386
      vertex 0.617492 -8.0129 4.89544
      vertex 0 -8.05167 4.89544
    endloop
  endfacet
  facet normal -0.0123885 0.0653458 -0.997786
    outer loop
      vertex 1.22904 -7.89696 4.89544
      vertex 0.617492 -8.0129 4.89544
      vertex 0.445363 -5.77926 5.04386
    endloop
  endfacet
  facet normal -0.0279539 0.0873254 -0.995788
    outer loop
      vertex 1.82875 -7.70496 4.89544
      vertex 2.32091 -9.77856 4.69978
      vertex 1.5598 -10.0222 4.69978
    endloop
  endfacet
  facet normal -0.0387565 0.0847483 -0.995648
    outer loop
      vertex 3.05966 -9.44072 4.69978
      vertex 2.32091 -9.77856 4.69978
      vertex 1.82875 -7.70496 4.89544
    endloop
  endfacet
  facet normal 0.0447882 0.139938 -0.989147
    outer loop
      vertex -1.87554 -12.051 4.45877
      vertex -2.17322 -13.9636 4.17471
      vertex -3.23365 -13.6242 4.17471
    endloop
  endfacet
  facet normal 0.0787662 0.130296 -0.988341
    outer loop
      vertex -3.67901 -11.3518 4.45877
      vertex -4.26293 -13.1535 4.17471
      vertex -5.25116 -12.5561 4.17471
    endloop
  endfacet
  facet normal 0.0279539 0.0873254 -0.995788
    outer loop
      vertex -1.82875 -7.70496 4.89544
      vertex -1.5598 -10.0222 4.69978
      vertex -2.32091 -9.77856 4.69978
    endloop
  endfacet
  facet normal 0.0387565 0.0847483 -0.995648
    outer loop
      vertex -1.82875 -7.70496 4.89544
      vertex -2.32091 -9.77856 4.69978
      vertex -3.05966 -9.44072 4.69978
    endloop
  endfacet
  facet normal -0.0961641 0.159093 -0.982569
    outer loop
      vertex 5.25116 -12.5561 4.17471
      vertex 5.91987 -14.1551 3.85036
      vertex 4.8058 -14.8285 3.85036
    endloop
  endfacet
  facet normal -0.139908 0.231458 -0.962732
    outer loop
      vertex 6.53157 -15.6177 3.48882
      vertex 7.08037 -16.9299 3.09359
      vertex 5.30238 -16.3607 3.48882
    endloop
  endfacet
  facet normal 0.194252 0.204921 -0.959309
    outer loop
      vertex -7.69786 -14.7243 3.48882
      vertex -8.34465 -15.9614 3.09359
      vertex -8.79002 -13.689 3.48882
    endloop
  endfacet
  facet normal 0.167952 0.219245 -0.961105
    outer loop
      vertex -7.69786 -14.7243 3.48882
      vertex -7.08037 -16.9299 3.09359
      vertex -8.34465 -15.9614 3.09359
    endloop
  endfacet
  facet normal 0.133239 0.29134 -0.947295
    outer loop
      vertex -4.36007 -18.3701 3.09359
      vertex -4.65603 -19.617 2.66848
      vertex -5.7479 -17.7354 3.09359
    endloop
  endfacet
  facet normal 0.116215 0.192265 -0.974437
    outer loop
      vertex -4.8058 -14.8285 3.85036
      vertex -5.30238 -16.3607 3.48882
      vertex -5.91987 -14.1551 3.85036
    endloop
  endfacet
  facet normal 0.0758266 0.165824 -0.983236
    outer loop
      vertex -3.23365 -13.6242 4.17471
      vertex -3.64544 -15.3591 3.85036
      vertex -4.8058 -14.8285 3.85036
    endloop
  endfacet
  facet normal 0.167944 0.219243 -0.961107
    outer loop
      vertex -6.53157 -15.6177 3.48882
      vertex -7.08037 -16.9299 3.09359
      vertex -7.69786 -14.7243 3.48882
    endloop
  endfacet
  facet normal 0.115547 0.150828 -0.981784
    outer loop
      vertex -5.25116 -12.5561 4.17471
      vertex -5.91987 -14.1551 3.85036
      vertex -6.97694 -13.3453 3.85036
    endloop
  endfacet
  facet normal 0.139912 0.231445 -0.962734
    outer loop
      vertex -5.30238 -16.3607 3.48882
      vertex -5.7479 -17.7354 3.09359
      vertex -7.08037 -16.9299 3.09359
    endloop
  endfacet
  facet normal 0.377214 0.218896 -0.899886
    outer loop
      vertex -12.3987 -13.0049 2.66848
      vertex -13.0674 -13.7063 2.21756
      vertex -13.3364 -11.389 2.66848
    endloop
  endfacet
  facet normal 0.377191 0.218895 -0.899895
    outer loop
      vertex -13.3364 -11.389 2.66848
      vertex -13.0674 -13.7063 2.21756
      vertex -14.0557 -12.0033 2.21756
    endloop
  endfacet
  facet normal -0.00272072 -0.0433217 -0.999057
    outer loop
      vertex 0 5.80723 5.04386
      vertex 0.445363 5.77926 5.04386
      vertex 0 3.50686 5.14361
    endloop
  endfacet
  facet normal 0.00414282 -0.065983 -0.997812
    outer loop
      vertex 0 8.05167 4.89544
      vertex -0.445363 5.77926 5.04386
      vertex -0.617492 8.0129 4.89544
    endloop
  endfacet
  facet normal -0.0117432 -0.0194251 -0.999742
    outer loop
      vertex 1.29345 3.09277 5.14361
      vertex 0.432537 1.03424 5.19372
      vertex 0.351136 1.08345 5.19372
    endloop
  endfacet
  facet normal -0.0566666 -0.0489189 -0.997194
    outer loop
      vertex 3.99658 6.22402 4.89544
      vertex 4.45466 5.69339 4.89544
      vertex 3.2129 4.10633 5.04386
    endloop
  endfacet
  facet normal -0.0330156 -0.0348313 -0.998848
    outer loop
      vertex 2.52436 4.82853 5.04386
      vertex 2.88251 4.48905 5.04386
      vertex 1.52441 2.91585 5.14361
    endloop
  endfacet
  facet normal 0.0236985 -0.0392055 -0.99895
    outer loop
      vertex -1.05003 3.23991 5.14361
      vertex -1.29345 3.09277 5.14361
      vertex -1.73881 5.36518 5.04386
    endloop
  endfacet
  facet normal 0.0410616 -0.0291185 -0.998732
    outer loop
      vertex -3.2129 4.10633 5.04386
      vertex -1.9402 2.47972 5.14361
      vertex -3.51235 3.68406 5.04386
    endloop
  endfacet
  facet normal -0.0248249 -0.00918665 -0.99965
    outer loop
      vertex 2.535 1.34202 5.14361
      vertex 0.847719 0.448779 5.19372
      vertex 0.80922 0.552814 5.19372
    endloop
  endfacet
  facet normal -0.00813444 -0.0429039 -0.999046
    outer loop
      vertex 0.886437 5.69564 5.04386
      vertex 0.5353 3.43947 5.14361
      vertex 0.268945 3.48997 5.14361
    endloop
  endfacet
  facet normal -0.0123884 -0.0653458 -0.997786
    outer loop
      vertex 1.22904 7.89696 4.89544
      vertex 0.886437 5.69564 5.04386
      vertex 0.445363 5.77926 5.04386
    endloop
  endfacet
  facet normal 0.0360905 -0.0597053 -0.997563
    outer loop
      vertex -2.41084 7.43877 4.89544
      vertex -2.1419 5.12152 5.04386
      vertex -2.96972 7.10094 4.89544
    endloop
  endfacet
  facet normal 0.0236989 -0.0392054 -0.99895
    outer loop
      vertex -1.73881 5.36518 5.04386
      vertex -1.29345 3.09277 5.14361
      vertex -2.1419 5.12152 5.04386
    endloop
  endfacet
  facet normal 0.00813444 -0.0429039 -0.999046
    outer loop
      vertex -0.268945 3.48997 5.14361
      vertex -0.5353 3.43947 5.14361
      vertex -0.886437 5.69564 5.04386
    endloop
  endfacet
  facet normal 0.00813387 -0.0429041 -0.999046
    outer loop
      vertex -0.445363 5.77926 5.04386
      vertex -0.268945 3.48997 5.14361
      vertex -0.886437 5.69564 5.04386
    endloop
  endfacet
  facet normal 0.0433916 -0.0566435 -0.997451
    outer loop
      vertex -2.96972 7.10094 4.89544
      vertex -2.1419 5.12152 5.04386
      vertex -3.5 6.69472 4.89544
    endloop
  endfacet
  facet normal 0.0591195 -0.0771746 -0.995263
    outer loop
      vertex -2.96972 7.10094 4.89544
      vertex -3.5 6.69472 4.89544
      vertex -4.44194 8.49643 4.69978
    endloop
  endfacet
  facet normal 0.0330156 -0.0348313 -0.998848
    outer loop
      vertex -2.52436 4.82853 5.04386
      vertex -1.52441 2.91585 5.14361
      vertex -2.88251 4.48905 5.04386
    endloop
  endfacet
  facet normal 0.0284955 -0.0371972 -0.998902
    outer loop
      vertex -2.1419 5.12152 5.04386
      vertex -1.52441 2.91585 5.14361
      vertex -2.52436 4.82853 5.04386
    endloop
  endfacet
  facet normal -0.0851441 -0.0603791 -0.994538
    outer loop
      vertex 6.18044 6.48259 4.69978
      vertex 4.86984 5.10792 4.89544
      vertex 4.45466 5.69339 4.89544
    endloop
  endfacet
  facet normal -0.0922748 -0.053546 -0.994293
    outer loop
      vertex 6.18044 6.48259 4.69978
      vertex 5.23812 4.47327 4.89544
      vertex 4.86984 5.10792 4.89544
    endloop
  endfacet
  facet normal -0.0236985 -0.0392055 -0.99895
    outer loop
      vertex 1.73881 5.36518 5.04386
      vertex 1.29345 3.09277 5.14361
      vertex 1.05003 3.23991 5.14361
    endloop
  endfacet
  facet normal -0.0502722 -0.0530362 -0.997326
    outer loop
      vertex 3.5 6.69472 4.89544
      vertex 3.99658 6.22402 4.89544
      vertex 2.52436 4.82853 5.04386
    endloop
  endfacet
  facet normal -0.0521674 -0.0146039 -0.998532
    outer loop
      vertex 4.34808 1.68575 5.04386
      vertex 2.62571 1.01799 5.14361
      vertex 2.535 1.34202 5.14361
    endloop
  endfacet
  facet normal -0.0521673 -0.0146047 -0.998532
    outer loop
      vertex 4.19786 2.22233 5.04386
      vertex 4.34808 1.68575 5.04386
      vertex 2.535 1.34202 5.14361
    endloop
  endfacet
  facet normal 0.00925249 -0.0202327 -0.999752
    outer loop
      vertex -0.7965 3.35585 5.14361
      vertex -0.351136 1.08345 5.19372
      vertex -1.05003 3.23991 5.14361
    endloop
  endfacet
  facet normal -0.0491767 -0.0813542 -0.995471
    outer loop
      vertex 3.05966 9.44072 4.69978
      vertex 2.96972 7.10094 4.89544
      vertex 2.41084 7.43877 4.89544
    endloop
  endfacet
  facet normal -0.0491768 -0.0813542 -0.995471
    outer loop
      vertex 3.05966 9.44072 4.69978
      vertex 3.76895 9.01197 4.69978
      vertex 2.96972 7.10094 4.89544
    endloop
  endfacet
  facet normal -0.0447882 -0.139938 -0.989147
    outer loop
      vertex 2.17322 13.9636 4.17471
      vertex 3.23365 13.6242 4.17471
      vertex 1.87554 12.051 4.45877
    endloop
  endfacet
  facet normal -0.0270704 -0.142724 -0.989392
    outer loop
      vertex 1.09187 14.1687 4.17471
      vertex 2.17322 13.9636 4.17471
      vertex 0.942309 12.2279 4.45877
    endloop
  endfacet
  facet normal -0.00414282 -0.065983 -0.997812
    outer loop
      vertex 0.617492 8.0129 4.89544
      vertex 0.445363 5.77926 5.04386
      vertex 0 8.05167 4.89544
    endloop
  endfacet
  facet normal -0.0387565 -0.0847483 -0.995648
    outer loop
      vertex 2.32091 9.77856 4.69978
      vertex 3.05966 9.44072 4.69978
      vertex 1.82875 7.70496 4.89544
    endloop
  endfacet
  facet normal 0.109472 -0.0776324 -0.990954
    outer loop
      vertex -5.65352 7.22562 4.69978
      vertex -6.18044 6.48259 4.69978
      vertex -6.79793 8.68826 4.45877
    endloop
  endfacet
  facet normal 0.0992609 -0.08569 -0.991365
    outer loop
      vertex -6.09888 9.49802 4.45877
      vertex -5.65352 7.22562 4.69978
      vertex -6.79793 8.68826 4.45877
    endloop
  endfacet
  facet normal 0.0946548 -0.123563 -0.987812
    outer loop
      vertex -4.53188 10.8362 4.45877
      vertex -5.3411 10.2163 4.45877
      vertex -6.18882 11.8378 4.17471
    endloop
  endfacet
  facet normal 0.0760485 -0.099274 -0.99215
    outer loop
      vertex -4.53188 10.8362 4.45877
      vertex -4.44194 8.49643 4.69978
      vertex -5.3411 10.2163 4.45877
    endloop
  endfacet
  facet normal 0.139908 -0.231458 -0.962732
    outer loop
      vertex -5.30238 16.3607 3.48882
      vertex -6.53157 15.6177 3.48882
      vertex -7.08037 16.9299 3.09359
    endloop
  endfacet
  facet normal 0.167944 -0.219243 -0.961107
    outer loop
      vertex -7.08037 16.9299 3.09359
      vertex -6.53157 15.6177 3.48882
      vertex -7.69786 14.7243 3.48882
    endloop
  endfacet
  facet normal 0.253381 -0.0709383 -0.964762
    outer loop
      vertex -11.6022 6.14217 3.85036
      vertex -12.0174 4.65914 3.85036
      vertex -13.2592 5.14057 3.48882
    endloop
  endfacet
  facet normal 0.210333 -0.0588863 -0.975855
    outer loop
      vertex -11.6022 6.14217 3.85036
      vertex -10.6599 4.13284 4.17471
      vertex -12.0174 4.65914 3.85036
    endloop
  endfacet
  facet normal 0.289227 -0.205094 -0.935032
    outer loop
      vertex -11.3417 14.4955 2.66848
      vertex -11.6106 12.1782 3.09359
      vertex -12.3987 13.0049 2.66848
    endloop
  endfacet
  facet normal 0.260344 -0.151075 -0.953623
    outer loop
      vertex -10.7107 11.2343 3.48882
      vertex -11.5207 9.83844 3.48882
      vertex -12.4887 10.6651 3.09359
    endloop
  endfacet
  facet normal 0.303709 -0.0850283 -0.948963
    outer loop
      vertex -12.8011 6.77684 3.48882
      vertex -13.2592 5.14057 3.48882
      vertex -14.3732 5.5725 3.09359
    endloop
  endfacet
  facet normal 0.253381 -0.0709379 -0.964762
    outer loop
      vertex -12.8011 6.77684 3.48882
      vertex -11.6022 6.14217 3.85036
      vertex -13.2592 5.14057 3.48882
    endloop
  endfacet
  facet normal 0.161529 -0.170406 -0.972044
    outer loop
      vertex -6.97694 13.3453 3.85036
      vertex -7.96681 12.407 3.85036
      vertex -8.79002 13.689 3.48882
    endloop
  endfacet
  facet normal 0.16153 -0.170401 -0.972045
    outer loop
      vertex -7.69786 14.7243 3.48882
      vertex -6.97694 13.3453 3.85036
      vertex -8.79002 13.689 3.48882
    endloop
  endfacet
  facet normal 0.312634 -0.18142 -0.932388
    outer loop
      vertex -12.3987 13.0049 2.66848
      vertex -11.6106 12.1782 3.09359
      vertex -13.3364 11.389 2.66848
    endloop
  endfacet
  facet normal 0.31264 -0.181435 -0.932383
    outer loop
      vertex -11.6106 12.1782 3.09359
      vertex -12.4887 10.6651 3.09359
      vertex -13.3364 11.389 2.66848
    endloop
  endfacet
  facet normal 0.191892 -0.0899938 -0.977281
    outer loop
      vertex -10.4417 8.91705 3.85036
      vertex -9.26222 7.90977 4.17471
      vertex -11.0753 7.56604 3.85036
    endloop
  endfacet
  facet normal 0.165841 -0.0613675 -0.984241
    outer loop
      vertex -9.82423 6.71138 4.17471
      vertex -8.47855 5.79208 4.45877
      vertex -10.2916 5.44835 4.17471
    endloop
  endfacet
  facet normal -0.0040307 -0.0212564 -0.999766
    outer loop
      vertex 0.5353 3.43947 5.14361
      vertex 0.179008 1.15018 5.19372
      vertex 0.0899363 1.16707 5.19372
    endloop
  endfacet
  facet normal -0.00925236 -0.0202328 -0.999752
    outer loop
      vertex 0.7965 3.35585 5.14361
      vertex 0.351136 1.08345 5.19372
      vertex 0.266355 1.12222 5.19372
    endloop
  endfacet
  facet normal -0.0271636 0.00315278 -0.999626
    outer loop
      vertex 0.913147 -0.114946 5.19372
      vertex 2.69114 -0.684154 5.14361
      vertex 0.899934 -0.228786 5.19372
    endloop
  endfacet
  facet normal -0.0677572 0.0393185 -0.996927
    outer loop
      vertex 3.77797 -3.22632 5.04386
      vertex 5.23812 -4.47327 4.89544
      vertex 3.51235 -3.68406 5.04386
    endloop
  endfacet
  facet normal -0.0445092 0.025828 -0.998675
    outer loop
      vertex 3.77797 -3.22632 5.04386
      vertex 3.51235 -3.68406 5.04386
      vertex 2.28144 -1.94831 5.14361
    endloop
  endfacet
  facet normal -0.0684871 0.0722522 -0.995032
    outer loop
      vertex 5.07215 -7.89906 4.69978
      vertex 4.44194 -8.49643 4.69978
      vertex 3.99658 -6.22402 4.89544
    endloop
  endfacet
  facet normal -0.0771889 0.066636 -0.994787
    outer loop
      vertex 5.65352 -7.22562 4.69978
      vertex 5.07215 -7.89906 4.69978
      vertex 3.99658 -6.22402 4.89544
    endloop
  endfacet
  facet normal -0.0117422 0.0194256 -0.999742
    outer loop
      vertex 1.29345 -3.09277 5.14361
      vertex 1.05003 -3.23991 5.14361
      vertex 0.351136 -1.08345 5.19372
    endloop
  endfacet
  facet normal -0.0236985 0.0392055 -0.99895
    outer loop
      vertex 1.29345 -3.09277 5.14361
      vertex 1.73881 -5.36518 5.04386
      vertex 1.05003 -3.23991 5.14361
    endloop
  endfacet
  facet normal -0.0330156 0.0348313 -0.998848
    outer loop
      vertex 2.88251 -4.48905 5.04386
      vertex 2.52436 -4.82853 5.04386
      vertex 1.52441 -2.91585 5.14361
    endloop
  endfacet
  facet normal -0.0284955 0.0371972 -0.998902
    outer loop
      vertex 2.52436 -4.82853 5.04386
      vertex 2.1419 -5.12152 5.04386
      vertex 1.52441 -2.91585 5.14361
    endloop
  endfacet
  facet normal -0.0372192 0.0321288 -0.998791
    outer loop
      vertex 1.9402 -2.47972 5.14361
      vertex 2.88251 -4.48905 5.04386
      vertex 1.74069 -2.71084 5.14361
    endloop
  endfacet
  facet normal -0.0184435 0.015921 -0.999703
    outer loop
      vertex 1.9402 -2.47972 5.14361
      vertex 1.74069 -2.71084 5.14361
      vertex 0.582097 -0.906523 5.19372
    endloop
  endfacet
  facet normal -0.00134837 -0.0214633 -0.999769
    outer loop
      vertex 0 3.50686 5.14361
      vertex 0.0899363 1.16707 5.19372
      vertex 0 1.17272 5.19372
    endloop
  endfacet
  facet normal -0.116217 0.192266 -0.974437
    outer loop
      vertex 5.91987 -14.1551 3.85036
      vertex 6.53157 -15.6177 3.48882
      vertex 5.30238 -16.3607 3.48882
    endloop
  endfacet
  facet normal -0.13958 0.182214 -0.973301
    outer loop
      vertex 7.69786 -14.7243 3.48882
      vertex 6.53157 -15.6177 3.48882
      vertex 5.91987 -14.1551 3.85036
    endloop
  endfacet
  facet normal 0.0217362 0.114606 -0.993173
    outer loop
      vertex -0.783674 -10.1694 4.69978
      vertex -0.942309 -12.2279 4.45877
      vertex -1.5598 -10.0222 4.69978
    endloop
  endfacet
  facet normal 0.0168906 0.0890571 -0.995883
    outer loop
      vertex -1.22904 -7.89696 4.89544
      vertex -0.783674 -10.1694 4.69978
      vertex -1.5598 -10.0222 4.69978
    endloop
  endfacet
  facet normal 0.011047 0.176086 -0.984313
    outer loop
      vertex 0 -14.2372 4.17471
      vertex 0 -16.0503 3.85036
      vertex -1.09187 -14.1687 4.17471
    endloop
  endfacet
  facet normal 0.00904228 0.144131 -0.989517
    outer loop
      vertex -0.942309 -12.2279 4.45877
      vertex 0 -14.2372 4.17471
      vertex -1.09187 -14.1687 4.17471
    endloop
  endfacet
  facet normal 0.0760482 0.099274 -0.99215
    outer loop
      vertex -4.44194 -8.49643 4.69978
      vertex -3.76895 -9.01197 4.69978
      vertex -4.53188 -10.8362 4.45877
    endloop
  endfacet
  facet normal 0.0760485 0.099274 -0.99215
    outer loop
      vertex -4.44194 -8.49643 4.69978
      vertex -4.53188 -10.8362 4.45877
      vertex -5.3411 -10.2163 4.45877
    endloop
  endfacet
  facet normal 0.937853 0.347032 0
    outer loop
      vertex -16.4721 -11.2528 0.245642
      vertex -17.2557 -9.13512 0
      vertex -17.2557 -9.13512 0.245642
    endloop
  endfacet
  facet normal 0.937853 0.347032 0
    outer loop
      vertex -17.2557 -9.13512 0
      vertex -16.4721 -11.2528 0.245642
      vertex -16.4721 -11.2528 0
    endloop
  endfacet
  facet normal 0.139583 0.182204 -0.973303
    outer loop
      vertex -6.97694 -13.3453 3.85036
      vertex -5.91987 -14.1551 3.85036
      vertex -7.69786 -14.7243 3.48882
    endloop
  endfacet
  facet normal 0.16153 0.170401 -0.972045
    outer loop
      vertex -6.97694 -13.3453 3.85036
      vertex -7.69786 -14.7243 3.48882
      vertex -8.79002 -13.689 3.48882
    endloop
  endfacet
  facet normal 0.110404 0.241408 -0.964123
    outer loop
      vertex -5.30238 -16.3607 3.48882
      vertex -4.36007 -18.3701 3.09359
      vertex -5.7479 -17.7354 3.09359
    endloop
  endfacet
  facet normal 0.110403 0.241407 -0.964123
    outer loop
      vertex -4.02212 -16.9462 3.48882
      vertex -4.36007 -18.3701 3.09359
      vertex -5.30238 -16.3607 3.48882
    endloop
  endfacet
  facet normal -0.00272065 -0.0433217 -0.999057
    outer loop
      vertex 0.445363 5.77926 5.04386
      vertex 0.268945 3.48997 5.14361
      vertex 0 3.50686 5.14361
    endloop
  endfacet
  facet normal -0.00134792 -0.0214633 -0.999769
    outer loop
      vertex 0.268945 3.48997 5.14361
      vertex 0.0899363 1.16707 5.19372
      vertex 0 3.50686 5.14361
    endloop
  endfacet
  facet normal -0.0184432 -0.0159213 -0.999703
    outer loop
      vertex 1.9402 2.47972 5.14361
      vertex 0.648816 0.829236 5.19372
      vertex 0.582097 0.906523 5.19372
    endloop
  endfacet
  facet normal -0.0433916 -0.0566435 -0.997451
    outer loop
      vertex 2.96972 7.10094 4.89544
      vertex 3.5 6.69472 4.89544
      vertex 2.1419 5.12152 5.04386
    endloop
  endfacet
  facet normal -0.0284941 -0.0371976 -0.998902
    outer loop
      vertex 2.1419 5.12152 5.04386
      vertex 1.52441 2.91585 5.14361
      vertex 1.29345 3.09277 5.14361
    endloop
  endfacet
  facet normal -0.0203483 -0.0144303 -0.999689
    outer loop
      vertex 1.9402 2.47972 5.14361
      vertex 2.12103 2.22473 5.14361
      vertex 0.709288 0.743963 5.19372
    endloop
  endfacet
  facet normal -0.0410611 -0.0291191 -0.998732
    outer loop
      vertex 3.51235 3.68406 5.04386
      vertex 2.12103 2.22473 5.14361
      vertex 1.9402 2.47972 5.14361
    endloop
  endfacet
  facet normal 0.00272065 -0.0433217 -0.999057
    outer loop
      vertex 0 3.50686 5.14361
      vertex -0.268945 3.48997 5.14361
      vertex -0.445363 5.77926 5.04386
    endloop
  endfacet
  facet normal 0.0123884 -0.0653458 -0.997786
    outer loop
      vertex -0.445363 5.77926 5.04386
      vertex -0.886437 5.69564 5.04386
      vertex -1.22904 7.89696 4.89544
    endloop
  endfacet
  facet normal 0 0 -1
    outer loop
      vertex -0.917565 0 5.19372
      vertex 0.917565 0 5.19372
      vertex 0.913147 -0.114946 5.19372
    endloop
  endfacet
  facet normal 0 0 -1
    outer loop
      vertex -0.913147 -0.114946 5.19372
      vertex 0.913147 -0.114946 5.19372
      vertex 0.899934 -0.228786 5.19372
    endloop
  endfacet
  facet normal 0 0 -1
    outer loop
      vertex 0.917565 0 5.19372
      vertex -0.917565 0 5.19372
      vertex 0.913147 0.114946 5.19372
    endloop
  endfacet
  facet normal 0 0 -1
    outer loop
      vertex -0.899934 -0.228786 5.19372
      vertex 0.899934 -0.228786 5.19372
      vertex 0.878055 -0.340422 5.19372
    endloop
  endfacet
  facet normal 0 -0 -1
    outer loop
      vertex -0.913147 0.114946 5.19372
      vertex 0.913147 0.114946 5.19372
      vertex -0.917565 0 5.19372
    endloop
  endfacet
  facet normal 0 0 -1
    outer loop
      vertex -0.878055 -0.340422 5.19372
      vertex 0.878055 -0.340422 5.19372
      vertex 0.847719 -0.448779 5.19372
    endloop
  endfacet
  facet normal 0 0 -1
    outer loop
      vertex 0.913147 0.114946 5.19372
      vertex -0.913147 0.114946 5.19372
      vertex 0.899934 0.228786 5.19372
    endloop
  endfacet
  facet normal 0 0 -1
    outer loop
      vertex -0.847719 -0.448779 5.19372
      vertex 0.847719 -0.448779 5.19372
      vertex 0.80922 -0.552814 5.19372
    endloop
  endfacet
  facet normal 0 -0 -1
    outer loop
      vertex -0.899934 0.228786 5.19372
      vertex 0.899934 0.228786 5.19372
      vertex -0.913147 0.114946 5.19372
    endloop
  endfacet
  facet normal 0 0 -1
    outer loop
      vertex -0.80922 -0.552814 5.19372
      vertex 0.80922 -0.552814 5.19372
      vertex 0.762927 -0.651526 5.19372
    endloop
  endfacet
  facet normal 0 0 -1
    outer loop
      vertex 0.899934 0.228786 5.19372
      vertex -0.899934 0.228786 5.19372
      vertex 0.878055 0.340422 5.19372
    endloop
  endfacet
  facet normal 0 0 -1
    outer loop
      vertex -0.762927 -0.651526 5.19372
      vertex 0.762927 -0.651526 5.19372
      vertex 0.709288 -0.743963 5.19372
    endloop
  endfacet
  facet normal 0 -0 -1
    outer loop
      vertex -0.878055 0.340422 5.19372
      vertex 0.878055 0.340422 5.19372
      vertex -0.899934 0.228786 5.19372
    endloop
  endfacet
  facet normal 0 0 -1
    outer loop
      vertex -0.709288 -0.743963 5.19372
      vertex 0.709288 -0.743963 5.19372
      vertex 0.648816 -0.829236 5.19372
    endloop
  endfacet
  facet normal 0 0 -1
    outer loop
      vertex 0.878055 0.340422 5.19372
      vertex -0.878055 0.340422 5.19372
      vertex 0.847719 0.448779 5.19372
    endloop
  endfacet
  facet normal 0 0 -1
    outer loop
      vertex -0.648816 -0.829236 5.19372
      vertex 0.648816 -0.829236 5.19372
      vertex 0.582097 -0.906523 5.19372
    endloop
  endfacet
  facet normal 0 -0 -1
    outer loop
      vertex -0.847719 0.448779 5.19372
      vertex 0.847719 0.448779 5.19372
      vertex -0.878055 0.340422 5.19372
    endloop
  endfacet
  facet normal 0 0 -1
    outer loop
      vertex -0.582097 -0.906523 5.19372
      vertex 0.582097 -0.906523 5.19372
      vertex 0.509771 -0.975079 5.19372
    endloop
  endfacet
  facet normal 0 0 -1
    outer loop
      vertex 0.847719 0.448779 5.19372
      vertex -0.847719 0.448779 5.19372
      vertex 0.80922 0.552814 5.19372
    endloop
  endfacet
  facet normal 0 0 -1
    outer loop
      vertex -0.509771 -0.975079 5.19372
      vertex 0.509771 -0.975079 5.19372
      vertex 0.432537 -1.03424 5.19372
    endloop
  endfacet
  facet normal 0 -0 -1
    outer loop
      vertex -0.80922 0.552814 5.19372
      vertex 0.80922 0.552814 5.19372
      vertex -0.847719 0.448779 5.19372
    endloop
  endfacet
  facet normal 0 0 -1
    outer loop
      vertex -0.432537 -1.03424 5.19372
      vertex 0.432537 -1.03424 5.19372
      vertex 0.351136 -1.08345 5.19372
    endloop
  endfacet
  facet normal 0 0 -1
    outer loop
      vertex 0.80922 0.552814 5.19372
      vertex -0.80922 0.552814 5.19372
      vertex 0.762927 0.651526 5.19372
    endloop
  endfacet
  facet normal 0 0 -1
    outer loop
      vertex -0.432537 -1.03424 5.19372
      vertex 0.351136 -1.08345 5.19372
      vertex 0.266355 -1.12222 5.19372
    endloop
  endfacet
  facet normal 0 -0 -1
    outer loop
      vertex -0.762927 0.651526 5.19372
      vertex 0.762927 0.651526 5.19372
      vertex -0.80922 0.552814 5.19372
    endloop
  endfacet
  facet normal 0 0 -1
    outer loop
      vertex -0.432537 -1.03424 5.19372
      vertex 0.266355 -1.12222 5.19372
      vertex 0.179008 -1.15018 5.19372
    endloop
  endfacet
  facet normal 0 0 -1
    outer loop
      vertex 0.762927 0.651526 5.19372
      vertex -0.762927 0.651526 5.19372
      vertex 0.709288 0.743963 5.19372
    endloop
  endfacet
  facet normal 0 0 -1
    outer loop
      vertex -0.432537 -1.03424 5.19372
      vertex 0.179008 -1.15018 5.19372
      vertex 0.0899363 -1.16707 5.19372
    endloop
  endfacet
  facet normal 0 -0 -1
    outer loop
      vertex -0.709288 0.743963 5.19372
      vertex 0.709288 0.743963 5.19372
      vertex -0.762927 0.651526 5.19372
    endloop
  endfacet
  facet normal 0 0 -1
    outer loop
      vertex -0.432537 -1.03424 5.19372
      vertex 0.0899363 -1.16707 5.19372
      vertex 0 -1.17272 5.19372
    endloop
  endfacet
  facet normal 0 0 -1
    outer loop
      vertex 0.913147 -0.114946 5.19372
      vertex -0.913147 -0.114946 5.19372
      vertex -0.917565 0 5.19372
    endloop
  endfacet
  facet normal 0 0 -1
    outer loop
      vertex -0.432537 -1.03424 5.19372
      vertex 0 -1.17272 5.19372
      vertex -0.0899363 -1.16707 5.19372
    endloop
  endfacet
  facet normal 0 0 -1
    outer loop
      vertex 0.709288 0.743963 5.19372
      vertex -0.709288 0.743963 5.19372
      vertex 0.648816 0.829236 5.19372
    endloop
  endfacet
  facet normal 0 0 -1
    outer loop
      vertex -0.432537 -1.03424 5.19372
      vertex -0.0899363 -1.16707 5.19372
      vertex -0.179008 -1.15018 5.19372
    endloop
  endfacet
  facet normal 0 -0 -1
    outer loop
      vertex -0.648816 0.829236 5.19372
      vertex 0.648816 0.829236 5.19372
      vertex -0.709288 0.743963 5.19372
    endloop
  endfacet
  facet normal 0 0 -1
    outer loop
      vertex -0.351136 -1.08345 5.19372
      vertex -0.179008 -1.15018 5.19372
      vertex -0.266355 -1.12222 5.19372
    endloop
  endfacet
  facet normal 0 0 -1
    outer loop
      vertex 0.648816 0.829236 5.19372
      vertex -0.648816 0.829236 5.19372
      vertex 0.582097 0.906523 5.19372
    endloop
  endfacet
  facet normal 0 0 -1
    outer loop
      vertex -0.432537 -1.03424 5.19372
      vertex -0.179008 -1.15018 5.19372
      vertex -0.351136 -1.08345 5.19372
    endloop
  endfacet
  facet normal 0 -0 -1
    outer loop
      vertex -0.582097 0.906523 5.19372
      vertex 0.582097 0.906523 5.19372
      vertex -0.648816 0.829236 5.19372
    endloop
  endfacet
  facet normal 0 0 -1
    outer loop
      vertex 0.432537 -1.03424 5.19372
      vertex -0.432537 -1.03424 5.19372
      vertex -0.509771 -0.975079 5.19372
    endloop
  endfacet
  facet normal 0 0 -1
    outer loop
      vertex 0.582097 0.906523 5.19372
      vertex -0.582097 0.906523 5.19372
      vertex 0.509771 0.975079 5.19372
    endloop
  endfacet
  facet normal 0 0 -1
    outer loop
      vertex 0.509771 -0.975079 5.19372
      vertex -0.509771 -0.975079 5.19372
      vertex -0.582097 -0.906523 5.19372
    endloop
  endfacet
  facet normal 0 -0 -1
    outer loop
      vertex -0.509771 0.975079 5.19372
      vertex 0.509771 0.975079 5.19372
      vertex -0.582097 0.906523 5.19372
    endloop
  endfacet
  facet normal 0 0 -1
    outer loop
      vertex 0.582097 -0.906523 5.19372
      vertex -0.582097 -0.906523 5.19372
      vertex -0.648816 -0.829236 5.19372
    endloop
  endfacet
  facet normal 0 0 -1
    outer loop
      vertex 0.899934 -0.228786 5.19372
      vertex -0.899934 -0.228786 5.19372
      vertex -0.913147 -0.114946 5.19372
    endloop
  endfacet
  facet normal 0 0 -1
    outer loop
      vertex 0.648816 -0.829236 5.19372
      vertex -0.648816 -0.829236 5.19372
      vertex -0.709288 -0.743963 5.19372
    endloop
  endfacet
  facet normal 0 -0 -1
    outer loop
      vertex -0.432537 1.03424 5.19372
      vertex 0.432537 1.03424 5.19372
      vertex -0.509771 0.975079 5.19372
    endloop
  endfacet
  facet normal 0 0 -1
    outer loop
      vertex 0.709288 -0.743963 5.19372
      vertex -0.709288 -0.743963 5.19372
      vertex -0.762927 -0.651526 5.19372
    endloop
  endfacet
  facet normal 0 0 -1
    outer loop
      vertex 0.878055 -0.340422 5.19372
      vertex -0.878055 -0.340422 5.19372
      vertex -0.899934 -0.228786 5.19372
    endloop
  endfacet
  facet normal 0 0 -1
    outer loop
      vertex 0.762927 -0.651526 5.19372
      vertex -0.762927 -0.651526 5.19372
      vertex -0.80922 -0.552814 5.19372
    endloop
  endfacet
  facet normal 0 0 -1
    outer loop
      vertex 0.80922 -0.552814 5.19372
      vertex -0.80922 -0.552814 5.19372
      vertex -0.847719 -0.448779 5.19372
    endloop
  endfacet
  facet normal 0 0 -1
    outer loop
      vertex 0.847719 -0.448779 5.19372
      vertex -0.847719 -0.448779 5.19372
      vertex -0.878055 -0.340422 5.19372
    endloop
  endfacet
  facet normal 0 0 -1
    outer loop
      vertex -0.179008 1.15018 5.19372
      vertex -0.351136 1.08345 5.19372
      vertex -0.266355 1.12222 5.19372
    endloop
  endfacet
  facet normal 0 0 -1
    outer loop
      vertex 0.432537 1.03424 5.19372
      vertex -0.432537 1.03424 5.19372
      vertex 0.351136 1.08345 5.19372
    endloop
  endfacet
  facet normal 0 0 -1
    outer loop
      vertex -0.179008 1.15018 5.19372
      vertex -0.432537 1.03424 5.19372
      vertex -0.351136 1.08345 5.19372
    endloop
  endfacet
  facet normal 0 0 -1
    outer loop
      vertex 0 1.17272 5.19372
      vertex -0.432537 1.03424 5.19372
      vertex -0.0899363 1.16707 5.19372
    endloop
  endfacet
  facet normal 0 0 -1
    outer loop
      vertex -0.0899363 1.16707 5.19372
      vertex -0.432537 1.03424 5.19372
      vertex -0.179008 1.15018 5.19372
    endloop
  endfacet
  facet normal -0 0 -1
    outer loop
      vertex 0.179008 1.15018 5.19372
      vertex -0.432537 1.03424 5.19372
      vertex 0.0899363 1.16707 5.19372
    endloop
  endfacet
  facet normal -0 0 -1
    outer loop
      vertex 0.0899363 1.16707 5.19372
      vertex -0.432537 1.03424 5.19372
      vertex 0 1.17272 5.19372
    endloop
  endfacet
  facet normal -0 0 -1
    outer loop
      vertex 0.266355 1.12222 5.19372
      vertex -0.432537 1.03424 5.19372
      vertex 0.179008 1.15018 5.19372
    endloop
  endfacet
  facet normal -0 0 -1
    outer loop
      vertex 0.351136 1.08345 5.19372
      vertex -0.432537 1.03424 5.19372
      vertex 0.266355 1.12222 5.19372
    endloop
  endfacet
  facet normal 0 0 -1
    outer loop
      vertex 0.509771 0.975079 5.19372
      vertex -0.509771 0.975079 5.19372
      vertex 0.432537 1.03424 5.19372
    endloop
  endfacet
  facet normal 0.0205148 -0.0640778 -0.997734
    outer loop
      vertex -1.22904 7.89696 4.89544
      vertex -1.31897 5.55717 5.04386
      vertex -1.82875 7.70496 4.89544
    endloop
  endfacet
  facet normal 0.0279578 -0.0873259 -0.995787
    outer loop
      vertex -1.5598 10.0222 4.69978
      vertex -1.22904 7.89696 4.89544
      vertex -1.82875 7.70496 4.89544
    endloop
  endfacet
  facet normal 0.0168836 -0.0890558 -0.995884
    outer loop
      vertex -0.783674 10.1694 4.69978
      vertex -0.617492 8.0129 4.89544
      vertex -1.22904 7.89696 4.89544
    endloop
  endfacet
  facet normal 0.0123885 -0.0653458 -0.997786
    outer loop
      vertex -0.617492 8.0129 4.89544
      vertex -0.445363 5.77926 5.04386
      vertex -1.22904 7.89696 4.89544
    endloop
  endfacet
  facet normal 0.0205137 -0.0640778 -0.997734
    outer loop
      vertex -1.22904 7.89696 4.89544
      vertex -0.886437 5.69564 5.04386
      vertex -1.31897 5.55717 5.04386
    endloop
  endfacet
  facet normal 0.0360907 -0.0597053 -0.997563
    outer loop
      vertex -1.73881 5.36518 5.04386
      vertex -2.1419 5.12152 5.04386
      vertex -2.41084 7.43877 4.89544
    endloop
  endfacet
  facet normal 0.00667329 -0.020845 -0.99976
    outer loop
      vertex -0.5353 3.43947 5.14361
      vertex -0.179008 1.15018 5.19372
      vertex -0.7965 3.35585 5.14361
    endloop
  endfacet
  facet normal 0.0186743 -0.0408357 -0.998991
    outer loop
      vertex -0.7965 3.35585 5.14361
      vertex -1.05003 3.23991 5.14361
      vertex -1.73881 5.36518 5.04386
    endloop
  endfacet
  facet normal 0.018674 -0.0408359 -0.998991
    outer loop
      vertex -1.31897 5.55717 5.04386
      vertex -0.7965 3.35585 5.14361
      vertex -1.73881 5.36518 5.04386
    endloop
  endfacet
  facet normal -0.0141184 -0.0184315 -0.99973
    outer loop
      vertex 1.29345 3.09277 5.14361
      vertex 0.509771 0.975079 5.19372
      vertex 0.432537 1.03424 5.19372
    endloop
  endfacet
  facet normal 0.0117422 -0.0194256 -0.999742
    outer loop
      vertex -1.05003 3.23991 5.14361
      vertex -0.351136 1.08345 5.19372
      vertex -1.29345 3.09277 5.14361
    endloop
  endfacet
  facet normal -0.147515 -0.0856016 -0.985348
    outer loop
      vertex 8.61101 9.03199 4.17471
      vertex 7.99352 6.82632 4.45877
      vertex 7.43151 7.79482 4.45877
    endloop
  endfacet
  facet normal -0.136168 -0.0965628 -0.985969
    outer loop
      vertex 8.61101 9.03199 4.17471
      vertex 7.43151 7.79482 4.45877
      vertex 6.79793 8.68826 4.45877
    endloop
  endfacet
  facet normal -0.0248247 -0.00918698 -0.99965
    outer loop
      vertex 2.41987 1.65312 5.14361
      vertex 2.535 1.34202 5.14361
      vertex 0.80922 0.552814 5.19372
    endloop
  endfacet
  facet normal -0.0500883 -0.0185364 -0.998573
    outer loop
      vertex 4.19786 2.22233 5.04386
      vertex 2.535 1.34202 5.14361
      vertex 2.41987 1.65312 5.14361
    endloop
  endfacet
  facet normal 0.00667261 -0.0208452 -0.99976
    outer loop
      vertex -0.179008 1.15018 5.19372
      vertex -0.266355 1.12222 5.19372
      vertex -0.7965 3.35585 5.14361
    endloop
  endfacet
  facet normal -0.0279539 -0.0873254 -0.995788
    outer loop
      vertex 2.32091 9.77856 4.69978
      vertex 1.82875 7.70496 4.89544
      vertex 1.5598 10.0222 4.69978
    endloop
  endfacet
  facet normal -0.0498666 -0.109043 -0.992785
    outer loop
      vertex 2.79072 11.758 4.45877
      vertex 3.05966 9.44072 4.69978
      vertex 2.32091 9.77856 4.69978
    endloop
  endfacet
  facet normal -0.0217362 -0.114606 -0.993173
    outer loop
      vertex 0.942309 12.2279 4.45877
      vertex 1.5598 10.0222 4.69978
      vertex 0.783674 10.1694 4.69978
    endloop
  endfacet
  facet normal -0.00726571 -0.115731 -0.993254
    outer loop
      vertex 0.942309 12.2279 4.45877
      vertex 0.783674 10.1694 4.69978
      vertex 0 10.2186 4.69978
    endloop
  endfacet
  facet normal -0.0217237 -0.114603 -0.993174
    outer loop
      vertex 1.87554 12.051 4.45877
      vertex 1.5598 10.0222 4.69978
      vertex 0.942309 12.2279 4.45877
    endloop
  endfacet
  facet normal -0.0359746 -0.112366 -0.993015
    outer loop
      vertex 1.87554 12.051 4.45877
      vertex 2.79072 11.758 4.45877
      vertex 1.5598 10.0222 4.69978
    endloop
  endfacet
  facet normal -0.0123885 -0.0653458 -0.997786
    outer loop
      vertex 0.617492 8.0129 4.89544
      vertex 1.22904 7.89696 4.89544
      vertex 0.445363 5.77926 5.04386
    endloop
  endfacet
  facet normal -0.0205137 -0.0640778 -0.997734
    outer loop
      vertex 1.22904 7.89696 4.89544
      vertex 1.31897 5.55717 5.04386
      vertex 0.886437 5.69564 5.04386
    endloop
  endfacet
  facet normal 0.136168 -0.0965628 -0.985969
    outer loop
      vertex -6.79793 8.68826 4.45877
      vertex -7.43151 7.79482 4.45877
      vertex -8.61101 9.03199 4.17471
    endloop
  endfacet
  facet normal 0.147515 -0.0856016 -0.985348
    outer loop
      vertex -7.43151 7.79482 4.45877
      vertex -7.99352 6.82632 4.45877
      vertex -8.61101 9.03199 4.17471
    endloop
  endfacet
  facet normal 0.0632674 -0.104665 -0.992493
    outer loop
      vertex -3.05966 9.44072 4.69978
      vertex -3.76895 9.01197 4.69978
      vertex -4.53188 10.8362 4.45877
    endloop
  endfacet
  facet normal 0.0760482 -0.099274 -0.99215
    outer loop
      vertex -3.76895 9.01197 4.69978
      vertex -4.44194 8.49643 4.69978
      vertex -4.53188 10.8362 4.45877
    endloop
  endfacet
  facet normal 0.216897 -0.125857 -0.968047
    outer loop
      vertex -9.70758 10.1822 3.85036
      vertex -10.4417 8.91705 3.85036
      vertex -10.7107 11.2343 3.48882
    endloop
  endfacet
  facet normal 0.21689 -0.125858 -0.968049
    outer loop
      vertex -10.7107 11.2343 3.48882
      vertex -10.4417 8.91705 3.85036
      vertex -11.5207 9.83844 3.48882
    endloop
  endfacet
  facet normal 0.181834 -0.156982 -0.970718
    outer loop
      vertex -8.79002 13.689 3.48882
      vertex -8.87995 11.3492 3.85036
      vertex -9.79752 12.522 3.48882
    endloop
  endfacet
  facet normal 0.28921 -0.205093 -0.935037
    outer loop
      vertex -11.3417 14.4955 2.66848
      vertex -10.6207 13.5741 3.09359
      vertex -11.6106 12.1782 3.09359
    endloop
  endfacet
  facet normal 0.218533 -0.188665 -0.957418
    outer loop
      vertex -9.52857 14.8392 3.09359
      vertex -8.79002 13.689 3.48882
      vertex -9.79752 12.522 3.48882
    endloop
  endfacet
  facet normal 0.218547 -0.188666 -0.957414
    outer loop
      vertex -9.52857 14.8392 3.09359
      vertex -9.79752 12.522 3.48882
      vertex -10.6207 13.5741 3.09359
    endloop
  endfacet
  facet normal -0.0762408 0.0282141 -0.99669
    outer loop
      vertex 4.19786 -2.22233 5.04386
      vertex 5.82029 -3.08124 4.89544
      vertex 4.00721 -2.73751 5.04386
    endloop
  endfacet
  facet normal -0.0794007 0.0222289 -0.996595
    outer loop
      vertex 4.34808 -1.68575 5.04386
      vertex 5.82029 -3.08124 4.89544
      vertex 4.19786 -2.22233 5.04386
    endloop
  endfacet
  facet normal -0.0566666 0.0489189 -0.997194
    outer loop
      vertex 4.45466 -5.69339 4.89544
      vertex 3.99658 -6.22402 4.89544
      vertex 3.2129 -4.10633 5.04386
    endloop
  endfacet
  facet normal -0.0625138 0.0443313 -0.997059
    outer loop
      vertex 3.51235 -3.68406 5.04386
      vertex 4.45466 -5.69339 4.89544
      vertex 3.2129 -4.10633 5.04386
    endloop
  endfacet
  facet normal 0.0498666 0.109043 -0.992785
    outer loop
      vertex -2.32091 -9.77856 4.69978
      vertex -2.79072 -11.758 4.45877
      vertex -3.05966 -9.44072 4.69978
    endloop
  endfacet
  facet normal 0.0359705 0.112369 -0.993015
    outer loop
      vertex -2.32091 -9.77856 4.69978
      vertex -1.5598 -10.0222 4.69978
      vertex -2.79072 -11.758 4.45877
    endloop
  endfacet
  facet normal 0.0330694 0.174352 -0.984128
    outer loop
      vertex -2.17322 -13.9636 4.17471
      vertex -1.09187 -14.1687 4.17471
      vertex -2.44997 -15.7419 3.85036
    endloop
  endfacet
  facet normal 0.0270704 0.142724 -0.989392
    outer loop
      vertex -0.942309 -12.2279 4.45877
      vertex -1.09187 -14.1687 4.17471
      vertex -2.17322 -13.9636 4.17471
    endloop
  endfacet
  facet normal 0.0498632 0.109042 -0.992786
    outer loop
      vertex -3.05966 -9.44072 4.69978
      vertex -2.79072 -11.758 4.45877
      vertex -3.67901 -11.3518 4.45877
    endloop
  endfacet
  facet normal 0.0632718 0.10466 -0.992493
    outer loop
      vertex -3.05966 -9.44072 4.69978
      vertex -3.67901 -11.3518 4.45877
      vertex -4.53188 -10.8362 4.45877
    endloop
  endfacet
  facet normal 0.905383 0.424597 0
    outer loop
      vertex -15.5298 -13.2621 0.245642
      vertex -16.4721 -11.2528 0
      vertex -16.4721 -11.2528 0.245642
    endloop
  endfacet
  facet normal 0.905383 0.424597 0
    outer loop
      vertex -16.4721 -11.2528 0
      vertex -15.5298 -13.2621 0.245642
      vertex -15.5298 -13.2621 0
    endloop
  endfacet
  facet normal 0.116217 0.192266 -0.974437
    outer loop
      vertex -5.91987 -14.1551 3.85036
      vertex -5.30238 -16.3607 3.48882
      vertex -6.53157 -15.6177 3.48882
    endloop
  endfacet
  facet normal 0.13958 0.182214 -0.973301
    outer loop
      vertex -5.91987 -14.1551 3.85036
      vertex -6.53157 -15.6177 3.48882
      vertex -7.69786 -14.7243 3.48882
    endloop
  endfacet
  facet normal -0.00813387 -0.0429041 -0.999046
    outer loop
      vertex 0.445363 5.77926 5.04386
      vertex 0.886437 5.69564 5.04386
      vertex 0.268945 3.48997 5.14361
    endloop
  endfacet
  facet normal -0.00403017 -0.0212565 -0.999766
    outer loop
      vertex 0.268945 3.48997 5.14361
      vertex 0.5353 3.43947 5.14361
      vertex 0.0899363 1.16707 5.19372
    endloop
  endfacet
  facet normal -0.01636 -0.0172593 -0.999717
    outer loop
      vertex 1.52441 2.91585 5.14361
      vertex 1.74069 2.71084 5.14361
      vertex 0.582097 0.906523 5.19372
    endloop
  endfacet
  facet normal -0.0566669 -0.0489188 -0.997194
    outer loop
      vertex 3.99658 6.22402 4.89544
      vertex 3.2129 4.10633 5.04386
      vertex 2.88251 4.48905 5.04386
    endloop
  endfacet
  facet normal -0.0360905 -0.0597053 -0.997563
    outer loop
      vertex 2.41084 7.43877 4.89544
      vertex 2.96972 7.10094 4.89544
      vertex 2.1419 5.12152 5.04386
    endloop
  endfacet
  facet normal -0.0236989 -0.0392054 -0.99895
    outer loop
      vertex 1.73881 5.36518 5.04386
      vertex 2.1419 5.12152 5.04386
      vertex 1.29345 3.09277 5.14361
    endloop
  endfacet
  facet normal 0.00925236 -0.0202328 -0.999752
    outer loop
      vertex -0.266355 1.12222 5.19372
      vertex -0.351136 1.08345 5.19372
      vertex -0.7965 3.35585 5.14361
    endloop
  endfacet
  facet normal 0.0184435 -0.015921 -0.999703
    outer loop
      vertex -1.74069 2.71084 5.14361
      vertex -0.582097 0.906523 5.19372
      vertex -1.9402 2.47972 5.14361
    endloop
  endfacet
  facet normal 0.0163598 -0.0172594 -0.999717
    outer loop
      vertex -0.509771 0.975079 5.19372
      vertex -0.582097 0.906523 5.19372
      vertex -1.52441 2.91585 5.14361
    endloop
  endfacet
  facet normal -0.0141188 -0.0184313 -0.99973
    outer loop
      vertex 1.29345 3.09277 5.14361
      vertex 1.52441 2.91585 5.14361
      vertex 0.509771 0.975079 5.19372
    endloop
  endfacet
  facet normal -0.0279578 -0.0873259 -0.995787
    outer loop
      vertex 1.5598 10.0222 4.69978
      vertex 1.82875 7.70496 4.89544
      vertex 1.22904 7.89696 4.89544
    endloop
  endfacet
  facet normal -0.0205148 -0.0640778 -0.997734
    outer loop
      vertex 1.82875 7.70496 4.89544
      vertex 1.31897 5.55717 5.04386
      vertex 1.22904 7.89696 4.89544
    endloop
  endfacet
  facet normal -0.0134691 -0.0420727 -0.999024
    outer loop
      vertex 0.886437 5.69564 5.04386
      vertex 0.7965 3.35585 5.14361
      vertex 0.5353 3.43947 5.14361
    endloop
  endfacet
  facet normal -0.013469 -0.0420727 -0.999024
    outer loop
      vertex 0.886437 5.69564 5.04386
      vertex 1.31897 5.55717 5.04386
      vertex 0.7965 3.35585 5.14361
    endloop
  endfacet
  facet normal 0.231323 -0.108486 -0.966809
    outer loop
      vertex -10.4417 8.91705 3.85036
      vertex -11.0753 7.56604 3.85036
      vertex -12.2197 8.34784 3.48882
    endloop
  endfacet
  facet normal 0.243523 -0.090115 -0.9657
    outer loop
      vertex -11.0753 7.56604 3.85036
      vertex -11.6022 6.14217 3.85036
      vertex -12.2197 8.34784 3.48882
    endloop
  endfacet
  facet normal -0.0723472 0.0339291 -0.996802
    outer loop
      vertex 4.00721 -2.73751 5.04386
      vertex 5.55596 -3.79553 4.89544
      vertex 3.77797 -3.22632 5.04386
    endloop
  endfacet
  facet normal -0.0475276 0.0222893 -0.998621
    outer loop
      vertex 4.00721 -2.73751 5.04386
      vertex 3.77797 -3.22632 5.04386
      vertex 2.28144 -1.94831 5.14361
    endloop
  endfacet
  facet normal -0.0521673 0.0146047 -0.998532
    outer loop
      vertex 4.34808 -1.68575 5.04386
      vertex 4.19786 -2.22233 5.04386
      vertex 2.535 -1.34202 5.14361
    endloop
  endfacet
  facet normal -0.0500883 0.0185364 -0.998573
    outer loop
      vertex 2.535 -1.34202 5.14361
      vertex 4.19786 -2.22233 5.04386
      vertex 2.41987 -1.65312 5.14361
    endloop
  endfacet
  facet normal 0.054733 0.170929 -0.983762
    outer loop
      vertex -3.23365 -13.6242 4.17471
      vertex -2.44997 -15.7419 3.85036
      vertex -3.64544 -15.3591 3.85036
    endloop
  endfacet
  facet normal 0.0547041 0.170919 -0.983765
    outer loop
      vertex -2.17322 -13.9636 4.17471
      vertex -2.44997 -15.7419 3.85036
      vertex -3.23365 -13.6242 4.17471
    endloop
  endfacet
  facet normal -0.0372182 -0.0321293 -0.998791
    outer loop
      vertex 2.88251 4.48905 5.04386
      vertex 3.2129 4.10633 5.04386
      vertex 1.9402 2.47972 5.14361
    endloop
  endfacet
  facet normal -0.0410616 -0.0291185 -0.998732
    outer loop
      vertex 3.2129 4.10633 5.04386
      vertex 3.51235 3.68406 5.04386
      vertex 1.9402 2.47972 5.14361
    endloop
  endfacet
  facet normal -0.0372192 -0.0321288 -0.998791
    outer loop
      vertex 2.88251 4.48905 5.04386
      vertex 1.9402 2.47972 5.14361
      vertex 1.74069 2.71084 5.14361
    endloop
  endfacet
  facet normal -0.033016 -0.034831 -0.998848
    outer loop
      vertex 2.88251 4.48905 5.04386
      vertex 1.74069 2.71084 5.14361
      vertex 1.52441 2.91585 5.14361
    endloop
  endfacet
  facet normal -0.0360907 -0.0597053 -0.997563
    outer loop
      vertex 2.41084 7.43877 4.89544
      vertex 2.1419 5.12152 5.04386
      vertex 1.73881 5.36518 5.04386
    endloop
  endfacet
  facet normal -0.0284398 -0.0621917 -0.997659
    outer loop
      vertex 2.41084 7.43877 4.89544
      vertex 1.73881 5.36518 5.04386
      vertex 1.31897 5.55717 5.04386
    endloop
  endfacet
  facet normal 0.0284941 -0.0371976 -0.998902
    outer loop
      vertex -1.29345 3.09277 5.14361
      vertex -1.52441 2.91585 5.14361
      vertex -2.1419 5.12152 5.04386
    endloop
  endfacet
  facet normal 0.0141188 -0.0184313 -0.99973
    outer loop
      vertex -1.29345 3.09277 5.14361
      vertex -0.509771 0.975079 5.19372
      vertex -1.52441 2.91585 5.14361
    endloop
  endfacet
  facet normal 0.0433923 -0.0566429 -0.997451
    outer loop
      vertex -2.1419 5.12152 5.04386
      vertex -2.52436 4.82853 5.04386
      vertex -3.5 6.69472 4.89544
    endloop
  endfacet
  facet normal 0.0502722 -0.0530362 -0.997326
    outer loop
      vertex -3.5 6.69472 4.89544
      vertex -2.52436 4.82853 5.04386
      vertex -3.99658 6.22402 4.89544
    endloop
  endfacet
  facet normal 0.01636 -0.0172593 -0.999717
    outer loop
      vertex -1.52441 2.91585 5.14361
      vertex -0.582097 0.906523 5.19372
      vertex -1.74069 2.71084 5.14361
    endloop
  endfacet
  facet normal 0.033016 -0.034831 -0.998848
    outer loop
      vertex -1.52441 2.91585 5.14361
      vertex -1.74069 2.71084 5.14361
      vertex -2.88251 4.48905 5.04386
    endloop
  endfacet
  facet normal 0.0758306 0.165819 -0.983236
    outer loop
      vertex -4.26293 -13.1535 4.17471
      vertex -3.23365 -13.6242 4.17471
      vertex -4.8058 -14.8285 3.85036
    endloop
  endfacet
  facet normal 0.06209 0.135772 -0.988793
    outer loop
      vertex -3.67901 -11.3518 4.45877
      vertex -3.23365 -13.6242 4.17471
      vertex -4.26293 -13.1535 4.17471
    endloop
  endfacet
  facet normal -0.00925249 -0.0202327 -0.999752
    outer loop
      vertex 0.7965 3.35585 5.14361
      vertex 1.05003 3.23991 5.14361
      vertex 0.351136 1.08345 5.19372
    endloop
  endfacet
  facet normal -0.0117422 -0.0194256 -0.999742
    outer loop
      vertex 1.05003 3.23991 5.14361
      vertex 1.29345 3.09277 5.14361
      vertex 0.351136 1.08345 5.19372
    endloop
  endfacet
  facet normal 0 0 -1
    outer loop
      vertex 18.5875 -2.33979 0
      vertex 19.4765 0 0
      vertex 19.3827 -2.41811 0
    endloop
  endfacet
  facet normal 0 0 -1
    outer loop
      vertex 18.3186 -4.65704 0
      vertex 19.3827 -2.41811 0
      vertex 19.1023 -4.81293 0
    endloop
  endfacet
  facet normal 0 0 -1
    outer loop
      vertex 18.5875 2.33979 0
      vertex 19.4765 0 0
      vertex 18.6775 0 0
    endloop
  endfacet
  facet normal 0 0 -1
    outer loop
      vertex 19.4765 0 0
      vertex 18.5875 2.33979 0
      vertex 19.3827 2.41811 0
    endloop
  endfacet
  facet normal 0 0 -1
    outer loop
      vertex 17.8732 -6.92945 0
      vertex 19.1023 -4.81293 0
      vertex 18.6379 -7.16139 0
    endloop
  endfacet
  facet normal -0 0 -1
    outer loop
      vertex 19.4765 0 0
      vertex 18.5875 -2.33979 0
      vertex 18.6775 0 0
    endloop
  endfacet
  facet normal -0 0 -1
    outer loop
      vertex 19.3827 -2.41811 0
      vertex 18.3186 -4.65704 0
      vertex 18.5875 -2.33979 0
    endloop
  endfacet
  facet normal 0 0 -1
    outer loop
      vertex 17.2557 -9.13512 0
      vertex 18.6379 -7.16139 0
      vertex 17.9939 -9.4409 0
    endloop
  endfacet
  facet normal -0 0 -1
    outer loop
      vertex 19.1023 -4.81293 0
      vertex 17.8732 -6.92945 0
      vertex 18.3186 -4.65704 0
    endloop
  endfacet
  facet normal -0 0 -1
    outer loop
      vertex 18.6379 -7.16139 0
      vertex 17.2557 -9.13512 0
      vertex 17.8732 -6.92945 0
    endloop
  endfacet
  facet normal 0 0 -1
    outer loop
      vertex 16.4721 -11.2528 0
      vertex 17.9939 -9.4409 0
      vertex 17.1768 -11.6295 0
    endloop
  endfacet
  facet normal -0 0 -1
    outer loop
      vertex 17.9939 -9.4409 0
      vertex 16.4721 -11.2528 0
      vertex 17.2557 -9.13512 0
    endloop
  endfacet
  facet normal 0 0 -1
    outer loop
      vertex 15.5298 -13.2621 0
      vertex 17.1768 -11.6295 0
      vertex 16.1941 -13.7061 0
    endloop
  endfacet
  facet normal -0 0 -1
    outer loop
      vertex 17.1768 -11.6295 0
      vertex 15.5298 -13.2621 0
      vertex 16.4721 -11.2528 0
    endloop
  endfacet
  facet normal 0 0 -1
    outer loop
      vertex 14.4379 -15.1437 0
      vertex 16.1941 -13.7061 0
      vertex 15.0555 -15.6506 0
    endloop
  endfacet
  facet normal -0 0 -1
    outer loop
      vertex 16.1941 -13.7061 0
      vertex 14.4379 -15.1437 0
      vertex 15.5298 -13.2621 0
    endloop
  endfacet
  facet normal 0 0 -1
    outer loop
      vertex 13.207 -16.8795 0
      vertex 15.0555 -15.6506 0
      vertex 13.772 -17.4445 0
    endloop
  endfacet
  facet normal -0 0 -1
    outer loop
      vertex 15.0555 -15.6506 0
      vertex 13.207 -16.8795 0
      vertex 14.4379 -15.1437 0
    endloop
  endfacet
  facet normal 0 0 -1
    outer loop
      vertex 11.8489 -18.4527 0
      vertex 13.772 -17.4445 0
      vertex 12.3558 -19.0704 0
    endloop
  endfacet
  facet normal -0 0 -1
    outer loop
      vertex 13.772 -17.4445 0
      vertex 11.8489 -18.4527 0
      vertex 13.207 -16.8795 0
    endloop
  endfacet
  facet normal 0 0 -1
    outer loop
      vertex 10.3766 -19.8482 0
      vertex 12.3558 -19.0704 0
      vertex 10.8206 -20.5126 0
    endloop
  endfacet
  facet normal -0 0 -1
    outer loop
      vertex 12.3558 -19.0704 0
      vertex 10.3766 -19.8482 0
      vertex 11.8489 -18.4527 0
    endloop
  endfacet
  facet normal 0 0 -1
    outer loop
      vertex 8.8045 -21.0525 0
      vertex 10.8206 -20.5126 0
      vertex 9.18116 -21.7572 0
    endloop
  endfacet
  facet normal -0 0 -1
    outer loop
      vertex 10.8206 -20.5126 0
      vertex 8.8045 -21.0525 0
      vertex 10.3766 -19.8482 0
    endloop
  endfacet
  facet normal 0 0 -1
    outer loop
      vertex 7.14756 -22.0541 0
      vertex 9.18116 -21.7572 0
      vertex 7.45334 -22.7923 0
    endloop
  endfacet
  facet normal -0 0 -1
    outer loop
      vertex 9.18116 -21.7572 0
      vertex 7.14756 -22.0541 0
      vertex 8.8045 -21.0525 0
    endloop
  endfacet
  facet normal 0 0 -1
    outer loop
      vertex 5.42178 -22.8433 0
      vertex 7.45334 -22.7923 0
      vertex 5.65373 -23.608 0
    endloop
  endfacet
  facet normal -0 0 -1
    outer loop
      vertex 7.45334 -22.7923 0
      vertex 5.42178 -22.8433 0
      vertex 7.14756 -22.0541 0
    endloop
  endfacet
  facet normal 0 0 -1
    outer loop
      vertex 3.64379 -23.4125 0
      vertex 5.65373 -23.608 0
      vertex 3.79968 -24.1962 0
    endloop
  endfacet
  facet normal 0 0 -1
    outer loop
      vertex 5.65373 -23.608 0
      vertex 3.64379 -23.4125 0
      vertex 5.42178 -22.8433 0
    endloop
  endfacet
  facet normal 0 0 -1
    outer loop
      vertex 1.83071 -23.7563 0
      vertex 3.79968 -24.1962 0
      vertex 1.90903 -24.5515 0
    endloop
  endfacet
  facet normal 0 0 -1
    outer loop
      vertex 3.79968 -24.1962 0
      vertex 1.83071 -23.7563 0
      vertex 3.64379 -23.4125 0
    endloop
  endfacet
  facet normal 0 0 -1
    outer loop
      vertex 0 -23.8712 0
      vertex 1.90903 -24.5515 0
      vertex 0 -24.6702 0
    endloop
  endfacet
  facet normal 0 0 -1
    outer loop
      vertex 1.90903 -24.5515 0
      vertex 0 -23.8712 0
      vertex 1.83071 -23.7563 0
    endloop
  endfacet
  facet normal 0 0 -1
    outer loop
      vertex -1.90903 -24.5515 0
      vertex 0 -23.8712 0
      vertex 0 -24.6702 0
    endloop
  endfacet
  facet normal -0 0 -1
    outer loop
      vertex 0 -23.8712 0
      vertex -1.90903 -24.5515 0
      vertex -1.83071 -23.7563 0
    endloop
  endfacet
  facet normal 0 0 -1
    outer loop
      vertex -3.79968 -24.1962 0
      vertex -1.83071 -23.7563 0
      vertex -1.90903 -24.5515 0
    endloop
  endfacet
  facet normal -0 0 -1
    outer loop
      vertex -1.83071 -23.7563 0
      vertex -3.79968 -24.1962 0
      vertex -3.64379 -23.4125 0
    endloop
  endfacet
  facet normal 0 0 -1
    outer loop
      vertex -5.65373 -23.608 0
      vertex -3.64379 -23.4125 0
      vertex -3.79968 -24.1962 0
    endloop
  endfacet
  facet normal -0 0 -1
    outer loop
      vertex -3.64379 -23.4125 0
      vertex -5.65373 -23.608 0
      vertex -5.42178 -22.8433 0
    endloop
  endfacet
  facet normal 0 0 -1
    outer loop
      vertex -7.45334 -22.7923 0
      vertex -5.42178 -22.8433 0
      vertex -5.65373 -23.608 0
    endloop
  endfacet
  facet normal 0 0 -1
    outer loop
      vertex -5.42178 -22.8433 0
      vertex -7.45334 -22.7923 0
      vertex -7.14756 -22.0541 0
    endloop
  endfacet
  facet normal 0 0 -1
    outer loop
      vertex -9.18116 -21.7572 0
      vertex -7.14756 -22.0541 0
      vertex -7.45334 -22.7923 0
    endloop
  endfacet
  facet normal 0 0 -1
    outer loop
      vertex -7.14756 -22.0541 0
      vertex -9.18116 -21.7572 0
      vertex -8.8045 -21.0525 0
    endloop
  endfacet
  facet normal 0 0 -1
    outer loop
      vertex -10.8206 -20.5126 0
      vertex -8.8045 -21.0525 0
      vertex -9.18116 -21.7572 0
    endloop
  endfacet
  facet normal 0 0 -1
    outer loop
      vertex -8.8045 -21.0525 0
      vertex -10.8206 -20.5126 0
      vertex -10.3766 -19.8482 0
    endloop
  endfacet
  facet normal 0 0 -1
    outer loop
      vertex -12.3558 -19.0704 0
      vertex -10.3766 -19.8482 0
      vertex -10.8206 -20.5126 0
    endloop
  endfacet
  facet normal 0 0 -1
    outer loop
      vertex -10.3766 -19.8482 0
      vertex -12.3558 -19.0704 0
      vertex -11.8489 -18.4527 0
    endloop
  endfacet
  facet normal 0 0 -1
    outer loop
      vertex -13.772 -17.4445 0
      vertex -11.8489 -18.4527 0
      vertex -12.3558 -19.0704 0
    endloop
  endfacet
  facet normal 0 0 -1
    outer loop
      vertex -11.8489 -18.4527 0
      vertex -13.772 -17.4445 0
      vertex -13.207 -16.8795 0
    endloop
  endfacet
  facet normal 0 0 -1
    outer loop
      vertex -15.0555 -15.6506 0
      vertex -13.207 -16.8795 0
      vertex -13.772 -17.4445 0
    endloop
  endfacet
  facet normal 0 0 -1
    outer loop
      vertex -13.207 -16.8795 0
      vertex -15.0555 -15.6506 0
      vertex -14.4379 -15.1437 0
    endloop
  endfacet
  facet normal 0 0 -1
    outer loop
      vertex -16.1941 -13.7061 0
      vertex -14.4379 -15.1437 0
      vertex -15.0555 -15.6506 0
    endloop
  endfacet
  facet normal 0 0 -1
    outer loop
      vertex -14.4379 -15.1437 0
      vertex -16.1941 -13.7061 0
      vertex -15.5298 -13.2621 0
    endloop
  endfacet
  facet normal 0 0 -1
    outer loop
      vertex -17.1768 -11.6295 0
      vertex -15.5298 -13.2621 0
      vertex -16.1941 -13.7061 0
    endloop
  endfacet
  facet normal 0 0 -1
    outer loop
      vertex -15.5298 -13.2621 0
      vertex -17.1768 -11.6295 0
      vertex -16.4721 -11.2528 0
    endloop
  endfacet
  facet normal 0 0 -1
    outer loop
      vertex -17.9939 -9.4409 0
      vertex -16.4721 -11.2528 0
      vertex -17.1768 -11.6295 0
    endloop
  endfacet
  facet normal 0 0 -1
    outer loop
      vertex -16.4721 -11.2528 0
      vertex -17.9939 -9.4409 0
      vertex -17.2557 -9.13512 0
    endloop
  endfacet
  facet normal 0 0 -1
    outer loop
      vertex -18.6379 -7.16139 0
      vertex -17.2557 -9.13512 0
      vertex -17.9939 -9.4409 0
    endloop
  endfacet
  facet normal 0 0 -1
    outer loop
      vertex -17.2557 -9.13512 0
      vertex -18.6379 -7.16139 0
      vertex -17.8732 -6.92945 0
    endloop
  endfacet
  facet normal 0 0 -1
    outer loop
      vertex -19.1023 -4.81293 0
      vertex -17.8732 -6.92945 0
      vertex -18.6379 -7.16139 0
    endloop
  endfacet
  facet normal 0 0 -1
    outer loop
      vertex -17.8732 -6.92945 0
      vertex -19.1023 -4.81293 0
      vertex -18.3186 -4.65704 0
    endloop
  endfacet
  facet normal 0 0 -1
    outer loop
      vertex -19.3827 -2.41811 0
      vertex -18.3186 -4.65704 0
      vertex -19.1023 -4.81293 0
    endloop
  endfacet
  facet normal 0 0 -1
    outer loop
      vertex -18.3186 -4.65704 0
      vertex -19.3827 -2.41811 0
      vertex -18.5875 -2.33979 0
    endloop
  endfacet
  facet normal 0 0 -1
    outer loop
      vertex 18.3186 4.65704 0
      vertex 19.3827 2.41811 0
      vertex 18.5875 2.33979 0
    endloop
  endfacet
  facet normal 0 0 -1
    outer loop
      vertex 19.3827 2.41811 0
      vertex 18.3186 4.65704 0
      vertex 19.1023 4.81293 0
    endloop
  endfacet
  facet normal 0 0 -1
    outer loop
      vertex 17.8732 6.92945 0
      vertex 19.1023 4.81293 0
      vertex 18.3186 4.65704 0
    endloop
  endfacet
  facet normal 0 0 -1
    outer loop
      vertex 19.1023 4.81293 0
      vertex 17.8732 6.92945 0
      vertex 18.6379 7.16139 0
    endloop
  endfacet
  facet normal 0 0 -1
    outer loop
      vertex 17.2557 9.13512 0
      vertex 18.6379 7.16139 0
      vertex 17.8732 6.92945 0
    endloop
  endfacet
  facet normal 0 0 -1
    outer loop
      vertex 18.6379 7.16139 0
      vertex 17.2557 9.13512 0
      vertex 17.9939 9.4409 0
    endloop
  endfacet
  facet normal 0 0 -1
    outer loop
      vertex 16.4721 11.2528 0
      vertex 17.9939 9.4409 0
      vertex 17.2557 9.13512 0
    endloop
  endfacet
  facet normal 0 0 -1
    outer loop
      vertex 17.9939 9.4409 0
      vertex 16.4721 11.2528 0
      vertex 17.1768 11.6295 0
    endloop
  endfacet
  facet normal 0 0 -1
    outer loop
      vertex 15.5298 13.2621 0
      vertex 17.1768 11.6295 0
      vertex 16.4721 11.2528 0
    endloop
  endfacet
  facet normal 0 0 -1
    outer loop
      vertex 17.1768 11.6295 0
      vertex 15.5298 13.2621 0
      vertex 16.1941 13.7061 0
    endloop
  endfacet
  facet normal 0 0 -1
    outer loop
      vertex 14.4379 15.1437 0
      vertex 16.1941 13.7061 0
      vertex 15.5298 13.2621 0
    endloop
  endfacet
  facet normal 0 0 -1
    outer loop
      vertex 16.1941 13.7061 0
      vertex 14.4379 15.1437 0
      vertex 15.0555 15.6506 0
    endloop
  endfacet
  facet normal 0 0 -1
    outer loop
      vertex 13.207 16.8795 0
      vertex 15.0555 15.6506 0
      vertex 14.4379 15.1437 0
    endloop
  endfacet
  facet normal 0 0 -1
    outer loop
      vertex 15.0555 15.6506 0
      vertex 13.207 16.8795 0
      vertex 13.772 17.4445 0
    endloop
  endfacet
  facet normal 0 0 -1
    outer loop
      vertex 11.8489 18.4527 0
      vertex 13.772 17.4445 0
      vertex 13.207 16.8795 0
    endloop
  endfacet
  facet normal 0 0 -1
    outer loop
      vertex 13.772 17.4445 0
      vertex 11.8489 18.4527 0
      vertex 12.3558 19.0704 0
    endloop
  endfacet
  facet normal 0 0 -1
    outer loop
      vertex 10.3766 19.8482 0
      vertex 12.3558 19.0704 0
      vertex 11.8489 18.4527 0
    endloop
  endfacet
  facet normal 0 0 -1
    outer loop
      vertex 12.3558 19.0704 0
      vertex 10.3766 19.8482 0
      vertex 10.8206 20.5126 0
    endloop
  endfacet
  facet normal 0 0 -1
    outer loop
      vertex 8.8045 21.0525 0
      vertex 10.8206 20.5126 0
      vertex 10.3766 19.8482 0
    endloop
  endfacet
  facet normal 0 0 -1
    outer loop
      vertex 10.8206 20.5126 0
      vertex 8.8045 21.0525 0
      vertex 9.18116 21.7572 0
    endloop
  endfacet
  facet normal 0 0 -1
    outer loop
      vertex 7.14756 22.0541 0
      vertex 9.18116 21.7572 0
      vertex 8.8045 21.0525 0
    endloop
  endfacet
  facet normal 0 0 -1
    outer loop
      vertex 9.18116 21.7572 0
      vertex 7.14756 22.0541 0
      vertex 7.45334 22.7923 0
    endloop
  endfacet
  facet normal 0 0 -1
    outer loop
      vertex 5.42178 22.8433 0
      vertex 7.45334 22.7923 0
      vertex 7.14756 22.0541 0
    endloop
  endfacet
  facet normal 0 0 -1
    outer loop
      vertex 7.45334 22.7923 0
      vertex 5.42178 22.8433 0
      vertex 5.65373 23.608 0
    endloop
  endfacet
  facet normal 0 0 -1
    outer loop
      vertex 3.64379 23.4125 0
      vertex 5.65373 23.608 0
      vertex 5.42178 22.8433 0
    endloop
  endfacet
  facet normal -0 0 -1
    outer loop
      vertex 5.65373 23.608 0
      vertex 3.64379 23.4125 0
      vertex 3.79968 24.1962 0
    endloop
  endfacet
  facet normal 0 0 -1
    outer loop
      vertex 1.83071 23.7563 0
      vertex 3.79968 24.1962 0
      vertex 3.64379 23.4125 0
    endloop
  endfacet
  facet normal -0 0 -1
    outer loop
      vertex 3.79968 24.1962 0
      vertex 1.83071 23.7563 0
      vertex 1.90903 24.5515 0
    endloop
  endfacet
  facet normal 0 0 -1
    outer loop
      vertex 0 23.8712 0
      vertex 1.90903 24.5515 0
      vertex 1.83071 23.7563 0
    endloop
  endfacet
  facet normal 0 0 -1
    outer loop
      vertex 0 23.8712 0
      vertex 0 24.6702 0
      vertex 1.90903 24.5515 0
    endloop
  endfacet
  facet normal 0 0 -1
    outer loop
      vertex -1.90903 24.5515 0
      vertex 0 23.8712 0
      vertex -1.83071 23.7563 0
    endloop
  endfacet
  facet normal 0 0 -1
    outer loop
      vertex 0 23.8712 0
      vertex -1.90903 24.5515 0
      vertex 0 24.6702 0
    endloop
  endfacet
  facet normal 0 0 -1
    outer loop
      vertex -3.79968 24.1962 0
      vertex -1.83071 23.7563 0
      vertex -3.64379 23.4125 0
    endloop
  endfacet
  facet normal 0 0 -1
    outer loop
      vertex -1.83071 23.7563 0
      vertex -3.79968 24.1962 0
      vertex -1.90903 24.5515 0
    endloop
  endfacet
  facet normal 0 0 -1
    outer loop
      vertex -5.65373 23.608 0
      vertex -3.64379 23.4125 0
      vertex -5.42178 22.8433 0
    endloop
  endfacet
  facet normal 0 0 -1
    outer loop
      vertex -3.64379 23.4125 0
      vertex -5.65373 23.608 0
      vertex -3.79968 24.1962 0
    endloop
  endfacet
  facet normal 0 0 -1
    outer loop
      vertex -7.45334 22.7923 0
      vertex -5.42178 22.8433 0
      vertex -7.14756 22.0541 0
    endloop
  endfacet
  facet normal -0 0 -1
    outer loop
      vertex -5.42178 22.8433 0
      vertex -7.45334 22.7923 0
      vertex -5.65373 23.608 0
    endloop
  endfacet
  facet normal 0 0 -1
    outer loop
      vertex -9.18116 21.7572 0
      vertex -7.14756 22.0541 0
      vertex -8.8045 21.0525 0
    endloop
  endfacet
  facet normal -0 0 -1
    outer loop
      vertex -7.14756 22.0541 0
      vertex -9.18116 21.7572 0
      vertex -7.45334 22.7923 0
    endloop
  endfacet
  facet normal 0 0 -1
    outer loop
      vertex -10.8206 20.5126 0
      vertex -8.8045 21.0525 0
      vertex -10.3766 19.8482 0
    endloop
  endfacet
  facet normal -0 0 -1
    outer loop
      vertex -8.8045 21.0525 0
      vertex -10.8206 20.5126 0
      vertex -9.18116 21.7572 0
    endloop
  endfacet
  facet normal 0 0 -1
    outer loop
      vertex -12.3558 19.0704 0
      vertex -10.3766 19.8482 0
      vertex -11.8489 18.4527 0
    endloop
  endfacet
  facet normal -0 0 -1
    outer loop
      vertex -10.3766 19.8482 0
      vertex -12.3558 19.0704 0
      vertex -10.8206 20.5126 0
    endloop
  endfacet
  facet normal 0 0 -1
    outer loop
      vertex -13.772 17.4445 0
      vertex -11.8489 18.4527 0
      vertex -13.207 16.8795 0
    endloop
  endfacet
  facet normal -0 0 -1
    outer loop
      vertex -11.8489 18.4527 0
      vertex -13.772 17.4445 0
      vertex -12.3558 19.0704 0
    endloop
  endfacet
  facet normal 0 0 -1
    outer loop
      vertex -15.0555 15.6506 0
      vertex -13.207 16.8795 0
      vertex -14.4379 15.1437 0
    endloop
  endfacet
  facet normal -0 0 -1
    outer loop
      vertex -13.207 16.8795 0
      vertex -15.0555 15.6506 0
      vertex -13.772 17.4445 0
    endloop
  endfacet
  facet normal 0 0 -1
    outer loop
      vertex -16.1941 13.7061 0
      vertex -14.4379 15.1437 0
      vertex -15.5298 13.2621 0
    endloop
  endfacet
  facet normal -0 0 -1
    outer loop
      vertex -14.4379 15.1437 0
      vertex -16.1941 13.7061 0
      vertex -15.0555 15.6506 0
    endloop
  endfacet
  facet normal 0 0 -1
    outer loop
      vertex -17.1768 11.6295 0
      vertex -15.5298 13.2621 0
      vertex -16.4721 11.2528 0
    endloop
  endfacet
  facet normal -0 0 -1
    outer loop
      vertex -15.5298 13.2621 0
      vertex -17.1768 11.6295 0
      vertex -16.1941 13.7061 0
    endloop
  endfacet
  facet normal 0 0 -1
    outer loop
      vertex -17.9939 9.4409 0
      vertex -16.4721 11.2528 0
      vertex -17.2557 9.13512 0
    endloop
  endfacet
  facet normal 0 0 -1
    outer loop
      vertex -18.6379 7.16139 0
      vertex -17.2557 9.13512 0
      vertex -17.8732 6.92945 0
    endloop
  endfacet
  facet normal -0 0 -1
    outer loop
      vertex -16.4721 11.2528 0
      vertex -17.9939 9.4409 0
      vertex -17.1768 11.6295 0
    endloop
  endfacet
  facet normal 0 0 -1
    outer loop
      vertex -19.1023 4.81293 0
      vertex -17.8732 6.92945 0
      vertex -18.3186 4.65704 0
    endloop
  endfacet
  facet normal 0 0 -1
    outer loop
      vertex -19.3827 2.41811 0
      vertex -18.3186 4.65704 0
      vertex -18.5875 2.33979 0
    endloop
  endfacet
  facet normal -0 0 -1
    outer loop
      vertex -17.2557 9.13512 0
      vertex -18.6379 7.16139 0
      vertex -17.9939 9.4409 0
    endloop
  endfacet
  facet normal 0 0 -1
    outer loop
      vertex -19.4765 0 0
      vertex -18.5875 2.33979 0
      vertex -18.6775 0 0
    endloop
  endfacet
  facet normal 0 0 -1
    outer loop
      vertex -19.4765 0 0
      vertex -18.5875 -2.33979 0
      vertex -19.3827 -2.41811 0
    endloop
  endfacet
  facet normal -0 0 -1
    outer loop
      vertex -17.8732 6.92945 0
      vertex -19.1023 4.81293 0
      vertex -18.6379 7.16139 0
    endloop
  endfacet
  facet normal 0 0 -1
    outer loop
      vertex -18.5875 -2.33979 0
      vertex -19.4765 0 0
      vertex -18.6775 0 0
    endloop
  endfacet
  facet normal -0 0 -1
    outer loop
      vertex -18.3186 4.65704 0
      vertex -19.3827 2.41811 0
      vertex -19.1023 4.81293 0
    endloop
  endfacet
  facet normal -0 0 -1
    outer loop
      vertex -18.5875 2.33979 0
      vertex -19.4765 0 0
      vertex -19.3827 2.41811 0
    endloop
  endfacet
endsolid OpenSCAD_Model
