solid OpenSCAD_Model
  facet normal 0.794143 -2.34523e-05 0.607731
    outer loop
      vertex 46.7902 0 -0.931327
      vertex 46.7278 -5.5 -0.849999
      vertex 46.8098 0 -0.956939
    endloop
  endfacet
  facet normal 0.793378 -0 0.60873
    outer loop
      vertex 46.7278 -5.5 -0.849999
      vertex 46.7902 0 -0.931327
      vertex 46.7278 0.0634437 -0.849999
    endloop
  endfacet
  facet normal 0.79342 5.67558e-06 0.608675
    outer loop
      vertex 46.9979 -5.5 -1.20208
      vertex 46.8098 0 -0.956939
      vertex 46.7278 -5.5 -0.849999
    endloop
  endfacet
  facet normal 0.793359 0 0.608755
    outer loop
      vertex 46.8098 0 -0.956939
      vertex 46.9979 -5.5 -1.20208
      vertex 46.9979 0.191231 -1.20208
    endloop
  endfacet
  facet normal 0.923824 -0 0.382817
    outer loop
      vertex 46.5579 -5.5 -0.439992
      vertex 46.7278 0.0634437 -0.849999
      vertex 46.5579 0.236103 -0.439992
    endloop
  endfacet
  facet normal 0.923824 0 0.382817
    outer loop
      vertex 46.7278 0.0634437 -0.849999
      vertex 46.5579 -5.5 -0.439992
      vertex 46.7278 -5.5 -0.849999
    endloop
  endfacet
  facet normal 0 0 -1
    outer loop
      vertex 56.2 -20 1.7
      vertex 55 -17 1.7
      vertex 56.2 -17 1.7
    endloop
  endfacet
  facet normal 0 0 -1
    outer loop
      vertex 56.2 -20 1.7
      vertex 54.4147 -17.0576 1.7
      vertex 55 -17 1.7
    endloop
  endfacet
  facet normal 0 0 -1
    outer loop
      vertex 56.2 -20 1.7
      vertex 53.8519 -17.2283 1.7
      vertex 54.4147 -17.0576 1.7
    endloop
  endfacet
  facet normal 0 0 -1
    outer loop
      vertex 56.2 -20 1.7
      vertex 53.3333 -17.5056 1.7
      vertex 53.8519 -17.2283 1.7
    endloop
  endfacet
  facet normal 0 0 -1
    outer loop
      vertex 56.2 -20 1.7
      vertex 52.8787 -17.8787 1.7
      vertex 53.3333 -17.5056 1.7
    endloop
  endfacet
  facet normal 0 0 -1
    outer loop
      vertex 56.2 -20 1.7
      vertex 52.5056 -18.3333 1.7
      vertex 52.8787 -17.8787 1.7
    endloop
  endfacet
  facet normal 0 0 -1
    outer loop
      vertex 56.2 -20 1.7
      vertex 52.2283 -18.8519 1.7
      vertex 52.5056 -18.3333 1.7
    endloop
  endfacet
  facet normal 0 0 -1
    outer loop
      vertex 56.2 -20 1.7
      vertex 52.0576 -19.4147 1.7
      vertex 52.2283 -18.8519 1.7
    endloop
  endfacet
  facet normal 0 -0 -1
    outer loop
      vertex 52.0576 -19.4147 1.7
      vertex 56.2 -20 1.7
      vertex 52 -20 1.7
    endloop
  endfacet
  facet normal 0 0 -1
    outer loop
      vertex 55.2098 0 1.7
      vertex 56.2 0.193329 1.7
      vertex 56.2 -5.5 1.7
    endloop
  endfacet
  facet normal -0 0 -1
    outer loop
      vertex 56.2 0.193329 1.7
      vertex 55.2098 0 1.7
      vertex 55.8 0.599991 1.7
    endloop
  endfacet
  facet normal 0 0 -1
    outer loop
      vertex 56.2 -5.5 1.7
      vertex 55.1902 0 1.7
      vertex 55.2098 0 1.7
    endloop
  endfacet
  facet normal 0 0 -1
    outer loop
      vertex 54.0098 0 1.7
      vertex 55.1902 0 1.7
      vertex 56.2 -5.5 1.7
    endloop
  endfacet
  facet normal 0 0 -1
    outer loop
      vertex 55.1902 0 1.7
      vertex 54.0098 0 1.7
      vertex 54.6 0.599991 1.7
    endloop
  endfacet
  facet normal 0 0 -1
    outer loop
      vertex 56.2 -5.5 1.7
      vertex 53.9902 0 1.7
      vertex 54.0098 0 1.7
    endloop
  endfacet
  facet normal 0 0 -1
    outer loop
      vertex 52.8098 0 1.7
      vertex 53.9902 0 1.7
      vertex 56.2 -5.5 1.7
    endloop
  endfacet
  facet normal 0 0 -1
    outer loop
      vertex 53.9902 0 1.7
      vertex 52.8098 0 1.7
      vertex 53.4 0.599991 1.7
    endloop
  endfacet
  facet normal 0 0 -1
    outer loop
      vertex 56.2 -5.5 1.7
      vertex 52.7902 0 1.7
      vertex 52.8098 0 1.7
    endloop
  endfacet
  facet normal 0 0 -1
    outer loop
      vertex 51.6098 0 1.7
      vertex 52.7902 0 1.7
      vertex 56.2 -5.5 1.7
    endloop
  endfacet
  facet normal 0 0 -1
    outer loop
      vertex 52.7902 0 1.7
      vertex 51.6098 0 1.7
      vertex 52.2 0.599991 1.7
    endloop
  endfacet
  facet normal 0 0 -1
    outer loop
      vertex 48.2 -5.5 1.7
      vertex 51.6098 0 1.7
      vertex 56.2 -5.5 1.7
    endloop
  endfacet
  facet normal -0 0 -1
    outer loop
      vertex 51.6098 0 1.7
      vertex 48.2 -5.5 1.7
      vertex 51.5902 0 1.7
    endloop
  endfacet
  facet normal 0 0 -1
    outer loop
      vertex 51.5902 0 1.7
      vertex 50.4098 0 1.7
      vertex 51 0.599991 1.7
    endloop
  endfacet
  facet normal -0 0 -1
    outer loop
      vertex 51.5902 0 1.7
      vertex 48.2 -5.5 1.7
      vertex 50.4098 0 1.7
    endloop
  endfacet
  facet normal 0 0 -1
    outer loop
      vertex 50.3902 0 1.7
      vertex 49.2098 0 1.7
      vertex 49.8 0.599991 1.7
    endloop
  endfacet
  facet normal -0 0 -1
    outer loop
      vertex 50.4098 0 1.7
      vertex 48.2 -5.5 1.7
      vertex 50.3902 0 1.7
    endloop
  endfacet
  facet normal -0 0 -1
    outer loop
      vertex 50.3902 0 1.7
      vertex 48.2 -5.5 1.7
      vertex 49.2098 0 1.7
    endloop
  endfacet
  facet normal -0 0 -1
    outer loop
      vertex 49.2098 0 1.7
      vertex 48.2 -5.5 1.7
      vertex 49.1902 0 1.7
    endloop
  endfacet
  facet normal 0 0 -1
    outer loop
      vertex 48.2 0.19334 1.7
      vertex 49.1902 0 1.7
      vertex 48.2 -5.5 1.7
    endloop
  endfacet
  facet normal 0 0 -1
    outer loop
      vertex 49.1902 0 1.7
      vertex 48.2 0.19334 1.7
      vertex 48.6 0.599991 1.7
    endloop
  endfacet
  facet normal -0.608741 0 -0.793369
    outer loop
      vertex 57.05 -20 1.47224
      vertex 57.3141 -17 1.2696
      vertex 57.3141 -20 1.2696
    endloop
  endfacet
  facet normal -0.608741 0 -0.793369
    outer loop
      vertex 57.3141 -17 1.2696
      vertex 57.05 -20 1.47224
      vertex 57.05 -17 1.47224
    endloop
  endfacet
  facet normal -0.608739 0 -0.793371
    outer loop
      vertex 57.05 -5.5 1.47224
      vertex 57.4021 0.191214 1.20208
      vertex 57.4021 -5.5 1.20208
    endloop
  endfacet
  facet normal -0.608739 0 -0.793371
    outer loop
      vertex 57.4021 0.191214 1.20208
      vertex 57.05 -5.5 1.47224
      vertex 57.05 0.549159 1.47224
    endloop
  endfacet
  facet normal -0.608741 0 0.793369
    outer loop
      vertex 57.05 -17 -1.47224
      vertex 57.3141 -20 -1.2696
      vertex 57.3141 -17 -1.2696
    endloop
  endfacet
  facet normal -0.608741 0 0.793369
    outer loop
      vertex 57.3141 -20 -1.2696
      vertex 57.05 -17 -1.47224
      vertex 57.05 -20 -1.47224
    endloop
  endfacet
  facet normal -0.608739 0 0.793371
    outer loop
      vertex 57.05 -5.5 -1.47224
      vertex 57.4021 0.191214 -1.20208
      vertex 57.05 0.549159 -1.47224
    endloop
  endfacet
  facet normal -0.608739 0 0.793371
    outer loop
      vertex 57.4021 0.191214 -1.20208
      vertex 57.05 -5.5 -1.47224
      vertex 57.4021 -5.5 -1.20208
    endloop
  endfacet
  facet normal 0.382681 -1.00978e-05 0.92388
    outer loop
      vertex 47.35 0.549165 -1.47224
      vertex 47.76 0.233993 -1.64207
      vertex 47.4 0.599991 -1.49295
    endloop
  endfacet
  facet normal 0.382688 -0 0.923878
    outer loop
      vertex 47.35 -5.5 -1.47224
      vertex 47.76 0.233993 -1.64207
      vertex 47.35 0.549165 -1.47224
    endloop
  endfacet
  facet normal 0.382688 0 0.923878
    outer loop
      vertex 47.76 0.233993 -1.64207
      vertex 47.35 -5.5 -1.47224
      vertex 47.76 -5.5 -1.64207
    endloop
  endfacet
  facet normal 0 1 0
    outer loop
      vertex 56.7944 -20 0.805576
      vertex 56.2 -20 1.7
      vertex 56.64 -20 1.64207
    endloop
  endfacet
  facet normal 0 1 -0
    outer loop
      vertex 56.9747 -20 1.0253
      vertex 56.64 -20 1.64207
      vertex 57.05 -20 1.47224
    endloop
  endfacet
  facet normal 0 1 -0
    outer loop
      vertex 57.1944 -20 1.20563
      vertex 57.05 -20 1.47224
      vertex 57.3141 -20 1.2696
    endloop
  endfacet
  facet normal 0 1 0
    outer loop
      vertex 56.9747 -20 1.0253
      vertex 57.05 -20 1.47224
      vertex 57.1944 -20 1.20563
    endloop
  endfacet
  facet normal 0 1 0
    outer loop
      vertex 56.64 -20 1.64207
      vertex 56.9747 -20 1.0253
      vertex 56.7944 -20 0.805576
    endloop
  endfacet
  facet normal 0 1 0
    outer loop
      vertex 56.2 -20 1.7
      vertex 56.7944 -20 0.805576
      vertex 56.6604 -20 0.554891
    endloop
  endfacet
  facet normal 0 1 0
    outer loop
      vertex 56.2 -20 1.7
      vertex 56.6604 -20 0.554891
      vertex 56.5779 -20 0.282881
    endloop
  endfacet
  facet normal 0 1 0
    outer loop
      vertex 56.2 -20 1.7
      vertex 56.5779 -20 0.282881
      vertex 52 -20 1.7
    endloop
  endfacet
  facet normal 0 1 -0
    outer loop
      vertex 56.55 -20 0
      vertex 52 -20 1.7
      vertex 56.5779 -20 0.282881
    endloop
  endfacet
  facet normal 0 1 0
    outer loop
      vertex 52 -20 -1.7
      vertex 56.55 -20 0
      vertex 56.5779 -20 -0.282881
    endloop
  endfacet
  facet normal 0 1 0
    outer loop
      vertex 56.2 -20 -1.7
      vertex 56.5779 -20 -0.282881
      vertex 56.6604 -20 -0.554891
    endloop
  endfacet
  facet normal 0 1 0
    outer loop
      vertex 56.2 -20 -1.7
      vertex 56.6604 -20 -0.554891
      vertex 56.7944 -20 -0.805576
    endloop
  endfacet
  facet normal 0 1 0
    outer loop
      vertex 56.64 -20 -1.64207
      vertex 56.7944 -20 -0.805576
      vertex 56.9747 -20 -1.0253
    endloop
  endfacet
  facet normal 0 1 -0
    outer loop
      vertex 57.05 -20 -1.47224
      vertex 56.9747 -20 -1.0253
      vertex 57.1944 -20 -1.20563
    endloop
  endfacet
  facet normal 0 1 0
    outer loop
      vertex 57.05 -20 -1.47224
      vertex 57.1944 -20 -1.20563
      vertex 57.3141 -20 -1.2696
    endloop
  endfacet
  facet normal 0 1 0
    outer loop
      vertex 56.9747 -20 -1.0253
      vertex 57.05 -20 -1.47224
      vertex 56.64 -20 -1.64207
    endloop
  endfacet
  facet normal 0 1 0
    outer loop
      vertex 56.7944 -20 -0.805576
      vertex 56.64 -20 -1.64207
      vertex 56.2 -20 -1.7
    endloop
  endfacet
  facet normal 0 1 0
    outer loop
      vertex 56.5779 -20 -0.282881
      vertex 56.2 -20 -1.7
      vertex 52 -20 -1.7
    endloop
  endfacet
  facet normal 0 1 0
    outer loop
      vertex 56.55 -20 0
      vertex 52 -20 -1.7
      vertex 52 -20 1.7
    endloop
  endfacet
  facet normal 0 1 0
    outer loop
      vertex 67.2 -20 -1.7
      vertex 67.2 -20 1.7
      vertex 67.64 -20 1.64207
    endloop
  endfacet
  facet normal 0 1 0
    outer loop
      vertex 67.2 -20 1.7
      vertex 59.3396 -20 0.554891
      vertex 59.2 -20 1.7
    endloop
  endfacet
  facet normal 0 1 0
    outer loop
      vertex 67.2 -20 -1.7
      vertex 67.64 -20 1.64207
      vertex 68.05 -20 1.47224
    endloop
  endfacet
  facet normal -0 1 0
    outer loop
      vertex 59.0253 -20 1.0253
      vertex 59.2 -20 1.7
      vertex 59.2056 -20 0.805576
    endloop
  endfacet
  facet normal -0 1 0
    outer loop
      vertex 58.5549 -20 1.33962
      vertex 58.76 -20 1.64207
      vertex 58.8056 -20 1.20563
    endloop
  endfacet
  facet normal 0 1 0
    outer loop
      vertex 58.35 -20 1.47224
      vertex 58.5549 -20 1.33962
      vertex 58.2842 -20 1.42174
    endloop
  endfacet
  facet normal 0 1 0
    outer loop
      vertex 58.76 -20 1.64207
      vertex 58.5549 -20 1.33962
      vertex 58.35 -20 1.47224
    endloop
  endfacet
  facet normal 0 1 0
    outer loop
      vertex 67.2 -20 -1.7
      vertex 68.05 -20 1.47224
      vertex 68.4021 -20 1.20208
    endloop
  endfacet
  facet normal 0 1 0
    outer loop
      vertex 59.2 -20 1.7
      vertex 58.8056 -20 1.20563
      vertex 58.76 -20 1.64207
    endloop
  endfacet
  facet normal 0 1 0
    outer loop
      vertex 67.2 -20 -1.7
      vertex 68.4021 -20 1.20208
      vertex 68.6722 -20 0.849999
    endloop
  endfacet
  facet normal -0 1 0
    outer loop
      vertex 58.8056 -20 1.20563
      vertex 59.2 -20 1.7
      vertex 59.0253 -20 1.0253
    endloop
  endfacet
  facet normal 0 1 0
    outer loop
      vertex 59.2 -20 1.7
      vertex 59.3396 -20 0.554891
      vertex 59.2056 -20 0.805576
    endloop
  endfacet
  facet normal 0 1 0
    outer loop
      vertex 67.2 -20 -1.7
      vertex 68.6722 -20 0.849999
      vertex 68.8421 -20 0.439992
    endloop
  endfacet
  facet normal 0 1 0
    outer loop
      vertex 67.2 -20 1.7
      vertex 67.2 -20 -1.7
      vertex 59.45 -20 0
    endloop
  endfacet
  facet normal 0 1 0
    outer loop
      vertex 67.2 -20 -1.7
      vertex 68.8421 -20 0.439992
      vertex 68.9 -20 0
    endloop
  endfacet
  facet normal 0 1 0
    outer loop
      vertex 67.2 -20 1.7
      vertex 59.4221 -20 0.282881
      vertex 59.3396 -20 0.554891
    endloop
  endfacet
  facet normal 0 1 0
    outer loop
      vertex 67.2 -20 1.7
      vertex 59.45 -20 0
      vertex 59.4221 -20 0.282881
    endloop
  endfacet
  facet normal 0 1 0
    outer loop
      vertex 67.2 -20 -1.7
      vertex 68.9 -20 0
      vertex 68.8421 -20 -0.439992
    endloop
  endfacet
  facet normal 0 1 0
    outer loop
      vertex 59.45 -20 0
      vertex 67.2 -20 -1.7
      vertex 59.4221 -20 -0.282881
    endloop
  endfacet
  facet normal 0 1 0
    outer loop
      vertex 59.4221 -20 -0.282881
      vertex 67.2 -20 -1.7
      vertex 59.3396 -20 -0.554891
    endloop
  endfacet
  facet normal 0 1 0
    outer loop
      vertex 67.2 -20 -1.7
      vertex 68.8421 -20 -0.439992
      vertex 68.6722 -20 -0.849999
    endloop
  endfacet
  facet normal 0 1 0
    outer loop
      vertex 59.2 -20 -1.7
      vertex 59.3396 -20 -0.554891
      vertex 67.2 -20 -1.7
    endloop
  endfacet
  facet normal 0 1 0
    outer loop
      vertex 67.2 -20 -1.7
      vertex 68.6722 -20 -0.849999
      vertex 68.4021 -20 -1.20208
    endloop
  endfacet
  facet normal 0 1 0
    outer loop
      vertex 59.3396 -20 -0.554891
      vertex 59.2 -20 -1.7
      vertex 59.2056 -20 -0.805576
    endloop
  endfacet
  facet normal 0 1 0
    outer loop
      vertex 59.2056 -20 -0.805576
      vertex 59.2 -20 -1.7
      vertex 59.0253 -20 -1.0253
    endloop
  endfacet
  facet normal 0 1 0
    outer loop
      vertex 59.0253 -20 -1.0253
      vertex 59.2 -20 -1.7
      vertex 58.8056 -20 -1.20563
    endloop
  endfacet
  facet normal 0 1 0
    outer loop
      vertex 67.2 -20 -1.7
      vertex 68.4021 -20 -1.20208
      vertex 68.05 -20 -1.47224
    endloop
  endfacet
  facet normal -0 1 0
    outer loop
      vertex 58.76 -20 -1.64207
      vertex 58.8056 -20 -1.20563
      vertex 59.2 -20 -1.7
    endloop
  endfacet
  facet normal 0 1 0
    outer loop
      vertex 67.2 -20 -1.7
      vertex 68.05 -20 -1.47224
      vertex 67.64 -20 -1.64207
    endloop
  endfacet
  facet normal 0 1 0
    outer loop
      vertex 58.8056 -20 -1.20563
      vertex 58.76 -20 -1.64207
      vertex 58.5549 -20 -1.33962
    endloop
  endfacet
  facet normal -0 1 0
    outer loop
      vertex 58.35 -20 -1.47224
      vertex 58.5549 -20 -1.33962
      vertex 58.76 -20 -1.64207
    endloop
  endfacet
  facet normal 0 1 0
    outer loop
      vertex 58.5549 -20 -1.33962
      vertex 58.35 -20 -1.47224
      vertex 58.2842 -20 -1.42174
    endloop
  endfacet
  facet normal -0.794154 -2.08202e-05 -0.607716
    outer loop
      vertex 57.6098 0 0.931354
      vertex 57.6722 -5.5 0.849999
      vertex 57.5902 0 0.956967
    endloop
  endfacet
  facet normal -0.793475 0 -0.608603
    outer loop
      vertex 57.6722 -5.5 0.849999
      vertex 57.6098 0 0.931354
      vertex 57.6722 0.0634634 0.849999
    endloop
  endfacet
  facet normal -0.79342 8.77429e-06 -0.608675
    outer loop
      vertex 57.4021 -5.5 1.20208
      vertex 57.5902 0 0.956967
      vertex 57.6722 -5.5 0.849999
    endloop
  endfacet
  facet normal -0.793325 0 -0.608798
    outer loop
      vertex 57.5902 0 0.956967
      vertex 57.4021 -5.5 1.20208
      vertex 57.4021 0.191214 1.20208
    endloop
  endfacet
  facet normal 0.608739 0 0.793371
    outer loop
      vertex 46.9979 0.191231 -1.20208
      vertex 47.35 -5.5 -1.47224
      vertex 47.35 0.549165 -1.47224
    endloop
  endfacet
  facet normal 0.608739 0 0.793371
    outer loop
      vertex 47.35 -5.5 -1.47224
      vertex 46.9979 0.191231 -1.20208
      vertex 46.9979 -5.5 -1.20208
    endloop
  endfacet
  facet normal -0.130533 0 0.991444
    outer loop
      vertex 56.2 -17 -1.7
      vertex 56.64 -20 -1.64207
      vertex 56.64 -17 -1.64207
    endloop
  endfacet
  facet normal -0.130533 0 0.991444
    outer loop
      vertex 56.64 -20 -1.64207
      vertex 56.2 -17 -1.7
      vertex 56.2 -20 -1.7
    endloop
  endfacet
  facet normal -0.130541 0 0.991443
    outer loop
      vertex 56.4098 0 -1.67238
      vertex 56.64 -5.5 -1.64207
      vertex 56.64 0.233998 -1.64207
    endloop
  endfacet
  facet normal -0.130507 1.47154e-06 0.991447
    outer loop
      vertex 56.3902 0 -1.67496
      vertex 56.64 -5.5 -1.64207
      vertex 56.4098 0 -1.67238
    endloop
  endfacet
  facet normal -0.130525 0 0.991445
    outer loop
      vertex 56.2 -5.5 -1.7
      vertex 56.3902 0 -1.67496
      vertex 56.2 0.193329 -1.7
    endloop
  endfacet
  facet normal -0.130533 2.81046e-07 0.991444
    outer loop
      vertex 56.3902 0 -1.67496
      vertex 56.2 -5.5 -1.7
      vertex 56.64 -5.5 -1.64207
    endloop
  endfacet
  facet normal 0.923824 0 -0.382817
    outer loop
      vertex 46.5579 -5.5 0.439992
      vertex 46.7278 0.0634437 0.849999
      vertex 46.7278 -5.5 0.849999
    endloop
  endfacet
  facet normal 0.923824 0 -0.382817
    outer loop
      vertex 46.7278 0.0634437 0.849999
      vertex 46.5579 -5.5 0.439992
      vertex 46.5579 0.236103 0.439992
    endloop
  endfacet
  facet normal 0.130525 0 -0.991445
    outer loop
      vertex 48.2 -5.5 1.7
      vertex 48.0098 0 1.67496
      vertex 48.2 0.19334 1.7
    endloop
  endfacet
  facet normal 0.130507 -6.25403e-07 -0.991447
    outer loop
      vertex 48.2 -5.5 1.7
      vertex 47.9902 0 1.67238
      vertex 48.0098 0 1.67496
    endloop
  endfacet
  facet normal 0.130533 3.74454e-07 -0.991444
    outer loop
      vertex 47.76 -5.5 1.64207
      vertex 47.9902 0 1.67238
      vertex 48.2 -5.5 1.7
    endloop
  endfacet
  facet normal 0.130541 0 -0.991443
    outer loop
      vertex 47.9902 0 1.67238
      vertex 47.76 -5.5 1.64207
      vertex 47.76 0.233993 1.64207
    endloop
  endfacet
  facet normal -0.923667 0 -0.383196
    outer loop
      vertex 57.7 -5.5 0.782989
      vertex 57.6722 0.0634634 0.849999
      vertex 57.7 0.0916815 0.782989
    endloop
  endfacet
  facet normal -0.923667 -0 -0.383196
    outer loop
      vertex 57.6722 0.0634634 0.849999
      vertex 57.7 -5.5 0.782989
      vertex 57.6722 -5.5 0.849999
    endloop
  endfacet
  facet normal -0.130533 0 -0.991444
    outer loop
      vertex 56.2 -20 1.7
      vertex 56.64 -17 1.64207
      vertex 56.64 -20 1.64207
    endloop
  endfacet
  facet normal -0.130533 0 -0.991444
    outer loop
      vertex 56.64 -17 1.64207
      vertex 56.2 -20 1.7
      vertex 56.2 -17 1.7
    endloop
  endfacet
  facet normal -0.130541 0 -0.991443
    outer loop
      vertex 56.64 -5.5 1.64207
      vertex 56.4098 0 1.67238
      vertex 56.64 0.233998 1.64207
    endloop
  endfacet
  facet normal -0.130507 1.47154e-06 -0.991447
    outer loop
      vertex 56.64 -5.5 1.64207
      vertex 56.3902 0 1.67496
      vertex 56.4098 0 1.67238
    endloop
  endfacet
  facet normal -0.130533 2.81046e-07 -0.991444
    outer loop
      vertex 56.2 -5.5 1.7
      vertex 56.3902 0 1.67496
      vertex 56.64 -5.5 1.64207
    endloop
  endfacet
  facet normal -0.130525 0 -0.991445
    outer loop
      vertex 56.3902 0 1.67496
      vertex 56.2 -5.5 1.7
      vertex 56.2 0.193329 1.7
    endloop
  endfacet
  facet normal 0.991452 -0 0.130469
    outer loop
      vertex 46.5 -5.5 0
      vertex 46.5579 0.236103 -0.439992
      vertex 46.5 0.294993 0
    endloop
  endfacet
  facet normal 0.991452 0 0.130469
    outer loop
      vertex 46.5579 0.236103 -0.439992
      vertex 46.5 -5.5 0
      vertex 46.5579 -5.5 -0.439992
    endloop
  endfacet
  facet normal 0.991452 0 -0.130469
    outer loop
      vertex 46.5 -5.5 0
      vertex 46.5579 0.236103 0.439992
      vertex 46.5579 -5.5 0.439992
    endloop
  endfacet
  facet normal 0.991452 0 -0.130469
    outer loop
      vertex 46.5579 0.236103 0.439992
      vertex 46.5 -5.5 0
      vertex 46.5 0.294993 0
    endloop
  endfacet
  facet normal -0.923667 0 0.383196
    outer loop
      vertex 57.7 -5.5 -0.782989
      vertex 57.6722 0.0634634 -0.849999
      vertex 57.6722 -5.5 -0.849999
    endloop
  endfacet
  facet normal -0.923667 0 0.383196
    outer loop
      vertex 57.6722 0.0634634 -0.849999
      vertex 57.7 -5.5 -0.782989
      vertex 57.7 0.0916815 -0.782989
    endloop
  endfacet
  facet normal 0.79342 5.67558e-06 -0.608675
    outer loop
      vertex 46.7278 -5.5 0.849999
      vertex 46.8098 0 0.956939
      vertex 46.9979 -5.5 1.20208
    endloop
  endfacet
  facet normal 0.793359 0 -0.608755
    outer loop
      vertex 46.9979 -5.5 1.20208
      vertex 46.8098 0 0.956939
      vertex 46.9979 0.191231 1.20208
    endloop
  endfacet
  facet normal 0.794143 -2.34523e-05 -0.607731
    outer loop
      vertex 46.8098 0 0.956939
      vertex 46.7278 -5.5 0.849999
      vertex 46.7902 0 0.931327
    endloop
  endfacet
  facet normal 0.793378 0 -0.60873
    outer loop
      vertex 46.7902 0 0.931327
      vertex 46.7278 -5.5 0.849999
      vertex 46.7278 0.0634437 0.849999
    endloop
  endfacet
  facet normal 0.608739 0 -0.793371
    outer loop
      vertex 46.9979 0.191231 1.20208
      vertex 47.35 -5.5 1.47224
      vertex 46.9979 -5.5 1.20208
    endloop
  endfacet
  facet normal 0.608739 0 -0.793371
    outer loop
      vertex 47.35 -5.5 1.47224
      vertex 46.9979 0.191231 1.20208
      vertex 47.35 0.549165 1.47224
    endloop
  endfacet
  facet normal -0 0 1
    outer loop
      vertex 55 -17 -1.7
      vertex 56.2 -20 -1.7
      vertex 56.2 -17 -1.7
    endloop
  endfacet
  facet normal -0 0 1
    outer loop
      vertex 54.4147 -17.0576 -1.7
      vertex 56.2 -20 -1.7
      vertex 55 -17 -1.7
    endloop
  endfacet
  facet normal -0 0 1
    outer loop
      vertex 53.8519 -17.2283 -1.7
      vertex 56.2 -20 -1.7
      vertex 54.4147 -17.0576 -1.7
    endloop
  endfacet
  facet normal -0 0 1
    outer loop
      vertex 53.3333 -17.5056 -1.7
      vertex 56.2 -20 -1.7
      vertex 53.8519 -17.2283 -1.7
    endloop
  endfacet
  facet normal -0 0 1
    outer loop
      vertex 52.8787 -17.8787 -1.7
      vertex 56.2 -20 -1.7
      vertex 53.3333 -17.5056 -1.7
    endloop
  endfacet
  facet normal -0 0 1
    outer loop
      vertex 52.5056 -18.3333 -1.7
      vertex 56.2 -20 -1.7
      vertex 52.8787 -17.8787 -1.7
    endloop
  endfacet
  facet normal -0 0 1
    outer loop
      vertex 52.2283 -18.8519 -1.7
      vertex 56.2 -20 -1.7
      vertex 52.5056 -18.3333 -1.7
    endloop
  endfacet
  facet normal -0 0 1
    outer loop
      vertex 52.0576 -19.4147 -1.7
      vertex 56.2 -20 -1.7
      vertex 52.2283 -18.8519 -1.7
    endloop
  endfacet
  facet normal 0 0 1
    outer loop
      vertex 56.2 -20 -1.7
      vertex 52.0576 -19.4147 -1.7
      vertex 52 -20 -1.7
    endloop
  endfacet
  facet normal 0 0 1
    outer loop
      vertex 55.2098 0 -1.7
      vertex 56.2 0.193329 -1.7
      vertex 55.8 0.599991 -1.7
    endloop
  endfacet
  facet normal 0 0 1
    outer loop
      vertex 56.2 0.193329 -1.7
      vertex 55.2098 0 -1.7
      vertex 56.2 -5.5 -1.7
    endloop
  endfacet
  facet normal -0 0 1
    outer loop
      vertex 55.1902 0 -1.7
      vertex 56.2 -5.5 -1.7
      vertex 55.2098 0 -1.7
    endloop
  endfacet
  facet normal 0 0 1
    outer loop
      vertex 54.0098 0 -1.7
      vertex 55.1902 0 -1.7
      vertex 54.6 0.599991 -1.7
    endloop
  endfacet
  facet normal 0 0 1
    outer loop
      vertex 55.1902 0 -1.7
      vertex 54.0098 0 -1.7
      vertex 56.2 -5.5 -1.7
    endloop
  endfacet
  facet normal -0 0 1
    outer loop
      vertex 53.9902 0 -1.7
      vertex 56.2 -5.5 -1.7
      vertex 54.0098 0 -1.7
    endloop
  endfacet
  facet normal 0 0 1
    outer loop
      vertex 52.8098 0 -1.7
      vertex 53.9902 0 -1.7
      vertex 53.4 0.599991 -1.7
    endloop
  endfacet
  facet normal 0 0 1
    outer loop
      vertex 53.9902 0 -1.7
      vertex 52.8098 0 -1.7
      vertex 56.2 -5.5 -1.7
    endloop
  endfacet
  facet normal -0 0 1
    outer loop
      vertex 52.7902 0 -1.7
      vertex 56.2 -5.5 -1.7
      vertex 52.8098 0 -1.7
    endloop
  endfacet
  facet normal 0 0 1
    outer loop
      vertex 51.6098 0 -1.7
      vertex 52.7902 0 -1.7
      vertex 52.2 0.599991 -1.7
    endloop
  endfacet
  facet normal 0 0 1
    outer loop
      vertex 52.7902 0 -1.7
      vertex 51.6098 0 -1.7
      vertex 56.2 -5.5 -1.7
    endloop
  endfacet
  facet normal 0 0 1
    outer loop
      vertex 48.2 -5.5 -1.7
      vertex 51.6098 0 -1.7
      vertex 51.5902 0 -1.7
    endloop
  endfacet
  facet normal 0 0 1
    outer loop
      vertex 50.4098 0 -1.7
      vertex 51.5902 0 -1.7
      vertex 51 0.599991 -1.7
    endloop
  endfacet
  facet normal 0 0 1
    outer loop
      vertex 48.2 -5.5 -1.7
      vertex 51.5902 0 -1.7
      vertex 50.4098 0 -1.7
    endloop
  endfacet
  facet normal 0 0 1
    outer loop
      vertex 48.2 -5.5 -1.7
      vertex 50.4098 0 -1.7
      vertex 50.3902 0 -1.7
    endloop
  endfacet
  facet normal 0 0 1
    outer loop
      vertex 49.2098 0 -1.7
      vertex 50.3902 0 -1.7
      vertex 49.8 0.599991 -1.7
    endloop
  endfacet
  facet normal 0 0 1
    outer loop
      vertex 48.2 -5.5 -1.7
      vertex 50.3902 0 -1.7
      vertex 49.2098 0 -1.7
    endloop
  endfacet
  facet normal 0 0 1
    outer loop
      vertex 48.2 -5.5 -1.7
      vertex 49.2098 0 -1.7
      vertex 49.1902 0 -1.7
    endloop
  endfacet
  facet normal -0 0 1
    outer loop
      vertex 48.2 0.19334 -1.7
      vertex 49.1902 0 -1.7
      vertex 48.6 0.599991 -1.7
    endloop
  endfacet
  facet normal 0 0 1
    outer loop
      vertex 48.2 -5.5 -1.7
      vertex 49.1902 0 -1.7
      vertex 48.2 0.19334 -1.7
    endloop
  endfacet
  facet normal 0 0 1
    outer loop
      vertex 51.6098 0 -1.7
      vertex 48.2 -5.5 -1.7
      vertex 56.2 -5.5 -1.7
    endloop
  endfacet
  facet normal -0.382688 0 0.923878
    outer loop
      vertex 56.64 -17 -1.64207
      vertex 57.05 -20 -1.47224
      vertex 57.05 -17 -1.47224
    endloop
  endfacet
  facet normal -0.382688 0 0.923878
    outer loop
      vertex 57.05 -20 -1.47224
      vertex 56.64 -17 -1.64207
      vertex 56.64 -20 -1.64207
    endloop
  endfacet
  facet normal -0.382681 -1.00973e-05 0.92388
    outer loop
      vertex 56.64 0.233998 -1.64207
      vertex 57.05 0.549159 -1.47224
      vertex 57 0.599991 -1.49295
    endloop
  endfacet
  facet normal -0.382688 0 0.923878
    outer loop
      vertex 57.05 0.549159 -1.47224
      vertex 56.64 0.233998 -1.64207
      vertex 57.05 -5.5 -1.47224
    endloop
  endfacet
  facet normal -0.382688 0 0.923878
    outer loop
      vertex 57.05 -5.5 -1.47224
      vertex 56.64 0.233998 -1.64207
      vertex 56.64 -5.5 -1.64207
    endloop
  endfacet
  facet normal 0.382688 0 -0.923878
    outer loop
      vertex 47.35 -5.5 1.47224
      vertex 47.76 0.233993 1.64207
      vertex 47.76 -5.5 1.64207
    endloop
  endfacet
  facet normal 0.382688 0 -0.923878
    outer loop
      vertex 47.76 0.233993 1.64207
      vertex 47.35 -5.5 1.47224
      vertex 47.35 0.549165 1.47224
    endloop
  endfacet
  facet normal 0.382681 -1.00978e-05 -0.92388
    outer loop
      vertex 47.76 0.233993 1.64207
      vertex 47.35 0.549165 1.47224
      vertex 47.4 0.599991 1.49295
    endloop
  endfacet
  facet normal -0.79342 8.77429e-06 0.608675
    outer loop
      vertex 57.6722 -5.5 -0.849999
      vertex 57.5902 0 -0.956967
      vertex 57.4021 -5.5 -1.20208
    endloop
  endfacet
  facet normal -0.793325 0 0.608798
    outer loop
      vertex 57.4021 -5.5 -1.20208
      vertex 57.5902 0 -0.956967
      vertex 57.4021 0.191214 -1.20208
    endloop
  endfacet
  facet normal -0.794154 -2.08202e-05 0.607716
    outer loop
      vertex 57.5902 0 -0.956967
      vertex 57.6722 -5.5 -0.849999
      vertex 57.6098 0 -0.931354
    endloop
  endfacet
  facet normal -0.793475 0 0.608603
    outer loop
      vertex 57.6098 0 -0.931354
      vertex 57.6722 -5.5 -0.849999
      vertex 57.6722 0.0634634 -0.849999
    endloop
  endfacet
  facet normal 0.130525 0 0.991445
    outer loop
      vertex 48.0098 0 -1.67496
      vertex 48.2 -5.5 -1.7
      vertex 48.2 0.19334 -1.7
    endloop
  endfacet
  facet normal 0.130507 -6.25403e-07 0.991447
    outer loop
      vertex 47.9902 0 -1.67238
      vertex 48.2 -5.5 -1.7
      vertex 48.0098 0 -1.67496
    endloop
  endfacet
  facet normal 0.130541 -0 0.991443
    outer loop
      vertex 47.76 -5.5 -1.64207
      vertex 47.9902 0 -1.67238
      vertex 47.76 0.233993 -1.64207
    endloop
  endfacet
  facet normal 0.130533 3.74454e-07 0.991444
    outer loop
      vertex 47.9902 0 -1.67238
      vertex 47.76 -5.5 -1.64207
      vertex 48.2 -5.5 -1.7
    endloop
  endfacet
  facet normal -0.382688 0 -0.923878
    outer loop
      vertex 56.64 -20 1.64207
      vertex 57.05 -17 1.47224
      vertex 57.05 -20 1.47224
    endloop
  endfacet
  facet normal -0.382688 0 -0.923878
    outer loop
      vertex 57.05 -17 1.47224
      vertex 56.64 -20 1.64207
      vertex 56.64 -17 1.64207
    endloop
  endfacet
  facet normal -0.382688 0 -0.923878
    outer loop
      vertex 56.64 0.233998 1.64207
      vertex 57.05 0.549159 1.47224
      vertex 57.05 -5.5 1.47224
    endloop
  endfacet
  facet normal -0.382688 -0 -0.923878
    outer loop
      vertex 56.64 0.233998 1.64207
      vertex 57.05 -5.5 1.47224
      vertex 56.64 -5.5 1.64207
    endloop
  endfacet
  facet normal -0.382681 -1.00973e-05 -0.92388
    outer loop
      vertex 57.05 0.549159 1.47224
      vertex 56.64 0.233998 1.64207
      vertex 57 0.599991 1.49295
    endloop
  endfacet
  facet normal 0.79342 0 0.608675
    outer loop
      vertex 57.9979 -5.5 -1.20208
      vertex 57.7278 0.1199 -0.849999
      vertex 57.7278 -5.5 -0.849999
    endloop
  endfacet
  facet normal 0.79342 0 0.608675
    outer loop
      vertex 57.7278 0.1199 -0.849999
      vertex 57.9979 -5.5 -1.20208
      vertex 57.9979 0.394553 -1.20208
    endloop
  endfacet
  facet normal 0.923667 0 0.383196
    outer loop
      vertex 57.7278 -5.5 -0.849999
      vertex 57.7 0.0916815 -0.782989
      vertex 57.7 -5.5 -0.782989
    endloop
  endfacet
  facet normal 0.923667 0 0.383196
    outer loop
      vertex 57.7 0.0916815 -0.782989
      vertex 57.7278 -5.5 -0.849999
      vertex 57.7278 0.1199 -0.849999
    endloop
  endfacet
  facet normal 0 0 -1
    outer loop
      vertex 65.7 -9.5 1.7
      vertex 67.2 0 1.7
      vertex 67.2 -20 1.7
    endloop
  endfacet
  facet normal 0 0 -1
    outer loop
      vertex 65.6658 -8.97789 1.7
      vertex 67.2 0 1.7
      vertex 65.7 -9.5 1.7
    endloop
  endfacet
  facet normal 0 0 -1
    outer loop
      vertex 65.5637 -8.46472 1.7
      vertex 67.2 0 1.7
      vertex 65.6658 -8.97789 1.7
    endloop
  endfacet
  facet normal 0 0 -1
    outer loop
      vertex 65.3955 -7.96925 1.7
      vertex 67.2 0 1.7
      vertex 65.5637 -8.46472 1.7
    endloop
  endfacet
  facet normal 0 0 -1
    outer loop
      vertex 65.7 -9.5 1.7
      vertex 67.2 -20 1.7
      vertex 65.7 -13 1.7
    endloop
  endfacet
  facet normal 0 0 -1
    outer loop
      vertex 67.2 -20 1.7
      vertex 65.6658 -13.5221 1.7
      vertex 65.7 -13 1.7
    endloop
  endfacet
  facet normal 0 0 -1
    outer loop
      vertex 67.2 -20 1.7
      vertex 65.5637 -14.0353 1.7
      vertex 65.6658 -13.5221 1.7
    endloop
  endfacet
  facet normal 0 0 -1
    outer loop
      vertex 67.2 -20 1.7
      vertex 65.3955 -14.5307 1.7
      vertex 65.5637 -14.0353 1.7
    endloop
  endfacet
  facet normal 0 0 -1
    outer loop
      vertex 67.2 -20 1.7
      vertex 65.1641 -15 1.7
      vertex 65.3955 -14.5307 1.7
    endloop
  endfacet
  facet normal 0 0 -1
    outer loop
      vertex 67.2 -20 1.7
      vertex 64.8734 -15.4351 1.7
      vertex 65.1641 -15 1.7
    endloop
  endfacet
  facet normal 0 0 -1
    outer loop
      vertex 67.2 -20 1.7
      vertex 64.5284 -15.8284 1.7
      vertex 64.8734 -15.4351 1.7
    endloop
  endfacet
  facet normal 0 0 -1
    outer loop
      vertex 67.2 -20 1.7
      vertex 64.1351 -16.1734 1.7
      vertex 64.5284 -15.8284 1.7
    endloop
  endfacet
  facet normal 0 0 -1
    outer loop
      vertex 67.2 -20 1.7
      vertex 63.7 -16.4641 1.7
      vertex 64.1351 -16.1734 1.7
    endloop
  endfacet
  facet normal 0 0 -1
    outer loop
      vertex 67.2 -20 1.7
      vertex 63.2307 -16.6955 1.7
      vertex 63.7 -16.4641 1.7
    endloop
  endfacet
  facet normal 0 0 -1
    outer loop
      vertex 67.2 -20 1.7
      vertex 62.7353 -16.8637 1.7
      vertex 63.2307 -16.6955 1.7
    endloop
  endfacet
  facet normal 0 0 -1
    outer loop
      vertex 67.2 -20 1.7
      vertex 62.2221 -16.9658 1.7
      vertex 62.7353 -16.8637 1.7
    endloop
  endfacet
  facet normal 0 0 -1
    outer loop
      vertex 59.2 -20 1.7
      vertex 62.2221 -16.9658 1.7
      vertex 67.2 -20 1.7
    endloop
  endfacet
  facet normal 0 0 -1
    outer loop
      vertex 62.2221 -16.9658 1.7
      vertex 59.2 -20 1.7
      vertex 61.7 -17 1.7
    endloop
  endfacet
  facet normal -0 0 -1
    outer loop
      vertex 61.7 -17 1.7
      vertex 59.2 -20 1.7
      vertex 59.2 -17 1.7
    endloop
  endfacet
  facet normal 0 0 -1
    outer loop
      vertex 65.1641 -7.5 1.7
      vertex 67.2 0 1.7
      vertex 65.3955 -7.96925 1.7
    endloop
  endfacet
  facet normal 0 0 -1
    outer loop
      vertex 64.8734 -7.06494 1.7
      vertex 67.2 0 1.7
      vertex 65.1641 -7.5 1.7
    endloop
  endfacet
  facet normal 0 0 -1
    outer loop
      vertex 64.5284 -6.67157 1.7
      vertex 67.2 0 1.7
      vertex 64.8734 -7.06494 1.7
    endloop
  endfacet
  facet normal 0 0 -1
    outer loop
      vertex 67.1902 0 1.7
      vertex 66.0098 0 1.7
      vertex 66.6 0.599991 1.7
    endloop
  endfacet
  facet normal -0 0 -1
    outer loop
      vertex 67.2 0 1.7
      vertex 64.5284 -6.67157 1.7
      vertex 67.1902 0 1.7
    endloop
  endfacet
  facet normal 0 0 -1
    outer loop
      vertex 64.1351 -6.32658 1.7
      vertex 67.1902 0 1.7
      vertex 64.5284 -6.67157 1.7
    endloop
  endfacet
  facet normal -0 0 -1
    outer loop
      vertex 67.1902 0 1.7
      vertex 64.1351 -6.32658 1.7
      vertex 66.0098 0 1.7
    endloop
  endfacet
  facet normal 0 0 -1
    outer loop
      vertex 65.9902 0 1.7
      vertex 64.8098 0 1.7
      vertex 65.4 0.599991 1.7
    endloop
  endfacet
  facet normal -0 0 -1
    outer loop
      vertex 66.0098 0 1.7
      vertex 64.1351 -6.32658 1.7
      vertex 65.9902 0 1.7
    endloop
  endfacet
  facet normal 0 0 -1
    outer loop
      vertex 63.7 -6.03589 1.7
      vertex 65.9902 0 1.7
      vertex 64.1351 -6.32658 1.7
    endloop
  endfacet
  facet normal -0 0 -1
    outer loop
      vertex 65.9902 0 1.7
      vertex 63.7 -6.03589 1.7
      vertex 64.8098 0 1.7
    endloop
  endfacet
  facet normal 0 0 -1
    outer loop
      vertex 63.2307 -5.80447 1.7
      vertex 64.8098 0 1.7
      vertex 63.7 -6.03589 1.7
    endloop
  endfacet
  facet normal -0 0 -1
    outer loop
      vertex 64.8098 0 1.7
      vertex 63.2307 -5.80447 1.7
      vertex 64.7902 0 1.7
    endloop
  endfacet
  facet normal 0 0 -1
    outer loop
      vertex 64.7902 0 1.7
      vertex 63.6098 0 1.7
      vertex 64.2 0.599991 1.7
    endloop
  endfacet
  facet normal -0 0 -1
    outer loop
      vertex 64.7902 0 1.7
      vertex 63.2307 -5.80447 1.7
      vertex 63.6098 0 1.7
    endloop
  endfacet
  facet normal 0 0 -1
    outer loop
      vertex 62.7353 -5.63629 1.7
      vertex 63.6098 0 1.7
      vertex 63.2307 -5.80447 1.7
    endloop
  endfacet
  facet normal -0 0 -1
    outer loop
      vertex 63.6098 0 1.7
      vertex 62.7353 -5.63629 1.7
      vertex 63.5902 0 1.7
    endloop
  endfacet
  facet normal 0 0 -1
    outer loop
      vertex 62.2221 -5.53421 1.7
      vertex 63.5902 0 1.7
      vertex 62.7353 -5.63629 1.7
    endloop
  endfacet
  facet normal 0 0 -1
    outer loop
      vertex 63.5902 0 1.7
      vertex 62.4098 0 1.7
      vertex 63 0.599991 1.7
    endloop
  endfacet
  facet normal -0 0 -1
    outer loop
      vertex 63.5902 0 1.7
      vertex 62.2221 -5.53421 1.7
      vertex 62.4098 0 1.7
    endloop
  endfacet
  facet normal -0 0 -1
    outer loop
      vertex 62.4098 0 1.7
      vertex 62.2221 -5.53421 1.7
      vertex 62.3902 0 1.7
    endloop
  endfacet
  facet normal 0 0 -1
    outer loop
      vertex 61.7 -5.5 1.7
      vertex 62.3902 0 1.7
      vertex 62.2221 -5.53421 1.7
    endloop
  endfacet
  facet normal -0 0 -1
    outer loop
      vertex 62.3902 0 1.7
      vertex 61.7 -5.5 1.7
      vertex 61.2098 0 1.7
    endloop
  endfacet
  facet normal 0 0 -1
    outer loop
      vertex 62.3902 0 1.7
      vertex 61.2098 0 1.7
      vertex 61.8 0.599991 1.7
    endloop
  endfacet
  facet normal 0 0 -1
    outer loop
      vertex 61.7 -5.5 1.7
      vertex 61.1902 0 1.7
      vertex 61.2098 0 1.7
    endloop
  endfacet
  facet normal 0 0 -1
    outer loop
      vertex 60.0098 0 1.7
      vertex 61.1902 0 1.7
      vertex 61.7 -5.5 1.7
    endloop
  endfacet
  facet normal 0 0 -1
    outer loop
      vertex 61.1902 0 1.7
      vertex 60.0098 0 1.7
      vertex 60.6 0.599991 1.7
    endloop
  endfacet
  facet normal 0 0 -1
    outer loop
      vertex 59.2 -5.5 1.7
      vertex 60.0098 0 1.7
      vertex 61.7 -5.5 1.7
    endloop
  endfacet
  facet normal -0 0 -1
    outer loop
      vertex 60.0098 0 1.7
      vertex 59.2 -5.5 1.7
      vertex 59.9902 0 1.7
    endloop
  endfacet
  facet normal -0 0 -1
    outer loop
      vertex 59.9902 0 1.7
      vertex 59.2 -5.5 1.7
      vertex 59.2 0.396672 1.7
    endloop
  endfacet
  facet normal 0 0 -1
    outer loop
      vertex 59.9902 0 1.7
      vertex 59.2 0.396672 1.7
      vertex 59.4 0.599991 1.7
    endloop
  endfacet
  facet normal -0.609131 0 -0.79307
    outer loop
      vertex 68.4021 -20 1.20208
      vertex 68.3902 0 1.21122
      vertex 68.4021 0 1.20208
    endloop
  endfacet
  facet normal -0.608739 3.7066e-07 -0.793371
    outer loop
      vertex 68.05 -20 1.47224
      vertex 68.3902 0 1.21122
      vertex 68.4021 -20 1.20208
    endloop
  endfacet
  facet normal -0.608725 0 -0.793381
    outer loop
      vertex 68.3902 0 1.21122
      vertex 68.05 -20 1.47224
      vertex 68.05 0.345823 1.47224
    endloop
  endfacet
  facet normal -0.609131 0 0.79307
    outer loop
      vertex 68.3902 0 -1.21122
      vertex 68.4021 -20 -1.20208
      vertex 68.4021 0 -1.20208
    endloop
  endfacet
  facet normal -0.608725 0 0.793381
    outer loop
      vertex 68.05 -20 -1.47224
      vertex 68.3902 0 -1.21122
      vertex 68.05 0.345823 -1.47224
    endloop
  endfacet
  facet normal -0.608739 3.7066e-07 0.793371
    outer loop
      vertex 68.3902 0 -1.21122
      vertex 68.05 -20 -1.47224
      vertex 68.4021 -20 -1.20208
    endloop
  endfacet
  facet normal -0.991452 0 0.130469
    outer loop
      vertex 68.9 -20 0
      vertex 68.8421 0.43945 -0.439992
      vertex 68.8421 -20 -0.439992
    endloop
  endfacet
  facet normal -0.991452 0 0.130469
    outer loop
      vertex 68.8421 0.43945 -0.439992
      vertex 68.9 -20 0
      vertex 68.9 0.498341 0
    endloop
  endfacet
  facet normal 0.382688 0 0.923878
    outer loop
      vertex 58.35 -17 -1.47224
      vertex 58.76 -20 -1.64207
      vertex 58.76 -17 -1.64207
    endloop
  endfacet
  facet normal 0.382688 0 0.923878
    outer loop
      vertex 58.76 -20 -1.64207
      vertex 58.35 -17 -1.47224
      vertex 58.35 -20 -1.47224
    endloop
  endfacet
  facet normal 0.382688 -0 0.923878
    outer loop
      vertex 58.35 -5.5 -1.47224
      vertex 58.76 0.0306563 -1.64207
      vertex 58.35 0.447491 -1.47224
    endloop
  endfacet
  facet normal 0.382688 0 0.923878
    outer loop
      vertex 58.76 0.0306563 -1.64207
      vertex 58.35 -5.5 -1.47224
      vertex 58.76 -5.5 -1.64207
    endloop
  endfacet
  facet normal -0.794671 0 0.60704
    outer loop
      vertex 68.4021 0 -1.20208
      vertex 68.4021 -20 -1.20208
      vertex 68.4098 0 -1.192
    endloop
  endfacet
  facet normal -0.79342 -1.30527e-06 0.608675
    outer loop
      vertex 68.6722 -20 -0.849999
      vertex 68.4098 0 -1.192
      vertex 68.4021 -20 -1.20208
    endloop
  endfacet
  facet normal -0.793383 0 0.608723
    outer loop
      vertex 68.4098 0 -1.192
      vertex 68.6722 -20 -0.849999
      vertex 68.6722 0.266792 -0.849999
    endloop
  endfacet
  facet normal -0.793383 0 -0.608723
    outer loop
      vertex 68.6722 -20 0.849999
      vertex 68.4098 0 1.192
      vertex 68.6722 0.266792 0.849999
    endloop
  endfacet
  facet normal -0.79342 -1.30527e-06 -0.608675
    outer loop
      vertex 68.4021 -20 1.20208
      vertex 68.4098 0 1.192
      vertex 68.6722 -20 0.849999
    endloop
  endfacet
  facet normal -0.794671 0 -0.60704
    outer loop
      vertex 68.4098 0 1.192
      vertex 68.4021 -20 1.20208
      vertex 68.4021 0 1.20208
    endloop
  endfacet
  facet normal 0.608836 0 0.793296
    outer loop
      vertex 58.2842 -17 -1.42174
      vertex 58.35 -20 -1.47224
      vertex 58.35 -17 -1.47224
    endloop
  endfacet
  facet normal 0.608836 0 0.793296
    outer loop
      vertex 58.35 -20 -1.47224
      vertex 58.2842 -17 -1.42174
      vertex 58.2842 -20 -1.42174
    endloop
  endfacet
  facet normal 0.608742 -3.48827e-05 0.793368
    outer loop
      vertex 57.9979 0.394553 -1.20208
      vertex 58.35 0.447491 -1.47224
      vertex 58.2 0.599991 -1.35714
    endloop
  endfacet
  facet normal 0.608739 0 0.793371
    outer loop
      vertex 58.35 0.447491 -1.47224
      vertex 57.9979 0.394553 -1.20208
      vertex 58.35 -5.5 -1.47224
    endloop
  endfacet
  facet normal 0.608739 0 0.793371
    outer loop
      vertex 58.35 -5.5 -1.47224
      vertex 57.9979 0.394553 -1.20208
      vertex 57.9979 -5.5 -1.20208
    endloop
  endfacet
  facet normal -0.130533 0 0.991444
    outer loop
      vertex 67.2098 0 -1.69871
      vertex 67.64 -20 -1.64207
      vertex 67.64 0.437331 -1.64207
    endloop
  endfacet
  facet normal -0.130507 0 0.991447
    outer loop
      vertex 67.2 -20 -1.7
      vertex 67.2098 0 -1.69871
      vertex 67.2 0 -1.7
    endloop
  endfacet
  facet normal -0.130533 1.28437e-08 0.991444
    outer loop
      vertex 67.2098 0 -1.69871
      vertex 67.2 -20 -1.7
      vertex 67.64 -20 -1.64207
    endloop
  endfacet
  facet normal 0.923667 0 -0.383196
    outer loop
      vertex 57.7278 -5.5 0.849999
      vertex 57.7 0.0916815 0.782989
      vertex 57.7278 0.1199 0.849999
    endloop
  endfacet
  facet normal 0.923667 0 -0.383196
    outer loop
      vertex 57.7 0.0916815 0.782989
      vertex 57.7278 -5.5 0.849999
      vertex 57.7 -5.5 0.782989
    endloop
  endfacet
  facet normal 0.130533 0 -0.991444
    outer loop
      vertex 58.76 -20 1.64207
      vertex 59.2 -17 1.7
      vertex 59.2 -20 1.7
    endloop
  endfacet
  facet normal 0.130533 0 -0.991444
    outer loop
      vertex 59.2 -17 1.7
      vertex 58.76 -20 1.64207
      vertex 58.76 -17 1.64207
    endloop
  endfacet
  facet normal 0.130524 0 -0.991445
    outer loop
      vertex 59.2 -5.5 1.7
      vertex 58.8098 0 1.64863
      vertex 59.2 0.396672 1.7
    endloop
  endfacet
  facet normal 0.130533 6.08796e-07 -0.991444
    outer loop
      vertex 58.76 -5.5 1.64207
      vertex 58.8098 0 1.64863
      vertex 59.2 -5.5 1.7
    endloop
  endfacet
  facet normal 0.131004 -3.73378e-06 -0.991382
    outer loop
      vertex 58.8098 0 1.64863
      vertex 58.76 -5.5 1.64207
      vertex 58.7902 0 1.64604
    endloop
  endfacet
  facet normal 0.130336 0 -0.99147
    outer loop
      vertex 58.7902 0 1.64604
      vertex 58.76 -5.5 1.64207
      vertex 58.76 0.0306563 1.64207
    endloop
  endfacet
  facet normal -0.923824 0 -0.382817
    outer loop
      vertex 68.8421 -20 0.439992
      vertex 68.6722 0.266792 0.849999
      vertex 68.8421 0.43945 0.439992
    endloop
  endfacet
  facet normal -0.923824 -0 -0.382817
    outer loop
      vertex 68.6722 0.266792 0.849999
      vertex 68.8421 -20 0.439992
      vertex 68.6722 -20 0.849999
    endloop
  endfacet
  facet normal -0.130533 0 -0.991444
    outer loop
      vertex 67.64 -20 1.64207
      vertex 67.2098 0 1.69871
      vertex 67.64 0.437331 1.64207
    endloop
  endfacet
  facet normal -0.130533 1.28437e-08 -0.991444
    outer loop
      vertex 67.2 -20 1.7
      vertex 67.2098 0 1.69871
      vertex 67.64 -20 1.64207
    endloop
  endfacet
  facet normal -0.130507 0 -0.991447
    outer loop
      vertex 67.2098 0 1.69871
      vertex 67.2 -20 1.7
      vertex 67.2 0 1.7
    endloop
  endfacet
  facet normal -0.991452 0 -0.130469
    outer loop
      vertex 68.9 -20 0
      vertex 68.8421 0.43945 0.439992
      vertex 68.9 0.498341 0
    endloop
  endfacet
  facet normal -0.991452 -0 -0.130469
    outer loop
      vertex 68.8421 0.43945 0.439992
      vertex 68.9 -20 0
      vertex 68.8421 -20 0.439992
    endloop
  endfacet
  facet normal -0.923824 0 0.382817
    outer loop
      vertex 68.8421 -20 -0.439992
      vertex 68.6722 0.266792 -0.849999
      vertex 68.6722 -20 -0.849999
    endloop
  endfacet
  facet normal -0.923824 0 0.382817
    outer loop
      vertex 68.6722 0.266792 -0.849999
      vertex 68.8421 -20 -0.439992
      vertex 68.8421 0.43945 -0.439992
    endloop
  endfacet
  facet normal 0.79342 0 -0.608675
    outer loop
      vertex 57.9979 -5.5 1.20208
      vertex 57.7278 0.1199 0.849999
      vertex 57.9979 0.394553 1.20208
    endloop
  endfacet
  facet normal 0.79342 0 -0.608675
    outer loop
      vertex 57.7278 0.1199 0.849999
      vertex 57.9979 -5.5 1.20208
      vertex 57.7278 -5.5 0.849999
    endloop
  endfacet
  facet normal 0.608836 0 -0.793296
    outer loop
      vertex 58.2842 -20 1.42174
      vertex 58.35 -17 1.47224
      vertex 58.35 -20 1.47224
    endloop
  endfacet
  facet normal 0.608836 0 -0.793296
    outer loop
      vertex 58.35 -17 1.47224
      vertex 58.2842 -20 1.42174
      vertex 58.2842 -17 1.42174
    endloop
  endfacet
  facet normal 0.608739 0 -0.793371
    outer loop
      vertex 57.9979 0.394553 1.20208
      vertex 58.35 0.447491 1.47224
      vertex 58.35 -5.5 1.47224
    endloop
  endfacet
  facet normal 0.608739 0 -0.793371
    outer loop
      vertex 57.9979 0.394553 1.20208
      vertex 58.35 -5.5 1.47224
      vertex 57.9979 -5.5 1.20208
    endloop
  endfacet
  facet normal 0.608742 -3.48827e-05 -0.793368
    outer loop
      vertex 58.35 0.447491 1.47224
      vertex 57.9979 0.394553 1.20208
      vertex 58.2 0.599991 1.35714
    endloop
  endfacet
  facet normal 0 0 1
    outer loop
      vertex 67.2 0 -1.7
      vertex 65.6658 -8.97789 -1.7
      vertex 65.7 -9.5 -1.7
    endloop
  endfacet
  facet normal 0 0 1
    outer loop
      vertex 66.0098 0 -1.7
      vertex 65.5637 -8.46472 -1.7
      vertex 65.6658 -8.97789 -1.7
    endloop
  endfacet
  facet normal 0 0 1
    outer loop
      vertex 64.8098 0 -1.7
      vertex 65.9902 0 -1.7
      vertex 65.4 0.599991 -1.7
    endloop
  endfacet
  facet normal 0 0 1
    outer loop
      vertex 66.0098 0 -1.7
      vertex 65.3955 -7.96925 -1.7
      vertex 65.5637 -8.46472 -1.7
    endloop
  endfacet
  facet normal 0 0 1
    outer loop
      vertex 66.0098 0 -1.7
      vertex 65.1641 -7.5 -1.7
      vertex 65.3955 -7.96925 -1.7
    endloop
  endfacet
  facet normal 0 0 1
    outer loop
      vertex 66.0098 0 -1.7
      vertex 64.8734 -7.06494 -1.7
      vertex 65.1641 -7.5 -1.7
    endloop
  endfacet
  facet normal 0 0 1
    outer loop
      vertex 63.7 -6.03589 -1.7
      vertex 65.9902 0 -1.7
      vertex 64.8098 0 -1.7
    endloop
  endfacet
  facet normal 0 0 1
    outer loop
      vertex 63.2307 -5.80447 -1.7
      vertex 64.8098 0 -1.7
      vertex 64.7902 0 -1.7
    endloop
  endfacet
  facet normal 0 0 1
    outer loop
      vertex 66.0098 0 -1.7
      vertex 64.5284 -6.67157 -1.7
      vertex 64.8734 -7.06494 -1.7
    endloop
  endfacet
  facet normal 0 0 1
    outer loop
      vertex 63.6098 0 -1.7
      vertex 64.7902 0 -1.7
      vertex 64.2 0.599991 -1.7
    endloop
  endfacet
  facet normal 0 0 1
    outer loop
      vertex 66.0098 0 -1.7
      vertex 64.1351 -6.32658 -1.7
      vertex 64.5284 -6.67157 -1.7
    endloop
  endfacet
  facet normal 0 0 1
    outer loop
      vertex 63.2307 -5.80447 -1.7
      vertex 64.7902 0 -1.7
      vertex 63.6098 0 -1.7
    endloop
  endfacet
  facet normal 0 0 1
    outer loop
      vertex 65.9902 0 -1.7
      vertex 63.7 -6.03589 -1.7
      vertex 64.1351 -6.32658 -1.7
    endloop
  endfacet
  facet normal 0 0 1
    outer loop
      vertex 62.7353 -5.63629 -1.7
      vertex 63.6098 0 -1.7
      vertex 63.5902 0 -1.7
    endloop
  endfacet
  facet normal 0 0 1
    outer loop
      vertex 64.8098 0 -1.7
      vertex 63.2307 -5.80447 -1.7
      vertex 63.7 -6.03589 -1.7
    endloop
  endfacet
  facet normal 0 0 1
    outer loop
      vertex 62.4098 0 -1.7
      vertex 63.5902 0 -1.7
      vertex 63 0.599991 -1.7
    endloop
  endfacet
  facet normal 0 0 1
    outer loop
      vertex 62.2221 -5.53421 -1.7
      vertex 63.5902 0 -1.7
      vertex 62.4098 0 -1.7
    endloop
  endfacet
  facet normal 0 0 1
    outer loop
      vertex 63.6098 0 -1.7
      vertex 62.7353 -5.63629 -1.7
      vertex 63.2307 -5.80447 -1.7
    endloop
  endfacet
  facet normal 0 0 1
    outer loop
      vertex 62.2221 -5.53421 -1.7
      vertex 62.4098 0 -1.7
      vertex 62.3902 0 -1.7
    endloop
  endfacet
  facet normal 0 0 1
    outer loop
      vertex 63.5902 0 -1.7
      vertex 62.2221 -5.53421 -1.7
      vertex 62.7353 -5.63629 -1.7
    endloop
  endfacet
  facet normal 0 0 1
    outer loop
      vertex 61.2098 0 -1.7
      vertex 62.3902 0 -1.7
      vertex 61.8 0.599991 -1.7
    endloop
  endfacet
  facet normal 0 -0 1
    outer loop
      vertex 61.7 -5.5 -1.7
      vertex 62.3902 0 -1.7
      vertex 61.2098 0 -1.7
    endloop
  endfacet
  facet normal 0 0 1
    outer loop
      vertex 62.3902 0 -1.7
      vertex 61.7 -5.5 -1.7
      vertex 62.2221 -5.53421 -1.7
    endloop
  endfacet
  facet normal -0 0 1
    outer loop
      vertex 61.1902 0 -1.7
      vertex 61.7 -5.5 -1.7
      vertex 61.2098 0 -1.7
    endloop
  endfacet
  facet normal 0 0 1
    outer loop
      vertex 60.0098 0 -1.7
      vertex 61.1902 0 -1.7
      vertex 60.6 0.599991 -1.7
    endloop
  endfacet
  facet normal 0 0 1
    outer loop
      vertex 61.1902 0 -1.7
      vertex 60.0098 0 -1.7
      vertex 61.7 -5.5 -1.7
    endloop
  endfacet
  facet normal 0 0 1
    outer loop
      vertex 59.2 -5.5 -1.7
      vertex 60.0098 0 -1.7
      vertex 59.9902 0 -1.7
    endloop
  endfacet
  facet normal -0 0 1
    outer loop
      vertex 59.2 0.396672 -1.7
      vertex 59.9902 0 -1.7
      vertex 59.4 0.599991 -1.7
    endloop
  endfacet
  facet normal 0 0 1
    outer loop
      vertex 59.2 -5.5 -1.7
      vertex 59.9902 0 -1.7
      vertex 59.2 0.396672 -1.7
    endloop
  endfacet
  facet normal 0 0 1
    outer loop
      vertex 60.0098 0 -1.7
      vertex 59.2 -5.5 -1.7
      vertex 61.7 -5.5 -1.7
    endloop
  endfacet
  facet normal 0 0 1
    outer loop
      vertex 65.6658 -8.97789 -1.7
      vertex 67.2 0 -1.7
      vertex 67.1902 0 -1.7
    endloop
  endfacet
  facet normal 0 0 1
    outer loop
      vertex 66.0098 0 -1.7
      vertex 67.1902 0 -1.7
      vertex 66.6 0.599991 -1.7
    endloop
  endfacet
  facet normal 0 0 1
    outer loop
      vertex 65.6658 -8.97789 -1.7
      vertex 67.1902 0 -1.7
      vertex 66.0098 0 -1.7
    endloop
  endfacet
  facet normal 0 0 1
    outer loop
      vertex 64.1351 -6.32658 -1.7
      vertex 66.0098 0 -1.7
      vertex 65.9902 0 -1.7
    endloop
  endfacet
  facet normal 0 0 1
    outer loop
      vertex 67.2 0 -1.7
      vertex 65.7 -9.5 -1.7
      vertex 67.2 -20 -1.7
    endloop
  endfacet
  facet normal -0 0 1
    outer loop
      vertex 65.7 -13 -1.7
      vertex 67.2 -20 -1.7
      vertex 65.7 -9.5 -1.7
    endloop
  endfacet
  facet normal -0 0 1
    outer loop
      vertex 65.6658 -13.5221 -1.7
      vertex 67.2 -20 -1.7
      vertex 65.7 -13 -1.7
    endloop
  endfacet
  facet normal -0 0 1
    outer loop
      vertex 65.5637 -14.0353 -1.7
      vertex 67.2 -20 -1.7
      vertex 65.6658 -13.5221 -1.7
    endloop
  endfacet
  facet normal -0 0 1
    outer loop
      vertex 65.3955 -14.5307 -1.7
      vertex 67.2 -20 -1.7
      vertex 65.5637 -14.0353 -1.7
    endloop
  endfacet
  facet normal -0 0 1
    outer loop
      vertex 65.1641 -15 -1.7
      vertex 67.2 -20 -1.7
      vertex 65.3955 -14.5307 -1.7
    endloop
  endfacet
  facet normal -0 0 1
    outer loop
      vertex 64.8734 -15.4351 -1.7
      vertex 67.2 -20 -1.7
      vertex 65.1641 -15 -1.7
    endloop
  endfacet
  facet normal -0 0 1
    outer loop
      vertex 64.5284 -15.8284 -1.7
      vertex 67.2 -20 -1.7
      vertex 64.8734 -15.4351 -1.7
    endloop
  endfacet
  facet normal -0 0 1
    outer loop
      vertex 64.1351 -16.1734 -1.7
      vertex 67.2 -20 -1.7
      vertex 64.5284 -15.8284 -1.7
    endloop
  endfacet
  facet normal -0 0 1
    outer loop
      vertex 63.7 -16.4641 -1.7
      vertex 67.2 -20 -1.7
      vertex 64.1351 -16.1734 -1.7
    endloop
  endfacet
  facet normal -0 0 1
    outer loop
      vertex 63.2307 -16.6955 -1.7
      vertex 67.2 -20 -1.7
      vertex 63.7 -16.4641 -1.7
    endloop
  endfacet
  facet normal -0 0 1
    outer loop
      vertex 62.7353 -16.8637 -1.7
      vertex 67.2 -20 -1.7
      vertex 63.2307 -16.6955 -1.7
    endloop
  endfacet
  facet normal -0 0 1
    outer loop
      vertex 62.2221 -16.9658 -1.7
      vertex 67.2 -20 -1.7
      vertex 62.7353 -16.8637 -1.7
    endloop
  endfacet
  facet normal 0 0 1
    outer loop
      vertex 59.2 -20 -1.7
      vertex 62.2221 -16.9658 -1.7
      vertex 61.7 -17 -1.7
    endloop
  endfacet
  facet normal 0 0 1
    outer loop
      vertex 59.2 -20 -1.7
      vertex 61.7 -17 -1.7
      vertex 59.2 -17 -1.7
    endloop
  endfacet
  facet normal 0 0 1
    outer loop
      vertex 62.2221 -16.9658 -1.7
      vertex 59.2 -20 -1.7
      vertex 67.2 -20 -1.7
    endloop
  endfacet
  facet normal -0.382684 2.38547e-05 0.923879
    outer loop
      vertex 67.64 0.437331 -1.64207
      vertex 68.05 0.345823 -1.47224
      vertex 67.8 0.599991 -1.5758
    endloop
  endfacet
  facet normal -0.382688 0 0.923878
    outer loop
      vertex 67.64 -20 -1.64207
      vertex 68.05 0.345823 -1.47224
      vertex 67.64 0.437331 -1.64207
    endloop
  endfacet
  facet normal -0.382688 0 0.923878
    outer loop
      vertex 68.05 0.345823 -1.47224
      vertex 67.64 -20 -1.64207
      vertex 68.05 -20 -1.47224
    endloop
  endfacet
  facet normal 0.382688 0 -0.923878
    outer loop
      vertex 58.35 -20 1.47224
      vertex 58.76 -17 1.64207
      vertex 58.76 -20 1.64207
    endloop
  endfacet
  facet normal 0.382688 0 -0.923878
    outer loop
      vertex 58.76 -17 1.64207
      vertex 58.35 -20 1.47224
      vertex 58.35 -17 1.47224
    endloop
  endfacet
  facet normal 0.382688 0 -0.923878
    outer loop
      vertex 58.35 -5.5 1.47224
      vertex 58.76 0.0306563 1.64207
      vertex 58.76 -5.5 1.64207
    endloop
  endfacet
  facet normal 0.382688 0 -0.923878
    outer loop
      vertex 58.76 0.0306563 1.64207
      vertex 58.35 -5.5 1.47224
      vertex 58.35 0.447491 1.47224
    endloop
  endfacet
  facet normal 0.130533 0 0.991444
    outer loop
      vertex 58.76 -17 -1.64207
      vertex 59.2 -20 -1.7
      vertex 59.2 -17 -1.7
    endloop
  endfacet
  facet normal 0.130533 0 0.991444
    outer loop
      vertex 59.2 -20 -1.7
      vertex 58.76 -17 -1.64207
      vertex 58.76 -20 -1.64207
    endloop
  endfacet
  facet normal 0.130524 0 0.991445
    outer loop
      vertex 58.8098 0 -1.64863
      vertex 59.2 -5.5 -1.7
      vertex 59.2 0.396672 -1.7
    endloop
  endfacet
  facet normal 0.131004 -3.73378e-06 0.991382
    outer loop
      vertex 58.76 -5.5 -1.64207
      vertex 58.8098 0 -1.64863
      vertex 58.7902 0 -1.64604
    endloop
  endfacet
  facet normal 0.130336 -0 0.99147
    outer loop
      vertex 58.76 -5.5 -1.64207
      vertex 58.7902 0 -1.64604
      vertex 58.76 0.0306563 -1.64207
    endloop
  endfacet
  facet normal 0.130533 6.08796e-07 0.991444
    outer loop
      vertex 58.8098 0 -1.64863
      vertex 58.76 -5.5 -1.64207
      vertex 59.2 -5.5 -1.7
    endloop
  endfacet
  facet normal -0.382688 0 -0.923878
    outer loop
      vertex 67.64 -20 1.64207
      vertex 68.05 0.345823 1.47224
      vertex 68.05 -20 1.47224
    endloop
  endfacet
  facet normal -0.382688 0 -0.923878
    outer loop
      vertex 68.05 0.345823 1.47224
      vertex 67.64 -20 1.64207
      vertex 67.64 0.437331 1.64207
    endloop
  endfacet
  facet normal -0.382684 2.38547e-05 -0.923879
    outer loop
      vertex 68.05 0.345823 1.47224
      vertex 67.64 0.437331 1.64207
      vertex 67.8 0.599991 1.5758
    endloop
  endfacet
  facet normal 0 0 -1
    outer loop
      vertex 65.7 -13 -5
      vertex 71.2 0 -5
      vertex 71.2 -23 -5
    endloop
  endfacet
  facet normal 0 0 -1
    outer loop
      vertex 65.6658 -8.97789 -5
      vertex 71.2 0 -5
      vertex 65.7 -9.5 -5
    endloop
  endfacet
  facet normal 0 0 -1
    outer loop
      vertex 65.5637 -8.46472 -5
      vertex 71.2 0 -5
      vertex 65.6658 -8.97789 -5
    endloop
  endfacet
  facet normal 0 0 -1
    outer loop
      vertex 70.7902 0 -5
      vertex 69.6098 0 -5
      vertex 70.2 0.599991 -5
    endloop
  endfacet
  facet normal 0 0 -1
    outer loop
      vertex 65.3955 -7.96925 -5
      vertex 71.2 0 -5
      vertex 65.5637 -8.46472 -5
    endloop
  endfacet
  facet normal -0 0 -1
    outer loop
      vertex 71.2 0 -5
      vertex 65.3955 -7.96925 -5
      vertex 70.7902 0 -5
    endloop
  endfacet
  facet normal -0 0 -1
    outer loop
      vertex 70.7902 0 -5
      vertex 65.3955 -7.96925 -5
      vertex 69.6098 0 -5
    endloop
  endfacet
  facet normal 0 0 -1
    outer loop
      vertex 69.5902 0 -5
      vertex 68.4098 0 -5
      vertex 69 0.599991 -5
    endloop
  endfacet
  facet normal 0 0 -1
    outer loop
      vertex 65.1641 -7.5 -5
      vertex 69.6098 0 -5
      vertex 65.3955 -7.96925 -5
    endloop
  endfacet
  facet normal -0 0 -1
    outer loop
      vertex 69.6098 0 -5
      vertex 65.1641 -7.5 -5
      vertex 69.5902 0 -5
    endloop
  endfacet
  facet normal -0 0 -1
    outer loop
      vertex 69.5902 0 -5
      vertex 65.1641 -7.5 -5
      vertex 68.4098 0 -5
    endloop
  endfacet
  facet normal 0 0 -1
    outer loop
      vertex 64.8734 -7.06494 -5
      vertex 68.4098 0 -5
      vertex 65.1641 -7.5 -5
    endloop
  endfacet
  facet normal -0 0 -1
    outer loop
      vertex 68.4098 0 -5
      vertex 64.8734 -7.06494 -5
      vertex 68.3902 0 -5
    endloop
  endfacet
  facet normal 0 0 -1
    outer loop
      vertex 71.2 0 -5
      vertex 65.7 -13 -5
      vertex 65.7 -9.5 -5
    endloop
  endfacet
  facet normal 0 0 -1
    outer loop
      vertex 71.2 -23 -5
      vertex 65.6658 -13.5221 -5
      vertex 65.7 -13 -5
    endloop
  endfacet
  facet normal 0 0 -1
    outer loop
      vertex 71.2 -23 -5
      vertex 65.5637 -14.0353 -5
      vertex 65.6658 -13.5221 -5
    endloop
  endfacet
  facet normal 0 0 -1
    outer loop
      vertex 71.2 -23 -5
      vertex 65.3955 -14.5307 -5
      vertex 65.5637 -14.0353 -5
    endloop
  endfacet
  facet normal 0 0 -1
    outer loop
      vertex 71.2 -23 -5
      vertex 65.1641 -15 -5
      vertex 65.3955 -14.5307 -5
    endloop
  endfacet
  facet normal 0 0 -1
    outer loop
      vertex 71.2 -23 -5
      vertex 64.8734 -15.4351 -5
      vertex 65.1641 -15 -5
    endloop
  endfacet
  facet normal 0 0 -1
    outer loop
      vertex 71.2 -23 -5
      vertex 64.5284 -15.8284 -5
      vertex 64.8734 -15.4351 -5
    endloop
  endfacet
  facet normal 0 0 -1
    outer loop
      vertex 71.2 -23 -5
      vertex 64.1351 -16.1734 -5
      vertex 64.5284 -15.8284 -5
    endloop
  endfacet
  facet normal 0 0 -1
    outer loop
      vertex 71.2 -23 -5
      vertex 63.7 -16.4641 -5
      vertex 64.1351 -16.1734 -5
    endloop
  endfacet
  facet normal 0 0 -1
    outer loop
      vertex 71.2 -23 -5
      vertex 63.2307 -16.6955 -5
      vertex 63.7 -16.4641 -5
    endloop
  endfacet
  facet normal 0 0 -1
    outer loop
      vertex 71.2 -23 -5
      vertex 62.7353 -16.8637 -5
      vertex 63.2307 -16.6955 -5
    endloop
  endfacet
  facet normal 0 0 -1
    outer loop
      vertex 71.2 -23 -5
      vertex 62.2221 -16.9658 -5
      vertex 62.7353 -16.8637 -5
    endloop
  endfacet
  facet normal 0 0 -1
    outer loop
      vertex 55 -23 -5
      vertex 62.2221 -16.9658 -5
      vertex 71.2 -23 -5
    endloop
  endfacet
  facet normal 0 0 -1
    outer loop
      vertex 62.2221 -16.9658 -5
      vertex 55 -23 -5
      vertex 61.7 -17 -5
    endloop
  endfacet
  facet normal 0 0 -1
    outer loop
      vertex 55 -23 -5
      vertex 55 -17 -5
      vertex 61.7 -17 -5
    endloop
  endfacet
  facet normal 0 0 -1
    outer loop
      vertex 54.4147 -22.9424 -5
      vertex 55 -17 -5
      vertex 55 -23 -5
    endloop
  endfacet
  facet normal 0 0 -1
    outer loop
      vertex 54.4147 -22.9424 -5
      vertex 54.4147 -17.0576 -5
      vertex 55 -17 -5
    endloop
  endfacet
  facet normal 0 0 -1
    outer loop
      vertex 53.8519 -22.7716 -5
      vertex 54.4147 -17.0576 -5
      vertex 54.4147 -22.9424 -5
    endloop
  endfacet
  facet normal 0 0 -1
    outer loop
      vertex 53.8519 -22.7716 -5
      vertex 53.8519 -17.2283 -5
      vertex 54.4147 -17.0576 -5
    endloop
  endfacet
  facet normal 0 0 -1
    outer loop
      vertex 53.3333 -22.4944 -5
      vertex 53.8519 -17.2283 -5
      vertex 53.8519 -22.7716 -5
    endloop
  endfacet
  facet normal 0 0 -1
    outer loop
      vertex 53.3333 -22.4944 -5
      vertex 53.3333 -17.5056 -5
      vertex 53.8519 -17.2283 -5
    endloop
  endfacet
  facet normal 0 0 -1
    outer loop
      vertex 52.8787 -22.1213 -5
      vertex 53.3333 -17.5056 -5
      vertex 53.3333 -22.4944 -5
    endloop
  endfacet
  facet normal 0 0 -1
    outer loop
      vertex 52.8787 -22.1213 -5
      vertex 52.8787 -17.8787 -5
      vertex 53.3333 -17.5056 -5
    endloop
  endfacet
  facet normal 0 0 -1
    outer loop
      vertex 52.5056 -21.6667 -5
      vertex 52.8787 -17.8787 -5
      vertex 52.8787 -22.1213 -5
    endloop
  endfacet
  facet normal 0 0 -1
    outer loop
      vertex 52.5056 -21.6667 -5
      vertex 52.5056 -18.3333 -5
      vertex 52.8787 -17.8787 -5
    endloop
  endfacet
  facet normal 0 0 -1
    outer loop
      vertex 52.2283 -21.148 -5
      vertex 52.5056 -18.3333 -5
      vertex 52.5056 -21.6667 -5
    endloop
  endfacet
  facet normal 0 0 -1
    outer loop
      vertex 52.2283 -21.148 -5
      vertex 52.2283 -18.8519 -5
      vertex 52.5056 -18.3333 -5
    endloop
  endfacet
  facet normal 0 0 -1
    outer loop
      vertex 52.0576 -20.5853 -5
      vertex 52.2283 -18.8519 -5
      vertex 52.2283 -21.148 -5
    endloop
  endfacet
  facet normal 0 0 -1
    outer loop
      vertex 52.0576 -20.5853 -5
      vertex 52.0576 -19.4147 -5
      vertex 52.2283 -18.8519 -5
    endloop
  endfacet
  facet normal 0 -0 -1
    outer loop
      vertex 52.0576 -19.4147 -5
      vertex 52.0576 -20.5853 -5
      vertex 52 -20 -5
    endloop
  endfacet
  facet normal 0 0 -1
    outer loop
      vertex 68.3902 0 -5
      vertex 67.2098 0 -5
      vertex 67.8 0.599991 -5
    endloop
  endfacet
  facet normal -0 0 -1
    outer loop
      vertex 68.3902 0 -5
      vertex 64.8734 -7.06494 -5
      vertex 67.2098 0 -5
    endloop
  endfacet
  facet normal 0 0 -1
    outer loop
      vertex 64.5284 -6.67157 -5
      vertex 67.2098 0 -5
      vertex 64.8734 -7.06494 -5
    endloop
  endfacet
  facet normal 0 0 -1
    outer loop
      vertex 67.1902 0 -5
      vertex 66.0098 0 -5
      vertex 66.6 0.599991 -5
    endloop
  endfacet
  facet normal -0 0 -1
    outer loop
      vertex 67.2098 0 -5
      vertex 64.5284 -6.67157 -5
      vertex 67.1902 0 -5
    endloop
  endfacet
  facet normal 0 0 -1
    outer loop
      vertex 64.1351 -6.32658 -5
      vertex 67.1902 0 -5
      vertex 64.5284 -6.67157 -5
    endloop
  endfacet
  facet normal -0 0 -1
    outer loop
      vertex 67.1902 0 -5
      vertex 64.1351 -6.32658 -5
      vertex 66.0098 0 -5
    endloop
  endfacet
  facet normal 0 0 -1
    outer loop
      vertex 65.9902 0 -5
      vertex 64.8098 0 -5
      vertex 65.4 0.599991 -5
    endloop
  endfacet
  facet normal -0 0 -1
    outer loop
      vertex 66.0098 0 -5
      vertex 64.1351 -6.32658 -5
      vertex 65.9902 0 -5
    endloop
  endfacet
  facet normal 0 0 -1
    outer loop
      vertex 63.7 -6.03589 -5
      vertex 65.9902 0 -5
      vertex 64.1351 -6.32658 -5
    endloop
  endfacet
  facet normal -0 0 -1
    outer loop
      vertex 65.9902 0 -5
      vertex 63.7 -6.03589 -5
      vertex 64.8098 0 -5
    endloop
  endfacet
  facet normal 0 0 -1
    outer loop
      vertex 63.2307 -5.80447 -5
      vertex 64.8098 0 -5
      vertex 63.7 -6.03589 -5
    endloop
  endfacet
  facet normal -0 0 -1
    outer loop
      vertex 64.8098 0 -5
      vertex 63.2307 -5.80447 -5
      vertex 64.7902 0 -5
    endloop
  endfacet
  facet normal 0 0 -1
    outer loop
      vertex 64.7902 0 -5
      vertex 63.6098 0 -5
      vertex 64.2 0.599991 -5
    endloop
  endfacet
  facet normal -0 0 -1
    outer loop
      vertex 64.7902 0 -5
      vertex 63.2307 -5.80447 -5
      vertex 63.6098 0 -5
    endloop
  endfacet
  facet normal 0 0 -1
    outer loop
      vertex 62.7353 -5.63629 -5
      vertex 63.6098 0 -5
      vertex 63.2307 -5.80447 -5
    endloop
  endfacet
  facet normal -0 0 -1
    outer loop
      vertex 63.6098 0 -5
      vertex 62.7353 -5.63629 -5
      vertex 63.5902 0 -5
    endloop
  endfacet
  facet normal 0 0 -1
    outer loop
      vertex 62.2221 -5.53421 -5
      vertex 63.5902 0 -5
      vertex 62.7353 -5.63629 -5
    endloop
  endfacet
  facet normal 0 0 -1
    outer loop
      vertex 63.5902 0 -5
      vertex 62.4098 0 -5
      vertex 63 0.599991 -5
    endloop
  endfacet
  facet normal -0 0 -1
    outer loop
      vertex 63.5902 0 -5
      vertex 62.2221 -5.53421 -5
      vertex 62.4098 0 -5
    endloop
  endfacet
  facet normal -0 0 -1
    outer loop
      vertex 62.4098 0 -5
      vertex 62.2221 -5.53421 -5
      vertex 62.3902 0 -5
    endloop
  endfacet
  facet normal 0 0 -1
    outer loop
      vertex 61.7 -5.5 -5
      vertex 62.3902 0 -5
      vertex 62.2221 -5.53421 -5
    endloop
  endfacet
  facet normal -0 0 -1
    outer loop
      vertex 62.3902 0 -5
      vertex 61.7 -5.5 -5
      vertex 61.2098 0 -5
    endloop
  endfacet
  facet normal 0 0 -1
    outer loop
      vertex 62.3902 0 -5
      vertex 61.2098 0 -5
      vertex 61.8 0.599991 -5
    endloop
  endfacet
  facet normal 0 0 -1
    outer loop
      vertex 61.7 -5.5 -5
      vertex 61.1902 0 -5
      vertex 61.2098 0 -5
    endloop
  endfacet
  facet normal 0 0 -1
    outer loop
      vertex 60.0098 0 -5
      vertex 61.1902 0 -5
      vertex 61.7 -5.5 -5
    endloop
  endfacet
  facet normal 0 0 -1
    outer loop
      vertex 61.1902 0 -5
      vertex 60.0098 0 -5
      vertex 60.6 0.599991 -5
    endloop
  endfacet
  facet normal 0 0 -1
    outer loop
      vertex 61.7 -5.5 -5
      vertex 59.9902 0 -5
      vertex 60.0098 0 -5
    endloop
  endfacet
  facet normal 0 0 -1
    outer loop
      vertex 58.8098 0 -5
      vertex 59.9902 0 -5
      vertex 61.7 -5.5 -5
    endloop
  endfacet
  facet normal 0 0 -1
    outer loop
      vertex 59.9902 0 -5
      vertex 58.8098 0 -5
      vertex 59.4 0.599991 -5
    endloop
  endfacet
  facet normal 0 0 -1
    outer loop
      vertex 61.7 -5.5 -5
      vertex 58.7902 0 -5
      vertex 58.8098 0 -5
    endloop
  endfacet
  facet normal 0 0 -1
    outer loop
      vertex 57.6098 0 -5
      vertex 58.7902 0 -5
      vertex 61.7 -5.5 -5
    endloop
  endfacet
  facet normal 0 0 -1
    outer loop
      vertex 58.7902 0 -5
      vertex 57.6098 0 -5
      vertex 58.2 0.599991 -5
    endloop
  endfacet
  facet normal 0 0 -1
    outer loop
      vertex 61.7 -5.5 -5
      vertex 57.5902 0 -5
      vertex 57.6098 0 -5
    endloop
  endfacet
  facet normal 0 0 -1
    outer loop
      vertex 56.4098 0 -5
      vertex 57.5902 0 -5
      vertex 61.7 -5.5 -5
    endloop
  endfacet
  facet normal 0 0 -1
    outer loop
      vertex 57.5902 0 -5
      vertex 56.4098 0 -5
      vertex 57 0.599991 -5
    endloop
  endfacet
  facet normal 0 0 -1
    outer loop
      vertex 61.7 -5.5 -5
      vertex 56.3902 0 -5
      vertex 56.4098 0 -5
    endloop
  endfacet
  facet normal 0 0 -1
    outer loop
      vertex 55.2098 0 -5
      vertex 56.3902 0 -5
      vertex 61.7 -5.5 -5
    endloop
  endfacet
  facet normal 0 0 -1
    outer loop
      vertex 56.3902 0 -5
      vertex 55.2098 0 -5
      vertex 55.8 0.599991 -5
    endloop
  endfacet
  facet normal 0 0 -1
    outer loop
      vertex 61.7 -5.5 -5
      vertex 55.1902 0 -5
      vertex 55.2098 0 -5
    endloop
  endfacet
  facet normal 0 0 -1
    outer loop
      vertex 55.1902 0 -5
      vertex 54.0098 0 -5
      vertex 54.6 0.599991 -5
    endloop
  endfacet
  facet normal 0 0 -1
    outer loop
      vertex 61.7 -5.5 -5
      vertex 54.0098 0 -5
      vertex 55.1902 0 -5
    endloop
  endfacet
  facet normal 0 0 -1
    outer loop
      vertex 61.7 -5.5 -5
      vertex 53.9902 0 -5
      vertex 54.0098 0 -5
    endloop
  endfacet
  facet normal 0 0 -1
    outer loop
      vertex 53.9902 0 -5
      vertex 52.8098 0 -5
      vertex 53.4 0.599991 -5
    endloop
  endfacet
  facet normal 0 0 -1
    outer loop
      vertex 61.7 -5.5 -5
      vertex 52.8098 0 -5
      vertex 53.9902 0 -5
    endloop
  endfacet
  facet normal 0 0 -1
    outer loop
      vertex 44.2 -5.5 -5
      vertex 52.8098 0 -5
      vertex 61.7 -5.5 -5
    endloop
  endfacet
  facet normal 0 0 -1
    outer loop
      vertex 52.7902 0 -5
      vertex 51.6098 0 -5
      vertex 52.2 0.599991 -5
    endloop
  endfacet
  facet normal -0 0 -1
    outer loop
      vertex 52.8098 0 -5
      vertex 44.2 -5.5 -5
      vertex 52.7902 0 -5
    endloop
  endfacet
  facet normal -0 0 -1
    outer loop
      vertex 52.7902 0 -5
      vertex 44.2 -5.5 -5
      vertex 51.6098 0 -5
    endloop
  endfacet
  facet normal 0 0 -1
    outer loop
      vertex 51.5902 0 -5
      vertex 50.4098 0 -5
      vertex 51 0.599991 -5
    endloop
  endfacet
  facet normal -0 0 -1
    outer loop
      vertex 51.6098 0 -5
      vertex 44.2 -5.5 -5
      vertex 51.5902 0 -5
    endloop
  endfacet
  facet normal -0 0 -1
    outer loop
      vertex 51.5902 0 -5
      vertex 44.2 -5.5 -5
      vertex 50.4098 0 -5
    endloop
  endfacet
  facet normal 0 0 -1
    outer loop
      vertex 50.3902 0 -5
      vertex 49.2098 0 -5
      vertex 49.8 0.599991 -5
    endloop
  endfacet
  facet normal -0 0 -1
    outer loop
      vertex 50.4098 0 -5
      vertex 44.2 -5.5 -5
      vertex 50.3902 0 -5
    endloop
  endfacet
  facet normal -0 0 -1
    outer loop
      vertex 50.3902 0 -5
      vertex 44.2 -5.5 -5
      vertex 49.2098 0 -5
    endloop
  endfacet
  facet normal 0 0 -1
    outer loop
      vertex 49.1902 0 -5
      vertex 48.0098 0 -5
      vertex 48.6 0.599991 -5
    endloop
  endfacet
  facet normal -0 0 -1
    outer loop
      vertex 49.2098 0 -5
      vertex 44.2 -5.5 -5
      vertex 49.1902 0 -5
    endloop
  endfacet
  facet normal -0 0 -1
    outer loop
      vertex 49.1902 0 -5
      vertex 44.2 -5.5 -5
      vertex 48.0098 0 -5
    endloop
  endfacet
  facet normal 0 0 -1
    outer loop
      vertex 47.9902 0 -5
      vertex 46.8098 0 -5
      vertex 47.4 0.599991 -5
    endloop
  endfacet
  facet normal -0 0 -1
    outer loop
      vertex 48.0098 0 -5
      vertex 44.2 -5.5 -5
      vertex 47.9902 0 -5
    endloop
  endfacet
  facet normal -0 0 -1
    outer loop
      vertex 47.9902 0 -5
      vertex 44.2 -5.5 -5
      vertex 46.8098 0 -5
    endloop
  endfacet
  facet normal 0 0 -1
    outer loop
      vertex 46.7902 0 -5
      vertex 45.6098 0 -5
      vertex 46.2 0.599991 -5
    endloop
  endfacet
  facet normal -0 0 -1
    outer loop
      vertex 46.8098 0 -5
      vertex 44.2 -5.5 -5
      vertex 46.7902 0 -5
    endloop
  endfacet
  facet normal -0 0 -1
    outer loop
      vertex 46.7902 0 -5
      vertex 44.2 -5.5 -5
      vertex 45.6098 0 -5
    endloop
  endfacet
  facet normal 0 0 -1
    outer loop
      vertex 45.5902 0 -5
      vertex 44.4098 0 -5
      vertex 45 0.599991 -5
    endloop
  endfacet
  facet normal -0 0 -1
    outer loop
      vertex 45.6098 0 -5
      vertex 44.2 -5.5 -5
      vertex 45.5902 0 -5
    endloop
  endfacet
  facet normal -0 0 -1
    outer loop
      vertex 45.5902 0 -5
      vertex 44.2 -5.5 -5
      vertex 44.4098 0 -5
    endloop
  endfacet
  facet normal -0 0 -1
    outer loop
      vertex 44.4098 0 -5
      vertex 44.2 -5.5 -5
      vertex 44.2 0 -5
    endloop
  endfacet
  facet normal 0 0 1
    outer loop
      vertex 71.2 0 5
      vertex 65.6658 -8.97789 5
      vertex 65.7 -9.5 5
    endloop
  endfacet
  facet normal 0 0 1
    outer loop
      vertex 66.0098 0 5
      vertex 65.5637 -8.46472 5
      vertex 65.6658 -8.97789 5
    endloop
  endfacet
  facet normal 0 0 1
    outer loop
      vertex 64.8098 0 5
      vertex 65.9902 0 5
      vertex 65.4 0.599991 5
    endloop
  endfacet
  facet normal 0 0 1
    outer loop
      vertex 66.0098 0 5
      vertex 65.3955 -7.96925 5
      vertex 65.5637 -8.46472 5
    endloop
  endfacet
  facet normal 0 0 1
    outer loop
      vertex 66.0098 0 5
      vertex 65.1641 -7.5 5
      vertex 65.3955 -7.96925 5
    endloop
  endfacet
  facet normal 0 0 1
    outer loop
      vertex 66.0098 0 5
      vertex 64.8734 -7.06494 5
      vertex 65.1641 -7.5 5
    endloop
  endfacet
  facet normal 0 0 1
    outer loop
      vertex 63.7 -6.03589 5
      vertex 65.9902 0 5
      vertex 64.8098 0 5
    endloop
  endfacet
  facet normal 0 0 1
    outer loop
      vertex 63.2307 -5.80447 5
      vertex 64.8098 0 5
      vertex 64.7902 0 5
    endloop
  endfacet
  facet normal 0 0 1
    outer loop
      vertex 66.0098 0 5
      vertex 64.5284 -6.67157 5
      vertex 64.8734 -7.06494 5
    endloop
  endfacet
  facet normal 0 0 1
    outer loop
      vertex 63.6098 0 5
      vertex 64.7902 0 5
      vertex 64.2 0.599991 5
    endloop
  endfacet
  facet normal 0 0 1
    outer loop
      vertex 66.0098 0 5
      vertex 64.1351 -6.32658 5
      vertex 64.5284 -6.67157 5
    endloop
  endfacet
  facet normal 0 0 1
    outer loop
      vertex 63.2307 -5.80447 5
      vertex 64.7902 0 5
      vertex 63.6098 0 5
    endloop
  endfacet
  facet normal 0 0 1
    outer loop
      vertex 65.9902 0 5
      vertex 63.7 -6.03589 5
      vertex 64.1351 -6.32658 5
    endloop
  endfacet
  facet normal 0 0 1
    outer loop
      vertex 62.7353 -5.63629 5
      vertex 63.6098 0 5
      vertex 63.5902 0 5
    endloop
  endfacet
  facet normal 0 0 1
    outer loop
      vertex 64.8098 0 5
      vertex 63.2307 -5.80447 5
      vertex 63.7 -6.03589 5
    endloop
  endfacet
  facet normal 0 0 1
    outer loop
      vertex 62.4098 0 5
      vertex 63.5902 0 5
      vertex 63 0.599991 5
    endloop
  endfacet
  facet normal 0 0 1
    outer loop
      vertex 62.2221 -5.53421 5
      vertex 63.5902 0 5
      vertex 62.4098 0 5
    endloop
  endfacet
  facet normal 0 0 1
    outer loop
      vertex 63.6098 0 5
      vertex 62.7353 -5.63629 5
      vertex 63.2307 -5.80447 5
    endloop
  endfacet
  facet normal 0 0 1
    outer loop
      vertex 62.2221 -5.53421 5
      vertex 62.4098 0 5
      vertex 62.3902 0 5
    endloop
  endfacet
  facet normal 0 0 1
    outer loop
      vertex 63.5902 0 5
      vertex 62.2221 -5.53421 5
      vertex 62.7353 -5.63629 5
    endloop
  endfacet
  facet normal 0 0 1
    outer loop
      vertex 61.2098 0 5
      vertex 62.3902 0 5
      vertex 61.8 0.599991 5
    endloop
  endfacet
  facet normal 0 -0 1
    outer loop
      vertex 61.7 -5.5 5
      vertex 62.3902 0 5
      vertex 61.2098 0 5
    endloop
  endfacet
  facet normal 0 0 1
    outer loop
      vertex 62.3902 0 5
      vertex 61.7 -5.5 5
      vertex 62.2221 -5.53421 5
    endloop
  endfacet
  facet normal -0 0 1
    outer loop
      vertex 61.1902 0 5
      vertex 61.7 -5.5 5
      vertex 61.2098 0 5
    endloop
  endfacet
  facet normal 0 0 1
    outer loop
      vertex 60.0098 0 5
      vertex 61.1902 0 5
      vertex 60.6 0.599991 5
    endloop
  endfacet
  facet normal 0 0 1
    outer loop
      vertex 61.1902 0 5
      vertex 60.0098 0 5
      vertex 61.7 -5.5 5
    endloop
  endfacet
  facet normal -0 0 1
    outer loop
      vertex 59.9902 0 5
      vertex 61.7 -5.5 5
      vertex 60.0098 0 5
    endloop
  endfacet
  facet normal 0 0 1
    outer loop
      vertex 58.8098 0 5
      vertex 59.9902 0 5
      vertex 59.4 0.599991 5
    endloop
  endfacet
  facet normal 0 0 1
    outer loop
      vertex 59.9902 0 5
      vertex 58.8098 0 5
      vertex 61.7 -5.5 5
    endloop
  endfacet
  facet normal -0 0 1
    outer loop
      vertex 58.7902 0 5
      vertex 61.7 -5.5 5
      vertex 58.8098 0 5
    endloop
  endfacet
  facet normal 0 0 1
    outer loop
      vertex 57.6098 0 5
      vertex 58.7902 0 5
      vertex 58.2 0.599991 5
    endloop
  endfacet
  facet normal 0 0 1
    outer loop
      vertex 58.7902 0 5
      vertex 57.6098 0 5
      vertex 61.7 -5.5 5
    endloop
  endfacet
  facet normal -0 0 1
    outer loop
      vertex 57.5902 0 5
      vertex 61.7 -5.5 5
      vertex 57.6098 0 5
    endloop
  endfacet
  facet normal 0 0 1
    outer loop
      vertex 56.4098 0 5
      vertex 57.5902 0 5
      vertex 57 0.599991 5
    endloop
  endfacet
  facet normal 0 0 1
    outer loop
      vertex 57.5902 0 5
      vertex 56.4098 0 5
      vertex 61.7 -5.5 5
    endloop
  endfacet
  facet normal -0 0 1
    outer loop
      vertex 56.3902 0 5
      vertex 61.7 -5.5 5
      vertex 56.4098 0 5
    endloop
  endfacet
  facet normal 0 0 1
    outer loop
      vertex 55.2098 0 5
      vertex 56.3902 0 5
      vertex 55.8 0.599991 5
    endloop
  endfacet
  facet normal 0 0 1
    outer loop
      vertex 56.3902 0 5
      vertex 55.2098 0 5
      vertex 61.7 -5.5 5
    endloop
  endfacet
  facet normal -0 0 1
    outer loop
      vertex 55.1902 0 5
      vertex 61.7 -5.5 5
      vertex 55.2098 0 5
    endloop
  endfacet
  facet normal 0 0 1
    outer loop
      vertex 54.0098 0 5
      vertex 55.1902 0 5
      vertex 54.6 0.599991 5
    endloop
  endfacet
  facet normal -0 0 1
    outer loop
      vertex 54.0098 0 5
      vertex 61.7 -5.5 5
      vertex 55.1902 0 5
    endloop
  endfacet
  facet normal -0 0 1
    outer loop
      vertex 53.9902 0 5
      vertex 61.7 -5.5 5
      vertex 54.0098 0 5
    endloop
  endfacet
  facet normal 0 0 1
    outer loop
      vertex 52.8098 0 5
      vertex 53.9902 0 5
      vertex 53.4 0.599991 5
    endloop
  endfacet
  facet normal -0 0 1
    outer loop
      vertex 52.8098 0 5
      vertex 61.7 -5.5 5
      vertex 53.9902 0 5
    endloop
  endfacet
  facet normal 0 0 1
    outer loop
      vertex 44.2 -5.5 5
      vertex 52.8098 0 5
      vertex 52.7902 0 5
    endloop
  endfacet
  facet normal 0 0 1
    outer loop
      vertex 51.6098 0 5
      vertex 52.7902 0 5
      vertex 52.2 0.599991 5
    endloop
  endfacet
  facet normal 0 0 1
    outer loop
      vertex 44.2 -5.5 5
      vertex 52.7902 0 5
      vertex 51.6098 0 5
    endloop
  endfacet
  facet normal 0 0 1
    outer loop
      vertex 44.2 -5.5 5
      vertex 51.6098 0 5
      vertex 51.5902 0 5
    endloop
  endfacet
  facet normal 0 0 1
    outer loop
      vertex 50.4098 0 5
      vertex 51.5902 0 5
      vertex 51 0.599991 5
    endloop
  endfacet
  facet normal 0 0 1
    outer loop
      vertex 44.2 -5.5 5
      vertex 51.5902 0 5
      vertex 50.4098 0 5
    endloop
  endfacet
  facet normal 0 0 1
    outer loop
      vertex 44.2 -5.5 5
      vertex 50.4098 0 5
      vertex 50.3902 0 5
    endloop
  endfacet
  facet normal 0 0 1
    outer loop
      vertex 49.2098 0 5
      vertex 50.3902 0 5
      vertex 49.8 0.599991 5
    endloop
  endfacet
  facet normal 0 0 1
    outer loop
      vertex 44.2 -5.5 5
      vertex 50.3902 0 5
      vertex 49.2098 0 5
    endloop
  endfacet
  facet normal 0 0 1
    outer loop
      vertex 44.2 -5.5 5
      vertex 49.2098 0 5
      vertex 49.1902 0 5
    endloop
  endfacet
  facet normal 0 0 1
    outer loop
      vertex 48.0098 0 5
      vertex 49.1902 0 5
      vertex 48.6 0.599991 5
    endloop
  endfacet
  facet normal 0 0 1
    outer loop
      vertex 44.2 -5.5 5
      vertex 49.1902 0 5
      vertex 48.0098 0 5
    endloop
  endfacet
  facet normal 0 0 1
    outer loop
      vertex 44.2 -5.5 5
      vertex 48.0098 0 5
      vertex 47.9902 0 5
    endloop
  endfacet
  facet normal 0 0 1
    outer loop
      vertex 46.8098 0 5
      vertex 47.9902 0 5
      vertex 47.4 0.599991 5
    endloop
  endfacet
  facet normal 0 0 1
    outer loop
      vertex 44.2 -5.5 5
      vertex 47.9902 0 5
      vertex 46.8098 0 5
    endloop
  endfacet
  facet normal 0 0 1
    outer loop
      vertex 44.2 -5.5 5
      vertex 46.8098 0 5
      vertex 46.7902 0 5
    endloop
  endfacet
  facet normal 0 0 1
    outer loop
      vertex 45.6098 0 5
      vertex 46.7902 0 5
      vertex 46.2 0.599991 5
    endloop
  endfacet
  facet normal 0 0 1
    outer loop
      vertex 44.2 -5.5 5
      vertex 46.7902 0 5
      vertex 45.6098 0 5
    endloop
  endfacet
  facet normal 0 0 1
    outer loop
      vertex 44.2 -5.5 5
      vertex 45.6098 0 5
      vertex 45.5902 0 5
    endloop
  endfacet
  facet normal 0 0 1
    outer loop
      vertex 44.4098 0 5
      vertex 45.5902 0 5
      vertex 45 0.599991 5
    endloop
  endfacet
  facet normal 0 0 1
    outer loop
      vertex 44.2 -5.5 5
      vertex 45.5902 0 5
      vertex 44.4098 0 5
    endloop
  endfacet
  facet normal 0 0 1
    outer loop
      vertex 44.2 -5.5 5
      vertex 44.4098 0 5
      vertex 44.2 0 5
    endloop
  endfacet
  facet normal 0 0 1
    outer loop
      vertex 52.8098 0 5
      vertex 44.2 -5.5 5
      vertex 61.7 -5.5 5
    endloop
  endfacet
  facet normal 0 0 1
    outer loop
      vertex 65.6658 -8.97789 5
      vertex 71.2 0 5
      vertex 70.7902 0 5
    endloop
  endfacet
  facet normal 0 0 1
    outer loop
      vertex 69.6098 0 5
      vertex 70.7902 0 5
      vertex 70.2 0.599991 5
    endloop
  endfacet
  facet normal 0 0 1
    outer loop
      vertex 65.6658 -8.97789 5
      vertex 70.7902 0 5
      vertex 69.6098 0 5
    endloop
  endfacet
  facet normal 0 0 1
    outer loop
      vertex 65.6658 -8.97789 5
      vertex 69.6098 0 5
      vertex 69.5902 0 5
    endloop
  endfacet
  facet normal 0 0 1
    outer loop
      vertex 68.4098 0 5
      vertex 69.5902 0 5
      vertex 69 0.599991 5
    endloop
  endfacet
  facet normal 0 0 1
    outer loop
      vertex 65.6658 -8.97789 5
      vertex 69.5902 0 5
      vertex 68.4098 0 5
    endloop
  endfacet
  facet normal 0 0 1
    outer loop
      vertex 65.6658 -8.97789 5
      vertex 68.4098 0 5
      vertex 68.3902 0 5
    endloop
  endfacet
  facet normal 0 0 1
    outer loop
      vertex 67.2098 0 5
      vertex 68.3902 0 5
      vertex 67.8 0.599991 5
    endloop
  endfacet
  facet normal 0 0 1
    outer loop
      vertex 65.6658 -8.97789 5
      vertex 68.3902 0 5
      vertex 67.2098 0 5
    endloop
  endfacet
  facet normal 0 0 1
    outer loop
      vertex 65.6658 -8.97789 5
      vertex 67.2098 0 5
      vertex 67.1902 0 5
    endloop
  endfacet
  facet normal 0 0 1
    outer loop
      vertex 66.0098 0 5
      vertex 67.1902 0 5
      vertex 66.6 0.599991 5
    endloop
  endfacet
  facet normal 0 0 1
    outer loop
      vertex 65.6658 -8.97789 5
      vertex 67.1902 0 5
      vertex 66.0098 0 5
    endloop
  endfacet
  facet normal 0 0 1
    outer loop
      vertex 64.1351 -6.32658 5
      vertex 66.0098 0 5
      vertex 65.9902 0 5
    endloop
  endfacet
  facet normal 0 0 1
    outer loop
      vertex 65.7 -13 5
      vertex 71.2 0 5
      vertex 65.7 -9.5 5
    endloop
  endfacet
  facet normal 0 0 1
    outer loop
      vertex 71.2 0 5
      vertex 65.7 -13 5
      vertex 71.2 -23 5
    endloop
  endfacet
  facet normal -0 0 1
    outer loop
      vertex 65.6658 -13.5221 5
      vertex 71.2 -23 5
      vertex 65.7 -13 5
    endloop
  endfacet
  facet normal -0 0 1
    outer loop
      vertex 65.5637 -14.0353 5
      vertex 71.2 -23 5
      vertex 65.6658 -13.5221 5
    endloop
  endfacet
  facet normal -0 0 1
    outer loop
      vertex 65.3955 -14.5307 5
      vertex 71.2 -23 5
      vertex 65.5637 -14.0353 5
    endloop
  endfacet
  facet normal -0 0 1
    outer loop
      vertex 65.1641 -15 5
      vertex 71.2 -23 5
      vertex 65.3955 -14.5307 5
    endloop
  endfacet
  facet normal -0 0 1
    outer loop
      vertex 64.8734 -15.4351 5
      vertex 71.2 -23 5
      vertex 65.1641 -15 5
    endloop
  endfacet
  facet normal -0 0 1
    outer loop
      vertex 64.5284 -15.8284 5
      vertex 71.2 -23 5
      vertex 64.8734 -15.4351 5
    endloop
  endfacet
  facet normal -0 0 1
    outer loop
      vertex 64.1351 -16.1734 5
      vertex 71.2 -23 5
      vertex 64.5284 -15.8284 5
    endloop
  endfacet
  facet normal -0 0 1
    outer loop
      vertex 63.7 -16.4641 5
      vertex 71.2 -23 5
      vertex 64.1351 -16.1734 5
    endloop
  endfacet
  facet normal -0 0 1
    outer loop
      vertex 63.2307 -16.6955 5
      vertex 71.2 -23 5
      vertex 63.7 -16.4641 5
    endloop
  endfacet
  facet normal -0 0 1
    outer loop
      vertex 62.7353 -16.8637 5
      vertex 71.2 -23 5
      vertex 63.2307 -16.6955 5
    endloop
  endfacet
  facet normal -0 0 1
    outer loop
      vertex 62.2221 -16.9658 5
      vertex 71.2 -23 5
      vertex 62.7353 -16.8637 5
    endloop
  endfacet
  facet normal 0 0 1
    outer loop
      vertex 55 -23 5
      vertex 62.2221 -16.9658 5
      vertex 61.7 -17 5
    endloop
  endfacet
  facet normal 0 0 1
    outer loop
      vertex 55 -23 5
      vertex 61.7 -17 5
      vertex 55 -17 5
    endloop
  endfacet
  facet normal 0 0 1
    outer loop
      vertex 62.2221 -16.9658 5
      vertex 55 -23 5
      vertex 71.2 -23 5
    endloop
  endfacet
  facet normal -0 0 1
    outer loop
      vertex 54.4147 -17.0576 5
      vertex 55 -23 5
      vertex 55 -17 5
    endloop
  endfacet
  facet normal 0 0 1
    outer loop
      vertex 54.4147 -17.0576 5
      vertex 54.4147 -22.9424 5
      vertex 55 -23 5
    endloop
  endfacet
  facet normal -0 0 1
    outer loop
      vertex 53.8519 -17.2283 5
      vertex 54.4147 -22.9424 5
      vertex 54.4147 -17.0576 5
    endloop
  endfacet
  facet normal 0 0 1
    outer loop
      vertex 53.8519 -17.2283 5
      vertex 53.8519 -22.7716 5
      vertex 54.4147 -22.9424 5
    endloop
  endfacet
  facet normal -0 0 1
    outer loop
      vertex 53.3333 -17.5056 5
      vertex 53.8519 -22.7716 5
      vertex 53.8519 -17.2283 5
    endloop
  endfacet
  facet normal 0 0 1
    outer loop
      vertex 53.3333 -17.5056 5
      vertex 53.3333 -22.4944 5
      vertex 53.8519 -22.7716 5
    endloop
  endfacet
  facet normal -0 0 1
    outer loop
      vertex 52.8787 -17.8787 5
      vertex 53.3333 -22.4944 5
      vertex 53.3333 -17.5056 5
    endloop
  endfacet
  facet normal 0 0 1
    outer loop
      vertex 52.8787 -17.8787 5
      vertex 52.8787 -22.1213 5
      vertex 53.3333 -22.4944 5
    endloop
  endfacet
  facet normal -0 0 1
    outer loop
      vertex 52.5056 -18.3333 5
      vertex 52.8787 -22.1213 5
      vertex 52.8787 -17.8787 5
    endloop
  endfacet
  facet normal 0 0 1
    outer loop
      vertex 52.5056 -18.3333 5
      vertex 52.5056 -21.6667 5
      vertex 52.8787 -22.1213 5
    endloop
  endfacet
  facet normal -0 0 1
    outer loop
      vertex 52.2283 -18.8519 5
      vertex 52.5056 -21.6667 5
      vertex 52.5056 -18.3333 5
    endloop
  endfacet
  facet normal 0 0 1
    outer loop
      vertex 52.2283 -18.8519 5
      vertex 52.2283 -21.148 5
      vertex 52.5056 -21.6667 5
    endloop
  endfacet
  facet normal -0 0 1
    outer loop
      vertex 52.0576 -19.4147 5
      vertex 52.2283 -21.148 5
      vertex 52.2283 -18.8519 5
    endloop
  endfacet
  facet normal 0 0 1
    outer loop
      vertex 52.0576 -19.4147 5
      vertex 52.0576 -20.5853 5
      vertex 52.2283 -21.148 5
    endloop
  endfacet
  facet normal 0 -0 1
    outer loop
      vertex 52.0576 -20.5853 5
      vertex 52.0576 -19.4147 5
      vertex 52 -20 5
    endloop
  endfacet
  facet normal -0.195087 -0.980786 0
    outer loop
      vertex 62.2221 -5.53421 -5
      vertex 62.7353 -5.63629 -1.7
      vertex 62.2221 -5.53421 -1.7
    endloop
  endfacet
  facet normal -0.195087 -0.980786 -0
    outer loop
      vertex 62.7353 -5.63629 -1.7
      vertex 62.2221 -5.53421 -5
      vertex 62.7353 -5.63629 -5
    endloop
  endfacet
  facet normal -0.195087 -0.980786 0
    outer loop
      vertex 62.2221 -5.53421 1.7
      vertex 62.7353 -5.63629 5
      vertex 62.2221 -5.53421 5
    endloop
  endfacet
  facet normal -0.195087 -0.980786 -0
    outer loop
      vertex 62.7353 -5.63629 5
      vertex 62.2221 -5.53421 1.7
      vertex 62.7353 -5.63629 1.7
    endloop
  endfacet
  facet normal -0.321464 -0.946922 0
    outer loop
      vertex 62.7353 -5.63629 -5
      vertex 63.2307 -5.80447 -1.7
      vertex 62.7353 -5.63629 -1.7
    endloop
  endfacet
  facet normal -0.321464 -0.946922 -0
    outer loop
      vertex 63.2307 -5.80447 -1.7
      vertex 62.7353 -5.63629 -5
      vertex 63.2307 -5.80447 -5
    endloop
  endfacet
  facet normal -0.321464 -0.946922 0
    outer loop
      vertex 62.7353 -5.63629 1.7
      vertex 63.2307 -5.80447 5
      vertex 62.7353 -5.63629 5
    endloop
  endfacet
  facet normal -0.321464 -0.946922 -0
    outer loop
      vertex 63.2307 -5.80447 5
      vertex 62.7353 -5.63629 1.7
      vertex 63.2307 -5.80447 1.7
    endloop
  endfacet
  facet normal -0.442268 -0.896883 0
    outer loop
      vertex 63.2307 -5.80447 -5
      vertex 63.7 -6.03589 -1.7
      vertex 63.2307 -5.80447 -1.7
    endloop
  endfacet
  facet normal -0.442268 -0.896883 -0
    outer loop
      vertex 63.7 -6.03589 -1.7
      vertex 63.2307 -5.80447 -5
      vertex 63.7 -6.03589 -5
    endloop
  endfacet
  facet normal -0.442268 -0.896883 0
    outer loop
      vertex 63.2307 -5.80447 1.7
      vertex 63.7 -6.03589 5
      vertex 63.2307 -5.80447 5
    endloop
  endfacet
  facet normal -0.442268 -0.896883 -0
    outer loop
      vertex 63.7 -6.03589 5
      vertex 63.2307 -5.80447 1.7
      vertex 63.7 -6.03589 1.7
    endloop
  endfacet
  facet normal -0.555525 -0.8315 0
    outer loop
      vertex 63.7 -6.03589 -5
      vertex 64.1351 -6.32658 -1.7
      vertex 63.7 -6.03589 -1.7
    endloop
  endfacet
  facet normal -0.555525 -0.8315 -0
    outer loop
      vertex 64.1351 -6.32658 -1.7
      vertex 63.7 -6.03589 -5
      vertex 64.1351 -6.32658 -5
    endloop
  endfacet
  facet normal -0.555525 -0.8315 0
    outer loop
      vertex 63.7 -6.03589 1.7
      vertex 64.1351 -6.32658 5
      vertex 63.7 -6.03589 5
    endloop
  endfacet
  facet normal -0.555525 -0.8315 -0
    outer loop
      vertex 64.1351 -6.32658 5
      vertex 63.7 -6.03589 1.7
      vertex 64.1351 -6.32658 1.7
    endloop
  endfacet
  facet normal -0.659427 -0.751769 0
    outer loop
      vertex 64.1351 -6.32658 -5
      vertex 64.5284 -6.67157 -1.7
      vertex 64.1351 -6.32658 -1.7
    endloop
  endfacet
  facet normal -0.659427 -0.751769 -0
    outer loop
      vertex 64.5284 -6.67157 -1.7
      vertex 64.1351 -6.32658 -5
      vertex 64.5284 -6.67157 -5
    endloop
  endfacet
  facet normal -0.659427 -0.751769 0
    outer loop
      vertex 64.1351 -6.32658 1.7
      vertex 64.5284 -6.67157 5
      vertex 64.1351 -6.32658 5
    endloop
  endfacet
  facet normal -0.659427 -0.751769 -0
    outer loop
      vertex 64.5284 -6.67157 5
      vertex 64.1351 -6.32658 1.7
      vertex 64.5284 -6.67157 1.7
    endloop
  endfacet
  facet normal -0.751817 -0.659371 0
    outer loop
      vertex 64.8734 -7.06494 -5
      vertex 64.5284 -6.67157 -1.7
      vertex 64.5284 -6.67157 -5
    endloop
  endfacet
  facet normal -0.751817 -0.659371 0
    outer loop
      vertex 64.5284 -6.67157 -1.7
      vertex 64.8734 -7.06494 -5
      vertex 64.8734 -7.06494 -1.7
    endloop
  endfacet
  facet normal -0.751817 -0.659371 0
    outer loop
      vertex 64.8734 -7.06494 1.7
      vertex 64.5284 -6.67157 5
      vertex 64.5284 -6.67157 1.7
    endloop
  endfacet
  facet normal -0.751817 -0.659371 0
    outer loop
      vertex 64.5284 -6.67157 5
      vertex 64.8734 -7.06494 1.7
      vertex 64.8734 -7.06494 5
    endloop
  endfacet
  facet normal -0.831468 -0.555573 0
    outer loop
      vertex 65.1641 -7.5 -5
      vertex 64.8734 -7.06494 -1.7
      vertex 64.8734 -7.06494 -5
    endloop
  endfacet
  facet normal -0.831468 -0.555573 0
    outer loop
      vertex 64.8734 -7.06494 -1.7
      vertex 65.1641 -7.5 -5
      vertex 65.1641 -7.5 -1.7
    endloop
  endfacet
  facet normal -0.831468 -0.555573 0
    outer loop
      vertex 65.1641 -7.5 1.7
      vertex 64.8734 -7.06494 5
      vertex 64.8734 -7.06494 1.7
    endloop
  endfacet
  facet normal -0.831468 -0.555573 0
    outer loop
      vertex 64.8734 -7.06494 5
      vertex 65.1641 -7.5 1.7
      vertex 65.1641 -7.5 5
    endloop
  endfacet
  facet normal -0.896879 -0.442276 0
    outer loop
      vertex 65.3955 -7.96925 -5
      vertex 65.1641 -7.5 -1.7
      vertex 65.1641 -7.5 -5
    endloop
  endfacet
  facet normal -0.896879 -0.442276 0
    outer loop
      vertex 65.1641 -7.5 -1.7
      vertex 65.3955 -7.96925 -5
      vertex 65.3955 -7.96925 -1.7
    endloop
  endfacet
  facet normal -0.896879 -0.442276 0
    outer loop
      vertex 65.3955 -7.96925 1.7
      vertex 65.1641 -7.5 5
      vertex 65.1641 -7.5 1.7
    endloop
  endfacet
  facet normal -0.896879 -0.442276 0
    outer loop
      vertex 65.1641 -7.5 5
      vertex 65.3955 -7.96925 1.7
      vertex 65.3955 -7.96925 5
    endloop
  endfacet
  facet normal -0.946924 -0.321458 0
    outer loop
      vertex 65.5637 -8.46472 -5
      vertex 65.3955 -7.96925 -1.7
      vertex 65.3955 -7.96925 -5
    endloop
  endfacet
  facet normal -0.946924 -0.321458 0
    outer loop
      vertex 65.3955 -7.96925 -1.7
      vertex 65.5637 -8.46472 -5
      vertex 65.5637 -8.46472 -1.7
    endloop
  endfacet
  facet normal -0.946924 -0.321458 0
    outer loop
      vertex 65.5637 -8.46472 1.7
      vertex 65.3955 -7.96925 5
      vertex 65.3955 -7.96925 1.7
    endloop
  endfacet
  facet normal -0.946924 -0.321458 0
    outer loop
      vertex 65.3955 -7.96925 5
      vertex 65.5637 -8.46472 1.7
      vertex 65.5637 -8.46472 5
    endloop
  endfacet
  facet normal -0.980776 -0.195135 0
    outer loop
      vertex 65.6658 -8.97789 -5
      vertex 65.5637 -8.46472 -1.7
      vertex 65.5637 -8.46472 -5
    endloop
  endfacet
  facet normal -0.980776 -0.195135 0
    outer loop
      vertex 65.5637 -8.46472 -1.7
      vertex 65.6658 -8.97789 -5
      vertex 65.6658 -8.97789 -1.7
    endloop
  endfacet
  facet normal -0.980776 -0.195135 0
    outer loop
      vertex 65.6658 -8.97789 1.7
      vertex 65.5637 -8.46472 5
      vertex 65.5637 -8.46472 1.7
    endloop
  endfacet
  facet normal -0.980776 -0.195135 0
    outer loop
      vertex 65.5637 -8.46472 5
      vertex 65.6658 -8.97789 1.7
      vertex 65.6658 -8.97789 5
    endloop
  endfacet
  facet normal -0.997862 -0.0653634 0
    outer loop
      vertex 65.7 -9.5 -5
      vertex 65.6658 -8.97789 -1.7
      vertex 65.6658 -8.97789 -5
    endloop
  endfacet
  facet normal -0.997862 -0.0653634 0
    outer loop
      vertex 65.6658 -8.97789 -1.7
      vertex 65.7 -9.5 -5
      vertex 65.7 -9.5 -1.7
    endloop
  endfacet
  facet normal -0.997862 -0.0653634 0
    outer loop
      vertex 65.7 -9.5 1.7
      vertex 65.6658 -8.97789 5
      vertex 65.6658 -8.97789 1.7
    endloop
  endfacet
  facet normal -0.997862 -0.0653634 0
    outer loop
      vertex 65.6658 -8.97789 5
      vertex 65.7 -9.5 1.7
      vertex 65.7 -9.5 5
    endloop
  endfacet
  facet normal -1 0 0
    outer loop
      vertex 65.7 -13 -5
      vertex 65.7 -9.5 -1.7
      vertex 65.7 -9.5 -5
    endloop
  endfacet
  facet normal -1 -0 0
    outer loop
      vertex 65.7 -9.5 -1.7
      vertex 65.7 -13 -5
      vertex 65.7 -13 -1.7
    endloop
  endfacet
  facet normal -1 0 0
    outer loop
      vertex 65.7 -13 1.7
      vertex 65.7 -9.5 5
      vertex 65.7 -9.5 1.7
    endloop
  endfacet
  facet normal -1 -0 0
    outer loop
      vertex 65.7 -9.5 5
      vertex 65.7 -13 1.7
      vertex 65.7 -13 5
    endloop
  endfacet
  facet normal -0.997861 0.0653646 0
    outer loop
      vertex 65.6658 -13.5221 -5
      vertex 65.7 -13 -1.7
      vertex 65.7 -13 -5
    endloop
  endfacet
  facet normal -0.997861 0.0653646 0
    outer loop
      vertex 65.7 -13 -1.7
      vertex 65.6658 -13.5221 -5
      vertex 65.6658 -13.5221 -1.7
    endloop
  endfacet
  facet normal -0.997861 0.0653646 0
    outer loop
      vertex 65.6658 -13.5221 1.7
      vertex 65.7 -13 5
      vertex 65.7 -13 1.7
    endloop
  endfacet
  facet normal -0.997861 0.0653646 0
    outer loop
      vertex 65.7 -13 5
      vertex 65.6658 -13.5221 1.7
      vertex 65.6658 -13.5221 5
    endloop
  endfacet
  facet normal -0.980779 0.195124 0
    outer loop
      vertex 65.5637 -14.0353 -5
      vertex 65.6658 -13.5221 -1.7
      vertex 65.6658 -13.5221 -5
    endloop
  endfacet
  facet normal -0.980779 0.195124 0
    outer loop
      vertex 65.6658 -13.5221 -1.7
      vertex 65.5637 -14.0353 -5
      vertex 65.5637 -14.0353 -1.7
    endloop
  endfacet
  facet normal -0.980779 0.195124 0
    outer loop
      vertex 65.5637 -14.0353 1.7
      vertex 65.6658 -13.5221 5
      vertex 65.6658 -13.5221 1.7
    endloop
  endfacet
  facet normal -0.980779 0.195124 0
    outer loop
      vertex 65.6658 -13.5221 5
      vertex 65.5637 -14.0353 1.7
      vertex 65.5637 -14.0353 5
    endloop
  endfacet
  facet normal -0.94691 0.321498 0
    outer loop
      vertex 65.3955 -14.5307 -5
      vertex 65.5637 -14.0353 -1.7
      vertex 65.5637 -14.0353 -5
    endloop
  endfacet
  facet normal -0.94691 0.321498 0
    outer loop
      vertex 65.5637 -14.0353 -1.7
      vertex 65.3955 -14.5307 -5
      vertex 65.3955 -14.5307 -1.7
    endloop
  endfacet
  facet normal -0.94691 0.321498 0
    outer loop
      vertex 65.3955 -14.5307 1.7
      vertex 65.5637 -14.0353 5
      vertex 65.5637 -14.0353 1.7
    endloop
  endfacet
  facet normal -0.94691 0.321498 0
    outer loop
      vertex 65.5637 -14.0353 5
      vertex 65.3955 -14.5307 1.7
      vertex 65.3955 -14.5307 5
    endloop
  endfacet
  facet normal -0.896898 0.442238 0
    outer loop
      vertex 65.1641 -15 -5
      vertex 65.3955 -14.5307 -1.7
      vertex 65.3955 -14.5307 -5
    endloop
  endfacet
  facet normal -0.896898 0.442238 0
    outer loop
      vertex 65.3955 -14.5307 -1.7
      vertex 65.1641 -15 -5
      vertex 65.1641 -15 -1.7
    endloop
  endfacet
  facet normal -0.896898 0.442238 0
    outer loop
      vertex 65.1641 -15 1.7
      vertex 65.3955 -14.5307 5
      vertex 65.3955 -14.5307 1.7
    endloop
  endfacet
  facet normal -0.896898 0.442238 0
    outer loop
      vertex 65.3955 -14.5307 5
      vertex 65.1641 -15 1.7
      vertex 65.1641 -15 5
    endloop
  endfacet
  facet normal -0.831491 0.555538 0
    outer loop
      vertex 64.8734 -15.4351 -5
      vertex 65.1641 -15 -1.7
      vertex 65.1641 -15 -5
    endloop
  endfacet
  facet normal -0.831491 0.555538 0
    outer loop
      vertex 65.1641 -15 -1.7
      vertex 64.8734 -15.4351 -5
      vertex 64.8734 -15.4351 -1.7
    endloop
  endfacet
  facet normal -0.831491 0.555538 0
    outer loop
      vertex 64.8734 -15.4351 1.7
      vertex 65.1641 -15 5
      vertex 65.1641 -15 1.7
    endloop
  endfacet
  facet normal -0.831491 0.555538 0
    outer loop
      vertex 65.1641 -15 5
      vertex 64.8734 -15.4351 1.7
      vertex 64.8734 -15.4351 5
    endloop
  endfacet
  facet normal -0.751759 0.659438 0
    outer loop
      vertex 64.5284 -15.8284 -5
      vertex 64.8734 -15.4351 -1.7
      vertex 64.8734 -15.4351 -5
    endloop
  endfacet
  facet normal -0.751759 0.659438 0
    outer loop
      vertex 64.8734 -15.4351 -1.7
      vertex 64.5284 -15.8284 -5
      vertex 64.5284 -15.8284 -1.7
    endloop
  endfacet
  facet normal -0.751759 0.659438 0
    outer loop
      vertex 64.5284 -15.8284 1.7
      vertex 64.8734 -15.4351 5
      vertex 64.8734 -15.4351 1.7
    endloop
  endfacet
  facet normal -0.751759 0.659438 0
    outer loop
      vertex 64.8734 -15.4351 5
      vertex 64.5284 -15.8284 1.7
      vertex 64.5284 -15.8284 5
    endloop
  endfacet
  facet normal -0.659438 0.751759 0
    outer loop
      vertex 64.5284 -15.8284 -5
      vertex 64.1351 -16.1734 -1.7
      vertex 64.5284 -15.8284 -1.7
    endloop
  endfacet
  facet normal -0.659438 0.751759 0
    outer loop
      vertex 64.1351 -16.1734 -1.7
      vertex 64.5284 -15.8284 -5
      vertex 64.1351 -16.1734 -5
    endloop
  endfacet
  facet normal -0.659438 0.751759 0
    outer loop
      vertex 64.5284 -15.8284 1.7
      vertex 64.1351 -16.1734 5
      vertex 64.5284 -15.8284 5
    endloop
  endfacet
  facet normal -0.659438 0.751759 0
    outer loop
      vertex 64.1351 -16.1734 5
      vertex 64.5284 -15.8284 1.7
      vertex 64.1351 -16.1734 1.7
    endloop
  endfacet
  facet normal -0.555538 0.831491 0
    outer loop
      vertex 64.1351 -16.1734 -5
      vertex 63.7 -16.4641 -1.7
      vertex 64.1351 -16.1734 -1.7
    endloop
  endfacet
  facet normal -0.555538 0.831491 0
    outer loop
      vertex 63.7 -16.4641 -1.7
      vertex 64.1351 -16.1734 -5
      vertex 63.7 -16.4641 -5
    endloop
  endfacet
  facet normal -0.555538 0.831491 0
    outer loop
      vertex 64.1351 -16.1734 1.7
      vertex 63.7 -16.4641 5
      vertex 64.1351 -16.1734 5
    endloop
  endfacet
  facet normal -0.555538 0.831491 0
    outer loop
      vertex 63.7 -16.4641 5
      vertex 64.1351 -16.1734 1.7
      vertex 63.7 -16.4641 1.7
    endloop
  endfacet
  facet normal -0.442238 0.896898 0
    outer loop
      vertex 63.7 -16.4641 -5
      vertex 63.2307 -16.6955 -1.7
      vertex 63.7 -16.4641 -1.7
    endloop
  endfacet
  facet normal -0.442238 0.896898 0
    outer loop
      vertex 63.2307 -16.6955 -1.7
      vertex 63.7 -16.4641 -5
      vertex 63.2307 -16.6955 -5
    endloop
  endfacet
  facet normal -0.442238 0.896898 0
    outer loop
      vertex 63.7 -16.4641 1.7
      vertex 63.2307 -16.6955 5
      vertex 63.7 -16.4641 5
    endloop
  endfacet
  facet normal -0.442238 0.896898 0
    outer loop
      vertex 63.2307 -16.6955 5
      vertex 63.7 -16.4641 1.7
      vertex 63.2307 -16.6955 1.7
    endloop
  endfacet
  facet normal -0.321498 0.94691 0
    outer loop
      vertex 63.2307 -16.6955 -5
      vertex 62.7353 -16.8637 -1.7
      vertex 63.2307 -16.6955 -1.7
    endloop
  endfacet
  facet normal -0.321498 0.94691 0
    outer loop
      vertex 62.7353 -16.8637 -1.7
      vertex 63.2307 -16.6955 -5
      vertex 62.7353 -16.8637 -5
    endloop
  endfacet
  facet normal -0.321498 0.94691 0
    outer loop
      vertex 63.2307 -16.6955 1.7
      vertex 62.7353 -16.8637 5
      vertex 63.2307 -16.6955 5
    endloop
  endfacet
  facet normal -0.321498 0.94691 0
    outer loop
      vertex 62.7353 -16.8637 5
      vertex 63.2307 -16.6955 1.7
      vertex 62.7353 -16.8637 1.7
    endloop
  endfacet
  facet normal -0.195124 0.980779 0
    outer loop
      vertex 62.7353 -16.8637 -5
      vertex 62.2221 -16.9658 -1.7
      vertex 62.7353 -16.8637 -1.7
    endloop
  endfacet
  facet normal -0.195124 0.980779 0
    outer loop
      vertex 62.2221 -16.9658 -1.7
      vertex 62.7353 -16.8637 -5
      vertex 62.2221 -16.9658 -5
    endloop
  endfacet
  facet normal -0.195124 0.980779 0
    outer loop
      vertex 62.7353 -16.8637 1.7
      vertex 62.2221 -16.9658 5
      vertex 62.7353 -16.8637 5
    endloop
  endfacet
  facet normal -0.195124 0.980779 0
    outer loop
      vertex 62.2221 -16.9658 5
      vertex 62.7353 -16.8637 1.7
      vertex 62.2221 -16.9658 1.7
    endloop
  endfacet
  facet normal -0.0653646 0.997861 0
    outer loop
      vertex 62.2221 -16.9658 -5
      vertex 61.7 -17 -1.7
      vertex 62.2221 -16.9658 -1.7
    endloop
  endfacet
  facet normal -0.0653646 0.997861 0
    outer loop
      vertex 61.7 -17 -1.7
      vertex 62.2221 -16.9658 -5
      vertex 61.7 -17 -5
    endloop
  endfacet
  facet normal -0.0653646 0.997861 0
    outer loop
      vertex 62.2221 -16.9658 1.7
      vertex 61.7 -17 5
      vertex 62.2221 -16.9658 5
    endloop
  endfacet
  facet normal -0.0653646 0.997861 0
    outer loop
      vertex 61.7 -17 5
      vertex 62.2221 -16.9658 1.7
      vertex 61.7 -17 1.7
    endloop
  endfacet
  facet normal 0 1 0
    outer loop
      vertex 58.2829 -17 -1.42214
      vertex 58.35 -17 -1.47224
      vertex 58 -17 -1.45
    endloop
  endfacet
  facet normal 0 1 0
    outer loop
      vertex 58.35 -17 -1.47224
      vertex 58.2829 -17 -1.42214
      vertex 58.2842 -17 -1.42174
    endloop
  endfacet
  facet normal 0 1 0
    outer loop
      vertex 57.4451 -17 -1.33962
      vertex 57.05 -17 -1.47224
      vertex 57.3141 -17 -1.2696
    endloop
  endfacet
  facet normal 0 1 0
    outer loop
      vertex 57.7171 -17 -1.42214
      vertex 57.05 -17 -1.47224
      vertex 57.4451 -17 -1.33962
    endloop
  endfacet
  facet normal 0 1 0
    outer loop
      vertex 56.64 -17 -1.64207
      vertex 57.7171 -17 -1.42214
      vertex 58 -17 -1.45
    endloop
  endfacet
  facet normal 0 1 0
    outer loop
      vertex 58.76 -17 -1.64207
      vertex 58 -17 -1.45
      vertex 58.35 -17 -1.47224
    endloop
  endfacet
  facet normal 0 1 0
    outer loop
      vertex 56.64 -17 -1.64207
      vertex 58 -17 -1.45
      vertex 58.76 -17 -1.64207
    endloop
  endfacet
  facet normal 0 1 0
    outer loop
      vertex 57.7171 -17 -1.42214
      vertex 56.64 -17 -1.64207
      vertex 57.05 -17 -1.47224
    endloop
  endfacet
  facet normal 0 1 0
    outer loop
      vertex 61.7 -17 -5
      vertex 58.76 -17 -1.64207
      vertex 59.2 -17 -1.7
    endloop
  endfacet
  facet normal 0 1 0
    outer loop
      vertex 58.76 -17 -1.64207
      vertex 55 -17 -5
      vertex 56.64 -17 -1.64207
    endloop
  endfacet
  facet normal 0 1 -0
    outer loop
      vertex 61.7 -17 -5
      vertex 59.2 -17 -1.7
      vertex 61.7 -17 -1.7
    endloop
  endfacet
  facet normal 0 1 0
    outer loop
      vertex 58.76 -17 -1.64207
      vertex 61.7 -17 -5
      vertex 55 -17 -5
    endloop
  endfacet
  facet normal 0 1 0
    outer loop
      vertex 56.64 -17 -1.64207
      vertex 55 -17 -5
      vertex 56.2 -17 -1.7
    endloop
  endfacet
  facet normal 0 1 0
    outer loop
      vertex 56.2 -17 -1.7
      vertex 55 -17 -5
      vertex 55 -17 -1.7
    endloop
  endfacet
  facet normal 0 1 -0
    outer loop
      vertex 56.64 -17 1.64207
      vertex 55 -17 5
      vertex 58.76 -17 1.64207
    endloop
  endfacet
  facet normal 0 1 0
    outer loop
      vertex 55 -17 5
      vertex 56.64 -17 1.64207
      vertex 56.2 -17 1.7
    endloop
  endfacet
  facet normal 0 1 0
    outer loop
      vertex 58 -17 1.45
      vertex 58.76 -17 1.64207
      vertex 58.35 -17 1.47224
    endloop
  endfacet
  facet normal 0 1 0
    outer loop
      vertex 58.76 -17 1.64207
      vertex 58 -17 1.45
      vertex 56.64 -17 1.64207
    endloop
  endfacet
  facet normal 0 1 -0
    outer loop
      vertex 57.7171 -17 1.42214
      vertex 56.64 -17 1.64207
      vertex 58 -17 1.45
    endloop
  endfacet
  facet normal 0 1 0
    outer loop
      vertex 58.35 -17 1.47224
      vertex 58.2829 -17 1.42214
      vertex 58 -17 1.45
    endloop
  endfacet
  facet normal -0 1 0
    outer loop
      vertex 58.2829 -17 1.42214
      vertex 58.35 -17 1.47224
      vertex 58.2842 -17 1.42174
    endloop
  endfacet
  facet normal 0 1 0
    outer loop
      vertex 59.2 -17 1.7
      vertex 61.7 -17 5
      vertex 61.7 -17 1.7
    endloop
  endfacet
  facet normal 0 1 0
    outer loop
      vertex 58.76 -17 1.64207
      vertex 61.7 -17 5
      vertex 59.2 -17 1.7
    endloop
  endfacet
  facet normal 0 1 0
    outer loop
      vertex 61.7 -17 5
      vertex 58.76 -17 1.64207
      vertex 55 -17 5
    endloop
  endfacet
  facet normal 0 1 0
    outer loop
      vertex 55 -17 5
      vertex 56.2 -17 1.7
      vertex 55 -17 1.7
    endloop
  endfacet
  facet normal 0 1 0
    outer loop
      vertex 56.64 -17 1.64207
      vertex 57.7171 -17 1.42214
      vertex 57.05 -17 1.47224
    endloop
  endfacet
  facet normal 0 1 -0
    outer loop
      vertex 57.4451 -17 1.33962
      vertex 57.05 -17 1.47224
      vertex 57.7171 -17 1.42214
    endloop
  endfacet
  facet normal 0 1 0
    outer loop
      vertex 57.05 -17 1.47224
      vertex 57.4451 -17 1.33962
      vertex 57.3141 -17 1.2696
    endloop
  endfacet
  facet normal -0.097938 0.995193 0
    outer loop
      vertex 55 -17 -5
      vertex 54.4147 -17.0576 -1.7
      vertex 55 -17 -1.7
    endloop
  endfacet
  facet normal -0.097938 0.995193 0
    outer loop
      vertex 54.4147 -17.0576 -1.7
      vertex 55 -17 -5
      vertex 54.4147 -17.0576 -5
    endloop
  endfacet
  facet normal -0.097938 0.995193 0
    outer loop
      vertex 55 -17 1.7
      vertex 54.4147 -17.0576 5
      vertex 55 -17 5
    endloop
  endfacet
  facet normal -0.097938 0.995193 0
    outer loop
      vertex 54.4147 -17.0576 5
      vertex 55 -17 1.7
      vertex 54.4147 -17.0576 1.7
    endloop
  endfacet
  facet normal -0.290248 0.956951 0
    outer loop
      vertex 54.4147 -17.0576 -5
      vertex 53.8519 -17.2283 -1.7
      vertex 54.4147 -17.0576 -1.7
    endloop
  endfacet
  facet normal -0.290248 0.956951 0
    outer loop
      vertex 53.8519 -17.2283 -1.7
      vertex 54.4147 -17.0576 -5
      vertex 53.8519 -17.2283 -5
    endloop
  endfacet
  facet normal -0.290248 0.956951 0
    outer loop
      vertex 54.4147 -17.0576 1.7
      vertex 53.8519 -17.2283 5
      vertex 54.4147 -17.0576 5
    endloop
  endfacet
  facet normal -0.290248 0.956951 0
    outer loop
      vertex 53.8519 -17.2283 5
      vertex 54.4147 -17.0576 1.7
      vertex 53.8519 -17.2283 1.7
    endloop
  endfacet
  facet normal -0.471532 0.881849 0
    outer loop
      vertex 53.8519 -17.2283 -5
      vertex 53.3333 -17.5056 -1.7
      vertex 53.8519 -17.2283 -1.7
    endloop
  endfacet
  facet normal -0.471532 0.881849 0
    outer loop
      vertex 53.3333 -17.5056 -1.7
      vertex 53.8519 -17.2283 -5
      vertex 53.3333 -17.5056 -5
    endloop
  endfacet
  facet normal -0.471532 0.881849 0
    outer loop
      vertex 53.8519 -17.2283 1.7
      vertex 53.3333 -17.5056 5
      vertex 53.8519 -17.2283 5
    endloop
  endfacet
  facet normal -0.471532 0.881849 0
    outer loop
      vertex 53.3333 -17.5056 5
      vertex 53.8519 -17.2283 1.7
      vertex 53.3333 -17.5056 1.7
    endloop
  endfacet
  facet normal -0.634413 0.772994 0
    outer loop
      vertex 53.3333 -17.5056 -5
      vertex 52.8787 -17.8787 -1.7
      vertex 53.3333 -17.5056 -1.7
    endloop
  endfacet
  facet normal -0.634413 0.772994 0
    outer loop
      vertex 52.8787 -17.8787 -1.7
      vertex 53.3333 -17.5056 -5
      vertex 52.8787 -17.8787 -5
    endloop
  endfacet
  facet normal -0.634413 0.772994 0
    outer loop
      vertex 53.3333 -17.5056 1.7
      vertex 52.8787 -17.8787 5
      vertex 53.3333 -17.5056 5
    endloop
  endfacet
  facet normal -0.634413 0.772994 0
    outer loop
      vertex 52.8787 -17.8787 5
      vertex 53.3333 -17.5056 1.7
      vertex 52.8787 -17.8787 1.7
    endloop
  endfacet
  facet normal -0.772994 0.634413 0
    outer loop
      vertex 52.5056 -18.3333 -5
      vertex 52.8787 -17.8787 -1.7
      vertex 52.8787 -17.8787 -5
    endloop
  endfacet
  facet normal -0.772994 0.634413 0
    outer loop
      vertex 52.8787 -17.8787 -1.7
      vertex 52.5056 -18.3333 -5
      vertex 52.5056 -18.3333 -1.7
    endloop
  endfacet
  facet normal -0.772994 0.634413 0
    outer loop
      vertex 52.5056 -18.3333 1.7
      vertex 52.8787 -17.8787 5
      vertex 52.8787 -17.8787 1.7
    endloop
  endfacet
  facet normal -0.772994 0.634413 0
    outer loop
      vertex 52.8787 -17.8787 5
      vertex 52.5056 -18.3333 1.7
      vertex 52.5056 -18.3333 5
    endloop
  endfacet
  facet normal -0.881849 0.471532 0
    outer loop
      vertex 52.2283 -18.8519 -5
      vertex 52.5056 -18.3333 -1.7
      vertex 52.5056 -18.3333 -5
    endloop
  endfacet
  facet normal -0.881849 0.471532 0
    outer loop
      vertex 52.5056 -18.3333 -1.7
      vertex 52.2283 -18.8519 -5
      vertex 52.2283 -18.8519 -1.7
    endloop
  endfacet
  facet normal -0.881849 0.471532 0
    outer loop
      vertex 52.2283 -18.8519 1.7
      vertex 52.5056 -18.3333 5
      vertex 52.5056 -18.3333 1.7
    endloop
  endfacet
  facet normal -0.881849 0.471532 0
    outer loop
      vertex 52.5056 -18.3333 5
      vertex 52.2283 -18.8519 1.7
      vertex 52.2283 -18.8519 5
    endloop
  endfacet
  facet normal -0.956951 0.290248 0
    outer loop
      vertex 52.0576 -19.4147 -5
      vertex 52.2283 -18.8519 -1.7
      vertex 52.2283 -18.8519 -5
    endloop
  endfacet
  facet normal -0.956951 0.290248 0
    outer loop
      vertex 52.2283 -18.8519 -1.7
      vertex 52.0576 -19.4147 -5
      vertex 52.0576 -19.4147 -1.7
    endloop
  endfacet
  facet normal -0.956951 0.290248 0
    outer loop
      vertex 52.0576 -19.4147 1.7
      vertex 52.2283 -18.8519 5
      vertex 52.2283 -18.8519 1.7
    endloop
  endfacet
  facet normal -0.956951 0.290248 0
    outer loop
      vertex 52.2283 -18.8519 5
      vertex 52.0576 -19.4147 1.7
      vertex 52.0576 -19.4147 5
    endloop
  endfacet
  facet normal -0.995193 0.097938 0
    outer loop
      vertex 52 -20 -5
      vertex 52.0576 -19.4147 -1.7
      vertex 52.0576 -19.4147 -5
    endloop
  endfacet
  facet normal -0.995193 0.097938 0
    outer loop
      vertex 52.0576 -19.4147 -1.7
      vertex 52 -20 -5
      vertex 52 -20 -1.7
    endloop
  endfacet
  facet normal -0.995193 0.097938 0
    outer loop
      vertex 52 -20 1.7
      vertex 52.0576 -19.4147 5
      vertex 52.0576 -19.4147 1.7
    endloop
  endfacet
  facet normal -0.995193 0.097938 0
    outer loop
      vertex 52.0576 -19.4147 5
      vertex 52 -20 1.7
      vertex 52 -20 5
    endloop
  endfacet
  facet normal -0.995193 -0.097938 0
    outer loop
      vertex 52.0576 -20.5853 -5
      vertex 52 -20 -1.7
      vertex 52 -20 -5
    endloop
  endfacet
  facet normal -0.995193 -0.097938 0
    outer loop
      vertex 52 -20 -1.7
      vertex 52.0576 -20.5853 -5
      vertex 52 -20 1.7
    endloop
  endfacet
  facet normal -0.995193 -0.097938 -0
    outer loop
      vertex 52.0576 -20.5853 5
      vertex 52 -20 1.7
      vertex 52.0576 -20.5853 -5
    endloop
  endfacet
  facet normal -0.995193 -0.097938 0
    outer loop
      vertex 52 -20 1.7
      vertex 52.0576 -20.5853 5
      vertex 52 -20 5
    endloop
  endfacet
  facet normal -0.956937 -0.290295 0
    outer loop
      vertex 52.2283 -21.148 -5
      vertex 52.0576 -20.5853 5
      vertex 52.0576 -20.5853 -5
    endloop
  endfacet
  facet normal -0.956937 -0.290295 0
    outer loop
      vertex 52.0576 -20.5853 5
      vertex 52.2283 -21.148 -5
      vertex 52.2283 -21.148 5
    endloop
  endfacet
  facet normal -0.881887 -0.471462 0
    outer loop
      vertex 52.5056 -21.6667 -5
      vertex 52.2283 -21.148 5
      vertex 52.2283 -21.148 -5
    endloop
  endfacet
  facet normal -0.881887 -0.471462 0
    outer loop
      vertex 52.2283 -21.148 5
      vertex 52.5056 -21.6667 -5
      vertex 52.5056 -21.6667 5
    endloop
  endfacet
  facet normal -0.772994 -0.634413 0
    outer loop
      vertex 52.8787 -22.1213 -5
      vertex 52.5056 -21.6667 5
      vertex 52.5056 -21.6667 -5
    endloop
  endfacet
  facet normal -0.772994 -0.634413 0
    outer loop
      vertex 52.5056 -21.6667 5
      vertex 52.8787 -22.1213 -5
      vertex 52.8787 -22.1213 5
    endloop
  endfacet
  facet normal -0.634413 -0.772994 0
    outer loop
      vertex 52.8787 -22.1213 -5
      vertex 53.3333 -22.4944 5
      vertex 52.8787 -22.1213 5
    endloop
  endfacet
  facet normal -0.634413 -0.772994 -0
    outer loop
      vertex 53.3333 -22.4944 5
      vertex 52.8787 -22.1213 -5
      vertex 53.3333 -22.4944 -5
    endloop
  endfacet
  facet normal -0.4714 -0.881919 0
    outer loop
      vertex 53.3333 -22.4944 -5
      vertex 53.8519 -22.7716 5
      vertex 53.3333 -22.4944 5
    endloop
  endfacet
  facet normal -0.4714 -0.881919 -0
    outer loop
      vertex 53.8519 -22.7716 5
      vertex 53.3333 -22.4944 -5
      vertex 53.8519 -22.7716 -5
    endloop
  endfacet
  facet normal -0.290404 -0.956904 0
    outer loop
      vertex 53.8519 -22.7716 -5
      vertex 54.4147 -22.9424 5
      vertex 53.8519 -22.7716 5
    endloop
  endfacet
  facet normal -0.290404 -0.956904 -0
    outer loop
      vertex 54.4147 -22.9424 5
      vertex 53.8519 -22.7716 -5
      vertex 54.4147 -22.9424 -5
    endloop
  endfacet
  facet normal -0.097938 -0.995193 0
    outer loop
      vertex 54.4147 -22.9424 -5
      vertex 55 -23 5
      vertex 54.4147 -22.9424 5
    endloop
  endfacet
  facet normal -0.097938 -0.995193 -0
    outer loop
      vertex 55 -23 5
      vertex 54.4147 -22.9424 -5
      vertex 55 -23 -5
    endloop
  endfacet
  facet normal 0 -1 0
    outer loop
      vertex 58.2829 -23 1.42214
      vertex 55 -23 5
      vertex 58 -23 1.45
    endloop
  endfacet
  facet normal 0 -1 0
    outer loop
      vertex 55 -23 5
      vertex 57.7171 -23 1.42214
      vertex 58 -23 1.45
    endloop
  endfacet
  facet normal 0 -1 0
    outer loop
      vertex 55 -23 5
      vertex 57.4451 -23 1.33962
      vertex 57.7171 -23 1.42214
    endloop
  endfacet
  facet normal 0 -1 0
    outer loop
      vertex 55 -23 5
      vertex 57.1944 -23 1.20563
      vertex 57.4451 -23 1.33962
    endloop
  endfacet
  facet normal 0 -1 0
    outer loop
      vertex 55 -23 5
      vertex 56.9747 -23 1.0253
      vertex 57.1944 -23 1.20563
    endloop
  endfacet
  facet normal 0 -1 0
    outer loop
      vertex 55 -23 5
      vertex 56.7944 -23 0.805576
      vertex 56.9747 -23 1.0253
    endloop
  endfacet
  facet normal 0 -1 0
    outer loop
      vertex 55 -23 5
      vertex 56.6604 -23 0.554891
      vertex 56.7944 -23 0.805576
    endloop
  endfacet
  facet normal 0 -1 0
    outer loop
      vertex 55 -23 5
      vertex 56.5779 -23 0.282881
      vertex 56.6604 -23 0.554891
    endloop
  endfacet
  facet normal 0 -1 0
    outer loop
      vertex 55 -23 5
      vertex 56.55 -23 0
      vertex 56.5779 -23 0.282881
    endloop
  endfacet
  facet normal 0 -1 0
    outer loop
      vertex 55 -23 -5
      vertex 56.55 -23 0
      vertex 55 -23 5
    endloop
  endfacet
  facet normal 0 -1 -0
    outer loop
      vertex 57.7171 -23 -1.42214
      vertex 55 -23 -5
      vertex 58 -23 -1.45
    endloop
  endfacet
  facet normal 0 -1 -0
    outer loop
      vertex 57.4451 -23 -1.33962
      vertex 55 -23 -5
      vertex 57.7171 -23 -1.42214
    endloop
  endfacet
  facet normal 0 -1 -0
    outer loop
      vertex 57.1944 -23 -1.20563
      vertex 55 -23 -5
      vertex 57.4451 -23 -1.33962
    endloop
  endfacet
  facet normal 0 -1 -0
    outer loop
      vertex 56.9747 -23 -1.0253
      vertex 55 -23 -5
      vertex 57.1944 -23 -1.20563
    endloop
  endfacet
  facet normal 0 -1 -0
    outer loop
      vertex 56.7944 -23 -0.805576
      vertex 55 -23 -5
      vertex 56.9747 -23 -1.0253
    endloop
  endfacet
  facet normal 0 -1 -0
    outer loop
      vertex 56.6604 -23 -0.554891
      vertex 55 -23 -5
      vertex 56.7944 -23 -0.805576
    endloop
  endfacet
  facet normal 0 -1 -0
    outer loop
      vertex 56.5779 -23 -0.282881
      vertex 55 -23 -5
      vertex 56.6604 -23 -0.554891
    endloop
  endfacet
  facet normal 0 -1 -0
    outer loop
      vertex 56.55 -23 0
      vertex 55 -23 -5
      vertex 56.5779 -23 -0.282881
    endloop
  endfacet
  facet normal 0 -1 0
    outer loop
      vertex 58.5549 -23 1.33962
      vertex 55 -23 5
      vertex 58.2829 -23 1.42214
    endloop
  endfacet
  facet normal 0 -1 0
    outer loop
      vertex 58.8056 -23 1.20563
      vertex 55 -23 5
      vertex 58.5549 -23 1.33962
    endloop
  endfacet
  facet normal 0 -1 0
    outer loop
      vertex 55 -23 5
      vertex 58.8056 -23 1.20563
      vertex 71.2 -23 5
    endloop
  endfacet
  facet normal 0 -1 0
    outer loop
      vertex 59.0253 -23 1.0253
      vertex 71.2 -23 5
      vertex 58.8056 -23 1.20563
    endloop
  endfacet
  facet normal 0 -1 0
    outer loop
      vertex 59.2056 -23 0.805576
      vertex 71.2 -23 5
      vertex 59.0253 -23 1.0253
    endloop
  endfacet
  facet normal 0 -1 0
    outer loop
      vertex 59.3396 -23 0.554891
      vertex 71.2 -23 5
      vertex 59.2056 -23 0.805576
    endloop
  endfacet
  facet normal 0 -1 0
    outer loop
      vertex 59.4221 -23 0.282881
      vertex 71.2 -23 5
      vertex 59.3396 -23 0.554891
    endloop
  endfacet
  facet normal 0 -1 0
    outer loop
      vertex 59.45 -23 0
      vertex 71.2 -23 5
      vertex 59.4221 -23 0.282881
    endloop
  endfacet
  facet normal 0 -1 0
    outer loop
      vertex 71.2 -23 -5
      vertex 59.45 -23 0
      vertex 59.4221 -23 -0.282881
    endloop
  endfacet
  facet normal 0 -1 0
    outer loop
      vertex 71.2 -23 -5
      vertex 59.4221 -23 -0.282881
      vertex 59.3396 -23 -0.554891
    endloop
  endfacet
  facet normal 0 -1 0
    outer loop
      vertex 71.2 -23 -5
      vertex 59.3396 -23 -0.554891
      vertex 59.2056 -23 -0.805576
    endloop
  endfacet
  facet normal 0 -1 0
    outer loop
      vertex 71.2 -23 -5
      vertex 59.2056 -23 -0.805576
      vertex 59.0253 -23 -1.0253
    endloop
  endfacet
  facet normal 0 -1 0
    outer loop
      vertex 71.2 -23 -5
      vertex 59.0253 -23 -1.0253
      vertex 58.8056 -23 -1.20563
    endloop
  endfacet
  facet normal 0 -1 0
    outer loop
      vertex 55 -23 -5
      vertex 58.8056 -23 -1.20563
      vertex 58.5549 -23 -1.33962
    endloop
  endfacet
  facet normal 0 -1 0
    outer loop
      vertex 55 -23 -5
      vertex 58.2829 -23 -1.42214
      vertex 58 -23 -1.45
    endloop
  endfacet
  facet normal 0 -1 0
    outer loop
      vertex 55 -23 -5
      vertex 58.5549 -23 -1.33962
      vertex 58.2829 -23 -1.42214
    endloop
  endfacet
  facet normal 0 -1 -0
    outer loop
      vertex 58.8056 -23 -1.20563
      vertex 55 -23 -5
      vertex 71.2 -23 -5
    endloop
  endfacet
  facet normal 0 -1 0
    outer loop
      vertex 59.45 -23 0
      vertex 71.2 -23 -5
      vertex 71.2 -23 5
    endloop
  endfacet
  facet normal 1 -0 0
    outer loop
      vertex 71.2 -23 5
      vertex 71.2 0 -5
      vertex 71.2 0 5
    endloop
  endfacet
  facet normal 1 0 0
    outer loop
      vertex 71.2 0 -5
      vertex 71.2 -23 5
      vertex 71.2 -23 -5
    endloop
  endfacet
  facet normal 0 1 -0
    outer loop
      vertex 71.2 0 -5
      vertex 70.7902 0 5
      vertex 71.2 0 5
    endloop
  endfacet
  facet normal 0 1 0
    outer loop
      vertex 70.7902 0 5
      vertex 71.2 0 -5
      vertex 70.7902 0 -5
    endloop
  endfacet
  facet normal 0.7129 0.701266 0
    outer loop
      vertex 70.7902 0 5
      vertex 70.2 0.599991 -5
      vertex 70.2 0.599991 5
    endloop
  endfacet
  facet normal 0.7129 0.701266 0
    outer loop
      vertex 70.2 0.599991 -5
      vertex 70.7902 0 5
      vertex 70.7902 0 -5
    endloop
  endfacet
  facet normal -0.7129 0.701266 0
    outer loop
      vertex 69.6098 0 -5
      vertex 70.2 0.599991 5
      vertex 70.2 0.599991 -5
    endloop
  endfacet
  facet normal -0.7129 0.701266 0
    outer loop
      vertex 70.2 0.599991 5
      vertex 69.6098 0 -5
      vertex 69.6098 0 5
    endloop
  endfacet
  facet normal 0 1 -0
    outer loop
      vertex 69.6098 0 -5
      vertex 69.5902 0 5
      vertex 69.6098 0 5
    endloop
  endfacet
  facet normal 0 1 0
    outer loop
      vertex 69.5902 0 5
      vertex 69.6098 0 -5
      vertex 69.5902 0 -5
    endloop
  endfacet
  facet normal 0.7129 0.701266 0
    outer loop
      vertex 69.5902 0 5
      vertex 69 0.599991 -5
      vertex 69 0.599991 5
    endloop
  endfacet
  facet normal 0.7129 0.701266 0
    outer loop
      vertex 69 0.599991 -5
      vertex 69.5902 0 5
      vertex 69.5902 0 -5
    endloop
  endfacet
  facet normal -0.712869 0.701297 0
    outer loop
      vertex 69 0.599991 -5
      vertex 68.9 0.498341 0
      vertex 69 0.599991 5
    endloop
  endfacet
  facet normal -0.713053 0.70111 -7.49464e-06
    outer loop
      vertex 69 0.599991 -5
      vertex 68.8421 0.43945 -0.439992
      vertex 68.9 0.498341 0
    endloop
  endfacet
  facet normal -0.71279 0.701378 1.10432e-05
    outer loop
      vertex 69 0.599991 -5
      vertex 68.6722 0.266792 -0.849999
      vertex 68.8421 0.43945 -0.439992
    endloop
  endfacet
  facet normal -0.7129 0.701266 0
    outer loop
      vertex 68.4098 0 -1.192
      vertex 69 0.599991 -5
      vertex 68.4098 0 -5
    endloop
  endfacet
  facet normal -0.712942 0.701223 -1.34282e-05
    outer loop
      vertex 69 0.599991 -5
      vertex 68.4098 0 -1.192
      vertex 68.6722 0.266792 -0.849999
    endloop
  endfacet
  facet normal -0.713053 0.70111 7.49464e-06
    outer loop
      vertex 68.8421 0.43945 0.439992
      vertex 69 0.599991 5
      vertex 68.9 0.498341 0
    endloop
  endfacet
  facet normal -0.71279 0.701378 -1.10432e-05
    outer loop
      vertex 68.6722 0.266792 0.849999
      vertex 69 0.599991 5
      vertex 68.8421 0.43945 0.439992
    endloop
  endfacet
  facet normal -0.712942 0.701223 1.34282e-05
    outer loop
      vertex 68.4098 0 1.192
      vertex 69 0.599991 5
      vertex 68.6722 0.266792 0.849999
    endloop
  endfacet
  facet normal -0.7129 0.701266 0
    outer loop
      vertex 69 0.599991 5
      vertex 68.4098 0 1.192
      vertex 68.4098 0 5
    endloop
  endfacet
  facet normal 0 1 -0
    outer loop
      vertex 68.4098 0 -5
      vertex 68.4021 0 -1.20208
      vertex 68.4098 0 -1.192
    endloop
  endfacet
  facet normal 0 1 0
    outer loop
      vertex 68.4098 0 -5
      vertex 68.3902 0 -1.21122
      vertex 68.4021 0 -1.20208
    endloop
  endfacet
  facet normal 0 1 0
    outer loop
      vertex 68.3902 0 -1.21122
      vertex 68.4098 0 -5
      vertex 68.3902 0 -5
    endloop
  endfacet
  facet normal 0 1 0
    outer loop
      vertex 68.4098 0 5
      vertex 68.3902 0 1.21122
      vertex 68.3902 0 5
    endloop
  endfacet
  facet normal 0 1 0
    outer loop
      vertex 68.4098 0 5
      vertex 68.4021 0 1.20208
      vertex 68.3902 0 1.21122
    endloop
  endfacet
  facet normal -0 1 0
    outer loop
      vertex 68.4021 0 1.20208
      vertex 68.4098 0 5
      vertex 68.4098 0 1.192
    endloop
  endfacet
  facet normal 0.712926 0.701239 9.33047e-06
    outer loop
      vertex 68.3902 0 -5
      vertex 67.8 0.599991 -1.5758
      vertex 68.05 0.345823 -1.47224
    endloop
  endfacet
  facet normal 0.712879 0.701287 -0
    outer loop
      vertex 68.3902 0 -5
      vertex 68.05 0.345823 -1.47224
      vertex 68.3902 0 -1.21122
    endloop
  endfacet
  facet normal 0.7129 0.701266 0
    outer loop
      vertex 67.8 0.599991 -1.5758
      vertex 68.3902 0 -5
      vertex 67.8 0.599991 -5
    endloop
  endfacet
  facet normal 0.7129 0.701266 0
    outer loop
      vertex 68.3902 0 5
      vertex 67.8 0.599991 1.5758
      vertex 67.8 0.599991 5
    endloop
  endfacet
  facet normal 0.712926 0.701239 -9.33047e-06
    outer loop
      vertex 67.8 0.599991 1.5758
      vertex 68.3902 0 5
      vertex 68.05 0.345823 1.47224
    endloop
  endfacet
  facet normal 0.712879 0.701287 0
    outer loop
      vertex 68.05 0.345823 1.47224
      vertex 68.3902 0 5
      vertex 68.3902 0 1.21122
    endloop
  endfacet
  facet normal -0.712912 0.701254 0
    outer loop
      vertex 67.8 0.599991 -5
      vertex 67.64 0.437331 -1.64207
      vertex 67.8 0.599991 -1.5758
    endloop
  endfacet
  facet normal -0.7129 0.701266 0
    outer loop
      vertex 67.2098 0 -1.69871
      vertex 67.8 0.599991 -5
      vertex 67.2098 0 -5
    endloop
  endfacet
  facet normal -0.712895 0.701271 1.62673e-06
    outer loop
      vertex 67.8 0.599991 -5
      vertex 67.2098 0 -1.69871
      vertex 67.64 0.437331 -1.64207
    endloop
  endfacet
  facet normal -0.712912 0.701254 0
    outer loop
      vertex 67.64 0.437331 1.64207
      vertex 67.8 0.599991 5
      vertex 67.8 0.599991 1.5758
    endloop
  endfacet
  facet normal -0.712895 0.701271 -1.62673e-06
    outer loop
      vertex 67.2098 0 1.69871
      vertex 67.8 0.599991 5
      vertex 67.64 0.437331 1.64207
    endloop
  endfacet
  facet normal -0.7129 0.701266 0
    outer loop
      vertex 67.8 0.599991 5
      vertex 67.2098 0 1.69871
      vertex 67.2098 0 5
    endloop
  endfacet
  facet normal 0 1 -0
    outer loop
      vertex 67.2098 0 -5
      vertex 67.2 0 -1.7
      vertex 67.2098 0 -1.69871
    endloop
  endfacet
  facet normal 0 1 0
    outer loop
      vertex 67.2098 0 -5
      vertex 67.1902 0 -1.7
      vertex 67.2 0 -1.7
    endloop
  endfacet
  facet normal 0 1 0
    outer loop
      vertex 67.1902 0 -1.7
      vertex 67.2098 0 -5
      vertex 67.1902 0 -5
    endloop
  endfacet
  facet normal 0 1 0
    outer loop
      vertex 67.2098 0 5
      vertex 67.2 0 1.7
      vertex 67.1902 0 5
    endloop
  endfacet
  facet normal -0 1 0
    outer loop
      vertex 67.2 0 1.7
      vertex 67.2098 0 5
      vertex 67.2098 0 1.69871
    endloop
  endfacet
  facet normal 0 1 0
    outer loop
      vertex 67.1902 0 5
      vertex 67.2 0 1.7
      vertex 67.1902 0 1.7
    endloop
  endfacet
  facet normal 0.7129 0.701266 0
    outer loop
      vertex 67.1902 0 -1.7
      vertex 66.6 0.599991 -5
      vertex 66.6 0.599991 -1.7
    endloop
  endfacet
  facet normal 0.7129 0.701266 0
    outer loop
      vertex 66.6 0.599991 -5
      vertex 67.1902 0 -1.7
      vertex 67.1902 0 -5
    endloop
  endfacet
  facet normal 0.7129 0.701266 0
    outer loop
      vertex 67.1902 0 5
      vertex 66.6 0.599991 1.7
      vertex 66.6 0.599991 5
    endloop
  endfacet
  facet normal 0.7129 0.701266 0
    outer loop
      vertex 66.6 0.599991 1.7
      vertex 67.1902 0 5
      vertex 67.1902 0 1.7
    endloop
  endfacet
  facet normal -0.7129 0.701266 0
    outer loop
      vertex 66.0098 0 -5
      vertex 66.6 0.599991 -1.7
      vertex 66.6 0.599991 -5
    endloop
  endfacet
  facet normal -0.7129 0.701266 0
    outer loop
      vertex 66.6 0.599991 -1.7
      vertex 66.0098 0 -5
      vertex 66.0098 0 -1.7
    endloop
  endfacet
  facet normal -0.7129 0.701266 0
    outer loop
      vertex 66.0098 0 1.7
      vertex 66.6 0.599991 5
      vertex 66.6 0.599991 1.7
    endloop
  endfacet
  facet normal -0.7129 0.701266 0
    outer loop
      vertex 66.6 0.599991 5
      vertex 66.0098 0 1.7
      vertex 66.0098 0 5
    endloop
  endfacet
  facet normal 0 1 -0
    outer loop
      vertex 66.0098 0 -5
      vertex 65.9902 0 -1.7
      vertex 66.0098 0 -1.7
    endloop
  endfacet
  facet normal 0 1 0
    outer loop
      vertex 65.9902 0 -1.7
      vertex 66.0098 0 -5
      vertex 65.9902 0 -5
    endloop
  endfacet
  facet normal 0 1 -0
    outer loop
      vertex 66.0098 0 1.7
      vertex 65.9902 0 5
      vertex 66.0098 0 5
    endloop
  endfacet
  facet normal 0 1 0
    outer loop
      vertex 65.9902 0 5
      vertex 66.0098 0 1.7
      vertex 65.9902 0 1.7
    endloop
  endfacet
  facet normal 0.7129 0.701266 0
    outer loop
      vertex 65.9902 0 -1.7
      vertex 65.4 0.599991 -5
      vertex 65.4 0.599991 -1.7
    endloop
  endfacet
  facet normal 0.7129 0.701266 0
    outer loop
      vertex 65.4 0.599991 -5
      vertex 65.9902 0 -1.7
      vertex 65.9902 0 -5
    endloop
  endfacet
  facet normal 0.7129 0.701266 0
    outer loop
      vertex 65.9902 0 5
      vertex 65.4 0.599991 1.7
      vertex 65.4 0.599991 5
    endloop
  endfacet
  facet normal 0.7129 0.701266 0
    outer loop
      vertex 65.4 0.599991 1.7
      vertex 65.9902 0 5
      vertex 65.9902 0 1.7
    endloop
  endfacet
  facet normal -0.7129 0.701266 0
    outer loop
      vertex 64.8098 0 -5
      vertex 65.4 0.599991 -1.7
      vertex 65.4 0.599991 -5
    endloop
  endfacet
  facet normal -0.7129 0.701266 0
    outer loop
      vertex 65.4 0.599991 -1.7
      vertex 64.8098 0 -5
      vertex 64.8098 0 -1.7
    endloop
  endfacet
  facet normal -0.7129 0.701266 0
    outer loop
      vertex 64.8098 0 1.7
      vertex 65.4 0.599991 5
      vertex 65.4 0.599991 1.7
    endloop
  endfacet
  facet normal -0.7129 0.701266 0
    outer loop
      vertex 65.4 0.599991 5
      vertex 64.8098 0 1.7
      vertex 64.8098 0 5
    endloop
  endfacet
  facet normal 0 1 -0
    outer loop
      vertex 64.8098 0 -5
      vertex 64.7902 0 -1.7
      vertex 64.8098 0 -1.7
    endloop
  endfacet
  facet normal 0 1 0
    outer loop
      vertex 64.7902 0 -1.7
      vertex 64.8098 0 -5
      vertex 64.7902 0 -5
    endloop
  endfacet
  facet normal 0 1 -0
    outer loop
      vertex 64.8098 0 1.7
      vertex 64.7902 0 5
      vertex 64.8098 0 5
    endloop
  endfacet
  facet normal 0 1 0
    outer loop
      vertex 64.7902 0 5
      vertex 64.8098 0 1.7
      vertex 64.7902 0 1.7
    endloop
  endfacet
  facet normal 0.7129 0.701266 0
    outer loop
      vertex 64.7902 0 -1.7
      vertex 64.2 0.599991 -5
      vertex 64.2 0.599991 -1.7
    endloop
  endfacet
  facet normal 0.7129 0.701266 0
    outer loop
      vertex 64.2 0.599991 -5
      vertex 64.7902 0 -1.7
      vertex 64.7902 0 -5
    endloop
  endfacet
  facet normal 0.7129 0.701266 0
    outer loop
      vertex 64.7902 0 5
      vertex 64.2 0.599991 1.7
      vertex 64.2 0.599991 5
    endloop
  endfacet
  facet normal 0.7129 0.701266 0
    outer loop
      vertex 64.2 0.599991 1.7
      vertex 64.7902 0 5
      vertex 64.7902 0 1.7
    endloop
  endfacet
  facet normal -0.7129 0.701266 0
    outer loop
      vertex 63.6098 0 -5
      vertex 64.2 0.599991 -1.7
      vertex 64.2 0.599991 -5
    endloop
  endfacet
  facet normal -0.7129 0.701266 0
    outer loop
      vertex 64.2 0.599991 -1.7
      vertex 63.6098 0 -5
      vertex 63.6098 0 -1.7
    endloop
  endfacet
  facet normal -0.7129 0.701266 0
    outer loop
      vertex 63.6098 0 1.7
      vertex 64.2 0.599991 5
      vertex 64.2 0.599991 1.7
    endloop
  endfacet
  facet normal -0.7129 0.701266 0
    outer loop
      vertex 64.2 0.599991 5
      vertex 63.6098 0 1.7
      vertex 63.6098 0 5
    endloop
  endfacet
  facet normal 0 1 -0
    outer loop
      vertex 63.6098 0 -5
      vertex 63.5902 0 -1.7
      vertex 63.6098 0 -1.7
    endloop
  endfacet
  facet normal 0 1 0
    outer loop
      vertex 63.5902 0 -1.7
      vertex 63.6098 0 -5
      vertex 63.5902 0 -5
    endloop
  endfacet
  facet normal 0 1 -0
    outer loop
      vertex 63.6098 0 1.7
      vertex 63.5902 0 5
      vertex 63.6098 0 5
    endloop
  endfacet
  facet normal 0 1 0
    outer loop
      vertex 63.5902 0 5
      vertex 63.6098 0 1.7
      vertex 63.5902 0 1.7
    endloop
  endfacet
  facet normal 0.7129 0.701266 0
    outer loop
      vertex 63.5902 0 -1.7
      vertex 63 0.599991 -5
      vertex 63 0.599991 -1.7
    endloop
  endfacet
  facet normal 0.7129 0.701266 0
    outer loop
      vertex 63 0.599991 -5
      vertex 63.5902 0 -1.7
      vertex 63.5902 0 -5
    endloop
  endfacet
  facet normal 0.7129 0.701266 0
    outer loop
      vertex 63.5902 0 5
      vertex 63 0.599991 1.7
      vertex 63 0.599991 5
    endloop
  endfacet
  facet normal 0.7129 0.701266 0
    outer loop
      vertex 63 0.599991 1.7
      vertex 63.5902 0 5
      vertex 63.5902 0 1.7
    endloop
  endfacet
  facet normal -0.7129 0.701266 0
    outer loop
      vertex 62.4098 0 -5
      vertex 63 0.599991 -1.7
      vertex 63 0.599991 -5
    endloop
  endfacet
  facet normal -0.7129 0.701266 0
    outer loop
      vertex 63 0.599991 -1.7
      vertex 62.4098 0 -5
      vertex 62.4098 0 -1.7
    endloop
  endfacet
  facet normal -0.7129 0.701266 0
    outer loop
      vertex 62.4098 0 1.7
      vertex 63 0.599991 5
      vertex 63 0.599991 1.7
    endloop
  endfacet
  facet normal -0.7129 0.701266 0
    outer loop
      vertex 63 0.599991 5
      vertex 62.4098 0 1.7
      vertex 62.4098 0 5
    endloop
  endfacet
  facet normal 0 1 -0
    outer loop
      vertex 62.4098 0 -5
      vertex 62.3902 0 -1.7
      vertex 62.4098 0 -1.7
    endloop
  endfacet
  facet normal 0 1 0
    outer loop
      vertex 62.3902 0 -1.7
      vertex 62.4098 0 -5
      vertex 62.3902 0 -5
    endloop
  endfacet
  facet normal 0 1 -0
    outer loop
      vertex 62.4098 0 1.7
      vertex 62.3902 0 5
      vertex 62.4098 0 5
    endloop
  endfacet
  facet normal 0 1 0
    outer loop
      vertex 62.3902 0 5
      vertex 62.4098 0 1.7
      vertex 62.3902 0 1.7
    endloop
  endfacet
  facet normal 0.7129 0.701266 0
    outer loop
      vertex 62.3902 0 -1.7
      vertex 61.8 0.599991 -5
      vertex 61.8 0.599991 -1.7
    endloop
  endfacet
  facet normal 0.7129 0.701266 0
    outer loop
      vertex 61.8 0.599991 -5
      vertex 62.3902 0 -1.7
      vertex 62.3902 0 -5
    endloop
  endfacet
  facet normal 0.7129 0.701266 0
    outer loop
      vertex 62.3902 0 5
      vertex 61.8 0.599991 1.7
      vertex 61.8 0.599991 5
    endloop
  endfacet
  facet normal 0.7129 0.701266 0
    outer loop
      vertex 61.8 0.599991 1.7
      vertex 62.3902 0 5
      vertex 62.3902 0 1.7
    endloop
  endfacet
  facet normal -0.7129 0.701266 0
    outer loop
      vertex 61.2098 0 -5
      vertex 61.8 0.599991 -1.7
      vertex 61.8 0.599991 -5
    endloop
  endfacet
  facet normal -0.7129 0.701266 0
    outer loop
      vertex 61.8 0.599991 -1.7
      vertex 61.2098 0 -5
      vertex 61.2098 0 -1.7
    endloop
  endfacet
  facet normal -0.7129 0.701266 0
    outer loop
      vertex 61.2098 0 1.7
      vertex 61.8 0.599991 5
      vertex 61.8 0.599991 1.7
    endloop
  endfacet
  facet normal -0.7129 0.701266 0
    outer loop
      vertex 61.8 0.599991 5
      vertex 61.2098 0 1.7
      vertex 61.2098 0 5
    endloop
  endfacet
  facet normal 0 1 -0
    outer loop
      vertex 61.2098 0 -5
      vertex 61.1902 0 -1.7
      vertex 61.2098 0 -1.7
    endloop
  endfacet
  facet normal 0 1 0
    outer loop
      vertex 61.1902 0 -1.7
      vertex 61.2098 0 -5
      vertex 61.1902 0 -5
    endloop
  endfacet
  facet normal 0 1 -0
    outer loop
      vertex 61.2098 0 1.7
      vertex 61.1902 0 5
      vertex 61.2098 0 5
    endloop
  endfacet
  facet normal 0 1 0
    outer loop
      vertex 61.1902 0 5
      vertex 61.2098 0 1.7
      vertex 61.1902 0 1.7
    endloop
  endfacet
  facet normal 0.7129 0.701266 0
    outer loop
      vertex 61.1902 0 -1.7
      vertex 60.6 0.599991 -5
      vertex 60.6 0.599991 -1.7
    endloop
  endfacet
  facet normal 0.7129 0.701266 0
    outer loop
      vertex 60.6 0.599991 -5
      vertex 61.1902 0 -1.7
      vertex 61.1902 0 -5
    endloop
  endfacet
  facet normal 0.7129 0.701266 0
    outer loop
      vertex 61.1902 0 5
      vertex 60.6 0.599991 1.7
      vertex 60.6 0.599991 5
    endloop
  endfacet
  facet normal 0.7129 0.701266 0
    outer loop
      vertex 60.6 0.599991 1.7
      vertex 61.1902 0 5
      vertex 61.1902 0 1.7
    endloop
  endfacet
  facet normal -0.7129 0.701266 0
    outer loop
      vertex 60.0098 0 -5
      vertex 60.6 0.599991 -1.7
      vertex 60.6 0.599991 -5
    endloop
  endfacet
  facet normal -0.7129 0.701266 0
    outer loop
      vertex 60.6 0.599991 -1.7
      vertex 60.0098 0 -5
      vertex 60.0098 0 -1.7
    endloop
  endfacet
  facet normal -0.7129 0.701266 0
    outer loop
      vertex 60.0098 0 1.7
      vertex 60.6 0.599991 5
      vertex 60.6 0.599991 1.7
    endloop
  endfacet
  facet normal -0.7129 0.701266 0
    outer loop
      vertex 60.6 0.599991 5
      vertex 60.0098 0 1.7
      vertex 60.0098 0 5
    endloop
  endfacet
  facet normal 0 1 -0
    outer loop
      vertex 60.0098 0 -5
      vertex 59.9902 0 -1.7
      vertex 60.0098 0 -1.7
    endloop
  endfacet
  facet normal 0 1 0
    outer loop
      vertex 59.9902 0 -1.7
      vertex 60.0098 0 -5
      vertex 59.9902 0 -5
    endloop
  endfacet
  facet normal 0 1 -0
    outer loop
      vertex 60.0098 0 1.7
      vertex 59.9902 0 5
      vertex 60.0098 0 5
    endloop
  endfacet
  facet normal 0 1 0
    outer loop
      vertex 59.9902 0 5
      vertex 60.0098 0 1.7
      vertex 59.9902 0 1.7
    endloop
  endfacet
  facet normal 0.7129 0.701266 0
    outer loop
      vertex 59.9902 0 -1.7
      vertex 59.4 0.599991 -5
      vertex 59.4 0.599991 -1.7
    endloop
  endfacet
  facet normal 0.7129 0.701266 0
    outer loop
      vertex 59.4 0.599991 -5
      vertex 59.9902 0 -1.7
      vertex 59.9902 0 -5
    endloop
  endfacet
  facet normal 0.7129 0.701266 0
    outer loop
      vertex 59.9902 0 5
      vertex 59.4 0.599991 1.7
      vertex 59.4 0.599991 5
    endloop
  endfacet
  facet normal 0.7129 0.701266 0
    outer loop
      vertex 59.4 0.599991 1.7
      vertex 59.9902 0 5
      vertex 59.9902 0 1.7
    endloop
  endfacet
  facet normal -0.712902 0.701264 0
    outer loop
      vertex 59.4 0.599991 -5
      vertex 59.2 0.396672 -1.7
      vertex 59.4 0.599991 -1.7
    endloop
  endfacet
  facet normal -0.7129 0.701266 2.42606e-07
    outer loop
      vertex 58.8098 0 -5
      vertex 59.2 0.396672 -1.7
      vertex 59.4 0.599991 -5
    endloop
  endfacet
  facet normal -0.712899 0.701267 0
    outer loop
      vertex 59.2 0.396672 -1.7
      vertex 58.8098 0 -5
      vertex 58.8098 0 -1.64863
    endloop
  endfacet
  facet normal -0.712902 0.701264 0
    outer loop
      vertex 59.2 0.396672 1.7
      vertex 59.4 0.599991 5
      vertex 59.4 0.599991 1.7
    endloop
  endfacet
  facet normal -0.712899 0.701267 0
    outer loop
      vertex 58.8098 0 5
      vertex 59.2 0.396672 1.7
      vertex 58.8098 0 1.64863
    endloop
  endfacet
  facet normal -0.7129 0.701266 -2.42606e-07
    outer loop
      vertex 59.2 0.396672 1.7
      vertex 58.8098 0 5
      vertex 59.4 0.599991 5
    endloop
  endfacet
  facet normal 0 1 0
    outer loop
      vertex 58.7902 0 -5
      vertex 58.8098 0 -1.64863
      vertex 58.8098 0 -5
    endloop
  endfacet
  facet normal 0 1 0
    outer loop
      vertex 58.8098 0 -1.64863
      vertex 58.7902 0 -5
      vertex 58.7902 0 -1.64604
    endloop
  endfacet
  facet normal 0 1 -0
    outer loop
      vertex 58.8098 0 1.64863
      vertex 58.7902 0 5
      vertex 58.8098 0 5
    endloop
  endfacet
  facet normal 0 1 0
    outer loop
      vertex 58.7902 0 5
      vertex 58.8098 0 1.64863
      vertex 58.7902 0 1.64604
    endloop
  endfacet
  facet normal 0.712926 0.701239 0
    outer loop
      vertex 58.35 0.447491 -1.47224
      vertex 58.2 0.599991 -5
      vertex 58.2 0.599991 -1.35714
    endloop
  endfacet
  facet normal 0.712927 0.701238 -9.76683e-08
    outer loop
      vertex 58.76 0.0306563 -1.64207
      vertex 58.2 0.599991 -5
      vertex 58.35 0.447491 -1.47224
    endloop
  endfacet
  facet normal 0.712389 0.701785 -0
    outer loop
      vertex 58.7902 0 -5
      vertex 58.76 0.0306563 -1.64207
      vertex 58.7902 0 -1.64604
    endloop
  endfacet
  facet normal 0.7129 0.701266 9.33439e-06
    outer loop
      vertex 58.76 0.0306563 -1.64207
      vertex 58.7902 0 -5
      vertex 58.2 0.599991 -5
    endloop
  endfacet
  facet normal 0.712926 0.701239 0
    outer loop
      vertex 58.2 0.599991 5
      vertex 58.35 0.447491 1.47224
      vertex 58.2 0.599991 1.35714
    endloop
  endfacet
  facet normal 0.712927 0.701238 9.76683e-08
    outer loop
      vertex 58.2 0.599991 5
      vertex 58.76 0.0306563 1.64207
      vertex 58.35 0.447491 1.47224
    endloop
  endfacet
  facet normal 0.7129 0.701266 -9.33439e-06
    outer loop
      vertex 58.7902 0 5
      vertex 58.76 0.0306563 1.64207
      vertex 58.2 0.599991 5
    endloop
  endfacet
  facet normal 0.712389 0.701785 0
    outer loop
      vertex 58.76 0.0306563 1.64207
      vertex 58.7902 0 5
      vertex 58.7902 0 1.64604
    endloop
  endfacet
  facet normal -0.7129 0.701266 0
    outer loop
      vertex 57.6098 0 -5
      vertex 58.2 0.599991 -1.35714
      vertex 58.2 0.599991 -5
    endloop
  endfacet
  facet normal -0.712877 0.701289 -7.34849e-06
    outer loop
      vertex 58.2 0.599991 -1.35714
      vertex 57.6098 0 -5
      vertex 57.9979 0.394553 -1.20208
    endloop
  endfacet
  facet normal -0.712821 0.701345 0.000265701
    outer loop
      vertex 57.9979 0.394553 -1.20208
      vertex 57.6098 0 -0.931354
      vertex 57.7278 0.1199 -0.849999
    endloop
  endfacet
  facet normal -0.712367 0.701807 2.09463e-06
    outer loop
      vertex 57.7278 0.1199 -0.849999
      vertex 57.6722 0.0634634 -0.849999
      vertex 57.7 0.0916815 -0.782989
    endloop
  endfacet
  facet normal -0.712913 0.701253 0
    outer loop
      vertex 57.9979 0.394553 -1.20208
      vertex 57.6098 0 -5
      vertex 57.6098 0 -0.931354
    endloop
  endfacet
  facet normal -0.712367 0.701807 -0.00107384
    outer loop
      vertex 57.7278 0.1199 -0.849999
      vertex 57.6098 0 -0.931354
      vertex 57.6722 0.0634634 -0.849999
    endloop
  endfacet
  facet normal -0.712877 0.701289 7.34849e-06
    outer loop
      vertex 57.6098 0 5
      vertex 58.2 0.599991 1.35714
      vertex 57.9979 0.394553 1.20208
    endloop
  endfacet
  facet normal -0.712821 0.701345 -0.000265701
    outer loop
      vertex 57.6098 0 0.931354
      vertex 57.9979 0.394553 1.20208
      vertex 57.7278 0.1199 0.849999
    endloop
  endfacet
  facet normal -0.712367 0.701807 -2.09463e-06
    outer loop
      vertex 57.6722 0.0634634 0.849999
      vertex 57.7278 0.1199 0.849999
      vertex 57.7 0.0916815 0.782989
    endloop
  endfacet
  facet normal -0.712367 0.701807 0.00107384
    outer loop
      vertex 57.6098 0 0.931354
      vertex 57.7278 0.1199 0.849999
      vertex 57.6722 0.0634634 0.849999
    endloop
  endfacet
  facet normal -0.712913 0.701253 0
    outer loop
      vertex 57.6098 0 5
      vertex 57.9979 0.394553 1.20208
      vertex 57.6098 0 0.931354
    endloop
  endfacet
  facet normal -0.7129 0.701266 0
    outer loop
      vertex 58.2 0.599991 1.35714
      vertex 57.6098 0 5
      vertex 58.2 0.599991 5
    endloop
  endfacet
  facet normal 0 1 -0
    outer loop
      vertex 57.6098 0 -5
      vertex 57.5902 0 -0.956967
      vertex 57.6098 0 -0.931354
    endloop
  endfacet
  facet normal 0 1 0
    outer loop
      vertex 57.5902 0 -0.956967
      vertex 57.6098 0 -5
      vertex 57.5902 0 -5
    endloop
  endfacet
  facet normal 0 1 0
    outer loop
      vertex 57.6098 0 5
      vertex 57.5902 0 0.956967
      vertex 57.5902 0 5
    endloop
  endfacet
  facet normal -0 1 0
    outer loop
      vertex 57.5902 0 0.956967
      vertex 57.6098 0 5
      vertex 57.6098 0 0.931354
    endloop
  endfacet
  facet normal 0.712916 0.701249 5.59428e-06
    outer loop
      vertex 57.5902 0 -5
      vertex 57 0.599991 -1.49295
      vertex 57.05 0.549159 -1.47224
    endloop
  endfacet
  facet normal 0.712903 0.701263 1.5182e-06
    outer loop
      vertex 57.5902 0 -5
      vertex 57.05 0.549159 -1.47224
      vertex 57.4021 0.191214 -1.20208
    endloop
  endfacet
  facet normal 0.712888 0.701278 -0
    outer loop
      vertex 57.5902 0 -5
      vertex 57.4021 0.191214 -1.20208
      vertex 57.5902 0 -0.956967
    endloop
  endfacet
  facet normal 0.7129 0.701266 0
    outer loop
      vertex 57 0.599991 -1.49295
      vertex 57.5902 0 -5
      vertex 57 0.599991 -5
    endloop
  endfacet
  facet normal 0.7129 0.701266 0
    outer loop
      vertex 57.5902 0 5
      vertex 57 0.599991 1.49295
      vertex 57 0.599991 5
    endloop
  endfacet
  facet normal 0.712916 0.701249 -5.59428e-06
    outer loop
      vertex 57 0.599991 1.49295
      vertex 57.5902 0 5
      vertex 57.05 0.549159 1.47224
    endloop
  endfacet
  facet normal 0.712903 0.701263 -1.5182e-06
    outer loop
      vertex 57.05 0.549159 1.47224
      vertex 57.5902 0 5
      vertex 57.4021 0.191214 1.20208
    endloop
  endfacet
  facet normal 0.712888 0.701278 0
    outer loop
      vertex 57.4021 0.191214 1.20208
      vertex 57.5902 0 5
      vertex 57.5902 0 0.956967
    endloop
  endfacet
  facet normal -0.71292 0.701246 0
    outer loop
      vertex 57 0.599991 -5
      vertex 56.64 0.233998 -1.64207
      vertex 57 0.599991 -1.49295
    endloop
  endfacet
  facet normal -0.7129 0.701266 0
    outer loop
      vertex 56.4098 0 -1.67238
      vertex 57 0.599991 -5
      vertex 56.4098 0 -5
    endloop
  endfacet
  facet normal -0.712869 0.701297 1.10115e-05
    outer loop
      vertex 57 0.599991 -5
      vertex 56.4098 0 -1.67238
      vertex 56.64 0.233998 -1.64207
    endloop
  endfacet
  facet normal -0.71292 0.701246 0
    outer loop
      vertex 56.64 0.233998 1.64207
      vertex 57 0.599991 5
      vertex 57 0.599991 1.49295
    endloop
  endfacet
  facet normal -0.712869 0.701297 -1.10115e-05
    outer loop
      vertex 56.4098 0 1.67238
      vertex 57 0.599991 5
      vertex 56.64 0.233998 1.64207
    endloop
  endfacet
  facet normal -0.7129 0.701266 0
    outer loop
      vertex 57 0.599991 5
      vertex 56.4098 0 1.67238
      vertex 56.4098 0 5
    endloop
  endfacet
  facet normal 0 1 -0
    outer loop
      vertex 56.4098 0 -5
      vertex 56.3902 0 -1.67496
      vertex 56.4098 0 -1.67238
    endloop
  endfacet
  facet normal 0 1 0
    outer loop
      vertex 56.3902 0 -1.67496
      vertex 56.4098 0 -5
      vertex 56.3902 0 -5
    endloop
  endfacet
  facet normal 0 1 0
    outer loop
      vertex 56.4098 0 5
      vertex 56.3902 0 1.67496
      vertex 56.3902 0 5
    endloop
  endfacet
  facet normal -0 1 0
    outer loop
      vertex 56.3902 0 1.67496
      vertex 56.4098 0 5
      vertex 56.4098 0 1.67238
    endloop
  endfacet
  facet normal 0.712922 0.701243 0
    outer loop
      vertex 56.2 0.193329 -1.7
      vertex 55.8 0.599991 -5
      vertex 55.8 0.599991 -1.7
    endloop
  endfacet
  facet normal 0.712852 0.701315 -0
    outer loop
      vertex 56.3902 0 -5
      vertex 56.2 0.193329 -1.7
      vertex 56.3902 0 -1.67496
    endloop
  endfacet
  facet normal 0.7129 0.701266 5.58533e-06
    outer loop
      vertex 56.2 0.193329 -1.7
      vertex 56.3902 0 -5
      vertex 55.8 0.599991 -5
    endloop
  endfacet
  facet normal 0.712922 0.701243 0
    outer loop
      vertex 55.8 0.599991 5
      vertex 56.2 0.193329 1.7
      vertex 55.8 0.599991 1.7
    endloop
  endfacet
  facet normal 0.7129 0.701266 -5.58533e-06
    outer loop
      vertex 56.3902 0 5
      vertex 56.2 0.193329 1.7
      vertex 55.8 0.599991 5
    endloop
  endfacet
  facet normal 0.712852 0.701315 0
    outer loop
      vertex 56.2 0.193329 1.7
      vertex 56.3902 0 5
      vertex 56.3902 0 1.67496
    endloop
  endfacet
  facet normal -0.7129 0.701266 0
    outer loop
      vertex 55.2098 0 -5
      vertex 55.8 0.599991 -1.7
      vertex 55.8 0.599991 -5
    endloop
  endfacet
  facet normal -0.7129 0.701266 0
    outer loop
      vertex 55.8 0.599991 -1.7
      vertex 55.2098 0 -5
      vertex 55.2098 0 -1.7
    endloop
  endfacet
  facet normal -0.7129 0.701266 0
    outer loop
      vertex 55.2098 0 1.7
      vertex 55.8 0.599991 5
      vertex 55.8 0.599991 1.7
    endloop
  endfacet
  facet normal -0.7129 0.701266 0
    outer loop
      vertex 55.8 0.599991 5
      vertex 55.2098 0 1.7
      vertex 55.2098 0 5
    endloop
  endfacet
  facet normal 0 1 -0
    outer loop
      vertex 55.2098 0 -5
      vertex 55.1902 0 -1.7
      vertex 55.2098 0 -1.7
    endloop
  endfacet
  facet normal 0 1 0
    outer loop
      vertex 55.1902 0 -1.7
      vertex 55.2098 0 -5
      vertex 55.1902 0 -5
    endloop
  endfacet
  facet normal 0 1 -0
    outer loop
      vertex 55.2098 0 1.7
      vertex 55.1902 0 5
      vertex 55.2098 0 5
    endloop
  endfacet
  facet normal 0 1 0
    outer loop
      vertex 55.1902 0 5
      vertex 55.2098 0 1.7
      vertex 55.1902 0 1.7
    endloop
  endfacet
  facet normal 0.7129 0.701266 0
    outer loop
      vertex 55.1902 0 -1.7
      vertex 54.6 0.599991 -5
      vertex 54.6 0.599991 -1.7
    endloop
  endfacet
  facet normal 0.7129 0.701266 0
    outer loop
      vertex 54.6 0.599991 -5
      vertex 55.1902 0 -1.7
      vertex 55.1902 0 -5
    endloop
  endfacet
  facet normal 0.7129 0.701266 0
    outer loop
      vertex 55.1902 0 5
      vertex 54.6 0.599991 1.7
      vertex 54.6 0.599991 5
    endloop
  endfacet
  facet normal 0.7129 0.701266 0
    outer loop
      vertex 54.6 0.599991 1.7
      vertex 55.1902 0 5
      vertex 55.1902 0 1.7
    endloop
  endfacet
  facet normal -0.7129 0.701266 0
    outer loop
      vertex 54.0098 0 -5
      vertex 54.6 0.599991 -1.7
      vertex 54.6 0.599991 -5
    endloop
  endfacet
  facet normal -0.7129 0.701266 0
    outer loop
      vertex 54.6 0.599991 -1.7
      vertex 54.0098 0 -5
      vertex 54.0098 0 -1.7
    endloop
  endfacet
  facet normal -0.7129 0.701266 0
    outer loop
      vertex 54.0098 0 1.7
      vertex 54.6 0.599991 5
      vertex 54.6 0.599991 1.7
    endloop
  endfacet
  facet normal -0.7129 0.701266 0
    outer loop
      vertex 54.6 0.599991 5
      vertex 54.0098 0 1.7
      vertex 54.0098 0 5
    endloop
  endfacet
  facet normal 0 1 -0
    outer loop
      vertex 54.0098 0 -5
      vertex 53.9902 0 -1.7
      vertex 54.0098 0 -1.7
    endloop
  endfacet
  facet normal 0 1 0
    outer loop
      vertex 53.9902 0 -1.7
      vertex 54.0098 0 -5
      vertex 53.9902 0 -5
    endloop
  endfacet
  facet normal 0 1 -0
    outer loop
      vertex 54.0098 0 1.7
      vertex 53.9902 0 5
      vertex 54.0098 0 5
    endloop
  endfacet
  facet normal 0 1 0
    outer loop
      vertex 53.9902 0 5
      vertex 54.0098 0 1.7
      vertex 53.9902 0 1.7
    endloop
  endfacet
  facet normal 0.7129 0.701266 0
    outer loop
      vertex 53.9902 0 -1.7
      vertex 53.4 0.599991 -5
      vertex 53.4 0.599991 -1.7
    endloop
  endfacet
  facet normal 0.7129 0.701266 0
    outer loop
      vertex 53.4 0.599991 -5
      vertex 53.9902 0 -1.7
      vertex 53.9902 0 -5
    endloop
  endfacet
  facet normal 0.7129 0.701266 0
    outer loop
      vertex 53.9902 0 5
      vertex 53.4 0.599991 1.7
      vertex 53.4 0.599991 5
    endloop
  endfacet
  facet normal 0.7129 0.701266 0
    outer loop
      vertex 53.4 0.599991 1.7
      vertex 53.9902 0 5
      vertex 53.9902 0 1.7
    endloop
  endfacet
  facet normal -0.7129 0.701266 0
    outer loop
      vertex 52.8098 0 -5
      vertex 53.4 0.599991 -1.7
      vertex 53.4 0.599991 -5
    endloop
  endfacet
  facet normal -0.7129 0.701266 0
    outer loop
      vertex 53.4 0.599991 -1.7
      vertex 52.8098 0 -5
      vertex 52.8098 0 -1.7
    endloop
  endfacet
  facet normal -0.7129 0.701266 0
    outer loop
      vertex 52.8098 0 1.7
      vertex 53.4 0.599991 5
      vertex 53.4 0.599991 1.7
    endloop
  endfacet
  facet normal -0.7129 0.701266 0
    outer loop
      vertex 53.4 0.599991 5
      vertex 52.8098 0 1.7
      vertex 52.8098 0 5
    endloop
  endfacet
  facet normal 0 1 -0
    outer loop
      vertex 52.8098 0 -5
      vertex 52.7902 0 -1.7
      vertex 52.8098 0 -1.7
    endloop
  endfacet
  facet normal 0 1 0
    outer loop
      vertex 52.7902 0 -1.7
      vertex 52.8098 0 -5
      vertex 52.7902 0 -5
    endloop
  endfacet
  facet normal 0 1 -0
    outer loop
      vertex 52.8098 0 1.7
      vertex 52.7902 0 5
      vertex 52.8098 0 5
    endloop
  endfacet
  facet normal 0 1 0
    outer loop
      vertex 52.7902 0 5
      vertex 52.8098 0 1.7
      vertex 52.7902 0 1.7
    endloop
  endfacet
  facet normal 0.7129 0.701266 0
    outer loop
      vertex 52.7902 0 -1.7
      vertex 52.2 0.599991 -5
      vertex 52.2 0.599991 -1.7
    endloop
  endfacet
  facet normal 0.7129 0.701266 0
    outer loop
      vertex 52.2 0.599991 -5
      vertex 52.7902 0 -1.7
      vertex 52.7902 0 -5
    endloop
  endfacet
  facet normal 0.7129 0.701266 0
    outer loop
      vertex 52.7902 0 5
      vertex 52.2 0.599991 1.7
      vertex 52.2 0.599991 5
    endloop
  endfacet
  facet normal 0.7129 0.701266 0
    outer loop
      vertex 52.2 0.599991 1.7
      vertex 52.7902 0 5
      vertex 52.7902 0 1.7
    endloop
  endfacet
  facet normal -0.7129 0.701266 0
    outer loop
      vertex 51.6098 0 -5
      vertex 52.2 0.599991 -1.7
      vertex 52.2 0.599991 -5
    endloop
  endfacet
  facet normal -0.7129 0.701266 0
    outer loop
      vertex 52.2 0.599991 -1.7
      vertex 51.6098 0 -5
      vertex 51.6098 0 -1.7
    endloop
  endfacet
  facet normal -0.7129 0.701266 0
    outer loop
      vertex 51.6098 0 1.7
      vertex 52.2 0.599991 5
      vertex 52.2 0.599991 1.7
    endloop
  endfacet
  facet normal -0.7129 0.701266 0
    outer loop
      vertex 52.2 0.599991 5
      vertex 51.6098 0 1.7
      vertex 51.6098 0 5
    endloop
  endfacet
  facet normal 0 1 -0
    outer loop
      vertex 51.6098 0 -5
      vertex 51.5902 0 -1.7
      vertex 51.6098 0 -1.7
    endloop
  endfacet
  facet normal 0 1 0
    outer loop
      vertex 51.5902 0 -1.7
      vertex 51.6098 0 -5
      vertex 51.5902 0 -5
    endloop
  endfacet
  facet normal 0 1 -0
    outer loop
      vertex 51.6098 0 1.7
      vertex 51.5902 0 5
      vertex 51.6098 0 5
    endloop
  endfacet
  facet normal 0 1 0
    outer loop
      vertex 51.5902 0 5
      vertex 51.6098 0 1.7
      vertex 51.5902 0 1.7
    endloop
  endfacet
  facet normal 0.7129 0.701266 0
    outer loop
      vertex 51.5902 0 -1.7
      vertex 51 0.599991 -5
      vertex 51 0.599991 -1.7
    endloop
  endfacet
  facet normal 0.7129 0.701266 0
    outer loop
      vertex 51 0.599991 -5
      vertex 51.5902 0 -1.7
      vertex 51.5902 0 -5
    endloop
  endfacet
  facet normal 0.7129 0.701266 0
    outer loop
      vertex 51.5902 0 5
      vertex 51 0.599991 1.7
      vertex 51 0.599991 5
    endloop
  endfacet
  facet normal 0.7129 0.701266 0
    outer loop
      vertex 51 0.599991 1.7
      vertex 51.5902 0 5
      vertex 51.5902 0 1.7
    endloop
  endfacet
  facet normal -0.7129 0.701266 0
    outer loop
      vertex 50.4098 0 -5
      vertex 51 0.599991 -1.7
      vertex 51 0.599991 -5
    endloop
  endfacet
  facet normal -0.7129 0.701266 0
    outer loop
      vertex 51 0.599991 -1.7
      vertex 50.4098 0 -5
      vertex 50.4098 0 -1.7
    endloop
  endfacet
  facet normal -0.7129 0.701266 0
    outer loop
      vertex 50.4098 0 1.7
      vertex 51 0.599991 5
      vertex 51 0.599991 1.7
    endloop
  endfacet
  facet normal -0.7129 0.701266 0
    outer loop
      vertex 51 0.599991 5
      vertex 50.4098 0 1.7
      vertex 50.4098 0 5
    endloop
  endfacet
  facet normal 0 1 -0
    outer loop
      vertex 50.4098 0 -5
      vertex 50.3902 0 -1.7
      vertex 50.4098 0 -1.7
    endloop
  endfacet
  facet normal 0 1 0
    outer loop
      vertex 50.3902 0 -1.7
      vertex 50.4098 0 -5
      vertex 50.3902 0 -5
    endloop
  endfacet
  facet normal 0 1 -0
    outer loop
      vertex 50.4098 0 1.7
      vertex 50.3902 0 5
      vertex 50.4098 0 5
    endloop
  endfacet
  facet normal 0 1 0
    outer loop
      vertex 50.3902 0 5
      vertex 50.4098 0 1.7
      vertex 50.3902 0 1.7
    endloop
  endfacet
  facet normal 0.7129 0.701266 0
    outer loop
      vertex 50.3902 0 -1.7
      vertex 49.8 0.599991 -5
      vertex 49.8 0.599991 -1.7
    endloop
  endfacet
  facet normal 0.7129 0.701266 0
    outer loop
      vertex 49.8 0.599991 -5
      vertex 50.3902 0 -1.7
      vertex 50.3902 0 -5
    endloop
  endfacet
  facet normal 0.7129 0.701266 0
    outer loop
      vertex 50.3902 0 5
      vertex 49.8 0.599991 1.7
      vertex 49.8 0.599991 5
    endloop
  endfacet
  facet normal 0.7129 0.701266 0
    outer loop
      vertex 49.8 0.599991 1.7
      vertex 50.3902 0 5
      vertex 50.3902 0 1.7
    endloop
  endfacet
  facet normal -0.7129 0.701266 0
    outer loop
      vertex 49.2098 0 -5
      vertex 49.8 0.599991 -1.7
      vertex 49.8 0.599991 -5
    endloop
  endfacet
  facet normal -0.7129 0.701266 0
    outer loop
      vertex 49.8 0.599991 -1.7
      vertex 49.2098 0 -5
      vertex 49.2098 0 -1.7
    endloop
  endfacet
  facet normal -0.7129 0.701266 0
    outer loop
      vertex 49.2098 0 1.7
      vertex 49.8 0.599991 5
      vertex 49.8 0.599991 1.7
    endloop
  endfacet
  facet normal -0.7129 0.701266 0
    outer loop
      vertex 49.8 0.599991 5
      vertex 49.2098 0 1.7
      vertex 49.2098 0 5
    endloop
  endfacet
  facet normal 0 1 -0
    outer loop
      vertex 49.2098 0 -5
      vertex 49.1902 0 -1.7
      vertex 49.2098 0 -1.7
    endloop
  endfacet
  facet normal 0 1 0
    outer loop
      vertex 49.1902 0 -1.7
      vertex 49.2098 0 -5
      vertex 49.1902 0 -5
    endloop
  endfacet
  facet normal 0 1 -0
    outer loop
      vertex 49.2098 0 1.7
      vertex 49.1902 0 5
      vertex 49.2098 0 5
    endloop
  endfacet
  facet normal 0 1 0
    outer loop
      vertex 49.1902 0 5
      vertex 49.2098 0 1.7
      vertex 49.1902 0 1.7
    endloop
  endfacet
  facet normal 0.7129 0.701266 0
    outer loop
      vertex 49.1902 0 -1.7
      vertex 48.6 0.599991 -5
      vertex 48.6 0.599991 -1.7
    endloop
  endfacet
  facet normal 0.7129 0.701266 0
    outer loop
      vertex 48.6 0.599991 -5
      vertex 49.1902 0 -1.7
      vertex 49.1902 0 -5
    endloop
  endfacet
  facet normal 0.7129 0.701266 0
    outer loop
      vertex 49.1902 0 5
      vertex 48.6 0.599991 1.7
      vertex 48.6 0.599991 5
    endloop
  endfacet
  facet normal 0.7129 0.701266 0
    outer loop
      vertex 48.6 0.599991 1.7
      vertex 49.1902 0 5
      vertex 49.1902 0 1.7
    endloop
  endfacet
  facet normal -0.712913 0.701253 0
    outer loop
      vertex 48.6 0.599991 -5
      vertex 48.2 0.19334 -1.7
      vertex 48.6 0.599991 -1.7
    endloop
  endfacet
  facet normal -0.7129 0.701266 3.24777e-06
    outer loop
      vertex 48.0098 0 -5
      vertex 48.2 0.19334 -1.7
      vertex 48.6 0.599991 -5
    endloop
  endfacet
  facet normal -0.712872 0.701294 0
    outer loop
      vertex 48.2 0.19334 -1.7
      vertex 48.0098 0 -5
      vertex 48.0098 0 -1.67496
    endloop
  endfacet
  facet normal -0.712913 0.701253 0
    outer loop
      vertex 48.2 0.19334 1.7
      vertex 48.6 0.599991 5
      vertex 48.6 0.599991 1.7
    endloop
  endfacet
  facet normal -0.712872 0.701294 0
    outer loop
      vertex 48.0098 0 5
      vertex 48.2 0.19334 1.7
      vertex 48.0098 0 1.67496
    endloop
  endfacet
  facet normal -0.7129 0.701266 -3.24777e-06
    outer loop
      vertex 48.2 0.19334 1.7
      vertex 48.0098 0 5
      vertex 48.6 0.599991 5
    endloop
  endfacet
  facet normal 0 1 0
    outer loop
      vertex 47.9902 0 -5
      vertex 48.0098 0 -1.67496
      vertex 48.0098 0 -5
    endloop
  endfacet
  facet normal 0 1 0
    outer loop
      vertex 48.0098 0 -1.67496
      vertex 47.9902 0 -5
      vertex 47.9902 0 -1.67238
    endloop
  endfacet
  facet normal 0 1 -0
    outer loop
      vertex 48.0098 0 1.67496
      vertex 47.9902 0 5
      vertex 48.0098 0 5
    endloop
  endfacet
  facet normal 0 1 0
    outer loop
      vertex 47.9902 0 5
      vertex 48.0098 0 1.67496
      vertex 47.9902 0 1.67238
    endloop
  endfacet
  facet normal 0.712924 0.701241 0
    outer loop
      vertex 47.76 0.233993 -1.64207
      vertex 47.4 0.599991 -5
      vertex 47.4 0.599991 -1.49295
    endloop
  endfacet
  facet normal 0.712862 0.701305 1.36517e-05
    outer loop
      vertex 47.9902 0 -1.67238
      vertex 47.4 0.599991 -5
      vertex 47.76 0.233993 -1.64207
    endloop
  endfacet
  facet normal 0.7129 0.701266 0
    outer loop
      vertex 47.4 0.599991 -5
      vertex 47.9902 0 -1.67238
      vertex 47.9902 0 -5
    endloop
  endfacet
  facet normal 0.712924 0.701241 0
    outer loop
      vertex 47.4 0.599991 5
      vertex 47.76 0.233993 1.64207
      vertex 47.4 0.599991 1.49295
    endloop
  endfacet
  facet normal 0.7129 0.701266 -0
    outer loop
      vertex 47.9902 0 1.67238
      vertex 47.4 0.599991 5
      vertex 47.9902 0 5
    endloop
  endfacet
  facet normal 0.712862 0.701305 -1.36517e-05
    outer loop
      vertex 47.4 0.599991 5
      vertex 47.9902 0 1.67238
      vertex 47.76 0.233993 1.64207
    endloop
  endfacet
  facet normal -0.7129 0.701266 0
    outer loop
      vertex 46.8098 0 -5
      vertex 47.4 0.599991 -1.49295
      vertex 47.4 0.599991 -5
    endloop
  endfacet
  facet normal -0.712877 0.701289 -7.6449e-06
    outer loop
      vertex 47.4 0.599991 -1.49295
      vertex 46.8098 0 -5
      vertex 47.35 0.549165 -1.47224
    endloop
  endfacet
  facet normal -0.712894 0.701272 -2.55119e-06
    outer loop
      vertex 47.35 0.549165 -1.47224
      vertex 46.8098 0 -5
      vertex 46.9979 0.191231 -1.20208
    endloop
  endfacet
  facet normal -0.712919 0.701246 0
    outer loop
      vertex 46.9979 0.191231 -1.20208
      vertex 46.8098 0 -5
      vertex 46.8098 0 -0.956939
    endloop
  endfacet
  facet normal -0.712877 0.701289 7.6449e-06
    outer loop
      vertex 46.8098 0 5
      vertex 47.4 0.599991 1.49295
      vertex 47.35 0.549165 1.47224
    endloop
  endfacet
  facet normal -0.712894 0.701272 2.55119e-06
    outer loop
      vertex 46.8098 0 5
      vertex 47.35 0.549165 1.47224
      vertex 46.9979 0.191231 1.20208
    endloop
  endfacet
  facet normal -0.712919 0.701246 0
    outer loop
      vertex 46.8098 0 5
      vertex 46.9979 0.191231 1.20208
      vertex 46.8098 0 0.956939
    endloop
  endfacet
  facet normal -0.7129 0.701266 0
    outer loop
      vertex 47.4 0.599991 1.49295
      vertex 46.8098 0 5
      vertex 47.4 0.599991 5
    endloop
  endfacet
  facet normal 0 1 0
    outer loop
      vertex 46.7902 0 -5
      vertex 46.8098 0 -0.956939
      vertex 46.8098 0 -5
    endloop
  endfacet
  facet normal 0 1 0
    outer loop
      vertex 46.8098 0 -0.956939
      vertex 46.7902 0 -5
      vertex 46.7902 0 -0.931327
    endloop
  endfacet
  facet normal 0 1 -0
    outer loop
      vertex 46.8098 0 0.956939
      vertex 46.7902 0 5
      vertex 46.8098 0 5
    endloop
  endfacet
  facet normal 0 1 0
    outer loop
      vertex 46.7902 0 5
      vertex 46.8098 0 0.956939
      vertex 46.7902 0 0.931327
    endloop
  endfacet
  facet normal 0.712924 0.701241 0
    outer loop
      vertex 46.2 0.599991 5
      vertex 46.5 0.294993 0
      vertex 46.2 0.599991 -5
    endloop
  endfacet
  facet normal 0.713028 0.701136 1.26684e-05
    outer loop
      vertex 46.2 0.599991 5
      vertex 46.5579 0.236103 0.439992
      vertex 46.5 0.294993 0
    endloop
  endfacet
  facet normal 0.712806 0.701361 -2.26872e-05
    outer loop
      vertex 46.2 0.599991 5
      vertex 46.7278 0.0634437 0.849999
      vertex 46.5579 0.236103 0.439992
    endloop
  endfacet
  facet normal 0.7129 0.701266 -0
    outer loop
      vertex 46.7902 0 0.931327
      vertex 46.2 0.599991 5
      vertex 46.7902 0 5
    endloop
  endfacet
  facet normal 0.712939 0.701226 1.16916e-05
    outer loop
      vertex 46.2 0.599991 5
      vertex 46.7902 0 0.931327
      vertex 46.7278 0.0634437 0.849999
    endloop
  endfacet
  facet normal 0.713028 0.701136 -1.26684e-05
    outer loop
      vertex 46.5579 0.236103 -0.439992
      vertex 46.2 0.599991 -5
      vertex 46.5 0.294993 0
    endloop
  endfacet
  facet normal 0.712806 0.701361 2.26872e-05
    outer loop
      vertex 46.7278 0.0634437 -0.849999
      vertex 46.2 0.599991 -5
      vertex 46.5579 0.236103 -0.439992
    endloop
  endfacet
  facet normal 0.712939 0.701226 -1.16916e-05
    outer loop
      vertex 46.7902 0 -0.931327
      vertex 46.2 0.599991 -5
      vertex 46.7278 0.0634437 -0.849999
    endloop
  endfacet
  facet normal 0.7129 0.701266 0
    outer loop
      vertex 46.2 0.599991 -5
      vertex 46.7902 0 -0.931327
      vertex 46.7902 0 -5
    endloop
  endfacet
  facet normal -0.7129 0.701266 0
    outer loop
      vertex 45.6098 0 -5
      vertex 46.2 0.599991 5
      vertex 46.2 0.599991 -5
    endloop
  endfacet
  facet normal -0.7129 0.701266 0
    outer loop
      vertex 46.2 0.599991 5
      vertex 45.6098 0 -5
      vertex 45.6098 0 5
    endloop
  endfacet
  facet normal 0 1 -0
    outer loop
      vertex 45.6098 0 -5
      vertex 45.5902 0 5
      vertex 45.6098 0 5
    endloop
  endfacet
  facet normal 0 1 0
    outer loop
      vertex 45.5902 0 5
      vertex 45.6098 0 -5
      vertex 45.5902 0 -5
    endloop
  endfacet
  facet normal 0.7129 0.701266 0
    outer loop
      vertex 45.5902 0 5
      vertex 45 0.599991 -5
      vertex 45 0.599991 5
    endloop
  endfacet
  facet normal 0.7129 0.701266 0
    outer loop
      vertex 45 0.599991 -5
      vertex 45.5902 0 5
      vertex 45.5902 0 -5
    endloop
  endfacet
  facet normal -0.7129 0.701266 0
    outer loop
      vertex 44.4098 0 -5
      vertex 45 0.599991 5
      vertex 45 0.599991 -5
    endloop
  endfacet
  facet normal -0.7129 0.701266 0
    outer loop
      vertex 45 0.599991 5
      vertex 44.4098 0 -5
      vertex 44.4098 0 5
    endloop
  endfacet
  facet normal 0 1 -0
    outer loop
      vertex 44.4098 0 -5
      vertex 44.2 0 5
      vertex 44.4098 0 5
    endloop
  endfacet
  facet normal 0 1 0
    outer loop
      vertex 44.2 0 5
      vertex 44.4098 0 -5
      vertex 44.2 0 -5
    endloop
  endfacet
  facet normal -1 0 0
    outer loop
      vertex 44.2 -5.5 -5
      vertex 44.2 0 5
      vertex 44.2 0 -5
    endloop
  endfacet
  facet normal -1 -0 0
    outer loop
      vertex 44.2 0 5
      vertex 44.2 -5.5 -5
      vertex 44.2 -5.5 5
    endloop
  endfacet
  facet normal 0 -1 0
    outer loop
      vertex 58.76 -5.5 1.64207
      vertex 61.7 -5.5 5
      vertex 56.64 -5.5 1.64207
    endloop
  endfacet
  facet normal 0 -1 0
    outer loop
      vertex 61.7 -5.5 5
      vertex 58.76 -5.5 1.64207
      vertex 59.2 -5.5 1.7
    endloop
  endfacet
  facet normal 0 -1 0
    outer loop
      vertex 57.05 -5.5 1.47224
      vertex 58.76 -5.5 1.64207
      vertex 56.64 -5.5 1.64207
    endloop
  endfacet
  facet normal 0 -1 0
    outer loop
      vertex 57.05 -5.5 1.47224
      vertex 58.35 -5.5 1.47224
      vertex 58.76 -5.5 1.64207
    endloop
  endfacet
  facet normal 0 -1 0
    outer loop
      vertex 57.4021 -5.5 1.20208
      vertex 58.35 -5.5 1.47224
      vertex 57.05 -5.5 1.47224
    endloop
  endfacet
  facet normal 0 -1 0
    outer loop
      vertex 57.4021 -5.5 1.20208
      vertex 57.9979 -5.5 1.20208
      vertex 58.35 -5.5 1.47224
    endloop
  endfacet
  facet normal 0 -1 0
    outer loop
      vertex 57.6722 -5.5 0.849999
      vertex 57.9979 -5.5 1.20208
      vertex 57.4021 -5.5 1.20208
    endloop
  endfacet
  facet normal 0 -1 0
    outer loop
      vertex 57.6722 -5.5 0.849999
      vertex 57.7278 -5.5 0.849999
      vertex 57.9979 -5.5 1.20208
    endloop
  endfacet
  facet normal -0 -1 0
    outer loop
      vertex 57.7278 -5.5 0.849999
      vertex 57.6722 -5.5 0.849999
      vertex 57.7 -5.5 0.782989
    endloop
  endfacet
  facet normal 0 -1 0
    outer loop
      vertex 56.2 -5.5 1.7
      vertex 44.2 -5.5 5
      vertex 48.2 -5.5 1.7
    endloop
  endfacet
  facet normal 0 -1 0
    outer loop
      vertex 44.2 -5.5 5
      vertex 47.76 -5.5 1.64207
      vertex 48.2 -5.5 1.7
    endloop
  endfacet
  facet normal 0 -1 0
    outer loop
      vertex 44.2 -5.5 5
      vertex 47.35 -5.5 1.47224
      vertex 47.76 -5.5 1.64207
    endloop
  endfacet
  facet normal 0 -1 0
    outer loop
      vertex 44.2 -5.5 5
      vertex 46.9979 -5.5 1.20208
      vertex 47.35 -5.5 1.47224
    endloop
  endfacet
  facet normal 0 -1 0
    outer loop
      vertex 44.2 -5.5 5
      vertex 46.7278 -5.5 0.849999
      vertex 46.9979 -5.5 1.20208
    endloop
  endfacet
  facet normal 0 -1 0
    outer loop
      vertex 44.2 -5.5 5
      vertex 46.5579 -5.5 0.439992
      vertex 46.7278 -5.5 0.849999
    endloop
  endfacet
  facet normal 0 -1 0
    outer loop
      vertex 44.2 -5.5 5
      vertex 46.5 -5.5 0
      vertex 46.5579 -5.5 0.439992
    endloop
  endfacet
  facet normal 0 -1 0
    outer loop
      vertex 44.2 -5.5 -5
      vertex 46.5 -5.5 0
      vertex 44.2 -5.5 5
    endloop
  endfacet
  facet normal 0 -1 -0
    outer loop
      vertex 46.5 -5.5 0
      vertex 44.2 -5.5 -5
      vertex 46.5579 -5.5 -0.439992
    endloop
  endfacet
  facet normal 0 -1 0
    outer loop
      vertex 44.2 -5.5 -5
      vertex 56.2 -5.5 -1.7
      vertex 48.2 -5.5 -1.7
    endloop
  endfacet
  facet normal 0 -1 0
    outer loop
      vertex 56.2 -5.5 -1.7
      vertex 61.7 -5.5 -5
      vertex 59.2 -5.5 -1.7
    endloop
  endfacet
  facet normal 0 -1 -0
    outer loop
      vertex 46.5579 -5.5 -0.439992
      vertex 44.2 -5.5 -5
      vertex 46.7278 -5.5 -0.849999
    endloop
  endfacet
  facet normal 0 -1 0
    outer loop
      vertex 44.2 -5.5 -5
      vertex 46.9979 -5.5 -1.20208
      vertex 46.7278 -5.5 -0.849999
    endloop
  endfacet
  facet normal 0 -1 0
    outer loop
      vertex 44.2 -5.5 -5
      vertex 47.35 -5.5 -1.47224
      vertex 46.9979 -5.5 -1.20208
    endloop
  endfacet
  facet normal 0 -1 0
    outer loop
      vertex 44.2 -5.5 -5
      vertex 47.76 -5.5 -1.64207
      vertex 47.35 -5.5 -1.47224
    endloop
  endfacet
  facet normal 0 -1 0
    outer loop
      vertex 44.2 -5.5 -5
      vertex 48.2 -5.5 -1.7
      vertex 47.76 -5.5 -1.64207
    endloop
  endfacet
  facet normal 0 -1 -0
    outer loop
      vertex 56.2 -5.5 -1.7
      vertex 44.2 -5.5 -5
      vertex 61.7 -5.5 -5
    endloop
  endfacet
  facet normal 0 -1 0
    outer loop
      vertex 59.2 -5.5 -1.7
      vertex 61.7 -5.5 -5
      vertex 61.7 -5.5 -1.7
    endloop
  endfacet
  facet normal 0 -1 0
    outer loop
      vertex 44.2 -5.5 5
      vertex 56.2 -5.5 1.7
      vertex 61.7 -5.5 5
    endloop
  endfacet
  facet normal 0 -1 0
    outer loop
      vertex 56.64 -5.5 1.64207
      vertex 61.7 -5.5 5
      vertex 56.2 -5.5 1.7
    endloop
  endfacet
  facet normal 0 -1 -0
    outer loop
      vertex 61.7 -5.5 5
      vertex 59.2 -5.5 1.7
      vertex 61.7 -5.5 1.7
    endloop
  endfacet
  facet normal 0 -1 0
    outer loop
      vertex 57.6722 -5.5 -0.849999
      vertex 57.7278 -5.5 -0.849999
      vertex 57.7 -5.5 -0.782989
    endloop
  endfacet
  facet normal 0 -1 0
    outer loop
      vertex 57.4021 -5.5 -1.20208
      vertex 57.7278 -5.5 -0.849999
      vertex 57.6722 -5.5 -0.849999
    endloop
  endfacet
  facet normal 0 -1 0
    outer loop
      vertex 57.4021 -5.5 -1.20208
      vertex 57.9979 -5.5 -1.20208
      vertex 57.7278 -5.5 -0.849999
    endloop
  endfacet
  facet normal 0 -1 0
    outer loop
      vertex 57.05 -5.5 -1.47224
      vertex 57.9979 -5.5 -1.20208
      vertex 57.4021 -5.5 -1.20208
    endloop
  endfacet
  facet normal 0 -1 0
    outer loop
      vertex 57.05 -5.5 -1.47224
      vertex 58.35 -5.5 -1.47224
      vertex 57.9979 -5.5 -1.20208
    endloop
  endfacet
  facet normal 0 -1 0
    outer loop
      vertex 56.64 -5.5 -1.64207
      vertex 58.35 -5.5 -1.47224
      vertex 57.05 -5.5 -1.47224
    endloop
  endfacet
  facet normal 0 -1 0
    outer loop
      vertex 56.64 -5.5 -1.64207
      vertex 58.76 -5.5 -1.64207
      vertex 58.35 -5.5 -1.47224
    endloop
  endfacet
  facet normal 0 -1 0
    outer loop
      vertex 56.2 -5.5 -1.7
      vertex 58.76 -5.5 -1.64207
      vertex 56.64 -5.5 -1.64207
    endloop
  endfacet
  facet normal 0 -1 -0
    outer loop
      vertex 58.76 -5.5 -1.64207
      vertex 56.2 -5.5 -1.7
      vertex 59.2 -5.5 -1.7
    endloop
  endfacet
  facet normal -0.0653836 -0.99786 0
    outer loop
      vertex 61.7 -5.5 -5
      vertex 62.2221 -5.53421 -1.7
      vertex 61.7 -5.5 -1.7
    endloop
  endfacet
  facet normal -0.0653836 -0.99786 -0
    outer loop
      vertex 62.2221 -5.53421 -1.7
      vertex 61.7 -5.5 -5
      vertex 62.2221 -5.53421 -5
    endloop
  endfacet
  facet normal -0.0653836 -0.99786 0
    outer loop
      vertex 61.7 -5.5 1.7
      vertex 62.2221 -5.53421 5
      vertex 61.7 -5.5 5
    endloop
  endfacet
  facet normal -0.0653836 -0.99786 -0
    outer loop
      vertex 62.2221 -5.53421 5
      vertex 61.7 -5.5 1.7
      vertex 62.2221 -5.53421 1.7
    endloop
  endfacet
  facet normal -0.956953 0 0.290242
    outer loop
      vertex 59.3396 -23 -0.554891
      vertex 59.4221 -20 -0.282881
      vertex 59.3396 -20 -0.554891
    endloop
  endfacet
  facet normal -0.956953 0 0.290242
    outer loop
      vertex 59.4221 -20 -0.282881
      vertex 59.3396 -23 -0.554891
      vertex 59.4221 -23 -0.282881
    endloop
  endfacet
  facet normal -0.995171 0 0.0981518
    outer loop
      vertex 59.4221 -23 -0.282881
      vertex 59.45 -20 0
      vertex 59.4221 -20 -0.282881
    endloop
  endfacet
  facet normal -0.995171 0 0.0981518
    outer loop
      vertex 59.45 -20 0
      vertex 59.4221 -23 -0.282881
      vertex 59.45 -23 0
    endloop
  endfacet
  facet normal -0.881912 0 0.471413
    outer loop
      vertex 59.2056 -23 -0.805576
      vertex 59.3396 -20 -0.554891
      vertex 59.2056 -20 -0.805576
    endloop
  endfacet
  facet normal -0.881912 0 0.471413
    outer loop
      vertex 59.3396 -20 -0.554891
      vertex 59.2056 -23 -0.805576
      vertex 59.3396 -23 -0.554891
    endloop
  endfacet
  facet normal 0.63445 0 0.772964
    outer loop
      vertex 56.9747 -20 -1.0253
      vertex 57.1944 -23 -1.20563
      vertex 57.1944 -20 -1.20563
    endloop
  endfacet
  facet normal 0.63445 0 0.772964
    outer loop
      vertex 57.1944 -23 -1.20563
      vertex 56.9747 -20 -1.0253
      vertex 56.9747 -23 -1.0253
    endloop
  endfacet
  facet normal -0.294086 0 0.955779
    outer loop
      vertex 58.2842 -17 -1.42174
      vertex 58.2829 -17 -1.42214
      vertex 58.2842 -20 -1.42174
    endloop
  endfacet
  facet normal -0.290298 0 0.956936
    outer loop
      vertex 58.2842 -20 -1.42174
      vertex 58.5549 -23 -1.33962
      vertex 58.5549 -20 -1.33962
    endloop
  endfacet
  facet normal -0.290316 -1.78721e-06 0.956931
    outer loop
      vertex 58.2842 -20 -1.42174
      vertex 58.2829 -23 -1.42214
      vertex 58.5549 -23 -1.33962
    endloop
  endfacet
  facet normal -0.294086 0 0.955779
    outer loop
      vertex 58.2829 -23 -1.42214
      vertex 58.2842 -20 -1.42174
      vertex 58.2829 -17 -1.42214
    endloop
  endfacet
  facet normal -0.77305 0 0.634345
    outer loop
      vertex 59.0253 -23 -1.0253
      vertex 59.2056 -20 -0.805576
      vertex 59.0253 -20 -1.0253
    endloop
  endfacet
  facet normal -0.77305 0 0.634345
    outer loop
      vertex 59.2056 -20 -0.805576
      vertex 59.0253 -23 -1.0253
      vertex 59.2056 -23 -0.805576
    endloop
  endfacet
  facet normal 0.77305 -0 0.634345
    outer loop
      vertex 56.7944 -23 -0.805576
      vertex 56.9747 -20 -1.0253
      vertex 56.7944 -20 -0.805576
    endloop
  endfacet
  facet normal 0.77305 0 0.634345
    outer loop
      vertex 56.9747 -20 -1.0253
      vertex 56.7944 -23 -0.805576
      vertex 56.9747 -23 -1.0253
    endloop
  endfacet
  facet normal 0.881912 0 -0.471413
    outer loop
      vertex 56.7944 -23 0.805576
      vertex 56.6604 -20 0.554891
      vertex 56.7944 -20 0.805576
    endloop
  endfacet
  facet normal 0.881912 0 -0.471413
    outer loop
      vertex 56.6604 -20 0.554891
      vertex 56.7944 -23 0.805576
      vertex 56.6604 -23 0.554891
    endloop
  endfacet
  facet normal -0.881912 0 -0.471413
    outer loop
      vertex 59.3396 -23 0.554891
      vertex 59.2056 -20 0.805576
      vertex 59.3396 -20 0.554891
    endloop
  endfacet
  facet normal -0.881912 -0 -0.471413
    outer loop
      vertex 59.2056 -20 0.805576
      vertex 59.3396 -23 0.554891
      vertex 59.2056 -23 0.805576
    endloop
  endfacet
  facet normal 0.290316 0 0.956931
    outer loop
      vertex 57.4451 -17 -1.33962
      vertex 57.7171 -23 -1.42214
      vertex 57.7171 -17 -1.42214
    endloop
  endfacet
  facet normal 0.290316 0 0.956931
    outer loop
      vertex 57.7171 -23 -1.42214
      vertex 57.4451 -17 -1.33962
      vertex 57.4451 -23 -1.33962
    endloop
  endfacet
  facet normal -0.290298 0 -0.956936
    outer loop
      vertex 58.5549 -23 1.33962
      vertex 58.2842 -20 1.42174
      vertex 58.5549 -20 1.33962
    endloop
  endfacet
  facet normal -0.290316 -1.78721e-06 -0.956931
    outer loop
      vertex 58.2829 -23 1.42214
      vertex 58.2842 -20 1.42174
      vertex 58.5549 -23 1.33962
    endloop
  endfacet
  facet normal -0.294086 -0 -0.955779
    outer loop
      vertex 58.2829 -17 1.42214
      vertex 58.2842 -20 1.42174
      vertex 58.2829 -23 1.42214
    endloop
  endfacet
  facet normal -0.294086 0 -0.955779
    outer loop
      vertex 58.2842 -20 1.42174
      vertex 58.2829 -17 1.42214
      vertex 58.2842 -17 1.42174
    endloop
  endfacet
  facet normal -0.0980059 0 0.995186
    outer loop
      vertex 58 -17 -1.45
      vertex 58.2829 -23 -1.42214
      vertex 58.2829 -17 -1.42214
    endloop
  endfacet
  facet normal -0.0980059 0 0.995186
    outer loop
      vertex 58.2829 -23 -1.42214
      vertex 58 -17 -1.45
      vertex 58 -23 -1.45
    endloop
  endfacet
  facet normal -0.63445 0 0.772964
    outer loop
      vertex 58.8056 -20 -1.20563
      vertex 59.0253 -23 -1.0253
      vertex 59.0253 -20 -1.0253
    endloop
  endfacet
  facet normal -0.63445 0 0.772964
    outer loop
      vertex 59.0253 -23 -1.0253
      vertex 58.8056 -20 -1.20563
      vertex 58.8056 -23 -1.20563
    endloop
  endfacet
  facet normal 0.0980059 0 0.995186
    outer loop
      vertex 57.7171 -17 -1.42214
      vertex 58 -23 -1.45
      vertex 58 -17 -1.45
    endloop
  endfacet
  facet normal 0.0980059 0 0.995186
    outer loop
      vertex 58 -23 -1.45
      vertex 57.7171 -17 -1.42214
      vertex 57.7171 -23 -1.42214
    endloop
  endfacet
  facet normal -0.63445 0 -0.772964
    outer loop
      vertex 58.8056 -23 1.20563
      vertex 59.0253 -20 1.0253
      vertex 59.0253 -23 1.0253
    endloop
  endfacet
  facet normal -0.63445 0 -0.772964
    outer loop
      vertex 59.0253 -20 1.0253
      vertex 58.8056 -23 1.20563
      vertex 58.8056 -20 1.20563
    endloop
  endfacet
  facet normal -0.471364 0 -0.881939
    outer loop
      vertex 58.5549 -23 1.33962
      vertex 58.8056 -20 1.20563
      vertex 58.8056 -23 1.20563
    endloop
  endfacet
  facet normal -0.471364 0 -0.881939
    outer loop
      vertex 58.8056 -20 1.20563
      vertex 58.5549 -23 1.33962
      vertex 58.5549 -20 1.33962
    endloop
  endfacet
  facet normal 0.63445 0 -0.772964
    outer loop
      vertex 56.9747 -23 1.0253
      vertex 57.1944 -20 1.20563
      vertex 57.1944 -23 1.20563
    endloop
  endfacet
  facet normal 0.63445 0 -0.772964
    outer loop
      vertex 57.1944 -20 1.20563
      vertex 56.9747 -23 1.0253
      vertex 56.9747 -20 1.0253
    endloop
  endfacet
  facet normal -0.77305 0 -0.634345
    outer loop
      vertex 59.2056 -23 0.805576
      vertex 59.0253 -20 1.0253
      vertex 59.2056 -20 0.805576
    endloop
  endfacet
  facet normal -0.77305 -0 -0.634345
    outer loop
      vertex 59.0253 -20 1.0253
      vertex 59.2056 -23 0.805576
      vertex 59.0253 -23 1.0253
    endloop
  endfacet
  facet normal -0.995171 0 -0.0981518
    outer loop
      vertex 59.45 -23 0
      vertex 59.4221 -20 0.282881
      vertex 59.45 -20 0
    endloop
  endfacet
  facet normal -0.995171 -0 -0.0981518
    outer loop
      vertex 59.4221 -20 0.282881
      vertex 59.45 -23 0
      vertex 59.4221 -23 0.282881
    endloop
  endfacet
  facet normal -0.956953 0 -0.290242
    outer loop
      vertex 59.4221 -23 0.282881
      vertex 59.3396 -20 0.554891
      vertex 59.4221 -20 0.282881
    endloop
  endfacet
  facet normal -0.956953 -0 -0.290242
    outer loop
      vertex 59.3396 -20 0.554891
      vertex 59.4221 -23 0.282881
      vertex 59.3396 -23 0.554891
    endloop
  endfacet
  facet normal 0.995171 -0 0.0981518
    outer loop
      vertex 56.55 -23 0
      vertex 56.5779 -20 -0.282881
      vertex 56.55 -20 0
    endloop
  endfacet
  facet normal 0.995171 0 0.0981518
    outer loop
      vertex 56.5779 -20 -0.282881
      vertex 56.55 -23 0
      vertex 56.5779 -23 -0.282881
    endloop
  endfacet
  facet normal 0.471392 -0 0.881924
    outer loop
      vertex 57.3141 -20 -1.2696
      vertex 57.4451 -17 -1.33962
      vertex 57.3141 -17 -1.2696
    endloop
  endfacet
  facet normal 0.471392 0 0.881924
    outer loop
      vertex 57.4451 -17 -1.33962
      vertex 57.3141 -20 -1.2696
      vertex 57.4451 -23 -1.33962
    endloop
  endfacet
  facet normal 0.471334 -0 0.881955
    outer loop
      vertex 57.1944 -23 -1.20563
      vertex 57.3141 -20 -1.2696
      vertex 57.1944 -20 -1.20563
    endloop
  endfacet
  facet normal 0.471364 -1.55257e-06 0.881939
    outer loop
      vertex 57.3141 -20 -1.2696
      vertex 57.1944 -23 -1.20563
      vertex 57.4451 -23 -1.33962
    endloop
  endfacet
  facet normal -0.471364 0 0.881939
    outer loop
      vertex 58.5549 -20 -1.33962
      vertex 58.8056 -23 -1.20563
      vertex 58.8056 -20 -1.20563
    endloop
  endfacet
  facet normal -0.471364 0 0.881939
    outer loop
      vertex 58.8056 -23 -1.20563
      vertex 58.5549 -20 -1.33962
      vertex 58.5549 -23 -1.33962
    endloop
  endfacet
  facet normal 0.956953 -0 0.290242
    outer loop
      vertex 56.5779 -23 -0.282881
      vertex 56.6604 -20 -0.554891
      vertex 56.5779 -20 -0.282881
    endloop
  endfacet
  facet normal 0.956953 0 0.290242
    outer loop
      vertex 56.6604 -20 -0.554891
      vertex 56.5779 -23 -0.282881
      vertex 56.6604 -23 -0.554891
    endloop
  endfacet
  facet normal -0.0980059 0 -0.995186
    outer loop
      vertex 58 -23 1.45
      vertex 58.2829 -17 1.42214
      vertex 58.2829 -23 1.42214
    endloop
  endfacet
  facet normal -0.0980059 0 -0.995186
    outer loop
      vertex 58.2829 -17 1.42214
      vertex 58 -23 1.45
      vertex 58 -17 1.45
    endloop
  endfacet
  facet normal 0.881912 -0 0.471413
    outer loop
      vertex 56.6604 -23 -0.554891
      vertex 56.7944 -20 -0.805576
      vertex 56.6604 -20 -0.554891
    endloop
  endfacet
  facet normal 0.881912 0 0.471413
    outer loop
      vertex 56.7944 -20 -0.805576
      vertex 56.6604 -23 -0.554891
      vertex 56.7944 -23 -0.805576
    endloop
  endfacet
  facet normal 0.956953 0 -0.290242
    outer loop
      vertex 56.6604 -23 0.554891
      vertex 56.5779 -20 0.282881
      vertex 56.6604 -20 0.554891
    endloop
  endfacet
  facet normal 0.956953 0 -0.290242
    outer loop
      vertex 56.5779 -20 0.282881
      vertex 56.6604 -23 0.554891
      vertex 56.5779 -23 0.282881
    endloop
  endfacet
  facet normal 0.995171 0 -0.0981518
    outer loop
      vertex 56.5779 -23 0.282881
      vertex 56.55 -20 0
      vertex 56.5779 -20 0.282881
    endloop
  endfacet
  facet normal 0.995171 0 -0.0981518
    outer loop
      vertex 56.55 -20 0
      vertex 56.5779 -23 0.282881
      vertex 56.55 -23 0
    endloop
  endfacet
  facet normal 0.77305 0 -0.634345
    outer loop
      vertex 56.9747 -23 1.0253
      vertex 56.7944 -20 0.805576
      vertex 56.9747 -20 1.0253
    endloop
  endfacet
  facet normal 0.77305 0 -0.634345
    outer loop
      vertex 56.7944 -20 0.805576
      vertex 56.9747 -23 1.0253
      vertex 56.7944 -23 0.805576
    endloop
  endfacet
  facet normal 0.471392 0 -0.881924
    outer loop
      vertex 57.4451 -23 1.33962
      vertex 57.3141 -20 1.2696
      vertex 57.4451 -17 1.33962
    endloop
  endfacet
  facet normal 0.471364 -1.55257e-06 -0.881939
    outer loop
      vertex 57.1944 -23 1.20563
      vertex 57.3141 -20 1.2696
      vertex 57.4451 -23 1.33962
    endloop
  endfacet
  facet normal 0.471334 0 -0.881955
    outer loop
      vertex 57.3141 -20 1.2696
      vertex 57.1944 -23 1.20563
      vertex 57.1944 -20 1.20563
    endloop
  endfacet
  facet normal 0.471392 0 -0.881924
    outer loop
      vertex 57.4451 -17 1.33962
      vertex 57.3141 -20 1.2696
      vertex 57.3141 -17 1.2696
    endloop
  endfacet
  facet normal 0.0980059 0 -0.995186
    outer loop
      vertex 57.7171 -23 1.42214
      vertex 58 -17 1.45
      vertex 58 -23 1.45
    endloop
  endfacet
  facet normal 0.0980059 0 -0.995186
    outer loop
      vertex 58 -17 1.45
      vertex 57.7171 -23 1.42214
      vertex 57.7171 -17 1.42214
    endloop
  endfacet
  facet normal 0.290316 0 -0.956931
    outer loop
      vertex 57.4451 -23 1.33962
      vertex 57.7171 -17 1.42214
      vertex 57.7171 -23 1.42214
    endloop
  endfacet
  facet normal 0.290316 0 -0.956931
    outer loop
      vertex 57.7171 -17 1.42214
      vertex 57.4451 -23 1.33962
      vertex 57.4451 -17 1.33962
    endloop
  endfacet
endsolid OpenSCAD_Model
