solid OpenSCAD_Model
  facet normal -0.420803 0.155725 0.893686
    outer loop
      vertex -14.9085 10.1847 2.22329
      vertex -15.6178 8.26801 2.22329
      vertex -14.8186 7.8449 2.67333
    endloop
  endfacet
  facet normal -0.415878 -0.90942 0
    outer loop
      vertex -7.14756 -22.0541 0
      vertex -5.42178 -22.8433 0.255152
      vertex -7.14756 -22.0541 0.255152
    endloop
  endfacet
  facet normal -0.415878 -0.90942 -0
    outer loop
      vertex -5.42178 -22.8433 0.255152
      vertex -7.14756 -22.0541 0
      vertex -5.42178 -22.8433 0
    endloop
  endfacet
  facet normal 0.20995 0.0587791 0.975944
    outer loop
      vertex 11.6022 6.14217 3.85295
      vertex 10.6599 4.13284 4.17668
      vertex 12.0174 4.65914 3.85295
    endloop
  endfacet
  facet normal -0.0546994 0.00634851 0.998483
    outer loop
      vertex -2.69114 0.684154 5.14372
      vertex -4.52185 0.569207 5.04416
      vertex -2.73065 0.343732 5.14372
    endloop
  endfacet
  facet normal -0.0273785 0.00105219 0.999625
    outer loop
      vertex -2.73065 0.343732 5.14372
      vertex -2.74386 0 5.14372
      vertex -0.917565 0 5.19374
    endloop
  endfacet
  facet normal -0.191541 -0.0898295 0.977365
    outer loop
      vertex -9.26222 -7.90977 4.17668
      vertex -11.0753 -7.56604 3.85295
      vertex -10.4417 -8.91705 3.85295
    endloop
  endfacet
  facet normal 0.561053 0.325568 0.761069
    outer loop
      vertex 15.0825 12.8802 1.2635
      vertex 13.6103 14.2757 1.75183
      vertex 14.6396 12.5019 1.75183
    endloop
  endfacet
  facet normal 0.428038 0.451567 0.78286
    outer loop
      vertex 11.5076 17.9213 1.2635
      vertex 10.0778 19.2766 1.2635
      vertex 11.1697 17.395 1.75183
    endloop
  endfacet
  facet normal -0.594078 0.278607 0.754619
    outer loop
      vertex -15.0825 12.8802 1.2635
      vertex -15.9977 10.9287 1.2635
      vertex -15.5279 10.6078 1.75183
    endloop
  endfacet
  facet normal 0.320888 0.0123307 0.947037
    outer loop
      vertex 15.02 0 3.09764
      vertex 13.7891 1.73576 3.49211
      vertex 13.8558 0 3.49211
    endloop
  endfacet
  facet normal 0.391358 -0.64746 0.653938
    outer loop
      vertex 8.71971 -20.8498 0.762998
      vertex 6.94172 -21.419 1.2635
      vertex 7.07872 -21.8417 0.762998
    endloop
  endfacet
  facet normal -0.109405 -0.115422 0.987273
    outer loop
      vertex -6.09888 -9.49802 4.46019
      vertex -6.18882 -11.8378 4.17668
      vertex -5.3411 -10.2163 4.46019
    endloop
  endfacet
  facet normal -0.311929 0.682085 0.661407
    outer loop
      vertex -5.36957 22.6233 0.762998
      vertex -6.94172 21.419 1.2635
      vertex -5.26564 22.1855 1.2635
    endloop
  endfacet
  facet normal -0.381121 -0.83341 0.400217
    outer loop
      vertex -5.36957 -22.6233 0.762998
      vertex -7.07872 -21.8417 0.762998
      vertex -5.42178 -22.8433 0.255152
    endloop
  endfacet
  facet normal 0.13316 0.0492764 0.989869
    outer loop
      vertex 8.47855 5.79208 4.46019
      vertex 7.05121 4.817 4.70074
      vertex 8.88192 4.70205 4.46019
    endloop
  endfacet
  facet normal 0.530617 0.559784 0.636465
    outer loop
      vertex 11.7348 18.275 0.762998
      vertex 10.0778 19.2766 1.2635
      vertex 11.5076 17.9213 1.2635
    endloop
  endfacet
  facet normal 0.24307 -0.0899562 0.965828
    outer loop
      vertex 12.8011 -6.77684 3.49211
      vertex 11.6022 -6.14217 3.85295
      vertex 12.2197 -8.34784 3.49211
    endloop
  endfacet
  facet normal -0.15714 -0.0736941 0.984823
    outer loop
      vertex -8.47855 -5.79208 4.46019
      vertex -9.82423 -6.71138 4.17668
      vertex -9.26222 -7.90977 4.17668
    endloop
  endfacet
  facet normal 0.230904 0.10829 0.966932
    outer loop
      vertex 12.2197 8.34784 3.49211
      vertex 10.4417 8.91705 3.85295
      vertex 11.0753 7.56604 3.85295
    endloop
  endfacet
  facet normal -0.905546 0.253495 0.340187
    outer loop
      vertex -17.0896 9.04714 0.762998
      vertex -17.8732 6.92945 0.255152
      vertex -17.7011 6.86271 0.762998
    endloop
  endfacet
  facet normal -0.808241 -0.469027 0.356034
    outer loop
      vertex -14.2988 -14.9979 0.762998
      vertex -15.3802 -13.1344 0.762998
      vertex -14.4379 -15.1437 0.255152
    endloop
  endfacet
  facet normal 0.182676 0.00702959 0.983148
    outer loop
      vertex 11.0859 1.39549 4.17668
      vertex 9.56743 1.20434 4.46019
      vertex 11.1396 0 4.17668
    endloop
  endfacet
  facet normal -0.848146 0.397733 0.349939
    outer loop
      vertex -15.3802 13.1344 0.762998
      vertex -16.4721 11.2528 0.255152
      vertex -16.3134 11.1444 0.762998
    endloop
  endfacet
  facet normal 0.259893 -0.150824 0.953786
    outer loop
      vertex 12.4887 -10.6651 3.09764
      vertex 10.7107 -11.2343 3.49211
      vertex 11.6106 -12.1782 3.09764
    endloop
  endfacet
  facet normal 0.00902513 -0.143858 0.989557
    outer loop
      vertex 0.942309 -12.2279 4.46019
      vertex 0 -14.2372 4.17668
      vertex 1.09187 -14.1687 4.17668
    endloop
  endfacet
  facet normal -0.941986 -0.0362335 0.33369
    outer loop
      vertex -18.4976 0 0.762998
      vertex -18.6775 0 0.255152
      vertex -18.5875 -2.33979 0.255152
    endloop
  endfacet
  facet normal -0.0565568 0.0488237 0.997205
    outer loop
      vertex -2.88251 4.48905 5.04416
      vertex -3.99658 6.22402 4.89603
      vertex -3.2129 4.10633 5.04416
    endloop
  endfacet
  facet normal 0.722855 0.338999 0.60213
    outer loop
      vertex 15.3802 13.1344 0.762998
      vertex 15.0825 12.8802 1.2635
      vertex 15.9977 10.9287 1.2635
    endloop
  endfacet
  facet normal 0.161233 -0.170095 0.972148
    outer loop
      vertex 7.96681 -12.407 3.85295
      vertex 6.97694 -13.3453 3.85295
      vertex 8.79002 -13.689 3.49211
    endloop
  endfacet
  facet normal 0.109119 0.575625 0.810401
    outer loop
      vertex 3.53886 22.7383 1.2635
      vertex 1.72577 22.3945 1.75183
      vertex 3.43493 22.0705 1.75183
    endloop
  endfacet
  facet normal -0.373745 0.0732592 0.924634
    outer loop
      vertex -14.3732 5.5725 3.09764
      vertex -15.7313 3.9993 2.67333
      vertex -14.7314 3.74508 3.09764
    endloop
  endfacet
  facet normal 0.517317 -0.855794 0
    outer loop
      vertex 7.14756 -22.0541 0
      vertex 8.8045 -21.0525 0.255152
      vertex 7.14756 -22.0541 0.255152
    endloop
  endfacet
  facet normal 0.517317 -0.855794 0
    outer loop
      vertex 8.8045 -21.0525 0.255152
      vertex 7.14756 -22.0541 0
      vertex 8.8045 -21.0525 0
    endloop
  endfacet
  facet normal -0.0271149 0.003147 0.999627
    outer loop
      vertex -2.69114 0.684154 5.14372
      vertex -2.73065 0.343732 5.14372
      vertex -0.913147 0.114946 5.19374
    endloop
  endfacet
  facet normal -0.675513 0.025971 0.736891
    outer loop
      vertex -17.5221 2.20567 1.75183
      vertex -18.1396 0 1.2635
      vertex -17.6069 0 1.75183
    endloop
  endfacet
  facet normal -0.477954 0.412606 0.775446
    outer loop
      vertex -11.5076 17.9213 1.2635
      vertex -12.8266 16.3934 1.2635
      vertex -12.4499 15.912 1.75183
    endloop
  endfacet
  facet normal -0.0546994 0.00634883 0.998483
    outer loop
      vertex -4.45642 1.13293 5.04416
      vertex -4.52185 0.569207 5.04416
      vertex -2.69114 0.684154 5.14372
    endloop
  endfacet
  facet normal -0.425065 0.301414 0.853504
    outer loop
      vertex -11.9534 15.2773 2.22329
      vertex -13.6103 14.2757 1.75183
      vertex -13.0674 13.7063 2.22329
    endloop
  endfacet
  facet normal -0.981328 0.192344 0
    outer loop
      vertex -18.3186 4.65704 0
      vertex -17.8732 6.92945 0.255152
      vertex -17.8732 6.92945 0
    endloop
  endfacet
  facet normal -0.981328 0.192344 0
    outer loop
      vertex -17.8732 6.92945 0.255152
      vertex -18.3186 4.65704 0
      vertex -18.3186 4.65704 0.255152
    endloop
  endfacet
  facet normal -0.0871599 -0.459748 0.883762
    outer loop
      vertex -3.29792 -21.1902 2.22329
      vertex -3.43493 -22.0705 1.75183
      vertex -1.65694 -21.5013 2.22329
    endloop
  endfacet
  facet normal 0.0840523 -0.00323092 0.996456
    outer loop
      vertex 4.54373 0 5.04416
      vertex 4.52185 -0.569207 5.04416
      vertex 6.29984 0 4.89603
    endloop
  endfacet
  facet normal 0.522332 -0.370416 0.768089
    outer loop
      vertex 14.0221 -14.7076 1.2635
      vertex 12.4499 -15.912 1.75183
      vertex 12.8266 -16.3934 1.2635
    endloop
  endfacet
  facet normal -0.0580936 0.30641 0.950125
    outer loop
      vertex -1.57215 20.401 2.67333
      vertex -3.12916 20.1058 2.67333
      vertex -2.93025 18.8278 3.09764
    endloop
  endfacet
  facet normal 0.937853 0.347032 0
    outer loop
      vertex 17.2557 9.13512 0.255152
      vertex 16.4721 11.2528 0
      vertex 16.4721 11.2528 0.255152
    endloop
  endfacet
  facet normal 0.937853 0.347032 0
    outer loop
      vertex 16.4721 11.2528 0
      vertex 17.2557 9.13512 0.255152
      vertex 17.2557 9.13512 0
    endloop
  endfacet
  facet normal -0.0462737 0.73724 0.674045
    outer loop
      vertex 0 23.6413 0.762998
      vertex -1.81308 23.5275 0.762998
      vertex 0 23.1837 1.2635
    endloop
  endfacet
  facet normal 0.880451 0.325856 0.344419
    outer loop
      vertex 17.2557 9.13512 0.255152
      vertex 16.3134 11.1444 0.762998
      vertex 17.0896 9.04714 0.762998
    endloop
  endfacet
  facet normal 0.143972 -0.449696 0.881502
    outer loop
      vertex 4.90715 -20.675 2.22329
      vertex 3.29792 -21.1902 2.22329
      vertex 3.43493 -22.0705 1.75183
    endloop
  endfacet
  facet normal -0.0871551 -0.459759 0.883756
    outer loop
      vertex -1.65694 -21.5013 2.22329
      vertex -3.43493 -22.0705 1.75183
      vertex -1.72577 -22.3945 1.75183
    endloop
  endfacet
  facet normal 0.304894 -0.952386 0
    outer loop
      vertex 3.64379 -23.4125 0
      vertex 5.42178 -22.8433 0.255152
      vertex 3.64379 -23.4125 0.255152
    endloop
  endfacet
  facet normal 0.304894 -0.952386 0
    outer loop
      vertex 5.42178 -22.8433 0.255152
      vertex 3.64379 -23.4125 0
      vertex 5.42178 -22.8433 0
    endloop
  endfacet
  facet normal 0.0590085 0.0770302 0.995281
    outer loop
      vertex 3.76895 9.01197 4.70074
      vertex 2.96972 7.10094 4.89603
      vertex 4.44194 8.49643 4.70074
    endloop
  endfacet
  facet normal 0.110205 0.240976 0.964254
    outer loop
      vertex 4.36007 18.3701 3.09764
      vertex 4.02212 16.9462 3.49211
      vertex 5.30238 16.3607 3.49211
    endloop
  endfacet
  facet normal 0.0871551 0.459759 0.883756
    outer loop
      vertex 1.72577 22.3945 1.75183
      vertex 1.65694 21.5013 2.22329
      vertex 3.43493 22.0705 1.75183
    endloop
  endfacet
  facet normal -0.0914985 0.200072 0.9755
    outer loop
      vertex -4.02212 16.9462 3.49211
      vertex -5.30238 16.3607 3.49211
      vertex -3.64544 15.3591 3.85295
    endloop
  endfacet
  facet normal -0.044714 0.139663 0.989189
    outer loop
      vertex -1.87554 12.051 4.46019
      vertex -3.23365 13.6242 4.17668
      vertex -2.79072 11.758 4.46019
    endloop
  endfacet
  facet normal 0.552514 0.0641184 0.831034
    outer loop
      vertex 17.2686 4.3901 1.75183
      vertex 16.5798 4.21499 2.22329
      vertex 17.5221 2.20567 1.75183
    endloop
  endfacet
  facet normal 0.186302 0.982492 -0
    outer loop
      vertex 3.64379 23.4125 0
      vertex 1.83071 23.7563 0.255152
      vertex 3.64379 23.4125 0.255152
    endloop
  endfacet
  facet normal 0.186302 0.982492 0
    outer loop
      vertex 1.83071 23.7563 0.255152
      vertex 3.64379 23.4125 0
      vertex 1.83071 23.7563 0
    endloop
  endfacet
  facet normal -0.0203118 -0.0144044 0.99969
    outer loop
      vertex -0.709288 -0.743963 5.19374
      vertex -2.12103 -2.22473 5.14372
      vertex -1.9402 -2.47972 5.14372
    endloop
  endfacet
  facet normal -0.111148 -0.0217829 0.993565
    outer loop
      vertex -6.02857 -2.33728 4.89603
      vertex -7.84165 -1.99354 4.70074
      vertex -7.65101 -2.96629 4.70074
    endloop
  endfacet
  facet normal 0.218148 0.188332 0.957571
    outer loop
      vertex 9.52857 14.8392 3.09764
      vertex 8.79002 13.689 3.49211
      vertex 9.79752 12.522 3.49211
    endloop
  endfacet
  facet normal -0.320888 0.0123307 0.947037
    outer loop
      vertex -13.7891 1.73576 3.49211
      vertex -15.02 0 3.09764
      vertex -13.8558 0 3.49211
    endloop
  endfacet
  facet normal -0.777524 0.217657 0.589985
    outer loop
      vertex -17.0896 9.04714 0.762998
      vertex -17.7011 6.86271 0.762998
      vertex -17.3585 6.72989 1.2635
    endloop
  endfacet
  facet normal -0.312006 -0.0611575 0.94811
    outer loop
      vertex -13.5896 -3.4548 3.49211
      vertex -14.7314 -3.74508 3.09764
      vertex -14.3732 -5.5725 3.09764
    endloop
  endfacet
  facet normal -0.812952 -0.0312674 0.58149
    outer loop
      vertex -18.1396 0 1.2635
      vertex -18.4976 0 0.762998
      vertex -18.0522 -2.2724 1.2635
    endloop
  endfacet
  facet normal -0.557247 0.0214241 0.83007
    outer loop
      vertex -17.5221 2.20567 1.75183
      vertex -17.6069 0 1.75183
      vertex -16.8232 2.11769 2.22329
    endloop
  endfacet
  facet normal -0.252924 -0.0708101 0.964891
    outer loop
      vertex -11.6022 -6.14217 3.85295
      vertex -13.2592 -5.14057 3.49211
      vertex -12.8011 -6.77684 3.49211
    endloop
  endfacet
  facet normal -0.222471 -0.00855549 0.974902
    outer loop
      vertex -11.0859 -1.39549 4.17668
      vertex -12.5582 0 3.85295
      vertex -12.4977 -1.5732 3.85295
    endloop
  endfacet
  facet normal 0.227031 -0.709177 0.667476
    outer loop
      vertex 5.26564 -22.1855 1.2635
      vertex 3.53886 -22.7383 1.2635
      vertex 5.36957 -22.6233 0.762998
    endloop
  endfacet
  facet normal -0.936035 -0.10862 0.334724
    outer loop
      vertex -18.1422 -4.61219 0.762998
      vertex -18.5875 -2.33979 0.255152
      vertex -18.3186 -4.65704 0.255152
    endloop
  endfacet
  facet normal -0.373718 -0.0732326 0.924647
    outer loop
      vertex -14.3732 -5.5725 3.09764
      vertex -15.7313 -3.9993 2.67333
      vertex -15.3489 -5.95075 2.67333
    endloop
  endfacet
  facet normal -0.262453 -0.226572 0.937968
    outer loop
      vertex -9.52857 -14.8392 3.09764
      vertex -11.3417 -14.4955 2.67333
      vertex -10.1754 -15.8465 2.67333
    endloop
  endfacet
  facet normal 0.011038 0.175766 0.98437
    outer loop
      vertex 1.23091 15.973 3.85295
      vertex 0 16.0503 3.85295
      vertex 1.09187 14.1687 4.17668
    endloop
  endfacet
  facet normal 0.703105 0.606971 0.370444
    outer loop
      vertex 13.207 16.8795 0.255152
      vertex 11.8489 18.4527 0.255152
      vertex 13.0798 16.7169 0.762998
    endloop
  endfacet
  facet normal 0.230901 0.108278 0.966934
    outer loop
      vertex 11.5207 9.83844 3.49211
      vertex 10.4417 8.91705 3.85295
      vertex 12.2197 8.34784 3.49211
    endloop
  endfacet
  facet normal 0.753468 -0.278833 0.595431
    outer loop
      vertex 16.7588 -8.87204 1.2635
      vertex 15.9977 -10.9287 1.2635
      vertex 16.3134 -11.1444 0.762998
    endloop
  endfacet
  facet normal -0.177479 -0.0347841 0.98351
    outer loop
      vertex -9.429 -2.39709 4.46019
      vertex -10.6599 -4.13284 4.17668
      vertex -9.19976 -3.56674 4.46019
    endloop
  endfacet
  facet normal -0.561023 0.732316 0.385963
    outer loop
      vertex -8.8045 21.0525 0.255152
      vertex -10.2767 19.657 0.762998
      vertex -8.71971 20.8498 0.762998
    endloop
  endfacet
  facet normal 0.179527 0.104173 0.978222
    outer loop
      vertex 9.70758 10.1822 3.85295
      vertex 9.26222 7.90977 4.17668
      vertex 10.4417 8.91705 3.85295
    endloop
  endfacet
  facet normal 0.376618 -0.21855 0.90022
    outer loop
      vertex 13.3364 -11.389 2.67333
      vertex 12.3987 -13.0049 2.67333
      vertex 13.0674 -13.7063 2.22329
    endloop
  endfacet
  facet normal 0.905546 -0.253495 0.340187
    outer loop
      vertex 17.7011 -6.86271 0.762998
      vertex 17.0896 -9.04714 0.762998
      vertex 17.8732 -6.92945 0.255152
    endloop
  endfacet
  facet normal -0.230904 -0.10829 0.966932
    outer loop
      vertex -11.0753 -7.56604 3.85295
      vertex -12.2197 -8.34784 3.49211
      vertex -10.4417 -8.91705 3.85295
    endloop
  endfacet
  facet normal 0.560976 -0.732302 0.386057
    outer loop
      vertex 10.2767 -19.657 0.762998
      vertex 8.8045 -21.0525 0.255152
      vertex 10.3766 -19.8482 0.255152
    endloop
  endfacet
  facet normal 0.812934 -0.0312579 0.581517
    outer loop
      vertex 18.4976 0 0.762998
      vertex 18.0522 -2.2724 1.2635
      vertex 18.4085 -2.31725 0.762998
    endloop
  endfacet
  facet normal 0.608121 -0.793844 0
    outer loop
      vertex 8.8045 -21.0525 0
      vertex 10.3766 -19.8482 0.255152
      vertex 8.8045 -21.0525 0.255152
    endloop
  endfacet
  facet normal 0.608121 -0.793844 0
    outer loop
      vertex 10.3766 -19.8482 0.255152
      vertex 8.8045 -21.0525 0
      vertex 10.3766 -19.8482 0
    endloop
  endfacet
  facet normal 0.150384 -0.129818 0.980067
    outer loop
      vertex 8.87995 -11.3492 3.85295
      vertex 7.06687 -11.0055 4.17668
      vertex 7.96681 -12.407 3.85295
    endloop
  endfacet
  facet normal 0.0194354 -0.309579 0.950675
    outer loop
      vertex 0 -19.1967 3.09764
      vertex 0 -20.4997 2.67333
      vertex 1.57215 -20.401 2.67333
    endloop
  endfacet
  facet normal 0.150384 0.129818 0.980067
    outer loop
      vertex 7.96681 12.407 3.85295
      vertex 7.06687 11.0055 4.17668
      vertex 8.87995 11.3492 3.85295
    endloop
  endfacet
  facet normal 0.220366 -0.0255755 0.975082
    outer loop
      vertex 11.0859 -1.39549 4.17668
      vertex 10.9255 -2.77754 4.17668
      vertex 12.3169 -3.13125 3.85295
    endloop
  endfacet
  facet normal -0.376618 0.21855 0.90022
    outer loop
      vertex -13.0674 13.7063 2.22329
      vertex -13.3364 11.389 2.67333
      vertex -12.3987 13.0049 2.67333
    endloop
  endfacet
  facet normal -0.0832449 0.00966115 0.996482
    outer loop
      vertex -6.17879 1.5708 4.89603
      vertex -6.2695 0.789201 4.89603
      vertex -4.45642 1.13293 5.04416
    endloop
  endfacet
  facet normal 0.437014 0.122349 0.891095
    outer loop
      vertex 15.6178 8.26801 2.22329
      vertex 15.3489 5.95075 2.67333
      vertex 16.1767 6.2717 2.22329
    endloop
  endfacet
  facet normal 0.177482 0.0347814 0.983509
    outer loop
      vertex 10.6599 4.13284 4.17668
      vertex 9.429 2.39709 4.46019
      vertex 10.9255 2.77754 4.17668
    endloop
  endfacet
  facet normal 0.181502 0.156695 0.970826
    outer loop
      vertex 9.79752 12.522 3.49211
      vertex 8.79002 13.689 3.49211
      vertex 8.87995 11.3492 3.85295
    endloop
  endfacet
  facet normal 0.425081 0.301451 0.853483
    outer loop
      vertex 12.4499 15.912 1.75183
      vertex 11.9534 15.2773 2.22329
      vertex 13.6103 14.2757 1.75183
    endloop
  endfacet
  facet normal 0.0536421 0.0105126 0.998505
    outer loop
      vertex 4.34808 1.68575 5.04416
      vertex 2.69114 0.684154 5.14372
      vertex 4.45642 1.13293 5.04416
    endloop
  endfacet
  facet normal 0.00402293 0.0212184 0.999767
    outer loop
      vertex 0.268945 3.48997 5.14372
      vertex 0.0899363 1.16707 5.19374
      vertex 0.5353 3.43947 5.14372
    endloop
  endfacet
  facet normal -0.172327 -0.0482459 0.983858
    outer loop
      vertex -9.19976 -3.56674 4.46019
      vertex -10.6599 -4.13284 4.17668
      vertex -10.2916 -5.44835 4.17668
    endloop
  endfacet
  facet normal -0.0552306 -0.00212303 0.998471
    outer loop
      vertex -2.73065 -0.343732 5.14372
      vertex -4.54373 0 5.04416
      vertex -4.52185 -0.569207 5.04416
    endloop
  endfacet
  facet normal -0.0840523 -0.00323092 0.996456
    outer loop
      vertex -4.54373 0 5.04416
      vertex -6.29984 0 4.89603
      vertex -4.52185 -0.569207 5.04416
    endloop
  endfacet
  facet normal -0.753408 0.278838 0.595505
    outer loop
      vertex -16.3134 11.1444 0.762998
      vertex -17.0896 9.04714 0.762998
      vertex -16.7588 8.87204 1.2635
    endloop
  endfacet
  facet normal -0.659348 0.129244 0.740646
    outer loop
      vertex -16.8487 6.53225 1.75183
      vertex -17.3585 6.72989 1.2635
      vertex -17.2686 4.3901 1.75183
    endloop
  endfacet
  facet normal -0.449192 0.0880223 0.889088
    outer loop
      vertex -15.3489 5.95075 2.67333
      vertex -16.5798 4.21499 2.22329
      vertex -15.7313 3.9993 2.67333
    endloop
  endfacet
  facet normal -0.552519 0.0641221 0.83103
    outer loop
      vertex -16.5798 4.21499 2.22329
      vertex -17.5221 2.20567 1.75183
      vertex -16.8232 2.11769 2.22329
    endloop
  endfacet
  facet normal -0.528884 -0.148065 0.835678
    outer loop
      vertex -16.1767 -6.2717 2.22329
      vertex -16.8487 -6.53225 1.75183
      vertex -16.2666 -8.61149 1.75183
    endloop
  endfacet
  facet normal -0.670169 0.0777812 0.738122
    outer loop
      vertex -17.791 4.52292 1.2635
      vertex -18.0522 2.2724 1.2635
      vertex -17.5221 2.20567 1.75183
    endloop
  endfacet
  facet normal -0.962974 0.269594 0
    outer loop
      vertex -17.8732 6.92945 0
      vertex -17.2557 9.13512 0.255152
      vertex -17.2557 9.13512 0
    endloop
  endfacet
  facet normal -0.962974 0.269594 0
    outer loop
      vertex -17.2557 9.13512 0.255152
      vertex -17.8732 6.92945 0
      vertex -17.8732 6.92945 0.255152
    endloop
  endfacet
  facet normal -0.80709 0.0936726 0.58295
    outer loop
      vertex -17.791 4.52292 1.2635
      vertex -18.4085 2.31725 0.762998
      vertex -18.0522 2.2724 1.2635
    endloop
  endfacet
  facet normal -0.00725203 -0.115513 0.99328
    outer loop
      vertex -0.783674 -10.1694 4.70074
      vertex -0.942309 -12.2279 4.46019
      vertex 0 -10.2186 4.70074
    endloop
  endfacet
  facet normal -0.165762 -0.117553 0.979135
    outer loop
      vertex -8.61101 -9.03199 4.17668
      vertex -8.87995 -11.3492 3.85295
      vertex -7.87687 -10.0672 4.17668
    endloop
  endfacet
  facet normal -0.133014 -0.290847 0.947478
    outer loop
      vertex -4.36007 -18.3701 3.09764
      vertex -5.7479 -17.7354 3.09764
      vertex -4.65603 -19.617 2.67333
    endloop
  endfacet
  facet normal -0.0914985 -0.200072 0.9755
    outer loop
      vertex -3.64544 -15.3591 3.85295
      vertex -5.30238 -16.3607 3.49211
      vertex -4.02212 -16.9462 3.49211
    endloop
  endfacet
  facet normal -0.0330081 -0.174029 0.984187
    outer loop
      vertex -2.17322 -13.9636 4.17668
      vertex -2.44997 -15.7419 3.85295
      vertex -1.09187 -14.1687 4.17668
    endloop
  endfacet
  facet normal 0.137955 -0.727741 0.671834
    outer loop
      vertex 3.53886 -22.7383 1.2635
      vertex 1.77799 -23.0721 1.2635
      vertex 1.81308 -23.5275 0.762998
    endloop
  endfacet
  facet normal -0.391356 -0.647386 0.654012
    outer loop
      vertex -8.55094 -20.4462 1.2635
      vertex -8.71971 -20.8498 0.762998
      vertex -6.94172 -21.419 1.2635
    endloop
  endfacet
  facet normal 0.011038 -0.175766 0.98437
    outer loop
      vertex 1.09187 -14.1687 4.17668
      vertex 0 -16.0503 3.85295
      vertex 1.23091 -15.973 3.85295
    endloop
  endfacet
  facet normal 0.16995 -0.896254 0.40969
    outer loop
      vertex 3.64379 -23.4125 0.255152
      vertex 1.81308 -23.5275 0.762998
      vertex 1.83071 -23.7563 0.255152
    endloop
  endfacet
  facet normal -0.561053 -0.325568 0.761069
    outer loop
      vertex -14.6396 -12.5019 1.75183
      vertex -15.0825 -12.8802 1.2635
      vertex -13.6103 -14.2757 1.75183
    endloop
  endfacet
  facet normal -0.528874 -0.148067 0.835684
    outer loop
      vertex -16.1767 -6.2717 2.22329
      vertex -16.2666 -8.61149 1.75183
      vertex -15.6178 -8.26801 2.22329
    endloop
  endfacet
  facet normal -0.373745 -0.0732592 0.924634
    outer loop
      vertex -14.7314 -3.74508 3.09764
      vertex -15.7313 -3.9993 2.67333
      vertex -14.3732 -5.5725 3.09764
    endloop
  endfacet
  facet normal -0.317917 -0.0369017 0.9474
    outer loop
      vertex -13.7891 -1.73576 3.49211
      vertex -14.9477 -1.8816 3.09764
      vertex -14.7314 -3.74508 3.09764
    endloop
  endfacet
  facet normal -0.277026 -0.129908 0.95204
    outer loop
      vertex -12.2197 -8.34784 3.49211
      vertex -12.4887 -10.6651 3.09764
      vertex -11.5207 -9.83844 3.49211
    endloop
  endfacet
  facet normal 0.475575 -0.786788 0.393438
    outer loop
      vertex 8.71971 -20.8498 0.762998
      vertex 7.07872 -21.8417 0.762998
      vertex 8.8045 -21.0525 0.255152
    endloop
  endfacet
  facet normal 0.543048 0.106447 0.832927
    outer loop
      vertex 16.8487 6.53225 1.75183
      vertex 16.5798 4.21499 2.22329
      vertex 17.2686 4.3901 1.75183
    endloop
  endfacet
  facet normal 0.993334 0.115269 0
    outer loop
      vertex 18.5875 2.33979 0.255152
      vertex 18.3186 4.65704 0
      vertex 18.3186 4.65704 0.255152
    endloop
  endfacet
  facet normal 0.993334 0.115269 0
    outer loop
      vertex 18.3186 4.65704 0
      vertex 18.5875 2.33979 0.255152
      vertex 18.5875 2.33979 0
    endloop
  endfacet
  facet normal 0.760095 0.539009 0.362938
    outer loop
      vertex 14.4379 15.1437 0.255152
      vertex 13.0798 16.7169 0.762998
      vertex 14.2988 14.9979 0.762998
    endloop
  endfacet
  facet normal 0.777494 0.217661 0.590023
    outer loop
      vertex 17.0896 9.04714 0.762998
      vertex 16.7588 8.87204 1.2635
      vertex 17.3585 6.72989 1.2635
    endloop
  endfacet
  facet normal 0.641153 0.454663 0.618226
    outer loop
      vertex 13.0798 16.7169 0.762998
      vertex 12.8266 16.3934 1.2635
      vertex 14.2988 14.9979 0.762998
    endloop
  endfacet
  facet normal 0.999261 -0.0384366 0
    outer loop
      vertex 18.5875 -2.33979 0.255152
      vertex 18.6775 0 0
      vertex 18.6775 0 0.255152
    endloop
  endfacet
  facet normal 0.999261 -0.0384366 0
    outer loop
      vertex 18.6775 0 0
      vertex 18.5875 -2.33979 0.255152
      vertex 18.5875 -2.33979 0
    endloop
  endfacet
  facet normal 0.812952 -0.0312674 0.58149
    outer loop
      vertex 18.1396 0 1.2635
      vertex 18.0522 -2.2724 1.2635
      vertex 18.4976 0 0.762998
    endloop
  endfacet
  facet normal 0.905569 -0.253523 0.340103
    outer loop
      vertex 17.8732 -6.92945 0.255152
      vertex 17.0896 -9.04714 0.762998
      vertex 17.2557 -9.13512 0.255152
    endloop
  endfacet
  facet normal -0.248122 0.542561 0.802536
    outer loop
      vertex -5.26564 22.1855 1.2635
      vertex -6.94172 21.419 1.2635
      vertex -5.111 21.5339 1.75183
    endloop
  endfacet
  facet normal -0.186302 0.982492 0
    outer loop
      vertex -1.83071 23.7563 0
      vertex -3.64379 23.4125 0.255152
      vertex -1.83071 23.7563 0.255152
    endloop
  endfacet
  facet normal -0.186302 0.982492 0
    outer loop
      vertex -3.64379 23.4125 0.255152
      vertex -1.83071 23.7563 0
      vertex -3.64379 23.4125 0
    endloop
  endfacet
  facet normal 0.0570867 0.909514 0.411734
    outer loop
      vertex 0 23.8712 0.255152
      vertex 0 23.6413 0.762998
      vertex 1.81308 23.5275 0.762998
    endloop
  endfacet
  facet normal 0.509947 0.188714 0.83925
    outer loop
      vertex 16.2666 8.61149 1.75183
      vertex 14.9085 10.1847 2.22329
      vertex 15.6178 8.26801 2.22329
    endloop
  endfacet
  facet normal 0.528884 -0.148065 0.835678
    outer loop
      vertex 16.8487 -6.53225 1.75183
      vertex 16.1767 -6.2717 2.22329
      vertex 16.2666 -8.61149 1.75183
    endloop
  endfacet
  facet normal 0.675513 0.025971 0.736891
    outer loop
      vertex 18.1396 0 1.2635
      vertex 17.5221 2.20567 1.75183
      vertex 17.6069 0 1.75183
    endloop
  endfacet
  facet normal 0.373718 0.0732326 0.924647
    outer loop
      vertex 15.3489 5.95075 2.67333
      vertex 14.3732 5.5725 3.09764
      vertex 15.7313 3.9993 2.67333
    endloop
  endfacet
  facet normal 0.363315 -0.101698 0.926099
    outer loop
      vertex 14.3732 -5.5725 3.09764
      vertex 13.8767 -7.34624 3.09764
      vertex 15.3489 -5.95075 2.67333
    endloop
  endfacet
  facet normal 0.252924 -0.0708105 0.964891
    outer loop
      vertex 12.0174 -4.65914 3.85295
      vertex 11.6022 -6.14217 3.85295
      vertex 13.2592 -5.14057 3.49211
    endloop
  endfacet
  facet normal 0.373745 -0.0732592 0.924634
    outer loop
      vertex 14.7314 -3.74508 3.09764
      vertex 14.3732 -5.5725 3.09764
      vertex 15.7313 -3.9993 2.67333
    endloop
  endfacet
  facet normal 0.135911 -0.0963838 0.986022
    outer loop
      vertex 8.61101 -9.03199 4.17668
      vertex 6.79793 -8.68826 4.46019
      vertex 7.87687 -10.0672 4.17668
    endloop
  endfacet
  facet normal 0.905383 0.424597 0
    outer loop
      vertex 16.4721 11.2528 0.255152
      vertex 15.5298 13.2621 0
      vertex 15.5298 13.2621 0.255152
    endloop
  endfacet
  facet normal 0.905383 0.424597 0
    outer loop
      vertex 15.5298 13.2621 0
      vertex 16.4721 11.2528 0.255152
      vertex 16.4721 11.2528 0
    endloop
  endfacet
  facet normal 0.659425 0.129228 0.74058
    outer loop
      vertex 17.3585 6.72989 1.2635
      vertex 17.2686 4.3901 1.75183
      vertex 17.791 4.52292 1.2635
    endloop
  endfacet
  facet normal 0.477954 -0.412606 0.775446
    outer loop
      vertex 12.4499 -15.912 1.75183
      vertex 11.5076 -17.9213 1.2635
      vertex 12.8266 -16.3934 1.2635
    endloop
  endfacet
  facet normal 0.161666 -0.353539 0.921344
    outer loop
      vertex 6.13806 -18.9393 2.67333
      vertex 4.65603 -19.617 2.67333
      vertex 4.90715 -20.675 2.22329
    endloop
  endfacet
  facet normal 0.109119 -0.575626 0.8104
    outer loop
      vertex 3.53886 -22.7383 1.2635
      vertex 1.72577 -22.3945 1.75183
      vertex 1.77799 -23.0721 1.2635
    endloop
  endfacet
  facet normal 0.0795674 -0.248562 0.965342
    outer loop
      vertex 4.36007 -18.3701 3.09764
      vertex 2.70313 -17.3685 3.49211
      vertex 2.93025 -18.8278 3.09764
    endloop
  endfacet
  facet normal 0.15714 -0.0736942 0.984823
    outer loop
      vertex 8.47855 -5.79208 4.46019
      vertex 7.99352 -6.82632 4.46019
      vertex 9.26222 -7.90977 4.17668
    endloop
  endfacet
  facet normal 0.135911 -0.096381 0.986022
    outer loop
      vertex 7.43151 -7.79482 4.46019
      vertex 6.79793 -8.68826 4.46019
      vertex 8.61101 -9.03199 4.17668
    endloop
  endfacet
  facet normal -0.0168589 -0.0888901 0.995899
    outer loop
      vertex -1.22904 -7.89696 4.89603
      vertex -1.5598 -10.0222 4.70074
      vertex -0.783674 -10.1694 4.70074
    endloop
  endfacet
  facet normal 0.0163304 -0.0172284 0.999718
    outer loop
      vertex 0.582097 -0.906523 5.19374
      vertex 0.509771 -0.975079 5.19374
      vertex 1.52441 -2.91585 5.14372
    endloop
  endfacet
  facet normal 0.150384 -0.129821 0.980067
    outer loop
      vertex 7.87687 -10.0672 4.17668
      vertex 7.06687 -11.0055 4.17668
      vertex 8.87995 -11.3492 3.85295
    endloop
  endfacet
  facet normal 0.198863 0.434854 0.878269
    outer loop
      vertex 6.73786 20.79 1.75183
      vertex 4.90715 20.675 2.22329
      vertex 6.46911 19.9607 2.22329
    endloop
  endfacet
  facet normal 0.262453 0.226572 0.937968
    outer loop
      vertex 10.1754 15.8465 2.67333
      vertex 9.52857 14.8392 3.09764
      vertex 11.3417 14.4955 2.67333
    endloop
  endfacet
  facet normal 0.168451 0.278648 0.945505
    outer loop
      vertex 6.13806 18.9393 2.67333
      vertex 5.7479 17.7354 3.09764
      vertex 7.56098 18.0791 2.67333
    endloop
  endfacet
  facet normal -0.0756865 0.165517 0.983298
    outer loop
      vertex -3.64544 15.3591 3.85295
      vertex -4.8058 14.8285 3.85295
      vertex -3.23365 13.6242 4.17668
    endloop
  endfacet
  facet normal 0.312649 0.517205 0.796712
    outer loop
      vertex 6.94172 21.419 1.2635
      vertex 6.73786 20.79 1.75183
      vertex 8.29982 19.8458 1.75183
    endloop
  endfacet
  facet normal 0.561023 0.732316 0.385963
    outer loop
      vertex 8.8045 21.0525 0.255152
      vertex 8.71971 20.8498 0.762998
      vertex 10.2767 19.657 0.762998
    endloop
  endfacet
  facet normal 0.387706 0.334692 0.858875
    outer loop
      vertex 12.4499 15.912 1.75183
      vertex 10.7242 16.7012 2.22329
      vertex 11.9534 15.2773 2.22329
    endloop
  endfacet
  facet normal 0.461446 0.0177371 0.886991
    outer loop
      vertex 16.8232 2.11769 2.22329
      vertex 15.9623 2.00932 2.67333
      vertex 16.9046 0 2.22329
    endloop
  endfacet
  facet normal 0.278706 0.87046 0.405738
    outer loop
      vertex 5.42178 22.8433 0.255152
      vertex 3.6087 23.1871 0.762998
      vertex 5.36957 22.6233 0.762998
    endloop
  endfacet
  facet normal -0.0570832 0.90951 0.411744
    outer loop
      vertex 0 23.8712 0.255152
      vertex -1.83071 23.7563 0.255152
      vertex -1.81308 23.5275 0.762998
    endloop
  endfacet
  facet normal -0.0570867 0.909514 0.411734
    outer loop
      vertex 0 23.8712 0.255152
      vertex -1.81308 23.5275 0.762998
      vertex 0 23.6413 0.762998
    endloop
  endfacet
  facet normal -0.0832451 0.00966206 0.996482
    outer loop
      vertex -4.45642 1.13293 5.04416
      vertex -6.2695 0.789201 4.89603
      vertex -4.52185 0.569207 5.04416
    endloop
  endfacet
  facet normal -0.147013 0.00565103 0.989118
    outer loop
      vertex -7.95678 1.00159 4.70074
      vertex -9.61372 0 4.46019
      vertex -7.99528 0 4.70074
    endloop
  endfacet
  facet normal -0.135911 0.096381 0.986022
    outer loop
      vertex -6.79793 8.68826 4.46019
      vertex -8.61101 9.03199 4.17668
      vertex -7.43151 7.79482 4.46019
    endloop
  endfacet
  facet normal -0.22037 -0.0255723 0.975081
    outer loop
      vertex -11.0859 -1.39549 4.17668
      vertex -12.4977 -1.5732 3.85295
      vertex -12.3169 -3.13125 3.85295
    endloop
  endfacet
  facet normal -0.0722067 0.0338632 0.996815
    outer loop
      vertex -3.77797 3.22632 5.04416
      vertex -5.55596 3.79553 4.89603
      vertex -4.00721 2.73751 5.04416
    endloop
  endfacet
  facet normal 0.00271547 0.0432394 0.999061
    outer loop
      vertex 0.445363 5.77926 5.04416
      vertex 0 3.50686 5.14372
      vertex 0.268945 3.48997 5.14372
    endloop
  endfacet
  facet normal -0.0480923 -0.253669 0.966095
    outer loop
      vertex -1.3581 -17.6235 3.49211
      vertex -2.70313 -17.3685 3.49211
      vertex -1.47221 -19.1042 3.09764
    endloop
  endfacet
  facet normal 0.109267 0.0774869 0.990988
    outer loop
      vertex 6.79793 8.68826 4.46019
      vertex 5.65352 7.22562 4.70074
      vertex 6.18044 6.48259 4.70074
    endloop
  endfacet
  facet normal 0.0056351 -0.0897577 0.995948
    outer loop
      vertex 0 -8.05167 4.89603
      vertex 0 -10.2186 4.70074
      vertex 0.783674 -10.1694 4.70074
    endloop
  endfacet
  facet normal -0.16553 0.0612551 0.984301
    outer loop
      vertex -8.47855 5.79208 4.46019
      vertex -10.2916 5.44835 4.17668
      vertex -8.88192 4.70205 4.46019
    endloop
  endfacet
  facet normal 0.132993 -0.290837 0.947484
    outer loop
      vertex 5.7479 -17.7354 3.09764
      vertex 4.65603 -19.617 2.67333
      vertex 6.13806 -18.9393 2.67333
    endloop
  endfacet
  facet normal 0.0490846 -0.0812018 0.995488
    outer loop
      vertex 2.96972 -7.10094 4.89603
      vertex 2.41084 -7.43877 4.89603
      vertex 3.05966 -9.44072 4.70074
    endloop
  endfacet
  facet normal -0.373718 0.0732326 0.924647
    outer loop
      vertex -15.3489 5.95075 2.67333
      vertex -15.7313 3.9993 2.67333
      vertex -14.3732 5.5725 3.09764
    endloop
  endfacet
  facet normal -0.457999 0.265767 0.848295
    outer loop
      vertex -13.6103 14.2757 1.75183
      vertex -14.6396 12.5019 1.75183
      vertex -14.0557 12.0033 2.22329
    endloop
  endfacet
  facet normal -0.267902 -0.0102947 0.963391
    outer loop
      vertex -12.5582 0 3.85295
      vertex -13.8558 0 3.49211
      vertex -13.7891 -1.73576 3.49211
    endloop
  endfacet
  facet normal -0.703105 0.606971 0.370444
    outer loop
      vertex -11.8489 18.4527 0.255152
      vertex -13.207 16.8795 0.255152
      vertex -13.0798 16.7169 0.762998
    endloop
  endfacet
  facet normal -0.777494 0.217661 0.590023
    outer loop
      vertex -17.0896 9.04714 0.762998
      vertex -17.3585 6.72989 1.2635
      vertex -16.7588 8.87204 1.2635
    endloop
  endfacet
  facet normal -0.937853 0.347032 0
    outer loop
      vertex -17.2557 9.13512 0
      vertex -16.4721 11.2528 0.255152
      vertex -16.4721 11.2528 0
    endloop
  endfacet
  facet normal -0.937853 0.347032 0
    outer loop
      vertex -16.4721 11.2528 0.255152
      vertex -17.2557 9.13512 0
      vertex -17.2557 9.13512 0.255152
    endloop
  endfacet
  facet normal -0.659425 0.129228 0.74058
    outer loop
      vertex -17.3585 6.72989 1.2635
      vertex -17.791 4.52292 1.2635
      vertex -17.2686 4.3901 1.75183
    endloop
  endfacet
  facet normal -0.942006 0.0362208 0.333636
    outer loop
      vertex -18.4085 2.31725 0.762998
      vertex -18.5875 2.33979 0.255152
      vertex -18.4976 0 0.762998
    endloop
  endfacet
  facet normal -0.621384 -0.229953 0.749001
    outer loop
      vertex -16.2666 -8.61149 1.75183
      vertex -16.7588 -8.87204 1.2635
      vertex -15.9977 -10.9287 1.2635
    endloop
  endfacet
  facet normal -0.993334 0.115269 0
    outer loop
      vertex -18.5875 2.33979 0
      vertex -18.3186 4.65704 0.255152
      vertex -18.3186 4.65704 0
    endloop
  endfacet
  facet normal -0.993334 0.115269 0
    outer loop
      vertex -18.3186 4.65704 0.255152
      vertex -18.5875 2.33979 0
      vertex -18.5875 2.33979 0.255152
    endloop
  endfacet
  facet normal -0.941986 0.0362335 0.33369
    outer loop
      vertex -18.5875 2.33979 0.255152
      vertex -18.6775 0 0.255152
      vertex -18.4976 0 0.762998
    endloop
  endfacet
  facet normal -0.675536 0.0259821 0.736869
    outer loop
      vertex -18.0522 2.2724 1.2635
      vertex -18.1396 0 1.2635
      vertex -17.5221 2.20567 1.75183
    endloop
  endfacet
  facet normal -0.561052 -0.325566 0.76107
    outer loop
      vertex -13.6103 -14.2757 1.75183
      vertex -15.0825 -12.8802 1.2635
      vertex -14.0221 -14.7076 1.2635
    endloop
  endfacet
  facet normal -0.636821 -0.671868 0.378224
    outer loop
      vertex -10.2767 -19.657 0.762998
      vertex -11.8489 -18.4527 0.255152
      vertex -10.3766 -19.8482 0.255152
    endloop
  endfacet
  facet normal -0.243083 -0.0899522 0.965826
    outer loop
      vertex -11.6022 -6.14217 3.85295
      vertex -12.2197 -8.34784 3.49211
      vertex -11.0753 -7.56604 3.85295
    endloop
  endfacet
  facet normal -0.265384 -0.0307959 0.963651
    outer loop
      vertex -12.4977 -1.5732 3.85295
      vertex -13.7891 -1.73576 3.49211
      vertex -12.3169 -3.13125 3.85295
    endloop
  endfacet
  facet normal -0.20995 -0.0587791 0.975944
    outer loop
      vertex -10.6599 -4.13284 4.17668
      vertex -11.6022 -6.14217 3.85295
      vertex -10.2916 -5.44835 4.17668
    endloop
  endfacet
  facet normal -0.303183 -0.084881 0.949144
    outer loop
      vertex -13.2592 -5.14057 3.49211
      vertex -14.3732 -5.5725 3.09764
      vertex -12.8011 -6.77684 3.49211
    endloop
  endfacet
  facet normal -0.0520682 -0.0145769 0.998537
    outer loop
      vertex -2.535 -1.34202 5.14372
      vertex -4.34808 -1.68575 5.04416
      vertex -4.19786 -2.22233 5.04416
    endloop
  endfacet
  facet normal -0.109268 -0.0774868 0.990988
    outer loop
      vertex -6.18044 -6.48259 4.70074
      vertex -7.43151 -7.79482 4.46019
      vertex -6.79793 -8.68826 4.46019
    endloop
  endfacet
  facet normal -0.522332 -0.370416 0.768089
    outer loop
      vertex -12.4499 -15.912 1.75183
      vertex -14.0221 -14.7076 1.2635
      vertex -12.8266 -16.3934 1.2635
    endloop
  endfacet
  facet normal -0.262453 -0.226569 0.937968
    outer loop
      vertex -10.6207 -13.5741 3.09764
      vertex -11.3417 -14.4955 2.67333
      vertex -9.52857 -14.8392 3.09764
    endloop
  endfacet
  facet normal 0.251217 -0.41558 0.874176
    outer loop
      vertex 7.96877 -19.0542 2.22329
      vertex 6.73786 -20.79 1.75183
      vertex 8.29982 -19.8458 1.75183
    endloop
  endfacet
  facet normal -0.312649 -0.517205 0.796712
    outer loop
      vertex -6.73786 -20.79 1.75183
      vertex -8.29982 -19.8458 1.75183
      vertex -6.94172 -21.419 1.2635
    endloop
  endfacet
  facet normal -0.227031 -0.709177 0.667476
    outer loop
      vertex -5.26564 -22.1855 1.2635
      vertex -5.36957 -22.6233 0.762998
      vertex -3.53886 -22.7383 1.2635
    endloop
  endfacet
  facet normal 0.0960859 -0.300145 0.949042
    outer loop
      vertex 4.36007 -18.3701 3.09764
      vertex 3.12916 -20.1058 2.67333
      vertex 4.65603 -19.617 2.67333
    endloop
  endfacet
  facet normal -0.46451 -0.606336 0.645435
    outer loop
      vertex -10.0778 -19.2766 1.2635
      vertex -10.2767 -19.657 0.762998
      vertex -8.71971 -20.8498 0.762998
    endloop
  endfacet
  facet normal -0.169918 -0.89632 0.409559
    outer loop
      vertex -3.6087 -23.1871 0.762998
      vertex -3.64379 -23.4125 0.255152
      vertex -1.81308 -23.5275 0.762998
    endloop
  endfacet
  facet normal -0.251217 -0.41558 0.874176
    outer loop
      vertex -7.96877 -19.0542 2.22329
      vertex -8.29982 -19.8458 1.75183
      vertex -6.73786 -20.79 1.75183
    endloop
  endfacet
  facet normal -0.204558 -0.338375 0.918509
    outer loop
      vertex -7.56098 -18.0791 2.67333
      vertex -7.96877 -19.0542 2.22329
      vertex -6.13806 -18.9393 2.67333
    endloop
  endfacet
  facet normal -0.608121 -0.793844 0
    outer loop
      vertex -10.3766 -19.8482 0
      vertex -8.8045 -21.0525 0.255152
      vertex -10.3766 -19.8482 0.255152
    endloop
  endfacet
  facet normal -0.608121 -0.793844 -0
    outer loop
      vertex -8.8045 -21.0525 0.255152
      vertex -10.3766 -19.8482 0
      vertex -8.8045 -21.0525 0
    endloop
  endfacet
  facet normal 0.0462746 -0.737238 0.674047
    outer loop
      vertex 1.77799 -23.0721 1.2635
      vertex 0 -23.1837 1.2635
      vertex 1.81308 -23.5275 0.762998
    endloop
  endfacet
  facet normal 0.0626393 -0.998036 0
    outer loop
      vertex 0 -23.8712 0
      vertex 1.83071 -23.7563 0.255152
      vertex 0 -23.8712 0.255152
    endloop
  endfacet
  facet normal 0.0626393 -0.998036 0
    outer loop
      vertex 1.83071 -23.7563 0.255152
      vertex 0 -23.8712 0
      vertex 1.83071 -23.7563 0
    endloop
  endfacet
  facet normal -0.381118 -0.833409 0.400224
    outer loop
      vertex -7.07872 -21.8417 0.762998
      vertex -7.14756 -22.0541 0.255152
      vertex -5.42178 -22.8433 0.255152
    endloop
  endfacet
  facet normal -0.457954 -0.265764 0.848321
    outer loop
      vertex -13.0674 -13.7063 2.22329
      vertex -14.0557 -12.0033 2.22329
      vertex -13.6103 -14.2757 1.75183
    endloop
  endfacet
  facet normal -0.332423 -0.155895 0.930157
    outer loop
      vertex -13.2464 -9.04924 3.09764
      vertex -14.1456 -9.6635 2.67333
      vertex -13.3364 -11.389 2.67333
    endloop
  endfacet
  facet normal -0.670169 -0.0777812 0.738122
    outer loop
      vertex -17.5221 -2.20567 1.75183
      vertex -18.0522 -2.2724 1.2635
      vertex -17.791 -4.52292 1.2635
    endloop
  endfacet
  facet normal -0.291483 -0.107881 0.950473
    outer loop
      vertex -12.2197 -8.34784 3.49211
      vertex -13.8767 -7.34624 3.09764
      vertex -13.2464 -9.04924 3.09764
    endloop
  endfacet
  facet normal -0.449192 -0.0880223 0.889088
    outer loop
      vertex -15.7313 -3.9993 2.67333
      vertex -16.5798 -4.21499 2.22329
      vertex -15.3489 -5.95075 2.67333
    endloop
  endfacet
  facet normal -0.461446 0.0177371 0.886991
    outer loop
      vertex -16.8232 2.11769 2.22329
      vertex -16.9046 0 2.22329
      vertex -15.9623 2.00932 2.67333
    endloop
  endfacet
  facet normal -0.165757 0.117554 0.979135
    outer loop
      vertex -8.87995 11.3492 3.85295
      vertex -9.70758 10.1822 3.85295
      vertex -8.61101 9.03199 4.17668
    endloop
  endfacet
  facet normal -0.384199 -0.0147628 0.923132
    outer loop
      vertex -15.02 0 3.09764
      vertex -15.9623 -2.00932 2.67333
      vertex -14.9477 -1.8816 3.09764
    endloop
  endfacet
  facet normal -0.461432 0.0177287 0.886998
    outer loop
      vertex -15.9623 2.00932 2.67333
      vertex -16.9046 0 2.22329
      vertex -16.0395 0 2.67333
    endloop
  endfacet
  facet normal 0.981328 -0.192344 0
    outer loop
      vertex 17.8732 -6.92945 0.255152
      vertex 18.3186 -4.65704 0
      vertex 18.3186 -4.65704 0.255152
    endloop
  endfacet
  facet normal 0.981328 -0.192344 0
    outer loop
      vertex 18.3186 -4.65704 0
      vertex 17.8732 -6.92945 0.255152
      vertex 17.8732 -6.92945 0
    endloop
  endfacet
  facet normal 0.81572 0.578448 0
    outer loop
      vertex 14.4379 15.1437 0.255152
      vertex 13.207 16.8795 0
      vertex 13.207 16.8795 0.255152
    endloop
  endfacet
  facet normal 0.81572 0.578448 0
    outer loop
      vertex 13.207 16.8795 0
      vertex 14.4379 15.1437 0.255152
      vertex 14.4379 15.1437 0
    endloop
  endfacet
  facet normal 0.621384 0.229953 0.749001
    outer loop
      vertex 16.7588 8.87204 1.2635
      vertex 15.9977 10.9287 1.2635
      vertex 16.2666 8.61149 1.75183
    endloop
  endfacet
  facet normal 0.753468 0.278833 0.595431
    outer loop
      vertex 16.3134 11.1444 0.762998
      vertex 15.9977 10.9287 1.2635
      vertex 16.7588 8.87204 1.2635
    endloop
  endfacet
  facet normal 0.589525 0.508923 0.627262
    outer loop
      vertex 11.7348 18.275 0.762998
      vertex 11.5076 17.9213 1.2635
      vertex 12.8266 16.3934 1.2635
    endloop
  endfacet
  facet normal 0.58957 0.508935 0.62721
    outer loop
      vertex 13.0798 16.7169 0.762998
      vertex 11.7348 18.275 0.762998
      vertex 12.8266 16.3934 1.2635
    endloop
  endfacet
  facet normal 0.240224 0.170356 0.955652
    outer loop
      vertex 11.6106 12.1782 3.09764
      vertex 9.79752 12.522 3.49211
      vertex 10.7107 11.2343 3.49211
    endloop
  endfacet
  facet normal 0.808241 0.469027 0.356034
    outer loop
      vertex 14.4379 15.1437 0.255152
      vertex 14.2988 14.9979 0.762998
      vertex 15.3802 13.1344 0.762998
    endloop
  endfacet
  facet normal 0.420803 0.155725 0.893686
    outer loop
      vertex 14.9085 10.1847 2.22329
      vertex 14.8186 7.8449 2.67333
      vertex 15.6178 8.26801 2.22329
    endloop
  endfacet
  facet normal 0.449217 0.0880431 0.889074
    outer loop
      vertex 16.1767 6.2717 2.22329
      vertex 15.3489 5.95075 2.67333
      vertex 16.5798 4.21499 2.22329
    endloop
  endfacet
  facet normal 0.557238 0.0214192 0.830077
    outer loop
      vertex 17.6069 0 1.75183
      vertex 16.8232 2.11769 2.22329
      vertex 16.9046 0 2.22329
    endloop
  endfacet
  facet normal 0.288734 -0.204756 0.935258
    outer loop
      vertex 11.6106 -12.1782 3.09764
      vertex 10.6207 -13.5741 3.09764
      vertex 11.3417 -14.4955 2.67333
    endloop
  endfacet
  facet normal 0.777524 -0.217657 0.589985
    outer loop
      vertex 17.3585 -6.72989 1.2635
      vertex 17.0896 -9.04714 0.762998
      vertex 17.7011 -6.86271 0.762998
    endloop
  endfacet
  facet normal 0.703105 -0.606971 0.370444
    outer loop
      vertex 13.0798 -16.7169 0.762998
      vertex 11.8489 -18.4527 0.255152
      vertex 13.207 -16.8795 0.255152
    endloop
  endfacet
  facet normal 0.0570832 0.90951 0.411744
    outer loop
      vertex 1.83071 23.7563 0.255152
      vertex 0 23.8712 0.255152
      vertex 1.81308 23.5275 0.762998
    endloop
  endfacet
  facet normal 0.936029 0.108615 0.334742
    outer loop
      vertex 18.5875 2.33979 0.255152
      vertex 18.1422 4.61219 0.762998
      vertex 18.4085 2.31725 0.762998
    endloop
  endfacet
  facet normal 0.807051 0.0936486 0.583008
    outer loop
      vertex 18.1422 4.61219 0.762998
      vertex 17.791 4.52292 1.2635
      vertex 18.4085 2.31725 0.762998
    endloop
  endfacet
  facet normal 0.670191 0.0777747 0.738103
    outer loop
      vertex 17.791 4.52292 1.2635
      vertex 17.2686 4.3901 1.75183
      vertex 17.5221 2.20567 1.75183
    endloop
  endfacet
  facet normal 0.795292 0.155853 0.585851
    outer loop
      vertex 18.1422 4.61219 0.762998
      vertex 17.3585 6.72989 1.2635
      vertex 17.791 4.52292 1.2635
    endloop
  endfacet
  facet normal 0.457954 -0.265764 0.848321
    outer loop
      vertex 14.0557 -12.0033 2.22329
      vertex 13.0674 -13.7063 2.22329
      vertex 13.6103 -14.2757 1.75183
    endloop
  endfacet
  facet normal 0.54308 -0.10644 0.832907
    outer loop
      vertex 16.5798 -4.21499 2.22329
      vertex 16.1767 -6.2717 2.22329
      vertex 16.8487 -6.53225 1.75183
    endloop
  endfacet
  facet normal 0.659425 -0.129228 0.74058
    outer loop
      vertex 17.791 -4.52292 1.2635
      vertex 17.2686 -4.3901 1.75183
      vertex 17.3585 -6.72989 1.2635
    endloop
  endfacet
  facet normal 0.457363 -0.0530915 0.887694
    outer loop
      vertex 15.9623 -2.00932 2.67333
      vertex 15.7313 -3.9993 2.67333
      vertex 16.8232 -2.11769 2.22329
    endloop
  endfacet
  facet normal 0.0546994 -0.00634883 0.998483
    outer loop
      vertex 4.52185 -0.569207 5.04416
      vertex 2.69114 -0.684154 5.14372
      vertex 4.45642 -1.13293 5.04416
    endloop
  endfacet
  facet normal 0.20995 -0.0587791 0.975944
    outer loop
      vertex 10.6599 -4.13284 4.17668
      vertex 10.2916 -5.44835 4.17668
      vertex 11.6022 -6.14217 3.85295
    endloop
  endfacet
  facet normal 0.384199 -0.0147628 0.923132
    outer loop
      vertex 15.02 0 3.09764
      vertex 14.9477 -1.8816 3.09764
      vertex 15.9623 -2.00932 2.67333
    endloop
  endfacet
  facet normal 0.312016 -0.0611531 0.948107
    outer loop
      vertex 13.5896 -3.4548 3.49211
      vertex 13.2592 -5.14057 3.49211
      vertex 14.3732 -5.5725 3.09764
    endloop
  endfacet
  facet normal 0.179982 -0.562208 0.807173
    outer loop
      vertex 5.111 -21.5339 1.75183
      vertex 3.53886 -22.7383 1.2635
      vertex 5.26564 -22.1855 1.2635
    endloop
  endfacet
  facet normal 0.636821 -0.671868 0.378224
    outer loop
      vertex 11.8489 -18.4527 0.255152
      vertex 10.2767 -19.657 0.762998
      vertex 10.3766 -19.8482 0.255152
    endloop
  endfacet
  facet normal 0.905569 0.253523 0.340103
    outer loop
      vertex 17.2557 9.13512 0.255152
      vertex 17.0896 9.04714 0.762998
      vertex 17.8732 6.92945 0.255152
    endloop
  endfacet
  facet normal 0.204558 -0.338375 0.918509
    outer loop
      vertex 7.56098 -18.0791 2.67333
      vertex 6.13806 -18.9393 2.67333
      vertex 7.96877 -19.0542 2.22329
    endloop
  endfacet
  facet normal 0.278685 -0.87052 0.405623
    outer loop
      vertex 5.42178 -22.8433 0.255152
      vertex 3.6087 -23.1871 0.762998
      vertex 3.64379 -23.4125 0.255152
    endloop
  endfacet
  facet normal 0.218148 -0.188332 0.957571
    outer loop
      vertex 9.79752 -12.522 3.49211
      vertex 8.79002 -13.689 3.49211
      vertex 9.52857 -14.8392 3.09764
    endloop
  endfacet
  facet normal 0.245062 -0.319917 0.915204
    outer loop
      vertex 8.91108 -17.0449 2.67333
      vertex 7.56098 -18.0791 2.67333
      vertex 9.39169 -17.9642 2.22329
    endloop
  endfacet
  facet normal 0.161681 -0.353548 0.921338
    outer loop
      vertex 6.13806 -18.9393 2.67333
      vertex 4.90715 -20.675 2.22329
      vertex 6.46911 -19.9607 2.22329
    endloop
  endfacet
  facet normal 0.449217 -0.0880431 0.889074
    outer loop
      vertex 16.5798 -4.21499 2.22329
      vertex 15.3489 -5.95075 2.67333
      vertex 16.1767 -6.2717 2.22329
    endloop
  endfacet
  facet normal 0.457999 -0.265767 0.848295
    outer loop
      vertex 14.0557 -12.0033 2.22329
      vertex 13.6103 -14.2757 1.75183
      vertex 14.6396 -12.5019 1.75183
    endloop
  endfacet
  facet normal 0.260386 -0.051034 0.964155
    outer loop
      vertex 13.5896 -3.4548 3.49211
      vertex 12.3169 -3.13125 3.85295
      vertex 13.2592 -5.14057 3.49211
    endloop
  endfacet
  facet normal 0.15714 -0.0736941 0.984823
    outer loop
      vertex 9.82423 -6.71138 4.17668
      vertex 8.47855 -5.79208 4.46019
      vertex 9.26222 -7.90977 4.17668
    endloop
  endfacet
  facet normal 0.0792464 -0.0221859 0.996608
    outer loop
      vertex 6.02857 -2.33728 4.89603
      vertex 4.34808 -1.68575 5.04416
      vertex 5.82029 -3.08124 4.89603
    endloop
  endfacet
  facet normal 0.126388 -0.0592728 0.990208
    outer loop
      vertex 7.05121 -4.817 4.70074
      vertex 6.64783 -5.67713 4.70074
      vertex 7.99352 -6.82632 4.46019
    endloop
  endfacet
  facet normal 0.312123 -0.181123 0.932617
    outer loop
      vertex 13.3364 -11.389 2.67333
      vertex 11.6106 -12.1782 3.09764
      vertex 12.3987 -13.0049 2.67333
    endloop
  endfacet
  facet normal 0.291477 -0.107871 0.950476
    outer loop
      vertex 12.8011 -6.77684 3.49211
      vertex 12.2197 -8.34784 3.49211
      vertex 13.8767 -7.34624 3.09764
    endloop
  endfacet
  facet normal 0.0546994 0.00634851 0.998483
    outer loop
      vertex 4.52185 0.569207 5.04416
      vertex 2.69114 0.684154 5.14372
      vertex 2.73065 0.343732 5.14372
    endloop
  endfacet
  facet normal 0.0832451 -0.00966206 0.996482
    outer loop
      vertex 4.52185 -0.569207 5.04416
      vertex 4.45642 -1.13293 5.04416
      vertex 6.2695 -0.789201 4.89603
    endloop
  endfacet
  facet normal 0.145609 -0.0168993 0.989198
    outer loop
      vertex 9.56743 -1.20434 4.46019
      vertex 7.84165 -1.99354 4.70074
      vertex 9.429 -2.39709 4.46019
    endloop
  endfacet
  facet normal 0.103613 -0.0383432 0.993878
    outer loop
      vertex 5.82029 -3.08124 4.89603
      vertex 5.55596 -3.79553 4.89603
      vertex 7.05121 -4.817 4.70074
    endloop
  endfacet
  facet normal -0.0110266 0.17576 0.984371
    outer loop
      vertex 0 16.0503 3.85295
      vertex -1.09187 14.1687 4.17668
      vertex 0 14.2372 4.17668
    endloop
  endfacet
  facet normal 0.0921032 0.0534454 0.994314
    outer loop
      vertex 6.18044 6.48259 4.70074
      vertex 5.23812 4.47327 4.89603
      vertex 6.64783 5.67713 4.70074
    endloop
  endfacet
  facet normal 0.277026 0.129908 0.95204
    outer loop
      vertex 12.4887 10.6651 3.09764
      vertex 11.5207 9.83844 3.49211
      vertex 12.2197 8.34784 3.49211
    endloop
  endfacet
  facet normal 0.252924 0.0708101 0.964891
    outer loop
      vertex 12.8011 6.77684 3.49211
      vertex 11.6022 6.14217 3.85295
      vertex 13.2592 5.14057 3.49211
    endloop
  endfacet
  facet normal 0.193891 0.204555 0.95946
    outer loop
      vertex 9.52857 14.8392 3.09764
      vertex 8.34465 15.9614 3.09764
      vertex 8.79002 13.689 3.49211
    endloop
  endfacet
  facet normal 0.204558 0.338375 0.918509
    outer loop
      vertex 7.96877 19.0542 2.22329
      vertex 6.13806 18.9393 2.67333
      vertex 7.56098 18.0791 2.67333
    endloop
  endfacet
  facet normal 0.198857 0.434887 0.878254
    outer loop
      vertex 5.111 21.5339 1.75183
      vertex 4.90715 20.675 2.22329
      vertex 6.73786 20.79 1.75183
    endloop
  endfacet
  facet normal 0.167646 0.218853 0.961248
    outer loop
      vertex 7.08037 16.9299 3.09764
      vertex 6.53157 15.6177 3.49211
      vertex 7.69786 14.7243 3.49211
    endloop
  endfacet
  facet normal -0.0660557 0.20629 0.976259
    outer loop
      vertex -2.70313 17.3685 3.49211
      vertex -3.64544 15.3591 3.85295
      vertex -2.44997 15.7419 3.85295
    endloop
  endfacet
  facet normal 0.0565565 0.0488238 0.997205
    outer loop
      vertex 3.99658 6.22402 4.89603
      vertex 3.2129 4.10633 5.04416
      vertex 4.45466 5.69339 4.89603
    endloop
  endfacet
  facet normal -0.198863 0.434854 0.878269
    outer loop
      vertex -4.90715 20.675 2.22329
      vertex -6.73786 20.79 1.75183
      vertex -6.46911 19.9607 2.22329
    endloop
  endfacet
  facet normal -0.312649 0.517205 0.796712
    outer loop
      vertex -6.94172 21.419 1.2635
      vertex -8.29982 19.8458 1.75183
      vertex -6.73786 20.79 1.75183
    endloop
  endfacet
  facet normal -0.0497694 0.108837 0.992813
    outer loop
      vertex -2.79072 11.758 4.46019
      vertex -3.67901 11.3518 4.46019
      vertex -3.05966 9.44072 4.70074
    endloop
  endfacet
  facet normal -0.0707041 0.372948 0.925155
    outer loop
      vertex -1.65694 21.5013 2.22329
      vertex -3.29792 21.1902 2.22329
      vertex -3.12916 20.1058 2.67333
    endloop
  endfacet
  facet normal 0.0291742 0.464806 0.884932
    outer loop
      vertex 0 22.5029 1.75183
      vertex 0 21.6053 2.22329
      vertex 1.65694 21.5013 2.22329
    endloop
  endfacet
  facet normal -0.0871599 0.459748 0.883762
    outer loop
      vertex -1.65694 21.5013 2.22329
      vertex -3.43493 22.0705 1.75183
      vertex -3.29792 21.1902 2.22329
    endloop
  endfacet
  facet normal 0.560976 0.732302 0.386057
    outer loop
      vertex 10.3766 19.8482 0.255152
      vertex 8.8045 21.0525 0.255152
      vertex 10.2767 19.657 0.762998
    endloop
  endfacet
  facet normal 0.636821 0.671868 0.378224
    outer loop
      vertex 10.3766 19.8482 0.255152
      vertex 10.2767 19.657 0.762998
      vertex 11.8489 18.4527 0.255152
    endloop
  endfacet
  facet normal 0.311915 0.682074 0.661426
    outer loop
      vertex 7.07872 21.8417 0.762998
      vertex 5.36957 22.6233 0.762998
      vertex 6.94172 21.419 1.2635
    endloop
  endfacet
  facet normal 0.133014 0.290847 0.947478
    outer loop
      vertex 4.65603 19.617 2.67333
      vertex 4.36007 18.3701 3.09764
      vertex 5.7479 17.7354 3.09764
    endloop
  endfacet
  facet normal 0.461432 -0.0177287 0.886998
    outer loop
      vertex 16.0395 0 2.67333
      vertex 15.9623 -2.00932 2.67333
      vertex 16.9046 0 2.22329
    endloop
  endfacet
  facet normal 0.320887 0.01233 0.947037
    outer loop
      vertex 14.9477 1.8816 3.09764
      vertex 13.7891 1.73576 3.49211
      vertex 15.02 0 3.09764
    endloop
  endfacet
  facet normal 0.457363 0.0530915 0.887694
    outer loop
      vertex 16.8232 2.11769 2.22329
      vertex 15.7313 3.9993 2.67333
      vertex 15.9623 2.00932 2.67333
    endloop
  endfacet
  facet normal 0.380712 0.0441936 0.923637
    outer loop
      vertex 15.7313 3.9993 2.67333
      vertex 14.7314 3.74508 3.09764
      vertex 15.9623 2.00932 2.67333
    endloop
  endfacet
  facet normal 0.317927 0.0368965 0.947397
    outer loop
      vertex 14.7314 3.74508 3.09764
      vertex 13.5896 3.4548 3.49211
      vertex 13.7891 1.73576 3.49211
    endloop
  endfacet
  facet normal 0.303171 0.0848626 0.94915
    outer loop
      vertex 13.8767 7.34624 3.09764
      vertex 12.8011 6.77684 3.49211
      vertex 14.3732 5.5725 3.09764
    endloop
  endfacet
  facet normal 0.01945 0.309562 0.95068
    outer loop
      vertex 1.57215 20.401 2.67333
      vertex 0 19.1967 3.09764
      vertex 1.47221 19.1042 3.09764
    endloop
  endfacet
  facet normal 0.0707041 0.372948 0.925155
    outer loop
      vertex 3.29792 21.1902 2.22329
      vertex 1.65694 21.5013 2.22329
      vertex 3.12916 20.1058 2.67333
    endloop
  endfacet
  facet normal 0.251217 0.41558 0.874176
    outer loop
      vertex 8.29982 19.8458 1.75183
      vertex 6.73786 20.79 1.75183
      vertex 7.96877 19.0542 2.22329
    endloop
  endfacet
  facet normal 0.179998 0.562223 0.807159
    outer loop
      vertex 3.53886 22.7383 1.2635
      vertex 3.43493 22.0705 1.75183
      vertex 5.111 21.5339 1.75183
    endloop
  endfacet
  facet normal 0.0626393 0.998036 -0
    outer loop
      vertex 1.83071 23.7563 0
      vertex 0 23.8712 0.255152
      vertex 1.83071 23.7563 0.255152
    endloop
  endfacet
  facet normal 0.0626393 0.998036 0
    outer loop
      vertex 0 23.8712 0.255152
      vertex 1.83071 23.7563 0
      vertex 0 23.8712 0
    endloop
  endfacet
  facet normal 0.760093 0.539001 0.362955
    outer loop
      vertex 13.207 16.8795 0.255152
      vertex 13.0798 16.7169 0.762998
      vertex 14.4379 15.1437 0.255152
    endloop
  endfacet
  facet normal 0.848161 0.397762 0.349868
    outer loop
      vertex 15.5298 13.2621 0.255152
      vertex 15.3802 13.1344 0.762998
      vertex 16.4721 11.2528 0.255152
    endloop
  endfacet
  facet normal -0.201715 0.0746424 0.976596
    outer loop
      vertex -9.82423 6.71138 4.17668
      vertex -11.0753 7.56604 3.85295
      vertex -10.2916 5.44835 4.17668
    endloop
  endfacet
  facet normal -0.312006 0.0611575 0.94811
    outer loop
      vertex -14.3732 5.5725 3.09764
      vertex -14.7314 3.74508 3.09764
      vertex -13.5896 3.4548 3.49211
    endloop
  endfacet
  facet normal -0.380712 0.0441936 0.923637
    outer loop
      vertex -15.7313 3.9993 2.67333
      vertex -15.9623 2.00932 2.67333
      vertex -14.7314 3.74508 3.09764
    endloop
  endfacet
  facet normal -0.320887 0.01233 0.947037
    outer loop
      vertex -14.9477 1.8816 3.09764
      vertex -15.02 0 3.09764
      vertex -13.7891 1.73576 3.49211
    endloop
  endfacet
  facet normal -0.0203119 -0.0144043 0.99969
    outer loop
      vertex -0.709288 -0.743963 5.19374
      vertex -1.9402 -2.47972 5.14372
      vertex -0.648816 -0.829236 5.19374
    endloop
  endfacet
  facet normal -0.111148 0.0217829 0.993565
    outer loop
      vertex -7.65101 2.96629 4.70074
      vertex -7.84165 1.99354 4.70074
      vertex -6.02857 2.33728 4.89603
    endloop
  endfacet
  facet normal -0.0770445 0.0665113 0.994807
    outer loop
      vertex -5.07215 7.89906 4.70074
      vertex -5.65352 7.22562 4.70074
      vertex -3.99658 6.22402 4.89603
    endloop
  endfacet
  facet normal -0.0140931 0.0183984 0.999731
    outer loop
      vertex -0.432537 1.03424 5.19374
      vertex -1.29345 3.09277 5.14372
      vertex -0.509771 0.975079 5.19374
    endloop
  endfacet
  facet normal 0.0265902 0.00521129 0.999633
    outer loop
      vertex 2.69114 0.684154 5.14372
      vertex 0.878055 0.340422 5.19374
      vertex 0.899934 0.228786 5.19374
    endloop
  endfacet
  facet normal -0.0184101 -0.0158927 0.999704
    outer loop
      vertex -0.648816 -0.829236 5.19374
      vertex -1.9402 -2.47972 5.14372
      vertex -0.582097 -0.906523 5.19374
    endloop
  endfacet
  facet normal -0.167646 -0.218853 0.961248
    outer loop
      vertex -6.53157 -15.6177 3.49211
      vertex -7.69786 -14.7243 3.49211
      vertex -7.08037 -16.9299 3.09764
    endloop
  endfacet
  facet normal 0.0565568 -0.0488237 0.997205
    outer loop
      vertex 3.2129 -4.10633 5.04416
      vertex 2.88251 -4.48905 5.04416
      vertex 3.99658 -6.22402 4.89603
    endloop
  endfacet
  facet normal 0.0959866 -0.1588 0.982634
    outer loop
      vertex 5.25116 -12.5561 4.17668
      vertex 4.8058 -14.8285 3.85295
      vertex 5.91987 -14.1551 3.85295
    endloop
  endfacet
  facet normal -0.113332 0.0131529 0.99347
    outer loop
      vertex -6.17879 1.5708 4.89603
      vertex -7.84165 1.99354 4.70074
      vertex -6.2695 0.789201 4.89603
    endloop
  endfacet
  facet normal -0.126388 -0.0592728 0.990208
    outer loop
      vertex -7.05121 -4.817 4.70074
      vertex -7.99352 -6.82632 4.46019
      vertex -6.64783 -5.67713 4.70074
    endloop
  endfacet
  facet normal 0.193908 -0.204558 0.959456
    outer loop
      vertex 8.79002 -13.689 3.49211
      vertex 7.69786 -14.7243 3.49211
      vertex 8.34465 -15.9614 3.09764
    endloop
  endfacet
  facet normal 0.094476 -0.123329 0.987858
    outer loop
      vertex 5.3411 -10.2163 4.46019
      vertex 4.53188 -10.8362 4.46019
      vertex 6.18882 -11.8378 4.17668
    endloop
  endfacet
  facet normal 0.139323 -0.18188 0.973401
    outer loop
      vertex 7.69786 -14.7243 3.49211
      vertex 5.91987 -14.1551 3.85295
      vertex 6.53157 -15.6177 3.49211
    endloop
  endfacet
  facet normal 0.0990747 -0.0855293 0.991397
    outer loop
      vertex 6.79793 -8.68826 4.46019
      vertex 5.65352 -7.22562 4.70074
      vertex 6.09888 -9.49802 4.46019
    endloop
  endfacet
  facet normal 0.167654 -0.218855 0.961246
    outer loop
      vertex 7.69786 -14.7243 3.49211
      vertex 7.08037 -16.9299 3.09764
      vertex 8.34465 -15.9614 3.09764
    endloop
  endfacet
  facet normal 0.0619685 -0.135514 0.988836
    outer loop
      vertex 3.67901 -11.3518 4.46019
      vertex 2.79072 -11.758 4.46019
      vertex 3.23365 -13.6242 4.17668
    endloop
  endfacet
  facet normal -0.509925 0.188689 0.839269
    outer loop
      vertex -15.5279 10.6078 1.75183
      vertex -16.2666 8.61149 1.75183
      vertex -14.9085 10.1847 2.22329
    endloop
  endfacet
  facet normal -0.509947 0.188714 0.83925
    outer loop
      vertex -14.9085 10.1847 2.22329
      vertex -16.2666 8.61149 1.75183
      vertex -15.6178 8.26801 2.22329
    endloop
  endfacet
  facet normal -0.300425 0.392184 0.869446
    outer loop
      vertex -8.29982 19.8458 1.75183
      vertex -9.39169 17.9642 2.22329
      vertex -7.96877 19.0542 2.22329
    endloop
  endfacet
  facet normal -0.636824 0.67189 0.378179
    outer loop
      vertex -10.2767 19.657 0.762998
      vertex -11.8489 18.4527 0.255152
      vertex -11.7348 18.275 0.762998
    endloop
  endfacet
  facet normal -0.753468 0.278833 0.595431
    outer loop
      vertex -16.3134 11.1444 0.762998
      vertex -16.7588 8.87204 1.2635
      vertex -15.9977 10.9287 1.2635
    endloop
  endfacet
  facet normal -0.64313 0.180046 0.74429
    outer loop
      vertex -16.7588 8.87204 1.2635
      vertex -17.3585 6.72989 1.2635
      vertex -16.2666 8.61149 1.75183
    endloop
  endfacet
  facet normal -0.561053 0.325568 0.761069
    outer loop
      vertex -13.6103 14.2757 1.75183
      vertex -15.0825 12.8802 1.2635
      vertex -14.6396 12.5019 1.75183
    endloop
  endfacet
  facet normal -0.522332 0.370416 0.768089
    outer loop
      vertex -12.8266 16.3934 1.2635
      vertex -14.0221 14.7076 1.2635
      vertex -12.4499 15.912 1.75183
    endloop
  endfacet
  facet normal -0.670191 0.0777747 0.738103
    outer loop
      vertex -17.2686 4.3901 1.75183
      vertex -17.791 4.52292 1.2635
      vertex -17.5221 2.20567 1.75183
    endloop
  endfacet
  facet normal -0.457342 0.0530764 0.887705
    outer loop
      vertex -16.5798 4.21499 2.22329
      vertex -16.8232 2.11769 2.22329
      vertex -15.7313 3.9993 2.67333
    endloop
  endfacet
  facet normal -0.557247 -0.0214241 0.83007
    outer loop
      vertex -16.8232 -2.11769 2.22329
      vertex -17.6069 0 1.75183
      vertex -17.5221 -2.20567 1.75183
    endloop
  endfacet
  facet normal -0.675513 -0.025971 0.736891
    outer loop
      vertex -17.6069 0 1.75183
      vertex -18.1396 0 1.2635
      vertex -17.5221 -2.20567 1.75183
    endloop
  endfacet
  facet normal -0.449217 0.0880431 0.889074
    outer loop
      vertex -16.1767 6.2717 2.22329
      vertex -16.5798 4.21499 2.22329
      vertex -15.3489 5.95075 2.67333
    endloop
  endfacet
  facet normal -0.552514 0.0641184 0.831034
    outer loop
      vertex -17.2686 4.3901 1.75183
      vertex -17.5221 2.20567 1.75183
      vertex -16.5798 4.21499 2.22329
    endloop
  endfacet
  facet normal -0.864917 -0.501915 0
    outer loop
      vertex -14.4379 -15.1437 0
      vertex -15.5298 -13.2621 0.255152
      vertex -15.5298 -13.2621 0
    endloop
  endfacet
  facet normal -0.864917 -0.501915 0
    outer loop
      vertex -15.5298 -13.2621 0.255152
      vertex -14.4379 -15.1437 0
      vertex -14.4379 -15.1437 0.255152
    endloop
  endfacet
  facet normal -0.2512 0.415571 0.874185
    outer loop
      vertex -6.73786 20.79 1.75183
      vertex -7.96877 19.0542 2.22329
      vertex -6.46911 19.9607 2.22329
    endloop
  endfacet
  facet normal -0.464436 0.6063 0.645523
    outer loop
      vertex -8.71971 20.8498 0.762998
      vertex -10.0778 19.2766 1.2635
      vertex -8.55094 20.4462 1.2635
    endloop
  endfacet
  facet normal -0.937853 -0.347032 0
    outer loop
      vertex -16.4721 -11.2528 0
      vertex -17.2557 -9.13512 0.255152
      vertex -17.2557 -9.13512 0
    endloop
  endfacet
  facet normal -0.937853 -0.347032 0
    outer loop
      vertex -17.2557 -9.13512 0.255152
      vertex -16.4721 -11.2528 0
      vertex -16.4721 -11.2528 0.255152
    endloop
  endfacet
  facet normal -0.905383 -0.424597 0
    outer loop
      vertex -15.5298 -13.2621 0
      vertex -16.4721 -11.2528 0.255152
      vertex -16.4721 -11.2528 0
    endloop
  endfacet
  facet normal -0.905383 -0.424597 0
    outer loop
      vertex -16.4721 -11.2528 0.255152
      vertex -15.5298 -13.2621 0
      vertex -15.5298 -13.2621 0.255152
    endloop
  endfacet
  facet normal -0.722898 -0.338999 0.602078
    outer loop
      vertex -15.9977 -10.9287 1.2635
      vertex -16.3134 -11.1444 0.762998
      vertex -15.3802 -13.1344 0.762998
    endloop
  endfacet
  facet normal -0.808243 -0.469027 0.356029
    outer loop
      vertex -15.3802 -13.1344 0.762998
      vertex -15.5298 -13.2621 0.255152
      vertex -14.4379 -15.1437 0.255152
    endloop
  endfacet
  facet normal -0.317927 -0.0368965 0.947397
    outer loop
      vertex -13.7891 -1.73576 3.49211
      vertex -14.7314 -3.74508 3.09764
      vertex -13.5896 -3.4548 3.49211
    endloop
  endfacet
  facet normal -0.265387 -0.030799 0.96365
    outer loop
      vertex -12.3169 -3.13125 3.85295
      vertex -13.7891 -1.73576 3.49211
      vertex -13.5896 -3.4548 3.49211
    endloop
  endfacet
  facet normal -0.20995 -0.0587791 0.975944
    outer loop
      vertex -10.6599 -4.13284 4.17668
      vertex -12.0174 -4.65914 3.85295
      vertex -11.6022 -6.14217 3.85295
    endloop
  endfacet
  facet normal -0.437013 -0.122349 0.891095
    outer loop
      vertex -15.3489 -5.95075 2.67333
      vertex -15.6178 -8.26801 2.22329
      vertex -14.8186 -7.8449 2.67333
    endloop
  endfacet
  facet normal -0.216187 -0.0423773 0.975432
    outer loop
      vertex -10.6599 -4.13284 4.17668
      vertex -12.3169 -3.13125 3.85295
      vertex -12.0174 -4.65914 3.85295
    endloop
  endfacet
  facet normal -0.18094 -0.0209999 0.98327
    outer loop
      vertex -9.429 -2.39709 4.46019
      vertex -11.0859 -1.39549 4.17668
      vertex -10.9255 -2.77754 4.17668
    endloop
  endfacet
  facet normal -0.230901 -0.108278 0.966934
    outer loop
      vertex -10.4417 -8.91705 3.85295
      vertex -12.2197 -8.34784 3.49211
      vertex -11.5207 -9.83844 3.49211
    endloop
  endfacet
  facet normal -0.193891 -0.204555 0.95946
    outer loop
      vertex -8.79002 -13.689 3.49211
      vertex -9.52857 -14.8392 3.09764
      vertex -8.34465 -15.9614 3.09764
    endloop
  endfacet
  facet normal -0.110205 -0.240976 0.964254
    outer loop
      vertex -4.02212 -16.9462 3.49211
      vertex -5.30238 -16.3607 3.49211
      vertex -4.36007 -18.3701 3.09764
    endloop
  endfacet
  facet normal -0.179522 -0.104174 0.978223
    outer loop
      vertex -9.26222 -7.90977 4.17668
      vertex -9.70758 -10.1822 3.85295
      vertex -8.61101 -9.03199 4.17668
    endloop
  endfacet
  facet normal -0.346038 -0.365083 0.864276
    outer loop
      vertex -9.39169 -17.9642 2.22329
      vertex -10.7242 -16.7012 2.22329
      vertex -9.78185 -18.7105 1.75183
    endloop
  endfacet
  facet normal -0.346056 -0.365089 0.864266
    outer loop
      vertex -10.7242 -16.7012 2.22329
      vertex -11.1697 -17.395 1.75183
      vertex -9.78185 -18.7105 1.75183
    endloop
  endfacet
  facet normal -0.509947 -0.188714 0.83925
    outer loop
      vertex -15.6178 -8.26801 2.22329
      vertex -16.2666 -8.61149 1.75183
      vertex -14.9085 -10.1847 2.22329
    endloop
  endfacet
  facet normal -0.199985 -0.141821 0.969481
    outer loop
      vertex -8.87995 -11.3492 3.85295
      vertex -10.7107 -11.2343 3.49211
      vertex -9.79752 -12.522 3.49211
    endloop
  endfacet
  facet normal -0.621433 -0.229951 0.748962
    outer loop
      vertex -15.5279 -10.6078 1.75183
      vertex -16.2666 -8.61149 1.75183
      vertex -15.9977 -10.9287 1.2635
    endloop
  endfacet
  facet normal -0.509925 -0.188689 0.839269
    outer loop
      vertex -14.9085 -10.1847 2.22329
      vertex -16.2666 -8.61149 1.75183
      vertex -15.5279 -10.6078 1.75183
    endloop
  endfacet
  facet normal 0.204554 -0.338402 0.9185
    outer loop
      vertex 7.96877 -19.0542 2.22329
      vertex 6.13806 -18.9393 2.67333
      vertex 6.46911 -19.9607 2.22329
    endloop
  endfacet
  facet normal -0.0795674 -0.248562 0.965342
    outer loop
      vertex -2.70313 -17.3685 3.49211
      vertex -4.36007 -18.3701 3.09764
      vertex -2.93025 -18.8278 3.09764
    endloop
  endfacet
  facet normal -0.0365831 -0.582417 0.812066
    outer loop
      vertex -1.72577 -22.3945 1.75183
      vertex -1.77799 -23.0721 1.2635
      vertex 0 -22.5029 1.75183
    endloop
  endfacet
  facet normal -0.0462746 -0.737238 0.674047
    outer loop
      vertex -1.77799 -23.0721 1.2635
      vertex -1.81308 -23.5275 0.762998
      vertex 0 -23.1837 1.2635
    endloop
  endfacet
  facet normal -0.475579 -0.786748 0.393513
    outer loop
      vertex -7.07872 -21.8417 0.762998
      vertex -8.8045 -21.0525 0.255152
      vertex -7.14756 -22.0541 0.255152
    endloop
  endfacet
  facet normal -0.179982 -0.562208 0.807173
    outer loop
      vertex -5.111 -21.5339 1.75183
      vertex -5.26564 -22.1855 1.2635
      vertex -3.53886 -22.7383 1.2635
    endloop
  endfacet
  facet normal -0.372789 -0.486641 0.790069
    outer loop
      vertex -9.78185 -18.7105 1.75183
      vertex -10.0778 -19.2766 1.2635
      vertex -8.29982 -19.8458 1.75183
    endloop
  endfacet
  facet normal -0.0110266 -0.17576 0.984371
    outer loop
      vertex 0 -14.2372 4.17668
      vertex -1.09187 -14.1687 4.17668
      vertex 0 -16.0503 3.85295
    endloop
  endfacet
  facet normal -0.233472 -0.246312 0.940649
    outer loop
      vertex -9.52857 -14.8392 3.09764
      vertex -10.1754 -15.8465 2.67333
      vertex -8.34465 -15.9614 3.09764
    endloop
  endfacet
  facet normal -0.109119 -0.575625 0.810401
    outer loop
      vertex -3.43493 -22.0705 1.75183
      vertex -3.53886 -22.7383 1.2635
      vertex -1.72577 -22.3945 1.75183
    endloop
  endfacet
  facet normal -0.01945 -0.309562 0.95068
    outer loop
      vertex -1.47221 -19.1042 3.09764
      vertex -1.57215 -20.401 2.67333
      vertex 0 -19.1967 3.09764
    endloop
  endfacet
  facet normal -0.0501744 -0.0529331 0.997337
    outer loop
      vertex -2.52436 -4.82853 5.04416
      vertex -3.99658 -6.22402 4.89603
      vertex -3.5 -6.69472 4.89603
    endloop
  endfacet
  facet normal -0.143972 -0.449696 0.881502
    outer loop
      vertex -4.90715 -20.675 2.22329
      vertex -5.111 -21.5339 1.75183
      vertex -3.43493 -22.0705 1.75183
    endloop
  endfacet
  facet normal -0.150384 -0.129821 0.980067
    outer loop
      vertex -7.87687 -10.0672 4.17668
      vertex -8.87995 -11.3492 3.85295
      vertex -7.06687 -11.0055 4.17668
    endloop
  endfacet
  facet normal -0.288751 -0.204757 0.935253
    outer loop
      vertex -11.6106 -12.1782 3.09764
      vertex -12.3987 -13.0049 2.67333
      vertex -11.3417 -14.4955 2.67333
    endloop
  endfacet
  facet normal -0.304894 -0.952386 0
    outer loop
      vertex -5.42178 -22.8433 0
      vertex -3.64379 -23.4125 0.255152
      vertex -5.42178 -22.8433 0.255152
    endloop
  endfacet
  facet normal -0.304894 -0.952386 -0
    outer loop
      vertex -3.64379 -23.4125 0.255152
      vertex -5.42178 -22.8433 0
      vertex -3.64379 -23.4125 0
    endloop
  endfacet
  facet normal -0.311929 -0.682085 0.661407
    outer loop
      vertex -5.26564 -22.1855 1.2635
      vertex -6.94172 -21.419 1.2635
      vertex -5.36957 -22.6233 0.762998
    endloop
  endfacet
  facet normal -0.560976 -0.732302 0.386057
    outer loop
      vertex -10.2767 -19.657 0.762998
      vertex -10.3766 -19.8482 0.255152
      vertex -8.8045 -21.0525 0.255152
    endloop
  endfacet
  facet normal 0.186302 -0.982492 0
    outer loop
      vertex 1.83071 -23.7563 0
      vertex 3.64379 -23.4125 0.255152
      vertex 1.83071 -23.7563 0.255152
    endloop
  endfacet
  facet normal 0.186302 -0.982492 0
    outer loop
      vertex 3.64379 -23.4125 0.255152
      vertex 1.83071 -23.7563 0
      vertex 3.64379 -23.4125 0
    endloop
  endfacet
  facet normal -0.464436 -0.6063 0.645523
    outer loop
      vertex -8.55094 -20.4462 1.2635
      vertex -10.0778 -19.2766 1.2635
      vertex -8.71971 -20.8498 0.762998
    endloop
  endfacet
  facet normal -0.248122 -0.542561 0.802536
    outer loop
      vertex -5.111 -21.5339 1.75183
      vertex -6.94172 -21.419 1.2635
      vertex -5.26564 -22.1855 1.2635
    endloop
  endfacet
  facet normal -0.812934 -0.0312579 0.581517
    outer loop
      vertex -18.0522 -2.2724 1.2635
      vertex -18.4976 0 0.762998
      vertex -18.4085 -2.31725 0.762998
    endloop
  endfacet
  facet normal -0.942006 -0.0362208 0.333636
    outer loop
      vertex -18.4976 0 0.762998
      vertex -18.5875 -2.33979 0.255152
      vertex -18.4085 -2.31725 0.762998
    endloop
  endfacet
  facet normal -0.437014 -0.122349 0.891095
    outer loop
      vertex -15.3489 -5.95075 2.67333
      vertex -16.1767 -6.2717 2.22329
      vertex -15.6178 -8.26801 2.22329
    endloop
  endfacet
  facet normal -0.457342 -0.0530764 0.887705
    outer loop
      vertex -15.7313 -3.9993 2.67333
      vertex -16.8232 -2.11769 2.22329
      vertex -16.5798 -4.21499 2.22329
    endloop
  endfacet
  facet normal -0.457363 -0.0530915 0.887694
    outer loop
      vertex -15.9623 -2.00932 2.67333
      vertex -16.8232 -2.11769 2.22329
      vertex -15.7313 -3.9993 2.67333
    endloop
  endfacet
  facet normal -0.380712 -0.0441936 0.923637
    outer loop
      vertex -14.7314 -3.74508 3.09764
      vertex -15.9623 -2.00932 2.67333
      vertex -15.7313 -3.9993 2.67333
    endloop
  endfacet
  facet normal -0.380707 0.0441899 0.923639
    outer loop
      vertex -14.7314 3.74508 3.09764
      vertex -15.9623 2.00932 2.67333
      vertex -14.9477 1.8816 3.09764
    endloop
  endfacet
  facet normal -0.457363 0.0530915 0.887694
    outer loop
      vertex -15.7313 3.9993 2.67333
      vertex -16.8232 2.11769 2.22329
      vertex -15.9623 2.00932 2.67333
    endloop
  endfacet
  facet normal 0.923956 0.181095 0.336911
    outer loop
      vertex 17.8732 6.92945 0.255152
      vertex 17.7011 6.86271 0.762998
      vertex 18.1422 4.61219 0.762998
    endloop
  endfacet
  facet normal 0.753408 0.278838 0.595505
    outer loop
      vertex 17.0896 9.04714 0.762998
      vertex 16.3134 11.1444 0.762998
      vertex 16.7588 8.87204 1.2635
    endloop
  endfacet
  facet normal 0.64313 0.180046 0.74429
    outer loop
      vertex 16.7588 8.87204 1.2635
      vertex 16.2666 8.61149 1.75183
      vertex 17.3585 6.72989 1.2635
    endloop
  endfacet
  facet normal 0.880391 0.325769 0.344654
    outer loop
      vertex 16.4721 11.2528 0.255152
      vertex 16.3134 11.1444 0.762998
      vertex 17.2557 9.13512 0.255152
    endloop
  endfacet
  facet normal 0.848146 0.397733 0.349939
    outer loop
      vertex 16.4721 11.2528 0.255152
      vertex 15.3802 13.1344 0.762998
      vertex 16.3134 11.1444 0.762998
    endloop
  endfacet
  facet normal 0.621433 0.229951 0.748962
    outer loop
      vertex 15.9977 10.9287 1.2635
      vertex 15.5279 10.6078 1.75183
      vertex 16.2666 8.61149 1.75183
    endloop
  endfacet
  facet normal 0.722898 0.338999 0.602078
    outer loop
      vertex 16.3134 11.1444 0.762998
      vertex 15.3802 13.1344 0.762998
      vertex 15.9977 10.9287 1.2635
    endloop
  endfacet
  facet normal 0.522333 0.370418 0.768088
    outer loop
      vertex 14.0221 14.7076 1.2635
      vertex 12.4499 15.912 1.75183
      vertex 13.6103 14.2757 1.75183
    endloop
  endfacet
  facet normal 0.703144 0.606975 0.370365
    outer loop
      vertex 11.8489 18.4527 0.255152
      vertex 11.7348 18.275 0.762998
      vertex 13.0798 16.7169 0.762998
    endloop
  endfacet
  facet normal 0.864917 0.501915 0
    outer loop
      vertex 15.5298 13.2621 0.255152
      vertex 14.4379 15.1437 0
      vertex 14.4379 15.1437 0.255152
    endloop
  endfacet
  facet normal 0.864917 0.501915 0
    outer loop
      vertex 14.4379 15.1437 0
      vertex 15.5298 13.2621 0.255152
      vertex 15.5298 13.2621 0
    endloop
  endfacet
  facet normal 0.687924 0.725783 -0
    outer loop
      vertex 11.8489 18.4527 0
      vertex 10.3766 19.8482 0.255152
      vertex 11.8489 18.4527 0.255152
    endloop
  endfacet
  facet normal 0.687924 0.725783 0
    outer loop
      vertex 10.3766 19.8482 0.255152
      vertex 11.8489 18.4527 0
      vertex 10.3766 19.8482 0
    endloop
  endfacet
  facet normal 0.636824 0.67189 0.378179
    outer loop
      vertex 11.8489 18.4527 0.255152
      vertex 10.2767 19.657 0.762998
      vertex 11.7348 18.275 0.762998
    endloop
  endfacet
  facet normal 0.46451 0.606336 0.645435
    outer loop
      vertex 10.2767 19.657 0.762998
      vertex 8.71971 20.8498 0.762998
      vertex 10.0778 19.2766 1.2635
    endloop
  endfacet
  facet normal 0.346038 0.365083 0.864276
    outer loop
      vertex 9.78185 18.7105 1.75183
      vertex 9.39169 17.9642 2.22329
      vertex 10.7242 16.7012 2.22329
    endloop
  endfacet
  facet normal 0.317528 0.27411 0.907766
    outer loop
      vertex 11.9534 15.2773 2.22329
      vertex 10.7242 16.7012 2.22329
      vertex 11.3417 14.4955 2.67333
    endloop
  endfacet
  facet normal 0.557247 0.0214241 0.83007
    outer loop
      vertex 17.5221 2.20567 1.75183
      vertex 16.8232 2.11769 2.22329
      vertex 17.6069 0 1.75183
    endloop
  endfacet
  facet normal 0.594078 -0.278607 0.754619
    outer loop
      vertex 15.5279 -10.6078 1.75183
      vertex 15.0825 -12.8802 1.2635
      vertex 15.9977 -10.9287 1.2635
    endloop
  endfacet
  facet normal 0.941986 -0.0362335 0.33369
    outer loop
      vertex 18.6775 0 0.255152
      vertex 18.4976 0 0.762998
      vertex 18.5875 -2.33979 0.255152
    endloop
  endfacet
  facet normal 0.670169 -0.0777812 0.738122
    outer loop
      vertex 18.0522 -2.2724 1.2635
      vertex 17.5221 -2.20567 1.75183
      vertex 17.791 -4.52292 1.2635
    endloop
  endfacet
  facet normal 0.80709 -0.0936726 0.58295
    outer loop
      vertex 18.0522 -2.2724 1.2635
      vertex 17.791 -4.52292 1.2635
      vertex 18.4085 -2.31725 0.762998
    endloop
  endfacet
  facet normal 0.332423 -0.155895 0.930157
    outer loop
      vertex 14.1456 -9.6635 2.67333
      vertex 13.2464 -9.04924 3.09764
      vertex 13.3364 -11.389 2.67333
    endloop
  endfacet
  facet normal 0.346056 -0.365089 0.864266
    outer loop
      vertex 10.7242 -16.7012 2.22329
      vertex 9.78185 -18.7105 1.75183
      vertex 11.1697 -17.395 1.75183
    endloop
  endfacet
  facet normal 0.92395 -0.181097 0.336927
    outer loop
      vertex 18.1422 -4.61219 0.762998
      vertex 17.8732 -6.92945 0.255152
      vertex 18.3186 -4.65704 0.255152
    endloop
  endfacet
  facet normal 0.756959 -0.653462 0
    outer loop
      vertex 11.8489 -18.4527 0.255152
      vertex 13.207 -16.8795 0
      vertex 13.207 -16.8795 0.255152
    endloop
  endfacet
  facet normal 0.756959 -0.653462 0
    outer loop
      vertex 13.207 -16.8795 0
      vertex 11.8489 -18.4527 0.255152
      vertex 11.8489 -18.4527 0
    endloop
  endfacet
  facet normal -0.143972 0.449696 0.881502
    outer loop
      vertex -3.43493 22.0705 1.75183
      vertex -5.111 21.5339 1.75183
      vertex -4.90715 20.675 2.22329
    endloop
  endfacet
  facet normal 0.92395 0.181097 0.336927
    outer loop
      vertex 18.3186 4.65704 0.255152
      vertex 17.8732 6.92945 0.255152
      vertex 18.1422 4.61219 0.762998
    endloop
  endfacet
  facet normal 0.936035 0.10862 0.334724
    outer loop
      vertex 18.3186 4.65704 0.255152
      vertex 18.1422 4.61219 0.762998
      vertex 18.5875 2.33979 0.255152
    endloop
  endfacet
  facet normal 0.942006 -0.0362208 0.333636
    outer loop
      vertex 18.4976 0 0.762998
      vertex 18.4085 -2.31725 0.762998
      vertex 18.5875 -2.33979 0.255152
    endloop
  endfacet
  facet normal 0.941986 0.0362335 0.33369
    outer loop
      vertex 18.5875 2.33979 0.255152
      vertex 18.4976 0 0.762998
      vertex 18.6775 0 0.255152
    endloop
  endfacet
  facet normal 0.54308 0.10644 0.832907
    outer loop
      vertex 16.8487 6.53225 1.75183
      vertex 16.1767 6.2717 2.22329
      vertex 16.5798 4.21499 2.22329
    endloop
  endfacet
  facet normal 0.528884 0.148065 0.835678
    outer loop
      vertex 16.2666 8.61149 1.75183
      vertex 16.1767 6.2717 2.22329
      vertex 16.8487 6.53225 1.75183
    endloop
  endfacet
  facet normal 0.20995 -0.0587791 0.975944
    outer loop
      vertex 12.0174 -4.65914 3.85295
      vertex 10.6599 -4.13284 4.17668
      vertex 11.6022 -6.14217 3.85295
    endloop
  endfacet
  facet normal 0.373718 -0.0732326 0.924647
    outer loop
      vertex 15.7313 -3.9993 2.67333
      vertex 14.3732 -5.5725 3.09764
      vertex 15.3489 -5.95075 2.67333
    endloop
  endfacet
  facet normal 0.380712 -0.0441936 0.923637
    outer loop
      vertex 15.9623 -2.00932 2.67333
      vertex 14.7314 -3.74508 3.09764
      vertex 15.7313 -3.9993 2.67333
    endloop
  endfacet
  facet normal 0.349513 -0.129359 0.927958
    outer loop
      vertex 13.8767 -7.34624 3.09764
      vertex 13.2464 -9.04924 3.09764
      vertex 14.1456 -9.6635 2.67333
    endloop
  endfacet
  facet normal 0.848146 -0.397733 0.349939
    outer loop
      vertex 16.3134 -11.1444 0.762998
      vertex 15.3802 -13.1344 0.762998
      vertex 16.4721 -11.2528 0.255152
    endloop
  endfacet
  facet normal 0.703144 -0.606975 0.370365
    outer loop
      vertex 13.0798 -16.7169 0.762998
      vertex 11.7348 -18.275 0.762998
      vertex 11.8489 -18.4527 0.255152
    endloop
  endfacet
  facet normal 0.300433 -0.392188 0.869441
    outer loop
      vertex 9.39169 -17.9642 2.22329
      vertex 8.29982 -19.8458 1.75183
      vertex 9.78185 -18.7105 1.75183
    endloop
  endfacet
  facet normal 0.372791 -0.486662 0.790055
    outer loop
      vertex 10.0778 -19.2766 1.2635
      vertex 8.29982 -19.8458 1.75183
      vertex 8.55094 -20.4462 1.2635
    endloop
  endfacet
  facet normal 0.312128 -0.181138 0.932612
    outer loop
      vertex 12.4887 -10.6651 3.09764
      vertex 11.6106 -12.1782 3.09764
      vertex 13.3364 -11.389 2.67333
    endloop
  endfacet
  facet normal 0.201715 -0.0746424 0.976596
    outer loop
      vertex 10.2916 -5.44835 4.17668
      vertex 9.82423 -6.71138 4.17668
      vertex 11.0753 -7.56604 3.85295
    endloop
  endfacet
  facet normal -0.16995 -0.896254 0.40969
    outer loop
      vertex -1.81308 -23.5275 0.762998
      vertex -3.64379 -23.4125 0.255152
      vertex -1.83071 -23.7563 0.255152
    endloop
  endfacet
  facet normal 0.311915 -0.682074 0.661426
    outer loop
      vertex 6.94172 -21.419 1.2635
      vertex 5.36957 -22.6233 0.762998
      vertex 7.07872 -21.8417 0.762998
    endloop
  endfacet
  facet normal 0.312665 -0.517215 0.796699
    outer loop
      vertex 8.29982 -19.8458 1.75183
      vertex 6.94172 -21.419 1.2635
      vertex 8.55094 -20.4462 1.2635
    endloop
  endfacet
  facet normal 0.530636 -0.559855 0.636386
    outer loop
      vertex 11.7348 -18.275 0.762998
      vertex 10.0778 -19.2766 1.2635
      vertex 10.2767 -19.657 0.762998
    endloop
  endfacet
  facet normal 0.428038 -0.451567 0.78286
    outer loop
      vertex 11.1697 -17.395 1.75183
      vertex 10.0778 -19.2766 1.2635
      vertex 11.5076 -17.9213 1.2635
    endloop
  endfacet
  facet normal 0.381121 -0.83341 0.400217
    outer loop
      vertex 7.07872 -21.8417 0.762998
      vertex 5.36957 -22.6233 0.762998
      vertex 5.42178 -22.8433 0.255152
    endloop
  endfacet
  facet normal 0.561023 -0.732316 0.385963
    outer loop
      vertex 10.2767 -19.657 0.762998
      vertex 8.71971 -20.8498 0.762998
      vertex 8.8045 -21.0525 0.255152
    endloop
  endfacet
  facet normal 0.165757 -0.117554 0.979135
    outer loop
      vertex 9.70758 -10.1822 3.85295
      vertex 8.61101 -9.03199 4.17668
      vertex 8.87995 -11.3492 3.85295
    endloop
  endfacet
  facet normal 0.243083 -0.0899522 0.965826
    outer loop
      vertex 11.6022 -6.14217 3.85295
      vertex 11.0753 -7.56604 3.85295
      vertex 12.2197 -8.34784 3.49211
    endloop
  endfacet
  facet normal 0.165762 -0.117553 0.979135
    outer loop
      vertex 8.61101 -9.03199 4.17668
      vertex 7.87687 -10.0672 4.17668
      vertex 8.87995 -11.3492 3.85295
    endloop
  endfacet
  facet normal 0.111149 -0.0217837 0.993565
    outer loop
      vertex 6.17879 -1.5708 4.89603
      vertex 6.02857 -2.33728 4.89603
      vertex 7.84165 -1.99354 4.70074
    endloop
  endfacet
  facet normal 0.0990744 -0.0855293 0.991397
    outer loop
      vertex 5.65352 -7.22562 4.70074
      vertex 5.07215 -7.89906 4.70074
      vertex 6.09888 -9.49802 4.46019
    endloop
  endfacet
  facet normal 0.181519 -0.156695 0.970823
    outer loop
      vertex 8.87995 -11.3492 3.85295
      vertex 7.96681 -12.407 3.85295
      vertex 8.79002 -13.689 3.49211
    endloop
  endfacet
  facet normal 0.0329532 -0.0347648 0.998852
    outer loop
      vertex 1.74069 -2.71084 5.14372
      vertex 1.52441 -2.91585 5.14372
      vertex 2.88251 -4.48905 5.04416
    endloop
  endfacet
  facet normal -0.0247802 0.0091705 0.999651
    outer loop
      vertex -2.41987 1.65312 5.14372
      vertex -2.535 1.34202 5.14372
      vertex -0.80922 0.552814 5.19374
    endloop
  endfacet
  facet normal 0.145609 0.0168993 0.989198
    outer loop
      vertex 9.429 2.39709 4.46019
      vertex 7.84165 1.99354 4.70074
      vertex 9.56743 1.20434 4.46019
    endloop
  endfacet
  facet normal 0.267892 0.0103022 0.963394
    outer loop
      vertex 13.7891 1.73576 3.49211
      vertex 12.4977 1.5732 3.85295
      vertex 12.5582 0 3.85295
    endloop
  endfacet
  facet normal 0.18094 -0.0209999 0.98327
    outer loop
      vertex 9.56743 -1.20434 4.46019
      vertex 9.429 -2.39709 4.46019
      vertex 11.0859 -1.39549 4.17668
    endloop
  endfacet
  facet normal 0.113331 0.0131537 0.99347
    outer loop
      vertex 7.84165 1.99354 4.70074
      vertex 6.2695 0.789201 4.89603
      vertex 7.95678 1.00159 4.70074
    endloop
  endfacet
  facet normal 0.0840523 0.00323092 0.996456
    outer loop
      vertex 6.29984 0 4.89603
      vertex 4.52185 0.569207 5.04416
      vertex 4.54373 0 5.04416
    endloop
  endfacet
  facet normal 0.113331 -0.0131537 0.99347
    outer loop
      vertex 7.95678 -1.00159 4.70074
      vertex 6.2695 -0.789201 4.89603
      vertex 7.84165 -1.99354 4.70074
    endloop
  endfacet
  facet normal 0.103614 -0.0383427 0.993878
    outer loop
      vertex 7.38667 -3.91048 4.70074
      vertex 5.82029 -3.08124 4.89603
      vertex 7.05121 -4.817 4.70074
    endloop
  endfacet
  facet normal 0.0983315 -0.0461146 0.994085
    outer loop
      vertex 5.55596 -3.79553 4.89603
      vertex 5.23812 -4.47327 4.89603
      vertex 7.05121 -4.817 4.70074
    endloop
  endfacet
  facet normal 0.0990744 0.0855293 0.991397
    outer loop
      vertex 6.09888 9.49802 4.46019
      vertex 5.07215 7.89906 4.70074
      vertex 5.65352 7.22562 4.70074
    endloop
  endfacet
  facet normal 0.0983314 0.046115 0.994085
    outer loop
      vertex 6.64783 5.67713 4.70074
      vertex 5.23812 4.47327 4.89603
      vertex 7.05121 4.817 4.70074
    endloop
  endfacet
  facet normal 0.115332 0.150553 0.981851
    outer loop
      vertex 6.97694 13.3453 3.85295
      vertex 5.25116 12.5561 4.17668
      vertex 6.18882 11.8378 4.17668
    endloop
  endfacet
  facet normal 0.109408 0.115422 0.987273
    outer loop
      vertex 6.18882 11.8378 4.17668
      vertex 6.09888 9.49802 4.46019
      vertex 7.06687 11.0055 4.17668
    endloop
  endfacet
  facet normal 0.349543 0.129353 0.927948
    outer loop
      vertex 14.1456 9.6635 2.67333
      vertex 13.8767 7.34624 3.09764
      vertex 14.8186 7.8449 2.67333
    endloop
  endfacet
  facet normal 0.363315 0.101698 0.926099
    outer loop
      vertex 15.3489 5.95075 2.67333
      vertex 13.8767 7.34624 3.09764
      vertex 14.3732 5.5725 3.09764
    endloop
  endfacet
  facet normal 0.13352 0.140859 0.980985
    outer loop
      vertex 6.97694 13.3453 3.85295
      vertex 6.18882 11.8378 4.17668
      vertex 7.06687 11.0055 4.17668
    endloop
  endfacet
  facet normal 0.216503 0.125629 0.968165
    outer loop
      vertex 10.7107 11.2343 3.49211
      vertex 9.70758 10.1822 3.85295
      vertex 10.4417 8.91705 3.85295
    endloop
  endfacet
  facet normal 0.320887 -0.01233 0.947037
    outer loop
      vertex 15.02 0 3.09764
      vertex 13.7891 -1.73576 3.49211
      vertex 14.9477 -1.8816 3.09764
    endloop
  endfacet
  facet normal 0.22037 -0.0255723 0.975081
    outer loop
      vertex 12.4977 -1.5732 3.85295
      vertex 11.0859 -1.39549 4.17668
      vertex 12.3169 -3.13125 3.85295
    endloop
  endfacet
  facet normal 0.16553 0.0612551 0.984301
    outer loop
      vertex 10.2916 5.44835 4.17668
      vertex 8.47855 5.79208 4.46019
      vertex 8.88192 4.70205 4.46019
    endloop
  endfacet
  facet normal 0.259893 0.150824 0.953786
    outer loop
      vertex 11.6106 12.1782 3.09764
      vertex 10.7107 11.2343 3.49211
      vertex 12.4887 10.6651 3.09764
    endloop
  endfacet
  facet normal 0.20204 0.263743 0.943196
    outer loop
      vertex 8.91108 17.0449 2.67333
      vertex 7.08037 16.9299 3.09764
      vertex 8.34465 15.9614 3.09764
    endloop
  endfacet
  facet normal 0.282824 0.298389 0.911578
    outer loop
      vertex 10.7242 16.7012 2.22329
      vertex 9.39169 17.9642 2.22329
      vertex 10.1754 15.8465 2.67333
    endloop
  endfacet
  facet normal 0.233472 0.246314 0.940649
    outer loop
      vertex 8.91108 17.0449 2.67333
      vertex 8.34465 15.9614 3.09764
      vertex 10.1754 15.8465 2.67333
    endloop
  endfacet
  facet normal 0.202039 0.263753 0.943194
    outer loop
      vertex 7.56098 18.0791 2.67333
      vertex 7.08037 16.9299 3.09764
      vertex 8.91108 17.0449 2.67333
    endloop
  endfacet
  facet normal 0.0399006 0.210477 0.976784
    outer loop
      vertex 2.70313 17.3685 3.49211
      vertex 1.23091 15.973 3.85295
      vertex 2.44997 15.7419 3.85295
    endloop
  endfacet
  facet normal -0.0580847 0.306403 0.950128
    outer loop
      vertex -1.57215 20.401 2.67333
      vertex -2.93025 18.8278 3.09764
      vertex -1.47221 19.1042 3.09764
    endloop
  endfacet
  facet normal -0.0795772 0.248547 0.965345
    outer loop
      vertex -2.70313 17.3685 3.49211
      vertex -4.36007 18.3701 3.09764
      vertex -4.02212 16.9462 3.49211
    endloop
  endfacet
  facet normal -0.114427 -0.00439904 0.993422
    outer loop
      vertex -6.29984 0 4.89603
      vertex -7.95678 -1.00159 4.70074
      vertex -6.2695 -0.789201 4.89603
    endloop
  endfacet
  facet normal -0.0536416 0.0105135 0.998505
    outer loop
      vertex -2.62571 1.01799 5.14372
      vertex -4.34808 1.68575 5.04416
      vertex -2.69114 0.684154 5.14372
    endloop
  endfacet
  facet normal 0.0474373 0.022247 0.998626
    outer loop
      vertex 3.77797 3.22632 5.04416
      vertex 2.28144 1.94831 5.14372
      vertex 4.00721 2.73751 5.04416
    endloop
  endfacet
  facet normal -0.011038 0.175766 0.98437
    outer loop
      vertex 0 16.0503 3.85295
      vertex -1.23091 15.973 3.85295
      vertex -1.09187 14.1687 4.17668
    endloop
  endfacet
  facet normal -0.346056 0.365089 0.864266
    outer loop
      vertex -9.78185 18.7105 1.75183
      vertex -11.1697 17.395 1.75183
      vertex -10.7242 16.7012 2.22329
    endloop
  endfacet
  facet normal -0.387704 0.334685 0.858878
    outer loop
      vertex -11.1697 17.395 1.75183
      vertex -12.4499 15.912 1.75183
      vertex -10.7242 16.7012 2.22329
    endloop
  endfacet
  facet normal -0.522333 0.370418 0.768088
    outer loop
      vertex -12.4499 15.912 1.75183
      vertex -14.0221 14.7076 1.2635
      vertex -13.6103 14.2757 1.75183
    endloop
  endfacet
  facet normal -0.233472 0.246312 0.940649
    outer loop
      vertex -8.34465 15.9614 3.09764
      vertex -10.1754 15.8465 2.67333
      vertex -9.52857 14.8392 3.09764
    endloop
  endfacet
  facet normal -0.312665 0.517215 0.796699
    outer loop
      vertex -6.94172 21.419 1.2635
      vertex -8.55094 20.4462 1.2635
      vertex -8.29982 19.8458 1.75183
    endloop
  endfacet
  facet normal -0.139663 0.231033 0.96287
    outer loop
      vertex -5.7479 17.7354 3.09764
      vertex -7.08037 16.9299 3.09764
      vertex -5.30238 16.3607 3.49211
    endloop
  endfacet
  facet normal 0.139323 0.18188 0.973401
    outer loop
      vertex 6.53157 15.6177 3.49211
      vertex 5.91987 14.1551 3.85295
      vertex 7.69786 14.7243 3.49211
    endloop
  endfacet
  facet normal -0.0194354 0.309579 0.950675
    outer loop
      vertex 0 20.4997 2.67333
      vertex -1.57215 20.401 2.67333
      vertex 0 19.1967 3.09764
    endloop
  endfacet
  facet normal -0.46451 0.606336 0.645435
    outer loop
      vertex -8.71971 20.8498 0.762998
      vertex -10.2767 19.657 0.762998
      vertex -10.0778 19.2766 1.2635
    endloop
  endfacet
  facet normal -0.0707097 0.372953 0.925152
    outer loop
      vertex -1.65694 21.5013 2.22329
      vertex -3.12916 20.1058 2.67333
      vertex -1.57215 20.401 2.67333
    endloop
  endfacet
  facet normal -0.0365831 0.582417 0.812066
    outer loop
      vertex 0 22.5029 1.75183
      vertex -1.77799 23.0721 1.2635
      vertex -1.72577 22.3945 1.75183
    endloop
  endfacet
  facet normal 0.137955 0.727741 0.671834
    outer loop
      vertex 1.81308 23.5275 0.762998
      vertex 1.77799 23.0721 1.2635
      vertex 3.53886 22.7383 1.2635
    endloop
  endfacet
  facet normal -0.01945 0.309562 0.95068
    outer loop
      vertex 0 19.1967 3.09764
      vertex -1.57215 20.401 2.67333
      vertex -1.47221 19.1042 3.09764
    endloop
  endfacet
  facet normal -0.0236569 0.376905 0.92595
    outer loop
      vertex 0 21.6053 2.22329
      vertex -1.65694 21.5013 2.22329
      vertex -1.57215 20.401 2.67333
    endloop
  endfacet
  facet normal 0.248116 0.542614 0.802501
    outer loop
      vertex 6.94172 21.419 1.2635
      vertex 5.111 21.5339 1.75183
      vertex 6.73786 20.79 1.75183
    endloop
  endfacet
  facet normal 0.227031 0.709177 0.667476
    outer loop
      vertex 5.36957 22.6233 0.762998
      vertex 3.53886 22.7383 1.2635
      vertex 5.26564 22.1855 1.2635
    endloop
  endfacet
  facet normal 0.530636 0.559855 0.636386
    outer loop
      vertex 10.2767 19.657 0.762998
      vertex 10.0778 19.2766 1.2635
      vertex 11.7348 18.275 0.762998
    endloop
  endfacet
  facet normal 0.756959 0.653462 0
    outer loop
      vertex 13.207 16.8795 0.255152
      vertex 11.8489 18.4527 0
      vertex 11.8489 18.4527 0.255152
    endloop
  endfacet
  facet normal 0.756959 0.653462 0
    outer loop
      vertex 11.8489 18.4527 0
      vertex 13.207 16.8795 0.255152
      vertex 13.207 16.8795 0
    endloop
  endfacet
  facet normal 0.282834 0.298392 0.911574
    outer loop
      vertex 9.39169 17.9642 2.22329
      vertex 8.91108 17.0449 2.67333
      vertex 10.1754 15.8465 2.67333
    endloop
  endfacet
  facet normal 0.311929 0.682085 0.661407
    outer loop
      vertex 5.36957 22.6233 0.762998
      vertex 5.26564 22.1855 1.2635
      vertex 6.94172 21.419 1.2635
    endloop
  endfacet
  facet normal 0.317917 0.0369017 0.9474
    outer loop
      vertex 14.7314 3.74508 3.09764
      vertex 13.7891 1.73576 3.49211
      vertex 14.9477 1.8816 3.09764
    endloop
  endfacet
  facet normal 0.380707 0.0441899 0.923639
    outer loop
      vertex 15.9623 2.00932 2.67333
      vertex 14.7314 3.74508 3.09764
      vertex 14.9477 1.8816 3.09764
    endloop
  endfacet
  facet normal 0.457342 0.0530764 0.887705
    outer loop
      vertex 16.5798 4.21499 2.22329
      vertex 15.7313 3.9993 2.67333
      vertex 16.8232 2.11769 2.22329
    endloop
  endfacet
  facet normal 0.552519 0.0641221 0.83103
    outer loop
      vertex 17.5221 2.20567 1.75183
      vertex 16.5798 4.21499 2.22329
      vertex 16.8232 2.11769 2.22329
    endloop
  endfacet
  facet normal 0.457342 -0.0530764 0.887705
    outer loop
      vertex 16.8232 -2.11769 2.22329
      vertex 15.7313 -3.9993 2.67333
      vertex 16.5798 -4.21499 2.22329
    endloop
  endfacet
  facet normal 0.557247 -0.0214241 0.83007
    outer loop
      vertex 17.6069 0 1.75183
      vertex 16.8232 -2.11769 2.22329
      vertex 17.5221 -2.20567 1.75183
    endloop
  endfacet
  facet normal 0.22037 0.0255723 0.975081
    outer loop
      vertex 12.3169 3.13125 3.85295
      vertex 11.0859 1.39549 4.17668
      vertex 12.4977 1.5732 3.85295
    endloop
  endfacet
  facet normal 0.312006 0.0611575 0.94811
    outer loop
      vertex 14.3732 5.5725 3.09764
      vertex 13.5896 3.4548 3.49211
      vertex 14.7314 3.74508 3.09764
    endloop
  endfacet
  facet normal 0.132993 0.290837 0.947484
    outer loop
      vertex 6.13806 18.9393 2.67333
      vertex 4.65603 19.617 2.67333
      vertex 5.7479 17.7354 3.09764
    endloop
  endfacet
  facet normal 0.116892 0.365113 0.923596
    outer loop
      vertex 3.29792 21.1902 2.22329
      vertex 3.12916 20.1058 2.67333
      vertex 4.90715 20.675 2.22329
    endloop
  endfacet
  facet normal 0.143972 0.449696 0.881502
    outer loop
      vertex 3.43493 22.0705 1.75183
      vertex 3.29792 21.1902 2.22329
      vertex 4.90715 20.675 2.22329
    endloop
  endfacet
  facet normal 0.0871599 0.459748 0.883762
    outer loop
      vertex 3.43493 22.0705 1.75183
      vertex 1.65694 21.5013 2.22329
      vertex 3.29792 21.1902 2.22329
    endloop
  endfacet
  facet normal 0.0462746 0.737238 0.674047
    outer loop
      vertex 1.81308 23.5275 0.762998
      vertex 0 23.1837 1.2635
      vertex 1.77799 23.0721 1.2635
    endloop
  endfacet
  facet normal 0.169918 0.89632 0.409559
    outer loop
      vertex 3.64379 23.4125 0.255152
      vertex 1.81308 23.5275 0.762998
      vertex 3.6087 23.1871 0.762998
    endloop
  endfacet
  facet normal 0.143972 0.449696 0.881502
    outer loop
      vertex 5.111 21.5339 1.75183
      vertex 3.43493 22.0705 1.75183
      vertex 4.90715 20.675 2.22329
    endloop
  endfacet
  facet normal 0.179982 0.562208 0.807173
    outer loop
      vertex 5.26564 22.1855 1.2635
      vertex 3.53886 22.7383 1.2635
      vertex 5.111 21.5339 1.75183
    endloop
  endfacet
  facet normal -0.0626393 0.998036 0
    outer loop
      vertex 0 23.8712 0
      vertex -1.83071 23.7563 0.255152
      vertex 0 23.8712 0.255152
    endloop
  endfacet
  facet normal -0.0626393 0.998036 0
    outer loop
      vertex -1.83071 23.7563 0.255152
      vertex 0 23.8712 0
      vertex -1.83071 23.7563 0
    endloop
  endfacet
  facet normal -0.304894 0.952386 0
    outer loop
      vertex -3.64379 23.4125 0
      vertex -5.42178 22.8433 0.255152
      vertex -3.64379 23.4125 0.255152
    endloop
  endfacet
  facet normal -0.304894 0.952386 0
    outer loop
      vertex -5.42178 22.8433 0.255152
      vertex -3.64379 23.4125 0
      vertex -5.42178 22.8433 0
    endloop
  endfacet
  facet normal -0.177479 0.0347841 0.98351
    outer loop
      vertex -9.19976 3.56674 4.46019
      vertex -10.6599 4.13284 4.17668
      vertex -9.429 2.39709 4.46019
    endloop
  endfacet
  facet normal -0.114428 -0.00439847 0.993422
    outer loop
      vertex -6.29984 0 4.89603
      vertex -7.99528 0 4.70074
      vertex -7.95678 -1.00159 4.70074
    endloop
  endfacet
  facet normal -0.260376 0.0510394 0.964157
    outer loop
      vertex -12.0174 4.65914 3.85295
      vertex -13.2592 5.14057 3.49211
      vertex -12.3169 3.13125 3.85295
    endloop
  endfacet
  facet normal -0.317917 0.0369017 0.9474
    outer loop
      vertex -14.7314 3.74508 3.09764
      vertex -14.9477 1.8816 3.09764
      vertex -13.7891 1.73576 3.49211
    endloop
  endfacet
  facet normal -0.317927 0.0368965 0.947397
    outer loop
      vertex -13.5896 3.4548 3.49211
      vertex -14.7314 3.74508 3.09764
      vertex -13.7891 1.73576 3.49211
    endloop
  endfacet
  facet normal -0.220366 0.0255755 0.975082
    outer loop
      vertex -10.9255 2.77754 4.17668
      vertex -12.3169 3.13125 3.85295
      vertex -11.0859 1.39549 4.17668
    endloop
  endfacet
  facet normal -0.0552306 0.00212303 0.998471
    outer loop
      vertex -4.52185 0.569207 5.04416
      vertex -4.54373 0 5.04416
      vertex -2.73065 0.343732 5.14372
    endloop
  endfacet
  facet normal 0.0360205 -0.0595892 0.997573
    outer loop
      vertex 2.1419 -5.12152 5.04416
      vertex 1.73881 -5.36518 5.04416
      vertex 2.41084 -7.43877 4.89603
    endloop
  endfacet
  facet normal -0.0590087 0.07703 0.995281
    outer loop
      vertex -2.96972 7.10094 4.89603
      vertex -4.44194 8.49643 4.70074
      vertex -3.5 6.69472 4.89603
    endloop
  endfacet
  facet normal -0.0236535 0.0391309 0.998954
    outer loop
      vertex -1.05003 3.23991 5.14372
      vertex -1.73881 5.36518 5.04416
      vertex -1.29345 3.09277 5.14372
    endloop
  endfacet
  facet normal -0.0676256 0.0392422 0.996939
    outer loop
      vertex -3.51235 3.68406 5.04416
      vertex -5.23812 4.47327 4.89603
      vertex -3.77797 3.22632 5.04416
    endloop
  endfacet
  facet normal -0.0474378 0.022246 0.998626
    outer loop
      vertex -2.28144 1.94831 5.14372
      vertex -4.00721 2.73751 5.04416
      vertex -2.41987 1.65312 5.14372
    endloop
  endfacet
  facet normal -0.0236538 -0.0391309 0.998954
    outer loop
      vertex -1.29345 -3.09277 5.14372
      vertex -2.1419 -5.12152 5.04416
      vertex -1.73881 -5.36518 5.04416
    endloop
  endfacet
  facet normal 0.00666131 -0.0208076 0.999761
    outer loop
      vertex 0.7965 -3.35585 5.14372
      vertex 0.179008 -1.15018 5.19374
      vertex 0.5353 -3.43947 5.14372
    endloop
  endfacet
  facet normal -0.0273785 -0.0010523 0.999625
    outer loop
      vertex -0.917565 0 5.19374
      vertex -2.73065 -0.343732 5.14372
      vertex -0.913147 -0.114946 5.19374
    endloop
  endfacet
  facet normal -0.0273785 -0.00105219 0.999625
    outer loop
      vertex -0.917565 0 5.19374
      vertex -2.74386 0 5.14372
      vertex -2.73065 -0.343732 5.14372
    endloop
  endfacet
  facet normal 0.0552306 0.00212303 0.998471
    outer loop
      vertex 4.52185 0.569207 5.04416
      vertex 2.73065 0.343732 5.14372
      vertex 4.54373 0 5.04416
    endloop
  endfacet
  facet normal 0.0832451 0.00966206 0.996482
    outer loop
      vertex 6.2695 0.789201 4.89603
      vertex 4.45642 1.13293 5.04416
      vertex 4.52185 0.569207 5.04416
    endloop
  endfacet
  facet normal -0.0284414 -0.0371265 0.998906
    outer loop
      vertex -1.52441 -2.91585 5.14372
      vertex -2.52436 -4.82853 5.04416
      vertex -2.1419 -5.12152 5.04416
    endloop
  endfacet
  facet normal -0.0279054 -0.0871621 0.995803
    outer loop
      vertex -1.22904 -7.89696 4.89603
      vertex -1.82875 -7.70496 4.89603
      vertex -1.5598 -10.0222 4.70074
    endloop
  endfacet
  facet normal -0.0849846 -0.0602668 0.994558
    outer loop
      vertex -4.45466 -5.69339 4.89603
      vertex -6.18044 -6.48259 4.70074
      vertex -5.65352 -7.22562 4.70074
    endloop
  endfacet
  facet normal -0.135911 -0.096381 0.986022
    outer loop
      vertex -7.43151 -7.79482 4.46019
      vertex -8.61101 -9.03199 4.17668
      vertex -6.79793 -8.68826 4.46019
    endloop
  endfacet
  facet normal -0.0184104 -0.0158925 0.999704
    outer loop
      vertex -0.582097 -0.906523 5.19374
      vertex -1.9402 -2.47972 5.14372
      vertex -1.74069 -2.71084 5.14372
    endloop
  endfacet
  facet normal -0.0770445 -0.0665113 0.994807
    outer loop
      vertex -3.99658 -6.22402 4.89603
      vertex -5.65352 -7.22562 4.70074
      vertex -5.07215 -7.89906 4.70074
    endloop
  endfacet
  facet normal 0.147238 -0.0854406 0.985404
    outer loop
      vertex 7.99352 -6.82632 4.46019
      vertex 7.43151 -7.79482 4.46019
      vertex 8.61101 -9.03199 4.17668
    endloop
  endfacet
  facet normal 0.1184 -0.0687064 0.990586
    outer loop
      vertex 7.99352 -6.82632 4.46019
      vertex 6.18044 -6.48259 4.70074
      vertex 7.43151 -7.79482 4.46019
    endloop
  endfacet
  facet normal -0.201713 -0.0746433 0.976596
    outer loop
      vertex -10.2916 -5.44835 4.17668
      vertex -11.6022 -6.14217 3.85295
      vertex -11.0753 -7.56604 3.85295
    endloop
  endfacet
  facet normal -0.16553 -0.0612524 0.984301
    outer loop
      vertex -8.47855 -5.79208 4.46019
      vertex -10.2916 -5.44835 4.17668
      vertex -9.82423 -6.71138 4.17668
    endloop
  endfacet
  facet normal -0.177482 0.0347814 0.983509
    outer loop
      vertex -10.6599 4.13284 4.17668
      vertex -10.9255 2.77754 4.17668
      vertex -9.429 2.39709 4.46019
    endloop
  endfacet
  facet normal -0.177482 -0.0347814 0.983509
    outer loop
      vertex -9.429 -2.39709 4.46019
      vertex -10.9255 -2.77754 4.17668
      vertex -10.6599 -4.13284 4.17668
    endloop
  endfacet
  facet normal 0.139663 -0.231033 0.96287
    outer loop
      vertex 7.08037 -16.9299 3.09764
      vertex 5.30238 -16.3607 3.49211
      vertex 5.7479 -17.7354 3.09764
    endloop
  endfacet
  facet normal 0.167646 -0.218853 0.961248
    outer loop
      vertex 7.69786 -14.7243 3.49211
      vertex 6.53157 -15.6177 3.49211
      vertex 7.08037 -16.9299 3.09764
    endloop
  endfacet
  facet normal 0.282834 -0.298392 0.911574
    outer loop
      vertex 10.1754 -15.8465 2.67333
      vertex 8.91108 -17.0449 2.67333
      vertex 9.39169 -17.9642 2.22329
    endloop
  endfacet
  facet normal -0.0133361 -0.21258 0.977053
    outer loop
      vertex -1.23091 -15.973 3.85295
      vertex -1.3581 -17.6235 3.49211
      vertex 0 -17.7087 3.49211
    endloop
  endfacet
  facet normal 0.139327 -0.18187 0.973402
    outer loop
      vertex 6.97694 -13.3453 3.85295
      vertex 5.91987 -14.1551 3.85295
      vertex 7.69786 -14.7243 3.49211
    endloop
  endfacet
  facet normal 0.123264 -0.106409 0.986653
    outer loop
      vertex 7.87687 -10.0672 4.17668
      vertex 6.79793 -8.68826 4.46019
      vertex 7.06687 -11.0055 4.17668
    endloop
  endfacet
  facet normal 0.0631484 -0.104468 0.992521
    outer loop
      vertex 3.76895 -9.01197 4.70074
      vertex 3.05966 -9.44072 4.70074
      vertex 4.53188 -10.8362 4.46019
    endloop
  endfacet
  facet normal 0.0279014 -0.0871617 0.995803
    outer loop
      vertex 1.82875 -7.70496 4.89603
      vertex 1.5598 -10.0222 4.70074
      vertex 2.32091 -9.77856 4.70074
    endloop
  endfacet
  facet normal 0.0960777 -0.300139 0.949044
    outer loop
      vertex 4.36007 -18.3701 3.09764
      vertex 2.93025 -18.8278 3.09764
      vertex 3.12916 -20.1058 2.67333
    endloop
  endfacet
  facet normal 0.01945 -0.309562 0.95068
    outer loop
      vertex 1.47221 -19.1042 3.09764
      vertex 0 -19.1967 3.09764
      vertex 1.57215 -20.401 2.67333
    endloop
  endfacet
  facet normal -0.0160982 -0.256216 0.966485
    outer loop
      vertex 0 -17.7087 3.49211
      vertex -1.47221 -19.1042 3.09764
      vertex 0 -19.1967 3.09764
    endloop
  endfacet
  facet normal 0.0580936 -0.30641 0.950125
    outer loop
      vertex 2.93025 -18.8278 3.09764
      vertex 1.57215 -20.401 2.67333
      vertex 3.12916 -20.1058 2.67333
    endloop
  endfacet
  facet normal -0.332453 0.155892 0.930147
    outer loop
      vertex -12.4887 10.6651 3.09764
      vertex -13.3364 11.389 2.67333
      vertex -13.2464 9.04924 3.09764
    endloop
  endfacet
  facet normal -0.312016 0.0611531 0.948107
    outer loop
      vertex -13.2592 5.14057 3.49211
      vertex -14.3732 5.5725 3.09764
      vertex -13.5896 3.4548 3.49211
    endloop
  endfacet
  facet normal -0.58957 0.508935 0.62721
    outer loop
      vertex -11.7348 18.275 0.762998
      vertex -13.0798 16.7169 0.762998
      vertex -12.8266 16.3934 1.2635
    endloop
  endfacet
  facet normal -0.880451 0.325856 0.344419
    outer loop
      vertex -16.3134 11.1444 0.762998
      vertex -17.2557 9.13512 0.255152
      vertex -17.0896 9.04714 0.762998
    endloop
  endfacet
  facet normal -0.528874 0.148067 0.835684
    outer loop
      vertex -15.6178 8.26801 2.22329
      vertex -16.2666 8.61149 1.75183
      vertex -16.1767 6.2717 2.22329
    endloop
  endfacet
  facet normal -0.437014 0.122349 0.891095
    outer loop
      vertex -15.6178 8.26801 2.22329
      vertex -16.1767 6.2717 2.22329
      vertex -15.3489 5.95075 2.67333
    endloop
  endfacet
  facet normal -0.722898 0.338999 0.602078
    outer loop
      vertex -15.3802 13.1344 0.762998
      vertex -16.3134 11.1444 0.762998
      vertex -15.9977 10.9287 1.2635
    endloop
  endfacet
  facet normal -0.905569 0.253523 0.340103
    outer loop
      vertex -17.2557 9.13512 0.255152
      vertex -17.8732 6.92945 0.255152
      vertex -17.0896 9.04714 0.762998
    endloop
  endfacet
  facet normal -0.92395 0.181097 0.336927
    outer loop
      vertex -17.8732 6.92945 0.255152
      vertex -18.3186 4.65704 0.255152
      vertex -18.1422 4.61219 0.762998
    endloop
  endfacet
  facet normal -0.807051 0.0936486 0.583008
    outer loop
      vertex -18.1422 4.61219 0.762998
      vertex -18.4085 2.31725 0.762998
      vertex -17.791 4.52292 1.2635
    endloop
  endfacet
  facet normal -0.795292 0.155853 0.585851
    outer loop
      vertex -17.3585 6.72989 1.2635
      vertex -18.1422 4.61219 0.762998
      vertex -17.791 4.52292 1.2635
    endloop
  endfacet
  facet normal -0.812934 0.0312579 0.581517
    outer loop
      vertex -18.4085 2.31725 0.762998
      vertex -18.4976 0 0.762998
      vertex -18.0522 2.2724 1.2635
    endloop
  endfacet
  facet normal -0.812952 0.0312674 0.58149
    outer loop
      vertex -18.0522 2.2724 1.2635
      vertex -18.4976 0 0.762998
      vertex -18.1396 0 1.2635
    endloop
  endfacet
  facet normal -0.557238 0.0214192 0.830077
    outer loop
      vertex -16.8232 2.11769 2.22329
      vertex -17.6069 0 1.75183
      vertex -16.9046 0 2.22329
    endloop
  endfacet
  facet normal -0.557238 -0.0214192 0.830077
    outer loop
      vertex -16.9046 0 2.22329
      vertex -17.6069 0 1.75183
      vertex -16.8232 -2.11769 2.22329
    endloop
  endfacet
  facet normal -0.777524 -0.217657 0.589985
    outer loop
      vertex -17.3585 -6.72989 1.2635
      vertex -17.7011 -6.86271 0.762998
      vertex -17.0896 -9.04714 0.762998
    endloop
  endfacet
  facet normal -0.675536 -0.0259821 0.736869
    outer loop
      vertex -17.5221 -2.20567 1.75183
      vertex -18.1396 0 1.2635
      vertex -18.0522 -2.2724 1.2635
    endloop
  endfacet
  facet normal -0.543048 0.106447 0.832927
    outer loop
      vertex -16.8487 6.53225 1.75183
      vertex -17.2686 4.3901 1.75183
      vertex -16.5798 4.21499 2.22329
    endloop
  endfacet
  facet normal -0.54308 0.10644 0.832907
    outer loop
      vertex -16.1767 6.2717 2.22329
      vertex -16.8487 6.53225 1.75183
      vertex -16.5798 4.21499 2.22329
    endloop
  endfacet
  facet normal -0.999261 -0.0384366 0
    outer loop
      vertex -18.5875 -2.33979 0
      vertex -18.6775 0 0.255152
      vertex -18.6775 0 0
    endloop
  endfacet
  facet normal -0.999261 -0.0384366 0
    outer loop
      vertex -18.6775 0 0.255152
      vertex -18.5875 -2.33979 0
      vertex -18.5875 -2.33979 0.255152
    endloop
  endfacet
  facet normal -0.880391 0.325769 0.344654
    outer loop
      vertex -16.4721 11.2528 0.255152
      vertex -17.2557 9.13512 0.255152
      vertex -16.3134 11.1444 0.762998
    endloop
  endfacet
  facet normal -0.202039 0.263753 0.943194
    outer loop
      vertex -7.56098 18.0791 2.67333
      vertex -8.91108 17.0449 2.67333
      vertex -7.08037 16.9299 3.09764
    endloop
  endfacet
  facet normal -0.372791 0.486662 0.790055
    outer loop
      vertex -8.55094 20.4462 1.2635
      vertex -10.0778 19.2766 1.2635
      vertex -8.29982 19.8458 1.75183
    endloop
  endfacet
  facet normal -0.517317 0.855794 0
    outer loop
      vertex -7.14756 22.0541 0
      vertex -8.8045 21.0525 0.255152
      vertex -7.14756 22.0541 0.255152
    endloop
  endfacet
  facet normal -0.517317 0.855794 0
    outer loop
      vertex -8.8045 21.0525 0.255152
      vertex -7.14756 22.0541 0
      vertex -8.8045 21.0525 0
    endloop
  endfacet
  facet normal -0.530617 0.559784 0.636465
    outer loop
      vertex -10.0778 19.2766 1.2635
      vertex -11.7348 18.275 0.762998
      vertex -11.5076 17.9213 1.2635
    endloop
  endfacet
  facet normal -0.848161 -0.397762 0.349868
    outer loop
      vertex -15.3802 -13.1344 0.762998
      vertex -16.4721 -11.2528 0.255152
      vertex -15.5298 -13.2621 0.255152
    endloop
  endfacet
  facet normal -0.703144 -0.606975 0.370365
    outer loop
      vertex -11.7348 -18.275 0.762998
      vertex -13.0798 -16.7169 0.762998
      vertex -11.8489 -18.4527 0.255152
    endloop
  endfacet
  facet normal -0.848146 -0.397733 0.349939
    outer loop
      vertex -16.3134 -11.1444 0.762998
      vertex -16.4721 -11.2528 0.255152
      vertex -15.3802 -13.1344 0.762998
    endloop
  endfacet
  facet normal -0.64313 -0.180046 0.74429
    outer loop
      vertex -16.2666 -8.61149 1.75183
      vertex -17.3585 -6.72989 1.2635
      vertex -16.7588 -8.87204 1.2635
    endloop
  endfacet
  facet normal -0.24307 -0.0899562 0.965828
    outer loop
      vertex -11.6022 -6.14217 3.85295
      vertex -12.8011 -6.77684 3.49211
      vertex -12.2197 -8.34784 3.49211
    endloop
  endfacet
  facet normal -0.303171 -0.0848626 0.94915
    outer loop
      vertex -12.8011 -6.77684 3.49211
      vertex -14.3732 -5.5725 3.09764
      vertex -13.8767 -7.34624 3.09764
    endloop
  endfacet
  facet normal -0.260386 -0.051034 0.964155
    outer loop
      vertex -12.3169 -3.13125 3.85295
      vertex -13.5896 -3.4548 3.49211
      vertex -13.2592 -5.14057 3.49211
    endloop
  endfacet
  facet normal -0.312016 -0.0611531 0.948107
    outer loop
      vertex -13.5896 -3.4548 3.49211
      vertex -14.3732 -5.5725 3.09764
      vertex -13.2592 -5.14057 3.49211
    endloop
  endfacet
  facet normal -0.348868 -0.247386 0.903931
    outer loop
      vertex -12.3987 -13.0049 2.67333
      vertex -13.0674 -13.7063 2.22329
      vertex -11.3417 -14.4955 2.67333
    endloop
  endfacet
  facet normal -0.179527 -0.104173 0.978222
    outer loop
      vertex -9.26222 -7.90977 4.17668
      vertex -10.4417 -8.91705 3.85295
      vertex -9.70758 -10.1822 3.85295
    endloop
  endfacet
  facet normal -0.348867 -0.247383 0.903932
    outer loop
      vertex -11.3417 -14.4955 2.67333
      vertex -13.0674 -13.7063 2.22329
      vertex -11.9534 -15.2773 2.22329
    endloop
  endfacet
  facet normal -0.259893 -0.150824 0.953786
    outer loop
      vertex -10.7107 -11.2343 3.49211
      vertex -12.4887 -10.6651 3.09764
      vertex -11.6106 -12.1782 3.09764
    endloop
  endfacet
  facet normal -0.135911 -0.0963838 0.986022
    outer loop
      vertex -6.79793 -8.68826 4.46019
      vertex -8.61101 -9.03199 4.17668
      vertex -7.87687 -10.0672 4.17668
    endloop
  endfacet
  facet normal -0.147238 -0.0854405 0.985404
    outer loop
      vertex -7.99352 -6.82632 4.46019
      vertex -9.26222 -7.90977 4.17668
      vertex -8.61101 -9.03199 4.17668
    endloop
  endfacet
  facet normal -0.636824 -0.67189 0.378179
    outer loop
      vertex -11.7348 -18.275 0.762998
      vertex -11.8489 -18.4527 0.255152
      vertex -10.2767 -19.657 0.762998
    endloop
  endfacet
  facet normal -0.425081 -0.301451 0.853483
    outer loop
      vertex -11.9534 -15.2773 2.22329
      vertex -13.6103 -14.2757 1.75183
      vertex -12.4499 -15.912 1.75183
    endloop
  endfacet
  facet normal -0.457999 -0.265767 0.848295
    outer loop
      vertex -14.0557 -12.0033 2.22329
      vertex -14.6396 -12.5019 1.75183
      vertex -13.6103 -14.2757 1.75183
    endloop
  endfacet
  facet normal -0.363334 -0.101722 0.926089
    outer loop
      vertex -13.8767 -7.34624 3.09764
      vertex -15.3489 -5.95075 2.67333
      vertex -14.8186 -7.8449 2.67333
    endloop
  endfacet
  facet normal -0.420803 -0.155725 0.893686
    outer loop
      vertex -14.8186 -7.8449 2.67333
      vertex -14.9085 -10.1847 2.22329
      vertex -14.1456 -9.6635 2.67333
    endloop
  endfacet
  facet normal -0.420803 -0.155725 0.893686
    outer loop
      vertex -14.8186 -7.8449 2.67333
      vertex -15.6178 -8.26801 2.22329
      vertex -14.9085 -10.1847 2.22329
    endloop
  endfacet
  facet normal -0.659425 -0.129228 0.74058
    outer loop
      vertex -17.2686 -4.3901 1.75183
      vertex -17.791 -4.52292 1.2635
      vertex -17.3585 -6.72989 1.2635
    endloop
  endfacet
  facet normal -0.777494 -0.217661 0.590023
    outer loop
      vertex -16.7588 -8.87204 1.2635
      vertex -17.3585 -6.72989 1.2635
      vertex -17.0896 -9.04714 0.762998
    endloop
  endfacet
  facet normal 0.198863 -0.434854 0.878269
    outer loop
      vertex 6.46911 -19.9607 2.22329
      vertex 4.90715 -20.675 2.22329
      vertex 6.73786 -20.79 1.75183
    endloop
  endfacet
  facet normal 0.2512 -0.415571 0.874185
    outer loop
      vertex 7.96877 -19.0542 2.22329
      vertex 6.46911 -19.9607 2.22329
      vertex 6.73786 -20.79 1.75183
    endloop
  endfacet
  facet normal -0.0462737 -0.73724 0.674045
    outer loop
      vertex 0 -23.1837 1.2635
      vertex -1.81308 -23.5275 0.762998
      vertex 0 -23.6413 0.762998
    endloop
  endfacet
  facet normal -0.137955 -0.727741 0.671834
    outer loop
      vertex -1.77799 -23.0721 1.2635
      vertex -3.53886 -22.7383 1.2635
      vertex -1.81308 -23.5275 0.762998
    endloop
  endfacet
  facet normal -0.143972 -0.449696 0.881502
    outer loop
      vertex -3.29792 -21.1902 2.22329
      vertex -4.90715 -20.675 2.22329
      vertex -3.43493 -22.0705 1.75183
    endloop
  endfacet
  facet normal -0.0707041 -0.372948 0.925155
    outer loop
      vertex -3.12916 -20.1058 2.67333
      vertex -3.29792 -21.1902 2.22329
      vertex -1.65694 -21.5013 2.22329
    endloop
  endfacet
  facet normal -0.116888 -0.365123 0.923592
    outer loop
      vertex -4.65603 -19.617 2.67333
      vertex -4.90715 -20.675 2.22329
      vertex -3.12916 -20.1058 2.67333
    endloop
  endfacet
  facet normal -0.179998 -0.562223 0.807159
    outer loop
      vertex -3.43493 -22.0705 1.75183
      vertex -5.111 -21.5339 1.75183
      vertex -3.53886 -22.7383 1.2635
    endloop
  endfacet
  facet normal -0.0291742 -0.464806 0.884932
    outer loop
      vertex 0 -21.6053 2.22329
      vertex -1.65694 -21.5013 2.22329
      vertex 0 -22.5029 1.75183
    endloop
  endfacet
  facet normal -0.0365598 -0.582463 0.812035
    outer loop
      vertex 0 -22.5029 1.75183
      vertex -1.77799 -23.0721 1.2635
      vertex 0 -23.1837 1.2635
    endloop
  endfacet
  facet normal -0.0236626 -0.376911 0.925947
    outer loop
      vertex 0 -20.4997 2.67333
      vertex -1.57215 -20.401 2.67333
      vertex 0 -21.6053 2.22329
    endloop
  endfacet
  facet normal -0.0160751 -0.256239 0.96648
    outer loop
      vertex -1.3581 -17.6235 3.49211
      vertex -1.47221 -19.1042 3.09764
      vertex 0 -17.7087 3.49211
    endloop
  endfacet
  facet normal -0.0580847 -0.306403 0.950128
    outer loop
      vertex -1.47221 -19.1042 3.09764
      vertex -2.93025 -18.8278 3.09764
      vertex -1.57215 -20.401 2.67333
    endloop
  endfacet
  facet normal 0.0447034 -0.139672 0.989188
    outer loop
      vertex 3.23365 -13.6242 4.17668
      vertex 1.87554 -12.051 4.46019
      vertex 2.17322 -13.9636 4.17668
    endloop
  endfacet
  facet normal -0.216503 -0.125629 0.968165
    outer loop
      vertex -10.4417 -8.91705 3.85295
      vertex -10.7107 -11.2343 3.49211
      vertex -9.70758 -10.1822 3.85295
    endloop
  endfacet
  facet normal -0.202039 -0.263753 0.943194
    outer loop
      vertex -7.08037 -16.9299 3.09764
      vertex -8.91108 -17.0449 2.67333
      vertex -7.56098 -18.0791 2.67333
    endloop
  endfacet
  facet normal -0.20204 -0.263743 0.943196
    outer loop
      vertex -8.34465 -15.9614 3.09764
      vertex -8.91108 -17.0449 2.67333
      vertex -7.08037 -16.9299 3.09764
    endloop
  endfacet
  facet normal -0.0960859 -0.300145 0.949042
    outer loop
      vertex -4.36007 -18.3701 3.09764
      vertex -4.65603 -19.617 2.67333
      vertex -3.12916 -20.1058 2.67333
    endloop
  endfacet
  facet normal -0.517317 -0.855794 0
    outer loop
      vertex -8.8045 -21.0525 0
      vertex -7.14756 -22.0541 0.255152
      vertex -8.8045 -21.0525 0.255152
    endloop
  endfacet
  facet normal -0.517317 -0.855794 -0
    outer loop
      vertex -7.14756 -22.0541 0.255152
      vertex -8.8045 -21.0525 0
      vertex -7.14756 -22.0541 0
    endloop
  endfacet
  facet normal -0.561023 -0.732316 0.385963
    outer loop
      vertex -8.71971 -20.8498 0.762998
      vertex -10.2767 -19.657 0.762998
      vertex -8.8045 -21.0525 0.255152
    endloop
  endfacet
  facet normal -0.475575 -0.786788 0.393438
    outer loop
      vertex -8.71971 -20.8498 0.762998
      vertex -8.8045 -21.0525 0.255152
      vertex -7.07872 -21.8417 0.762998
    endloop
  endfacet
  facet normal 0.0570832 -0.90951 0.411744
    outer loop
      vertex 1.81308 -23.5275 0.762998
      vertex 0 -23.8712 0.255152
      vertex 1.83071 -23.7563 0.255152
    endloop
  endfacet
  facet normal -0.132993 -0.290837 0.947484
    outer loop
      vertex -5.7479 -17.7354 3.09764
      vertex -6.13806 -18.9393 2.67333
      vertex -4.65603 -19.617 2.67333
    endloop
  endfacet
  facet normal -0.312665 -0.517215 0.796699
    outer loop
      vertex -8.29982 -19.8458 1.75183
      vertex -8.55094 -20.4462 1.2635
      vertex -6.94172 -21.419 1.2635
    endloop
  endfacet
  facet normal -0.670191 -0.0777747 0.738103
    outer loop
      vertex -17.5221 -2.20567 1.75183
      vertex -17.791 -4.52292 1.2635
      vertex -17.2686 -4.3901 1.75183
    endloop
  endfacet
  facet normal -0.936029 -0.108615 0.334742
    outer loop
      vertex -18.4085 -2.31725 0.762998
      vertex -18.5875 -2.33979 0.255152
      vertex -18.1422 -4.61219 0.762998
    endloop
  endfacet
  facet normal -0.461432 -0.0177287 0.886998
    outer loop
      vertex -16.0395 0 2.67333
      vertex -16.9046 0 2.22329
      vertex -15.9623 -2.00932 2.67333
    endloop
  endfacet
  facet normal -0.461446 -0.0177371 0.886991
    outer loop
      vertex -15.9623 -2.00932 2.67333
      vertex -16.9046 0 2.22329
      vertex -16.8232 -2.11769 2.22329
    endloop
  endfacet
  facet normal 0.808243 0.469027 0.356029
    outer loop
      vertex 15.5298 13.2621 0.255152
      vertex 14.4379 15.1437 0.255152
      vertex 15.3802 13.1344 0.762998
    endloop
  endfacet
  facet normal 0.905546 0.253495 0.340187
    outer loop
      vertex 17.8732 6.92945 0.255152
      vertex 17.0896 9.04714 0.762998
      vertex 17.7011 6.86271 0.762998
    endloop
  endfacet
  facet normal 0.981328 0.192344 0
    outer loop
      vertex 18.3186 4.65704 0.255152
      vertex 17.8732 6.92945 0
      vertex 17.8732 6.92945 0.255152
    endloop
  endfacet
  facet normal 0.981328 0.192344 0
    outer loop
      vertex 17.8732 6.92945 0
      vertex 18.3186 4.65704 0.255152
      vertex 18.3186 4.65704 0
    endloop
  endfacet
  facet normal 0.594078 0.278607 0.754619
    outer loop
      vertex 15.9977 10.9287 1.2635
      vertex 15.0825 12.8802 1.2635
      vertex 15.5279 10.6078 1.75183
    endloop
  endfacet
  facet normal 0.348867 0.247383 0.903932
    outer loop
      vertex 11.9534 15.2773 2.22329
      vertex 11.3417 14.4955 2.67333
      vertex 13.0674 13.7063 2.22329
    endloop
  endfacet
  facet normal 0.425065 0.301414 0.853504
    outer loop
      vertex 13.6103 14.2757 1.75183
      vertex 11.9534 15.2773 2.22329
      vertex 13.0674 13.7063 2.22329
    endloop
  endfacet
  facet normal 0.594065 0.278606 0.754629
    outer loop
      vertex 15.0825 12.8802 1.2635
      vertex 14.6396 12.5019 1.75183
      vertex 15.5279 10.6078 1.75183
    endloop
  endfacet
  facet normal 0.522332 0.370416 0.768089
    outer loop
      vertex 12.8266 16.3934 1.2635
      vertex 12.4499 15.912 1.75183
      vertex 14.0221 14.7076 1.2635
    endloop
  endfacet
  facet normal 0.477954 0.412606 0.775446
    outer loop
      vertex 12.8266 16.3934 1.2635
      vertex 11.5076 17.9213 1.2635
      vertex 12.4499 15.912 1.75183
    endloop
  endfacet
  facet normal 0.561052 0.325566 0.76107
    outer loop
      vertex 14.0221 14.7076 1.2635
      vertex 13.6103 14.2757 1.75183
      vertex 15.0825 12.8802 1.2635
    endloop
  endfacet
  facet normal 0.685516 0.39779 0.60978
    outer loop
      vertex 15.3802 13.1344 0.762998
      vertex 14.0221 14.7076 1.2635
      vertex 15.0825 12.8802 1.2635
    endloop
  endfacet
  facet normal 0.348868 0.247386 0.903931
    outer loop
      vertex 13.0674 13.7063 2.22329
      vertex 11.3417 14.4955 2.67333
      vertex 12.3987 13.0049 2.67333
    endloop
  endfacet
  facet normal 0.312123 0.181123 0.932617
    outer loop
      vertex 12.3987 13.0049 2.67333
      vertex 11.6106 12.1782 3.09764
      vertex 13.3364 11.389 2.67333
    endloop
  endfacet
  facet normal 0.317517 0.274108 0.907771
    outer loop
      vertex 10.7242 16.7012 2.22329
      vertex 10.1754 15.8465 2.67333
      vertex 11.3417 14.4955 2.67333
    endloop
  endfacet
  facet normal 0.288751 0.204757 0.935253
    outer loop
      vertex 12.3987 13.0049 2.67333
      vertex 11.3417 14.4955 2.67333
      vertex 11.6106 12.1782 3.09764
    endloop
  endfacet
  facet normal 0.812934 0.0312579 0.581517
    outer loop
      vertex 18.4085 2.31725 0.762998
      vertex 18.0522 2.2724 1.2635
      vertex 18.4976 0 0.762998
    endloop
  endfacet
  facet normal 0.675536 -0.0259821 0.736869
    outer loop
      vertex 18.1396 0 1.2635
      vertex 17.5221 -2.20567 1.75183
      vertex 18.0522 -2.2724 1.2635
    endloop
  endfacet
  facet normal 0.552514 -0.0641184 0.831034
    outer loop
      vertex 17.5221 -2.20567 1.75183
      vertex 16.5798 -4.21499 2.22329
      vertex 17.2686 -4.3901 1.75183
    endloop
  endfacet
  facet normal 0.543048 -0.106447 0.832927
    outer loop
      vertex 17.2686 -4.3901 1.75183
      vertex 16.5798 -4.21499 2.22329
      vertex 16.8487 -6.53225 1.75183
    endloop
  endfacet
  facet normal 0.936035 -0.10862 0.334724
    outer loop
      vertex 18.5875 -2.33979 0.255152
      vertex 18.1422 -4.61219 0.762998
      vertex 18.3186 -4.65704 0.255152
    endloop
  endfacet
  facet normal 0.936029 -0.108615 0.334742
    outer loop
      vertex 18.4085 -2.31725 0.762998
      vertex 18.1422 -4.61219 0.762998
      vertex 18.5875 -2.33979 0.255152
    endloop
  endfacet
  facet normal 0.905383 -0.424597 0
    outer loop
      vertex 15.5298 -13.2621 0.255152
      vertex 16.4721 -11.2528 0
      vertex 16.4721 -11.2528 0.255152
    endloop
  endfacet
  facet normal 0.905383 -0.424597 0
    outer loop
      vertex 16.4721 -11.2528 0
      vertex 15.5298 -13.2621 0.255152
      vertex 15.5298 -13.2621 0
    endloop
  endfacet
  facet normal 0.621384 -0.229953 0.749001
    outer loop
      vertex 16.2666 -8.61149 1.75183
      vertex 15.9977 -10.9287 1.2635
      vertex 16.7588 -8.87204 1.2635
    endloop
  endfacet
  facet normal 0.808243 -0.469027 0.356029
    outer loop
      vertex 15.3802 -13.1344 0.762998
      vertex 14.4379 -15.1437 0.255152
      vertex 15.5298 -13.2621 0.255152
    endloop
  endfacet
  facet normal 0.670191 -0.0777747 0.738103
    outer loop
      vertex 17.5221 -2.20567 1.75183
      vertex 17.2686 -4.3901 1.75183
      vertex 17.791 -4.52292 1.2635
    endloop
  endfacet
  facet normal 0.659348 -0.129244 0.740646
    outer loop
      vertex 17.2686 -4.3901 1.75183
      vertex 16.8487 -6.53225 1.75183
      vertex 17.3585 -6.72989 1.2635
    endloop
  endfacet
  facet normal 0.420803 -0.155725 0.893686
    outer loop
      vertex 14.8186 -7.8449 2.67333
      vertex 14.1456 -9.6635 2.67333
      vertex 14.9085 -10.1847 2.22329
    endloop
  endfacet
  facet normal 0.400632 -0.187869 0.896771
    outer loop
      vertex 14.9085 -10.1847 2.22329
      vertex 13.3364 -11.389 2.67333
      vertex 14.0557 -12.0033 2.22329
    endloop
  endfacet
  facet normal 0.475579 -0.786748 0.393513
    outer loop
      vertex 8.8045 -21.0525 0.255152
      vertex 7.07872 -21.8417 0.762998
      vertex 7.14756 -22.0541 0.255152
    endloop
  endfacet
  facet normal 0.675513 -0.025971 0.736891
    outer loop
      vertex 17.6069 0 1.75183
      vertex 17.5221 -2.20567 1.75183
      vertex 18.1396 0 1.2635
    endloop
  endfacet
  facet normal 0.942006 0.0362208 0.333636
    outer loop
      vertex 18.5875 2.33979 0.255152
      vertex 18.4085 2.31725 0.762998
      vertex 18.4976 0 0.762998
    endloop
  endfacet
  facet normal 0.999261 0.0384366 0
    outer loop
      vertex 18.6775 0 0.255152
      vertex 18.5875 2.33979 0
      vertex 18.5875 2.33979 0.255152
    endloop
  endfacet
  facet normal 0.999261 0.0384366 0
    outer loop
      vertex 18.5875 2.33979 0
      vertex 18.6775 0 0.255152
      vertex 18.6775 0 0
    endloop
  endfacet
  facet normal 0.449192 0.0880223 0.889088
    outer loop
      vertex 16.5798 4.21499 2.22329
      vertex 15.3489 5.95075 2.67333
      vertex 15.7313 3.9993 2.67333
    endloop
  endfacet
  facet normal 0.528874 0.148067 0.835684
    outer loop
      vertex 16.2666 8.61149 1.75183
      vertex 15.6178 8.26801 2.22329
      vertex 16.1767 6.2717 2.22329
    endloop
  endfacet
  facet normal 0.659348 0.129244 0.740646
    outer loop
      vertex 17.3585 6.72989 1.2635
      vertex 16.8487 6.53225 1.75183
      vertex 17.2686 4.3901 1.75183
    endloop
  endfacet
  facet normal 0.643136 0.180051 0.744283
    outer loop
      vertex 17.3585 6.72989 1.2635
      vertex 16.2666 8.61149 1.75183
      vertex 16.8487 6.53225 1.75183
    endloop
  endfacet
  facet normal 0.252924 -0.0708101 0.964891
    outer loop
      vertex 13.2592 -5.14057 3.49211
      vertex 11.6022 -6.14217 3.85295
      vertex 12.8011 -6.77684 3.49211
    endloop
  endfacet
  facet normal 0.303171 -0.0848626 0.94915
    outer loop
      vertex 14.3732 -5.5725 3.09764
      vertex 12.8011 -6.77684 3.49211
      vertex 13.8767 -7.34624 3.09764
    endloop
  endfacet
  facet normal 0.317917 -0.0369017 0.9474
    outer loop
      vertex 14.9477 -1.8816 3.09764
      vertex 13.7891 -1.73576 3.49211
      vertex 14.7314 -3.74508 3.09764
    endloop
  endfacet
  facet normal 0.380707 -0.0441899 0.923639
    outer loop
      vertex 14.9477 -1.8816 3.09764
      vertex 14.7314 -3.74508 3.09764
      vertex 15.9623 -2.00932 2.67333
    endloop
  endfacet
  facet normal 0.449192 -0.0880223 0.889088
    outer loop
      vertex 15.7313 -3.9993 2.67333
      vertex 15.3489 -5.95075 2.67333
      vertex 16.5798 -4.21499 2.22329
    endloop
  endfacet
  facet normal 0.552519 -0.0641221 0.83103
    outer loop
      vertex 16.8232 -2.11769 2.22329
      vertex 16.5798 -4.21499 2.22329
      vertex 17.5221 -2.20567 1.75183
    endloop
  endfacet
  facet normal 0.594065 -0.278606 0.754629
    outer loop
      vertex 15.5279 -10.6078 1.75183
      vertex 14.6396 -12.5019 1.75183
      vertex 15.0825 -12.8802 1.2635
    endloop
  endfacet
  facet normal 0.509925 -0.188689 0.839269
    outer loop
      vertex 16.2666 -8.61149 1.75183
      vertex 14.9085 -10.1847 2.22329
      vertex 15.5279 -10.6078 1.75183
    endloop
  endfacet
  facet normal 0.636824 -0.67189 0.378179
    outer loop
      vertex 11.7348 -18.275 0.762998
      vertex 10.2767 -19.657 0.762998
      vertex 11.8489 -18.4527 0.255152
    endloop
  endfacet
  facet normal 0.760093 -0.539001 0.362955
    outer loop
      vertex 14.4379 -15.1437 0.255152
      vertex 13.0798 -16.7169 0.762998
      vertex 13.207 -16.8795 0.255152
    endloop
  endfacet
  facet normal 0.348867 -0.247383 0.903932
    outer loop
      vertex 13.0674 -13.7063 2.22329
      vertex 11.3417 -14.4955 2.67333
      vertex 11.9534 -15.2773 2.22329
    endloop
  endfacet
  facet normal 0.233472 -0.246314 0.940649
    outer loop
      vertex 10.1754 -15.8465 2.67333
      vertex 8.34465 -15.9614 3.09764
      vertex 8.91108 -17.0449 2.67333
    endloop
  endfacet
  facet normal 0.641167 -0.454689 0.618193
    outer loop
      vertex 14.0221 -14.7076 1.2635
      vertex 12.8266 -16.3934 1.2635
      vertex 14.2988 -14.9979 0.762998
    endloop
  endfacet
  facet normal 0.346038 -0.365083 0.864276
    outer loop
      vertex 10.7242 -16.7012 2.22329
      vertex 9.39169 -17.9642 2.22329
      vertex 9.78185 -18.7105 1.75183
    endloop
  endfacet
  facet normal 0.317517 -0.274108 0.907771
    outer loop
      vertex 11.3417 -14.4955 2.67333
      vertex 10.1754 -15.8465 2.67333
      vertex 10.7242 -16.7012 2.22329
    endloop
  endfacet
  facet normal 0.262453 -0.226569 0.937968
    outer loop
      vertex 10.6207 -13.5741 3.09764
      vertex 9.52857 -14.8392 3.09764
      vertex 11.3417 -14.4955 2.67333
    endloop
  endfacet
  facet normal 0.240223 -0.170354 0.955653
    outer loop
      vertex 11.6106 -12.1782 3.09764
      vertex 9.79752 -12.522 3.49211
      vertex 10.6207 -13.5741 3.09764
    endloop
  endfacet
  facet normal 0.218161 -0.188333 0.957568
    outer loop
      vertex 9.79752 -12.522 3.49211
      vertex 9.52857 -14.8392 3.09764
      vertex 10.6207 -13.5741 3.09764
    endloop
  endfacet
  facet normal 0.199985 -0.141821 0.969481
    outer loop
      vertex 10.7107 -11.2343 3.49211
      vertex 8.87995 -11.3492 3.85295
      vertex 9.79752 -12.522 3.49211
    endloop
  endfacet
  facet normal 0.262453 -0.226572 0.937968
    outer loop
      vertex 11.3417 -14.4955 2.67333
      vertex 9.52857 -14.8392 3.09764
      vertex 10.1754 -15.8465 2.67333
    endloop
  endfacet
  facet normal -0.186302 -0.982492 0
    outer loop
      vertex -3.64379 -23.4125 0
      vertex -1.83071 -23.7563 0.255152
      vertex -3.64379 -23.4125 0.255152
    endloop
  endfacet
  facet normal -0.186302 -0.982492 -0
    outer loop
      vertex -1.83071 -23.7563 0.255152
      vertex -3.64379 -23.4125 0
      vertex -1.83071 -23.7563 0
    endloop
  endfacet
  facet normal 0.381118 -0.833409 0.400224
    outer loop
      vertex 7.07872 -21.8417 0.762998
      vertex 5.42178 -22.8433 0.255152
      vertex 7.14756 -22.0541 0.255152
    endloop
  endfacet
  facet normal 0.464436 -0.6063 0.645523
    outer loop
      vertex 10.0778 -19.2766 1.2635
      vertex 8.55094 -20.4462 1.2635
      vertex 8.71971 -20.8498 0.762998
    endloop
  endfacet
  facet normal 0.530617 -0.559784 0.636465
    outer loop
      vertex 11.5076 -17.9213 1.2635
      vertex 10.0778 -19.2766 1.2635
      vertex 11.7348 -18.275 0.762998
    endloop
  endfacet
  facet normal 0.227045 -0.709111 0.667542
    outer loop
      vertex 5.36957 -22.6233 0.762998
      vertex 3.53886 -22.7383 1.2635
      vertex 3.6087 -23.1871 0.762998
    endloop
  endfacet
  facet normal 0.278706 -0.87046 0.405738
    outer loop
      vertex 5.36957 -22.6233 0.762998
      vertex 3.6087 -23.1871 0.762998
      vertex 5.42178 -22.8433 0.255152
    endloop
  endfacet
  facet normal 0.332453 -0.155892 0.930147
    outer loop
      vertex 13.2464 -9.04924 3.09764
      vertex 12.4887 -10.6651 3.09764
      vertex 13.3364 -11.389 2.67333
    endloop
  endfacet
  facet normal 0.291483 -0.107881 0.950473
    outer loop
      vertex 13.8767 -7.34624 3.09764
      vertex 12.2197 -8.34784 3.49211
      vertex 13.2464 -9.04924 3.09764
    endloop
  endfacet
  facet normal 0.303183 -0.084881 0.949144
    outer loop
      vertex 13.2592 -5.14057 3.49211
      vertex 12.8011 -6.77684 3.49211
      vertex 14.3732 -5.5725 3.09764
    endloop
  endfacet
  facet normal 0.147013 0.00565103 0.989118
    outer loop
      vertex 9.61372 0 4.46019
      vertex 7.95678 1.00159 4.70074
      vertex 7.99528 0 4.70074
    endloop
  endfacet
  facet normal 0.179522 -0.104174 0.978223
    outer loop
      vertex 9.26222 -7.90977 4.17668
      vertex 8.61101 -9.03199 4.17668
      vertex 9.70758 -10.1822 3.85295
    endloop
  endfacet
  facet normal 0.230901 -0.108278 0.966934
    outer loop
      vertex 12.2197 -8.34784 3.49211
      vertex 10.4417 -8.91705 3.85295
      vertex 11.5207 -9.83844 3.49211
    endloop
  endfacet
  facet normal 0.179527 -0.104173 0.978222
    outer loop
      vertex 10.4417 -8.91705 3.85295
      vertex 9.26222 -7.90977 4.17668
      vertex 9.70758 -10.1822 3.85295
    endloop
  endfacet
  facet normal 0.0409831 -0.0290638 0.998737
    outer loop
      vertex 2.12103 -2.22473 5.14372
      vertex 1.9402 -2.47972 5.14372
      vertex 3.51235 -3.68406 5.04416
    endloop
  endfacet
  facet normal 0.216503 -0.125629 0.968165
    outer loop
      vertex 10.4417 -8.91705 3.85295
      vertex 9.70758 -10.1822 3.85295
      vertex 10.7107 -11.2343 3.49211
    endloop
  endfacet
  facet normal 0.199985 -0.141828 0.96948
    outer loop
      vertex 9.70758 -10.1822 3.85295
      vertex 8.87995 -11.3492 3.85295
      vertex 10.7107 -11.2343 3.49211
    endloop
  endfacet
  facet normal -0.0265902 0.00521129 0.999633
    outer loop
      vertex -0.878055 0.340422 5.19374
      vertex -2.69114 0.684154 5.14372
      vertex -0.899934 0.228786 5.19374
    endloop
  endfacet
  facet normal -0.0163304 -0.0172284 0.999718
    outer loop
      vertex -0.582097 -0.906523 5.19374
      vertex -1.52441 -2.91585 5.14372
      vertex -0.509771 -0.975079 5.19374
    endloop
  endfacet
  facet normal 0.0840524 -0.00323131 0.996456
    outer loop
      vertex 6.29984 0 4.89603
      vertex 4.52185 -0.569207 5.04416
      vertex 6.2695 -0.789201 4.89603
    endloop
  endfacet
  facet normal 0.142814 -0.0279888 0.989354
    outer loop
      vertex 7.84165 -1.99354 4.70074
      vertex 7.65101 -2.96629 4.70074
      vertex 9.19976 -3.56674 4.46019
    endloop
  endfacet
  facet normal 0.145609 0.0169 0.989198
    outer loop
      vertex 9.56743 1.20434 4.46019
      vertex 7.84165 1.99354 4.70074
      vertex 7.95678 1.00159 4.70074
    endloop
  endfacet
  facet normal 0.111148 0.0217829 0.993565
    outer loop
      vertex 7.65101 2.96629 4.70074
      vertex 6.02857 2.33728 4.89603
      vertex 7.84165 1.99354 4.70074
    endloop
  endfacet
  facet normal 0.114428 0.00439847 0.993422
    outer loop
      vertex 7.95678 1.00159 4.70074
      vertex 6.29984 0 4.89603
      vertex 7.99528 0 4.70074
    endloop
  endfacet
  facet normal 0.114428 -0.00439847 0.993422
    outer loop
      vertex 7.99528 0 4.70074
      vertex 6.29984 0 4.89603
      vertex 7.95678 -1.00159 4.70074
    endloop
  endfacet
  facet normal 0.114427 0.00439904 0.993422
    outer loop
      vertex 7.95678 1.00159 4.70074
      vertex 6.2695 0.789201 4.89603
      vertex 6.29984 0 4.89603
    endloop
  endfacet
  facet normal 0.0816379 0.0159999 0.996534
    outer loop
      vertex 6.02857 2.33728 4.89603
      vertex 4.45642 1.13293 5.04416
      vertex 6.17879 1.5708 4.89603
    endloop
  endfacet
  facet normal 0.114427 -0.00439904 0.993422
    outer loop
      vertex 6.29984 0 4.89603
      vertex 6.2695 -0.789201 4.89603
      vertex 7.95678 -1.00159 4.70074
    endloop
  endfacet
  facet normal 0.13316 -0.0492762 0.989869
    outer loop
      vertex 7.38667 -3.91048 4.70074
      vertex 7.05121 -4.817 4.70074
      vertex 8.88192 -4.70205 4.46019
    endloop
  endfacet
  facet normal 0.126388 -0.0592726 0.990208
    outer loop
      vertex 8.47855 -5.79208 4.46019
      vertex 7.05121 -4.817 4.70074
      vertex 7.99352 -6.82632 4.46019
    endloop
  endfacet
  facet normal 0.13316 -0.0492764 0.989869
    outer loop
      vertex 8.88192 -4.70205 4.46019
      vertex 7.05121 -4.817 4.70074
      vertex 8.47855 -5.79208 4.46019
    endloop
  endfacet
  facet normal 0.15714 0.0736941 0.984823
    outer loop
      vertex 9.26222 7.90977 4.17668
      vertex 8.47855 5.79208 4.46019
      vertex 9.82423 6.71138 4.17668
    endloop
  endfacet
  facet normal 0.191541 0.0898295 0.977365
    outer loop
      vertex 10.4417 8.91705 3.85295
      vertex 9.26222 7.90977 4.17668
      vertex 11.0753 7.56604 3.85295
    endloop
  endfacet
  facet normal 0.0770445 0.0665113 0.994807
    outer loop
      vertex 5.07215 7.89906 4.70074
      vertex 3.99658 6.22402 4.89603
      vertex 5.65352 7.22562 4.70074
    endloop
  endfacet
  facet normal 0.0676255 0.0392423 0.996939
    outer loop
      vertex 4.86984 5.10792 4.89603
      vertex 3.51235 3.68406 5.04416
      vertex 5.23812 4.47327 4.89603
    endloop
  endfacet
  facet normal 0.094476 0.123329 0.987858
    outer loop
      vertex 6.18882 11.8378 4.17668
      vertex 4.53188 10.8362 4.46019
      vertex 5.3411 10.2163 4.46019
    endloop
  endfacet
  facet normal 0.0944765 0.123328 0.987858
    outer loop
      vertex 5.25116 12.5561 4.17668
      vertex 4.53188 10.8362 4.46019
      vertex 6.18882 11.8378 4.17668
    endloop
  endfacet
  facet normal 0.115334 0.15055 0.981852
    outer loop
      vertex 5.91987 14.1551 3.85295
      vertex 5.25116 12.5561 4.17668
      vertex 6.97694 13.3453 3.85295
    endloop
  endfacet
  facet normal 0.0660557 0.20629 0.976259
    outer loop
      vertex 2.70313 17.3685 3.49211
      vertex 2.44997 15.7419 3.85295
      vertex 3.64544 15.3591 3.85295
    endloop
  endfacet
  facet normal 0.259889 0.15081 0.953789
    outer loop
      vertex 12.4887 10.6651 3.09764
      vertex 10.7107 11.2343 3.49211
      vertex 11.5207 9.83844 3.49211
    endloop
  endfacet
  facet normal 0.216496 0.12563 0.968167
    outer loop
      vertex 10.7107 11.2343 3.49211
      vertex 10.4417 8.91705 3.85295
      vertex 11.5207 9.83844 3.49211
    endloop
  endfacet
  facet normal 0.201713 0.0746433 0.976596
    outer loop
      vertex 11.0753 7.56604 3.85295
      vertex 10.2916 5.44835 4.17668
      vertex 11.6022 6.14217 3.85295
    endloop
  endfacet
  facet normal 0.172329 0.0482449 0.983857
    outer loop
      vertex 10.2916 5.44835 4.17668
      vertex 8.88192 4.70205 4.46019
      vertex 9.19976 3.56674 4.46019
    endloop
  endfacet
  facet normal 0.147013 -0.00565103 0.989118
    outer loop
      vertex 7.99528 0 4.70074
      vertex 7.95678 -1.00159 4.70074
      vertex 9.61372 0 4.46019
    endloop
  endfacet
  facet normal 0.222471 0.00855549 0.974902
    outer loop
      vertex 12.4977 1.5732 3.85295
      vertex 11.0859 1.39549 4.17668
      vertex 12.5582 0 3.85295
    endloop
  endfacet
  facet normal 0.218161 0.188333 0.957568
    outer loop
      vertex 10.6207 13.5741 3.09764
      vertex 9.52857 14.8392 3.09764
      vertex 9.79752 12.522 3.49211
    endloop
  endfacet
  facet normal 0.240223 0.170354 0.955653
    outer loop
      vertex 10.6207 13.5741 3.09764
      vertex 9.79752 12.522 3.49211
      vertex 11.6106 12.1782 3.09764
    endloop
  endfacet
  facet normal 0.0960777 0.300139 0.949044
    outer loop
      vertex 3.12916 20.1058 2.67333
      vertex 2.93025 18.8278 3.09764
      vertex 4.36007 18.3701 3.09764
    endloop
  endfacet
  facet normal 0.110206 0.240976 0.964254
    outer loop
      vertex 5.7479 17.7354 3.09764
      vertex 4.36007 18.3701 3.09764
      vertex 5.30238 16.3607 3.49211
    endloop
  endfacet
  facet normal 0.0914919 0.200082 0.975498
    outer loop
      vertex 5.30238 16.3607 3.49211
      vertex 3.64544 15.3591 3.85295
      vertex 4.8058 14.8285 3.85295
    endloop
  endfacet
  facet normal 0.0546317 0.170613 0.983822
    outer loop
      vertex 3.64544 15.3591 3.85295
      vertex 2.44997 15.7419 3.85295
      vertex 3.23365 13.6242 4.17668
    endloop
  endfacet
  facet normal -0.0631529 0.104463 0.992522
    outer loop
      vertex -3.67901 11.3518 4.46019
      vertex -4.53188 10.8362 4.46019
      vertex -3.05966 9.44072 4.70074
    endloop
  endfacet
  facet normal -0.0490846 0.0812018 0.995488
    outer loop
      vertex -2.41084 7.43877 4.89603
      vertex -3.05966 9.44072 4.70074
      vertex -2.96972 7.10094 4.89603
    endloop
  endfacet
  facet normal -0.00725688 0.11551 0.99328
    outer loop
      vertex 0 12.2871 4.46019
      vertex -0.942309 12.2279 4.46019
      vertex 0 10.2186 4.70074
    endloop
  endfacet
  facet normal 0.0133361 0.21258 0.977053
    outer loop
      vertex 1.3581 17.6235 3.49211
      vertex 0 17.7087 3.49211
      vertex 1.23091 15.973 3.85295
    endloop
  endfacet
  facet normal -0.115332 0.150553 0.981851
    outer loop
      vertex -5.25116 12.5561 4.17668
      vertex -6.97694 13.3453 3.85295
      vertex -6.18882 11.8378 4.17668
    endloop
  endfacet
  facet normal -0.0117221 -0.0193903 0.999743
    outer loop
      vertex -0.432537 -1.03424 5.19374
      vertex -1.29345 -3.09277 5.14372
      vertex -0.351136 -1.08345 5.19374
    endloop
  endfacet
  facet normal -0.193908 0.204558 0.959456
    outer loop
      vertex -8.34465 15.9614 3.09764
      vertex -8.79002 13.689 3.49211
      vertex -7.69786 14.7243 3.49211
    endloop
  endfacet
  facet normal -0.477975 0.412612 0.77543
    outer loop
      vertex -11.5076 17.9213 1.2635
      vertex -12.4499 15.912 1.75183
      vertex -11.1697 17.395 1.75183
    endloop
  endfacet
  facet normal -0.391356 0.647386 0.654012
    outer loop
      vertex -6.94172 21.419 1.2635
      vertex -8.71971 20.8498 0.762998
      vertex -8.55094 20.4462 1.2635
    endloop
  endfacet
  facet normal -0.530636 0.559855 0.636386
    outer loop
      vertex -10.2767 19.657 0.762998
      vertex -11.7348 18.275 0.762998
      vertex -10.0778 19.2766 1.2635
    endloop
  endfacet
  facet normal -0.204554 0.338402 0.9185
    outer loop
      vertex -6.46911 19.9607 2.22329
      vertex -7.96877 19.0542 2.22329
      vertex -6.13806 18.9393 2.67333
    endloop
  endfacet
  facet normal -0.282824 0.298389 0.911578
    outer loop
      vertex -9.39169 17.9642 2.22329
      vertex -10.7242 16.7012 2.22329
      vertex -10.1754 15.8465 2.67333
    endloop
  endfacet
  facet normal -0.0133361 0.21258 0.977053
    outer loop
      vertex 0 17.7087 3.49211
      vertex -1.3581 17.6235 3.49211
      vertex -1.23091 15.973 3.85295
    endloop
  endfacet
  facet normal -0.110205 0.240976 0.964254
    outer loop
      vertex -4.36007 18.3701 3.09764
      vertex -5.30238 16.3607 3.49211
      vertex -4.02212 16.9462 3.49211
    endloop
  endfacet
  facet normal -0.0365598 0.582463 0.812035
    outer loop
      vertex 0 23.1837 1.2635
      vertex -1.77799 23.0721 1.2635
      vertex 0 22.5029 1.75183
    endloop
  endfacet
  facet normal 0.0291976 0.464837 0.884915
    outer loop
      vertex 1.72577 22.3945 1.75183
      vertex 0 22.5029 1.75183
      vertex 1.65694 21.5013 2.22329
    endloop
  endfacet
  facet normal -0.0462746 0.737238 0.674047
    outer loop
      vertex 0 23.1837 1.2635
      vertex -1.81308 23.5275 0.762998
      vertex -1.77799 23.0721 1.2635
    endloop
  endfacet
  facet normal -0.381121 0.83341 0.400217
    outer loop
      vertex -5.42178 22.8433 0.255152
      vertex -7.07872 21.8417 0.762998
      vertex -5.36957 22.6233 0.762998
    endloop
  endfacet
  facet normal -0.311915 0.682074 0.661426
    outer loop
      vertex -5.36957 22.6233 0.762998
      vertex -7.07872 21.8417 0.762998
      vertex -6.94172 21.419 1.2635
    endloop
  endfacet
  facet normal -0.0871551 0.459759 0.883756
    outer loop
      vertex -1.72577 22.3945 1.75183
      vertex -3.43493 22.0705 1.75183
      vertex -1.65694 21.5013 2.22329
    endloop
  endfacet
  facet normal 0.0194354 0.309579 0.950675
    outer loop
      vertex 0 20.4997 2.67333
      vertex 0 19.1967 3.09764
      vertex 1.57215 20.401 2.67333
    endloop
  endfacet
  facet normal -0.0236626 0.376911 0.925947
    outer loop
      vertex 0 21.6053 2.22329
      vertex -1.57215 20.401 2.67333
      vertex 0 20.4997 2.67333
    endloop
  endfacet
  facet normal -0.116892 0.365113 0.923596
    outer loop
      vertex -3.29792 21.1902 2.22329
      vertex -4.90715 20.675 2.22329
      vertex -3.12916 20.1058 2.67333
    endloop
  endfacet
  facet normal -0.143972 0.449696 0.881502
    outer loop
      vertex -3.43493 22.0705 1.75183
      vertex -4.90715 20.675 2.22329
      vertex -3.29792 21.1902 2.22329
    endloop
  endfacet
  facet normal 0.312665 0.517215 0.796699
    outer loop
      vertex 8.55094 20.4462 1.2635
      vertex 6.94172 21.419 1.2635
      vertex 8.29982 19.8458 1.75183
    endloop
  endfacet
  facet normal 0.608121 0.793844 -0
    outer loop
      vertex 10.3766 19.8482 0
      vertex 8.8045 21.0525 0.255152
      vertex 10.3766 19.8482 0.255152
    endloop
  endfacet
  facet normal 0.608121 0.793844 0
    outer loop
      vertex 8.8045 21.0525 0.255152
      vertex 10.3766 19.8482 0
      vertex 8.8045 21.0525 0
    endloop
  endfacet
  facet normal 0.245062 0.319917 0.915204
    outer loop
      vertex 9.39169 17.9642 2.22329
      vertex 7.56098 18.0791 2.67333
      vertex 8.91108 17.0449 2.67333
    endloop
  endfacet
  facet normal 0.477975 0.412612 0.77543
    outer loop
      vertex 11.5076 17.9213 1.2635
      vertex 11.1697 17.395 1.75183
      vertex 12.4499 15.912 1.75183
    endloop
  endfacet
  facet normal 0.475579 0.786748 0.393513
    outer loop
      vertex 7.14756 22.0541 0.255152
      vertex 7.07872 21.8417 0.762998
      vertex 8.8045 21.0525 0.255152
    endloop
  endfacet
  facet normal 0.475575 0.786788 0.393438
    outer loop
      vertex 8.8045 21.0525 0.255152
      vertex 7.07872 21.8417 0.762998
      vertex 8.71971 20.8498 0.762998
    endloop
  endfacet
  facet normal 0.384199 0.0147628 0.923132
    outer loop
      vertex 15.9623 2.00932 2.67333
      vertex 14.9477 1.8816 3.09764
      vertex 15.02 0 3.09764
    endloop
  endfacet
  facet normal 0.461432 0.0177287 0.886998
    outer loop
      vertex 16.9046 0 2.22329
      vertex 15.9623 2.00932 2.67333
      vertex 16.0395 0 2.67333
    endloop
  endfacet
  facet normal 0.373745 0.0732592 0.924634
    outer loop
      vertex 15.7313 3.9993 2.67333
      vertex 14.3732 5.5725 3.09764
      vertex 14.7314 3.74508 3.09764
    endloop
  endfacet
  facet normal 0.303183 0.084881 0.949144
    outer loop
      vertex 14.3732 5.5725 3.09764
      vertex 12.8011 6.77684 3.49211
      vertex 13.2592 5.14057 3.49211
    endloop
  endfacet
  facet normal 0.557238 -0.0214192 0.830077
    outer loop
      vertex 16.9046 0 2.22329
      vertex 16.8232 -2.11769 2.22329
      vertex 17.6069 0 1.75183
    endloop
  endfacet
  facet normal 0.461446 -0.0177371 0.886991
    outer loop
      vertex 16.9046 0 2.22329
      vertex 15.9623 -2.00932 2.67333
      vertex 16.8232 -2.11769 2.22329
    endloop
  endfacet
  facet normal 0.243083 0.0899522 0.965826
    outer loop
      vertex 12.2197 8.34784 3.49211
      vertex 11.0753 7.56604 3.85295
      vertex 11.6022 6.14217 3.85295
    endloop
  endfacet
  facet normal 0.312016 0.0611531 0.948107
    outer loop
      vertex 14.3732 5.5725 3.09764
      vertex 13.2592 5.14057 3.49211
      vertex 13.5896 3.4548 3.49211
    endloop
  endfacet
  facet normal 0.24307 0.0899562 0.965828
    outer loop
      vertex 12.2197 8.34784 3.49211
      vertex 11.6022 6.14217 3.85295
      vertex 12.8011 6.77684 3.49211
    endloop
  endfacet
  facet normal 0.291477 0.107871 0.950476
    outer loop
      vertex 13.8767 7.34624 3.09764
      vertex 12.2197 8.34784 3.49211
      vertex 12.8011 6.77684 3.49211
    endloop
  endfacet
  facet normal 0.116888 0.365123 0.923592
    outer loop
      vertex 4.90715 20.675 2.22329
      vertex 3.12916 20.1058 2.67333
      vertex 4.65603 19.617 2.67333
    endloop
  endfacet
  facet normal 0.0795772 0.248547 0.965345
    outer loop
      vertex 4.36007 18.3701 3.09764
      vertex 2.70313 17.3685 3.49211
      vertex 4.02212 16.9462 3.49211
    endloop
  endfacet
  facet normal 0.278685 0.87052 0.405623
    outer loop
      vertex 3.64379 23.4125 0.255152
      vertex 3.6087 23.1871 0.762998
      vertex 5.42178 22.8433 0.255152
    endloop
  endfacet
  facet normal 0.0365598 0.582463 0.812035
    outer loop
      vertex 0 23.1837 1.2635
      vertex 0 22.5029 1.75183
      vertex 1.77799 23.0721 1.2635
    endloop
  endfacet
  facet normal 0.0462737 0.73724 0.674045
    outer loop
      vertex 0 23.6413 0.762998
      vertex 0 23.1837 1.2635
      vertex 1.81308 23.5275 0.762998
    endloop
  endfacet
  facet normal -0.0676255 0.0392423 0.996939
    outer loop
      vertex -4.86984 5.10792 4.89603
      vertex -5.23812 4.47327 4.89603
      vertex -3.51235 3.68406 5.04416
    endloop
  endfacet
  facet normal -0.18094 -0.0209999 0.98327
    outer loop
      vertex -9.56743 -1.20434 4.46019
      vertex -11.0859 -1.39549 4.17668
      vertex -9.429 -2.39709 4.46019
    endloop
  endfacet
  facet normal -0.094476 0.123329 0.987858
    outer loop
      vertex -4.53188 10.8362 4.46019
      vertex -6.18882 11.8378 4.17668
      vertex -5.3411 10.2163 4.46019
    endloop
  endfacet
  facet normal -0.109408 0.115422 0.987273
    outer loop
      vertex -6.18882 11.8378 4.17668
      vertex -7.06687 11.0055 4.17668
      vertex -6.09888 9.49802 4.46019
    endloop
  endfacet
  facet normal -0.13316 0.0492764 0.989869
    outer loop
      vertex -8.47855 5.79208 4.46019
      vertex -8.88192 4.70205 4.46019
      vertex -7.05121 4.817 4.70074
    endloop
  endfacet
  facet normal -0.20995 0.0587791 0.975944
    outer loop
      vertex -10.2916 5.44835 4.17668
      vertex -11.6022 6.14217 3.85295
      vertex -10.6599 4.13284 4.17668
    endloop
  endfacet
  facet normal -0.384202 0.0147614 0.923131
    outer loop
      vertex -15.9623 2.00932 2.67333
      vertex -16.0395 0 2.67333
      vertex -15.02 0 3.09764
    endloop
  endfacet
  facet normal -0.222476 0.00856113 0.974901
    outer loop
      vertex -11.0859 1.39549 4.17668
      vertex -12.5582 0 3.85295
      vertex -11.1396 0 4.17668
    endloop
  endfacet
  facet normal -0.0552305 0.00212257 0.998471
    outer loop
      vertex -2.73065 0.343732 5.14372
      vertex -4.54373 0 5.04416
      vertex -2.74386 0 5.14372
    endloop
  endfacet
  facet normal -0.0552305 -0.00212257 0.998471
    outer loop
      vertex -2.74386 0 5.14372
      vertex -4.54373 0 5.04416
      vertex -2.73065 -0.343732 5.14372
    endloop
  endfacet
  facet normal 0.00923588 -0.0201964 0.999753
    outer loop
      vertex 1.05003 -3.23991 5.14372
      vertex 0.351136 -1.08345 5.19374
      vertex 0.7965 -3.35585 5.14372
    endloop
  endfacet
  facet normal 0.0013455 0.0214248 0.99977
    outer loop
      vertex 0.268945 3.48997 5.14372
      vertex 0 3.50686 5.14372
      vertex 0.0899363 1.16707 5.19374
    endloop
  endfacet
  facet normal 0.0676256 0.0392422 0.996939
    outer loop
      vertex 5.23812 4.47327 4.89603
      vertex 3.51235 3.68406 5.04416
      vertex 3.77797 3.22632 5.04416
    endloop
  endfacet
  facet normal -0.0216953 0.11439 0.993199
    outer loop
      vertex -0.942309 12.2279 4.46019
      vertex -1.5598 10.0222 4.70074
      vertex -0.783674 10.1694 4.70074
    endloop
  endfacet
  facet normal -0.0760929 0.0281589 0.996703
    outer loop
      vertex -5.55596 3.79553 4.89603
      vertex -5.82029 3.08124 4.89603
      vertex -4.00721 2.73751 5.04416
    endloop
  endfacet
  facet normal -0.0565565 0.0488238 0.997205
    outer loop
      vertex -3.99658 6.22402 4.89603
      vertex -4.45466 5.69339 4.89603
      vertex -3.2129 4.10633 5.04416
    endloop
  endfacet
  facet normal -0.0220179 0.0127773 0.999676
    outer loop
      vertex -2.12103 2.22473 5.14372
      vertex -2.28144 1.94831 5.14372
      vertex -0.709288 0.743963 5.19374
    endloop
  endfacet
  facet normal -0.0722069 0.0338629 0.996815
    outer loop
      vertex -5.23812 4.47327 4.89603
      vertex -5.55596 3.79553 4.89603
      vertex -3.77797 3.22632 5.04416
    endloop
  endfacet
  facet normal -0.0444237 -0.0257796 0.99868
    outer loop
      vertex -2.28144 -1.94831 5.14372
      vertex -3.51235 -3.68406 5.04416
      vertex -2.12103 -2.22473 5.14372
    endloop
  endfacet
  facet normal -0.13316 -0.0492762 0.989869
    outer loop
      vertex -7.38667 -3.91048 4.70074
      vertex -8.88192 -4.70205 4.46019
      vertex -7.05121 -4.817 4.70074
    endloop
  endfacet
  facet normal -0.0409831 -0.0290638 0.998737
    outer loop
      vertex -2.12103 -2.22473 5.14372
      vertex -3.51235 -3.68406 5.04416
      vertex -1.9402 -2.47972 5.14372
    endloop
  endfacet
  facet normal -0.0623924 -0.0442451 0.99707
    outer loop
      vertex -3.51235 -3.68406 5.04416
      vertex -4.45466 -5.69339 4.89603
      vertex -3.2129 -4.10633 5.04416
    endloop
  endfacet
  facet normal 0.0117211 0.0193907 0.999743
    outer loop
      vertex 1.05003 3.23991 5.14372
      vertex 0.351136 1.08345 5.19374
      vertex 1.29345 3.09277 5.14372
    endloop
  endfacet
  facet normal -0.0235127 0.0110263 0.999663
    outer loop
      vertex -2.28144 1.94831 5.14372
      vertex -2.41987 1.65312 5.14372
      vertex -0.80922 0.552814 5.19374
    endloop
  endfacet
  facet normal 0.00413476 -0.0658546 0.997821
    outer loop
      vertex 0.445363 -5.77926 5.04416
      vertex 0 -8.05167 4.89603
      vertex 0.617492 -8.0129 4.89603
    endloop
  endfacet
  facet normal 0.0840524 0.00323131 0.996456
    outer loop
      vertex 6.2695 0.789201 4.89603
      vertex 4.52185 0.569207 5.04416
      vertex 6.29984 0 4.89603
    endloop
  endfacet
  facet normal 0.111149 0.0217837 0.993565
    outer loop
      vertex 7.84165 1.99354 4.70074
      vertex 6.02857 2.33728 4.89603
      vertex 6.17879 1.5708 4.89603
    endloop
  endfacet
  facet normal -0.0474373 -0.022247 0.998626
    outer loop
      vertex -2.28144 -1.94831 5.14372
      vertex -4.00721 -2.73751 5.04416
      vertex -3.77797 -3.22632 5.04416
    endloop
  endfacet
  facet normal -0.1184 -0.0687051 0.990586
    outer loop
      vertex -6.64783 -5.67713 4.70074
      vertex -7.99352 -6.82632 4.46019
      vertex -6.18044 -6.48259 4.70074
    endloop
  endfacet
  facet normal 0.00563554 -0.0897575 0.995948
    outer loop
      vertex 0.617492 -8.0129 4.89603
      vertex 0 -8.05167 4.89603
      vertex 0.783674 -10.1694 4.70074
    endloop
  endfacet
  facet normal 0.00271547 -0.0432394 0.999061
    outer loop
      vertex 0.268945 -3.48997 5.14372
      vertex 0 -3.50686 5.14372
      vertex 0.445363 -5.77926 5.04416
    endloop
  endfacet
  facet normal -0.0497728 -0.108838 0.992813
    outer loop
      vertex -2.32091 -9.77856 4.70074
      vertex -3.05966 -9.44072 4.70074
      vertex -2.79072 -11.758 4.46019
    endloop
  endfacet
  facet normal -0.00413476 -0.0658546 0.997821
    outer loop
      vertex -0.445363 -5.77926 5.04416
      vertex -0.617492 -8.0129 4.89603
      vertex 0 -8.05167 4.89603
    endloop
  endfacet
  facet normal 0.0168589 -0.0888901 0.995899
    outer loop
      vertex 1.22904 -7.89696 4.89603
      vertex 0.783674 -10.1694 4.70074
      vertex 1.5598 -10.0222 4.70074
    endloop
  endfacet
  facet normal 0.115334 -0.15055 0.981852
    outer loop
      vertex 6.97694 -13.3453 3.85295
      vertex 5.25116 -12.5561 4.17668
      vertex 5.91987 -14.1551 3.85295
    endloop
  endfacet
  facet normal 0.109267 -0.0774869 0.990988
    outer loop
      vertex 6.18044 -6.48259 4.70074
      vertex 5.65352 -7.22562 4.70074
      vertex 6.79793 -8.68826 4.46019
    endloop
  endfacet
  facet normal 0.109268 -0.0774868 0.990988
    outer loop
      vertex 7.43151 -7.79482 4.46019
      vertex 6.18044 -6.48259 4.70074
      vertex 6.79793 -8.68826 4.46019
    endloop
  endfacet
  facet normal -0.201715 -0.0746424 0.976596
    outer loop
      vertex -10.2916 -5.44835 4.17668
      vertex -11.0753 -7.56604 3.85295
      vertex -9.82423 -6.71138 4.17668
    endloop
  endfacet
  facet normal -0.191541 -0.089827 0.977365
    outer loop
      vertex -9.82423 -6.71138 4.17668
      vertex -11.0753 -7.56604 3.85295
      vertex -9.26222 -7.90977 4.17668
    endloop
  endfacet
  facet normal -0.145609 0.0168993 0.989198
    outer loop
      vertex -9.429 2.39709 4.46019
      vertex -9.56743 1.20434 4.46019
      vertex -7.84165 1.99354 4.70074
    endloop
  endfacet
  facet normal -0.18094 0.0209999 0.98327
    outer loop
      vertex -10.9255 2.77754 4.17668
      vertex -11.0859 1.39549 4.17668
      vertex -9.429 2.39709 4.46019
    endloop
  endfacet
  facet normal -0.111149 -0.0217837 0.993565
    outer loop
      vertex -6.17879 -1.5708 4.89603
      vertex -7.84165 -1.99354 4.70074
      vertex -6.02857 -2.33728 4.89603
    endloop
  endfacet
  facet normal -0.0983314 -0.046115 0.994085
    outer loop
      vertex -5.23812 -4.47327 4.89603
      vertex -7.05121 -4.817 4.70074
      vertex -6.64783 -5.67713 4.70074
    endloop
  endfacet
  facet normal -0.145609 -0.0168993 0.989198
    outer loop
      vertex -7.84165 -1.99354 4.70074
      vertex -9.56743 -1.20434 4.46019
      vertex -9.429 -2.39709 4.46019
    endloop
  endfacet
  facet normal -0.142813 -0.0279899 0.989354
    outer loop
      vertex -7.84165 -1.99354 4.70074
      vertex -9.429 -2.39709 4.46019
      vertex -9.19976 -3.56674 4.46019
    endloop
  endfacet
  facet normal 0.139658 -0.231045 0.962867
    outer loop
      vertex 6.53157 -15.6177 3.49211
      vertex 5.30238 -16.3607 3.49211
      vertex 7.08037 -16.9299 3.09764
    endloop
  endfacet
  facet normal 0.161234 -0.170089 0.972149
    outer loop
      vertex 8.79002 -13.689 3.49211
      vertex 6.97694 -13.3453 3.85295
      vertex 7.69786 -14.7243 3.49211
    endloop
  endfacet
  facet normal 0.233472 -0.246312 0.940649
    outer loop
      vertex 9.52857 -14.8392 3.09764
      vertex 8.34465 -15.9614 3.09764
      vertex 10.1754 -15.8465 2.67333
    endloop
  endfacet
  facet normal 0.193891 -0.204555 0.95946
    outer loop
      vertex 8.79002 -13.689 3.49211
      vertex 8.34465 -15.9614 3.09764
      vertex 9.52857 -14.8392 3.09764
    endloop
  endfacet
  facet normal 0.168451 -0.278648 0.945505
    outer loop
      vertex 7.56098 -18.0791 2.67333
      vertex 5.7479 -17.7354 3.09764
      vertex 6.13806 -18.9393 2.67333
    endloop
  endfacet
  facet normal 0.16845 -0.278653 0.945504
    outer loop
      vertex 7.08037 -16.9299 3.09764
      vertex 5.7479 -17.7354 3.09764
      vertex 7.56098 -18.0791 2.67333
    endloop
  endfacet
  facet normal 0.13352 -0.140859 0.980985
    outer loop
      vertex 7.06687 -11.0055 4.17668
      vertex 6.18882 -11.8378 4.17668
      vertex 6.97694 -13.3453 3.85295
    endloop
  endfacet
  facet normal 0.13352 -0.140859 0.980985
    outer loop
      vertex 7.06687 -11.0055 4.17668
      vertex 6.97694 -13.3453 3.85295
      vertex 7.96681 -12.407 3.85295
    endloop
  endfacet
  facet normal 0.109405 -0.115422 0.987273
    outer loop
      vertex 6.09888 -9.49802 4.46019
      vertex 5.3411 -10.2163 4.46019
      vertex 6.18882 -11.8378 4.17668
    endloop
  endfacet
  facet normal 0.0360203 -0.0595892 0.997573
    outer loop
      vertex 2.96972 -7.10094 4.89603
      vertex 2.1419 -5.12152 5.04416
      vertex 2.41084 -7.43877 4.89603
    endloop
  endfacet
  facet normal 0.0756905 -0.165512 0.983299
    outer loop
      vertex 4.26293 -13.1535 4.17668
      vertex 3.23365 -13.6242 4.17668
      vertex 4.8058 -14.8285 3.85295
    endloop
  endfacet
  facet normal 0.0619724 -0.135515 0.988835
    outer loop
      vertex 3.67901 -11.3518 4.46019
      vertex 3.23365 -13.6242 4.17668
      vertex 4.26293 -13.1535 4.17668
    endloop
  endfacet
  facet normal -0.0546317 -0.170613 0.983822
    outer loop
      vertex -3.23365 -13.6242 4.17668
      vertex -3.64544 -15.3591 3.85295
      vertex -2.44997 -15.7419 3.85295
    endloop
  endfacet
  facet normal -0.0447034 -0.139672 0.989188
    outer loop
      vertex -1.87554 -12.051 4.46019
      vertex -3.23365 -13.6242 4.17668
      vertex -2.17322 -13.9636 4.17668
    endloop
  endfacet
  facet normal 0.198857 -0.434887 0.878254
    outer loop
      vertex 6.73786 -20.79 1.75183
      vertex 4.90715 -20.675 2.22329
      vertex 5.111 -21.5339 1.75183
    endloop
  endfacet
  facet normal 0.116888 -0.365123 0.923592
    outer loop
      vertex 4.65603 -19.617 2.67333
      vertex 3.12916 -20.1058 2.67333
      vertex 4.90715 -20.675 2.22329
    endloop
  endfacet
  facet normal 0.110206 -0.240976 0.964254
    outer loop
      vertex 5.30238 -16.3607 3.49211
      vertex 4.36007 -18.3701 3.09764
      vertex 5.7479 -17.7354 3.09764
    endloop
  endfacet
  facet normal 0.133014 -0.290847 0.947478
    outer loop
      vertex 5.7479 -17.7354 3.09764
      vertex 4.36007 -18.3701 3.09764
      vertex 4.65603 -19.617 2.67333
    endloop
  endfacet
  facet normal 0.110205 -0.240976 0.964254
    outer loop
      vertex 5.30238 -16.3607 3.49211
      vertex 4.02212 -16.9462 3.49211
      vertex 4.36007 -18.3701 3.09764
    endloop
  endfacet
  facet normal 0.0959981 -0.158802 0.982632
    outer loop
      vertex 5.25116 -12.5561 4.17668
      vertex 4.26293 -13.1535 4.17668
      vertex 4.8058 -14.8285 3.85295
    endloop
  endfacet
  facet normal -0.420803 0.155725 0.893686
    outer loop
      vertex -14.1456 9.6635 2.67333
      vertex -14.9085 10.1847 2.22329
      vertex -14.8186 7.8449 2.67333
    endloop
  endfacet
  facet normal -0.437013 0.122349 0.891095
    outer loop
      vertex -14.8186 7.8449 2.67333
      vertex -15.6178 8.26801 2.22329
      vertex -15.3489 5.95075 2.67333
    endloop
  endfacet
  facet normal -0.167654 0.218855 0.961246
    outer loop
      vertex -7.08037 16.9299 3.09764
      vertex -8.34465 15.9614 3.09764
      vertex -7.69786 14.7243 3.49211
    endloop
  endfacet
  facet normal -0.20204 0.263743 0.943196
    outer loop
      vertex -7.08037 16.9299 3.09764
      vertex -8.91108 17.0449 2.67333
      vertex -8.34465 15.9614 3.09764
    endloop
  endfacet
  facet normal -0.756959 0.653462 0
    outer loop
      vertex -13.207 16.8795 0
      vertex -11.8489 18.4527 0.255152
      vertex -11.8489 18.4527 0
    endloop
  endfacet
  facet normal -0.756959 0.653462 0
    outer loop
      vertex -11.8489 18.4527 0.255152
      vertex -13.207 16.8795 0
      vertex -13.207 16.8795 0.255152
    endloop
  endfacet
  facet normal -0.760095 0.539009 0.362938
    outer loop
      vertex -13.0798 16.7169 0.762998
      vertex -14.4379 15.1437 0.255152
      vertex -14.2988 14.9979 0.762998
    endloop
  endfacet
  facet normal -0.923956 0.181095 0.336911
    outer loop
      vertex -17.8732 6.92945 0.255152
      vertex -18.1422 4.61219 0.762998
      vertex -17.7011 6.86271 0.762998
    endloop
  endfacet
  facet normal -0.795334 0.155885 0.585784
    outer loop
      vertex -17.7011 6.86271 0.762998
      vertex -18.1422 4.61219 0.762998
      vertex -17.3585 6.72989 1.2635
    endloop
  endfacet
  facet normal -0.80709 -0.0936726 0.58295
    outer loop
      vertex -18.0522 -2.2724 1.2635
      vertex -18.4085 -2.31725 0.762998
      vertex -17.791 -4.52292 1.2635
    endloop
  endfacet
  facet normal -0.659348 -0.129244 0.740646
    outer loop
      vertex -17.2686 -4.3901 1.75183
      vertex -17.3585 -6.72989 1.2635
      vertex -16.8487 -6.53225 1.75183
    endloop
  endfacet
  facet normal -0.528884 0.148065 0.835678
    outer loop
      vertex -16.2666 8.61149 1.75183
      vertex -16.8487 6.53225 1.75183
      vertex -16.1767 6.2717 2.22329
    endloop
  endfacet
  facet normal -0.643136 0.180051 0.744283
    outer loop
      vertex -16.2666 8.61149 1.75183
      vertex -17.3585 6.72989 1.2635
      vertex -16.8487 6.53225 1.75183
    endloop
  endfacet
  facet normal -0.936029 0.108615 0.334742
    outer loop
      vertex -18.1422 4.61219 0.762998
      vertex -18.5875 2.33979 0.255152
      vertex -18.4085 2.31725 0.762998
    endloop
  endfacet
  facet normal -0.880391 -0.325769 0.344654
    outer loop
      vertex -16.3134 -11.1444 0.762998
      vertex -17.2557 -9.13512 0.255152
      vertex -16.4721 -11.2528 0.255152
    endloop
  endfacet
  facet normal -0.880451 -0.325856 0.344419
    outer loop
      vertex -17.0896 -9.04714 0.762998
      vertex -17.2557 -9.13512 0.255152
      vertex -16.3134 -11.1444 0.762998
    endloop
  endfacet
  facet normal -0.248116 0.542614 0.802501
    outer loop
      vertex -5.111 21.5339 1.75183
      vertex -6.94172 21.419 1.2635
      vertex -6.73786 20.79 1.75183
    endloop
  endfacet
  facet normal -0.198857 0.434887 0.878254
    outer loop
      vertex -5.111 21.5339 1.75183
      vertex -6.73786 20.79 1.75183
      vertex -4.90715 20.675 2.22329
    endloop
  endfacet
  facet normal -0.245062 0.319917 0.915204
    outer loop
      vertex -7.56098 18.0791 2.67333
      vertex -9.39169 17.9642 2.22329
      vertex -8.91108 17.0449 2.67333
    endloop
  endfacet
  facet normal -0.282834 0.298392 0.911574
    outer loop
      vertex -9.39169 17.9642 2.22329
      vertex -10.1754 15.8465 2.67333
      vertex -8.91108 17.0449 2.67333
    endloop
  endfacet
  facet normal -0.636821 0.671868 0.378224
    outer loop
      vertex -10.3766 19.8482 0.255152
      vertex -11.8489 18.4527 0.255152
      vertex -10.2767 19.657 0.762998
    endloop
  endfacet
  facet normal -0.560976 0.732302 0.386057
    outer loop
      vertex -8.8045 21.0525 0.255152
      vertex -10.3766 19.8482 0.255152
      vertex -10.2767 19.657 0.762998
    endloop
  endfacet
  facet normal -0.703144 0.606975 0.370365
    outer loop
      vertex -11.8489 18.4527 0.255152
      vertex -13.0798 16.7169 0.762998
      vertex -11.7348 18.275 0.762998
    endloop
  endfacet
  facet normal -0.589525 0.508923 0.627262
    outer loop
      vertex -11.7348 18.275 0.762998
      vertex -12.8266 16.3934 1.2635
      vertex -11.5076 17.9213 1.2635
    endloop
  endfacet
  facet normal -0.415878 0.90942 0
    outer loop
      vertex -5.42178 22.8433 0
      vertex -7.14756 22.0541 0.255152
      vertex -5.42178 22.8433 0.255152
    endloop
  endfacet
  facet normal -0.415878 0.90942 0
    outer loop
      vertex -7.14756 22.0541 0.255152
      vertex -5.42178 22.8433 0
      vertex -7.14756 22.0541 0
    endloop
  endfacet
  facet normal -0.589525 -0.508923 0.627262
    outer loop
      vertex -11.5076 -17.9213 1.2635
      vertex -12.8266 -16.3934 1.2635
      vertex -11.7348 -18.275 0.762998
    endloop
  endfacet
  facet normal -0.81572 -0.578448 0
    outer loop
      vertex -13.207 -16.8795 0
      vertex -14.4379 -15.1437 0.255152
      vertex -14.4379 -15.1437 0
    endloop
  endfacet
  facet normal -0.81572 -0.578448 0
    outer loop
      vertex -14.4379 -15.1437 0.255152
      vertex -13.207 -16.8795 0
      vertex -13.207 -16.8795 0.255152
    endloop
  endfacet
  facet normal -0.594078 -0.278607 0.754619
    outer loop
      vertex -15.5279 -10.6078 1.75183
      vertex -15.9977 -10.9287 1.2635
      vertex -15.0825 -12.8802 1.2635
    endloop
  endfacet
  facet normal -0.486325 -0.228054 0.843492
    outer loop
      vertex -14.0557 -12.0033 2.22329
      vertex -14.9085 -10.1847 2.22329
      vertex -14.6396 -12.5019 1.75183
    endloop
  endfacet
  facet normal -0.753408 -0.278838 0.595505
    outer loop
      vertex -16.7588 -8.87204 1.2635
      vertex -17.0896 -9.04714 0.762998
      vertex -16.3134 -11.1444 0.762998
    endloop
  endfacet
  facet normal -0.753468 -0.278833 0.595431
    outer loop
      vertex -15.9977 -10.9287 1.2635
      vertex -16.7588 -8.87204 1.2635
      vertex -16.3134 -11.1444 0.762998
    endloop
  endfacet
  facet normal -0.905546 -0.253495 0.340187
    outer loop
      vertex -17.7011 -6.86271 0.762998
      vertex -17.8732 -6.92945 0.255152
      vertex -17.0896 -9.04714 0.762998
    endloop
  endfacet
  facet normal -0.923956 -0.181095 0.336911
    outer loop
      vertex -17.7011 -6.86271 0.762998
      vertex -18.1422 -4.61219 0.762998
      vertex -17.8732 -6.92945 0.255152
    endloop
  endfacet
  facet normal -0.363315 -0.101698 0.926099
    outer loop
      vertex -14.3732 -5.5725 3.09764
      vertex -15.3489 -5.95075 2.67333
      vertex -13.8767 -7.34624 3.09764
    endloop
  endfacet
  facet normal -0.291477 -0.107871 0.950476
    outer loop
      vertex -12.8011 -6.77684 3.49211
      vertex -13.8767 -7.34624 3.09764
      vertex -12.2197 -8.34784 3.49211
    endloop
  endfacet
  facet normal -0.260376 -0.0510394 0.964157
    outer loop
      vertex -12.3169 -3.13125 3.85295
      vertex -13.2592 -5.14057 3.49211
      vertex -12.0174 -4.65914 3.85295
    endloop
  endfacet
  facet normal -0.252924 -0.0708105 0.964891
    outer loop
      vertex -12.0174 -4.65914 3.85295
      vertex -13.2592 -5.14057 3.49211
      vertex -11.6022 -6.14217 3.85295
    endloop
  endfacet
  facet normal -0.199985 -0.141828 0.96948
    outer loop
      vertex -9.70758 -10.1822 3.85295
      vertex -10.7107 -11.2343 3.49211
      vertex -8.87995 -11.3492 3.85295
    endloop
  endfacet
  facet normal -0.218148 -0.188332 0.957571
    outer loop
      vertex -8.79002 -13.689 3.49211
      vertex -9.79752 -12.522 3.49211
      vertex -9.52857 -14.8392 3.09764
    endloop
  endfacet
  facet normal -0.216496 -0.12563 0.968167
    outer loop
      vertex -10.4417 -8.91705 3.85295
      vertex -11.5207 -9.83844 3.49211
      vertex -10.7107 -11.2343 3.49211
    endloop
  endfacet
  facet normal -0.376618 -0.21855 0.90022
    outer loop
      vertex -12.3987 -13.0049 2.67333
      vertex -13.3364 -11.389 2.67333
      vertex -13.0674 -13.7063 2.22329
    endloop
  endfacet
  facet normal -0.1184 -0.0687064 0.990586
    outer loop
      vertex -6.18044 -6.48259 4.70074
      vertex -7.99352 -6.82632 4.46019
      vertex -7.43151 -7.79482 4.46019
    endloop
  endfacet
  facet normal -0.147238 -0.0854406 0.985404
    outer loop
      vertex -7.99352 -6.82632 4.46019
      vertex -8.61101 -9.03199 4.17668
      vertex -7.43151 -7.79482 4.46019
    endloop
  endfacet
  facet normal -0.530636 -0.559855 0.636386
    outer loop
      vertex -10.0778 -19.2766 1.2635
      vertex -11.7348 -18.275 0.762998
      vertex -10.2767 -19.657 0.762998
    endloop
  endfacet
  facet normal -0.42802 -0.45156 0.782874
    outer loop
      vertex -9.78185 -18.7105 1.75183
      vertex -11.1697 -17.395 1.75183
      vertex -10.0778 -19.2766 1.2635
    endloop
  endfacet
  facet normal -0.486273 -0.228054 0.843522
    outer loop
      vertex -14.9085 -10.1847 2.22329
      vertex -15.5279 -10.6078 1.75183
      vertex -14.6396 -12.5019 1.75183
    endloop
  endfacet
  facet normal -0.594065 -0.278606 0.754629
    outer loop
      vertex -14.6396 -12.5019 1.75183
      vertex -15.5279 -10.6078 1.75183
      vertex -15.0825 -12.8802 1.2635
    endloop
  endfacet
  facet normal 0.248122 -0.542561 0.802536
    outer loop
      vertex 6.94172 -21.419 1.2635
      vertex 5.111 -21.5339 1.75183
      vertex 5.26564 -22.1855 1.2635
    endloop
  endfacet
  facet normal 0.311929 -0.682085 0.661407
    outer loop
      vertex 6.94172 -21.419 1.2635
      vertex 5.26564 -22.1855 1.2635
      vertex 5.36957 -22.6233 0.762998
    endloop
  endfacet
  facet normal -0.278685 -0.87052 0.405623
    outer loop
      vertex -3.6087 -23.1871 0.762998
      vertex -5.42178 -22.8433 0.255152
      vertex -3.64379 -23.4125 0.255152
    endloop
  endfacet
  facet normal -0.137961 -0.72775 0.671824
    outer loop
      vertex -3.53886 -22.7383 1.2635
      vertex -3.6087 -23.1871 0.762998
      vertex -1.81308 -23.5275 0.762998
    endloop
  endfacet
  facet normal 0.0462737 -0.73724 0.674045
    outer loop
      vertex 0 -23.1837 1.2635
      vertex 0 -23.6413 0.762998
      vertex 1.81308 -23.5275 0.762998
    endloop
  endfacet
  facet normal -0.0570832 -0.90951 0.411744
    outer loop
      vertex -1.81308 -23.5275 0.762998
      vertex -1.83071 -23.7563 0.255152
      vertex 0 -23.8712 0.255152
    endloop
  endfacet
  facet normal 0.0365598 -0.582463 0.812035
    outer loop
      vertex 0 -22.5029 1.75183
      vertex 0 -23.1837 1.2635
      vertex 1.77799 -23.0721 1.2635
    endloop
  endfacet
  facet normal -0.109119 -0.575626 0.8104
    outer loop
      vertex -1.72577 -22.3945 1.75183
      vertex -3.53886 -22.7383 1.2635
      vertex -1.77799 -23.0721 1.2635
    endloop
  endfacet
  facet normal -0.161681 -0.353548 0.921338
    outer loop
      vertex -6.13806 -18.9393 2.67333
      vertex -6.46911 -19.9607 2.22329
      vertex -4.90715 -20.675 2.22329
    endloop
  endfacet
  facet normal -0.116892 -0.365113 0.923596
    outer loop
      vertex -3.12916 -20.1058 2.67333
      vertex -4.90715 -20.675 2.22329
      vertex -3.29792 -21.1902 2.22329
    endloop
  endfacet
  facet normal 0.0871551 -0.459759 0.883756
    outer loop
      vertex 3.43493 -22.0705 1.75183
      vertex 1.65694 -21.5013 2.22329
      vertex 1.72577 -22.3945 1.75183
    endloop
  endfacet
  facet normal -0.0291976 -0.464837 0.884915
    outer loop
      vertex -1.65694 -21.5013 2.22329
      vertex -1.72577 -22.3945 1.75183
      vertex 0 -22.5029 1.75183
    endloop
  endfacet
  facet normal 0.0580847 -0.306403 0.950128
    outer loop
      vertex 2.93025 -18.8278 3.09764
      vertex 1.47221 -19.1042 3.09764
      vertex 1.57215 -20.401 2.67333
    endloop
  endfacet
  facet normal 0.0480873 -0.253666 0.966096
    outer loop
      vertex 2.70313 -17.3685 3.49211
      vertex 1.47221 -19.1042 3.09764
      vertex 2.93025 -18.8278 3.09764
    endloop
  endfacet
  facet normal -0.0480873 -0.253666 0.966096
    outer loop
      vertex -2.70313 -17.3685 3.49211
      vertex -2.93025 -18.8278 3.09764
      vertex -1.47221 -19.1042 3.09764
    endloop
  endfacet
  facet normal -0.0194354 -0.309579 0.950675
    outer loop
      vertex 0 -19.1967 3.09764
      vertex -1.57215 -20.401 2.67333
      vertex 0 -20.4997 2.67333
    endloop
  endfacet
  facet normal -0.0490847 -0.0812018 0.995488
    outer loop
      vertex -2.96972 -7.10094 4.89603
      vertex -3.76895 -9.01197 4.70074
      vertex -3.05966 -9.44072 4.70074
    endloop
  endfacet
  facet normal -0.0590087 -0.07703 0.995281
    outer loop
      vertex -3.5 -6.69472 4.89603
      vertex -4.44194 -8.49643 4.70074
      vertex -2.96972 -7.10094 4.89603
    endloop
  endfacet
  facet normal -0.123262 -0.106409 0.986653
    outer loop
      vertex -6.79793 -8.68826 4.46019
      vertex -7.06687 -11.0055 4.17668
      vertex -6.09888 -9.49802 4.46019
    endloop
  endfacet
  facet normal -0.123264 -0.106409 0.986653
    outer loop
      vertex -6.79793 -8.68826 4.46019
      vertex -7.87687 -10.0672 4.17668
      vertex -7.06687 -11.0055 4.17668
    endloop
  endfacet
  facet normal -0.165757 -0.117554 0.979135
    outer loop
      vertex -8.61101 -9.03199 4.17668
      vertex -9.70758 -10.1822 3.85295
      vertex -8.87995 -11.3492 3.85295
    endloop
  endfacet
  facet normal -0.193908 -0.204558 0.959456
    outer loop
      vertex -7.69786 -14.7243 3.49211
      vertex -8.79002 -13.689 3.49211
      vertex -8.34465 -15.9614 3.09764
    endloop
  endfacet
  facet normal -0.282824 -0.298389 0.911578
    outer loop
      vertex -10.1754 -15.8465 2.67333
      vertex -10.7242 -16.7012 2.22329
      vertex -9.39169 -17.9642 2.22329
    endloop
  endfacet
  facet normal -0.317517 -0.274108 0.907771
    outer loop
      vertex -10.1754 -15.8465 2.67333
      vertex -11.3417 -14.4955 2.67333
      vertex -10.7242 -16.7012 2.22329
    endloop
  endfacet
  facet normal -0.0626393 -0.998036 0
    outer loop
      vertex -1.83071 -23.7563 0
      vertex 0 -23.8712 0.255152
      vertex -1.83071 -23.7563 0.255152
    endloop
  endfacet
  facet normal -0.0626393 -0.998036 -0
    outer loop
      vertex 0 -23.8712 0.255152
      vertex -1.83071 -23.7563 0
      vertex 0 -23.8712 0
    endloop
  endfacet
  facet normal -0.248116 -0.542614 0.802501
    outer loop
      vertex -6.73786 -20.79 1.75183
      vertex -6.94172 -21.419 1.2635
      vertex -5.111 -21.5339 1.75183
    endloop
  endfacet
  facet normal -0.372791 -0.486662 0.790055
    outer loop
      vertex -8.29982 -19.8458 1.75183
      vertex -10.0778 -19.2766 1.2635
      vertex -8.55094 -20.4462 1.2635
    endloop
  endfacet
  facet normal -0.807051 -0.0936486 0.583008
    outer loop
      vertex -17.791 -4.52292 1.2635
      vertex -18.4085 -2.31725 0.762998
      vertex -18.1422 -4.61219 0.762998
    endloop
  endfacet
  facet normal -0.795292 -0.155853 0.585851
    outer loop
      vertex -17.791 -4.52292 1.2635
      vertex -18.1422 -4.61219 0.762998
      vertex -17.3585 -6.72989 1.2635
    endloop
  endfacet
  facet normal -0.384202 -0.0147614 0.923131
    outer loop
      vertex -15.02 0 3.09764
      vertex -16.0395 0 2.67333
      vertex -15.9623 -2.00932 2.67333
    endloop
  endfacet
  facet normal -0.380707 -0.0441899 0.923639
    outer loop
      vertex -14.9477 -1.8816 3.09764
      vertex -15.9623 -2.00932 2.67333
      vertex -14.7314 -3.74508 3.09764
    endloop
  endfacet
  facet normal 0.486273 0.228054 0.843522
    outer loop
      vertex 15.5279 10.6078 1.75183
      vertex 14.6396 12.5019 1.75183
      vertex 14.9085 10.1847 2.22329
    endloop
  endfacet
  facet normal 0.509925 0.188689 0.839269
    outer loop
      vertex 15.5279 10.6078 1.75183
      vertex 14.9085 10.1847 2.22329
      vertex 16.2666 8.61149 1.75183
    endloop
  endfacet
  facet normal 0.376618 0.21855 0.90022
    outer loop
      vertex 13.0674 13.7063 2.22329
      vertex 12.3987 13.0049 2.67333
      vertex 13.3364 11.389 2.67333
    endloop
  endfacet
  facet normal 0.400632 0.187869 0.896771
    outer loop
      vertex 14.0557 12.0033 2.22329
      vertex 13.3364 11.389 2.67333
      vertex 14.9085 10.1847 2.22329
    endloop
  endfacet
  facet normal 0.641167 0.454689 0.618193
    outer loop
      vertex 14.2988 14.9979 0.762998
      vertex 12.8266 16.3934 1.2635
      vertex 14.0221 14.7076 1.2635
    endloop
  endfacet
  facet normal 0.685536 0.39782 0.609738
    outer loop
      vertex 14.2988 14.9979 0.762998
      vertex 14.0221 14.7076 1.2635
      vertex 15.3802 13.1344 0.762998
    endloop
  endfacet
  facet normal 0.420803 0.155725 0.893686
    outer loop
      vertex 14.9085 10.1847 2.22329
      vertex 14.1456 9.6635 2.67333
      vertex 14.8186 7.8449 2.67333
    endloop
  endfacet
  facet normal 0.312128 0.181138 0.932612
    outer loop
      vertex 13.3364 11.389 2.67333
      vertex 11.6106 12.1782 3.09764
      vertex 12.4887 10.6651 3.09764
    endloop
  endfacet
  facet normal 0.400644 0.187888 0.896762
    outer loop
      vertex 14.9085 10.1847 2.22329
      vertex 13.3364 11.389 2.67333
      vertex 14.1456 9.6635 2.67333
    endloop
  endfacet
  facet normal 0.332453 0.155892 0.930147
    outer loop
      vertex 13.3364 11.389 2.67333
      vertex 12.4887 10.6651 3.09764
      vertex 13.2464 9.04924 3.09764
    endloop
  endfacet
  facet normal 0.486325 0.228054 0.843492
    outer loop
      vertex 14.6396 12.5019 1.75183
      vertex 14.0557 12.0033 2.22329
      vertex 14.9085 10.1847 2.22329
    endloop
  endfacet
  facet normal 0.457999 0.265767 0.848295
    outer loop
      vertex 14.6396 12.5019 1.75183
      vertex 13.6103 14.2757 1.75183
      vertex 14.0557 12.0033 2.22329
    endloop
  endfacet
  facet normal 0.795334 -0.155885 0.585784
    outer loop
      vertex 18.1422 -4.61219 0.762998
      vertex 17.3585 -6.72989 1.2635
      vertex 17.7011 -6.86271 0.762998
    endloop
  endfacet
  facet normal 0.923956 -0.181095 0.336911
    outer loop
      vertex 18.1422 -4.61219 0.762998
      vertex 17.7011 -6.86271 0.762998
      vertex 17.8732 -6.92945 0.255152
    endloop
  endfacet
  facet normal 0.848161 -0.397762 0.349868
    outer loop
      vertex 16.4721 -11.2528 0.255152
      vertex 15.3802 -13.1344 0.762998
      vertex 15.5298 -13.2621 0.255152
    endloop
  endfacet
  facet normal 0.753408 -0.278838 0.595505
    outer loop
      vertex 16.7588 -8.87204 1.2635
      vertex 16.3134 -11.1444 0.762998
      vertex 17.0896 -9.04714 0.762998
    endloop
  endfacet
  facet normal 0.937853 -0.347032 0
    outer loop
      vertex 16.4721 -11.2528 0.255152
      vertex 17.2557 -9.13512 0
      vertex 17.2557 -9.13512 0.255152
    endloop
  endfacet
  facet normal 0.937853 -0.347032 0
    outer loop
      vertex 17.2557 -9.13512 0
      vertex 16.4721 -11.2528 0.255152
      vertex 16.4721 -11.2528 0
    endloop
  endfacet
  facet normal 0.777494 -0.217661 0.590023
    outer loop
      vertex 17.3585 -6.72989 1.2635
      vertex 16.7588 -8.87204 1.2635
      vertex 17.0896 -9.04714 0.762998
    endloop
  endfacet
  facet normal 0.528874 -0.148067 0.835684
    outer loop
      vertex 16.1767 -6.2717 2.22329
      vertex 15.6178 -8.26801 2.22329
      vertex 16.2666 -8.61149 1.75183
    endloop
  endfacet
  facet normal 0.437014 -0.122349 0.891095
    outer loop
      vertex 16.1767 -6.2717 2.22329
      vertex 15.3489 -5.95075 2.67333
      vertex 15.6178 -8.26801 2.22329
    endloop
  endfacet
  facet normal 0.621433 -0.229951 0.748962
    outer loop
      vertex 16.2666 -8.61149 1.75183
      vertex 15.5279 -10.6078 1.75183
      vertex 15.9977 -10.9287 1.2635
    endloop
  endfacet
  facet normal 0.437013 -0.122349 0.891095
    outer loop
      vertex 15.3489 -5.95075 2.67333
      vertex 14.8186 -7.8449 2.67333
      vertex 15.6178 -8.26801 2.22329
    endloop
  endfacet
  facet normal 0.363334 -0.101722 0.926089
    outer loop
      vertex 15.3489 -5.95075 2.67333
      vertex 13.8767 -7.34624 3.09764
      vertex 14.8186 -7.8449 2.67333
    endloop
  endfacet
  facet normal 0.993334 -0.115269 0
    outer loop
      vertex 18.3186 -4.65704 0.255152
      vertex 18.5875 -2.33979 0
      vertex 18.5875 -2.33979 0.255152
    endloop
  endfacet
  facet normal 0.993334 -0.115269 0
    outer loop
      vertex 18.5875 -2.33979 0
      vertex 18.3186 -4.65704 0.255152
      vertex 18.3186 -4.65704 0
    endloop
  endfacet
  facet normal 0.962974 -0.269594 0
    outer loop
      vertex 17.2557 -9.13512 0.255152
      vertex 17.8732 -6.92945 0
      vertex 17.8732 -6.92945 0.255152
    endloop
  endfacet
  facet normal 0.962974 -0.269594 0
    outer loop
      vertex 17.8732 -6.92945 0
      vertex 17.2557 -9.13512 0.255152
      vertex 17.2557 -9.13512 0
    endloop
  endfacet
  facet normal 0.687924 -0.725783 0
    outer loop
      vertex 10.3766 -19.8482 0
      vertex 11.8489 -18.4527 0.255152
      vertex 10.3766 -19.8482 0.255152
    endloop
  endfacet
  facet normal 0.687924 -0.725783 0
    outer loop
      vertex 11.8489 -18.4527 0.255152
      vertex 10.3766 -19.8482 0
      vertex 11.8489 -18.4527 0
    endloop
  endfacet
  facet normal 0.46451 -0.606336 0.645435
    outer loop
      vertex 10.0778 -19.2766 1.2635
      vertex 8.71971 -20.8498 0.762998
      vertex 10.2767 -19.657 0.762998
    endloop
  endfacet
  facet normal 0.391356 -0.647386 0.654012
    outer loop
      vertex 8.55094 -20.4462 1.2635
      vertex 6.94172 -21.419 1.2635
      vertex 8.71971 -20.8498 0.762998
    endloop
  endfacet
  facet normal 0.415878 -0.90942 0
    outer loop
      vertex 5.42178 -22.8433 0
      vertex 7.14756 -22.0541 0.255152
      vertex 5.42178 -22.8433 0.255152
    endloop
  endfacet
  facet normal 0.415878 -0.90942 0
    outer loop
      vertex 7.14756 -22.0541 0.255152
      vertex 5.42178 -22.8433 0
      vertex 7.14756 -22.0541 0
    endloop
  endfacet
  facet normal 0.864917 -0.501915 0
    outer loop
      vertex 14.4379 -15.1437 0.255152
      vertex 15.5298 -13.2621 0
      vertex 15.5298 -13.2621 0.255152
    endloop
  endfacet
  facet normal 0.864917 -0.501915 0
    outer loop
      vertex 15.5298 -13.2621 0
      vertex 14.4379 -15.1437 0.255152
      vertex 14.4379 -15.1437 0
    endloop
  endfacet
  facet normal 0.777524 0.217657 0.589985
    outer loop
      vertex 17.7011 6.86271 0.762998
      vertex 17.0896 9.04714 0.762998
      vertex 17.3585 6.72989 1.2635
    endloop
  endfacet
  facet normal 0.795334 0.155885 0.585784
    outer loop
      vertex 17.7011 6.86271 0.762998
      vertex 17.3585 6.72989 1.2635
      vertex 18.1422 4.61219 0.762998
    endloop
  endfacet
  facet normal 0.962974 0.269594 0
    outer loop
      vertex 17.8732 6.92945 0.255152
      vertex 17.2557 9.13512 0
      vertex 17.2557 9.13512 0.255152
    endloop
  endfacet
  facet normal 0.962974 0.269594 0
    outer loop
      vertex 17.2557 9.13512 0
      vertex 17.8732 6.92945 0.255152
      vertex 17.8732 6.92945 0
    endloop
  endfacet
  facet normal 0.80709 0.0936726 0.58295
    outer loop
      vertex 18.4085 2.31725 0.762998
      vertex 17.791 4.52292 1.2635
      vertex 18.0522 2.2724 1.2635
    endloop
  endfacet
  facet normal 0.670169 0.0777812 0.738122
    outer loop
      vertex 17.791 4.52292 1.2635
      vertex 17.5221 2.20567 1.75183
      vertex 18.0522 2.2724 1.2635
    endloop
  endfacet
  facet normal 0.312006 -0.0611575 0.94811
    outer loop
      vertex 14.7314 -3.74508 3.09764
      vertex 13.5896 -3.4548 3.49211
      vertex 14.3732 -5.5725 3.09764
    endloop
  endfacet
  facet normal 0.320888 -0.0123307 0.947037
    outer loop
      vertex 13.8558 0 3.49211
      vertex 13.7891 -1.73576 3.49211
      vertex 15.02 0 3.09764
    endloop
  endfacet
  facet normal 0.222471 -0.00855549 0.974902
    outer loop
      vertex 12.5582 0 3.85295
      vertex 11.0859 -1.39549 4.17668
      vertex 12.4977 -1.5732 3.85295
    endloop
  endfacet
  facet normal 0.222476 -0.00856113 0.974901
    outer loop
      vertex 11.1396 0 4.17668
      vertex 11.0859 -1.39549 4.17668
      vertex 12.5582 0 3.85295
    endloop
  endfacet
  facet normal 0.561052 -0.325566 0.76107
    outer loop
      vertex 15.0825 -12.8802 1.2635
      vertex 13.6103 -14.2757 1.75183
      vertex 14.0221 -14.7076 1.2635
    endloop
  endfacet
  facet normal 0.400644 -0.187888 0.896762
    outer loop
      vertex 14.1456 -9.6635 2.67333
      vertex 13.3364 -11.389 2.67333
      vertex 14.9085 -10.1847 2.22329
    endloop
  endfacet
  facet normal 0.58957 -0.508935 0.62721
    outer loop
      vertex 12.8266 -16.3934 1.2635
      vertex 11.7348 -18.275 0.762998
      vertex 13.0798 -16.7169 0.762998
    endloop
  endfacet
  facet normal 0.589525 -0.508923 0.627262
    outer loop
      vertex 12.8266 -16.3934 1.2635
      vertex 11.5076 -17.9213 1.2635
      vertex 11.7348 -18.275 0.762998
    endloop
  endfacet
  facet normal 0.81572 -0.578448 0
    outer loop
      vertex 13.207 -16.8795 0.255152
      vertex 14.4379 -15.1437 0
      vertex 14.4379 -15.1437 0.255152
    endloop
  endfacet
  facet normal 0.81572 -0.578448 0
    outer loop
      vertex 14.4379 -15.1437 0
      vertex 13.207 -16.8795 0.255152
      vertex 13.207 -16.8795 0
    endloop
  endfacet
  facet normal 0.245062 -0.319911 0.915206
    outer loop
      vertex 9.39169 -17.9642 2.22329
      vertex 7.56098 -18.0791 2.67333
      vertex 7.96877 -19.0542 2.22329
    endloop
  endfacet
  facet normal 0.300425 -0.392184 0.869446
    outer loop
      vertex 9.39169 -17.9642 2.22329
      vertex 7.96877 -19.0542 2.22329
      vertex 8.29982 -19.8458 1.75183
    endloop
  endfacet
  facet normal 0.240224 -0.170356 0.955652
    outer loop
      vertex 10.7107 -11.2343 3.49211
      vertex 9.79752 -12.522 3.49211
      vertex 11.6106 -12.1782 3.09764
    endloop
  endfacet
  facet normal 0.181502 -0.156695 0.970826
    outer loop
      vertex 8.87995 -11.3492 3.85295
      vertex 8.79002 -13.689 3.49211
      vertex 9.79752 -12.522 3.49211
    endloop
  endfacet
  facet normal 0.282824 -0.298389 0.911578
    outer loop
      vertex 10.1754 -15.8465 2.67333
      vertex 9.39169 -17.9642 2.22329
      vertex 10.7242 -16.7012 2.22329
    endloop
  endfacet
  facet normal 0.477975 -0.412612 0.77543
    outer loop
      vertex 12.4499 -15.912 1.75183
      vertex 11.1697 -17.395 1.75183
      vertex 11.5076 -17.9213 1.2635
    endloop
  endfacet
  facet normal 0.509947 -0.188714 0.83925
    outer loop
      vertex 15.6178 -8.26801 2.22329
      vertex 14.9085 -10.1847 2.22329
      vertex 16.2666 -8.61149 1.75183
    endloop
  endfacet
  facet normal 0.376595 -0.218549 0.900229
    outer loop
      vertex 13.3364 -11.389 2.67333
      vertex 13.0674 -13.7063 2.22329
      vertex 14.0557 -12.0033 2.22329
    endloop
  endfacet
  facet normal 0.277037 -0.129907 0.952037
    outer loop
      vertex 13.2464 -9.04924 3.09764
      vertex 12.2197 -8.34784 3.49211
      vertex 12.4887 -10.6651 3.09764
    endloop
  endfacet
  facet normal 0.277026 -0.129908 0.95204
    outer loop
      vertex 12.2197 -8.34784 3.49211
      vertex 11.5207 -9.83844 3.49211
      vertex 12.4887 -10.6651 3.09764
    endloop
  endfacet
  facet normal 0.42802 -0.45156 0.782874
    outer loop
      vertex 11.1697 -17.395 1.75183
      vertex 9.78185 -18.7105 1.75183
      vertex 10.0778 -19.2766 1.2635
    endloop
  endfacet
  facet normal 0.372789 -0.486641 0.790069
    outer loop
      vertex 9.78185 -18.7105 1.75183
      vertex 8.29982 -19.8458 1.75183
      vertex 10.0778 -19.2766 1.2635
    endloop
  endfacet
  facet normal 0.137961 -0.72775 0.671824
    outer loop
      vertex 3.53886 -22.7383 1.2635
      vertex 1.81308 -23.5275 0.762998
      vertex 3.6087 -23.1871 0.762998
    endloop
  endfacet
  facet normal 0.169918 -0.89632 0.409559
    outer loop
      vertex 3.6087 -23.1871 0.762998
      vertex 1.81308 -23.5275 0.762998
      vertex 3.64379 -23.4125 0.255152
    endloop
  endfacet
  facet normal 0.142813 -0.0279899 0.989354
    outer loop
      vertex 9.429 -2.39709 4.46019
      vertex 7.84165 -1.99354 4.70074
      vertex 9.19976 -3.56674 4.46019
    endloop
  endfacet
  facet normal 0.21618 -0.042365 0.975434
    outer loop
      vertex 10.9255 -2.77754 4.17668
      vertex 10.6599 -4.13284 4.17668
      vertex 12.3169 -3.13125 3.85295
    endloop
  endfacet
  facet normal 0.230904 -0.10829 0.966932
    outer loop
      vertex 11.0753 -7.56604 3.85295
      vertex 10.4417 -8.91705 3.85295
      vertex 12.2197 -8.34784 3.49211
    endloop
  endfacet
  facet normal 0.147238 -0.0854405 0.985404
    outer loop
      vertex 9.26222 -7.90977 4.17668
      vertex 7.99352 -6.82632 4.46019
      vertex 8.61101 -9.03199 4.17668
    endloop
  endfacet
  facet normal 0.00134595 0.0214248 0.99977
    outer loop
      vertex 0 3.50686 5.14372
      vertex 0 1.17272 5.19374
      vertex 0.0899363 1.16707 5.19374
    endloop
  endfacet
  facet normal 0.0271148 0.00314712 0.999627
    outer loop
      vertex 2.69114 0.684154 5.14372
      vertex 0.899934 0.228786 5.19374
      vertex 0.913147 0.114946 5.19374
    endloop
  endfacet
  facet normal 0.177479 -0.0347841 0.98351
    outer loop
      vertex 9.429 -2.39709 4.46019
      vertex 9.19976 -3.56674 4.46019
      vertex 10.6599 -4.13284 4.17668
    endloop
  endfacet
  facet normal 0.201713 -0.0746433 0.976596
    outer loop
      vertex 11.6022 -6.14217 3.85295
      vertex 10.2916 -5.44835 4.17668
      vertex 11.0753 -7.56604 3.85295
    endloop
  endfacet
  facet normal 0.138651 -0.0388166 0.98958
    outer loop
      vertex 9.19976 -3.56674 4.46019
      vertex 7.65101 -2.96629 4.70074
      vertex 8.88192 -4.70205 4.46019
    endloop
  endfacet
  facet normal 0.182676 -0.00702959 0.983148
    outer loop
      vertex 11.1396 0 4.17668
      vertex 9.56743 -1.20434 4.46019
      vertex 11.0859 -1.39549 4.17668
    endloop
  endfacet
  facet normal 0.103613 0.0383432 0.993878
    outer loop
      vertex 7.05121 4.817 4.70074
      vertex 5.55596 3.79553 4.89603
      vertex 5.82029 3.08124 4.89603
    endloop
  endfacet
  facet normal 0.107899 0.0302075 0.993703
    outer loop
      vertex 7.65101 2.96629 4.70074
      vertex 5.82029 3.08124 4.89603
      vertex 6.02857 2.33728 4.89603
    endloop
  endfacet
  facet normal 0.18267 -0.00702111 0.983149
    outer loop
      vertex 9.61372 0 4.46019
      vertex 9.56743 -1.20434 4.46019
      vertex 11.1396 0 4.17668
    endloop
  endfacet
  facet normal 0.147013 0.0056506 0.989118
    outer loop
      vertex 9.56743 1.20434 4.46019
      vertex 7.95678 1.00159 4.70074
      vertex 9.61372 0 4.46019
    endloop
  endfacet
  facet normal 0.222476 0.00856113 0.974901
    outer loop
      vertex 12.5582 0 3.85295
      vertex 11.0859 1.39549 4.17668
      vertex 11.1396 0 4.17668
    endloop
  endfacet
  facet normal 0.18267 0.00702111 0.983149
    outer loop
      vertex 11.1396 0 4.17668
      vertex 9.56743 1.20434 4.46019
      vertex 9.61372 0 4.46019
    endloop
  endfacet
  facet normal 0.0536421 -0.0105126 0.998505
    outer loop
      vertex 4.45642 -1.13293 5.04416
      vertex 2.69114 -0.684154 5.14372
      vertex 4.34808 -1.68575 5.04416
    endloop
  endfacet
  facet normal 0.0444246 -0.025779 0.99868
    outer loop
      vertex 3.77797 -3.22632 5.04416
      vertex 2.28144 -1.94831 5.14372
      vertex 3.51235 -3.68406 5.04416
    endloop
  endfacet
  facet normal 0.0816384 -0.0159992 0.996534
    outer loop
      vertex 4.45642 -1.13293 5.04416
      vertex 4.34808 -1.68575 5.04416
      vertex 6.02857 -2.33728 4.89603
    endloop
  endfacet
  facet normal 0.113332 -0.0131529 0.99347
    outer loop
      vertex 6.2695 -0.789201 4.89603
      vertex 6.17879 -1.5708 4.89603
      vertex 7.84165 -1.99354 4.70074
    endloop
  endfacet
  facet normal 0.13865 -0.0388172 0.98958
    outer loop
      vertex 7.65101 -2.96629 4.70074
      vertex 7.38667 -3.91048 4.70074
      vertex 8.88192 -4.70205 4.46019
    endloop
  endfacet
  facet normal 0.107899 -0.0302079 0.993703
    outer loop
      vertex 7.65101 -2.96629 4.70074
      vertex 5.82029 -3.08124 4.89603
      vertex 7.38667 -3.91048 4.70074
    endloop
  endfacet
  facet normal 0.123262 0.106409 0.986653
    outer loop
      vertex 7.06687 11.0055 4.17668
      vertex 6.09888 9.49802 4.46019
      vertex 6.79793 8.68826 4.46019
    endloop
  endfacet
  facet normal 0.0990747 0.0855293 0.991397
    outer loop
      vertex 6.09888 9.49802 4.46019
      vertex 5.65352 7.22562 4.70074
      vertex 6.79793 8.68826 4.46019
    endloop
  endfacet
  facet normal 0.0879194 0.0927528 0.9918
    outer loop
      vertex 6.09888 9.49802 4.46019
      vertex 4.44194 8.49643 4.70074
      vertex 5.07215 7.89906 4.70074
    endloop
  endfacet
  facet normal 0.135911 0.0963838 0.986022
    outer loop
      vertex 7.87687 10.0672 4.17668
      vertex 6.79793 8.68826 4.46019
      vertex 8.61101 9.03199 4.17668
    endloop
  endfacet
  facet normal 0.0849849 0.0602661 0.994558
    outer loop
      vertex 6.18044 6.48259 4.70074
      vertex 4.45466 5.69339 4.89603
      vertex 4.86984 5.10792 4.89603
    endloop
  endfacet
  facet normal 0.147238 0.0854405 0.985404
    outer loop
      vertex 8.61101 9.03199 4.17668
      vertex 7.99352 6.82632 4.46019
      vertex 9.26222 7.90977 4.17668
    endloop
  endfacet
  facet normal 0.0759054 0.0990874 0.992179
    outer loop
      vertex 4.53188 10.8362 4.46019
      vertex 3.76895 9.01197 4.70074
      vertex 4.44194 8.49643 4.70074
    endloop
  endfacet
  facet normal 0.0433073 0.0565334 0.997461
    outer loop
      vertex 2.96972 7.10094 4.89603
      vertex 2.1419 5.12152 5.04416
      vertex 3.5 6.69472 4.89603
    endloop
  endfacet
  facet normal 0.233472 0.246312 0.940649
    outer loop
      vertex 10.1754 15.8465 2.67333
      vertex 8.34465 15.9614 3.09764
      vertex 9.52857 14.8392 3.09764
    endloop
  endfacet
  facet normal 0.181519 0.156695 0.970823
    outer loop
      vertex 8.79002 13.689 3.49211
      vertex 7.96681 12.407 3.85295
      vertex 8.87995 11.3492 3.85295
    endloop
  endfacet
  facet normal 0.116001 0.191911 0.974533
    outer loop
      vertex 5.30238 16.3607 3.49211
      vertex 4.8058 14.8285 3.85295
      vertex 5.91987 14.1551 3.85295
    endloop
  endfacet
  facet normal 0.0399031 0.210474 0.976785
    outer loop
      vertex 1.3581 17.6235 3.49211
      vertex 1.23091 15.973 3.85295
      vertex 2.70313 17.3685 3.49211
    endloop
  endfacet
  facet normal 0.165757 0.117554 0.979135
    outer loop
      vertex 8.87995 11.3492 3.85295
      vertex 8.61101 9.03199 4.17668
      vertex 9.70758 10.1822 3.85295
    endloop
  endfacet
  facet normal 0.179522 0.104174 0.978223
    outer loop
      vertex 9.70758 10.1822 3.85295
      vertex 8.61101 9.03199 4.17668
      vertex 9.26222 7.90977 4.17668
    endloop
  endfacet
  facet normal 0.267902 -0.0102947 0.963391
    outer loop
      vertex 13.8558 0 3.49211
      vertex 12.5582 0 3.85295
      vertex 13.7891 -1.73576 3.49211
    endloop
  endfacet
  facet normal 0.267902 0.0102947 0.963391
    outer loop
      vertex 13.7891 1.73576 3.49211
      vertex 12.5582 0 3.85295
      vertex 13.8558 0 3.49211
    endloop
  endfacet
  facet normal 0.216187 0.0423773 0.975432
    outer loop
      vertex 12.0174 4.65914 3.85295
      vertex 10.6599 4.13284 4.17668
      vertex 12.3169 3.13125 3.85295
    endloop
  endfacet
  facet normal 0.172327 0.0482459 0.983858
    outer loop
      vertex 10.2916 5.44835 4.17668
      vertex 9.19976 3.56674 4.46019
      vertex 10.6599 4.13284 4.17668
    endloop
  endfacet
  facet normal 0.204554 0.338402 0.9185
    outer loop
      vertex 6.46911 19.9607 2.22329
      vertex 6.13806 18.9393 2.67333
      vertex 7.96877 19.0542 2.22329
    endloop
  endfacet
  facet normal 0.2512 0.415571 0.874185
    outer loop
      vertex 6.73786 20.79 1.75183
      vertex 6.46911 19.9607 2.22329
      vertex 7.96877 19.0542 2.22329
    endloop
  endfacet
  facet normal 0.0660462 0.206285 0.97626
    outer loop
      vertex 4.02212 16.9462 3.49211
      vertex 2.70313 17.3685 3.49211
      vertex 3.64544 15.3591 3.85295
    endloop
  endfacet
  facet normal 0.0914985 0.200072 0.9755
    outer loop
      vertex 4.02212 16.9462 3.49211
      vertex 3.64544 15.3591 3.85295
      vertex 5.30238 16.3607 3.49211
    endloop
  endfacet
  facet normal 0.0786195 0.130047 0.988386
    outer loop
      vertex 5.25116 12.5561 4.17668
      vertex 3.67901 11.3518 4.46019
      vertex 4.53188 10.8362 4.46019
    endloop
  endfacet
  facet normal 0.0756865 0.165517 0.983298
    outer loop
      vertex 3.64544 15.3591 3.85295
      vertex 3.23365 13.6242 4.17668
      vertex 4.8058 14.8285 3.85295
    endloop
  endfacet
  facet normal -0.201713 0.0746433 0.976596
    outer loop
      vertex -11.0753 7.56604 3.85295
      vertex -11.6022 6.14217 3.85295
      vertex -10.2916 5.44835 4.17668
    endloop
  endfacet
  facet normal -0.0944765 0.123328 0.987858
    outer loop
      vertex -5.25116 12.5561 4.17668
      vertex -6.18882 11.8378 4.17668
      vertex -4.53188 10.8362 4.46019
    endloop
  endfacet
  facet normal -0.0546317 0.170613 0.983822
    outer loop
      vertex -2.44997 15.7419 3.85295
      vertex -3.64544 15.3591 3.85295
      vertex -3.23365 13.6242 4.17668
    endloop
  endfacet
  facet normal -0.0914919 0.200082 0.975498
    outer loop
      vertex -3.64544 15.3591 3.85295
      vertex -5.30238 16.3607 3.49211
      vertex -4.8058 14.8285 3.85295
    endloop
  endfacet
  facet normal 0.0546029 0.170603 0.983826
    outer loop
      vertex 2.44997 15.7419 3.85295
      vertex 2.17322 13.9636 4.17668
      vertex 3.23365 13.6242 4.17668
    endloop
  endfacet
  facet normal 0.0795674 0.248562 0.965342
    outer loop
      vertex 2.93025 18.8278 3.09764
      vertex 2.70313 17.3685 3.49211
      vertex 4.36007 18.3701 3.09764
    endloop
  endfacet
  facet normal -0.00725203 0.115513 0.99328
    outer loop
      vertex 0 10.2186 4.70074
      vertex -0.942309 12.2279 4.46019
      vertex -0.783674 10.1694 4.70074
    endloop
  endfacet
  facet normal 0.0168519 0.0888888 0.995899
    outer loop
      vertex 0.783674 10.1694 4.70074
      vertex 0.617492 8.0129 4.89603
      vertex 1.22904 7.89696 4.89603
    endloop
  endfacet
  facet normal -0.179522 0.104174 0.978223
    outer loop
      vertex -8.61101 9.03199 4.17668
      vertex -9.70758 10.1822 3.85295
      vertex -9.26222 7.90977 4.17668
    endloop
  endfacet
  facet normal -0.0921022 0.0534459 0.994314
    outer loop
      vertex -4.86984 5.10792 4.89603
      vertex -6.18044 6.48259 4.70074
      vertex -5.23812 4.47327 4.89603
    endloop
  endfacet
  facet normal -0.0786172 0.13005 0.988386
    outer loop
      vertex -4.26293 13.1535 4.17668
      vertex -5.25116 12.5561 4.17668
      vertex -3.67901 11.3518 4.46019
    endloop
  endfacet
  facet normal -0.0786195 0.130047 0.988386
    outer loop
      vertex -3.67901 11.3518 4.46019
      vertex -5.25116 12.5561 4.17668
      vertex -4.53188 10.8362 4.46019
    endloop
  endfacet
  facet normal -0.561052 0.325566 0.76107
    outer loop
      vertex -14.0221 14.7076 1.2635
      vertex -15.0825 12.8802 1.2635
      vertex -13.6103 14.2757 1.75183
    endloop
  endfacet
  facet normal -0.594065 0.278606 0.754629
    outer loop
      vertex -15.0825 12.8802 1.2635
      vertex -15.5279 10.6078 1.75183
      vertex -14.6396 12.5019 1.75183
    endloop
  endfacet
  facet normal -0.300433 0.392188 0.869441
    outer loop
      vertex -8.29982 19.8458 1.75183
      vertex -9.78185 18.7105 1.75183
      vertex -9.39169 17.9642 2.22329
    endloop
  endfacet
  facet normal -0.428038 0.451567 0.78286
    outer loop
      vertex -10.0778 19.2766 1.2635
      vertex -11.5076 17.9213 1.2635
      vertex -11.1697 17.395 1.75183
    endloop
  endfacet
  facet normal -0.16845 0.278653 0.945504
    outer loop
      vertex -5.7479 17.7354 3.09764
      vertex -7.56098 18.0791 2.67333
      vertex -7.08037 16.9299 3.09764
    endloop
  endfacet
  facet normal -0.110206 0.240976 0.964254
    outer loop
      vertex -4.36007 18.3701 3.09764
      vertex -5.7479 17.7354 3.09764
      vertex -5.30238 16.3607 3.49211
    endloop
  endfacet
  facet normal -0.133014 0.290847 0.947478
    outer loop
      vertex -4.65603 19.617 2.67333
      vertex -5.7479 17.7354 3.09764
      vertex -4.36007 18.3701 3.09764
    endloop
  endfacet
  facet normal -0.204558 0.338375 0.918509
    outer loop
      vertex -6.13806 18.9393 2.67333
      vertex -7.96877 19.0542 2.22329
      vertex -7.56098 18.0791 2.67333
    endloop
  endfacet
  facet normal -0.0795674 0.248562 0.965342
    outer loop
      vertex -2.93025 18.8278 3.09764
      vertex -4.36007 18.3701 3.09764
      vertex -2.70313 17.3685 3.49211
    endloop
  endfacet
  facet normal -0.0160751 0.256239 0.96648
    outer loop
      vertex 0 17.7087 3.49211
      vertex -1.47221 19.1042 3.09764
      vertex -1.3581 17.6235 3.49211
    endloop
  endfacet
  facet normal -0.475579 0.786748 0.393513
    outer loop
      vertex -7.14756 22.0541 0.255152
      vertex -8.8045 21.0525 0.255152
      vertex -7.07872 21.8417 0.762998
    endloop
  endfacet
  facet normal -0.381118 0.833409 0.400224
    outer loop
      vertex -5.42178 22.8433 0.255152
      vertex -7.14756 22.0541 0.255152
      vertex -7.07872 21.8417 0.762998
    endloop
  endfacet
  facet normal -0.391358 0.64746 0.653938
    outer loop
      vertex -7.07872 21.8417 0.762998
      vertex -8.71971 20.8498 0.762998
      vertex -6.94172 21.419 1.2635
    endloop
  endfacet
  facet normal -0.475575 0.786788 0.393438
    outer loop
      vertex -7.07872 21.8417 0.762998
      vertex -8.8045 21.0525 0.255152
      vertex -8.71971 20.8498 0.762998
    endloop
  endfacet
  facet normal -0.109119 0.575626 0.8104
    outer loop
      vertex -1.77799 23.0721 1.2635
      vertex -3.53886 22.7383 1.2635
      vertex -1.72577 22.3945 1.75183
    endloop
  endfacet
  facet normal -0.169918 0.89632 0.409559
    outer loop
      vertex -1.81308 23.5275 0.762998
      vertex -3.64379 23.4125 0.255152
      vertex -3.6087 23.1871 0.762998
    endloop
  endfacet
  facet normal -0.0291742 0.464806 0.884932
    outer loop
      vertex 0 22.5029 1.75183
      vertex -1.65694 21.5013 2.22329
      vertex 0 21.6053 2.22329
    endloop
  endfacet
  facet normal -0.0291976 0.464837 0.884915
    outer loop
      vertex 0 22.5029 1.75183
      vertex -1.72577 22.3945 1.75183
      vertex -1.65694 21.5013 2.22329
    endloop
  endfacet
  facet normal 0.0480873 0.253666 0.966096
    outer loop
      vertex 2.93025 18.8278 3.09764
      vertex 1.47221 19.1042 3.09764
      vertex 2.70313 17.3685 3.49211
    endloop
  endfacet
  facet normal 0.0480923 0.253669 0.966095
    outer loop
      vertex 1.47221 19.1042 3.09764
      vertex 1.3581 17.6235 3.49211
      vertex 2.70313 17.3685 3.49211
    endloop
  endfacet
  facet normal -0.0960859 0.300145 0.949042
    outer loop
      vertex -3.12916 20.1058 2.67333
      vertex -4.65603 19.617 2.67333
      vertex -4.36007 18.3701 3.09764
    endloop
  endfacet
  facet normal -0.0960777 0.300139 0.949044
    outer loop
      vertex -3.12916 20.1058 2.67333
      vertex -4.36007 18.3701 3.09764
      vertex -2.93025 18.8278 3.09764
    endloop
  endfacet
  facet normal 0.517317 0.855794 -0
    outer loop
      vertex 8.8045 21.0525 0
      vertex 7.14756 22.0541 0.255152
      vertex 8.8045 21.0525 0.255152
    endloop
  endfacet
  facet normal 0.517317 0.855794 0
    outer loop
      vertex 7.14756 22.0541 0.255152
      vertex 8.8045 21.0525 0
      vertex 7.14756 22.0541 0
    endloop
  endfacet
  facet normal 0.381118 0.833409 0.400224
    outer loop
      vertex 7.14756 22.0541 0.255152
      vertex 5.42178 22.8433 0.255152
      vertex 7.07872 21.8417 0.762998
    endloop
  endfacet
  facet normal 0.381121 0.83341 0.400217
    outer loop
      vertex 5.42178 22.8433 0.255152
      vertex 5.36957 22.6233 0.762998
      vertex 7.07872 21.8417 0.762998
    endloop
  endfacet
  facet normal 0.464436 0.6063 0.645523
    outer loop
      vertex 8.71971 20.8498 0.762998
      vertex 8.55094 20.4462 1.2635
      vertex 10.0778 19.2766 1.2635
    endloop
  endfacet
  facet normal 0.248122 0.542561 0.802536
    outer loop
      vertex 5.26564 22.1855 1.2635
      vertex 5.111 21.5339 1.75183
      vertex 6.94172 21.419 1.2635
    endloop
  endfacet
  facet normal 0.300425 0.392184 0.869446
    outer loop
      vertex 8.29982 19.8458 1.75183
      vertex 7.96877 19.0542 2.22329
      vertex 9.39169 17.9642 2.22329
    endloop
  endfacet
  facet normal 0.245062 0.319911 0.915206
    outer loop
      vertex 7.96877 19.0542 2.22329
      vertex 7.56098 18.0791 2.67333
      vertex 9.39169 17.9642 2.22329
    endloop
  endfacet
  facet normal 0.384202 0.0147614 0.923131
    outer loop
      vertex 15.9623 2.00932 2.67333
      vertex 15.02 0 3.09764
      vertex 16.0395 0 2.67333
    endloop
  endfacet
  facet normal 0.384202 -0.0147614 0.923131
    outer loop
      vertex 16.0395 0 2.67333
      vertex 15.02 0 3.09764
      vertex 15.9623 -2.00932 2.67333
    endloop
  endfacet
  facet normal 0.20995 0.0587791 0.975944
    outer loop
      vertex 11.6022 6.14217 3.85295
      vertex 10.2916 5.44835 4.17668
      vertex 10.6599 4.13284 4.17668
    endloop
  endfacet
  facet normal 0.260386 0.051034 0.964155
    outer loop
      vertex 13.2592 5.14057 3.49211
      vertex 12.3169 3.13125 3.85295
      vertex 13.5896 3.4548 3.49211
    endloop
  endfacet
  facet normal 0.265387 0.030799 0.96365
    outer loop
      vertex 13.5896 3.4548 3.49211
      vertex 12.3169 3.13125 3.85295
      vertex 13.7891 1.73576 3.49211
    endloop
  endfacet
  facet normal 0.265384 0.0307959 0.963651
    outer loop
      vertex 13.7891 1.73576 3.49211
      vertex 12.3169 3.13125 3.85295
      vertex 12.4977 1.5732 3.85295
    endloop
  endfacet
  facet normal 0.139663 0.231033 0.96287
    outer loop
      vertex 5.7479 17.7354 3.09764
      vertex 5.30238 16.3607 3.49211
      vertex 7.08037 16.9299 3.09764
    endloop
  endfacet
  facet normal 0.16845 0.278653 0.945504
    outer loop
      vertex 7.56098 18.0791 2.67333
      vertex 5.7479 17.7354 3.09764
      vertex 7.08037 16.9299 3.09764
    endloop
  endfacet
  facet normal 0.137961 0.72775 0.671824
    outer loop
      vertex 3.6087 23.1871 0.762998
      vertex 1.81308 23.5275 0.762998
      vertex 3.53886 22.7383 1.2635
    endloop
  endfacet
  facet normal 0.227045 0.709111 0.667542
    outer loop
      vertex 3.6087 23.1871 0.762998
      vertex 3.53886 22.7383 1.2635
      vertex 5.36957 22.6233 0.762998
    endloop
  endfacet
  facet normal 0.415878 0.90942 -0
    outer loop
      vertex 7.14756 22.0541 0
      vertex 5.42178 22.8433 0.255152
      vertex 7.14756 22.0541 0.255152
    endloop
  endfacet
  facet normal 0.415878 0.90942 0
    outer loop
      vertex 5.42178 22.8433 0.255152
      vertex 7.14756 22.0541 0
      vertex 5.42178 22.8433 0
    endloop
  endfacet
  facet normal 0.16995 0.896254 0.40969
    outer loop
      vertex 1.83071 23.7563 0.255152
      vertex 1.81308 23.5275 0.762998
      vertex 3.64379 23.4125 0.255152
    endloop
  endfacet
  facet normal 0.0365831 0.582417 0.812066
    outer loop
      vertex 1.77799 23.0721 1.2635
      vertex 0 22.5029 1.75183
      vertex 1.72577 22.3945 1.75183
    endloop
  endfacet
  facet normal 0.109119 0.575626 0.8104
    outer loop
      vertex 1.77799 23.0721 1.2635
      vertex 1.72577 22.3945 1.75183
      vertex 3.53886 22.7383 1.2635
    endloop
  endfacet
  facet normal -0.111149 0.0217837 0.993565
    outer loop
      vertex -6.02857 2.33728 4.89603
      vertex -7.84165 1.99354 4.70074
      vertex -6.17879 1.5708 4.89603
    endloop
  endfacet
  facet normal -0.0840524 -0.00323131 0.996456
    outer loop
      vertex -4.52185 -0.569207 5.04416
      vertex -6.29984 0 4.89603
      vertex -6.2695 -0.789201 4.89603
    endloop
  endfacet
  facet normal -0.107899 0.0302075 0.993703
    outer loop
      vertex -5.82029 3.08124 4.89603
      vertex -7.65101 2.96629 4.70074
      vertex -6.02857 2.33728 4.89603
    endloop
  endfacet
  facet normal -0.0816379 0.0159999 0.996534
    outer loop
      vertex -6.02857 2.33728 4.89603
      vertex -6.17879 1.5708 4.89603
      vertex -4.45642 1.13293 5.04416
    endloop
  endfacet
  facet normal -0.0770447 0.0665109 0.994807
    outer loop
      vertex -3.99658 6.22402 4.89603
      vertex -5.65352 7.22562 4.70074
      vertex -4.45466 5.69339 4.89603
    endloop
  endfacet
  facet normal -0.0631484 0.104468 0.992521
    outer loop
      vertex -3.05966 9.44072 4.70074
      vertex -4.53188 10.8362 4.46019
      vertex -3.76895 9.01197 4.70074
    endloop
  endfacet
  facet normal -0.126388 0.0592726 0.990208
    outer loop
      vertex -7.99352 6.82632 4.46019
      vertex -8.47855 5.79208 4.46019
      vertex -7.05121 4.817 4.70074
    endloop
  endfacet
  facet normal -0.126388 0.0592728 0.990208
    outer loop
      vertex -6.64783 5.67713 4.70074
      vertex -7.99352 6.82632 4.46019
      vertex -7.05121 4.817 4.70074
    endloop
  endfacet
  facet normal -0.384199 0.0147628 0.923132
    outer loop
      vertex -14.9477 1.8816 3.09764
      vertex -15.9623 2.00932 2.67333
      vertex -15.02 0 3.09764
    endloop
  endfacet
  facet normal -0.222471 0.00855549 0.974902
    outer loop
      vertex -12.4977 1.5732 3.85295
      vertex -12.5582 0 3.85295
      vertex -11.0859 1.39549 4.17668
    endloop
  endfacet
  facet normal -0.00271547 -0.0432394 0.999061
    outer loop
      vertex -0.268945 -3.48997 5.14372
      vertex -0.445363 -5.77926 5.04416
      vertex 0 -3.50686 5.14372
    endloop
  endfacet
  facet normal -0.0258094 -0.00722569 0.999641
    outer loop
      vertex -0.878055 -0.340422 5.19374
      vertex -2.535 -1.34202 5.14372
      vertex -0.847719 -0.448779 5.19374
    endloop
  endfacet
  facet normal -0.0792466 0.0221857 0.996608
    outer loop
      vertex -4.19786 2.22233 5.04416
      vertex -5.82029 3.08124 4.89603
      vertex -4.34808 1.68575 5.04416
    endloop
  endfacet
  facet normal 0.0134434 -0.0419927 0.999027
    outer loop
      vertex 1.31897 -5.55717 5.04416
      vertex 0.7965 -3.35585 5.14372
      vertex 0.886437 -5.69564 5.04416
    endloop
  endfacet
  facet normal -0.0220183 0.0127767 0.999676
    outer loop
      vertex -0.709288 0.743963 5.19374
      vertex -2.28144 1.94831 5.14372
      vertex -0.762927 0.651526 5.19374
    endloop
  endfacet
  facet normal -0.0520682 0.0145769 0.998537
    outer loop
      vertex -4.19786 2.22233 5.04416
      vertex -4.34808 1.68575 5.04416
      vertex -2.535 1.34202 5.14372
    endloop
  endfacet
  facet normal -0.0140931 -0.0183984 0.999731
    outer loop
      vertex -0.509771 -0.975079 5.19374
      vertex -1.29345 -3.09277 5.14372
      vertex -0.432537 -1.03424 5.19374
    endloop
  endfacet
  facet normal -0.0284414 0.0371265 0.998906
    outer loop
      vertex -2.1419 5.12152 5.04416
      vertex -2.52436 4.82853 5.04416
      vertex -1.52441 2.91585 5.14372
    endloop
  endfacet
  facet normal -0.0220183 -0.0127767 0.999676
    outer loop
      vertex -0.762927 -0.651526 5.19374
      vertex -2.28144 -1.94831 5.14372
      vertex -0.709288 -0.743963 5.19374
    endloop
  endfacet
  facet normal -0.15714 0.0736942 0.984823
    outer loop
      vertex -7.99352 6.82632 4.46019
      vertex -9.26222 7.90977 4.17668
      vertex -8.47855 5.79208 4.46019
    endloop
  endfacet
  facet normal -0.103613 0.0383432 0.993878
    outer loop
      vertex -5.55596 3.79553 4.89603
      vertex -7.05121 4.817 4.70074
      vertex -5.82029 3.08124 4.89603
    endloop
  endfacet
  facet normal -0.0444237 0.0257796 0.99868
    outer loop
      vertex -2.12103 2.22473 5.14372
      vertex -3.51235 3.68406 5.04416
      vertex -2.28144 1.94831 5.14372
    endloop
  endfacet
  facet normal -0.0271149 -0.003147 0.999627
    outer loop
      vertex -0.913147 -0.114946 5.19374
      vertex -2.73065 -0.343732 5.14372
      vertex -2.69114 -0.684154 5.14372
    endloop
  endfacet
  facet normal -0.0546994 -0.00634851 0.998483
    outer loop
      vertex -2.73065 -0.343732 5.14372
      vertex -4.52185 -0.569207 5.04416
      vertex -2.69114 -0.684154 5.14372
    endloop
  endfacet
  facet normal -0.0474378 -0.022246 0.998626
    outer loop
      vertex -2.41987 -1.65312 5.14372
      vertex -4.00721 -2.73751 5.04416
      vertex -2.28144 -1.94831 5.14372
    endloop
  endfacet
  facet normal -0.0722067 -0.0338632 0.996815
    outer loop
      vertex -4.00721 -2.73751 5.04416
      vertex -5.55596 -3.79553 4.89603
      vertex -3.77797 -3.22632 5.04416
    endloop
  endfacet
  facet normal -0.0520684 -0.0145762 0.998537
    outer loop
      vertex -2.62571 -1.01799 5.14372
      vertex -4.34808 -1.68575 5.04416
      vertex -2.535 -1.34202 5.14372
    endloop
  endfacet
  facet normal 0.0247802 -0.0091705 0.999651
    outer loop
      vertex 2.535 -1.34202 5.14372
      vertex 0.80922 -0.552814 5.19374
      vertex 2.41987 -1.65312 5.14372
    endloop
  endfacet
  facet normal -0.0117211 -0.0193907 0.999743
    outer loop
      vertex -0.351136 -1.08345 5.19374
      vertex -1.29345 -3.09277 5.14372
      vertex -1.05003 -3.23991 5.14372
    endloop
  endfacet
  facet normal -0.0283845 -0.0620708 0.997668
    outer loop
      vertex -1.73881 -5.36518 5.04416
      vertex -2.41084 -7.43877 4.89603
      vertex -1.31897 -5.55717 5.04416
    endloop
  endfacet
  facet normal -0.0140934 0.0183983 0.999731
    outer loop
      vertex -1.29345 3.09277 5.14372
      vertex -1.52441 2.91585 5.14372
      vertex -0.509771 0.975079 5.19374
    endloop
  endfacet
  facet normal 0.0184101 -0.0158927 0.999704
    outer loop
      vertex 0.648816 -0.829236 5.19374
      vertex 0.582097 -0.906523 5.19374
      vertex 1.9402 -2.47972 5.14372
    endloop
  endfacet
  facet normal -0.0235124 0.0110266 0.999663
    outer loop
      vertex -0.762927 0.651526 5.19374
      vertex -2.28144 1.94831 5.14372
      vertex -0.80922 0.552814 5.19374
    endloop
  endfacet
  facet normal 0.0203118 -0.0144044 0.99969
    outer loop
      vertex 2.12103 -2.22473 5.14372
      vertex 0.709288 -0.743963 5.19374
      vertex 1.9402 -2.47972 5.14372
    endloop
  endfacet
  facet normal 0.0258094 0.00722569 0.999641
    outer loop
      vertex 2.535 1.34202 5.14372
      vertex 0.847719 0.448779 5.19374
      vertex 0.878055 0.340422 5.19374
    endloop
  endfacet
  facet normal 0.0770445 -0.0665113 0.994807
    outer loop
      vertex 5.65352 -7.22562 4.70074
      vertex 3.99658 -6.22402 4.89603
      vertex 5.07215 -7.89906 4.70074
    endloop
  endfacet
  facet normal 0.0760929 -0.0281593 0.996703
    outer loop
      vertex 4.19786 -2.22233 5.04416
      vertex 4.00721 -2.73751 5.04416
      vertex 5.82029 -3.08124 4.89603
    endloop
  endfacet
  facet normal 0.0983315 0.0461146 0.994085
    outer loop
      vertex 7.05121 4.817 4.70074
      vertex 5.23812 4.47327 4.89603
      vertex 5.55596 3.79553 4.89603
    endloop
  endfacet
  facet normal -0.0247803 -0.00917016 0.999651
    outer loop
      vertex -0.847719 -0.448779 5.19374
      vertex -2.535 -1.34202 5.14372
      vertex -0.80922 -0.552814 5.19374
    endloop
  endfacet
  facet normal 0.0271149 0.003147 0.999627
    outer loop
      vertex 2.69114 0.684154 5.14372
      vertex 0.913147 0.114946 5.19374
      vertex 2.73065 0.343732 5.14372
    endloop
  endfacet
  facet normal 0.0832449 0.00966115 0.996482
    outer loop
      vertex 6.17879 1.5708 4.89603
      vertex 4.45642 1.13293 5.04416
      vertex 6.2695 0.789201 4.89603
    endloop
  endfacet
  facet normal 0.113332 0.0131529 0.99347
    outer loop
      vertex 7.84165 1.99354 4.70074
      vertex 6.17879 1.5708 4.89603
      vertex 6.2695 0.789201 4.89603
    endloop
  endfacet
  facet normal -0.0623926 -0.044245 0.99707
    outer loop
      vertex -3.51235 -3.68406 5.04416
      vertex -4.86984 -5.10792 4.89603
      vertex -4.45466 -5.69339 4.89603
    endloop
  endfacet
  facet normal -0.0849849 -0.0602661 0.994558
    outer loop
      vertex -4.86984 -5.10792 4.89603
      vertex -6.18044 -6.48259 4.70074
      vertex -4.45466 -5.69339 4.89603
    endloop
  endfacet
  facet normal 0.0490847 -0.0812018 0.995488
    outer loop
      vertex 3.76895 -9.01197 4.70074
      vertex 2.96972 -7.10094 4.89603
      vertex 3.05966 -9.44072 4.70074
    endloop
  endfacet
  facet normal -0.00413586 -0.0658548 0.997821
    outer loop
      vertex 0 -5.80723 5.04416
      vertex -0.445363 -5.77926 5.04416
      vertex 0 -8.05167 4.89603
    endloop
  endfacet
  facet normal -0.0123644 -0.0652187 0.997794
    outer loop
      vertex -0.445363 -5.77926 5.04416
      vertex -1.22904 -7.89696 4.89603
      vertex -0.617492 -8.0129 4.89603
    endloop
  endfacet
  facet normal -0.0056351 -0.0897577 0.995948
    outer loop
      vertex 0 -8.05167 4.89603
      vertex -0.783674 -10.1694 4.70074
      vertex 0 -10.2186 4.70074
    endloop
  endfacet
  facet normal -0.0329528 -0.0347651 0.998852
    outer loop
      vertex -1.52441 -2.91585 5.14372
      vertex -2.88251 -4.48905 5.04416
      vertex -2.52436 -4.82853 5.04416
    endloop
  endfacet
  facet normal -0.0565565 -0.0488238 0.997205
    outer loop
      vertex -3.2129 -4.10633 5.04416
      vertex -4.45466 -5.69339 4.89603
      vertex -3.99658 -6.22402 4.89603
    endloop
  endfacet
  facet normal 0.1184 -0.0687051 0.990586
    outer loop
      vertex 6.64783 -5.67713 4.70074
      vertex 6.18044 -6.48259 4.70074
      vertex 7.99352 -6.82632 4.46019
    endloop
  endfacet
  facet normal 0.0921022 -0.0534459 0.994314
    outer loop
      vertex 5.23812 -4.47327 4.89603
      vertex 4.86984 -5.10792 4.89603
      vertex 6.18044 -6.48259 4.70074
    endloop
  endfacet
  facet normal -0.220366 -0.0255755 0.975082
    outer loop
      vertex -11.0859 -1.39549 4.17668
      vertex -12.3169 -3.13125 3.85295
      vertex -10.9255 -2.77754 4.17668
    endloop
  endfacet
  facet normal -0.21618 -0.042365 0.975434
    outer loop
      vertex -10.9255 -2.77754 4.17668
      vertex -12.3169 -3.13125 3.85295
      vertex -10.6599 -4.13284 4.17668
    endloop
  endfacet
  facet normal -0.13316 -0.0492764 0.989869
    outer loop
      vertex -7.05121 -4.817 4.70074
      vertex -8.88192 -4.70205 4.46019
      vertex -8.47855 -5.79208 4.46019
    endloop
  endfacet
  facet normal -0.142813 0.0279899 0.989354
    outer loop
      vertex -9.19976 3.56674 4.46019
      vertex -9.429 2.39709 4.46019
      vertex -7.84165 1.99354 4.70074
    endloop
  endfacet
  facet normal -0.267892 -0.0103022 0.963394
    outer loop
      vertex -12.5582 0 3.85295
      vertex -13.7891 -1.73576 3.49211
      vertex -12.4977 -1.5732 3.85295
    endloop
  endfacet
  facet normal -0.18094 0.0209999 0.98327
    outer loop
      vertex -9.429 2.39709 4.46019
      vertex -11.0859 1.39549 4.17668
      vertex -9.56743 1.20434 4.46019
    endloop
  endfacet
  facet normal -0.172329 -0.0482449 0.983857
    outer loop
      vertex -9.19976 -3.56674 4.46019
      vertex -10.2916 -5.44835 4.17668
      vertex -8.88192 -4.70205 4.46019
    endloop
  endfacet
  facet normal -0.16553 -0.0612551 0.984301
    outer loop
      vertex -8.88192 -4.70205 4.46019
      vertex -10.2916 -5.44835 4.17668
      vertex -8.47855 -5.79208 4.46019
    endloop
  endfacet
  facet normal -0.18267 -0.00702111 0.983149
    outer loop
      vertex -9.61372 0 4.46019
      vertex -11.1396 0 4.17668
      vertex -9.56743 -1.20434 4.46019
    endloop
  endfacet
  facet normal -0.147013 0.0056506 0.989118
    outer loop
      vertex -9.56743 1.20434 4.46019
      vertex -9.61372 0 4.46019
      vertex -7.95678 1.00159 4.70074
    endloop
  endfacet
  facet normal -0.145609 -0.0169 0.989198
    outer loop
      vertex -7.95678 -1.00159 4.70074
      vertex -9.56743 -1.20434 4.46019
      vertex -7.84165 -1.99354 4.70074
    endloop
  endfacet
  facet normal -0.113331 -0.0131537 0.99347
    outer loop
      vertex -6.2695 -0.789201 4.89603
      vertex -7.95678 -1.00159 4.70074
      vertex -7.84165 -1.99354 4.70074
    endloop
  endfacet
  facet normal 0.0786172 -0.13005 0.988386
    outer loop
      vertex 5.25116 -12.5561 4.17668
      vertex 3.67901 -11.3518 4.46019
      vertex 4.26293 -13.1535 4.17668
    endloop
  endfacet
  facet normal 0.0546317 -0.170613 0.983822
    outer loop
      vertex 3.23365 -13.6242 4.17668
      vertex 2.44997 -15.7419 3.85295
      vertex 3.64544 -15.3591 3.85295
    endloop
  endfacet
  facet normal 0.20204 -0.263743 0.943196
    outer loop
      vertex 8.34465 -15.9614 3.09764
      vertex 7.08037 -16.9299 3.09764
      vertex 8.91108 -17.0449 2.67333
    endloop
  endfacet
  facet normal 0.202039 -0.263753 0.943194
    outer loop
      vertex 8.91108 -17.0449 2.67333
      vertex 7.08037 -16.9299 3.09764
      vertex 7.56098 -18.0791 2.67333
    endloop
  endfacet
  facet normal 0.109408 -0.115422 0.987273
    outer loop
      vertex 7.06687 -11.0055 4.17668
      vertex 6.09888 -9.49802 4.46019
      vertex 6.18882 -11.8378 4.17668
    endloop
  endfacet
  facet normal 0.123262 -0.106409 0.986653
    outer loop
      vertex 6.79793 -8.68826 4.46019
      vertex 6.09888 -9.49802 4.46019
      vertex 7.06687 -11.0055 4.17668
    endloop
  endfacet
  facet normal 0.0759054 -0.0990874 0.992179
    outer loop
      vertex 4.44194 -8.49643 4.70074
      vertex 3.76895 -9.01197 4.70074
      vertex 4.53188 -10.8362 4.46019
    endloop
  endfacet
  facet normal 0.0497728 -0.108838 0.992813
    outer loop
      vertex 3.05966 -9.44072 4.70074
      vertex 2.32091 -9.77856 4.70074
      vertex 2.79072 -11.758 4.46019
    endloop
  endfacet
  facet normal 0.0660557 -0.20629 0.976259
    outer loop
      vertex 3.64544 -15.3591 3.85295
      vertex 2.44997 -15.7419 3.85295
      vertex 2.70313 -17.3685 3.49211
    endloop
  endfacet
  facet normal 0.0786195 -0.130047 0.988386
    outer loop
      vertex 4.53188 -10.8362 4.46019
      vertex 3.67901 -11.3518 4.46019
      vertex 5.25116 -12.5561 4.17668
    endloop
  endfacet
  facet normal -0.168451 -0.278648 0.945505
    outer loop
      vertex -5.7479 -17.7354 3.09764
      vertex -7.56098 -18.0791 2.67333
      vertex -6.13806 -18.9393 2.67333
    endloop
  endfacet
  facet normal 0.0756865 -0.165517 0.983298
    outer loop
      vertex 4.8058 -14.8285 3.85295
      vertex 3.23365 -13.6242 4.17668
      vertex 3.64544 -15.3591 3.85295
    endloop
  endfacet
  facet normal -0.0944765 -0.123328 0.987858
    outer loop
      vertex -4.53188 -10.8362 4.46019
      vertex -6.18882 -11.8378 4.17668
      vertex -5.25116 -12.5561 4.17668
    endloop
  endfacet
  facet normal 0.00725203 -0.115513 0.99328
    outer loop
      vertex 0.783674 -10.1694 4.70074
      vertex 0 -10.2186 4.70074
      vertex 0.942309 -12.2279 4.46019
    endloop
  endfacet
  facet normal -0.0399031 -0.210474 0.976785
    outer loop
      vertex -1.23091 -15.973 3.85295
      vertex -2.70313 -17.3685 3.49211
      vertex -1.3581 -17.6235 3.49211
    endloop
  endfacet
  facet normal 0.0270191 -0.142453 0.989433
    outer loop
      vertex 2.17322 -13.9636 4.17668
      vertex 0.942309 -12.2279 4.46019
      vertex 1.09187 -14.1687 4.17668
    endloop
  endfacet
  facet normal 0.0795772 -0.248547 0.965345
    outer loop
      vertex 4.02212 -16.9462 3.49211
      vertex 2.70313 -17.3685 3.49211
      vertex 4.36007 -18.3701 3.09764
    endloop
  endfacet
  facet normal 0.0660462 -0.206285 0.97626
    outer loop
      vertex 3.64544 -15.3591 3.85295
      vertex 2.70313 -17.3685 3.49211
      vertex 4.02212 -16.9462 3.49211
    endloop
  endfacet
  facet normal -0.21618 0.042365 0.975434
    outer loop
      vertex -10.6599 4.13284 4.17668
      vertex -12.3169 3.13125 3.85295
      vertex -10.9255 2.77754 4.17668
    endloop
  endfacet
  facet normal -0.363315 0.101698 0.926099
    outer loop
      vertex -13.8767 7.34624 3.09764
      vertex -15.3489 5.95075 2.67333
      vertex -14.3732 5.5725 3.09764
    endloop
  endfacet
  facet normal -0.259893 0.150824 0.953786
    outer loop
      vertex -11.6106 12.1782 3.09764
      vertex -12.4887 10.6651 3.09764
      vertex -10.7107 11.2343 3.49211
    endloop
  endfacet
  facet normal -0.252924 0.0708105 0.964891
    outer loop
      vertex -11.6022 6.14217 3.85295
      vertex -13.2592 5.14057 3.49211
      vertex -12.0174 4.65914 3.85295
    endloop
  endfacet
  facet normal -0.288734 0.204756 0.935258
    outer loop
      vertex -11.3417 14.4955 2.67333
      vertex -11.6106 12.1782 3.09764
      vertex -10.6207 13.5741 3.09764
    endloop
  endfacet
  facet normal -0.486325 0.228054 0.843492
    outer loop
      vertex -14.6396 12.5019 1.75183
      vertex -14.9085 10.1847 2.22329
      vertex -14.0557 12.0033 2.22329
    endloop
  endfacet
  facet normal -0.722855 0.338999 0.60213
    outer loop
      vertex -15.3802 13.1344 0.762998
      vertex -15.9977 10.9287 1.2635
      vertex -15.0825 12.8802 1.2635
    endloop
  endfacet
  facet normal -0.685536 0.39782 0.609738
    outer loop
      vertex -14.2988 14.9979 0.762998
      vertex -15.3802 13.1344 0.762998
      vertex -14.0221 14.7076 1.2635
    endloop
  endfacet
  facet normal -0.848161 0.397762 0.349868
    outer loop
      vertex -15.5298 13.2621 0.255152
      vertex -16.4721 11.2528 0.255152
      vertex -15.3802 13.1344 0.762998
    endloop
  endfacet
  facet normal -0.621384 0.229953 0.749001
    outer loop
      vertex -15.9977 10.9287 1.2635
      vertex -16.7588 8.87204 1.2635
      vertex -16.2666 8.61149 1.75183
    endloop
  endfacet
  facet normal -0.621433 0.229951 0.748962
    outer loop
      vertex -15.9977 10.9287 1.2635
      vertex -16.2666 8.61149 1.75183
      vertex -15.5279 10.6078 1.75183
    endloop
  endfacet
  facet normal -0.685516 0.39779 0.60978
    outer loop
      vertex -14.0221 14.7076 1.2635
      vertex -15.3802 13.1344 0.762998
      vertex -15.0825 12.8802 1.2635
    endloop
  endfacet
  facet normal -0.808241 0.469027 0.356034
    outer loop
      vertex -14.4379 15.1437 0.255152
      vertex -15.3802 13.1344 0.762998
      vertex -14.2988 14.9979 0.762998
    endloop
  endfacet
  facet normal -0.936035 0.10862 0.334724
    outer loop
      vertex -18.3186 4.65704 0.255152
      vertex -18.5875 2.33979 0.255152
      vertex -18.1422 4.61219 0.762998
    endloop
  endfacet
  facet normal -0.109119 0.575625 0.810401
    outer loop
      vertex -1.72577 22.3945 1.75183
      vertex -3.53886 22.7383 1.2635
      vertex -3.43493 22.0705 1.75183
    endloop
  endfacet
  facet normal -0.227031 0.709177 0.667476
    outer loop
      vertex -3.53886 22.7383 1.2635
      vertex -5.36957 22.6233 0.762998
      vertex -5.26564 22.1855 1.2635
    endloop
  endfacet
  facet normal -0.251217 0.41558 0.874176
    outer loop
      vertex -6.73786 20.79 1.75183
      vertex -8.29982 19.8458 1.75183
      vertex -7.96877 19.0542 2.22329
    endloop
  endfacet
  facet normal -0.346038 0.365083 0.864276
    outer loop
      vertex -9.78185 18.7105 1.75183
      vertex -10.7242 16.7012 2.22329
      vertex -9.39169 17.9642 2.22329
    endloop
  endfacet
  facet normal -0.687924 0.725783 0
    outer loop
      vertex -10.3766 19.8482 0
      vertex -11.8489 18.4527 0.255152
      vertex -10.3766 19.8482 0.255152
    endloop
  endfacet
  facet normal -0.687924 0.725783 0
    outer loop
      vertex -11.8489 18.4527 0.255152
      vertex -10.3766 19.8482 0
      vertex -11.8489 18.4527 0
    endloop
  endfacet
  facet normal -0.687924 -0.725783 0
    outer loop
      vertex -11.8489 -18.4527 0
      vertex -10.3766 -19.8482 0.255152
      vertex -11.8489 -18.4527 0.255152
    endloop
  endfacet
  facet normal -0.687924 -0.725783 -0
    outer loop
      vertex -10.3766 -19.8482 0.255152
      vertex -11.8489 -18.4527 0
      vertex -10.3766 -19.8482 0
    endloop
  endfacet
  facet normal -0.962974 -0.269594 0
    outer loop
      vertex -17.2557 -9.13512 0
      vertex -17.8732 -6.92945 0.255152
      vertex -17.8732 -6.92945 0
    endloop
  endfacet
  facet normal -0.962974 -0.269594 0
    outer loop
      vertex -17.8732 -6.92945 0.255152
      vertex -17.2557 -9.13512 0
      vertex -17.2557 -9.13512 0.255152
    endloop
  endfacet
  facet normal -0.795334 -0.155885 0.585784
    outer loop
      vertex -17.3585 -6.72989 1.2635
      vertex -18.1422 -4.61219 0.762998
      vertex -17.7011 -6.86271 0.762998
    endloop
  endfacet
  facet normal -0.92395 -0.181097 0.336927
    outer loop
      vertex -18.1422 -4.61219 0.762998
      vertex -18.3186 -4.65704 0.255152
      vertex -17.8732 -6.92945 0.255152
    endloop
  endfacet
  facet normal -0.349543 -0.129353 0.927948
    outer loop
      vertex -13.8767 -7.34624 3.09764
      vertex -14.8186 -7.8449 2.67333
      vertex -14.1456 -9.6635 2.67333
    endloop
  endfacet
  facet normal -0.349513 -0.129359 0.927958
    outer loop
      vertex -13.8767 -7.34624 3.09764
      vertex -14.1456 -9.6635 2.67333
      vertex -13.2464 -9.04924 3.09764
    endloop
  endfacet
  facet normal -0.167654 -0.218855 0.961246
    outer loop
      vertex -7.69786 -14.7243 3.49211
      vertex -8.34465 -15.9614 3.09764
      vertex -7.08037 -16.9299 3.09764
    endloop
  endfacet
  facet normal -0.0329934 -0.174041 0.984185
    outer loop
      vertex -1.09187 -14.1687 4.17668
      vertex -2.44997 -15.7419 3.85295
      vertex -1.23091 -15.973 3.85295
    endloop
  endfacet
  facet normal -0.400644 -0.187888 0.896762
    outer loop
      vertex -14.1456 -9.6635 2.67333
      vertex -14.9085 -10.1847 2.22329
      vertex -13.3364 -11.389 2.67333
    endloop
  endfacet
  facet normal -0.240224 -0.170356 0.955652
    outer loop
      vertex -10.7107 -11.2343 3.49211
      vertex -11.6106 -12.1782 3.09764
      vertex -9.79752 -12.522 3.49211
    endloop
  endfacet
  facet normal -0.0921032 -0.0534454 0.994314
    outer loop
      vertex -5.23812 -4.47327 4.89603
      vertex -6.64783 -5.67713 4.70074
      vertex -6.18044 -6.48259 4.70074
    endloop
  endfacet
  facet normal -0.15714 -0.0736942 0.984823
    outer loop
      vertex -8.47855 -5.79208 4.46019
      vertex -9.26222 -7.90977 4.17668
      vertex -7.99352 -6.82632 4.46019
    endloop
  endfacet
  facet normal -0.722855 -0.338999 0.60213
    outer loop
      vertex -15.0825 -12.8802 1.2635
      vertex -15.9977 -10.9287 1.2635
      vertex -15.3802 -13.1344 0.762998
    endloop
  endfacet
  facet normal -0.760095 -0.539009 0.362938
    outer loop
      vertex -14.2988 -14.9979 0.762998
      vertex -14.4379 -15.1437 0.255152
      vertex -13.0798 -16.7169 0.762998
    endloop
  endfacet
  facet normal -0.685516 -0.39779 0.60978
    outer loop
      vertex -15.0825 -12.8802 1.2635
      vertex -15.3802 -13.1344 0.762998
      vertex -14.0221 -14.7076 1.2635
    endloop
  endfacet
  facet normal -0.522333 -0.370418 0.768088
    outer loop
      vertex -13.6103 -14.2757 1.75183
      vertex -14.0221 -14.7076 1.2635
      vertex -12.4499 -15.912 1.75183
    endloop
  endfacet
  facet normal 0.143972 -0.449696 0.881502
    outer loop
      vertex 4.90715 -20.675 2.22329
      vertex 3.43493 -22.0705 1.75183
      vertex 5.111 -21.5339 1.75183
    endloop
  endfacet
  facet normal 0.116892 -0.365113 0.923596
    outer loop
      vertex 4.90715 -20.675 2.22329
      vertex 3.12916 -20.1058 2.67333
      vertex 3.29792 -21.1902 2.22329
    endloop
  endfacet
  facet normal 0.312649 -0.517205 0.796712
    outer loop
      vertex 8.29982 -19.8458 1.75183
      vertex 6.73786 -20.79 1.75183
      vertex 6.94172 -21.419 1.2635
    endloop
  endfacet
  facet normal 0.248116 -0.542614 0.802501
    outer loop
      vertex 6.73786 -20.79 1.75183
      vertex 5.111 -21.5339 1.75183
      vertex 6.94172 -21.419 1.2635
    endloop
  endfacet
  facet normal -0.278706 -0.87046 0.405738
    outer loop
      vertex -5.36957 -22.6233 0.762998
      vertex -5.42178 -22.8433 0.255152
      vertex -3.6087 -23.1871 0.762998
    endloop
  endfacet
  facet normal -0.227045 -0.709111 0.667542
    outer loop
      vertex -3.53886 -22.7383 1.2635
      vertex -5.36957 -22.6233 0.762998
      vertex -3.6087 -23.1871 0.762998
    endloop
  endfacet
  facet normal -0.0570867 -0.909514 0.411734
    outer loop
      vertex 0 -23.6413 0.762998
      vertex -1.81308 -23.5275 0.762998
      vertex 0 -23.8712 0.255152
    endloop
  endfacet
  facet normal 0.0570867 -0.909514 0.411734
    outer loop
      vertex 0 -23.6413 0.762998
      vertex 0 -23.8712 0.255152
      vertex 1.81308 -23.5275 0.762998
    endloop
  endfacet
  facet normal -0.204554 -0.338402 0.9185
    outer loop
      vertex -6.13806 -18.9393 2.67333
      vertex -7.96877 -19.0542 2.22329
      vertex -6.46911 -19.9607 2.22329
    endloop
  endfacet
  facet normal -0.198857 -0.434887 0.878254
    outer loop
      vertex -4.90715 -20.675 2.22329
      vertex -6.73786 -20.79 1.75183
      vertex -5.111 -21.5339 1.75183
    endloop
  endfacet
  facet normal -0.233472 -0.246314 0.940649
    outer loop
      vertex -8.34465 -15.9614 3.09764
      vertex -10.1754 -15.8465 2.67333
      vertex -8.91108 -17.0449 2.67333
    endloop
  endfacet
  facet normal -0.245062 -0.319911 0.915206
    outer loop
      vertex -7.56098 -18.0791 2.67333
      vertex -9.39169 -17.9642 2.22329
      vertex -7.96877 -19.0542 2.22329
    endloop
  endfacet
  facet normal 0.0291742 -0.464806 0.884932
    outer loop
      vertex 0 -21.6053 2.22329
      vertex 0 -22.5029 1.75183
      vertex 1.65694 -21.5013 2.22329
    endloop
  endfacet
  facet normal 0.0236626 -0.376911 0.925947
    outer loop
      vertex 0 -20.4997 2.67333
      vertex 0 -21.6053 2.22329
      vertex 1.57215 -20.401 2.67333
    endloop
  endfacet
  facet normal -0.0707097 -0.372953 0.925152
    outer loop
      vertex -1.57215 -20.401 2.67333
      vertex -3.12916 -20.1058 2.67333
      vertex -1.65694 -21.5013 2.22329
    endloop
  endfacet
  facet normal -0.0236569 -0.376905 0.92595
    outer loop
      vertex -1.57215 -20.401 2.67333
      vertex -1.65694 -21.5013 2.22329
      vertex 0 -21.6053 2.22329
    endloop
  endfacet
  facet normal -0.13352 -0.140859 0.980985
    outer loop
      vertex -6.18882 -11.8378 4.17668
      vertex -7.06687 -11.0055 4.17668
      vertex -6.97694 -13.3453 3.85295
    endloop
  endfacet
  facet normal -0.0204749 -0.0639532 0.997743
    outer loop
      vertex -1.31897 -5.55717 5.04416
      vertex -1.82875 -7.70496 4.89603
      vertex -1.22904 -7.89696 4.89603
    endloop
  endfacet
  facet normal -0.0186385 -0.0407582 0.998995
    outer loop
      vertex -0.7965 -3.35585 5.14372
      vertex -1.73881 -5.36518 5.04416
      vertex -1.31897 -5.55717 5.04416
    endloop
  endfacet
  facet normal -0.0683585 -0.072117 0.995051
    outer loop
      vertex -3.99658 -6.22402 4.89603
      vertex -4.44194 -8.49643 4.70074
      vertex -3.5 -6.69472 4.89603
    endloop
  endfacet
  facet normal -0.109267 -0.0774869 0.990988
    outer loop
      vertex -6.18044 -6.48259 4.70074
      vertex -6.79793 -8.68826 4.46019
      vertex -5.65352 -7.22562 4.70074
    endloop
  endfacet
  facet normal -0.0683589 -0.0721169 0.995051
    outer loop
      vertex -3.99658 -6.22402 4.89603
      vertex -5.07215 -7.89906 4.70074
      vertex -4.44194 -8.49643 4.70074
    endloop
  endfacet
  facet normal -0.109408 -0.115422 0.987273
    outer loop
      vertex -6.09888 -9.49802 4.46019
      vertex -7.06687 -11.0055 4.17668
      vertex -6.18882 -11.8378 4.17668
    endloop
  endfacet
  facet normal -0.0759056 -0.0990874 0.992179
    outer loop
      vertex -4.44194 -8.49643 4.70074
      vertex -5.3411 -10.2163 4.46019
      vertex -4.53188 -10.8362 4.46019
    endloop
  endfacet
  facet normal -0.181502 -0.156695 0.970826
    outer loop
      vertex -8.87995 -11.3492 3.85295
      vertex -9.79752 -12.522 3.49211
      vertex -8.79002 -13.689 3.49211
    endloop
  endfacet
  facet normal -0.150384 -0.129818 0.980067
    outer loop
      vertex -7.06687 -11.0055 4.17668
      vertex -8.87995 -11.3492 3.85295
      vertex -7.96681 -12.407 3.85295
    endloop
  endfacet
  facet normal -0.0960777 -0.300139 0.949044
    outer loop
      vertex -2.93025 -18.8278 3.09764
      vertex -4.36007 -18.3701 3.09764
      vertex -3.12916 -20.1058 2.67333
    endloop
  endfacet
  facet normal -0.0580936 -0.30641 0.950125
    outer loop
      vertex -2.93025 -18.8278 3.09764
      vertex -3.12916 -20.1058 2.67333
      vertex -1.57215 -20.401 2.67333
    endloop
  endfacet
  facet normal -0.0133504 -0.21259 0.97705
    outer loop
      vertex 0 -16.0503 3.85295
      vertex -1.23091 -15.973 3.85295
      vertex 0 -17.7087 3.49211
    endloop
  endfacet
  facet normal -0.011038 -0.175766 0.98437
    outer loop
      vertex -1.09187 -14.1687 4.17668
      vertex -1.23091 -15.973 3.85295
      vertex 0 -16.0503 3.85295
    endloop
  endfacet
  facet normal -0.387706 -0.334692 0.858875
    outer loop
      vertex -11.9534 -15.2773 2.22329
      vertex -12.4499 -15.912 1.75183
      vertex -10.7242 -16.7012 2.22329
    endloop
  endfacet
  facet normal -0.530617 -0.559784 0.636465
    outer loop
      vertex -11.5076 -17.9213 1.2635
      vertex -11.7348 -18.275 0.762998
      vertex -10.0778 -19.2766 1.2635
    endloop
  endfacet
  facet normal -0.300425 -0.392184 0.869446
    outer loop
      vertex -7.96877 -19.0542 2.22329
      vertex -9.39169 -17.9642 2.22329
      vertex -8.29982 -19.8458 1.75183
    endloop
  endfacet
  facet normal -0.300433 -0.392188 0.869441
    outer loop
      vertex -9.39169 -17.9642 2.22329
      vertex -9.78185 -18.7105 1.75183
      vertex -8.29982 -19.8458 1.75183
    endloop
  endfacet
  facet normal -0.391358 -0.64746 0.653938
    outer loop
      vertex -6.94172 -21.419 1.2635
      vertex -8.71971 -20.8498 0.762998
      vertex -7.07872 -21.8417 0.762998
    endloop
  endfacet
  facet normal -0.311915 -0.682074 0.661426
    outer loop
      vertex -6.94172 -21.419 1.2635
      vertex -7.07872 -21.8417 0.762998
      vertex -5.36957 -22.6233 0.762998
    endloop
  endfacet
  facet normal -0.643136 -0.180051 0.744283
    outer loop
      vertex -16.8487 -6.53225 1.75183
      vertex -17.3585 -6.72989 1.2635
      vertex -16.2666 -8.61149 1.75183
    endloop
  endfacet
  facet normal -0.449217 -0.0880431 0.889074
    outer loop
      vertex -15.3489 -5.95075 2.67333
      vertex -16.5798 -4.21499 2.22329
      vertex -16.1767 -6.2717 2.22329
    endloop
  endfacet
  facet normal 0.262453 0.226569 0.937968
    outer loop
      vertex 11.3417 14.4955 2.67333
      vertex 9.52857 14.8392 3.09764
      vertex 10.6207 13.5741 3.09764
    endloop
  endfacet
  facet normal 0.288734 0.204756 0.935258
    outer loop
      vertex 11.3417 14.4955 2.67333
      vertex 10.6207 13.5741 3.09764
      vertex 11.6106 12.1782 3.09764
    endloop
  endfacet
  facet normal 0.277037 0.129907 0.952037
    outer loop
      vertex 12.4887 10.6651 3.09764
      vertex 12.2197 8.34784 3.49211
      vertex 13.2464 9.04924 3.09764
    endloop
  endfacet
  facet normal 0.291483 0.107881 0.950473
    outer loop
      vertex 13.2464 9.04924 3.09764
      vertex 12.2197 8.34784 3.49211
      vertex 13.8767 7.34624 3.09764
    endloop
  endfacet
  facet normal 0.437013 0.122349 0.891095
    outer loop
      vertex 15.6178 8.26801 2.22329
      vertex 14.8186 7.8449 2.67333
      vertex 15.3489 5.95075 2.67333
    endloop
  endfacet
  facet normal 0.363334 0.101722 0.926089
    outer loop
      vertex 14.8186 7.8449 2.67333
      vertex 13.8767 7.34624 3.09764
      vertex 15.3489 5.95075 2.67333
    endloop
  endfacet
  facet normal 0.376595 0.218549 0.900229
    outer loop
      vertex 14.0557 12.0033 2.22329
      vertex 13.0674 13.7063 2.22329
      vertex 13.3364 11.389 2.67333
    endloop
  endfacet
  facet normal 0.457954 0.265764 0.848321
    outer loop
      vertex 13.6103 14.2757 1.75183
      vertex 13.0674 13.7063 2.22329
      vertex 14.0557 12.0033 2.22329
    endloop
  endfacet
  facet normal 0.795292 -0.155853 0.585851
    outer loop
      vertex 17.791 -4.52292 1.2635
      vertex 17.3585 -6.72989 1.2635
      vertex 18.1422 -4.61219 0.762998
    endloop
  endfacet
  facet normal 0.807051 -0.0936486 0.583008
    outer loop
      vertex 18.4085 -2.31725 0.762998
      vertex 17.791 -4.52292 1.2635
      vertex 18.1422 -4.61219 0.762998
    endloop
  endfacet
  facet normal 0.808241 -0.469027 0.356034
    outer loop
      vertex 15.3802 -13.1344 0.762998
      vertex 14.2988 -14.9979 0.762998
      vertex 14.4379 -15.1437 0.255152
    endloop
  endfacet
  facet normal 0.685536 -0.39782 0.609738
    outer loop
      vertex 15.3802 -13.1344 0.762998
      vertex 14.0221 -14.7076 1.2635
      vertex 14.2988 -14.9979 0.762998
    endloop
  endfacet
  facet normal 0.64313 -0.180046 0.74429
    outer loop
      vertex 17.3585 -6.72989 1.2635
      vertex 16.2666 -8.61149 1.75183
      vertex 16.7588 -8.87204 1.2635
    endloop
  endfacet
  facet normal 0.643136 -0.180051 0.744283
    outer loop
      vertex 16.8487 -6.53225 1.75183
      vertex 16.2666 -8.61149 1.75183
      vertex 17.3585 -6.72989 1.2635
    endloop
  endfacet
  facet normal 0.420803 -0.155725 0.893686
    outer loop
      vertex 15.6178 -8.26801 2.22329
      vertex 14.8186 -7.8449 2.67333
      vertex 14.9085 -10.1847 2.22329
    endloop
  endfacet
  facet normal 0.349543 -0.129353 0.927948
    outer loop
      vertex 14.8186 -7.8449 2.67333
      vertex 13.8767 -7.34624 3.09764
      vertex 14.1456 -9.6635 2.67333
    endloop
  endfacet
  facet normal 0.812952 0.0312674 0.58149
    outer loop
      vertex 18.4976 0 0.762998
      vertex 18.0522 2.2724 1.2635
      vertex 18.1396 0 1.2635
    endloop
  endfacet
  facet normal 0.675536 0.0259821 0.736869
    outer loop
      vertex 18.0522 2.2724 1.2635
      vertex 17.5221 2.20567 1.75183
      vertex 18.1396 0 1.2635
    endloop
  endfacet
  facet normal 0.260376 -0.0510394 0.964157
    outer loop
      vertex 12.3169 -3.13125 3.85295
      vertex 12.0174 -4.65914 3.85295
      vertex 13.2592 -5.14057 3.49211
    endloop
  endfacet
  facet normal 0.216187 -0.0423773 0.975432
    outer loop
      vertex 12.3169 -3.13125 3.85295
      vertex 10.6599 -4.13284 4.17668
      vertex 12.0174 -4.65914 3.85295
    endloop
  endfacet
  facet normal 0.317927 -0.0368965 0.947397
    outer loop
      vertex 13.7891 -1.73576 3.49211
      vertex 13.5896 -3.4548 3.49211
      vertex 14.7314 -3.74508 3.09764
    endloop
  endfacet
  facet normal 0.265387 -0.030799 0.96365
    outer loop
      vertex 13.7891 -1.73576 3.49211
      vertex 12.3169 -3.13125 3.85295
      vertex 13.5896 -3.4548 3.49211
    endloop
  endfacet
  facet normal 0.522333 -0.370418 0.768088
    outer loop
      vertex 13.6103 -14.2757 1.75183
      vertex 12.4499 -15.912 1.75183
      vertex 14.0221 -14.7076 1.2635
    endloop
  endfacet
  facet normal 0.387706 -0.334692 0.858875
    outer loop
      vertex 11.9534 -15.2773 2.22329
      vertex 10.7242 -16.7012 2.22329
      vertex 12.4499 -15.912 1.75183
    endloop
  endfacet
  facet normal 0.387704 -0.334685 0.858878
    outer loop
      vertex 12.4499 -15.912 1.75183
      vertex 10.7242 -16.7012 2.22329
      vertex 11.1697 -17.395 1.75183
    endloop
  endfacet
  facet normal 0.317528 -0.27411 0.907766
    outer loop
      vertex 11.3417 -14.4955 2.67333
      vertex 10.7242 -16.7012 2.22329
      vertex 11.9534 -15.2773 2.22329
    endloop
  endfacet
  facet normal 0.259889 -0.15081 0.953789
    outer loop
      vertex 11.5207 -9.83844 3.49211
      vertex 10.7107 -11.2343 3.49211
      vertex 12.4887 -10.6651 3.09764
    endloop
  endfacet
  facet normal 0.216496 -0.12563 0.968167
    outer loop
      vertex 11.5207 -9.83844 3.49211
      vertex 10.4417 -8.91705 3.85295
      vertex 10.7107 -11.2343 3.49211
    endloop
  endfacet
  facet normal 0.288751 -0.204757 0.935253
    outer loop
      vertex 11.6106 -12.1782 3.09764
      vertex 11.3417 -14.4955 2.67333
      vertex 12.3987 -13.0049 2.67333
    endloop
  endfacet
  facet normal 0.348868 -0.247386 0.903931
    outer loop
      vertex 12.3987 -13.0049 2.67333
      vertex 11.3417 -14.4955 2.67333
      vertex 13.0674 -13.7063 2.22329
    endloop
  endfacet
  facet normal 0.16553 -0.0612551 0.984301
    outer loop
      vertex 8.88192 -4.70205 4.46019
      vertex 8.47855 -5.79208 4.46019
      vertex 10.2916 -5.44835 4.17668
    endloop
  endfacet
  facet normal 0.16553 -0.0612524 0.984301
    outer loop
      vertex 10.2916 -5.44835 4.17668
      vertex 8.47855 -5.79208 4.46019
      vertex 9.82423 -6.71138 4.17668
    endloop
  endfacet
  facet normal 0.191541 -0.0898295 0.977365
    outer loop
      vertex 11.0753 -7.56604 3.85295
      vertex 9.26222 -7.90977 4.17668
      vertex 10.4417 -8.91705 3.85295
    endloop
  endfacet
  facet normal 0.191541 -0.089827 0.977365
    outer loop
      vertex 9.82423 -6.71138 4.17668
      vertex 9.26222 -7.90977 4.17668
      vertex 11.0753 -7.56604 3.85295
    endloop
  endfacet
  facet normal 0.0265902 0.00521153 0.999633
    outer loop
      vertex 2.62571 1.01799 5.14372
      vertex 0.878055 0.340422 5.19374
      vertex 2.69114 0.684154 5.14372
    endloop
  endfacet
  facet normal 0.0499932 0.0185012 0.998578
    outer loop
      vertex 4.19786 2.22233 5.04416
      vertex 2.41987 1.65312 5.14372
      vertex 2.535 1.34202 5.14372
    endloop
  endfacet
  facet normal 0.18094 -0.0209999 0.98327
    outer loop
      vertex 11.0859 -1.39549 4.17668
      vertex 9.429 -2.39709 4.46019
      vertex 10.9255 -2.77754 4.17668
    endloop
  endfacet
  facet normal 0.177482 -0.0347814 0.983509
    outer loop
      vertex 10.9255 -2.77754 4.17668
      vertex 9.429 -2.39709 4.46019
      vertex 10.6599 -4.13284 4.17668
    endloop
  endfacet
  facet normal 0.172329 -0.0482449 0.983857
    outer loop
      vertex 9.19976 -3.56674 4.46019
      vertex 8.88192 -4.70205 4.46019
      vertex 10.2916 -5.44835 4.17668
    endloop
  endfacet
  facet normal 0.172327 -0.0482459 0.983858
    outer loop
      vertex 10.6599 -4.13284 4.17668
      vertex 9.19976 -3.56674 4.46019
      vertex 10.2916 -5.44835 4.17668
    endloop
  endfacet
  facet normal 0.0722069 0.0338629 0.996815
    outer loop
      vertex 5.23812 4.47327 4.89603
      vertex 3.77797 3.22632 5.04416
      vertex 5.55596 3.79553 4.89603
    endloop
  endfacet
  facet normal 0.0760929 0.0281593 0.996703
    outer loop
      vertex 5.82029 3.08124 4.89603
      vertex 4.00721 2.73751 5.04416
      vertex 4.19786 2.22233 5.04416
    endloop
  endfacet
  facet normal 0.13865 0.0388172 0.98958
    outer loop
      vertex 8.88192 4.70205 4.46019
      vertex 7.38667 3.91048 4.70074
      vertex 7.65101 2.96629 4.70074
    endloop
  endfacet
  facet normal 0.13316 0.0492762 0.989869
    outer loop
      vertex 8.88192 4.70205 4.46019
      vertex 7.05121 4.817 4.70074
      vertex 7.38667 3.91048 4.70074
    endloop
  endfacet
  facet normal 0.138651 0.0388166 0.98958
    outer loop
      vertex 8.88192 4.70205 4.46019
      vertex 7.65101 2.96629 4.70074
      vertex 9.19976 3.56674 4.46019
    endloop
  endfacet
  facet normal 0.142814 0.0279888 0.989354
    outer loop
      vertex 9.19976 3.56674 4.46019
      vertex 7.65101 2.96629 4.70074
      vertex 7.84165 1.99354 4.70074
    endloop
  endfacet
  facet normal 0.147013 -0.0056506 0.989118
    outer loop
      vertex 9.61372 0 4.46019
      vertex 7.95678 -1.00159 4.70074
      vertex 9.56743 -1.20434 4.46019
    endloop
  endfacet
  facet normal 0.145609 -0.0169 0.989198
    outer loop
      vertex 7.95678 -1.00159 4.70074
      vertex 7.84165 -1.99354 4.70074
      vertex 9.56743 -1.20434 4.46019
    endloop
  endfacet
  facet normal 0.107899 -0.0302075 0.993703
    outer loop
      vertex 6.02857 -2.33728 4.89603
      vertex 5.82029 -3.08124 4.89603
      vertex 7.65101 -2.96629 4.70074
    endloop
  endfacet
  facet normal 0.111148 -0.0217829 0.993565
    outer loop
      vertex 7.84165 -1.99354 4.70074
      vertex 6.02857 -2.33728 4.89603
      vertex 7.65101 -2.96629 4.70074
    endloop
  endfacet
  facet normal 0.201715 0.0746424 0.976596
    outer loop
      vertex 11.0753 7.56604 3.85295
      vertex 9.82423 6.71138 4.17668
      vertex 10.2916 5.44835 4.17668
    endloop
  endfacet
  facet normal 0.191541 0.089827 0.977365
    outer loop
      vertex 11.0753 7.56604 3.85295
      vertex 9.26222 7.90977 4.17668
      vertex 9.82423 6.71138 4.17668
    endloop
  endfacet
  facet normal 0.161233 0.170095 0.972148
    outer loop
      vertex 8.79002 13.689 3.49211
      vertex 6.97694 13.3453 3.85295
      vertex 7.96681 12.407 3.85295
    endloop
  endfacet
  facet normal 0.13352 0.140859 0.980985
    outer loop
      vertex 7.96681 12.407 3.85295
      vertex 6.97694 13.3453 3.85295
      vertex 7.06687 11.0055 4.17668
    endloop
  endfacet
  facet normal 0.16553 0.0612524 0.984301
    outer loop
      vertex 9.82423 6.71138 4.17668
      vertex 8.47855 5.79208 4.46019
      vertex 10.2916 5.44835 4.17668
    endloop
  endfacet
  facet normal 0.109268 0.0774868 0.990988
    outer loop
      vertex 6.79793 8.68826 4.46019
      vertex 6.18044 6.48259 4.70074
      vertex 7.43151 7.79482 4.46019
    endloop
  endfacet
  facet normal 0.1184 0.0687064 0.990586
    outer loop
      vertex 7.43151 7.79482 4.46019
      vertex 6.18044 6.48259 4.70074
      vertex 7.99352 6.82632 4.46019
    endloop
  endfacet
  facet normal 0.126388 0.0592726 0.990208
    outer loop
      vertex 7.99352 6.82632 4.46019
      vertex 7.05121 4.817 4.70074
      vertex 8.47855 5.79208 4.46019
    endloop
  endfacet
  facet normal -0.0134434 0.0419927 0.999027
    outer loop
      vertex -0.886437 5.69564 5.04416
      vertex -1.31897 5.55717 5.04416
      vertex -0.7965 3.35585 5.14372
    endloop
  endfacet
  facet normal 0.0433079 0.0565328 0.997461
    outer loop
      vertex 3.5 6.69472 4.89603
      vertex 2.1419 5.12152 5.04416
      vertex 2.52436 4.82853 5.04416
    endloop
  endfacet
  facet normal 0.0759056 0.0990874 0.992179
    outer loop
      vertex 4.53188 10.8362 4.46019
      vertex 4.44194 8.49643 4.70074
      vertex 5.3411 10.2163 4.46019
    endloop
  endfacet
  facet normal 0.0330081 0.174029 0.984187
    outer loop
      vertex 2.44997 15.7419 3.85295
      vertex 1.09187 14.1687 4.17668
      vertex 2.17322 13.9636 4.17668
    endloop
  endfacet
  facet normal -0.0056351 0.0897577 0.995948
    outer loop
      vertex 0 10.2186 4.70074
      vertex -0.783674 10.1694 4.70074
      vertex 0 8.05167 4.89603
    endloop
  endfacet
  facet normal 0.00811841 0.0428225 0.99905
    outer loop
      vertex 0.445363 5.77926 5.04416
      vertex 0.268945 3.48997 5.14372
      vertex 0.886437 5.69564 5.04416
    endloop
  endfacet
  facet normal 0.193908 0.204558 0.959456
    outer loop
      vertex 8.34465 15.9614 3.09764
      vertex 7.69786 14.7243 3.49211
      vertex 8.79002 13.689 3.49211
    endloop
  endfacet
  facet normal 0.167654 0.218855 0.961246
    outer loop
      vertex 8.34465 15.9614 3.09764
      vertex 7.08037 16.9299 3.09764
      vertex 7.69786 14.7243 3.49211
    endloop
  endfacet
  facet normal 0.00563554 0.0897575 0.995948
    outer loop
      vertex 0.783674 10.1694 4.70074
      vertex 0 8.05167 4.89603
      vertex 0.617492 8.0129 4.89603
    endloop
  endfacet
  facet normal 0.0959866 0.1588 0.982634
    outer loop
      vertex 5.91987 14.1551 3.85295
      vertex 4.8058 14.8285 3.85295
      vertex 5.25116 12.5561 4.17668
    endloop
  endfacet
  facet normal 0.199985 0.141821 0.969481
    outer loop
      vertex 9.79752 12.522 3.49211
      vertex 8.87995 11.3492 3.85295
      vertex 10.7107 11.2343 3.49211
    endloop
  endfacet
  facet normal 0.199985 0.141828 0.96948
    outer loop
      vertex 10.7107 11.2343 3.49211
      vertex 8.87995 11.3492 3.85295
      vertex 9.70758 10.1822 3.85295
    endloop
  endfacet
  facet normal 0.265384 -0.0307959 0.963651
    outer loop
      vertex 12.4977 -1.5732 3.85295
      vertex 12.3169 -3.13125 3.85295
      vertex 13.7891 -1.73576 3.49211
    endloop
  endfacet
  facet normal 0.267892 -0.0103022 0.963394
    outer loop
      vertex 12.5582 0 3.85295
      vertex 12.4977 -1.5732 3.85295
      vertex 13.7891 -1.73576 3.49211
    endloop
  endfacet
  facet normal 0.161666 0.353539 0.921344
    outer loop
      vertex 4.90715 20.675 2.22329
      vertex 4.65603 19.617 2.67333
      vertex 6.13806 18.9393 2.67333
    endloop
  endfacet
  facet normal 0.161681 0.353548 0.921338
    outer loop
      vertex 6.46911 19.9607 2.22329
      vertex 4.90715 20.675 2.22329
      vertex 6.13806 18.9393 2.67333
    endloop
  endfacet
  facet normal -0.139658 0.231045 0.962867
    outer loop
      vertex -5.30238 16.3607 3.49211
      vertex -7.08037 16.9299 3.09764
      vertex -6.53157 15.6177 3.49211
    endloop
  endfacet
  facet normal -0.167646 0.218853 0.961248
    outer loop
      vertex -7.08037 16.9299 3.09764
      vertex -7.69786 14.7243 3.49211
      vertex -6.53157 15.6177 3.49211
    endloop
  endfacet
  facet normal -0.233472 0.246314 0.940649
    outer loop
      vertex -8.91108 17.0449 2.67333
      vertex -10.1754 15.8465 2.67333
      vertex -8.34465 15.9614 3.09764
    endloop
  endfacet
  facet normal -0.259889 0.15081 0.953789
    outer loop
      vertex -10.7107 11.2343 3.49211
      vertex -12.4887 10.6651 3.09764
      vertex -11.5207 9.83844 3.49211
    endloop
  endfacet
  facet normal -0.123262 0.106409 0.986653
    outer loop
      vertex -6.09888 9.49802 4.46019
      vertex -7.06687 11.0055 4.17668
      vertex -6.79793 8.68826 4.46019
    endloop
  endfacet
  facet normal -0.218148 0.188332 0.957571
    outer loop
      vertex -9.52857 14.8392 3.09764
      vertex -9.79752 12.522 3.49211
      vertex -8.79002 13.689 3.49211
    endloop
  endfacet
  facet normal -0.0447034 0.139672 0.989188
    outer loop
      vertex -2.17322 13.9636 4.17668
      vertex -3.23365 13.6242 4.17668
      vertex -1.87554 12.051 4.46019
    endloop
  endfacet
  facet normal -0.116001 0.191911 0.974533
    outer loop
      vertex -5.30238 16.3607 3.49211
      vertex -5.91987 14.1551 3.85295
      vertex -4.8058 14.8285 3.85295
    endloop
  endfacet
  facet normal -0.0160982 0.256216 0.966485
    outer loop
      vertex 0 19.1967 3.09764
      vertex -1.47221 19.1042 3.09764
      vertex 0 17.7087 3.49211
    endloop
  endfacet
  facet normal -0.0480873 0.253666 0.966096
    outer loop
      vertex -1.47221 19.1042 3.09764
      vertex -2.93025 18.8278 3.09764
      vertex -2.70313 17.3685 3.49211
    endloop
  endfacet
  facet normal 0.0359069 0.112154 0.993042
    outer loop
      vertex 1.87554 12.051 4.46019
      vertex 1.5598 10.0222 4.70074
      vertex 2.79072 11.758 4.46019
    endloop
  endfacet
  facet normal 0.0329934 0.174041 0.984185
    outer loop
      vertex 1.23091 15.973 3.85295
      vertex 1.09187 14.1687 4.17668
      vertex 2.44997 15.7419 3.85295
    endloop
  endfacet
  facet normal -0.0359069 0.112154 0.993042
    outer loop
      vertex -1.87554 12.051 4.46019
      vertex -2.79072 11.758 4.46019
      vertex -1.5598 10.0222 4.70074
    endloop
  endfacet
  facet normal -0.0123644 0.0652187 0.997794
    outer loop
      vertex -0.617492 8.0129 4.89603
      vertex -1.22904 7.89696 4.89603
      vertex -0.445363 5.77926 5.04416
    endloop
  endfacet
  facet normal -0.0623924 0.0442451 0.99707
    outer loop
      vertex -3.2129 4.10633 5.04416
      vertex -4.45466 5.69339 4.89603
      vertex -3.51235 3.68406 5.04416
    endloop
  endfacet
  facet normal -0.0409831 0.0290638 0.998737
    outer loop
      vertex -1.9402 2.47972 5.14372
      vertex -3.51235 3.68406 5.04416
      vertex -2.12103 2.22473 5.14372
    endloop
  endfacet
  facet normal -0.0756905 0.165512 0.983299
    outer loop
      vertex -3.23365 13.6242 4.17668
      vertex -4.8058 14.8285 3.85295
      vertex -4.26293 13.1535 4.17668
    endloop
  endfacet
  facet normal -0.13352 0.140859 0.980985
    outer loop
      vertex -6.97694 13.3453 3.85295
      vertex -7.06687 11.0055 4.17668
      vertex -6.18882 11.8378 4.17668
    endloop
  endfacet
  facet normal -0.0683585 0.072117 0.995051
    outer loop
      vertex -3.5 6.69472 4.89603
      vertex -4.44194 8.49643 4.70074
      vertex -3.99658 6.22402 4.89603
    endloop
  endfacet
  facet normal -0.0759054 0.0990874 0.992179
    outer loop
      vertex -3.76895 9.01197 4.70074
      vertex -4.53188 10.8362 4.46019
      vertex -4.44194 8.49643 4.70074
    endloop
  endfacet
  facet normal -0.0619685 0.135514 0.988836
    outer loop
      vertex -3.23365 13.6242 4.17668
      vertex -3.67901 11.3518 4.46019
      vertex -2.79072 11.758 4.46019
    endloop
  endfacet
  facet normal -0.0619724 0.135515 0.988835
    outer loop
      vertex -3.23365 13.6242 4.17668
      vertex -4.26293 13.1535 4.17668
      vertex -3.67901 11.3518 4.46019
    endloop
  endfacet
  facet normal -0.486273 0.228054 0.843522
    outer loop
      vertex -14.6396 12.5019 1.75183
      vertex -15.5279 10.6078 1.75183
      vertex -14.9085 10.1847 2.22329
    endloop
  endfacet
  facet normal -0.332423 0.155895 0.930157
    outer loop
      vertex -13.3364 11.389 2.67333
      vertex -14.1456 9.6635 2.67333
      vertex -13.2464 9.04924 3.09764
    endloop
  endfacet
  facet normal -0.317517 0.274108 0.907771
    outer loop
      vertex -10.7242 16.7012 2.22329
      vertex -11.3417 14.4955 2.67333
      vertex -10.1754 15.8465 2.67333
    endloop
  endfacet
  facet normal -0.376595 0.218549 0.900229
    outer loop
      vertex -13.0674 13.7063 2.22329
      vertex -14.0557 12.0033 2.22329
      vertex -13.3364 11.389 2.67333
    endloop
  endfacet
  facet normal -0.245062 0.319911 0.915206
    outer loop
      vertex -7.96877 19.0542 2.22329
      vertex -9.39169 17.9642 2.22329
      vertex -7.56098 18.0791 2.67333
    endloop
  endfacet
  facet normal -0.168451 0.278648 0.945505
    outer loop
      vertex -6.13806 18.9393 2.67333
      vertex -7.56098 18.0791 2.67333
      vertex -5.7479 17.7354 3.09764
    endloop
  endfacet
  facet normal -0.116888 0.365123 0.923592
    outer loop
      vertex -3.12916 20.1058 2.67333
      vertex -4.90715 20.675 2.22329
      vertex -4.65603 19.617 2.67333
    endloop
  endfacet
  facet normal -0.161681 0.353548 0.921338
    outer loop
      vertex -4.90715 20.675 2.22329
      vertex -6.46911 19.9607 2.22329
      vertex -6.13806 18.9393 2.67333
    endloop
  endfacet
  facet normal -0.0660462 0.206285 0.97626
    outer loop
      vertex -2.70313 17.3685 3.49211
      vertex -4.02212 16.9462 3.49211
      vertex -3.64544 15.3591 3.85295
    endloop
  endfacet
  facet normal -0.0399006 0.210477 0.976784
    outer loop
      vertex -1.23091 15.973 3.85295
      vertex -2.70313 17.3685 3.49211
      vertex -2.44997 15.7419 3.85295
    endloop
  endfacet
  facet normal -0.179982 0.562208 0.807173
    outer loop
      vertex -3.53886 22.7383 1.2635
      vertex -5.26564 22.1855 1.2635
      vertex -5.111 21.5339 1.75183
    endloop
  endfacet
  facet normal -0.179998 0.562223 0.807159
    outer loop
      vertex -3.53886 22.7383 1.2635
      vertex -5.111 21.5339 1.75183
      vertex -3.43493 22.0705 1.75183
    endloop
  endfacet
  facet normal -0.16995 0.896254 0.40969
    outer loop
      vertex -1.83071 23.7563 0.255152
      vertex -3.64379 23.4125 0.255152
      vertex -1.81308 23.5275 0.762998
    endloop
  endfacet
  facet normal -0.137961 0.72775 0.671824
    outer loop
      vertex -1.81308 23.5275 0.762998
      vertex -3.6087 23.1871 0.762998
      vertex -3.53886 22.7383 1.2635
    endloop
  endfacet
  facet normal 0.0236569 0.376905 0.92595
    outer loop
      vertex 1.65694 21.5013 2.22329
      vertex 0 21.6053 2.22329
      vertex 1.57215 20.401 2.67333
    endloop
  endfacet
  facet normal 0.0236626 0.376911 0.925947
    outer loop
      vertex 0 21.6053 2.22329
      vertex 0 20.4997 2.67333
      vertex 1.57215 20.401 2.67333
    endloop
  endfacet
  facet normal 0.391356 0.647386 0.654012
    outer loop
      vertex 8.71971 20.8498 0.762998
      vertex 6.94172 21.419 1.2635
      vertex 8.55094 20.4462 1.2635
    endloop
  endfacet
  facet normal 0.391358 0.64746 0.653938
    outer loop
      vertex 7.07872 21.8417 0.762998
      vertex 6.94172 21.419 1.2635
      vertex 8.71971 20.8498 0.762998
    endloop
  endfacet
  facet normal 0.387704 0.334685 0.858878
    outer loop
      vertex 11.1697 17.395 1.75183
      vertex 10.7242 16.7012 2.22329
      vertex 12.4499 15.912 1.75183
    endloop
  endfacet
  facet normal 0.372791 0.486662 0.790055
    outer loop
      vertex 8.55094 20.4462 1.2635
      vertex 8.29982 19.8458 1.75183
      vertex 10.0778 19.2766 1.2635
    endloop
  endfacet
  facet normal 0.42802 0.45156 0.782874
    outer loop
      vertex 10.0778 19.2766 1.2635
      vertex 9.78185 18.7105 1.75183
      vertex 11.1697 17.395 1.75183
    endloop
  endfacet
  facet normal 0.346056 0.365089 0.864266
    outer loop
      vertex 11.1697 17.395 1.75183
      vertex 9.78185 18.7105 1.75183
      vertex 10.7242 16.7012 2.22329
    endloop
  endfacet
  facet normal 0.21618 0.042365 0.975434
    outer loop
      vertex 12.3169 3.13125 3.85295
      vertex 10.6599 4.13284 4.17668
      vertex 10.9255 2.77754 4.17668
    endloop
  endfacet
  facet normal 0.220366 0.0255755 0.975082
    outer loop
      vertex 12.3169 3.13125 3.85295
      vertex 10.9255 2.77754 4.17668
      vertex 11.0859 1.39549 4.17668
    endloop
  endfacet
  facet normal 0.304894 0.952386 -0
    outer loop
      vertex 5.42178 22.8433 0
      vertex 3.64379 23.4125 0.255152
      vertex 5.42178 22.8433 0.255152
    endloop
  endfacet
  facet normal 0.304894 0.952386 0
    outer loop
      vertex 3.64379 23.4125 0.255152
      vertex 5.42178 22.8433 0
      vertex 3.64379 23.4125 0
    endloop
  endfacet
  facet normal -0.0840523 0.00323092 0.996456
    outer loop
      vertex -4.52185 0.569207 5.04416
      vertex -6.29984 0 4.89603
      vertex -4.54373 0 5.04416
    endloop
  endfacet
  facet normal -0.0840524 0.00323131 0.996456
    outer loop
      vertex -6.2695 0.789201 4.89603
      vertex -6.29984 0 4.89603
      vertex -4.52185 0.569207 5.04416
    endloop
  endfacet
  facet normal -0.113331 0.0131537 0.99347
    outer loop
      vertex -7.84165 1.99354 4.70074
      vertex -7.95678 1.00159 4.70074
      vertex -6.2695 0.789201 4.89603
    endloop
  endfacet
  facet normal -0.145609 0.0169 0.989198
    outer loop
      vertex -7.84165 1.99354 4.70074
      vertex -9.56743 1.20434 4.46019
      vertex -7.95678 1.00159 4.70074
    endloop
  endfacet
  facet normal -0.0520684 0.0145762 0.998537
    outer loop
      vertex -2.535 1.34202 5.14372
      vertex -4.34808 1.68575 5.04416
      vertex -2.62571 1.01799 5.14372
    endloop
  endfacet
  facet normal -0.0499932 0.0185012 0.998578
    outer loop
      vertex -2.41987 1.65312 5.14372
      vertex -4.19786 2.22233 5.04416
      vertex -2.535 1.34202 5.14372
    endloop
  endfacet
  facet normal -0.0983315 0.0461146 0.994085
    outer loop
      vertex -5.23812 4.47327 4.89603
      vertex -7.05121 4.817 4.70074
      vertex -5.55596 3.79553 4.89603
    endloop
  endfacet
  facet normal -0.1184 0.0687051 0.990586
    outer loop
      vertex -6.18044 6.48259 4.70074
      vertex -7.99352 6.82632 4.46019
      vertex -6.64783 5.67713 4.70074
    endloop
  endfacet
  facet normal -0.0816384 0.0159992 0.996534
    outer loop
      vertex -4.34808 1.68575 5.04416
      vertex -6.02857 2.33728 4.89603
      vertex -4.45642 1.13293 5.04416
    endloop
  endfacet
  facet normal -0.0792464 0.0221859 0.996608
    outer loop
      vertex -5.82029 3.08124 4.89603
      vertex -6.02857 2.33728 4.89603
      vertex -4.34808 1.68575 5.04416
    endloop
  endfacet
  facet normal -0.0879194 0.0927528 0.9918
    outer loop
      vertex -4.44194 8.49643 4.70074
      vertex -6.09888 9.49802 4.46019
      vertex -5.07215 7.89906 4.70074
    endloop
  endfacet
  facet normal -0.109405 0.115422 0.987273
    outer loop
      vertex -5.3411 10.2163 4.46019
      vertex -6.18882 11.8378 4.17668
      vertex -6.09888 9.49802 4.46019
    endloop
  endfacet
  facet normal -0.1184 0.0687064 0.990586
    outer loop
      vertex -7.43151 7.79482 4.46019
      vertex -7.99352 6.82632 4.46019
      vertex -6.18044 6.48259 4.70074
    endloop
  endfacet
  facet normal -0.109268 0.0774868 0.990988
    outer loop
      vertex -6.79793 8.68826 4.46019
      vertex -7.43151 7.79482 4.46019
      vertex -6.18044 6.48259 4.70074
    endloop
  endfacet
  facet normal -0.191541 0.0898295 0.977365
    outer loop
      vertex -10.4417 8.91705 3.85295
      vertex -11.0753 7.56604 3.85295
      vertex -9.26222 7.90977 4.17668
    endloop
  endfacet
  facet normal -0.16553 0.0612524 0.984301
    outer loop
      vertex -9.82423 6.71138 4.17668
      vertex -10.2916 5.44835 4.17668
      vertex -8.47855 5.79208 4.46019
    endloop
  endfacet
  facet normal -0.142814 0.0279888 0.989354
    outer loop
      vertex -7.65101 2.96629 4.70074
      vertex -9.19976 3.56674 4.46019
      vertex -7.84165 1.99354 4.70074
    endloop
  endfacet
  facet normal -0.138651 0.0388166 0.98958
    outer loop
      vertex -8.88192 4.70205 4.46019
      vertex -9.19976 3.56674 4.46019
      vertex -7.65101 2.96629 4.70074
    endloop
  endfacet
  facet normal -0.320887 -0.01233 0.947037
    outer loop
      vertex -13.7891 -1.73576 3.49211
      vertex -15.02 0 3.09764
      vertex -14.9477 -1.8816 3.09764
    endloop
  endfacet
  facet normal -0.320888 -0.0123307 0.947037
    outer loop
      vertex -13.8558 0 3.49211
      vertex -15.02 0 3.09764
      vertex -13.7891 -1.73576 3.49211
    endloop
  endfacet
  facet normal -0.0536421 0.0105126 0.998505
    outer loop
      vertex -4.34808 1.68575 5.04416
      vertex -4.45642 1.13293 5.04416
      vertex -2.69114 0.684154 5.14372
    endloop
  endfacet
  facet normal -0.0273785 0.0010523 0.999625
    outer loop
      vertex -0.913147 0.114946 5.19374
      vertex -2.73065 0.343732 5.14372
      vertex -0.917565 0 5.19374
    endloop
  endfacet
  facet normal -0.0258097 0.00722525 0.999641
    outer loop
      vertex -2.535 1.34202 5.14372
      vertex -2.62571 1.01799 5.14372
      vertex -0.878055 0.340422 5.19374
    endloop
  endfacet
  facet normal 0.0235124 -0.0110266 0.999663
    outer loop
      vertex 0.80922 -0.552814 5.19374
      vertex 0.762927 -0.651526 5.19374
      vertex 2.28144 -1.94831 5.14372
    endloop
  endfacet
  facet normal -0.0013455 0.0214248 0.99977
    outer loop
      vertex 0 3.50686 5.14372
      vertex -0.268945 3.48997 5.14372
      vertex -0.0899363 1.16707 5.19374
    endloop
  endfacet
  facet normal -0.0265902 0.00521153 0.999633
    outer loop
      vertex -2.62571 1.01799 5.14372
      vertex -2.69114 0.684154 5.14372
      vertex -0.878055 0.340422 5.19374
    endloop
  endfacet
  facet normal 0.0134434 0.0419927 0.999027
    outer loop
      vertex 0.886437 5.69564 5.04416
      vertex 0.7965 3.35585 5.14372
      vertex 1.31897 5.55717 5.04416
    endloop
  endfacet
  facet normal 0.0216828 0.114387 0.9932
    outer loop
      vertex 1.87554 12.051 4.46019
      vertex 0.942309 12.2279 4.46019
      vertex 1.5598 10.0222 4.70074
    endloop
  endfacet
  facet normal -0.0203118 0.0144044 0.99969
    outer loop
      vertex -1.9402 2.47972 5.14372
      vertex -2.12103 2.22473 5.14372
      vertex -0.709288 0.743963 5.19374
    endloop
  endfacet
  facet normal -0.0204738 -0.0639531 0.997743
    outer loop
      vertex -0.886437 -5.69564 5.04416
      vertex -1.31897 -5.55717 5.04416
      vertex -1.22904 -7.89696 4.89603
    endloop
  endfacet
  facet normal 0.0163304 0.0172284 0.999718
    outer loop
      vertex 1.52441 2.91585 5.14372
      vertex 0.509771 0.975079 5.19374
      vertex 0.582097 0.906523 5.19374
    endloop
  endfacet
  facet normal 0.00271555 0.0432394 0.999061
    outer loop
      vertex 0 5.80723 5.04416
      vertex 0 3.50686 5.14372
      vertex 0.445363 5.77926 5.04416
    endloop
  endfacet
  facet normal -0.0283849 0.0620706 0.997668
    outer loop
      vertex -1.82875 7.70496 4.89603
      vertex -2.41084 7.43877 4.89603
      vertex -1.31897 5.55717 5.04416
    endloop
  endfacet
  facet normal -0.0474373 0.022247 0.998626
    outer loop
      vertex -3.77797 3.22632 5.04416
      vertex -4.00721 2.73751 5.04416
      vertex -2.28144 1.94831 5.14372
    endloop
  endfacet
  facet normal -0.0444246 0.025779 0.99868
    outer loop
      vertex -3.51235 3.68406 5.04416
      vertex -3.77797 3.22632 5.04416
      vertex -2.28144 1.94831 5.14372
    endloop
  endfacet
  facet normal -0.0832451 -0.00966206 0.996482
    outer loop
      vertex -4.52185 -0.569207 5.04416
      vertex -6.2695 -0.789201 4.89603
      vertex -4.45642 -1.13293 5.04416
    endloop
  endfacet
  facet normal -0.0792464 -0.0221859 0.996608
    outer loop
      vertex -4.34808 -1.68575 5.04416
      vertex -6.02857 -2.33728 4.89603
      vertex -5.82029 -3.08124 4.89603
    endloop
  endfacet
  facet normal -0.0760929 -0.0281589 0.996703
    outer loop
      vertex -4.00721 -2.73751 5.04416
      vertex -5.82029 -3.08124 4.89603
      vertex -5.55596 -3.79553 4.89603
    endloop
  endfacet
  facet normal -0.0983315 -0.0461146 0.994085
    outer loop
      vertex -5.55596 -3.79553 4.89603
      vertex -7.05121 -4.817 4.70074
      vertex -5.23812 -4.47327 4.89603
    endloop
  endfacet
  facet normal -0.0220179 -0.0127773 0.999676
    outer loop
      vertex -0.709288 -0.743963 5.19374
      vertex -2.28144 -1.94831 5.14372
      vertex -2.12103 -2.22473 5.14372
    endloop
  endfacet
  facet normal -0.0258097 -0.00722525 0.999641
    outer loop
      vertex -0.878055 -0.340422 5.19374
      vertex -2.62571 -1.01799 5.14372
      vertex -2.535 -1.34202 5.14372
    endloop
  endfacet
  facet normal -0.00923588 -0.0201964 0.999753
    outer loop
      vertex -0.351136 -1.08345 5.19374
      vertex -1.05003 -3.23991 5.14372
      vertex -0.7965 -3.35585 5.14372
    endloop
  endfacet
  facet normal 0.0203119 0.0144043 0.99969
    outer loop
      vertex 1.9402 2.47972 5.14372
      vertex 0.648816 0.829236 5.19374
      vertex 0.709288 0.743963 5.19374
    endloop
  endfacet
  facet normal -0.0546994 -0.00634883 0.998483
    outer loop
      vertex -2.69114 -0.684154 5.14372
      vertex -4.52185 -0.569207 5.04416
      vertex -4.45642 -1.13293 5.04416
    endloop
  endfacet
  facet normal -0.0536421 -0.0105126 0.998505
    outer loop
      vertex -2.69114 -0.684154 5.14372
      vertex -4.45642 -1.13293 5.04416
      vertex -4.34808 -1.68575 5.04416
    endloop
  endfacet
  facet normal -0.00271555 -0.0432394 0.999061
    outer loop
      vertex 0 -3.50686 5.14372
      vertex -0.445363 -5.77926 5.04416
      vertex 0 -5.80723 5.04416
    endloop
  endfacet
  facet normal -0.00811841 -0.0428225 0.99905
    outer loop
      vertex -0.268945 -3.48997 5.14372
      vertex -0.886437 -5.69564 5.04416
      vertex -0.445363 -5.77926 5.04416
    endloop
  endfacet
  facet normal 0.0329528 0.0347651 0.998852
    outer loop
      vertex 2.52436 4.82853 5.04416
      vertex 1.52441 2.91585 5.14372
      vertex 2.88251 4.48905 5.04416
    endloop
  endfacet
  facet normal -0.00402293 -0.0212184 0.999767
    outer loop
      vertex -0.0899363 -1.16707 5.19374
      vertex -0.5353 -3.43947 5.14372
      vertex -0.268945 -3.48997 5.14372
    endloop
  endfacet
  facet normal -0.0386831 -0.08459 0.995665
    outer loop
      vertex -2.41084 -7.43877 4.89603
      vertex -3.05966 -9.44072 4.70074
      vertex -1.82875 -7.70496 4.89603
    endloop
  endfacet
  facet normal -0.0490846 -0.0812018 0.995488
    outer loop
      vertex -2.96972 -7.10094 4.89603
      vertex -3.05966 -9.44072 4.70074
      vertex -2.41084 -7.43877 4.89603
    endloop
  endfacet
  facet normal 0.0258094 -0.00722569 0.999641
    outer loop
      vertex 0.878055 -0.340422 5.19374
      vertex 0.847719 -0.448779 5.19374
      vertex 2.535 -1.34202 5.14372
    endloop
  endfacet
  facet normal 0.0792466 -0.0221857 0.996608
    outer loop
      vertex 4.34808 -1.68575 5.04416
      vertex 4.19786 -2.22233 5.04416
      vertex 5.82029 -3.08124 4.89603
    endloop
  endfacet
  facet normal -0.0284399 -0.0371269 0.998906
    outer loop
      vertex -1.52441 -2.91585 5.14372
      vertex -2.1419 -5.12152 5.04416
      vertex -1.29345 -3.09277 5.14372
    endloop
  endfacet
  facet normal 0.00666064 -0.0208078 0.999761
    outer loop
      vertex 0.266355 -1.12222 5.19374
      vertex 0.179008 -1.15018 5.19374
      vertex 0.7965 -3.35585 5.14372
    endloop
  endfacet
  facet normal 0.00923575 0.0201964 0.999753
    outer loop
      vertex 0.7965 3.35585 5.14372
      vertex 0.266355 1.12222 5.19374
      vertex 0.351136 1.08345 5.19374
    endloop
  endfacet
  facet normal -0.0235124 -0.0110266 0.999663
    outer loop
      vertex -0.80922 -0.552814 5.19374
      vertex -2.28144 -1.94831 5.14372
      vertex -0.762927 -0.651526 5.19374
    endloop
  endfacet
  facet normal -0.00134595 -0.0214248 0.99977
    outer loop
      vertex 0 -1.17272 5.19374
      vertex -0.0899363 -1.16707 5.19374
      vertex 0 -3.50686 5.14372
    endloop
  endfacet
  facet normal -0.0247803 0.00917016 0.999651
    outer loop
      vertex -0.80922 0.552814 5.19374
      vertex -2.535 1.34202 5.14372
      vertex -0.847719 0.448779 5.19374
    endloop
  endfacet
  facet normal -0.0258094 0.00722569 0.999641
    outer loop
      vertex -0.847719 0.448779 5.19374
      vertex -2.535 1.34202 5.14372
      vertex -0.878055 0.340422 5.19374
    endloop
  endfacet
  facet normal 0.00402293 -0.0212184 0.999767
    outer loop
      vertex 0.5353 -3.43947 5.14372
      vertex 0.0899363 -1.16707 5.19374
      vertex 0.268945 -3.48997 5.14372
    endloop
  endfacet
  facet normal 0.0279054 -0.0871621 0.995803
    outer loop
      vertex 1.82875 -7.70496 4.89603
      vertex 1.22904 -7.89696 4.89603
      vertex 1.5598 -10.0222 4.70074
    endloop
  endfacet
  facet normal 0.0501744 -0.0529331 0.997337
    outer loop
      vertex 3.99658 -6.22402 4.89603
      vertex 2.52436 -4.82853 5.04416
      vertex 3.5 -6.69472 4.89603
    endloop
  endfacet
  facet normal 0.0284399 -0.0371269 0.998906
    outer loop
      vertex 1.52441 -2.91585 5.14372
      vertex 1.29345 -3.09277 5.14372
      vertex 2.1419 -5.12152 5.04416
    endloop
  endfacet
  facet normal 0.0329528 -0.0347651 0.998852
    outer loop
      vertex 2.88251 -4.48905 5.04416
      vertex 1.52441 -2.91585 5.14372
      vertex 2.52436 -4.82853 5.04416
    endloop
  endfacet
  facet normal 0.0247803 -0.00917016 0.999651
    outer loop
      vertex 0.847719 -0.448779 5.19374
      vertex 0.80922 -0.552814 5.19374
      vertex 2.535 -1.34202 5.14372
    endloop
  endfacet
  facet normal 0.0474378 -0.022246 0.998626
    outer loop
      vertex 2.41987 -1.65312 5.14372
      vertex 2.28144 -1.94831 5.14372
      vertex 4.00721 -2.73751 5.04416
    endloop
  endfacet
  facet normal 0.0546994 0.00634883 0.998483
    outer loop
      vertex 4.45642 1.13293 5.04416
      vertex 2.69114 0.684154 5.14372
      vertex 4.52185 0.569207 5.04416
    endloop
  endfacet
  facet normal 0.0273785 0.0010523 0.999625
    outer loop
      vertex 2.73065 0.343732 5.14372
      vertex 0.913147 0.114946 5.19374
      vertex 0.917565 0 5.19374
    endloop
  endfacet
  facet normal -0.0921022 -0.0534459 0.994314
    outer loop
      vertex -5.23812 -4.47327 4.89603
      vertex -6.18044 -6.48259 4.70074
      vertex -4.86984 -5.10792 4.89603
    endloop
  endfacet
  facet normal -0.0676255 -0.0392423 0.996939
    outer loop
      vertex -3.51235 -3.68406 5.04416
      vertex -5.23812 -4.47327 4.89603
      vertex -4.86984 -5.10792 4.89603
    endloop
  endfacet
  facet normal -0.0770447 -0.0665109 0.994807
    outer loop
      vertex -4.45466 -5.69339 4.89603
      vertex -5.65352 -7.22562 4.70074
      vertex -3.99658 -6.22402 4.89603
    endloop
  endfacet
  facet normal -0.0501741 -0.0529335 0.997337
    outer loop
      vertex -2.88251 -4.48905 5.04416
      vertex -3.99658 -6.22402 4.89603
      vertex -2.52436 -4.82853 5.04416
    endloop
  endfacet
  facet normal -0.0959981 -0.158802 0.982632
    outer loop
      vertex -4.26293 -13.1535 4.17668
      vertex -5.25116 -12.5561 4.17668
      vertex -4.8058 -14.8285 3.85295
    endloop
  endfacet
  facet normal -0.00902513 -0.143858 0.989557
    outer loop
      vertex -0.942309 -12.2279 4.46019
      vertex -1.09187 -14.1687 4.17668
      vertex 0 -14.2372 4.17668
    endloop
  endfacet
  facet normal 0.0123644 -0.0652187 0.997794
    outer loop
      vertex 1.22904 -7.89696 4.89603
      vertex 0.445363 -5.77926 5.04416
      vertex 0.617492 -8.0129 4.89603
    endloop
  endfacet
  facet normal 0.0359028 -0.112157 0.993042
    outer loop
      vertex 2.32091 -9.77856 4.70074
      vertex 1.5598 -10.0222 4.70074
      vertex 2.79072 -11.758 4.46019
    endloop
  endfacet
  facet normal -0.0371485 -0.0320677 0.998795
    outer loop
      vertex -1.9402 -2.47972 5.14372
      vertex -2.88251 -4.48905 5.04416
      vertex -1.74069 -2.71084 5.14372
    endloop
  endfacet
  facet normal -0.0565568 -0.0488237 0.997205
    outer loop
      vertex -3.2129 -4.10633 5.04416
      vertex -3.99658 -6.22402 4.89603
      vertex -2.88251 -4.48905 5.04416
    endloop
  endfacet
  facet normal -0.260386 0.051034 0.964155
    outer loop
      vertex -13.2592 5.14057 3.49211
      vertex -13.5896 3.4548 3.49211
      vertex -12.3169 3.13125 3.85295
    endloop
  endfacet
  facet normal -0.265387 0.030799 0.96365
    outer loop
      vertex -13.5896 3.4548 3.49211
      vertex -13.7891 1.73576 3.49211
      vertex -12.3169 3.13125 3.85295
    endloop
  endfacet
  facet normal -0.267892 0.0103022 0.963394
    outer loop
      vertex -12.4977 1.5732 3.85295
      vertex -13.7891 1.73576 3.49211
      vertex -12.5582 0 3.85295
    endloop
  endfacet
  facet normal -0.267902 0.0102947 0.963391
    outer loop
      vertex -13.7891 1.73576 3.49211
      vertex -13.8558 0 3.49211
      vertex -12.5582 0 3.85295
    endloop
  endfacet
  facet normal -0.0816384 -0.0159992 0.996534
    outer loop
      vertex -4.45642 -1.13293 5.04416
      vertex -6.02857 -2.33728 4.89603
      vertex -4.34808 -1.68575 5.04416
    endloop
  endfacet
  facet normal -0.126388 -0.0592726 0.990208
    outer loop
      vertex -7.05121 -4.817 4.70074
      vertex -8.47855 -5.79208 4.46019
      vertex -7.99352 -6.82632 4.46019
    endloop
  endfacet
  facet normal -0.18267 0.00702111 0.983149
    outer loop
      vertex -9.56743 1.20434 4.46019
      vertex -11.1396 0 4.17668
      vertex -9.61372 0 4.46019
    endloop
  endfacet
  facet normal -0.182676 0.00702959 0.983148
    outer loop
      vertex -11.0859 1.39549 4.17668
      vertex -11.1396 0 4.17668
      vertex -9.56743 1.20434 4.46019
    endloop
  endfacet
  facet normal -0.142814 -0.0279888 0.989354
    outer loop
      vertex -7.84165 -1.99354 4.70074
      vertex -9.19976 -3.56674 4.46019
      vertex -7.65101 -2.96629 4.70074
    endloop
  endfacet
  facet normal -0.138651 -0.0388166 0.98958
    outer loop
      vertex -7.65101 -2.96629 4.70074
      vertex -9.19976 -3.56674 4.46019
      vertex -8.88192 -4.70205 4.46019
    endloop
  endfacet
  facet normal -0.147013 -0.00565103 0.989118
    outer loop
      vertex -7.99528 0 4.70074
      vertex -9.61372 0 4.46019
      vertex -7.95678 -1.00159 4.70074
    endloop
  endfacet
  facet normal -0.147013 -0.0056506 0.989118
    outer loop
      vertex -7.95678 -1.00159 4.70074
      vertex -9.61372 0 4.46019
      vertex -9.56743 -1.20434 4.46019
    endloop
  endfacet
  facet normal 0.0759056 -0.0990874 0.992179
    outer loop
      vertex 5.3411 -10.2163 4.46019
      vertex 4.44194 -8.49643 4.70074
      vertex 4.53188 -10.8362 4.46019
    endloop
  endfacet
  facet normal 0.0879189 -0.0927537 0.9918
    outer loop
      vertex 6.09888 -9.49802 4.46019
      vertex 4.44194 -8.49643 4.70074
      vertex 5.3411 -10.2163 4.46019
    endloop
  endfacet
  facet normal 0.116001 -0.191911 0.974533
    outer loop
      vertex 5.91987 -14.1551 3.85295
      vertex 4.8058 -14.8285 3.85295
      vertex 5.30238 -16.3607 3.49211
    endloop
  endfacet
  facet normal 0.116004 -0.191912 0.974532
    outer loop
      vertex 5.91987 -14.1551 3.85295
      vertex 5.30238 -16.3607 3.49211
      vertex 6.53157 -15.6177 3.49211
    endloop
  endfacet
  facet normal 0.0359069 -0.112154 0.993042
    outer loop
      vertex 2.79072 -11.758 4.46019
      vertex 1.5598 -10.0222 4.70074
      vertex 1.87554 -12.051 4.46019
    endloop
  endfacet
  facet normal 0.044714 -0.139663 0.989189
    outer loop
      vertex 2.79072 -11.758 4.46019
      vertex 1.87554 -12.051 4.46019
      vertex 3.23365 -13.6242 4.17668
    endloop
  endfacet
  facet normal 0.0914985 -0.200072 0.9755
    outer loop
      vertex 5.30238 -16.3607 3.49211
      vertex 3.64544 -15.3591 3.85295
      vertex 4.02212 -16.9462 3.49211
    endloop
  endfacet
  facet normal 0.0914919 -0.200082 0.975498
    outer loop
      vertex 4.8058 -14.8285 3.85295
      vertex 3.64544 -15.3591 3.85295
      vertex 5.30238 -16.3607 3.49211
    endloop
  endfacet
  facet normal -0.0359069 -0.112154 0.993042
    outer loop
      vertex -1.5598 -10.0222 4.70074
      vertex -2.79072 -11.758 4.46019
      vertex -1.87554 -12.051 4.46019
    endloop
  endfacet
  facet normal -0.044714 -0.139663 0.989189
    outer loop
      vertex -2.79072 -11.758 4.46019
      vertex -3.23365 -13.6242 4.17668
      vertex -1.87554 -12.051 4.46019
    endloop
  endfacet
  facet normal -0.00903817 -0.143864 0.989556
    outer loop
      vertex 0 -12.2871 4.46019
      vertex -0.942309 -12.2279 4.46019
      vertex 0 -14.2372 4.17668
    endloop
  endfacet
  facet normal -0.00725688 -0.11551 0.99328
    outer loop
      vertex 0 -10.2186 4.70074
      vertex -0.942309 -12.2279 4.46019
      vertex 0 -12.2871 4.46019
    endloop
  endfacet
  facet normal 0.0399006 -0.210477 0.976784
    outer loop
      vertex 2.44997 -15.7419 3.85295
      vertex 1.23091 -15.973 3.85295
      vertex 2.70313 -17.3685 3.49211
    endloop
  endfacet
  facet normal 0.0270048 -0.142463 0.989432
    outer loop
      vertex 1.87554 -12.051 4.46019
      vertex 0.942309 -12.2279 4.46019
      vertex 2.17322 -13.9636 4.17668
    endloop
  endfacet
  facet normal -0.303183 0.084881 0.949144
    outer loop
      vertex -12.8011 6.77684 3.49211
      vertex -14.3732 5.5725 3.09764
      vertex -13.2592 5.14057 3.49211
    endloop
  endfacet
  facet normal -0.252924 0.0708101 0.964891
    outer loop
      vertex -12.8011 6.77684 3.49211
      vertex -13.2592 5.14057 3.49211
      vertex -11.6022 6.14217 3.85295
    endloop
  endfacet
  facet normal -0.265384 0.0307959 0.963651
    outer loop
      vertex -12.3169 3.13125 3.85295
      vertex -13.7891 1.73576 3.49211
      vertex -12.4977 1.5732 3.85295
    endloop
  endfacet
  facet normal -0.22037 0.0255723 0.975081
    outer loop
      vertex -12.3169 3.13125 3.85295
      vertex -12.4977 1.5732 3.85295
      vertex -11.0859 1.39549 4.17668
    endloop
  endfacet
  facet normal -0.172327 0.0482459 0.983858
    outer loop
      vertex -10.2916 5.44835 4.17668
      vertex -10.6599 4.13284 4.17668
      vertex -9.19976 3.56674 4.46019
    endloop
  endfacet
  facet normal -0.172329 0.0482449 0.983857
    outer loop
      vertex -8.88192 4.70205 4.46019
      vertex -10.2916 5.44835 4.17668
      vertex -9.19976 3.56674 4.46019
    endloop
  endfacet
  facet normal -0.349513 0.129359 0.927958
    outer loop
      vertex -13.2464 9.04924 3.09764
      vertex -14.1456 9.6635 2.67333
      vertex -13.8767 7.34624 3.09764
    endloop
  endfacet
  facet normal -0.181502 0.156695 0.970826
    outer loop
      vertex -8.79002 13.689 3.49211
      vertex -9.79752 12.522 3.49211
      vertex -8.87995 11.3492 3.85295
    endloop
  endfacet
  facet normal -0.262453 0.226569 0.937968
    outer loop
      vertex -9.52857 14.8392 3.09764
      vertex -11.3417 14.4955 2.67333
      vertex -10.6207 13.5741 3.09764
    endloop
  endfacet
  facet normal -0.262453 0.226572 0.937968
    outer loop
      vertex -10.1754 15.8465 2.67333
      vertex -11.3417 14.4955 2.67333
      vertex -9.52857 14.8392 3.09764
    endloop
  endfacet
  facet normal -0.363334 0.101722 0.926089
    outer loop
      vertex -14.8186 7.8449 2.67333
      vertex -15.3489 5.95075 2.67333
      vertex -13.8767 7.34624 3.09764
    endloop
  endfacet
  facet normal -0.349543 0.129353 0.927948
    outer loop
      vertex -14.1456 9.6635 2.67333
      vertex -14.8186 7.8449 2.67333
      vertex -13.8767 7.34624 3.09764
    endloop
  endfacet
  facet normal -0.760093 0.539001 0.362955
    outer loop
      vertex -13.207 16.8795 0.255152
      vertex -14.4379 15.1437 0.255152
      vertex -13.0798 16.7169 0.762998
    endloop
  endfacet
  facet normal -0.864917 0.501915 0
    outer loop
      vertex -15.5298 13.2621 0
      vertex -14.4379 15.1437 0.255152
      vertex -14.4379 15.1437 0
    endloop
  endfacet
  facet normal -0.864917 0.501915 0
    outer loop
      vertex -14.4379 15.1437 0.255152
      vertex -15.5298 13.2621 0
      vertex -15.5298 13.2621 0.255152
    endloop
  endfacet
  facet normal -0.808243 0.469027 0.356029
    outer loop
      vertex -14.4379 15.1437 0.255152
      vertex -15.5298 13.2621 0.255152
      vertex -15.3802 13.1344 0.762998
    endloop
  endfacet
  facet normal -0.641167 0.454689 0.618193
    outer loop
      vertex -12.8266 16.3934 1.2635
      vertex -14.2988 14.9979 0.762998
      vertex -14.0221 14.7076 1.2635
    endloop
  endfacet
  facet normal -0.641153 0.454663 0.618226
    outer loop
      vertex -13.0798 16.7169 0.762998
      vertex -14.2988 14.9979 0.762998
      vertex -12.8266 16.3934 1.2635
    endloop
  endfacet
  facet normal -0.905383 0.424597 0
    outer loop
      vertex -16.4721 11.2528 0
      vertex -15.5298 13.2621 0.255152
      vertex -15.5298 13.2621 0
    endloop
  endfacet
  facet normal -0.905383 0.424597 0
    outer loop
      vertex -15.5298 13.2621 0.255152
      vertex -16.4721 11.2528 0
      vertex -16.4721 11.2528 0.255152
    endloop
  endfacet
  facet normal -0.999261 0.0384366 0
    outer loop
      vertex -18.6775 0 0
      vertex -18.5875 2.33979 0.255152
      vertex -18.5875 2.33979 0
    endloop
  endfacet
  facet normal -0.999261 0.0384366 0
    outer loop
      vertex -18.5875 2.33979 0.255152
      vertex -18.6775 0 0
      vertex -18.6775 0 0.255152
    endloop
  endfacet
  facet normal -0.372789 0.486641 0.790069
    outer loop
      vertex -8.29982 19.8458 1.75183
      vertex -10.0778 19.2766 1.2635
      vertex -9.78185 18.7105 1.75183
    endloop
  endfacet
  facet normal -0.42802 0.45156 0.782874
    outer loop
      vertex -10.0778 19.2766 1.2635
      vertex -11.1697 17.395 1.75183
      vertex -9.78185 18.7105 1.75183
    endloop
  endfacet
  facet normal -0.608121 0.793844 0
    outer loop
      vertex -8.8045 21.0525 0
      vertex -10.3766 19.8482 0.255152
      vertex -8.8045 21.0525 0.255152
    endloop
  endfacet
  facet normal -0.608121 0.793844 0
    outer loop
      vertex -10.3766 19.8482 0.255152
      vertex -8.8045 21.0525 0
      vertex -10.3766 19.8482 0
    endloop
  endfacet
  facet normal -0.756959 -0.653462 0
    outer loop
      vertex -11.8489 -18.4527 0
      vertex -13.207 -16.8795 0.255152
      vertex -13.207 -16.8795 0
    endloop
  endfacet
  facet normal -0.756959 -0.653462 0
    outer loop
      vertex -13.207 -16.8795 0.255152
      vertex -11.8489 -18.4527 0
      vertex -11.8489 -18.4527 0.255152
    endloop
  endfacet
  facet normal -0.993334 -0.115269 0
    outer loop
      vertex -18.3186 -4.65704 0
      vertex -18.5875 -2.33979 0.255152
      vertex -18.5875 -2.33979 0
    endloop
  endfacet
  facet normal -0.993334 -0.115269 0
    outer loop
      vertex -18.5875 -2.33979 0.255152
      vertex -18.3186 -4.65704 0
      vertex -18.3186 -4.65704 0.255152
    endloop
  endfacet
  facet normal -0.905569 -0.253523 0.340103
    outer loop
      vertex -17.0896 -9.04714 0.762998
      vertex -17.8732 -6.92945 0.255152
      vertex -17.2557 -9.13512 0.255152
    endloop
  endfacet
  facet normal -0.981328 -0.192344 0
    outer loop
      vertex -17.8732 -6.92945 0
      vertex -18.3186 -4.65704 0.255152
      vertex -18.3186 -4.65704 0
    endloop
  endfacet
  facet normal -0.981328 -0.192344 0
    outer loop
      vertex -18.3186 -4.65704 0.255152
      vertex -17.8732 -6.92945 0
      vertex -17.8732 -6.92945 0.255152
    endloop
  endfacet
  facet normal -0.139323 -0.18188 0.973401
    outer loop
      vertex -5.91987 -14.1551 3.85295
      vertex -7.69786 -14.7243 3.49211
      vertex -6.53157 -15.6177 3.49211
    endloop
  endfacet
  facet normal -0.139658 -0.231045 0.962867
    outer loop
      vertex -6.53157 -15.6177 3.49211
      vertex -7.08037 -16.9299 3.09764
      vertex -5.30238 -16.3607 3.49211
    endloop
  endfacet
  facet normal -0.181519 -0.156695 0.970823
    outer loop
      vertex -7.96681 -12.407 3.85295
      vertex -8.87995 -11.3492 3.85295
      vertex -8.79002 -13.689 3.49211
    endloop
  endfacet
  facet normal -0.13352 -0.140859 0.980985
    outer loop
      vertex -7.06687 -11.0055 4.17668
      vertex -7.96681 -12.407 3.85295
      vertex -6.97694 -13.3453 3.85295
    endloop
  endfacet
  facet normal -0.400632 -0.187869 0.896771
    outer loop
      vertex -13.3364 -11.389 2.67333
      vertex -14.9085 -10.1847 2.22329
      vertex -14.0557 -12.0033 2.22329
    endloop
  endfacet
  facet normal -0.376595 -0.218549 0.900229
    outer loop
      vertex -13.3364 -11.389 2.67333
      vertex -14.0557 -12.0033 2.22329
      vertex -13.0674 -13.7063 2.22329
    endloop
  endfacet
  facet normal -0.425065 -0.301414 0.853504
    outer loop
      vertex -13.0674 -13.7063 2.22329
      vertex -13.6103 -14.2757 1.75183
      vertex -11.9534 -15.2773 2.22329
    endloop
  endfacet
  facet normal -0.317528 -0.27411 0.907766
    outer loop
      vertex -11.3417 -14.4955 2.67333
      vertex -11.9534 -15.2773 2.22329
      vertex -10.7242 -16.7012 2.22329
    endloop
  endfacet
  facet normal -0.312128 -0.181138 0.932612
    outer loop
      vertex -12.4887 -10.6651 3.09764
      vertex -13.3364 -11.389 2.67333
      vertex -11.6106 -12.1782 3.09764
    endloop
  endfacet
  facet normal -0.218161 -0.188333 0.957568
    outer loop
      vertex -9.79752 -12.522 3.49211
      vertex -10.6207 -13.5741 3.09764
      vertex -9.52857 -14.8392 3.09764
    endloop
  endfacet
  facet normal -0.58957 -0.508935 0.62721
    outer loop
      vertex -12.8266 -16.3934 1.2635
      vertex -13.0798 -16.7169 0.762998
      vertex -11.7348 -18.275 0.762998
    endloop
  endfacet
  facet normal -0.641153 -0.454663 0.618226
    outer loop
      vertex -12.8266 -16.3934 1.2635
      vertex -14.2988 -14.9979 0.762998
      vertex -13.0798 -16.7169 0.762998
    endloop
  endfacet
  facet normal -0.685536 -0.39782 0.609738
    outer loop
      vertex -14.0221 -14.7076 1.2635
      vertex -15.3802 -13.1344 0.762998
      vertex -14.2988 -14.9979 0.762998
    endloop
  endfacet
  facet normal -0.641167 -0.454689 0.618193
    outer loop
      vertex -14.0221 -14.7076 1.2635
      vertex -14.2988 -14.9979 0.762998
      vertex -12.8266 -16.3934 1.2635
    endloop
  endfacet
  facet normal 0.109119 -0.575625 0.810401
    outer loop
      vertex 3.43493 -22.0705 1.75183
      vertex 1.72577 -22.3945 1.75183
      vertex 3.53886 -22.7383 1.2635
    endloop
  endfacet
  facet normal 0.179998 -0.562223 0.807159
    outer loop
      vertex 5.111 -21.5339 1.75183
      vertex 3.43493 -22.0705 1.75183
      vertex 3.53886 -22.7383 1.2635
    endloop
  endfacet
  facet normal -0.110206 -0.240976 0.964254
    outer loop
      vertex -5.30238 -16.3607 3.49211
      vertex -5.7479 -17.7354 3.09764
      vertex -4.36007 -18.3701 3.09764
    endloop
  endfacet
  facet normal -0.161666 -0.353539 0.921344
    outer loop
      vertex -4.65603 -19.617 2.67333
      vertex -6.13806 -18.9393 2.67333
      vertex -4.90715 -20.675 2.22329
    endloop
  endfacet
  facet normal -0.2512 -0.415571 0.874185
    outer loop
      vertex -6.46911 -19.9607 2.22329
      vertex -7.96877 -19.0542 2.22329
      vertex -6.73786 -20.79 1.75183
    endloop
  endfacet
  facet normal -0.198863 -0.434854 0.878269
    outer loop
      vertex -6.46911 -19.9607 2.22329
      vertex -6.73786 -20.79 1.75183
      vertex -4.90715 -20.675 2.22329
    endloop
  endfacet
  facet normal -0.282834 -0.298392 0.911574
    outer loop
      vertex -8.91108 -17.0449 2.67333
      vertex -10.1754 -15.8465 2.67333
      vertex -9.39169 -17.9642 2.22329
    endloop
  endfacet
  facet normal -0.245062 -0.319917 0.915204
    outer loop
      vertex -8.91108 -17.0449 2.67333
      vertex -9.39169 -17.9642 2.22329
      vertex -7.56098 -18.0791 2.67333
    endloop
  endfacet
  facet normal 0.0365831 -0.582417 0.812066
    outer loop
      vertex 1.72577 -22.3945 1.75183
      vertex 0 -22.5029 1.75183
      vertex 1.77799 -23.0721 1.2635
    endloop
  endfacet
  facet normal 0.0291976 -0.464837 0.884915
    outer loop
      vertex 1.65694 -21.5013 2.22329
      vertex 0 -22.5029 1.75183
      vertex 1.72577 -22.3945 1.75183
    endloop
  endfacet
  facet normal 0.0707097 -0.372953 0.925152
    outer loop
      vertex 3.12916 -20.1058 2.67333
      vertex 1.57215 -20.401 2.67333
      vertex 1.65694 -21.5013 2.22329
    endloop
  endfacet
  facet normal 0.0236569 -0.376905 0.92595
    outer loop
      vertex 1.57215 -20.401 2.67333
      vertex 0 -21.6053 2.22329
      vertex 1.65694 -21.5013 2.22329
    endloop
  endfacet
  facet normal -0.0433073 -0.0565334 0.997461
    outer loop
      vertex -2.1419 -5.12152 5.04416
      vertex -3.5 -6.69472 4.89603
      vertex -2.96972 -7.10094 4.89603
    endloop
  endfacet
  facet normal -0.0433079 -0.0565328 0.997461
    outer loop
      vertex -2.52436 -4.82853 5.04416
      vertex -3.5 -6.69472 4.89603
      vertex -2.1419 -5.12152 5.04416
    endloop
  endfacet
  facet normal -0.0497694 -0.108837 0.992813
    outer loop
      vertex -3.05966 -9.44072 4.70074
      vertex -3.67901 -11.3518 4.46019
      vertex -2.79072 -11.758 4.46019
    endloop
  endfacet
  facet normal -0.0631484 -0.104468 0.992521
    outer loop
      vertex -3.76895 -9.01197 4.70074
      vertex -4.53188 -10.8362 4.46019
      vertex -3.05966 -9.44072 4.70074
    endloop
  endfacet
  facet normal -0.0759054 -0.0990874 0.992179
    outer loop
      vertex -4.44194 -8.49643 4.70074
      vertex -4.53188 -10.8362 4.46019
      vertex -3.76895 -9.01197 4.70074
    endloop
  endfacet
  facet normal -0.0590085 -0.0770302 0.995281
    outer loop
      vertex -2.96972 -7.10094 4.89603
      vertex -4.44194 -8.49643 4.70074
      vertex -3.76895 -9.01197 4.70074
    endloop
  endfacet
  facet normal -0.0879189 -0.0927537 0.9918
    outer loop
      vertex -4.44194 -8.49643 4.70074
      vertex -6.09888 -9.49802 4.46019
      vertex -5.3411 -10.2163 4.46019
    endloop
  endfacet
  facet normal -0.0879194 -0.0927528 0.9918
    outer loop
      vertex -5.07215 -7.89906 4.70074
      vertex -6.09888 -9.49802 4.46019
      vertex -4.44194 -8.49643 4.70074
    endloop
  endfacet
  facet normal 0.0133504 -0.21259 0.97705
    outer loop
      vertex 0 -16.0503 3.85295
      vertex 0 -17.7087 3.49211
      vertex 1.23091 -15.973 3.85295
    endloop
  endfacet
  facet normal 0.0110266 -0.17576 0.984371
    outer loop
      vertex 0 -14.2372 4.17668
      vertex 0 -16.0503 3.85295
      vertex 1.09187 -14.1687 4.17668
    endloop
  endfacet
  facet normal -0.387704 -0.334685 0.858878
    outer loop
      vertex -10.7242 -16.7012 2.22329
      vertex -12.4499 -15.912 1.75183
      vertex -11.1697 -17.395 1.75183
    endloop
  endfacet
  facet normal -0.428038 -0.451567 0.78286
    outer loop
      vertex -11.1697 -17.395 1.75183
      vertex -11.5076 -17.9213 1.2635
      vertex -10.0778 -19.2766 1.2635
    endloop
  endfacet
  facet normal -0.552519 -0.0641221 0.83103
    outer loop
      vertex -16.8232 -2.11769 2.22329
      vertex -17.5221 -2.20567 1.75183
      vertex -16.5798 -4.21499 2.22329
    endloop
  endfacet
  facet normal -0.552514 -0.0641184 0.831034
    outer loop
      vertex -16.5798 -4.21499 2.22329
      vertex -17.5221 -2.20567 1.75183
      vertex -17.2686 -4.3901 1.75183
    endloop
  endfacet
  facet normal -0.54308 -0.10644 0.832907
    outer loop
      vertex -16.5798 -4.21499 2.22329
      vertex -16.8487 -6.53225 1.75183
      vertex -16.1767 -6.2717 2.22329
    endloop
  endfacet
  facet normal -0.543048 -0.106447 0.832927
    outer loop
      vertex -16.5798 -4.21499 2.22329
      vertex -17.2686 -4.3901 1.75183
      vertex -16.8487 -6.53225 1.75183
    endloop
  endfacet
  facet normal 0.332423 0.155895 0.930157
    outer loop
      vertex 13.3364 11.389 2.67333
      vertex 13.2464 9.04924 3.09764
      vertex 14.1456 9.6635 2.67333
    endloop
  endfacet
  facet normal 0.349513 0.129359 0.927958
    outer loop
      vertex 14.1456 9.6635 2.67333
      vertex 13.2464 9.04924 3.09764
      vertex 13.8767 7.34624 3.09764
    endloop
  endfacet
  facet normal 0.880391 -0.325769 0.344654
    outer loop
      vertex 17.2557 -9.13512 0.255152
      vertex 16.3134 -11.1444 0.762998
      vertex 16.4721 -11.2528 0.255152
    endloop
  endfacet
  facet normal 0.880451 -0.325856 0.344419
    outer loop
      vertex 17.0896 -9.04714 0.762998
      vertex 16.3134 -11.1444 0.762998
      vertex 17.2557 -9.13512 0.255152
    endloop
  endfacet
  facet normal 0.641153 -0.454663 0.618226
    outer loop
      vertex 14.2988 -14.9979 0.762998
      vertex 12.8266 -16.3934 1.2635
      vertex 13.0798 -16.7169 0.762998
    endloop
  endfacet
  facet normal 0.760095 -0.539009 0.362938
    outer loop
      vertex 14.2988 -14.9979 0.762998
      vertex 13.0798 -16.7169 0.762998
      vertex 14.4379 -15.1437 0.255152
    endloop
  endfacet
  facet normal 0.486325 -0.228054 0.843492
    outer loop
      vertex 14.9085 -10.1847 2.22329
      vertex 14.0557 -12.0033 2.22329
      vertex 14.6396 -12.5019 1.75183
    endloop
  endfacet
  facet normal 0.486273 -0.228054 0.843522
    outer loop
      vertex 14.9085 -10.1847 2.22329
      vertex 14.6396 -12.5019 1.75183
      vertex 15.5279 -10.6078 1.75183
    endloop
  endfacet
  facet normal 0.425081 -0.301451 0.853483
    outer loop
      vertex 13.6103 -14.2757 1.75183
      vertex 11.9534 -15.2773 2.22329
      vertex 12.4499 -15.912 1.75183
    endloop
  endfacet
  facet normal 0.425065 -0.301414 0.853504
    outer loop
      vertex 13.0674 -13.7063 2.22329
      vertex 11.9534 -15.2773 2.22329
      vertex 13.6103 -14.2757 1.75183
    endloop
  endfacet
  facet normal 0.0722067 0.0338632 0.996815
    outer loop
      vertex 5.55596 3.79553 4.89603
      vertex 3.77797 3.22632 5.04416
      vertex 4.00721 2.73751 5.04416
    endloop
  endfacet
  facet normal 0.0235127 0.0110263 0.999663
    outer loop
      vertex 2.28144 1.94831 5.14372
      vertex 0.80922 0.552814 5.19374
      vertex 2.41987 1.65312 5.14372
    endloop
  endfacet
  facet normal -0.0284399 0.0371269 0.998906
    outer loop
      vertex -1.29345 3.09277 5.14372
      vertex -2.1419 5.12152 5.04416
      vertex -1.52441 2.91585 5.14372
    endloop
  endfacet
  facet normal -0.00666064 -0.0208078 0.999761
    outer loop
      vertex -0.266355 -1.12222 5.19374
      vertex -0.7965 -3.35585 5.14372
      vertex -0.179008 -1.15018 5.19374
    endloop
  endfacet
  facet normal 0.0552305 0.00212257 0.998471
    outer loop
      vertex 4.54373 0 5.04416
      vertex 2.73065 0.343732 5.14372
      vertex 2.74386 0 5.14372
    endloop
  endfacet
  facet normal 0.0273785 0.00105219 0.999625
    outer loop
      vertex 2.73065 0.343732 5.14372
      vertex 0.917565 0 5.19374
      vertex 2.74386 0 5.14372
    endloop
  endfacet
  facet normal 0.0816384 0.0159992 0.996534
    outer loop
      vertex 6.02857 2.33728 4.89603
      vertex 4.34808 1.68575 5.04416
      vertex 4.45642 1.13293 5.04416
    endloop
  endfacet
  facet normal 0.0792466 0.0221857 0.996608
    outer loop
      vertex 5.82029 3.08124 4.89603
      vertex 4.19786 2.22233 5.04416
      vertex 4.34808 1.68575 5.04416
    endloop
  endfacet
  facet normal 0.0623926 0.044245 0.99707
    outer loop
      vertex 4.45466 5.69339 4.89603
      vertex 3.51235 3.68406 5.04416
      vertex 4.86984 5.10792 4.89603
    endloop
  endfacet
  facet normal 0.0921022 0.0534459 0.994314
    outer loop
      vertex 6.18044 6.48259 4.70074
      vertex 4.86984 5.10792 4.89603
      vertex 5.23812 4.47327 4.89603
    endloop
  endfacet
  facet normal 0.0760929 0.0281589 0.996703
    outer loop
      vertex 5.55596 3.79553 4.89603
      vertex 4.00721 2.73751 5.04416
      vertex 5.82029 3.08124 4.89603
    endloop
  endfacet
  facet normal 0.0792464 0.0221859 0.996608
    outer loop
      vertex 5.82029 3.08124 4.89603
      vertex 4.34808 1.68575 5.04416
      vertex 6.02857 2.33728 4.89603
    endloop
  endfacet
  facet normal 0.18094 0.0209999 0.98327
    outer loop
      vertex 11.0859 1.39549 4.17668
      vertex 9.429 2.39709 4.46019
      vertex 9.56743 1.20434 4.46019
    endloop
  endfacet
  facet normal 0.18094 0.0209999 0.98327
    outer loop
      vertex 10.9255 2.77754 4.17668
      vertex 9.429 2.39709 4.46019
      vertex 11.0859 1.39549 4.17668
    endloop
  endfacet
  facet normal 0.15714 0.0736942 0.984823
    outer loop
      vertex 9.26222 7.90977 4.17668
      vertex 7.99352 6.82632 4.46019
      vertex 8.47855 5.79208 4.46019
    endloop
  endfacet
  facet normal 0.147238 0.0854406 0.985404
    outer loop
      vertex 8.61101 9.03199 4.17668
      vertex 7.43151 7.79482 4.46019
      vertex 7.99352 6.82632 4.46019
    endloop
  endfacet
  facet normal 0.0879189 0.0927537 0.9918
    outer loop
      vertex 5.3411 10.2163 4.46019
      vertex 4.44194 8.49643 4.70074
      vertex 6.09888 9.49802 4.46019
    endloop
  endfacet
  facet normal 0.109405 0.115422 0.987273
    outer loop
      vertex 6.18882 11.8378 4.17668
      vertex 5.3411 10.2163 4.46019
      vertex 6.09888 9.49802 4.46019
    endloop
  endfacet
  facet normal 0.135911 0.096381 0.986022
    outer loop
      vertex 8.61101 9.03199 4.17668
      vertex 6.79793 8.68826 4.46019
      vertex 7.43151 7.79482 4.46019
    endloop
  endfacet
  facet normal 0.123264 0.106409 0.986653
    outer loop
      vertex 7.06687 11.0055 4.17668
      vertex 6.79793 8.68826 4.46019
      vertex 7.87687 10.0672 4.17668
    endloop
  endfacet
  facet normal 0.0409831 0.0290638 0.998737
    outer loop
      vertex 3.51235 3.68406 5.04416
      vertex 1.9402 2.47972 5.14372
      vertex 2.12103 2.22473 5.14372
    endloop
  endfacet
  facet normal 0.0770447 0.0665109 0.994807
    outer loop
      vertex 5.65352 7.22562 4.70074
      vertex 3.99658 6.22402 4.89603
      vertex 4.45466 5.69339 4.89603
    endloop
  endfacet
  facet normal 0.0683589 0.0721169 0.995051
    outer loop
      vertex 4.44194 8.49643 4.70074
      vertex 3.99658 6.22402 4.89603
      vertex 5.07215 7.89906 4.70074
    endloop
  endfacet
  facet normal 0.0590087 0.07703 0.995281
    outer loop
      vertex 4.44194 8.49643 4.70074
      vertex 2.96972 7.10094 4.89603
      vertex 3.5 6.69472 4.89603
    endloop
  endfacet
  facet normal 0.0123644 0.0652187 0.997794
    outer loop
      vertex 0.617492 8.0129 4.89603
      vertex 0.445363 5.77926 5.04416
      vertex 1.22904 7.89696 4.89603
    endloop
  endfacet
  facet normal 0.00666064 0.0208078 0.999761
    outer loop
      vertex 0.7965 3.35585 5.14372
      vertex 0.179008 1.15018 5.19374
      vertex 0.266355 1.12222 5.19374
    endloop
  endfacet
  facet normal 0.0490846 0.0812018 0.995488
    outer loop
      vertex 3.05966 9.44072 4.70074
      vertex 2.41084 7.43877 4.89603
      vertex 2.96972 7.10094 4.89603
    endloop
  endfacet
  facet normal 0.0056351 0.0897577 0.995948
    outer loop
      vertex 0 10.2186 4.70074
      vertex 0 8.05167 4.89603
      vertex 0.783674 10.1694 4.70074
    endloop
  endfacet
  facet normal 0.00725203 0.115513 0.99328
    outer loop
      vertex 0.942309 12.2279 4.46019
      vertex 0 10.2186 4.70074
      vertex 0.783674 10.1694 4.70074
    endloop
  endfacet
  facet normal 0.139327 0.18187 0.973402
    outer loop
      vertex 7.69786 14.7243 3.49211
      vertex 5.91987 14.1551 3.85295
      vertex 6.97694 13.3453 3.85295
    endloop
  endfacet
  facet normal 0.161234 0.170089 0.972149
    outer loop
      vertex 7.69786 14.7243 3.49211
      vertex 6.97694 13.3453 3.85295
      vertex 8.79002 13.689 3.49211
    endloop
  endfacet
  facet normal 0.0959981 0.158802 0.982632
    outer loop
      vertex 4.8058 14.8285 3.85295
      vertex 4.26293 13.1535 4.17668
      vertex 5.25116 12.5561 4.17668
    endloop
  endfacet
  facet normal 0.0756905 0.165512 0.983299
    outer loop
      vertex 4.8058 14.8285 3.85295
      vertex 3.23365 13.6242 4.17668
      vertex 4.26293 13.1535 4.17668
    endloop
  endfacet
  facet normal -0.218161 0.188333 0.957568
    outer loop
      vertex -9.52857 14.8392 3.09764
      vertex -10.6207 13.5741 3.09764
      vertex -9.79752 12.522 3.49211
    endloop
  endfacet
  facet normal -0.193891 0.204555 0.95946
    outer loop
      vertex -8.34465 15.9614 3.09764
      vertex -9.52857 14.8392 3.09764
      vertex -8.79002 13.689 3.49211
    endloop
  endfacet
  facet normal -0.191541 0.089827 0.977365
    outer loop
      vertex -9.26222 7.90977 4.17668
      vertex -11.0753 7.56604 3.85295
      vertex -9.82423 6.71138 4.17668
    endloop
  endfacet
  facet normal -0.230901 0.108278 0.966934
    outer loop
      vertex -11.5207 9.83844 3.49211
      vertex -12.2197 8.34784 3.49211
      vertex -10.4417 8.91705 3.85295
    endloop
  endfacet
  facet normal -0.147238 0.0854405 0.985404
    outer loop
      vertex -8.61101 9.03199 4.17668
      vertex -9.26222 7.90977 4.17668
      vertex -7.99352 6.82632 4.46019
    endloop
  endfacet
  facet normal -0.147238 0.0854406 0.985404
    outer loop
      vertex -7.43151 7.79482 4.46019
      vertex -8.61101 9.03199 4.17668
      vertex -7.99352 6.82632 4.46019
    endloop
  endfacet
  facet normal 0.0110266 0.17576 0.984371
    outer loop
      vertex 0 16.0503 3.85295
      vertex 0 14.2372 4.17668
      vertex 1.09187 14.1687 4.17668
    endloop
  endfacet
  facet normal 0.0619685 0.135514 0.988836
    outer loop
      vertex 3.23365 13.6242 4.17668
      vertex 2.79072 11.758 4.46019
      vertex 3.67901 11.3518 4.46019
    endloop
  endfacet
  facet normal 0.0133504 0.21259 0.97705
    outer loop
      vertex 0 17.7087 3.49211
      vertex 0 16.0503 3.85295
      vertex 1.23091 15.973 3.85295
    endloop
  endfacet
  facet normal -0.0133504 0.21259 0.97705
    outer loop
      vertex 0 17.7087 3.49211
      vertex -1.23091 15.973 3.85295
      vertex 0 16.0503 3.85295
    endloop
  endfacet
  facet normal -0.0270191 0.142453 0.989433
    outer loop
      vertex -1.09187 14.1687 4.17668
      vertex -2.17322 13.9636 4.17668
      vertex -0.942309 12.2279 4.46019
    endloop
  endfacet
  facet normal -0.0546029 0.170603 0.983826
    outer loop
      vertex -2.44997 15.7419 3.85295
      vertex -3.23365 13.6242 4.17668
      vertex -2.17322 13.9636 4.17668
    endloop
  endfacet
  facet normal -0.00271547 0.0432394 0.999061
    outer loop
      vertex 0 3.50686 5.14372
      vertex -0.445363 5.77926 5.04416
      vertex -0.268945 3.48997 5.14372
    endloop
  endfacet
  facet normal -0.00563554 0.0897575 0.995948
    outer loop
      vertex 0 8.05167 4.89603
      vertex -0.783674 10.1694 4.70074
      vertex -0.617492 8.0129 4.89603
    endloop
  endfacet
  facet normal -0.0329528 0.0347651 0.998852
    outer loop
      vertex -2.52436 4.82853 5.04416
      vertex -2.88251 4.48905 5.04416
      vertex -1.52441 2.91585 5.14372
    endloop
  endfacet
  facet normal -0.109267 0.0774869 0.990988
    outer loop
      vertex -5.65352 7.22562 4.70074
      vertex -6.79793 8.68826 4.46019
      vertex -6.18044 6.48259 4.70074
    endloop
  endfacet
  facet normal -0.116004 0.191912 0.974532
    outer loop
      vertex -5.30238 16.3607 3.49211
      vertex -6.53157 15.6177 3.49211
      vertex -5.91987 14.1551 3.85295
    endloop
  endfacet
  facet normal -0.139323 0.18188 0.973401
    outer loop
      vertex -6.53157 15.6177 3.49211
      vertex -7.69786 14.7243 3.49211
      vertex -5.91987 14.1551 3.85295
    endloop
  endfacet
  facet normal -0.0590085 0.0770302 0.995281
    outer loop
      vertex -3.76895 9.01197 4.70074
      vertex -4.44194 8.49643 4.70074
      vertex -2.96972 7.10094 4.89603
    endloop
  endfacet
  facet normal -0.0490847 0.0812018 0.995488
    outer loop
      vertex -3.05966 9.44072 4.70074
      vertex -3.76895 9.01197 4.70074
      vertex -2.96972 7.10094 4.89603
    endloop
  endfacet
  facet normal -0.161666 0.353539 0.921344
    outer loop
      vertex -4.90715 20.675 2.22329
      vertex -6.13806 18.9393 2.67333
      vertex -4.65603 19.617 2.67333
    endloop
  endfacet
  facet normal -0.132993 0.290837 0.947484
    outer loop
      vertex -4.65603 19.617 2.67333
      vertex -6.13806 18.9393 2.67333
      vertex -5.7479 17.7354 3.09764
    endloop
  endfacet
  facet normal -0.0480923 0.253669 0.966095
    outer loop
      vertex -1.47221 19.1042 3.09764
      vertex -2.70313 17.3685 3.49211
      vertex -1.3581 17.6235 3.49211
    endloop
  endfacet
  facet normal -0.0399031 0.210474 0.976785
    outer loop
      vertex -1.3581 17.6235 3.49211
      vertex -2.70313 17.3685 3.49211
      vertex -1.23091 15.973 3.85295
    endloop
  endfacet
  facet normal -0.0330081 0.174029 0.984187
    outer loop
      vertex -1.09187 14.1687 4.17668
      vertex -2.44997 15.7419 3.85295
      vertex -2.17322 13.9636 4.17668
    endloop
  endfacet
  facet normal -0.0329934 0.174041 0.984185
    outer loop
      vertex -1.23091 15.973 3.85295
      vertex -2.44997 15.7419 3.85295
      vertex -1.09187 14.1687 4.17668
    endloop
  endfacet
  facet normal -0.137955 0.727741 0.671834
    outer loop
      vertex -1.81308 23.5275 0.762998
      vertex -3.53886 22.7383 1.2635
      vertex -1.77799 23.0721 1.2635
    endloop
  endfacet
  facet normal -0.227045 0.709111 0.667542
    outer loop
      vertex -3.6087 23.1871 0.762998
      vertex -5.36957 22.6233 0.762998
      vertex -3.53886 22.7383 1.2635
    endloop
  endfacet
  facet normal 0.0160982 0.256216 0.966485
    outer loop
      vertex 0 19.1967 3.09764
      vertex 0 17.7087 3.49211
      vertex 1.47221 19.1042 3.09764
    endloop
  endfacet
  facet normal 0.0160751 0.256239 0.96648
    outer loop
      vertex 1.47221 19.1042 3.09764
      vertex 0 17.7087 3.49211
      vertex 1.3581 17.6235 3.49211
    endloop
  endfacet
  facet normal 0.372789 0.486641 0.790069
    outer loop
      vertex 10.0778 19.2766 1.2635
      vertex 8.29982 19.8458 1.75183
      vertex 9.78185 18.7105 1.75183
    endloop
  endfacet
  facet normal 0.300433 0.392188 0.869441
    outer loop
      vertex 9.78185 18.7105 1.75183
      vertex 8.29982 19.8458 1.75183
      vertex 9.39169 17.9642 2.22329
    endloop
  endfacet
  facet normal 0.260376 0.0510394 0.964157
    outer loop
      vertex 13.2592 5.14057 3.49211
      vertex 12.0174 4.65914 3.85295
      vertex 12.3169 3.13125 3.85295
    endloop
  endfacet
  facet normal 0.252924 0.0708105 0.964891
    outer loop
      vertex 13.2592 5.14057 3.49211
      vertex 11.6022 6.14217 3.85295
      vertex 12.0174 4.65914 3.85295
    endloop
  endfacet
  facet normal -0.114428 0.00439847 0.993422
    outer loop
      vertex -7.95678 1.00159 4.70074
      vertex -7.99528 0 4.70074
      vertex -6.29984 0 4.89603
    endloop
  endfacet
  facet normal -0.114427 0.00439904 0.993422
    outer loop
      vertex -6.2695 0.789201 4.89603
      vertex -7.95678 1.00159 4.70074
      vertex -6.29984 0 4.89603
    endloop
  endfacet
  facet normal -0.103614 0.0383427 0.993878
    outer loop
      vertex -7.05121 4.817 4.70074
      vertex -7.38667 3.91048 4.70074
      vertex -5.82029 3.08124 4.89603
    endloop
  endfacet
  facet normal -0.13316 0.0492762 0.989869
    outer loop
      vertex -7.05121 4.817 4.70074
      vertex -8.88192 4.70205 4.46019
      vertex -7.38667 3.91048 4.70074
    endloop
  endfacet
  facet normal -0.0879189 0.0927537 0.9918
    outer loop
      vertex -5.3411 10.2163 4.46019
      vertex -6.09888 9.49802 4.46019
      vertex -4.44194 8.49643 4.70074
    endloop
  endfacet
  facet normal -0.0759056 0.0990874 0.992179
    outer loop
      vertex -4.53188 10.8362 4.46019
      vertex -5.3411 10.2163 4.46019
      vertex -4.44194 8.49643 4.70074
    endloop
  endfacet
  facet normal -0.0499933 0.0185008 0.998578
    outer loop
      vertex -4.00721 2.73751 5.04416
      vertex -4.19786 2.22233 5.04416
      vertex -2.41987 1.65312 5.14372
    endloop
  endfacet
  facet normal -0.0760929 0.0281593 0.996703
    outer loop
      vertex -4.00721 2.73751 5.04416
      vertex -5.82029 3.08124 4.89603
      vertex -4.19786 2.22233 5.04416
    endloop
  endfacet
  facet normal 0.0220183 0.0127767 0.999676
    outer loop
      vertex 2.28144 1.94831 5.14372
      vertex 0.709288 0.743963 5.19374
      vertex 0.762927 0.651526 5.19374
    endloop
  endfacet
  facet normal -0.0271148 0.00314712 0.999627
    outer loop
      vertex -0.899934 0.228786 5.19374
      vertex -2.69114 0.684154 5.14372
      vertex -0.913147 0.114946 5.19374
    endloop
  endfacet
  facet normal 0.00134595 -0.0214248 0.99977
    outer loop
      vertex 0 -1.17272 5.19374
      vertex 0 -3.50686 5.14372
      vertex 0.0899363 -1.16707 5.19374
    endloop
  endfacet
  facet normal -0.0236538 0.0391309 0.998954
    outer loop
      vertex -1.73881 5.36518 5.04416
      vertex -2.1419 5.12152 5.04416
      vertex -1.29345 3.09277 5.14372
    endloop
  endfacet
  facet normal -0.0360205 0.0595892 0.997573
    outer loop
      vertex -1.73881 5.36518 5.04416
      vertex -2.41084 7.43877 4.89603
      vertex -2.1419 5.12152 5.04416
    endloop
  endfacet
  facet normal -0.0371475 0.0320682 0.998795
    outer loop
      vertex -2.88251 4.48905 5.04416
      vertex -3.2129 4.10633 5.04416
      vertex -1.9402 2.47972 5.14372
    endloop
  endfacet
  facet normal -0.0409835 0.0290632 0.998737
    outer loop
      vertex -3.2129 4.10633 5.04416
      vertex -3.51235 3.68406 5.04416
      vertex -1.9402 2.47972 5.14372
    endloop
  endfacet
  facet normal 0.0247803 0.00917016 0.999651
    outer loop
      vertex 2.535 1.34202 5.14372
      vertex 0.80922 0.552814 5.19374
      vertex 0.847719 0.448779 5.19374
    endloop
  endfacet
  facet normal 0.0220179 0.0127773 0.999676
    outer loop
      vertex 2.12103 2.22473 5.14372
      vertex 0.709288 0.743963 5.19374
      vertex 2.28144 1.94831 5.14372
    endloop
  endfacet
  facet normal -0.00811841 0.0428225 0.99905
    outer loop
      vertex -0.445363 5.77926 5.04416
      vertex -0.886437 5.69564 5.04416
      vertex -0.268945 3.48997 5.14372
    endloop
  endfacet
  facet normal -0.0499933 -0.0185008 0.998578
    outer loop
      vertex -2.41987 -1.65312 5.14372
      vertex -4.19786 -2.22233 5.04416
      vertex -4.00721 -2.73751 5.04416
    endloop
  endfacet
  facet normal -0.0444246 -0.025779 0.99868
    outer loop
      vertex -2.28144 -1.94831 5.14372
      vertex -3.77797 -3.22632 5.04416
      vertex -3.51235 -3.68406 5.04416
    endloop
  endfacet
  facet normal -0.0265902 -0.00521153 0.999633
    outer loop
      vertex -0.878055 -0.340422 5.19374
      vertex -2.69114 -0.684154 5.14372
      vertex -2.62571 -1.01799 5.14372
    endloop
  endfacet
  facet normal -0.0536416 -0.0105135 0.998505
    outer loop
      vertex -2.69114 -0.684154 5.14372
      vertex -4.34808 -1.68575 5.04416
      vertex -2.62571 -1.01799 5.14372
    endloop
  endfacet
  facet normal -0.0168519 -0.0888888 0.995899
    outer loop
      vertex -0.617492 -8.0129 4.89603
      vertex -1.22904 -7.89696 4.89603
      vertex -0.783674 -10.1694 4.70074
    endloop
  endfacet
  facet normal -0.00563554 -0.0897575 0.995948
    outer loop
      vertex -0.617492 -8.0129 4.89603
      vertex -0.783674 -10.1694 4.70074
      vertex 0 -8.05167 4.89603
    endloop
  endfacet
  facet normal -0.0013455 -0.0214248 0.99977
    outer loop
      vertex -0.0899363 -1.16707 5.19374
      vertex -0.268945 -3.48997 5.14372
      vertex 0 -3.50686 5.14372
    endloop
  endfacet
  facet normal 0.0247802 0.0091705 0.999651
    outer loop
      vertex 2.41987 1.65312 5.14372
      vertex 0.80922 0.552814 5.19374
      vertex 2.535 1.34202 5.14372
    endloop
  endfacet
  facet normal -0.0134434 -0.0419927 0.999027
    outer loop
      vertex -0.7965 -3.35585 5.14372
      vertex -1.31897 -5.55717 5.04416
      vertex -0.886437 -5.69564 5.04416
    endloop
  endfacet
  facet normal -0.0123643 -0.0652187 0.997794
    outer loop
      vertex -0.886437 -5.69564 5.04416
      vertex -1.22904 -7.89696 4.89603
      vertex -0.445363 -5.77926 5.04416
    endloop
  endfacet
  facet normal -0.0329532 -0.0347648 0.998852
    outer loop
      vertex -1.74069 -2.71084 5.14372
      vertex -2.88251 -4.48905 5.04416
      vertex -1.52441 -2.91585 5.14372
    endloop
  endfacet
  facet normal -0.0163306 -0.0172283 0.999718
    outer loop
      vertex -0.582097 -0.906523 5.19374
      vertex -1.74069 -2.71084 5.14372
      vertex -1.52441 -2.91585 5.14372
    endloop
  endfacet
  facet normal -0.0163304 0.0172284 0.999718
    outer loop
      vertex -0.509771 0.975079 5.19374
      vertex -1.52441 2.91585 5.14372
      vertex -0.582097 0.906523 5.19374
    endloop
  endfacet
  facet normal -0.0236535 -0.0391309 0.998954
    outer loop
      vertex -1.29345 -3.09277 5.14372
      vertex -1.73881 -5.36518 5.04416
      vertex -1.05003 -3.23991 5.14372
    endloop
  endfacet
  facet normal -0.0186388 -0.0407581 0.998995
    outer loop
      vertex -1.05003 -3.23991 5.14372
      vertex -1.73881 -5.36518 5.04416
      vertex -0.7965 -3.35585 5.14372
    endloop
  endfacet
  facet normal 0.00402346 -0.0212183 0.999767
    outer loop
      vertex 0.179008 -1.15018 5.19374
      vertex 0.0899363 -1.16707 5.19374
      vertex 0.5353 -3.43947 5.14372
    endloop
  endfacet
  facet normal -0.0371485 0.0320677 0.998795
    outer loop
      vertex -1.74069 2.71084 5.14372
      vertex -2.88251 4.48905 5.04416
      vertex -1.9402 2.47972 5.14372
    endloop
  endfacet
  facet normal -0.0203119 0.0144043 0.99969
    outer loop
      vertex -0.648816 0.829236 5.19374
      vertex -1.9402 2.47972 5.14372
      vertex -0.709288 0.743963 5.19374
    endloop
  endfacet
  facet normal -0.00402346 0.0212183 0.999767
    outer loop
      vertex -0.0899363 1.16707 5.19374
      vertex -0.5353 3.43947 5.14372
      vertex -0.179008 1.15018 5.19374
    endloop
  endfacet
  facet normal 0.0501741 -0.0529335 0.997337
    outer loop
      vertex 2.88251 -4.48905 5.04416
      vertex 2.52436 -4.82853 5.04416
      vertex 3.99658 -6.22402 4.89603
    endloop
  endfacet
  facet normal -0.00923588 0.0201964 0.999753
    outer loop
      vertex -0.7965 3.35585 5.14372
      vertex -1.05003 3.23991 5.14372
      vertex -0.351136 1.08345 5.19374
    endloop
  endfacet
  facet normal 0.0013455 -0.0214248 0.99977
    outer loop
      vertex 0.0899363 -1.16707 5.19374
      vertex 0 -3.50686 5.14372
      vertex 0.268945 -3.48997 5.14372
    endloop
  endfacet
  facet normal 0.00811841 -0.0428225 0.99905
    outer loop
      vertex 0.886437 -5.69564 5.04416
      vertex 0.268945 -3.48997 5.14372
      vertex 0.445363 -5.77926 5.04416
    endloop
  endfacet
  facet normal 0.0186388 -0.0407581 0.998995
    outer loop
      vertex 1.05003 -3.23991 5.14372
      vertex 0.7965 -3.35585 5.14372
      vertex 1.73881 -5.36518 5.04416
    endloop
  endfacet
  facet normal 0.0186385 -0.0407582 0.998995
    outer loop
      vertex 1.73881 -5.36518 5.04416
      vertex 0.7965 -3.35585 5.14372
      vertex 1.31897 -5.55717 5.04416
    endloop
  endfacet
  facet normal 0.0565565 -0.0488238 0.997205
    outer loop
      vertex 4.45466 -5.69339 4.89603
      vertex 3.2129 -4.10633 5.04416
      vertex 3.99658 -6.22402 4.89603
    endloop
  endfacet
  facet normal 0.0722069 -0.0338629 0.996815
    outer loop
      vertex 5.55596 -3.79553 4.89603
      vertex 3.77797 -3.22632 5.04416
      vertex 5.23812 -4.47327 4.89603
    endloop
  endfacet
  facet normal 0.0816379 -0.0159999 0.996534
    outer loop
      vertex 6.17879 -1.5708 4.89603
      vertex 4.45642 -1.13293 5.04416
      vertex 6.02857 -2.33728 4.89603
    endloop
  endfacet
  facet normal 0.0832449 -0.00966115 0.996482
    outer loop
      vertex 6.2695 -0.789201 4.89603
      vertex 4.45642 -1.13293 5.04416
      vertex 6.17879 -1.5708 4.89603
    endloop
  endfacet
  facet normal 0.0235127 -0.0110263 0.999663
    outer loop
      vertex 2.41987 -1.65312 5.14372
      vertex 0.80922 -0.552814 5.19374
      vertex 2.28144 -1.94831 5.14372
    endloop
  endfacet
  facet normal -0.0271148 -0.00314712 0.999627
    outer loop
      vertex -0.913147 -0.114946 5.19374
      vertex -2.69114 -0.684154 5.14372
      vertex -0.899934 -0.228786 5.19374
    endloop
  endfacet
  facet normal 0.0499933 -0.0185008 0.998578
    outer loop
      vertex 4.19786 -2.22233 5.04416
      vertex 2.41987 -1.65312 5.14372
      vertex 4.00721 -2.73751 5.04416
    endloop
  endfacet
  facet normal 0.0474373 -0.022247 0.998626
    outer loop
      vertex 4.00721 -2.73751 5.04416
      vertex 2.28144 -1.94831 5.14372
      vertex 3.77797 -3.22632 5.04416
    endloop
  endfacet
  facet normal -0.0990747 -0.0855293 0.991397
    outer loop
      vertex -5.65352 -7.22562 4.70074
      vertex -6.79793 -8.68826 4.46019
      vertex -6.09888 -9.49802 4.46019
    endloop
  endfacet
  facet normal -0.0990744 -0.0855293 0.991397
    outer loop
      vertex -5.65352 -7.22562 4.70074
      vertex -6.09888 -9.49802 4.46019
      vertex -5.07215 -7.89906 4.70074
    endloop
  endfacet
  facet normal 0.0168519 -0.0888888 0.995899
    outer loop
      vertex 1.22904 -7.89696 4.89603
      vertex 0.617492 -8.0129 4.89603
      vertex 0.783674 -10.1694 4.70074
    endloop
  endfacet
  facet normal 0.0204749 -0.0639532 0.997743
    outer loop
      vertex 1.31897 -5.55717 5.04416
      vertex 1.22904 -7.89696 4.89603
      vertex 1.82875 -7.70496 4.89603
    endloop
  endfacet
  facet normal 0.0497694 -0.108837 0.992813
    outer loop
      vertex 3.05966 -9.44072 4.70074
      vertex 2.79072 -11.758 4.46019
      vertex 3.67901 -11.3518 4.46019
    endloop
  endfacet
  facet normal 0.0631529 -0.104463 0.992522
    outer loop
      vertex 4.53188 -10.8362 4.46019
      vertex 3.05966 -9.44072 4.70074
      vertex 3.67901 -11.3518 4.46019
    endloop
  endfacet
  facet normal -0.0371475 -0.0320682 0.998795
    outer loop
      vertex -1.9402 -2.47972 5.14372
      vertex -3.2129 -4.10633 5.04416
      vertex -2.88251 -4.48905 5.04416
    endloop
  endfacet
  facet normal -0.0409835 -0.0290632 0.998737
    outer loop
      vertex -1.9402 -2.47972 5.14372
      vertex -3.51235 -3.68406 5.04416
      vertex -3.2129 -4.10633 5.04416
    endloop
  endfacet
  facet normal -0.222476 -0.00856113 0.974901
    outer loop
      vertex -11.1396 0 4.17668
      vertex -12.5582 0 3.85295
      vertex -11.0859 -1.39549 4.17668
    endloop
  endfacet
  facet normal -0.182676 -0.00702959 0.983148
    outer loop
      vertex -9.56743 -1.20434 4.46019
      vertex -11.1396 0 4.17668
      vertex -11.0859 -1.39549 4.17668
    endloop
  endfacet
  facet normal -0.0816379 -0.0159999 0.996534
    outer loop
      vertex -4.45642 -1.13293 5.04416
      vertex -6.17879 -1.5708 4.89603
      vertex -6.02857 -2.33728 4.89603
    endloop
  endfacet
  facet normal -0.107899 -0.0302075 0.993703
    outer loop
      vertex -6.02857 -2.33728 4.89603
      vertex -7.65101 -2.96629 4.70074
      vertex -5.82029 -3.08124 4.89603
    endloop
  endfacet
  facet normal -0.103614 -0.0383427 0.993878
    outer loop
      vertex -5.82029 -3.08124 4.89603
      vertex -7.38667 -3.91048 4.70074
      vertex -7.05121 -4.817 4.70074
    endloop
  endfacet
  facet normal -0.103613 -0.0383432 0.993878
    outer loop
      vertex -5.82029 -3.08124 4.89603
      vertex -7.05121 -4.817 4.70074
      vertex -5.55596 -3.79553 4.89603
    endloop
  endfacet
  facet normal 0.0683589 -0.0721169 0.995051
    outer loop
      vertex 5.07215 -7.89906 4.70074
      vertex 3.99658 -6.22402 4.89603
      vertex 4.44194 -8.49643 4.70074
    endloop
  endfacet
  facet normal 0.0879194 -0.0927528 0.9918
    outer loop
      vertex 5.07215 -7.89906 4.70074
      vertex 4.44194 -8.49643 4.70074
      vertex 6.09888 -9.49802 4.46019
    endloop
  endfacet
  facet normal 0.115332 -0.150553 0.981851
    outer loop
      vertex 6.18882 -11.8378 4.17668
      vertex 5.25116 -12.5561 4.17668
      vertex 6.97694 -13.3453 3.85295
    endloop
  endfacet
  facet normal 0.0944765 -0.123328 0.987858
    outer loop
      vertex 6.18882 -11.8378 4.17668
      vertex 4.53188 -10.8362 4.46019
      vertex 5.25116 -12.5561 4.17668
    endloop
  endfacet
  facet normal -0.116004 -0.191912 0.974532
    outer loop
      vertex -5.91987 -14.1551 3.85295
      vertex -6.53157 -15.6177 3.49211
      vertex -5.30238 -16.3607 3.49211
    endloop
  endfacet
  facet normal -0.0786172 -0.13005 0.988386
    outer loop
      vertex -3.67901 -11.3518 4.46019
      vertex -5.25116 -12.5561 4.17668
      vertex -4.26293 -13.1535 4.17668
    endloop
  endfacet
  facet normal -0.0270191 -0.142453 0.989433
    outer loop
      vertex -0.942309 -12.2279 4.46019
      vertex -2.17322 -13.9636 4.17668
      vertex -1.09187 -14.1687 4.17668
    endloop
  endfacet
  facet normal -0.0270048 -0.142463 0.989432
    outer loop
      vertex -1.87554 -12.051 4.46019
      vertex -2.17322 -13.9636 4.17668
      vertex -0.942309 -12.2279 4.46019
    endloop
  endfacet
  facet normal 0.00903817 -0.143864 0.989556
    outer loop
      vertex 0 -12.2871 4.46019
      vertex 0 -14.2372 4.17668
      vertex 0.942309 -12.2279 4.46019
    endloop
  endfacet
  facet normal 0.00725688 -0.11551 0.99328
    outer loop
      vertex 0 -10.2186 4.70074
      vertex 0 -12.2871 4.46019
      vertex 0.942309 -12.2279 4.46019
    endloop
  endfacet
  facet normal -0.0216828 -0.114387 0.9932
    outer loop
      vertex -1.5598 -10.0222 4.70074
      vertex -1.87554 -12.051 4.46019
      vertex -0.942309 -12.2279 4.46019
    endloop
  endfacet
  facet normal -0.0216953 -0.11439 0.993199
    outer loop
      vertex -0.783674 -10.1694 4.70074
      vertex -1.5598 -10.0222 4.70074
      vertex -0.942309 -12.2279 4.46019
    endloop
  endfacet
  facet normal 0.0330081 -0.174029 0.984187
    outer loop
      vertex 2.17322 -13.9636 4.17668
      vertex 1.09187 -14.1687 4.17668
      vertex 2.44997 -15.7419 3.85295
    endloop
  endfacet
  facet normal 0.0546029 -0.170603 0.983826
    outer loop
      vertex 3.23365 -13.6242 4.17668
      vertex 2.17322 -13.9636 4.17668
      vertex 2.44997 -15.7419 3.85295
    endloop
  endfacet
  facet normal -0.277026 0.129908 0.95204
    outer loop
      vertex -11.5207 9.83844 3.49211
      vertex -12.4887 10.6651 3.09764
      vertex -12.2197 8.34784 3.49211
    endloop
  endfacet
  facet normal -0.303171 0.0848626 0.94915
    outer loop
      vertex -13.8767 7.34624 3.09764
      vertex -14.3732 5.5725 3.09764
      vertex -12.8011 6.77684 3.49211
    endloop
  endfacet
  facet normal -0.216187 0.0423773 0.975432
    outer loop
      vertex -12.0174 4.65914 3.85295
      vertex -12.3169 3.13125 3.85295
      vertex -10.6599 4.13284 4.17668
    endloop
  endfacet
  facet normal -0.20995 0.0587791 0.975944
    outer loop
      vertex -11.6022 6.14217 3.85295
      vertex -12.0174 4.65914 3.85295
      vertex -10.6599 4.13284 4.17668
    endloop
  endfacet
  facet normal -0.15714 0.0736941 0.984823
    outer loop
      vertex -9.26222 7.90977 4.17668
      vertex -9.82423 6.71138 4.17668
      vertex -8.47855 5.79208 4.46019
    endloop
  endfacet
  facet normal -0.179527 0.104173 0.978222
    outer loop
      vertex -9.70758 10.1822 3.85295
      vertex -10.4417 8.91705 3.85295
      vertex -9.26222 7.90977 4.17668
    endloop
  endfacet
  facet normal -0.312128 0.181138 0.932612
    outer loop
      vertex -11.6106 12.1782 3.09764
      vertex -13.3364 11.389 2.67333
      vertex -12.4887 10.6651 3.09764
    endloop
  endfacet
  facet normal -0.457954 0.265764 0.848321
    outer loop
      vertex -13.6103 14.2757 1.75183
      vertex -14.0557 12.0033 2.22329
      vertex -13.0674 13.7063 2.22329
    endloop
  endfacet
  facet normal -0.240223 0.170354 0.955653
    outer loop
      vertex -10.6207 13.5741 3.09764
      vertex -11.6106 12.1782 3.09764
      vertex -9.79752 12.522 3.49211
    endloop
  endfacet
  facet normal -0.312123 0.181123 0.932617
    outer loop
      vertex -12.3987 13.0049 2.67333
      vertex -13.3364 11.389 2.67333
      vertex -11.6106 12.1782 3.09764
    endloop
  endfacet
  facet normal -0.387706 0.334692 0.858875
    outer loop
      vertex -10.7242 16.7012 2.22329
      vertex -12.4499 15.912 1.75183
      vertex -11.9534 15.2773 2.22329
    endloop
  endfacet
  facet normal -0.425081 0.301451 0.853483
    outer loop
      vertex -12.4499 15.912 1.75183
      vertex -13.6103 14.2757 1.75183
      vertex -11.9534 15.2773 2.22329
    endloop
  endfacet
  facet normal -0.0959866 -0.1588 0.982634
    outer loop
      vertex -5.25116 -12.5561 4.17668
      vertex -5.91987 -14.1551 3.85295
      vertex -4.8058 -14.8285 3.85295
    endloop
  endfacet
  facet normal -0.116001 -0.191911 0.974533
    outer loop
      vertex -4.8058 -14.8285 3.85295
      vertex -5.91987 -14.1551 3.85295
      vertex -5.30238 -16.3607 3.49211
    endloop
  endfacet
  facet normal -0.139663 -0.231033 0.96287
    outer loop
      vertex -5.30238 -16.3607 3.49211
      vertex -7.08037 -16.9299 3.09764
      vertex -5.7479 -17.7354 3.09764
    endloop
  endfacet
  facet normal -0.16845 -0.278653 0.945504
    outer loop
      vertex -7.08037 -16.9299 3.09764
      vertex -7.56098 -18.0791 2.67333
      vertex -5.7479 -17.7354 3.09764
    endloop
  endfacet
  facet normal -0.0795772 -0.248547 0.965345
    outer loop
      vertex -4.02212 -16.9462 3.49211
      vertex -4.36007 -18.3701 3.09764
      vertex -2.70313 -17.3685 3.49211
    endloop
  endfacet
  facet normal -0.0756905 -0.165512 0.983299
    outer loop
      vertex -4.26293 -13.1535 4.17668
      vertex -4.8058 -14.8285 3.85295
      vertex -3.23365 -13.6242 4.17668
    endloop
  endfacet
  facet normal -0.139327 -0.18187 0.973402
    outer loop
      vertex -6.97694 -13.3453 3.85295
      vertex -7.69786 -14.7243 3.49211
      vertex -5.91987 -14.1551 3.85295
    endloop
  endfacet
  facet normal -0.094476 -0.123329 0.987858
    outer loop
      vertex -5.3411 -10.2163 4.46019
      vertex -6.18882 -11.8378 4.17668
      vertex -4.53188 -10.8362 4.46019
    endloop
  endfacet
  facet normal -0.259889 -0.15081 0.953789
    outer loop
      vertex -11.5207 -9.83844 3.49211
      vertex -12.4887 -10.6651 3.09764
      vertex -10.7107 -11.2343 3.49211
    endloop
  endfacet
  facet normal -0.312123 -0.181123 0.932617
    outer loop
      vertex -11.6106 -12.1782 3.09764
      vertex -13.3364 -11.389 2.67333
      vertex -12.3987 -13.0049 2.67333
    endloop
  endfacet
  facet normal -0.477975 -0.412612 0.77543
    outer loop
      vertex -11.1697 -17.395 1.75183
      vertex -12.4499 -15.912 1.75183
      vertex -11.5076 -17.9213 1.2635
    endloop
  endfacet
  facet normal -0.477954 -0.412606 0.775446
    outer loop
      vertex -12.4499 -15.912 1.75183
      vertex -12.8266 -16.3934 1.2635
      vertex -11.5076 -17.9213 1.2635
    endloop
  endfacet
  facet normal -0.760093 -0.539001 0.362955
    outer loop
      vertex -13.0798 -16.7169 0.762998
      vertex -14.4379 -15.1437 0.255152
      vertex -13.207 -16.8795 0.255152
    endloop
  endfacet
  facet normal -0.703105 -0.606971 0.370444
    outer loop
      vertex -13.0798 -16.7169 0.762998
      vertex -13.207 -16.8795 0.255152
      vertex -11.8489 -18.4527 0.255152
    endloop
  endfacet
  facet normal 0.0707041 -0.372948 0.925155
    outer loop
      vertex 3.12916 -20.1058 2.67333
      vertex 1.65694 -21.5013 2.22329
      vertex 3.29792 -21.1902 2.22329
    endloop
  endfacet
  facet normal 0.0871599 -0.459748 0.883762
    outer loop
      vertex 3.29792 -21.1902 2.22329
      vertex 1.65694 -21.5013 2.22329
      vertex 3.43493 -22.0705 1.75183
    endloop
  endfacet
  facet normal -0.0283849 -0.0620706 0.997668
    outer loop
      vertex -1.31897 -5.55717 5.04416
      vertex -2.41084 -7.43877 4.89603
      vertex -1.82875 -7.70496 4.89603
    endloop
  endfacet
  facet normal -0.0386839 -0.0845895 0.995665
    outer loop
      vertex -1.82875 -7.70496 4.89603
      vertex -3.05966 -9.44072 4.70074
      vertex -2.32091 -9.77856 4.70074
    endloop
  endfacet
  facet normal -0.0786195 -0.130047 0.988386
    outer loop
      vertex -4.53188 -10.8362 4.46019
      vertex -5.25116 -12.5561 4.17668
      vertex -3.67901 -11.3518 4.46019
    endloop
  endfacet
  facet normal -0.0631529 -0.104463 0.992522
    outer loop
      vertex -3.05966 -9.44072 4.70074
      vertex -4.53188 -10.8362 4.46019
      vertex -3.67901 -11.3518 4.46019
    endloop
  endfacet
  facet normal 0.0160982 -0.256216 0.966485
    outer loop
      vertex 0 -17.7087 3.49211
      vertex 0 -19.1967 3.09764
      vertex 1.47221 -19.1042 3.09764
    endloop
  endfacet
  facet normal 0.0329934 -0.174041 0.984185
    outer loop
      vertex 2.44997 -15.7419 3.85295
      vertex 1.09187 -14.1687 4.17668
      vertex 1.23091 -15.973 3.85295
    endloop
  endfacet
  facet normal 0.561053 -0.325568 0.761069
    outer loop
      vertex 14.6396 -12.5019 1.75183
      vertex 13.6103 -14.2757 1.75183
      vertex 15.0825 -12.8802 1.2635
    endloop
  endfacet
  facet normal 0.722898 -0.338999 0.602078
    outer loop
      vertex 15.9977 -10.9287 1.2635
      vertex 15.3802 -13.1344 0.762998
      vertex 16.3134 -11.1444 0.762998
    endloop
  endfacet
  facet normal 0.0536416 0.0105135 0.998505
    outer loop
      vertex 4.34808 1.68575 5.04416
      vertex 2.62571 1.01799 5.14372
      vertex 2.69114 0.684154 5.14372
    endloop
  endfacet
  facet normal 0.0520682 0.0145769 0.998537
    outer loop
      vertex 4.19786 2.22233 5.04416
      vertex 2.535 1.34202 5.14372
      vertex 4.34808 1.68575 5.04416
    endloop
  endfacet
  facet normal 0.0546994 -0.00634851 0.998483
    outer loop
      vertex 2.73065 -0.343732 5.14372
      vertex 2.69114 -0.684154 5.14372
      vertex 4.52185 -0.569207 5.04416
    endloop
  endfacet
  facet normal 0.0552306 -0.00212303 0.998471
    outer loop
      vertex 4.54373 0 5.04416
      vertex 2.73065 -0.343732 5.14372
      vertex 4.52185 -0.569207 5.04416
    endloop
  endfacet
  facet normal 0.0474378 0.022246 0.998626
    outer loop
      vertex 4.00721 2.73751 5.04416
      vertex 2.28144 1.94831 5.14372
      vertex 2.41987 1.65312 5.14372
    endloop
  endfacet
  facet normal 0.0499933 0.0185008 0.998578
    outer loop
      vertex 4.00721 2.73751 5.04416
      vertex 2.41987 1.65312 5.14372
      vertex 4.19786 2.22233 5.04416
    endloop
  endfacet
  facet normal 0.107899 0.0302079 0.993703
    outer loop
      vertex 7.38667 3.91048 4.70074
      vertex 5.82029 3.08124 4.89603
      vertex 7.65101 2.96629 4.70074
    endloop
  endfacet
  facet normal 0.103614 0.0383427 0.993878
    outer loop
      vertex 7.05121 4.817 4.70074
      vertex 5.82029 3.08124 4.89603
      vertex 7.38667 3.91048 4.70074
    endloop
  endfacet
  facet normal 0.177479 0.0347841 0.98351
    outer loop
      vertex 10.6599 4.13284 4.17668
      vertex 9.19976 3.56674 4.46019
      vertex 9.429 2.39709 4.46019
    endloop
  endfacet
  facet normal 0.142813 0.0279899 0.989354
    outer loop
      vertex 9.19976 3.56674 4.46019
      vertex 7.84165 1.99354 4.70074
      vertex 9.429 2.39709 4.46019
    endloop
  endfacet
  facet normal 0.1184 0.0687051 0.990586
    outer loop
      vertex 7.99352 6.82632 4.46019
      vertex 6.18044 6.48259 4.70074
      vertex 6.64783 5.67713 4.70074
    endloop
  endfacet
  facet normal 0.126388 0.0592728 0.990208
    outer loop
      vertex 7.99352 6.82632 4.46019
      vertex 6.64783 5.67713 4.70074
      vertex 7.05121 4.817 4.70074
    endloop
  endfacet
  facet normal 0.0683585 0.072117 0.995051
    outer loop
      vertex 4.44194 8.49643 4.70074
      vertex 3.5 6.69472 4.89603
      vertex 3.99658 6.22402 4.89603
    endloop
  endfacet
  facet normal 0.0849846 0.0602668 0.994558
    outer loop
      vertex 5.65352 7.22562 4.70074
      vertex 4.45466 5.69339 4.89603
      vertex 6.18044 6.48259 4.70074
    endloop
  endfacet
  facet normal 0.165762 0.117553 0.979135
    outer loop
      vertex 8.87995 11.3492 3.85295
      vertex 7.87687 10.0672 4.17668
      vertex 8.61101 9.03199 4.17668
    endloop
  endfacet
  facet normal 0.150384 0.129821 0.980067
    outer loop
      vertex 8.87995 11.3492 3.85295
      vertex 7.06687 11.0055 4.17668
      vertex 7.87687 10.0672 4.17668
    endloop
  endfacet
  facet normal 0.0623924 0.0442451 0.99707
    outer loop
      vertex 4.45466 5.69339 4.89603
      vertex 3.2129 4.10633 5.04416
      vertex 3.51235 3.68406 5.04416
    endloop
  endfacet
  facet normal 0.0371475 0.0320682 0.998795
    outer loop
      vertex 2.88251 4.48905 5.04416
      vertex 1.9402 2.47972 5.14372
      vertex 3.2129 4.10633 5.04416
    endloop
  endfacet
  facet normal 0.0284414 0.0371265 0.998906
    outer loop
      vertex 2.1419 5.12152 5.04416
      vertex 1.52441 2.91585 5.14372
      vertex 2.52436 4.82853 5.04416
    endloop
  endfacet
  facet normal 0.0409835 0.0290632 0.998737
    outer loop
      vertex 3.2129 4.10633 5.04416
      vertex 1.9402 2.47972 5.14372
      vertex 3.51235 3.68406 5.04416
    endloop
  endfacet
  facet normal -0.0279054 0.0871621 0.995803
    outer loop
      vertex -1.5598 10.0222 4.70074
      vertex -1.82875 7.70496 4.89603
      vertex -1.22904 7.89696 4.89603
    endloop
  endfacet
  facet normal -0.0359028 0.112157 0.993042
    outer loop
      vertex -1.5598 10.0222 4.70074
      vertex -2.79072 11.758 4.46019
      vertex -2.32091 9.77856 4.70074
    endloop
  endfacet
  facet normal 0.00811897 0.0428224 0.99905
    outer loop
      vertex 0.886437 5.69564 5.04416
      vertex 0.268945 3.48997 5.14372
      vertex 0.5353 3.43947 5.14372
    endloop
  endfacet
  facet normal 0.0204749 0.0639532 0.997743
    outer loop
      vertex 1.82875 7.70496 4.89603
      vertex 1.22904 7.89696 4.89603
      vertex 1.31897 5.55717 5.04416
    endloop
  endfacet
  facet normal -0.00134595 0.0214248 0.99977
    outer loop
      vertex 0 3.50686 5.14372
      vertex -0.0899363 1.16707 5.19374
      vertex 0 1.17272 5.19374
    endloop
  endfacet
  facet normal -0.00923575 -0.0201964 0.999753
    outer loop
      vertex -0.351136 -1.08345 5.19374
      vertex -0.7965 -3.35585 5.14372
      vertex -0.266355 -1.12222 5.19374
    endloop
  endfacet
  facet normal 0.0631484 0.104468 0.992521
    outer loop
      vertex 4.53188 10.8362 4.46019
      vertex 3.05966 9.44072 4.70074
      vertex 3.76895 9.01197 4.70074
    endloop
  endfacet
  facet normal 0.0490847 0.0812018 0.995488
    outer loop
      vertex 3.05966 9.44072 4.70074
      vertex 2.96972 7.10094 4.89603
      vertex 3.76895 9.01197 4.70074
    endloop
  endfacet
  facet normal 0.0497694 0.108837 0.992813
    outer loop
      vertex 3.67901 11.3518 4.46019
      vertex 2.79072 11.758 4.46019
      vertex 3.05966 9.44072 4.70074
    endloop
  endfacet
  facet normal 0.0631529 0.104463 0.992522
    outer loop
      vertex 3.67901 11.3518 4.46019
      vertex 3.05966 9.44072 4.70074
      vertex 4.53188 10.8362 4.46019
    endloop
  endfacet
  facet normal 0.0360205 0.0595892 0.997573
    outer loop
      vertex 2.41084 7.43877 4.89603
      vertex 1.73881 5.36518 5.04416
      vertex 2.1419 5.12152 5.04416
    endloop
  endfacet
  facet normal 0.0360203 0.0595892 0.997573
    outer loop
      vertex 2.41084 7.43877 4.89603
      vertex 2.1419 5.12152 5.04416
      vertex 2.96972 7.10094 4.89603
    endloop
  endfacet
  facet normal 0.139658 0.231045 0.962867
    outer loop
      vertex 7.08037 16.9299 3.09764
      vertex 5.30238 16.3607 3.49211
      vertex 6.53157 15.6177 3.49211
    endloop
  endfacet
  facet normal 0.116004 0.191912 0.974532
    outer loop
      vertex 6.53157 15.6177 3.49211
      vertex 5.30238 16.3607 3.49211
      vertex 5.91987 14.1551 3.85295
    endloop
  endfacet
  facet normal -0.165762 0.117553 0.979135
    outer loop
      vertex -7.87687 10.0672 4.17668
      vertex -8.87995 11.3492 3.85295
      vertex -8.61101 9.03199 4.17668
    endloop
  endfacet
  facet normal -0.115334 0.15055 0.981852
    outer loop
      vertex -5.91987 14.1551 3.85295
      vertex -6.97694 13.3453 3.85295
      vertex -5.25116 12.5561 4.17668
    endloop
  endfacet
  facet normal -0.277037 0.129907 0.952037
    outer loop
      vertex -12.4887 10.6651 3.09764
      vertex -13.2464 9.04924 3.09764
      vertex -12.2197 8.34784 3.49211
    endloop
  endfacet
  facet normal -0.291483 0.107881 0.950473
    outer loop
      vertex -13.2464 9.04924 3.09764
      vertex -13.8767 7.34624 3.09764
      vertex -12.2197 8.34784 3.49211
    endloop
  endfacet
  facet normal -0.291477 0.107871 0.950476
    outer loop
      vertex -12.2197 8.34784 3.49211
      vertex -13.8767 7.34624 3.09764
      vertex -12.8011 6.77684 3.49211
    endloop
  endfacet
  facet normal -0.24307 0.0899562 0.965828
    outer loop
      vertex -12.2197 8.34784 3.49211
      vertex -12.8011 6.77684 3.49211
      vertex -11.6022 6.14217 3.85295
    endloop
  endfacet
  facet normal -0.161234 0.170089 0.972149
    outer loop
      vertex -7.69786 14.7243 3.49211
      vertex -8.79002 13.689 3.49211
      vertex -6.97694 13.3453 3.85295
    endloop
  endfacet
  facet normal -0.123264 0.106409 0.986653
    outer loop
      vertex -7.06687 11.0055 4.17668
      vertex -7.87687 10.0672 4.17668
      vertex -6.79793 8.68826 4.46019
    endloop
  endfacet
  facet normal 0.00725688 0.11551 0.99328
    outer loop
      vertex 0 12.2871 4.46019
      vertex 0 10.2186 4.70074
      vertex 0.942309 12.2279 4.46019
    endloop
  endfacet
  facet normal 0.044714 0.139663 0.989189
    outer loop
      vertex 3.23365 13.6242 4.17668
      vertex 1.87554 12.051 4.46019
      vertex 2.79072 11.758 4.46019
    endloop
  endfacet
  facet normal -0.00902513 0.143858 0.989557
    outer loop
      vertex 0 14.2372 4.17668
      vertex -1.09187 14.1687 4.17668
      vertex -0.942309 12.2279 4.46019
    endloop
  endfacet
  facet normal -0.00903817 0.143864 0.989556
    outer loop
      vertex 0 14.2372 4.17668
      vertex -0.942309 12.2279 4.46019
      vertex 0 12.2871 4.46019
    endloop
  endfacet
  facet normal -0.0216828 0.114387 0.9932
    outer loop
      vertex -0.942309 12.2279 4.46019
      vertex -1.87554 12.051 4.46019
      vertex -1.5598 10.0222 4.70074
    endloop
  endfacet
  facet normal -0.0270048 0.142463 0.989432
    outer loop
      vertex -0.942309 12.2279 4.46019
      vertex -2.17322 13.9636 4.17668
      vertex -1.87554 12.051 4.46019
    endloop
  endfacet
  facet normal 0.0270191 0.142453 0.989433
    outer loop
      vertex 1.09187 14.1687 4.17668
      vertex 0.942309 12.2279 4.46019
      vertex 2.17322 13.9636 4.17668
    endloop
  endfacet
  facet normal 0.0386839 0.0845895 0.995665
    outer loop
      vertex 2.32091 9.77856 4.70074
      vertex 1.82875 7.70496 4.89603
      vertex 3.05966 9.44072 4.70074
    endloop
  endfacet
  facet normal -0.0497728 0.108838 0.992813
    outer loop
      vertex -2.79072 11.758 4.46019
      vertex -3.05966 9.44072 4.70074
      vertex -2.32091 9.77856 4.70074
    endloop
  endfacet
  facet normal -0.0279014 0.0871617 0.995803
    outer loop
      vertex -1.5598 10.0222 4.70074
      vertex -2.32091 9.77856 4.70074
      vertex -1.82875 7.70496 4.89603
    endloop
  endfacet
  facet normal -0.0623926 0.044245 0.99707
    outer loop
      vertex -4.45466 5.69339 4.89603
      vertex -4.86984 5.10792 4.89603
      vertex -3.51235 3.68406 5.04416
    endloop
  endfacet
  facet normal -0.0849849 0.0602661 0.994558
    outer loop
      vertex -4.45466 5.69339 4.89603
      vertex -6.18044 6.48259 4.70074
      vertex -4.86984 5.10792 4.89603
    endloop
  endfacet
  facet normal -0.0683589 0.0721169 0.995051
    outer loop
      vertex -4.44194 8.49643 4.70074
      vertex -5.07215 7.89906 4.70074
      vertex -3.99658 6.22402 4.89603
    endloop
  endfacet
  facet normal -0.0849846 0.0602668 0.994558
    outer loop
      vertex -5.65352 7.22562 4.70074
      vertex -6.18044 6.48259 4.70074
      vertex -4.45466 5.69339 4.89603
    endloop
  endfacet
  facet normal -0.0990744 0.0855293 0.991397
    outer loop
      vertex -5.07215 7.89906 4.70074
      vertex -6.09888 9.49802 4.46019
      vertex -5.65352 7.22562 4.70074
    endloop
  endfacet
  facet normal -0.0990747 0.0855293 0.991397
    outer loop
      vertex -6.09888 9.49802 4.46019
      vertex -6.79793 8.68826 4.46019
      vertex -5.65352 7.22562 4.70074
    endloop
  endfacet
  facet normal -0.0959866 0.1588 0.982634
    outer loop
      vertex -4.8058 14.8285 3.85295
      vertex -5.91987 14.1551 3.85295
      vertex -5.25116 12.5561 4.17668
    endloop
  endfacet
  facet normal -0.0959981 0.158802 0.982632
    outer loop
      vertex -4.8058 14.8285 3.85295
      vertex -5.25116 12.5561 4.17668
      vertex -4.26293 13.1535 4.17668
    endloop
  endfacet
  facet normal -0.0433073 0.0565334 0.997461
    outer loop
      vertex -2.96972 7.10094 4.89603
      vertex -3.5 6.69472 4.89603
      vertex -2.1419 5.12152 5.04416
    endloop
  endfacet
  facet normal -0.0360203 0.0595892 0.997573
    outer loop
      vertex -2.41084 7.43877 4.89603
      vertex -2.96972 7.10094 4.89603
      vertex -2.1419 5.12152 5.04416
    endloop
  endfacet
  facet normal -0.278685 0.87052 0.405623
    outer loop
      vertex -3.64379 23.4125 0.255152
      vertex -5.42178 22.8433 0.255152
      vertex -3.6087 23.1871 0.762998
    endloop
  endfacet
  facet normal -0.278706 0.87046 0.405738
    outer loop
      vertex -3.6087 23.1871 0.762998
      vertex -5.42178 22.8433 0.255152
      vertex -5.36957 22.6233 0.762998
    endloop
  endfacet
  facet normal 0.0960859 0.300145 0.949042
    outer loop
      vertex 4.65603 19.617 2.67333
      vertex 3.12916 20.1058 2.67333
      vertex 4.36007 18.3701 3.09764
    endloop
  endfacet
  facet normal 0.0580847 0.306403 0.950128
    outer loop
      vertex 1.57215 20.401 2.67333
      vertex 1.47221 19.1042 3.09764
      vertex 2.93025 18.8278 3.09764
    endloop
  endfacet
  facet normal -0.0983314 0.046115 0.994085
    outer loop
      vertex -6.64783 5.67713 4.70074
      vertex -7.05121 4.817 4.70074
      vertex -5.23812 4.47327 4.89603
    endloop
  endfacet
  facet normal -0.0921032 0.0534454 0.994314
    outer loop
      vertex -6.18044 6.48259 4.70074
      vertex -6.64783 5.67713 4.70074
      vertex -5.23812 4.47327 4.89603
    endloop
  endfacet
  facet normal -0.13865 0.0388172 0.98958
    outer loop
      vertex -7.38667 3.91048 4.70074
      vertex -8.88192 4.70205 4.46019
      vertex -7.65101 2.96629 4.70074
    endloop
  endfacet
  facet normal -0.107899 0.0302079 0.993703
    outer loop
      vertex -7.38667 3.91048 4.70074
      vertex -7.65101 2.96629 4.70074
      vertex -5.82029 3.08124 4.89603
    endloop
  endfacet
  facet normal -0.00666064 0.0208078 0.999761
    outer loop
      vertex -0.179008 1.15018 5.19374
      vertex -0.7965 3.35585 5.14372
      vertex -0.266355 1.12222 5.19374
    endloop
  endfacet
  facet normal 0.0140931 -0.0183984 0.999731
    outer loop
      vertex 0.509771 -0.975079 5.19374
      vertex 0.432537 -1.03424 5.19374
      vertex 1.29345 -3.09277 5.14372
    endloop
  endfacet
  facet normal -0.0499932 -0.0185012 0.998578
    outer loop
      vertex -2.535 -1.34202 5.14372
      vertex -4.19786 -2.22233 5.04416
      vertex -2.41987 -1.65312 5.14372
    endloop
  endfacet
  facet normal 0.00923575 -0.0201964 0.999753
    outer loop
      vertex 0.351136 -1.08345 5.19374
      vertex 0.266355 -1.12222 5.19374
      vertex 0.7965 -3.35585 5.14372
    endloop
  endfacet
  facet normal 0.0220183 -0.0127767 0.999676
    outer loop
      vertex 0.762927 -0.651526 5.19374
      vertex 0.709288 -0.743963 5.19374
      vertex 2.28144 -1.94831 5.14372
    endloop
  endfacet
  facet normal 0.0163306 0.0172283 0.999718
    outer loop
      vertex 1.52441 2.91585 5.14372
      vertex 0.582097 0.906523 5.19374
      vertex 1.74069 2.71084 5.14372
    endloop
  endfacet
  facet normal -0.0140934 -0.0183983 0.999731
    outer loop
      vertex -0.509771 -0.975079 5.19374
      vertex -1.52441 -2.91585 5.14372
      vertex -1.29345 -3.09277 5.14372
    endloop
  endfacet
  facet normal -0.0184101 0.0158927 0.999704
    outer loop
      vertex -0.582097 0.906523 5.19374
      vertex -1.9402 2.47972 5.14372
      vertex -0.648816 0.829236 5.19374
    endloop
  endfacet
  facet normal -0.0722069 -0.0338629 0.996815
    outer loop
      vertex -3.77797 -3.22632 5.04416
      vertex -5.55596 -3.79553 4.89603
      vertex -5.23812 -4.47327 4.89603
    endloop
  endfacet
  facet normal -0.0676256 -0.0392422 0.996939
    outer loop
      vertex -3.77797 -3.22632 5.04416
      vertex -5.23812 -4.47327 4.89603
      vertex -3.51235 -3.68406 5.04416
    endloop
  endfacet
  facet normal 0.0520682 -0.0145769 0.998537
    outer loop
      vertex 4.34808 -1.68575 5.04416
      vertex 2.535 -1.34202 5.14372
      vertex 4.19786 -2.22233 5.04416
    endloop
  endfacet
  facet normal -0.00402346 -0.0212183 0.999767
    outer loop
      vertex -0.179008 -1.15018 5.19374
      vertex -0.5353 -3.43947 5.14372
      vertex -0.0899363 -1.16707 5.19374
    endloop
  endfacet
  facet normal -0.00666131 -0.0208076 0.999761
    outer loop
      vertex -0.179008 -1.15018 5.19374
      vertex -0.7965 -3.35585 5.14372
      vertex -0.5353 -3.43947 5.14372
    endloop
  endfacet
  facet normal -0.00811897 -0.0428224 0.99905
    outer loop
      vertex -0.5353 -3.43947 5.14372
      vertex -0.886437 -5.69564 5.04416
      vertex -0.268945 -3.48997 5.14372
    endloop
  endfacet
  facet normal -0.0134435 -0.0419927 0.999027
    outer loop
      vertex -0.7965 -3.35585 5.14372
      vertex -0.886437 -5.69564 5.04416
      vertex -0.5353 -3.43947 5.14372
    endloop
  endfacet
  facet normal 0.0499932 -0.0185012 0.998578
    outer loop
      vertex 2.535 -1.34202 5.14372
      vertex 2.41987 -1.65312 5.14372
      vertex 4.19786 -2.22233 5.04416
    endloop
  endfacet
  facet normal 0.0235124 0.0110266 0.999663
    outer loop
      vertex 2.28144 1.94831 5.14372
      vertex 0.762927 0.651526 5.19374
      vertex 0.80922 0.552814 5.19374
    endloop
  endfacet
  facet normal -0.0265902 -0.00521129 0.999633
    outer loop
      vertex -0.899934 -0.228786 5.19374
      vertex -2.69114 -0.684154 5.14372
      vertex -0.878055 -0.340422 5.19374
    endloop
  endfacet
  facet normal -0.0117221 0.0193903 0.999743
    outer loop
      vertex -0.351136 1.08345 5.19374
      vertex -1.29345 3.09277 5.14372
      vertex -0.432537 1.03424 5.19374
    endloop
  endfacet
  facet normal 0.0271149 -0.003147 0.999627
    outer loop
      vertex 2.73065 -0.343732 5.14372
      vertex 0.913147 -0.114946 5.19374
      vertex 2.69114 -0.684154 5.14372
    endloop
  endfacet
  facet normal 0.0273785 -0.0010523 0.999625
    outer loop
      vertex 0.917565 0 5.19374
      vertex 0.913147 -0.114946 5.19374
      vertex 2.73065 -0.343732 5.14372
    endloop
  endfacet
  facet normal 0.0140934 -0.0183983 0.999731
    outer loop
      vertex 1.52441 -2.91585 5.14372
      vertex 0.509771 -0.975079 5.19374
      vertex 1.29345 -3.09277 5.14372
    endloop
  endfacet
  facet normal 0.0386839 -0.0845895 0.995665
    outer loop
      vertex 3.05966 -9.44072 4.70074
      vertex 1.82875 -7.70496 4.89603
      vertex 2.32091 -9.77856 4.70074
    endloop
  endfacet
  facet normal 0.0283845 -0.0620708 0.997668
    outer loop
      vertex 1.73881 -5.36518 5.04416
      vertex 1.31897 -5.55717 5.04416
      vertex 2.41084 -7.43877 4.89603
    endloop
  endfacet
  facet normal 0.0271148 -0.00314712 0.999627
    outer loop
      vertex 0.913147 -0.114946 5.19374
      vertex 0.899934 -0.228786 5.19374
      vertex 2.69114 -0.684154 5.14372
    endloop
  endfacet
  facet normal 0.0184101 0.0158927 0.999704
    outer loop
      vertex 1.9402 2.47972 5.14372
      vertex 0.582097 0.906523 5.19374
      vertex 0.648816 0.829236 5.19374
    endloop
  endfacet
  facet normal 0.0117221 -0.0193903 0.999743
    outer loop
      vertex 0.432537 -1.03424 5.19374
      vertex 0.351136 -1.08345 5.19374
      vertex 1.29345 -3.09277 5.14372
    endloop
  endfacet
  facet normal 0.0117211 -0.0193907 0.999743
    outer loop
      vertex 1.29345 -3.09277 5.14372
      vertex 0.351136 -1.08345 5.19374
      vertex 1.05003 -3.23991 5.14372
    endloop
  endfacet
  facet normal 0.0134435 -0.0419927 0.999027
    outer loop
      vertex 0.7965 -3.35585 5.14372
      vertex 0.5353 -3.43947 5.14372
      vertex 0.886437 -5.69564 5.04416
    endloop
  endfacet
  facet normal 0.00811897 -0.0428224 0.99905
    outer loop
      vertex 0.5353 -3.43947 5.14372
      vertex 0.268945 -3.48997 5.14372
      vertex 0.886437 -5.69564 5.04416
    endloop
  endfacet
  facet normal 0.0236538 -0.0391309 0.998954
    outer loop
      vertex 2.1419 -5.12152 5.04416
      vertex 1.29345 -3.09277 5.14372
      vertex 1.73881 -5.36518 5.04416
    endloop
  endfacet
  facet normal 0.0236535 -0.0391309 0.998954
    outer loop
      vertex 1.29345 -3.09277 5.14372
      vertex 1.05003 -3.23991 5.14372
      vertex 1.73881 -5.36518 5.04416
    endloop
  endfacet
  facet normal 0.0770447 -0.0665109 0.994807
    outer loop
      vertex 4.45466 -5.69339 4.89603
      vertex 3.99658 -6.22402 4.89603
      vertex 5.65352 -7.22562 4.70074
    endloop
  endfacet
  facet normal 0.0849846 -0.0602668 0.994558
    outer loop
      vertex 6.18044 -6.48259 4.70074
      vertex 4.45466 -5.69339 4.89603
      vertex 5.65352 -7.22562 4.70074
    endloop
  endfacet
  facet normal 0.0590085 -0.0770302 0.995281
    outer loop
      vertex 4.44194 -8.49643 4.70074
      vertex 2.96972 -7.10094 4.89603
      vertex 3.76895 -9.01197 4.70074
    endloop
  endfacet
  facet normal 0.0433073 -0.0565334 0.997461
    outer loop
      vertex 3.5 -6.69472 4.89603
      vertex 2.1419 -5.12152 5.04416
      vertex 2.96972 -7.10094 4.89603
    endloop
  endfacet
  facet normal 0.0849849 -0.0602661 0.994558
    outer loop
      vertex 4.86984 -5.10792 4.89603
      vertex 4.45466 -5.69339 4.89603
      vertex 6.18044 -6.48259 4.70074
    endloop
  endfacet
  facet normal 0.0409835 -0.0290632 0.998737
    outer loop
      vertex 3.51235 -3.68406 5.04416
      vertex 1.9402 -2.47972 5.14372
      vertex 3.2129 -4.10633 5.04416
    endloop
  endfacet
  facet normal 0.0444237 -0.0257796 0.99868
    outer loop
      vertex 2.28144 -1.94831 5.14372
      vertex 2.12103 -2.22473 5.14372
      vertex 3.51235 -3.68406 5.04416
    endloop
  endfacet
  facet normal 0.0220179 -0.0127773 0.999676
    outer loop
      vertex 2.28144 -1.94831 5.14372
      vertex 0.709288 -0.743963 5.19374
      vertex 2.12103 -2.22473 5.14372
    endloop
  endfacet
  facet normal 0.0258097 -0.00722525 0.999641
    outer loop
      vertex 2.62571 -1.01799 5.14372
      vertex 0.878055 -0.340422 5.19374
      vertex 2.535 -1.34202 5.14372
    endloop
  endfacet
  facet normal 0.0520684 -0.0145762 0.998537
    outer loop
      vertex 2.62571 -1.01799 5.14372
      vertex 2.535 -1.34202 5.14372
      vertex 4.34808 -1.68575 5.04416
    endloop
  endfacet
  facet normal 0.0722067 -0.0338632 0.996815
    outer loop
      vertex 4.00721 -2.73751 5.04416
      vertex 3.77797 -3.22632 5.04416
      vertex 5.55596 -3.79553 4.89603
    endloop
  endfacet
  facet normal 0.0760929 -0.0281589 0.996703
    outer loop
      vertex 5.82029 -3.08124 4.89603
      vertex 4.00721 -2.73751 5.04416
      vertex 5.55596 -3.79553 4.89603
    endloop
  endfacet
  facet normal 0.0386831 -0.08459 0.995665
    outer loop
      vertex 2.41084 -7.43877 4.89603
      vertex 1.82875 -7.70496 4.89603
      vertex 3.05966 -9.44072 4.70074
    endloop
  endfacet
  facet normal 0.0283849 -0.0620706 0.997668
    outer loop
      vertex 2.41084 -7.43877 4.89603
      vertex 1.31897 -5.55717 5.04416
      vertex 1.82875 -7.70496 4.89603
    endloop
  endfacet
  facet normal -0.0832449 -0.00966115 0.996482
    outer loop
      vertex -4.45642 -1.13293 5.04416
      vertex -6.2695 -0.789201 4.89603
      vertex -6.17879 -1.5708 4.89603
    endloop
  endfacet
  facet normal -0.113332 -0.0131529 0.99347
    outer loop
      vertex -6.2695 -0.789201 4.89603
      vertex -7.84165 -1.99354 4.70074
      vertex -6.17879 -1.5708 4.89603
    endloop
  endfacet
  facet normal -0.107899 -0.0302079 0.993703
    outer loop
      vertex -5.82029 -3.08124 4.89603
      vertex -7.65101 -2.96629 4.70074
      vertex -7.38667 -3.91048 4.70074
    endloop
  endfacet
  facet normal -0.13865 -0.0388172 0.98958
    outer loop
      vertex -7.65101 -2.96629 4.70074
      vertex -8.88192 -4.70205 4.46019
      vertex -7.38667 -3.91048 4.70074
    endloop
  endfacet
  facet normal -0.115334 -0.15055 0.981852
    outer loop
      vertex -5.25116 -12.5561 4.17668
      vertex -6.97694 -13.3453 3.85295
      vertex -5.91987 -14.1551 3.85295
    endloop
  endfacet
  facet normal -0.115332 -0.150553 0.981851
    outer loop
      vertex -6.18882 -11.8378 4.17668
      vertex -6.97694 -13.3453 3.85295
      vertex -5.25116 -12.5561 4.17668
    endloop
  endfacet
  facet normal 0.0216828 -0.114387 0.9932
    outer loop
      vertex 1.5598 -10.0222 4.70074
      vertex 0.942309 -12.2279 4.46019
      vertex 1.87554 -12.051 4.46019
    endloop
  endfacet
  facet normal 0.0216953 -0.11439 0.993199
    outer loop
      vertex 1.5598 -10.0222 4.70074
      vertex 0.783674 -10.1694 4.70074
      vertex 0.942309 -12.2279 4.46019
    endloop
  endfacet
  facet normal -0.0279014 -0.0871617 0.995803
    outer loop
      vertex -1.82875 -7.70496 4.89603
      vertex -2.32091 -9.77856 4.70074
      vertex -1.5598 -10.0222 4.70074
    endloop
  endfacet
  facet normal -0.0359028 -0.112157 0.993042
    outer loop
      vertex -2.32091 -9.77856 4.70074
      vertex -2.79072 -11.758 4.46019
      vertex -1.5598 -10.0222 4.70074
    endloop
  endfacet
  facet normal -0.400632 0.187869 0.896771
    outer loop
      vertex -14.0557 12.0033 2.22329
      vertex -14.9085 10.1847 2.22329
      vertex -13.3364 11.389 2.67333
    endloop
  endfacet
  facet normal -0.400644 0.187888 0.896762
    outer loop
      vertex -13.3364 11.389 2.67333
      vertex -14.9085 10.1847 2.22329
      vertex -14.1456 9.6635 2.67333
    endloop
  endfacet
  facet normal -0.317528 0.27411 0.907766
    outer loop
      vertex -10.7242 16.7012 2.22329
      vertex -11.9534 15.2773 2.22329
      vertex -11.3417 14.4955 2.67333
    endloop
  endfacet
  facet normal -0.348867 0.247383 0.903932
    outer loop
      vertex -11.9534 15.2773 2.22329
      vertex -13.0674 13.7063 2.22329
      vertex -11.3417 14.4955 2.67333
    endloop
  endfacet
  facet normal -0.0660462 -0.206285 0.97626
    outer loop
      vertex -3.64544 -15.3591 3.85295
      vertex -4.02212 -16.9462 3.49211
      vertex -2.70313 -17.3685 3.49211
    endloop
  endfacet
  facet normal -0.0546029 -0.170603 0.983826
    outer loop
      vertex -2.17322 -13.9636 4.17668
      vertex -3.23365 -13.6242 4.17668
      vertex -2.44997 -15.7419 3.85295
    endloop
  endfacet
  facet normal -0.240223 -0.170354 0.955653
    outer loop
      vertex -9.79752 -12.522 3.49211
      vertex -11.6106 -12.1782 3.09764
      vertex -10.6207 -13.5741 3.09764
    endloop
  endfacet
  facet normal -0.288734 -0.204756 0.935258
    outer loop
      vertex -10.6207 -13.5741 3.09764
      vertex -11.6106 -12.1782 3.09764
      vertex -11.3417 -14.4955 2.67333
    endloop
  endfacet
  facet normal -0.277037 -0.129907 0.952037
    outer loop
      vertex -12.2197 -8.34784 3.49211
      vertex -13.2464 -9.04924 3.09764
      vertex -12.4887 -10.6651 3.09764
    endloop
  endfacet
  facet normal -0.332453 -0.155892 0.930147
    outer loop
      vertex -13.2464 -9.04924 3.09764
      vertex -13.3364 -11.389 2.67333
      vertex -12.4887 -10.6651 3.09764
    endloop
  endfacet
  facet normal -0.0360205 -0.0595892 0.997573
    outer loop
      vertex -2.1419 -5.12152 5.04416
      vertex -2.41084 -7.43877 4.89603
      vertex -1.73881 -5.36518 5.04416
    endloop
  endfacet
  facet normal -0.0360203 -0.0595892 0.997573
    outer loop
      vertex -2.1419 -5.12152 5.04416
      vertex -2.96972 -7.10094 4.89603
      vertex -2.41084 -7.43877 4.89603
    endloop
  endfacet
  facet normal -0.0619724 -0.135515 0.988835
    outer loop
      vertex -3.67901 -11.3518 4.46019
      vertex -4.26293 -13.1535 4.17668
      vertex -3.23365 -13.6242 4.17668
    endloop
  endfacet
  facet normal -0.0619685 -0.135514 0.988836
    outer loop
      vertex -2.79072 -11.758 4.46019
      vertex -3.67901 -11.3518 4.46019
      vertex -3.23365 -13.6242 4.17668
    endloop
  endfacet
  facet normal 0.0160751 -0.256239 0.96648
    outer loop
      vertex 1.3581 -17.6235 3.49211
      vertex 0 -17.7087 3.49211
      vertex 1.47221 -19.1042 3.09764
    endloop
  endfacet
  facet normal 0.0480923 -0.253669 0.966095
    outer loop
      vertex 2.70313 -17.3685 3.49211
      vertex 1.3581 -17.6235 3.49211
      vertex 1.47221 -19.1042 3.09764
    endloop
  endfacet
  facet normal 0.685516 -0.39779 0.60978
    outer loop
      vertex 15.0825 -12.8802 1.2635
      vertex 14.0221 -14.7076 1.2635
      vertex 15.3802 -13.1344 0.762998
    endloop
  endfacet
  facet normal 0.722855 -0.338999 0.60213
    outer loop
      vertex 15.9977 -10.9287 1.2635
      vertex 15.0825 -12.8802 1.2635
      vertex 15.3802 -13.1344 0.762998
    endloop
  endfacet
  facet normal 0.0520684 0.0145762 0.998537
    outer loop
      vertex 4.34808 1.68575 5.04416
      vertex 2.535 1.34202 5.14372
      vertex 2.62571 1.01799 5.14372
    endloop
  endfacet
  facet normal 0.0258097 0.00722525 0.999641
    outer loop
      vertex 2.535 1.34202 5.14372
      vertex 0.878055 0.340422 5.19374
      vertex 2.62571 1.01799 5.14372
    endloop
  endfacet
  facet normal 0.0273785 -0.00105219 0.999625
    outer loop
      vertex 2.74386 0 5.14372
      vertex 0.917565 0 5.19374
      vertex 2.73065 -0.343732 5.14372
    endloop
  endfacet
  facet normal 0.0552305 -0.00212257 0.998471
    outer loop
      vertex 2.74386 0 5.14372
      vertex 2.73065 -0.343732 5.14372
      vertex 4.54373 0 5.04416
    endloop
  endfacet
  facet normal 0.0203118 0.0144044 0.99969
    outer loop
      vertex 1.9402 2.47972 5.14372
      vertex 0.709288 0.743963 5.19374
      vertex 2.12103 2.22473 5.14372
    endloop
  endfacet
  facet normal 0.0184104 0.0158925 0.999704
    outer loop
      vertex 1.74069 2.71084 5.14372
      vertex 0.582097 0.906523 5.19374
      vertex 1.9402 2.47972 5.14372
    endloop
  endfacet
  facet normal 0.0565568 0.0488237 0.997205
    outer loop
      vertex 3.99658 6.22402 4.89603
      vertex 2.88251 4.48905 5.04416
      vertex 3.2129 4.10633 5.04416
    endloop
  endfacet
  facet normal 0.0501741 0.0529335 0.997337
    outer loop
      vertex 3.99658 6.22402 4.89603
      vertex 2.52436 4.82853 5.04416
      vertex 2.88251 4.48905 5.04416
    endloop
  endfacet
  facet normal 0.0501744 0.0529331 0.997337
    outer loop
      vertex 3.5 6.69472 4.89603
      vertex 2.52436 4.82853 5.04416
      vertex 3.99658 6.22402 4.89603
    endloop
  endfacet
  facet normal -0.0386839 0.0845895 0.995665
    outer loop
      vertex -2.32091 9.77856 4.70074
      vertex -3.05966 9.44072 4.70074
      vertex -1.82875 7.70496 4.89603
    endloop
  endfacet
  facet normal -0.0386831 0.08459 0.995665
    outer loop
      vertex -1.82875 7.70496 4.89603
      vertex -3.05966 9.44072 4.70074
      vertex -2.41084 7.43877 4.89603
    endloop
  endfacet
  facet normal -0.0204738 0.0639531 0.997743
    outer loop
      vertex -1.22904 7.89696 4.89603
      vertex -1.31897 5.55717 5.04416
      vertex -0.886437 5.69564 5.04416
    endloop
  endfacet
  facet normal -0.00402293 0.0212184 0.999767
    outer loop
      vertex -0.268945 3.48997 5.14372
      vertex -0.5353 3.43947 5.14372
      vertex -0.0899363 1.16707 5.19374
    endloop
  endfacet
  facet normal -0.00271555 0.0432394 0.999061
    outer loop
      vertex 0 5.80723 5.04416
      vertex -0.445363 5.77926 5.04416
      vertex 0 3.50686 5.14372
    endloop
  endfacet
  facet normal -0.0123643 0.0652187 0.997794
    outer loop
      vertex -0.445363 5.77926 5.04416
      vertex -1.22904 7.89696 4.89603
      vertex -0.886437 5.69564 5.04416
    endloop
  endfacet
  facet normal 0.00413476 0.0658546 0.997821
    outer loop
      vertex 0.617492 8.0129 4.89603
      vertex 0 8.05167 4.89603
      vertex 0.445363 5.77926 5.04416
    endloop
  endfacet
  facet normal 0.00413586 0.0658548 0.997821
    outer loop
      vertex 0 8.05167 4.89603
      vertex 0 5.80723 5.04416
      vertex 0.445363 5.77926 5.04416
    endloop
  endfacet
  facet normal 0.0236538 0.0391309 0.998954
    outer loop
      vertex 1.73881 5.36518 5.04416
      vertex 1.29345 3.09277 5.14372
      vertex 2.1419 5.12152 5.04416
    endloop
  endfacet
  facet normal 0.0134435 0.0419927 0.999027
    outer loop
      vertex 0.886437 5.69564 5.04416
      vertex 0.5353 3.43947 5.14372
      vertex 0.7965 3.35585 5.14372
    endloop
  endfacet
  facet normal 0.0117221 0.0193903 0.999743
    outer loop
      vertex 1.29345 3.09277 5.14372
      vertex 0.351136 1.08345 5.19374
      vertex 0.432537 1.03424 5.19374
    endloop
  endfacet
  facet normal 0.00923588 0.0201964 0.999753
    outer loop
      vertex 0.7965 3.35585 5.14372
      vertex 0.351136 1.08345 5.19374
      vertex 1.05003 3.23991 5.14372
    endloop
  endfacet
  facet normal 0.0786172 0.13005 0.988386
    outer loop
      vertex 4.26293 13.1535 4.17668
      vertex 3.67901 11.3518 4.46019
      vertex 5.25116 12.5561 4.17668
    endloop
  endfacet
  facet normal 0.0619724 0.135515 0.988835
    outer loop
      vertex 4.26293 13.1535 4.17668
      vertex 3.23365 13.6242 4.17668
      vertex 3.67901 11.3518 4.46019
    endloop
  endfacet
  facet normal 0.0283849 0.0620706 0.997668
    outer loop
      vertex 1.82875 7.70496 4.89603
      vertex 1.31897 5.55717 5.04416
      vertex 2.41084 7.43877 4.89603
    endloop
  endfacet
  facet normal 0.0386831 0.08459 0.995665
    outer loop
      vertex 3.05966 9.44072 4.70074
      vertex 1.82875 7.70496 4.89603
      vertex 2.41084 7.43877 4.89603
    endloop
  endfacet
  facet normal -0.230904 0.10829 0.966932
    outer loop
      vertex -10.4417 8.91705 3.85295
      vertex -12.2197 8.34784 3.49211
      vertex -11.0753 7.56604 3.85295
    endloop
  endfacet
  facet normal -0.243083 0.0899522 0.965826
    outer loop
      vertex -11.0753 7.56604 3.85295
      vertex -12.2197 8.34784 3.49211
      vertex -11.6022 6.14217 3.85295
    endloop
  endfacet
  facet normal -0.139327 0.18187 0.973402
    outer loop
      vertex -5.91987 14.1551 3.85295
      vertex -7.69786 14.7243 3.49211
      vertex -6.97694 13.3453 3.85295
    endloop
  endfacet
  facet normal -0.240224 0.170356 0.955652
    outer loop
      vertex -9.79752 12.522 3.49211
      vertex -11.6106 12.1782 3.09764
      vertex -10.7107 11.2343 3.49211
    endloop
  endfacet
  facet normal -0.181519 0.156695 0.970823
    outer loop
      vertex -8.79002 13.689 3.49211
      vertex -8.87995 11.3492 3.85295
      vertex -7.96681 12.407 3.85295
    endloop
  endfacet
  facet normal -0.150384 0.129821 0.980067
    outer loop
      vertex -7.06687 11.0055 4.17668
      vertex -8.87995 11.3492 3.85295
      vertex -7.87687 10.0672 4.17668
    endloop
  endfacet
  facet normal 0.00902513 0.143858 0.989557
    outer loop
      vertex 1.09187 14.1687 4.17668
      vertex 0 14.2372 4.17668
      vertex 0.942309 12.2279 4.46019
    endloop
  endfacet
  facet normal 0.00903817 0.143864 0.989556
    outer loop
      vertex 0 14.2372 4.17668
      vertex 0 12.2871 4.46019
      vertex 0.942309 12.2279 4.46019
    endloop
  endfacet
  facet normal -0.0168589 0.0888901 0.995899
    outer loop
      vertex -0.783674 10.1694 4.70074
      vertex -1.5598 10.0222 4.70074
      vertex -1.22904 7.89696 4.89603
    endloop
  endfacet
  facet normal -0.0168519 0.0888888 0.995899
    outer loop
      vertex -0.783674 10.1694 4.70074
      vertex -1.22904 7.89696 4.89603
      vertex -0.617492 8.0129 4.89603
    endloop
  endfacet
  facet normal 0.0497728 0.108838 0.992813
    outer loop
      vertex 2.79072 11.758 4.46019
      vertex 2.32091 9.77856 4.70074
      vertex 3.05966 9.44072 4.70074
    endloop
  endfacet
  facet normal 0.0216953 0.11439 0.993199
    outer loop
      vertex 0.942309 12.2279 4.46019
      vertex 0.783674 10.1694 4.70074
      vertex 1.5598 10.0222 4.70074
    endloop
  endfacet
  facet normal -0.0184104 0.0158925 0.999704
    outer loop
      vertex -1.74069 2.71084 5.14372
      vertex -1.9402 2.47972 5.14372
      vertex -0.582097 0.906523 5.19374
    endloop
  endfacet
  facet normal -0.0433079 0.0565328 0.997461
    outer loop
      vertex -2.1419 5.12152 5.04416
      vertex -3.5 6.69472 4.89603
      vertex -2.52436 4.82853 5.04416
    endloop
  endfacet
  facet normal 0.0707097 0.372953 0.925152
    outer loop
      vertex 1.65694 21.5013 2.22329
      vertex 1.57215 20.401 2.67333
      vertex 3.12916 20.1058 2.67333
    endloop
  endfacet
  facet normal 0.0580936 0.30641 0.950125
    outer loop
      vertex 3.12916 20.1058 2.67333
      vertex 1.57215 20.401 2.67333
      vertex 2.93025 18.8278 3.09764
    endloop
  endfacet
  facet normal 0.0203119 -0.0144043 0.99969
    outer loop
      vertex 0.709288 -0.743963 5.19374
      vertex 0.648816 -0.829236 5.19374
      vertex 1.9402 -2.47972 5.14372
    endloop
  endfacet
  facet normal -0.0163306 0.0172283 0.999718
    outer loop
      vertex -1.52441 2.91585 5.14372
      vertex -1.74069 2.71084 5.14372
      vertex -0.582097 0.906523 5.19374
    endloop
  endfacet
  facet normal -0.0329532 0.0347648 0.998852
    outer loop
      vertex -1.52441 2.91585 5.14372
      vertex -2.88251 4.48905 5.04416
      vertex -1.74069 2.71084 5.14372
    endloop
  endfacet
  facet normal -0.0204749 0.0639532 0.997743
    outer loop
      vertex -1.22904 7.89696 4.89603
      vertex -1.82875 7.70496 4.89603
      vertex -1.31897 5.55717 5.04416
    endloop
  endfacet
  facet normal -0.0186388 0.0407581 0.998995
    outer loop
      vertex -0.7965 3.35585 5.14372
      vertex -1.73881 5.36518 5.04416
      vertex -1.05003 3.23991 5.14372
    endloop
  endfacet
  facet normal 0.0140931 0.0183984 0.999731
    outer loop
      vertex 1.29345 3.09277 5.14372
      vertex 0.432537 1.03424 5.19374
      vertex 0.509771 0.975079 5.19374
    endloop
  endfacet
  facet normal 0.0444246 0.025779 0.99868
    outer loop
      vertex 3.51235 3.68406 5.04416
      vertex 2.28144 1.94831 5.14372
      vertex 3.77797 3.22632 5.04416
    endloop
  endfacet
  facet normal 0.0444237 0.0257796 0.99868
    outer loop
      vertex 3.51235 3.68406 5.04416
      vertex 2.12103 2.22473 5.14372
      vertex 2.28144 1.94831 5.14372
    endloop
  endfacet
  facet normal -0.0235127 -0.0110263 0.999663
    outer loop
      vertex -0.80922 -0.552814 5.19374
      vertex -2.41987 -1.65312 5.14372
      vertex -2.28144 -1.94831 5.14372
    endloop
  endfacet
  facet normal -0.0247802 -0.0091705 0.999651
    outer loop
      vertex -0.80922 -0.552814 5.19374
      vertex -2.535 -1.34202 5.14372
      vertex -2.41987 -1.65312 5.14372
    endloop
  endfacet
  facet normal 0.0265902 -0.00521129 0.999633
    outer loop
      vertex 0.899934 -0.228786 5.19374
      vertex 0.878055 -0.340422 5.19374
      vertex 2.69114 -0.684154 5.14372
    endloop
  endfacet
  facet normal 0.0184104 -0.0158925 0.999704
    outer loop
      vertex 1.9402 -2.47972 5.14372
      vertex 0.582097 -0.906523 5.19374
      vertex 1.74069 -2.71084 5.14372
    endloop
  endfacet
  facet normal 0.0163306 -0.0172283 0.999718
    outer loop
      vertex 1.74069 -2.71084 5.14372
      vertex 0.582097 -0.906523 5.19374
      vertex 1.52441 -2.91585 5.14372
    endloop
  endfacet
  facet normal 0 0 1
    outer loop
      vertex -0.917565 0 5.19374
      vertex 0.917565 0 5.19374
      vertex 0.913147 0.114946 5.19374
    endloop
  endfacet
  facet normal 0 0 1
    outer loop
      vertex -0.913147 0.114946 5.19374
      vertex 0.913147 0.114946 5.19374
      vertex 0.899934 0.228786 5.19374
    endloop
  endfacet
  facet normal 0 0 1
    outer loop
      vertex 0.917565 0 5.19374
      vertex -0.917565 0 5.19374
      vertex 0.913147 -0.114946 5.19374
    endloop
  endfacet
  facet normal 0 0 1
    outer loop
      vertex -0.899934 0.228786 5.19374
      vertex 0.899934 0.228786 5.19374
      vertex 0.878055 0.340422 5.19374
    endloop
  endfacet
  facet normal 0 -0 1
    outer loop
      vertex -0.913147 -0.114946 5.19374
      vertex 0.913147 -0.114946 5.19374
      vertex -0.917565 0 5.19374
    endloop
  endfacet
  facet normal 0 0 1
    outer loop
      vertex -0.878055 0.340422 5.19374
      vertex 0.878055 0.340422 5.19374
      vertex 0.847719 0.448779 5.19374
    endloop
  endfacet
  facet normal 0 0 1
    outer loop
      vertex 0.913147 -0.114946 5.19374
      vertex -0.913147 -0.114946 5.19374
      vertex 0.899934 -0.228786 5.19374
    endloop
  endfacet
  facet normal 0 0 1
    outer loop
      vertex -0.847719 0.448779 5.19374
      vertex 0.847719 0.448779 5.19374
      vertex 0.80922 0.552814 5.19374
    endloop
  endfacet
  facet normal 0 -0 1
    outer loop
      vertex -0.899934 -0.228786 5.19374
      vertex 0.899934 -0.228786 5.19374
      vertex -0.913147 -0.114946 5.19374
    endloop
  endfacet
  facet normal 0 0 1
    outer loop
      vertex -0.80922 0.552814 5.19374
      vertex 0.80922 0.552814 5.19374
      vertex 0.762927 0.651526 5.19374
    endloop
  endfacet
  facet normal 0 0 1
    outer loop
      vertex 0.899934 -0.228786 5.19374
      vertex -0.899934 -0.228786 5.19374
      vertex 0.878055 -0.340422 5.19374
    endloop
  endfacet
  facet normal 0 0 1
    outer loop
      vertex -0.762927 0.651526 5.19374
      vertex 0.762927 0.651526 5.19374
      vertex 0.709288 0.743963 5.19374
    endloop
  endfacet
  facet normal 0 -0 1
    outer loop
      vertex -0.878055 -0.340422 5.19374
      vertex 0.878055 -0.340422 5.19374
      vertex -0.899934 -0.228786 5.19374
    endloop
  endfacet
  facet normal 0 0 1
    outer loop
      vertex -0.709288 0.743963 5.19374
      vertex 0.709288 0.743963 5.19374
      vertex 0.648816 0.829236 5.19374
    endloop
  endfacet
  facet normal 0 0 1
    outer loop
      vertex 0.878055 -0.340422 5.19374
      vertex -0.878055 -0.340422 5.19374
      vertex 0.847719 -0.448779 5.19374
    endloop
  endfacet
  facet normal 0 0 1
    outer loop
      vertex -0.648816 0.829236 5.19374
      vertex 0.648816 0.829236 5.19374
      vertex 0.582097 0.906523 5.19374
    endloop
  endfacet
  facet normal 0 -0 1
    outer loop
      vertex -0.847719 -0.448779 5.19374
      vertex 0.847719 -0.448779 5.19374
      vertex -0.878055 -0.340422 5.19374
    endloop
  endfacet
  facet normal 0 0 1
    outer loop
      vertex -0.582097 0.906523 5.19374
      vertex 0.582097 0.906523 5.19374
      vertex 0.509771 0.975079 5.19374
    endloop
  endfacet
  facet normal 0 0 1
    outer loop
      vertex 0.847719 -0.448779 5.19374
      vertex -0.847719 -0.448779 5.19374
      vertex 0.80922 -0.552814 5.19374
    endloop
  endfacet
  facet normal 0 0 1
    outer loop
      vertex -0.509771 0.975079 5.19374
      vertex 0.509771 0.975079 5.19374
      vertex 0.432537 1.03424 5.19374
    endloop
  endfacet
  facet normal 0 -0 1
    outer loop
      vertex -0.80922 -0.552814 5.19374
      vertex 0.80922 -0.552814 5.19374
      vertex -0.847719 -0.448779 5.19374
    endloop
  endfacet
  facet normal 0 0 1
    outer loop
      vertex -0.432537 1.03424 5.19374
      vertex 0.432537 1.03424 5.19374
      vertex 0.351136 1.08345 5.19374
    endloop
  endfacet
  facet normal 0 0 1
    outer loop
      vertex 0.80922 -0.552814 5.19374
      vertex -0.80922 -0.552814 5.19374
      vertex 0.762927 -0.651526 5.19374
    endloop
  endfacet
  facet normal 0 0 1
    outer loop
      vertex -0.432537 1.03424 5.19374
      vertex 0.351136 1.08345 5.19374
      vertex 0.266355 1.12222 5.19374
    endloop
  endfacet
  facet normal 0 -0 1
    outer loop
      vertex -0.762927 -0.651526 5.19374
      vertex 0.762927 -0.651526 5.19374
      vertex -0.80922 -0.552814 5.19374
    endloop
  endfacet
  facet normal 0 0 1
    outer loop
      vertex -0.432537 1.03424 5.19374
      vertex 0.266355 1.12222 5.19374
      vertex 0.179008 1.15018 5.19374
    endloop
  endfacet
  facet normal 0 0 1
    outer loop
      vertex 0.762927 -0.651526 5.19374
      vertex -0.762927 -0.651526 5.19374
      vertex 0.709288 -0.743963 5.19374
    endloop
  endfacet
  facet normal 0 0 1
    outer loop
      vertex -0.432537 1.03424 5.19374
      vertex 0.179008 1.15018 5.19374
      vertex 0.0899363 1.16707 5.19374
    endloop
  endfacet
  facet normal 0 -0 1
    outer loop
      vertex -0.709288 -0.743963 5.19374
      vertex 0.709288 -0.743963 5.19374
      vertex -0.762927 -0.651526 5.19374
    endloop
  endfacet
  facet normal 0 0 1
    outer loop
      vertex -0.432537 1.03424 5.19374
      vertex 0.0899363 1.16707 5.19374
      vertex 0 1.17272 5.19374
    endloop
  endfacet
  facet normal 0 0 1
    outer loop
      vertex 0.913147 0.114946 5.19374
      vertex -0.913147 0.114946 5.19374
      vertex -0.917565 0 5.19374
    endloop
  endfacet
  facet normal 0 0 1
    outer loop
      vertex -0.432537 1.03424 5.19374
      vertex 0 1.17272 5.19374
      vertex -0.0899363 1.16707 5.19374
    endloop
  endfacet
  facet normal 0 0 1
    outer loop
      vertex 0.709288 -0.743963 5.19374
      vertex -0.709288 -0.743963 5.19374
      vertex 0.648816 -0.829236 5.19374
    endloop
  endfacet
  facet normal 0 0 1
    outer loop
      vertex -0.432537 1.03424 5.19374
      vertex -0.0899363 1.16707 5.19374
      vertex -0.179008 1.15018 5.19374
    endloop
  endfacet
  facet normal 0 -0 1
    outer loop
      vertex -0.648816 -0.829236 5.19374
      vertex 0.648816 -0.829236 5.19374
      vertex -0.709288 -0.743963 5.19374
    endloop
  endfacet
  facet normal 0 0 1
    outer loop
      vertex -0.351136 1.08345 5.19374
      vertex -0.179008 1.15018 5.19374
      vertex -0.266355 1.12222 5.19374
    endloop
  endfacet
  facet normal 0 0 1
    outer loop
      vertex 0.648816 -0.829236 5.19374
      vertex -0.648816 -0.829236 5.19374
      vertex 0.582097 -0.906523 5.19374
    endloop
  endfacet
  facet normal 0 0 1
    outer loop
      vertex -0.432537 1.03424 5.19374
      vertex -0.179008 1.15018 5.19374
      vertex -0.351136 1.08345 5.19374
    endloop
  endfacet
  facet normal 0 -0 1
    outer loop
      vertex -0.582097 -0.906523 5.19374
      vertex 0.582097 -0.906523 5.19374
      vertex -0.648816 -0.829236 5.19374
    endloop
  endfacet
  facet normal 0 0 1
    outer loop
      vertex 0.432537 1.03424 5.19374
      vertex -0.432537 1.03424 5.19374
      vertex -0.509771 0.975079 5.19374
    endloop
  endfacet
  facet normal 0 0 1
    outer loop
      vertex 0.582097 -0.906523 5.19374
      vertex -0.582097 -0.906523 5.19374
      vertex 0.509771 -0.975079 5.19374
    endloop
  endfacet
  facet normal 0 0 1
    outer loop
      vertex 0.509771 0.975079 5.19374
      vertex -0.509771 0.975079 5.19374
      vertex -0.582097 0.906523 5.19374
    endloop
  endfacet
  facet normal 0 -0 1
    outer loop
      vertex -0.509771 -0.975079 5.19374
      vertex 0.509771 -0.975079 5.19374
      vertex -0.582097 -0.906523 5.19374
    endloop
  endfacet
  facet normal 0 0 1
    outer loop
      vertex 0.582097 0.906523 5.19374
      vertex -0.582097 0.906523 5.19374
      vertex -0.648816 0.829236 5.19374
    endloop
  endfacet
  facet normal 0 0 1
    outer loop
      vertex 0.899934 0.228786 5.19374
      vertex -0.899934 0.228786 5.19374
      vertex -0.913147 0.114946 5.19374
    endloop
  endfacet
  facet normal 0 0 1
    outer loop
      vertex 0.648816 0.829236 5.19374
      vertex -0.648816 0.829236 5.19374
      vertex -0.709288 0.743963 5.19374
    endloop
  endfacet
  facet normal 0 -0 1
    outer loop
      vertex -0.432537 -1.03424 5.19374
      vertex 0.432537 -1.03424 5.19374
      vertex -0.509771 -0.975079 5.19374
    endloop
  endfacet
  facet normal 0 0 1
    outer loop
      vertex 0.709288 0.743963 5.19374
      vertex -0.709288 0.743963 5.19374
      vertex -0.762927 0.651526 5.19374
    endloop
  endfacet
  facet normal 0 0 1
    outer loop
      vertex 0.878055 0.340422 5.19374
      vertex -0.878055 0.340422 5.19374
      vertex -0.899934 0.228786 5.19374
    endloop
  endfacet
  facet normal 0 0 1
    outer loop
      vertex 0.762927 0.651526 5.19374
      vertex -0.762927 0.651526 5.19374
      vertex -0.80922 0.552814 5.19374
    endloop
  endfacet
  facet normal 0 0 1
    outer loop
      vertex 0.80922 0.552814 5.19374
      vertex -0.80922 0.552814 5.19374
      vertex -0.847719 0.448779 5.19374
    endloop
  endfacet
  facet normal 0 0 1
    outer loop
      vertex 0.847719 0.448779 5.19374
      vertex -0.847719 0.448779 5.19374
      vertex -0.878055 0.340422 5.19374
    endloop
  endfacet
  facet normal 0 0 1
    outer loop
      vertex -0.179008 -1.15018 5.19374
      vertex -0.351136 -1.08345 5.19374
      vertex -0.266355 -1.12222 5.19374
    endloop
  endfacet
  facet normal 0 0 1
    outer loop
      vertex 0.432537 -1.03424 5.19374
      vertex -0.432537 -1.03424 5.19374
      vertex 0.351136 -1.08345 5.19374
    endloop
  endfacet
  facet normal 0 0 1
    outer loop
      vertex -0.179008 -1.15018 5.19374
      vertex -0.432537 -1.03424 5.19374
      vertex -0.351136 -1.08345 5.19374
    endloop
  endfacet
  facet normal 0 0 1
    outer loop
      vertex 0 -1.17272 5.19374
      vertex -0.432537 -1.03424 5.19374
      vertex -0.0899363 -1.16707 5.19374
    endloop
  endfacet
  facet normal 0 0 1
    outer loop
      vertex -0.0899363 -1.16707 5.19374
      vertex -0.432537 -1.03424 5.19374
      vertex -0.179008 -1.15018 5.19374
    endloop
  endfacet
  facet normal 0 0 1
    outer loop
      vertex 0.179008 -1.15018 5.19374
      vertex -0.432537 -1.03424 5.19374
      vertex 0.0899363 -1.16707 5.19374
    endloop
  endfacet
  facet normal 0 0 1
    outer loop
      vertex 0.0899363 -1.16707 5.19374
      vertex -0.432537 -1.03424 5.19374
      vertex 0 -1.17272 5.19374
    endloop
  endfacet
  facet normal 0 0 1
    outer loop
      vertex 0.266355 -1.12222 5.19374
      vertex -0.432537 -1.03424 5.19374
      vertex 0.179008 -1.15018 5.19374
    endloop
  endfacet
  facet normal 0 0 1
    outer loop
      vertex 0.351136 -1.08345 5.19374
      vertex -0.432537 -1.03424 5.19374
      vertex 0.266355 -1.12222 5.19374
    endloop
  endfacet
  facet normal 0 0 1
    outer loop
      vertex 0.509771 -0.975079 5.19374
      vertex -0.509771 -0.975079 5.19374
      vertex 0.432537 -1.03424 5.19374
    endloop
  endfacet
  facet normal 0.00271555 -0.0432394 0.999061
    outer loop
      vertex 0 -3.50686 5.14372
      vertex 0 -5.80723 5.04416
      vertex 0.445363 -5.77926 5.04416
    endloop
  endfacet
  facet normal 0.00413586 -0.0658548 0.997821
    outer loop
      vertex 0 -5.80723 5.04416
      vertex 0 -8.05167 4.89603
      vertex 0.445363 -5.77926 5.04416
    endloop
  endfacet
  facet normal 0.0590087 -0.07703 0.995281
    outer loop
      vertex 3.5 -6.69472 4.89603
      vertex 2.96972 -7.10094 4.89603
      vertex 4.44194 -8.49643 4.70074
    endloop
  endfacet
  facet normal 0.0683585 -0.072117 0.995051
    outer loop
      vertex 3.99658 -6.22402 4.89603
      vertex 3.5 -6.69472 4.89603
      vertex 4.44194 -8.49643 4.70074
    endloop
  endfacet
  facet normal 0.0921032 -0.0534454 0.994314
    outer loop
      vertex 6.64783 -5.67713 4.70074
      vertex 5.23812 -4.47327 4.89603
      vertex 6.18044 -6.48259 4.70074
    endloop
  endfacet
  facet normal 0.0983314 -0.046115 0.994085
    outer loop
      vertex 7.05121 -4.817 4.70074
      vertex 5.23812 -4.47327 4.89603
      vertex 6.64783 -5.67713 4.70074
    endloop
  endfacet
  facet normal 0.0623924 -0.0442451 0.99707
    outer loop
      vertex 3.51235 -3.68406 5.04416
      vertex 3.2129 -4.10633 5.04416
      vertex 4.45466 -5.69339 4.89603
    endloop
  endfacet
  facet normal 0.0623926 -0.044245 0.99707
    outer loop
      vertex 4.86984 -5.10792 4.89603
      vertex 3.51235 -3.68406 5.04416
      vertex 4.45466 -5.69339 4.89603
    endloop
  endfacet
  facet normal 0.0536416 -0.0105135 0.998505
    outer loop
      vertex 2.69114 -0.684154 5.14372
      vertex 2.62571 -1.01799 5.14372
      vertex 4.34808 -1.68575 5.04416
    endloop
  endfacet
  facet normal 0.0265902 -0.00521153 0.999633
    outer loop
      vertex 2.69114 -0.684154 5.14372
      vertex 0.878055 -0.340422 5.19374
      vertex 2.62571 -1.01799 5.14372
    endloop
  endfacet
  facet normal 0.0204738 -0.0639531 0.997743
    outer loop
      vertex 1.31897 -5.55717 5.04416
      vertex 0.886437 -5.69564 5.04416
      vertex 1.22904 -7.89696 4.89603
    endloop
  endfacet
  facet normal 0.0123643 -0.0652187 0.997794
    outer loop
      vertex 0.886437 -5.69564 5.04416
      vertex 0.445363 -5.77926 5.04416
      vertex 1.22904 -7.89696 4.89603
    endloop
  endfacet
  facet normal -0.0760929 -0.0281593 0.996703
    outer loop
      vertex -4.19786 -2.22233 5.04416
      vertex -5.82029 -3.08124 4.89603
      vertex -4.00721 -2.73751 5.04416
    endloop
  endfacet
  facet normal -0.0792466 -0.0221857 0.996608
    outer loop
      vertex -4.34808 -1.68575 5.04416
      vertex -5.82029 -3.08124 4.89603
      vertex -4.19786 -2.22233 5.04416
    endloop
  endfacet
  facet normal -0.161233 -0.170095 0.972148
    outer loop
      vertex -7.96681 -12.407 3.85295
      vertex -8.79002 -13.689 3.49211
      vertex -6.97694 -13.3453 3.85295
    endloop
  endfacet
  facet normal -0.161234 -0.170089 0.972149
    outer loop
      vertex -6.97694 -13.3453 3.85295
      vertex -8.79002 -13.689 3.49211
      vertex -7.69786 -14.7243 3.49211
    endloop
  endfacet
  facet normal -0.288751 0.204757 0.935253
    outer loop
      vertex -11.3417 14.4955 2.67333
      vertex -12.3987 13.0049 2.67333
      vertex -11.6106 12.1782 3.09764
    endloop
  endfacet
  facet normal -0.348868 0.247386 0.903931
    outer loop
      vertex -11.3417 14.4955 2.67333
      vertex -13.0674 13.7063 2.22329
      vertex -12.3987 13.0049 2.67333
    endloop
  endfacet
  facet normal -0.81572 0.578448 0
    outer loop
      vertex -14.4379 15.1437 0
      vertex -13.207 16.8795 0.255152
      vertex -13.207 16.8795 0
    endloop
  endfacet
  facet normal -0.81572 0.578448 0
    outer loop
      vertex -13.207 16.8795 0.255152
      vertex -14.4379 15.1437 0
      vertex -14.4379 15.1437 0.255152
    endloop
  endfacet
  facet normal -0.0660557 -0.20629 0.976259
    outer loop
      vertex -2.44997 -15.7419 3.85295
      vertex -3.64544 -15.3591 3.85295
      vertex -2.70313 -17.3685 3.49211
    endloop
  endfacet
  facet normal -0.0399006 -0.210477 0.976784
    outer loop
      vertex -2.44997 -15.7419 3.85295
      vertex -2.70313 -17.3685 3.49211
      vertex -1.23091 -15.973 3.85295
    endloop
  endfacet
  facet normal -0.0914919 -0.200082 0.975498
    outer loop
      vertex -4.8058 -14.8285 3.85295
      vertex -5.30238 -16.3607 3.49211
      vertex -3.64544 -15.3591 3.85295
    endloop
  endfacet
  facet normal -0.0756865 -0.165517 0.983298
    outer loop
      vertex -3.23365 -13.6242 4.17668
      vertex -4.8058 -14.8285 3.85295
      vertex -3.64544 -15.3591 3.85295
    endloop
  endfacet
  facet normal 0.0133361 -0.21258 0.977053
    outer loop
      vertex 1.23091 -15.973 3.85295
      vertex 0 -17.7087 3.49211
      vertex 1.3581 -17.6235 3.49211
    endloop
  endfacet
  facet normal 0.0399031 -0.210474 0.976785
    outer loop
      vertex 2.70313 -17.3685 3.49211
      vertex 1.23091 -15.973 3.85295
      vertex 1.3581 -17.6235 3.49211
    endloop
  endfacet
  facet normal 0.0284399 0.0371269 0.998906
    outer loop
      vertex 2.1419 5.12152 5.04416
      vertex 1.29345 3.09277 5.14372
      vertex 1.52441 2.91585 5.14372
    endloop
  endfacet
  facet normal 0.0140934 0.0183983 0.999731
    outer loop
      vertex 1.29345 3.09277 5.14372
      vertex 0.509771 0.975079 5.19374
      vertex 1.52441 2.91585 5.14372
    endloop
  endfacet
  facet normal -0.0117211 0.0193907 0.999743
    outer loop
      vertex -1.05003 3.23991 5.14372
      vertex -1.29345 3.09277 5.14372
      vertex -0.351136 1.08345 5.19374
    endloop
  endfacet
  facet normal -0.0283845 0.0620708 0.997668
    outer loop
      vertex -1.31897 5.55717 5.04416
      vertex -2.41084 7.43877 4.89603
      vertex -1.73881 5.36518 5.04416
    endloop
  endfacet
  facet normal -0.0186385 0.0407582 0.998995
    outer loop
      vertex -1.31897 5.55717 5.04416
      vertex -1.73881 5.36518 5.04416
      vertex -0.7965 3.35585 5.14372
    endloop
  endfacet
  facet normal -0.00413586 0.0658548 0.997821
    outer loop
      vertex 0 8.05167 4.89603
      vertex -0.445363 5.77926 5.04416
      vertex 0 5.80723 5.04416
    endloop
  endfacet
  facet normal -0.00413476 0.0658546 0.997821
    outer loop
      vertex 0 8.05167 4.89603
      vertex -0.617492 8.0129 4.89603
      vertex -0.445363 5.77926 5.04416
    endloop
  endfacet
  facet normal 0.0204738 0.0639531 0.997743
    outer loop
      vertex 1.22904 7.89696 4.89603
      vertex 0.886437 5.69564 5.04416
      vertex 1.31897 5.55717 5.04416
    endloop
  endfacet
  facet normal 0.0123643 0.0652187 0.997794
    outer loop
      vertex 1.22904 7.89696 4.89603
      vertex 0.445363 5.77926 5.04416
      vertex 0.886437 5.69564 5.04416
    endloop
  endfacet
  facet normal 0.0283845 0.0620708 0.997668
    outer loop
      vertex 2.41084 7.43877 4.89603
      vertex 1.31897 5.55717 5.04416
      vertex 1.73881 5.36518 5.04416
    endloop
  endfacet
  facet normal 0.0186385 0.0407582 0.998995
    outer loop
      vertex 1.31897 5.55717 5.04416
      vertex 0.7965 3.35585 5.14372
      vertex 1.73881 5.36518 5.04416
    endloop
  endfacet
  facet normal 0.0236535 0.0391309 0.998954
    outer loop
      vertex 1.73881 5.36518 5.04416
      vertex 1.05003 3.23991 5.14372
      vertex 1.29345 3.09277 5.14372
    endloop
  endfacet
  facet normal 0.0186388 0.0407581 0.998995
    outer loop
      vertex 1.73881 5.36518 5.04416
      vertex 0.7965 3.35585 5.14372
      vertex 1.05003 3.23991 5.14372
    endloop
  endfacet
  facet normal -0.216496 0.12563 0.968167
    outer loop
      vertex -10.7107 11.2343 3.49211
      vertex -11.5207 9.83844 3.49211
      vertex -10.4417 8.91705 3.85295
    endloop
  endfacet
  facet normal -0.216503 0.125629 0.968165
    outer loop
      vertex -9.70758 10.1822 3.85295
      vertex -10.7107 11.2343 3.49211
      vertex -10.4417 8.91705 3.85295
    endloop
  endfacet
  facet normal -0.135911 0.0963838 0.986022
    outer loop
      vertex -7.87687 10.0672 4.17668
      vertex -8.61101 9.03199 4.17668
      vertex -6.79793 8.68826 4.46019
    endloop
  endfacet
  facet normal -0.161233 0.170095 0.972148
    outer loop
      vertex -6.97694 13.3453 3.85295
      vertex -8.79002 13.689 3.49211
      vertex -7.96681 12.407 3.85295
    endloop
  endfacet
  facet normal -0.199985 0.141821 0.969481
    outer loop
      vertex -9.79752 12.522 3.49211
      vertex -10.7107 11.2343 3.49211
      vertex -8.87995 11.3492 3.85295
    endloop
  endfacet
  facet normal -0.199985 0.141828 0.96948
    outer loop
      vertex -8.87995 11.3492 3.85295
      vertex -10.7107 11.2343 3.49211
      vertex -9.70758 10.1822 3.85295
    endloop
  endfacet
  facet normal 0.0168589 0.0888901 0.995899
    outer loop
      vertex 1.5598 10.0222 4.70074
      vertex 0.783674 10.1694 4.70074
      vertex 1.22904 7.89696 4.89603
    endloop
  endfacet
  facet normal 0.0279054 0.0871621 0.995803
    outer loop
      vertex 1.5598 10.0222 4.70074
      vertex 1.22904 7.89696 4.89603
      vertex 1.82875 7.70496 4.89603
    endloop
  endfacet
  facet normal -0.0501744 0.0529331 0.997337
    outer loop
      vertex -3.5 6.69472 4.89603
      vertex -3.99658 6.22402 4.89603
      vertex -2.52436 4.82853 5.04416
    endloop
  endfacet
  facet normal -0.0501741 0.0529335 0.997337
    outer loop
      vertex -2.52436 4.82853 5.04416
      vertex -3.99658 6.22402 4.89603
      vertex -2.88251 4.48905 5.04416
    endloop
  endfacet
  facet normal -0.00666131 0.0208076 0.999761
    outer loop
      vertex -0.5353 3.43947 5.14372
      vertex -0.7965 3.35585 5.14372
      vertex -0.179008 1.15018 5.19374
    endloop
  endfacet
  facet normal -0.00811897 0.0428224 0.99905
    outer loop
      vertex -0.268945 3.48997 5.14372
      vertex -0.886437 5.69564 5.04416
      vertex -0.5353 3.43947 5.14372
    endloop
  endfacet
  facet normal -0.0134435 0.0419927 0.999027
    outer loop
      vertex -0.5353 3.43947 5.14372
      vertex -0.886437 5.69564 5.04416
      vertex -0.7965 3.35585 5.14372
    endloop
  endfacet
  facet normal -0.00923575 0.0201964 0.999753
    outer loop
      vertex -0.266355 1.12222 5.19374
      vertex -0.7965 3.35585 5.14372
      vertex -0.351136 1.08345 5.19374
    endloop
  endfacet
  facet normal 0.0371475 -0.0320682 0.998795
    outer loop
      vertex 3.2129 -4.10633 5.04416
      vertex 1.9402 -2.47972 5.14372
      vertex 2.88251 -4.48905 5.04416
    endloop
  endfacet
  facet normal 0.0371485 -0.0320677 0.998795
    outer loop
      vertex 1.9402 -2.47972 5.14372
      vertex 1.74069 -2.71084 5.14372
      vertex 2.88251 -4.48905 5.04416
    endloop
  endfacet
  facet normal 0.0676256 -0.0392422 0.996939
    outer loop
      vertex 3.77797 -3.22632 5.04416
      vertex 3.51235 -3.68406 5.04416
      vertex 5.23812 -4.47327 4.89603
    endloop
  endfacet
  facet normal 0.0676255 -0.0392423 0.996939
    outer loop
      vertex 5.23812 -4.47327 4.89603
      vertex 3.51235 -3.68406 5.04416
      vertex 4.86984 -5.10792 4.89603
    endloop
  endfacet
  facet normal 0.0371485 0.0320677 0.998795
    outer loop
      vertex 2.88251 4.48905 5.04416
      vertex 1.74069 2.71084 5.14372
      vertex 1.9402 2.47972 5.14372
    endloop
  endfacet
  facet normal 0.0329532 0.0347648 0.998852
    outer loop
      vertex 2.88251 4.48905 5.04416
      vertex 1.52441 2.91585 5.14372
      vertex 1.74069 2.71084 5.14372
    endloop
  endfacet
  facet normal 0.00402346 0.0212183 0.999767
    outer loop
      vertex 0.5353 3.43947 5.14372
      vertex 0.0899363 1.16707 5.19374
      vertex 0.179008 1.15018 5.19374
    endloop
  endfacet
  facet normal 0.00666131 0.0208076 0.999761
    outer loop
      vertex 0.5353 3.43947 5.14372
      vertex 0.179008 1.15018 5.19374
      vertex 0.7965 3.35585 5.14372
    endloop
  endfacet
  facet normal -0.150384 0.129818 0.980067
    outer loop
      vertex -7.96681 12.407 3.85295
      vertex -8.87995 11.3492 3.85295
      vertex -7.06687 11.0055 4.17668
    endloop
  endfacet
  facet normal -0.13352 0.140859 0.980985
    outer loop
      vertex -6.97694 13.3453 3.85295
      vertex -7.96681 12.407 3.85295
      vertex -7.06687 11.0055 4.17668
    endloop
  endfacet
  facet normal 0.0359028 0.112157 0.993042
    outer loop
      vertex 2.79072 11.758 4.46019
      vertex 1.5598 10.0222 4.70074
      vertex 2.32091 9.77856 4.70074
    endloop
  endfacet
  facet normal 0.0279014 0.0871617 0.995803
    outer loop
      vertex 2.32091 9.77856 4.70074
      vertex 1.5598 10.0222 4.70074
      vertex 1.82875 7.70496 4.89603
    endloop
  endfacet
  facet normal 0.0447034 0.139672 0.989188
    outer loop
      vertex 2.17322 13.9636 4.17668
      vertex 1.87554 12.051 4.46019
      vertex 3.23365 13.6242 4.17668
    endloop
  endfacet
  facet normal 0.0270048 0.142463 0.989432
    outer loop
      vertex 2.17322 13.9636 4.17668
      vertex 0.942309 12.2279 4.46019
      vertex 1.87554 12.051 4.46019
    endloop
  endfacet
  facet normal 0.0284414 -0.0371265 0.998906
    outer loop
      vertex 2.52436 -4.82853 5.04416
      vertex 1.52441 -2.91585 5.14372
      vertex 2.1419 -5.12152 5.04416
    endloop
  endfacet
  facet normal 0.0433079 -0.0565328 0.997461
    outer loop
      vertex 2.52436 -4.82853 5.04416
      vertex 2.1419 -5.12152 5.04416
      vertex 3.5 -6.69472 4.89603
    endloop
  endfacet
  facet normal 0 1 -0
    outer loop
      vertex 1.35 -2.33827 0
      vertex -1.35 -2.33827 2.19
      vertex 1.35 -2.33827 2.19
    endloop
  endfacet
  facet normal 0 1 0
    outer loop
      vertex -1.35 -2.33827 2.19
      vertex 1.35 -2.33827 0
      vertex -1.35 -2.33827 0
    endloop
  endfacet
  facet normal -0.866026 0.5 0
    outer loop
      vertex 1.35 -2.33827 0
      vertex 2.7 0 2.19
      vertex 2.7 0 0
    endloop
  endfacet
  facet normal -0.866026 0.5 0
    outer loop
      vertex 2.7 0 2.19
      vertex 1.35 -2.33827 0
      vertex 1.35 -2.33827 2.19
    endloop
  endfacet
  facet normal 0 -1 0
    outer loop
      vertex -1.35 2.33827 0
      vertex 1.35 2.33827 2.19
      vertex -1.35 2.33827 2.19
    endloop
  endfacet
  facet normal 0 -1 -0
    outer loop
      vertex 1.35 2.33827 2.19
      vertex -1.35 2.33827 0
      vertex 1.35 2.33827 0
    endloop
  endfacet
  facet normal -0.866026 -0.5 0
    outer loop
      vertex 2.7 0 0
      vertex 1.35 2.33827 2.19
      vertex 1.35 2.33827 0
    endloop
  endfacet
  facet normal -0.866026 -0.5 0
    outer loop
      vertex 1.35 2.33827 2.19
      vertex 2.7 0 0
      vertex 2.7 0 2.19
    endloop
  endfacet
  facet normal 0.866026 -0.5 0
    outer loop
      vertex -2.7 0 2.19
      vertex -1.35 2.33827 0
      vertex -1.35 2.33827 2.19
    endloop
  endfacet
  facet normal 0.866026 -0.5 0
    outer loop
      vertex -1.35 2.33827 0
      vertex -2.7 0 2.19
      vertex -2.7 0 0
    endloop
  endfacet
  facet normal 0.866026 0.5 0
    outer loop
      vertex -1.35 -2.33827 2.19
      vertex -2.7 0 0
      vertex -2.7 0 2.19
    endloop
  endfacet
  facet normal 0.866026 0.5 0
    outer loop
      vertex -2.7 0 0
      vertex -1.35 -2.33827 2.19
      vertex -1.35 -2.33827 0
    endloop
  endfacet
  facet normal -0 0 -1
    outer loop
      vertex 2.7 0 2.19
      vertex 1.40059 -0.375287 2.19
      vertex 1.45 0 2.19
    endloop
  endfacet
  facet normal 0 0 -1
    outer loop
      vertex 1.25574 -0.724999 2.19
      vertex 2.7 0 2.19
      vertex 1.35 -2.33827 2.19
    endloop
  endfacet
  facet normal 0 0 -1
    outer loop
      vertex 2.7 0 2.19
      vertex 1.25574 -0.724999 2.19
      vertex 1.40059 -0.375287 2.19
    endloop
  endfacet
  facet normal 0 0 -1
    outer loop
      vertex 1.35 -2.33827 2.19
      vertex 1.0253 -1.0253 2.19
      vertex 1.25574 -0.724999 2.19
    endloop
  endfacet
  facet normal 0 0 -1
    outer loop
      vertex 1.35 -2.33827 2.19
      vertex 0.724999 -1.25574 2.19
      vertex 1.0253 -1.0253 2.19
    endloop
  endfacet
  facet normal 0 0 -1
    outer loop
      vertex 1.35 -2.33827 2.19
      vertex 0.375287 -1.40059 2.19
      vertex 0.724999 -1.25574 2.19
    endloop
  endfacet
  facet normal 0 0 -1
    outer loop
      vertex 1.35 -2.33827 2.19
      vertex 0 -1.45 2.19
      vertex 0.375287 -1.40059 2.19
    endloop
  endfacet
  facet normal 0 0 -1
    outer loop
      vertex -1.35 -2.33827 2.19
      vertex 0 -1.45 2.19
      vertex 1.35 -2.33827 2.19
    endloop
  endfacet
  facet normal -0 0 -1
    outer loop
      vertex 0 -1.45 2.19
      vertex -1.35 -2.33827 2.19
      vertex -0.375287 -1.40059 2.19
    endloop
  endfacet
  facet normal -0 0 -1
    outer loop
      vertex -0.375287 -1.40059 2.19
      vertex -1.35 -2.33827 2.19
      vertex -0.724999 -1.25574 2.19
    endloop
  endfacet
  facet normal 0 0 -1
    outer loop
      vertex -1.35 -2.33827 2.19
      vertex -1.0253 -1.0253 2.19
      vertex -0.724999 -1.25574 2.19
    endloop
  endfacet
  facet normal 0 0 -1
    outer loop
      vertex -1.35 -2.33827 2.19
      vertex -1.25574 -0.724999 2.19
      vertex -1.0253 -1.0253 2.19
    endloop
  endfacet
  facet normal 0 0 -1
    outer loop
      vertex -2.7 0 2.19
      vertex -1.25574 -0.724999 2.19
      vertex -1.35 -2.33827 2.19
    endloop
  endfacet
  facet normal 0 0 -1
    outer loop
      vertex -1.25574 -0.724999 2.19
      vertex -2.7 0 2.19
      vertex -1.40059 -0.375287 2.19
    endloop
  endfacet
  facet normal 0 0 -1
    outer loop
      vertex -1.40059 -0.375287 2.19
      vertex -2.7 0 2.19
      vertex -1.45 0 2.19
    endloop
  endfacet
  facet normal 0 0 -1
    outer loop
      vertex 1.40059 0.375287 2.19
      vertex 2.7 0 2.19
      vertex 1.45 0 2.19
    endloop
  endfacet
  facet normal 0 0 -1
    outer loop
      vertex 1.25574 0.724999 2.19
      vertex 2.7 0 2.19
      vertex 1.40059 0.375287 2.19
    endloop
  endfacet
  facet normal 0 0 -1
    outer loop
      vertex 2.7 0 2.19
      vertex 1.25574 0.724999 2.19
      vertex 1.35 2.33827 2.19
    endloop
  endfacet
  facet normal 0 0 -1
    outer loop
      vertex 1.0253 1.0253 2.19
      vertex 1.35 2.33827 2.19
      vertex 1.25574 0.724999 2.19
    endloop
  endfacet
  facet normal 0 0 -1
    outer loop
      vertex 0.724999 1.25574 2.19
      vertex 1.35 2.33827 2.19
      vertex 1.0253 1.0253 2.19
    endloop
  endfacet
  facet normal 0 0 -1
    outer loop
      vertex 0.375287 1.40059 2.19
      vertex 1.35 2.33827 2.19
      vertex 0.724999 1.25574 2.19
    endloop
  endfacet
  facet normal 0 0 -1
    outer loop
      vertex 0 1.45 2.19
      vertex 1.35 2.33827 2.19
      vertex 0.375287 1.40059 2.19
    endloop
  endfacet
  facet normal 0 0 -1
    outer loop
      vertex -1.35 2.33827 2.19
      vertex 0 1.45 2.19
      vertex -0.375287 1.40059 2.19
    endloop
  endfacet
  facet normal 0 0 -1
    outer loop
      vertex -1.35 2.33827 2.19
      vertex -0.375287 1.40059 2.19
      vertex -0.724999 1.25574 2.19
    endloop
  endfacet
  facet normal 0 0 -1
    outer loop
      vertex 0 1.45 2.19
      vertex -1.35 2.33827 2.19
      vertex 1.35 2.33827 2.19
    endloop
  endfacet
  facet normal 0 0 -1
    outer loop
      vertex -1.0253 1.0253 2.19
      vertex -1.35 2.33827 2.19
      vertex -0.724999 1.25574 2.19
    endloop
  endfacet
  facet normal 0 0 -1
    outer loop
      vertex -1.25574 0.724999 2.19
      vertex -1.35 2.33827 2.19
      vertex -1.0253 1.0253 2.19
    endloop
  endfacet
  facet normal 0 0 -1
    outer loop
      vertex -2.7 0 2.19
      vertex -1.25574 0.724999 2.19
      vertex -1.40059 0.375287 2.19
    endloop
  endfacet
  facet normal 0 0 -1
    outer loop
      vertex -2.7 0 2.19
      vertex -1.40059 0.375287 2.19
      vertex -1.45 0 2.19
    endloop
  endfacet
  facet normal -0 0 -1
    outer loop
      vertex -1.25574 0.724999 2.19
      vertex -2.7 0 2.19
      vertex -1.35 2.33827 2.19
    endloop
  endfacet
  facet normal -0.923885 -0.382671 0
    outer loop
      vertex 1.40059 0.375287 2.19
      vertex 1.25574 0.724999 4
      vertex 1.25574 0.724999 2.19
    endloop
  endfacet
  facet normal -0.923885 -0.382671 0
    outer loop
      vertex 1.25574 0.724999 4
      vertex 1.40059 0.375287 2.19
      vertex 1.40059 0.375287 4
    endloop
  endfacet
  facet normal -0.991444 -0.130533 0
    outer loop
      vertex 1.45 0 2.19
      vertex 1.40059 0.375287 4
      vertex 1.40059 0.375287 2.19
    endloop
  endfacet
  facet normal -0.991444 -0.130533 0
    outer loop
      vertex 1.40059 0.375287 4
      vertex 1.45 0 2.19
      vertex 1.45 0 4
    endloop
  endfacet
  facet normal -0.793339 -0.60878 0
    outer loop
      vertex 1.25574 0.724999 2.19
      vertex 1.0253 1.0253 4
      vertex 1.0253 1.0253 2.19
    endloop
  endfacet
  facet normal -0.793339 -0.60878 0
    outer loop
      vertex 1.0253 1.0253 4
      vertex 1.25574 0.724999 2.19
      vertex 1.25574 0.724999 4
    endloop
  endfacet
  facet normal 0.793339 -0.60878 0
    outer loop
      vertex -1.25574 0.724999 4
      vertex -1.0253 1.0253 2.19
      vertex -1.0253 1.0253 4
    endloop
  endfacet
  facet normal 0.793339 -0.60878 0
    outer loop
      vertex -1.0253 1.0253 2.19
      vertex -1.25574 0.724999 4
      vertex -1.25574 0.724999 2.19
    endloop
  endfacet
  facet normal 0.60878 -0.793339 0
    outer loop
      vertex -1.0253 1.0253 2.19
      vertex -0.724999 1.25574 4
      vertex -1.0253 1.0253 4
    endloop
  endfacet
  facet normal 0.60878 -0.793339 0
    outer loop
      vertex -0.724999 1.25574 4
      vertex -1.0253 1.0253 2.19
      vertex -0.724999 1.25574 2.19
    endloop
  endfacet
  facet normal -0.382671 0.923885 0
    outer loop
      vertex 0.724999 -1.25574 2.19
      vertex 0.375287 -1.40059 4
      vertex 0.724999 -1.25574 4
    endloop
  endfacet
  facet normal -0.382671 0.923885 0
    outer loop
      vertex 0.375287 -1.40059 4
      vertex 0.724999 -1.25574 2.19
      vertex 0.375287 -1.40059 2.19
    endloop
  endfacet
  facet normal -0.60878 -0.793339 0
    outer loop
      vertex 0.724999 1.25574 2.19
      vertex 1.0253 1.0253 4
      vertex 0.724999 1.25574 4
    endloop
  endfacet
  facet normal -0.60878 -0.793339 -0
    outer loop
      vertex 1.0253 1.0253 4
      vertex 0.724999 1.25574 2.19
      vertex 1.0253 1.0253 2.19
    endloop
  endfacet
  facet normal 0 0 -1
    outer loop
      vertex 1.40059 -0.375287 4
      vertex 1.40059 0.375287 4
      vertex 1.45 0 4
    endloop
  endfacet
  facet normal 0 0 -1
    outer loop
      vertex 1.25574 -0.724999 4
      vertex 1.40059 0.375287 4
      vertex 1.40059 -0.375287 4
    endloop
  endfacet
  facet normal 0 0 -1
    outer loop
      vertex 1.25574 -0.724999 4
      vertex 1.25574 0.724999 4
      vertex 1.40059 0.375287 4
    endloop
  endfacet
  facet normal 0 0 -1
    outer loop
      vertex 1.0253 -1.0253 4
      vertex 1.25574 0.724999 4
      vertex 1.25574 -0.724999 4
    endloop
  endfacet
  facet normal 0 0 -1
    outer loop
      vertex 1.0253 -1.0253 4
      vertex 1.0253 1.0253 4
      vertex 1.25574 0.724999 4
    endloop
  endfacet
  facet normal 0 0 -1
    outer loop
      vertex 0.724999 -1.25574 4
      vertex 1.0253 1.0253 4
      vertex 1.0253 -1.0253 4
    endloop
  endfacet
  facet normal 0 0 -1
    outer loop
      vertex 0.724999 -1.25574 4
      vertex 0.724999 1.25574 4
      vertex 1.0253 1.0253 4
    endloop
  endfacet
  facet normal 0 0 -1
    outer loop
      vertex 0.375287 -1.40059 4
      vertex 0.724999 1.25574 4
      vertex 0.724999 -1.25574 4
    endloop
  endfacet
  facet normal 0 0 -1
    outer loop
      vertex 0.375287 -1.40059 4
      vertex 0.375287 1.40059 4
      vertex 0.724999 1.25574 4
    endloop
  endfacet
  facet normal 0 0 -1
    outer loop
      vertex 0 -1.45 4
      vertex 0.375287 1.40059 4
      vertex 0.375287 -1.40059 4
    endloop
  endfacet
  facet normal 0 0 -1
    outer loop
      vertex 0 -1.45 4
      vertex 0 1.45 4
      vertex 0.375287 1.40059 4
    endloop
  endfacet
  facet normal 0 0 -1
    outer loop
      vertex -0.375287 -1.40059 4
      vertex 0 1.45 4
      vertex 0 -1.45 4
    endloop
  endfacet
  facet normal 0 0 -1
    outer loop
      vertex -0.375287 -1.40059 4
      vertex -0.375287 1.40059 4
      vertex 0 1.45 4
    endloop
  endfacet
  facet normal 0 0 -1
    outer loop
      vertex -0.724999 -1.25574 4
      vertex -0.375287 1.40059 4
      vertex -0.375287 -1.40059 4
    endloop
  endfacet
  facet normal 0 0 -1
    outer loop
      vertex -0.724999 -1.25574 4
      vertex -0.724999 1.25574 4
      vertex -0.375287 1.40059 4
    endloop
  endfacet
  facet normal 0 0 -1
    outer loop
      vertex -1.0253 -1.0253 4
      vertex -0.724999 1.25574 4
      vertex -0.724999 -1.25574 4
    endloop
  endfacet
  facet normal 0 0 -1
    outer loop
      vertex -1.0253 -1.0253 4
      vertex -1.0253 1.0253 4
      vertex -0.724999 1.25574 4
    endloop
  endfacet
  facet normal 0 0 -1
    outer loop
      vertex -1.25574 -0.724999 4
      vertex -1.0253 1.0253 4
      vertex -1.0253 -1.0253 4
    endloop
  endfacet
  facet normal 0 0 -1
    outer loop
      vertex -1.25574 -0.724999 4
      vertex -1.25574 0.724999 4
      vertex -1.0253 1.0253 4
    endloop
  endfacet
  facet normal 0 0 -1
    outer loop
      vertex -1.40059 -0.375287 4
      vertex -1.25574 0.724999 4
      vertex -1.25574 -0.724999 4
    endloop
  endfacet
  facet normal 0 0 -1
    outer loop
      vertex -1.40059 -0.375287 4
      vertex -1.40059 0.375287 4
      vertex -1.25574 0.724999 4
    endloop
  endfacet
  facet normal 0 -0 -1
    outer loop
      vertex -1.40059 0.375287 4
      vertex -1.40059 -0.375287 4
      vertex -1.45 0 4
    endloop
  endfacet
  facet normal -0.130533 -0.991444 0
    outer loop
      vertex 0 1.45 2.19
      vertex 0.375287 1.40059 4
      vertex 0 1.45 4
    endloop
  endfacet
  facet normal -0.130533 -0.991444 -0
    outer loop
      vertex 0.375287 1.40059 4
      vertex 0 1.45 2.19
      vertex 0.375287 1.40059 2.19
    endloop
  endfacet
  facet normal -0.130533 0.991444 0
    outer loop
      vertex 0.375287 -1.40059 2.19
      vertex 0 -1.45 4
      vertex 0.375287 -1.40059 4
    endloop
  endfacet
  facet normal -0.130533 0.991444 0
    outer loop
      vertex 0 -1.45 4
      vertex 0.375287 -1.40059 2.19
      vertex 0 -1.45 2.19
    endloop
  endfacet
  facet normal 0.991444 -0.130533 0
    outer loop
      vertex -1.45 0 4
      vertex -1.40059 0.375287 2.19
      vertex -1.40059 0.375287 4
    endloop
  endfacet
  facet normal 0.991444 -0.130533 0
    outer loop
      vertex -1.40059 0.375287 2.19
      vertex -1.45 0 4
      vertex -1.45 0 2.19
    endloop
  endfacet
  facet normal -0.793339 0.60878 0
    outer loop
      vertex 1.0253 -1.0253 2.19
      vertex 1.25574 -0.724999 4
      vertex 1.25574 -0.724999 2.19
    endloop
  endfacet
  facet normal -0.793339 0.60878 0
    outer loop
      vertex 1.25574 -0.724999 4
      vertex 1.0253 -1.0253 2.19
      vertex 1.0253 -1.0253 4
    endloop
  endfacet
  facet normal -0.60878 0.793339 0
    outer loop
      vertex 1.0253 -1.0253 2.19
      vertex 0.724999 -1.25574 4
      vertex 1.0253 -1.0253 4
    endloop
  endfacet
  facet normal -0.60878 0.793339 0
    outer loop
      vertex 0.724999 -1.25574 4
      vertex 1.0253 -1.0253 2.19
      vertex 0.724999 -1.25574 2.19
    endloop
  endfacet
  facet normal 0.793339 0.60878 0
    outer loop
      vertex -1.0253 -1.0253 4
      vertex -1.25574 -0.724999 2.19
      vertex -1.25574 -0.724999 4
    endloop
  endfacet
  facet normal 0.793339 0.60878 0
    outer loop
      vertex -1.25574 -0.724999 2.19
      vertex -1.0253 -1.0253 4
      vertex -1.0253 -1.0253 2.19
    endloop
  endfacet
  facet normal -0.991444 0.130533 0
    outer loop
      vertex 1.40059 -0.375287 2.19
      vertex 1.45 0 4
      vertex 1.45 0 2.19
    endloop
  endfacet
  facet normal -0.991444 0.130533 0
    outer loop
      vertex 1.45 0 4
      vertex 1.40059 -0.375287 2.19
      vertex 1.40059 -0.375287 4
    endloop
  endfacet
  facet normal 0.130533 -0.991444 0
    outer loop
      vertex -0.375287 1.40059 2.19
      vertex 0 1.45 4
      vertex -0.375287 1.40059 4
    endloop
  endfacet
  facet normal 0.130533 -0.991444 0
    outer loop
      vertex 0 1.45 4
      vertex -0.375287 1.40059 2.19
      vertex 0 1.45 2.19
    endloop
  endfacet
  facet normal -0.923885 0.382671 0
    outer loop
      vertex 1.25574 -0.724999 2.19
      vertex 1.40059 -0.375287 4
      vertex 1.40059 -0.375287 2.19
    endloop
  endfacet
  facet normal -0.923885 0.382671 0
    outer loop
      vertex 1.40059 -0.375287 4
      vertex 1.25574 -0.724999 2.19
      vertex 1.25574 -0.724999 4
    endloop
  endfacet
  facet normal 0.382671 -0.923885 0
    outer loop
      vertex -0.724999 1.25574 2.19
      vertex -0.375287 1.40059 4
      vertex -0.724999 1.25574 4
    endloop
  endfacet
  facet normal 0.382671 -0.923885 0
    outer loop
      vertex -0.375287 1.40059 4
      vertex -0.724999 1.25574 2.19
      vertex -0.375287 1.40059 2.19
    endloop
  endfacet
  facet normal -0.382671 -0.923885 0
    outer loop
      vertex 0.375287 1.40059 2.19
      vertex 0.724999 1.25574 4
      vertex 0.375287 1.40059 4
    endloop
  endfacet
  facet normal -0.382671 -0.923885 -0
    outer loop
      vertex 0.724999 1.25574 4
      vertex 0.375287 1.40059 2.19
      vertex 0.724999 1.25574 2.19
    endloop
  endfacet
  facet normal 0.923885 0.382671 0
    outer loop
      vertex -1.25574 -0.724999 4
      vertex -1.40059 -0.375287 2.19
      vertex -1.40059 -0.375287 4
    endloop
  endfacet
  facet normal 0.923885 0.382671 0
    outer loop
      vertex -1.40059 -0.375287 2.19
      vertex -1.25574 -0.724999 4
      vertex -1.25574 -0.724999 2.19
    endloop
  endfacet
  facet normal 0.991444 0.130533 0
    outer loop
      vertex -1.40059 -0.375287 4
      vertex -1.45 0 2.19
      vertex -1.45 0 4
    endloop
  endfacet
  facet normal 0.991444 0.130533 0
    outer loop
      vertex -1.45 0 2.19
      vertex -1.40059 -0.375287 4
      vertex -1.40059 -0.375287 2.19
    endloop
  endfacet
  facet normal 0.60878 0.793339 -0
    outer loop
      vertex -0.724999 -1.25574 2.19
      vertex -1.0253 -1.0253 4
      vertex -0.724999 -1.25574 4
    endloop
  endfacet
  facet normal 0.60878 0.793339 0
    outer loop
      vertex -1.0253 -1.0253 4
      vertex -0.724999 -1.25574 2.19
      vertex -1.0253 -1.0253 2.19
    endloop
  endfacet
  facet normal 0.923885 -0.382671 0
    outer loop
      vertex -1.40059 0.375287 4
      vertex -1.25574 0.724999 2.19
      vertex -1.25574 0.724999 4
    endloop
  endfacet
  facet normal 0.923885 -0.382671 0
    outer loop
      vertex -1.25574 0.724999 2.19
      vertex -1.40059 0.375287 4
      vertex -1.40059 0.375287 2.19
    endloop
  endfacet
  facet normal 0.382671 0.923885 -0
    outer loop
      vertex -0.375287 -1.40059 2.19
      vertex -0.724999 -1.25574 4
      vertex -0.375287 -1.40059 4
    endloop
  endfacet
  facet normal 0.382671 0.923885 0
    outer loop
      vertex -0.724999 -1.25574 4
      vertex -0.375287 -1.40059 2.19
      vertex -0.724999 -1.25574 2.19
    endloop
  endfacet
  facet normal 0.130533 0.991444 -0
    outer loop
      vertex 0 -1.45 2.19
      vertex -0.375287 -1.40059 4
      vertex 0 -1.45 4
    endloop
  endfacet
  facet normal 0.130533 0.991444 0
    outer loop
      vertex -0.375287 -1.40059 4
      vertex 0 -1.45 2.19
      vertex -0.375287 -1.40059 2.19
    endloop
  endfacet
  facet normal 0 0 -1
    outer loop
      vertex 2.7 0 0
      vertex 18.6775 0 0
      vertex 18.5875 -2.33979 0
    endloop
  endfacet
  facet normal 0 0 -1
    outer loop
      vertex 2.7 0 0
      vertex 18.5875 -2.33979 0
      vertex 18.3186 -4.65704 0
    endloop
  endfacet
  facet normal 0 0 -1
    outer loop
      vertex 18.6775 0 0
      vertex 2.7 0 0
      vertex 18.5875 2.33979 0
    endloop
  endfacet
  facet normal 0 0 -1
    outer loop
      vertex 2.7 0 0
      vertex 18.3186 -4.65704 0
      vertex 17.8732 -6.92945 0
    endloop
  endfacet
  facet normal -0 0 -1
    outer loop
      vertex 18.5875 2.33979 0
      vertex 2.7 0 0
      vertex 18.3186 4.65704 0
    endloop
  endfacet
  facet normal 0 0 -1
    outer loop
      vertex 1.35 -2.33827 0
      vertex 17.8732 -6.92945 0
      vertex 17.2557 -9.13512 0
    endloop
  endfacet
  facet normal -0 0 -1
    outer loop
      vertex 18.3186 4.65704 0
      vertex 2.7 0 0
      vertex 17.8732 6.92945 0
    endloop
  endfacet
  facet normal 0 0 -1
    outer loop
      vertex 1.35 -2.33827 0
      vertex 17.2557 -9.13512 0
      vertex 16.4721 -11.2528 0
    endloop
  endfacet
  facet normal 0 0 -1
    outer loop
      vertex 1.35 2.33827 0
      vertex 17.8732 6.92945 0
      vertex 2.7 0 0
    endloop
  endfacet
  facet normal 0 0 -1
    outer loop
      vertex 1.35 -2.33827 0
      vertex 16.4721 -11.2528 0
      vertex 15.5298 -13.2621 0
    endloop
  endfacet
  facet normal -0 0 -1
    outer loop
      vertex 17.8732 6.92945 0
      vertex 1.35 2.33827 0
      vertex 17.2557 9.13512 0
    endloop
  endfacet
  facet normal 0 0 -1
    outer loop
      vertex 1.35 -2.33827 0
      vertex 15.5298 -13.2621 0
      vertex 14.4379 -15.1437 0
    endloop
  endfacet
  facet normal -0 0 -1
    outer loop
      vertex 17.2557 9.13512 0
      vertex 1.35 2.33827 0
      vertex 16.4721 11.2528 0
    endloop
  endfacet
  facet normal 0 0 -1
    outer loop
      vertex 1.35 -2.33827 0
      vertex 14.4379 -15.1437 0
      vertex 13.207 -16.8795 0
    endloop
  endfacet
  facet normal -0 0 -1
    outer loop
      vertex 16.4721 11.2528 0
      vertex 1.35 2.33827 0
      vertex 15.5298 13.2621 0
    endloop
  endfacet
  facet normal 0 0 -1
    outer loop
      vertex 1.35 -2.33827 0
      vertex 13.207 -16.8795 0
      vertex 11.8489 -18.4527 0
    endloop
  endfacet
  facet normal -0 0 -1
    outer loop
      vertex 15.5298 13.2621 0
      vertex 1.35 2.33827 0
      vertex 14.4379 15.1437 0
    endloop
  endfacet
  facet normal 0 0 -1
    outer loop
      vertex 1.35 -2.33827 0
      vertex 11.8489 -18.4527 0
      vertex 10.3766 -19.8482 0
    endloop
  endfacet
  facet normal -0 0 -1
    outer loop
      vertex 14.4379 15.1437 0
      vertex 1.35 2.33827 0
      vertex 13.207 16.8795 0
    endloop
  endfacet
  facet normal 0 0 -1
    outer loop
      vertex 1.35 -2.33827 0
      vertex 10.3766 -19.8482 0
      vertex 8.8045 -21.0525 0
    endloop
  endfacet
  facet normal -0 0 -1
    outer loop
      vertex 13.207 16.8795 0
      vertex 1.35 2.33827 0
      vertex 11.8489 18.4527 0
    endloop
  endfacet
  facet normal 0 0 -1
    outer loop
      vertex 1.35 -2.33827 0
      vertex 8.8045 -21.0525 0
      vertex 7.14756 -22.0541 0
    endloop
  endfacet
  facet normal -0 0 -1
    outer loop
      vertex 11.8489 18.4527 0
      vertex 1.35 2.33827 0
      vertex 10.3766 19.8482 0
    endloop
  endfacet
  facet normal 0 0 -1
    outer loop
      vertex 1.35 -2.33827 0
      vertex 7.14756 -22.0541 0
      vertex 5.42178 -22.8433 0
    endloop
  endfacet
  facet normal -0 0 -1
    outer loop
      vertex 10.3766 19.8482 0
      vertex 1.35 2.33827 0
      vertex 8.8045 21.0525 0
    endloop
  endfacet
  facet normal 0 0 -1
    outer loop
      vertex 1.35 -2.33827 0
      vertex 5.42178 -22.8433 0
      vertex 3.64379 -23.4125 0
    endloop
  endfacet
  facet normal -0 0 -1
    outer loop
      vertex 8.8045 21.0525 0
      vertex 1.35 2.33827 0
      vertex 7.14756 22.0541 0
    endloop
  endfacet
  facet normal -0 0 -1
    outer loop
      vertex 7.14756 22.0541 0
      vertex 1.35 2.33827 0
      vertex 5.42178 22.8433 0
    endloop
  endfacet
  facet normal 0 0 -1
    outer loop
      vertex 1.35 -2.33827 0
      vertex 3.64379 -23.4125 0
      vertex 1.83071 -23.7563 0
    endloop
  endfacet
  facet normal 0 0 -1
    outer loop
      vertex 17.8732 -6.92945 0
      vertex 1.35 -2.33827 0
      vertex 2.7 0 0
    endloop
  endfacet
  facet normal 0 0 -1
    outer loop
      vertex 0 -23.8712 0
      vertex 1.35 -2.33827 0
      vertex 1.83071 -23.7563 0
    endloop
  endfacet
  facet normal 0 0 -1
    outer loop
      vertex 0 -23.8712 0
      vertex -1.35 -2.33827 0
      vertex 1.35 -2.33827 0
    endloop
  endfacet
  facet normal 0 0 -1
    outer loop
      vertex -1.83071 -23.7563 0
      vertex -1.35 -2.33827 0
      vertex 0 -23.8712 0
    endloop
  endfacet
  facet normal 0 0 -1
    outer loop
      vertex -3.64379 -23.4125 0
      vertex -1.35 -2.33827 0
      vertex -1.83071 -23.7563 0
    endloop
  endfacet
  facet normal 0 0 -1
    outer loop
      vertex -5.42178 -22.8433 0
      vertex -1.35 -2.33827 0
      vertex -3.64379 -23.4125 0
    endloop
  endfacet
  facet normal -0 0 -1
    outer loop
      vertex 5.42178 22.8433 0
      vertex 1.35 2.33827 0
      vertex 3.64379 23.4125 0
    endloop
  endfacet
  facet normal -0 0 -1
    outer loop
      vertex 3.64379 23.4125 0
      vertex 1.35 2.33827 0
      vertex 1.83071 23.7563 0
    endloop
  endfacet
  facet normal 0 0 -1
    outer loop
      vertex 1.35 2.33827 0
      vertex 0 23.8712 0
      vertex 1.83071 23.7563 0
    endloop
  endfacet
  facet normal 0 0 -1
    outer loop
      vertex -1.35 2.33827 0
      vertex 0 23.8712 0
      vertex 1.35 2.33827 0
    endloop
  endfacet
  facet normal 0 0 -1
    outer loop
      vertex -1.35 2.33827 0
      vertex -1.83071 23.7563 0
      vertex 0 23.8712 0
    endloop
  endfacet
  facet normal 0 0 -1
    outer loop
      vertex -17.8732 6.92945 0
      vertex -1.35 2.33827 0
      vertex -2.7 0 0
    endloop
  endfacet
  facet normal 0 0 -1
    outer loop
      vertex -7.14756 -22.0541 0
      vertex -1.35 -2.33827 0
      vertex -5.42178 -22.8433 0
    endloop
  endfacet
  facet normal 0 0 -1
    outer loop
      vertex -18.6775 0 0
      vertex -2.7 0 0
      vertex -18.5875 -2.33979 0
    endloop
  endfacet
  facet normal 0 0 -1
    outer loop
      vertex -8.8045 -21.0525 0
      vertex -1.35 -2.33827 0
      vertex -7.14756 -22.0541 0
    endloop
  endfacet
  facet normal 0 -0 -1
    outer loop
      vertex -18.5875 2.33979 0
      vertex -2.7 0 0
      vertex -18.6775 0 0
    endloop
  endfacet
  facet normal 0 0 -1
    outer loop
      vertex -10.3766 -19.8482 0
      vertex -1.35 -2.33827 0
      vertex -8.8045 -21.0525 0
    endloop
  endfacet
  facet normal 0 -0 -1
    outer loop
      vertex -18.3186 4.65704 0
      vertex -2.7 0 0
      vertex -18.5875 2.33979 0
    endloop
  endfacet
  facet normal 0 0 -1
    outer loop
      vertex -11.8489 -18.4527 0
      vertex -1.35 -2.33827 0
      vertex -10.3766 -19.8482 0
    endloop
  endfacet
  facet normal 0 -0 -1
    outer loop
      vertex -17.8732 6.92945 0
      vertex -2.7 0 0
      vertex -18.3186 4.65704 0
    endloop
  endfacet
  facet normal 0 0 -1
    outer loop
      vertex -13.207 -16.8795 0
      vertex -1.35 -2.33827 0
      vertex -11.8489 -18.4527 0
    endloop
  endfacet
  facet normal 0 0 -1
    outer loop
      vertex -1.35 2.33827 0
      vertex -17.8732 6.92945 0
      vertex -17.2557 9.13512 0
    endloop
  endfacet
  facet normal 0 0 -1
    outer loop
      vertex -14.4379 -15.1437 0
      vertex -1.35 -2.33827 0
      vertex -13.207 -16.8795 0
    endloop
  endfacet
  facet normal 0 0 -1
    outer loop
      vertex -2.7 0 0
      vertex -18.3186 -4.65704 0
      vertex -18.5875 -2.33979 0
    endloop
  endfacet
  facet normal 0 0 -1
    outer loop
      vertex -15.5298 -13.2621 0
      vertex -1.35 -2.33827 0
      vertex -14.4379 -15.1437 0
    endloop
  endfacet
  facet normal 0 0 -1
    outer loop
      vertex -1.35 2.33827 0
      vertex -16.4721 11.2528 0
      vertex -15.5298 13.2621 0
    endloop
  endfacet
  facet normal 0 0 -1
    outer loop
      vertex -16.4721 -11.2528 0
      vertex -1.35 -2.33827 0
      vertex -15.5298 -13.2621 0
    endloop
  endfacet
  facet normal 0 0 -1
    outer loop
      vertex -2.7 0 0
      vertex -17.8732 -6.92945 0
      vertex -18.3186 -4.65704 0
    endloop
  endfacet
  facet normal 0 0 -1
    outer loop
      vertex -17.2557 -9.13512 0
      vertex -1.35 -2.33827 0
      vertex -16.4721 -11.2528 0
    endloop
  endfacet
  facet normal 0 0 -1
    outer loop
      vertex -17.8732 -6.92945 0
      vertex -1.35 -2.33827 0
      vertex -17.2557 -9.13512 0
    endloop
  endfacet
  facet normal -0 0 -1
    outer loop
      vertex -1.35 -2.33827 0
      vertex -17.8732 -6.92945 0
      vertex -2.7 0 0
    endloop
  endfacet
  facet normal 0 0 -1
    outer loop
      vertex -1.35 2.33827 0
      vertex -5.42178 22.8433 0
      vertex -3.64379 23.4125 0
    endloop
  endfacet
  facet normal 0 0 -1
    outer loop
      vertex -1.35 2.33827 0
      vertex -15.5298 13.2621 0
      vertex -14.4379 15.1437 0
    endloop
  endfacet
  facet normal 0 0 -1
    outer loop
      vertex -1.35 2.33827 0
      vertex -7.14756 22.0541 0
      vertex -5.42178 22.8433 0
    endloop
  endfacet
  facet normal 0 0 -1
    outer loop
      vertex -1.35 2.33827 0
      vertex -8.8045 21.0525 0
      vertex -7.14756 22.0541 0
    endloop
  endfacet
  facet normal 0 0 -1
    outer loop
      vertex -1.35 2.33827 0
      vertex -3.64379 23.4125 0
      vertex -1.83071 23.7563 0
    endloop
  endfacet
  facet normal 0 0 -1
    outer loop
      vertex -1.35 2.33827 0
      vertex -11.8489 18.4527 0
      vertex -10.3766 19.8482 0
    endloop
  endfacet
  facet normal 0 0 -1
    outer loop
      vertex -1.35 2.33827 0
      vertex -10.3766 19.8482 0
      vertex -8.8045 21.0525 0
    endloop
  endfacet
  facet normal 0 0 -1
    outer loop
      vertex -1.35 2.33827 0
      vertex -13.207 16.8795 0
      vertex -11.8489 18.4527 0
    endloop
  endfacet
  facet normal 0 0 -1
    outer loop
      vertex -1.35 2.33827 0
      vertex -14.4379 15.1437 0
      vertex -13.207 16.8795 0
    endloop
  endfacet
  facet normal 0 0 -1
    outer loop
      vertex -1.35 2.33827 0
      vertex -17.2557 9.13512 0
      vertex -16.4721 11.2528 0
    endloop
  endfacet
endsolid OpenSCAD_Model
