solid OpenSCAD_Model
  facet normal -0.22494 -0.974373 0
    outer loop
      vertex 37.4933 -8.65599 4.1
      vertex 37.0156 -8.54571 5.0132
      vertex 37.0156 -8.54571 4.1
    endloop
  endfacet
  facet normal -0.22496 -0.974368 -1.09093e-05
    outer loop
      vertex 37.4933 -8.65599 4.1
      vertex 39.9379 -9.22037 2.01405
      vertex 37.0156 -8.54571 5.0132
    endloop
  endfacet
  facet normal -0.224951 -0.97437 0
    outer loop
      vertex 37.4933 -8.65599 0
      vertex 39.9379 -9.22037 2.01405
      vertex 37.4933 -8.65599 4.1
    endloop
  endfacet
  facet normal -0.224951 -0.97437 -0
    outer loop
      vertex 39.9379 -9.22037 2.01405
      vertex 37.4933 -8.65599 0
      vertex 39.9379 -9.22037 0
    endloop
  endfacet
  facet normal -0.22496 0.974368 -1.09093e-05
    outer loop
      vertex 39.9379 9.22037 2.01405
      vertex 37.4933 8.65599 4.1
      vertex 37.0156 8.54571 5.0132
    endloop
  endfacet
  facet normal -0.224951 0.97437 0
    outer loop
      vertex 37.4933 8.65599 0
      vertex 39.9379 9.22037 2.01405
      vertex 39.9379 9.22037 0
    endloop
  endfacet
  facet normal -0.224951 0.97437 0
    outer loop
      vertex 39.9379 9.22037 2.01405
      vertex 37.4933 8.65599 0
      vertex 37.4933 8.65599 4.1
    endloop
  endfacet
  facet normal -0.22494 0.974373 0
    outer loop
      vertex 37.0156 8.54571 5.0132
      vertex 37.4933 8.65599 4.1
      vertex 37.0156 8.54571 4.1
    endloop
  endfacet
  facet normal 0.933579 0.358372 -0
    outer loop
      vertex -13.7901 35.9244 0
      vertex -14.6887 38.2653 2.01473
      vertex -13.7901 35.9244 4.1
    endloop
  endfacet
  facet normal 0.933581 0.358367 -7.25037e-06
    outer loop
      vertex -13.6139 35.4654 5.01383
      vertex -13.7901 35.9244 4.1
      vertex -14.6887 38.2653 2.01473
    endloop
  endfacet
  facet normal 0.933576 0.358379 0
    outer loop
      vertex -13.7901 35.9244 4.1
      vertex -13.6139 35.4654 5.01383
      vertex -13.6139 35.4654 4.1
    endloop
  endfacet
  facet normal 0.933579 0.358372 0
    outer loop
      vertex -14.6887 38.2653 2.01473
      vertex -13.7901 35.9244 0
      vertex -14.6887 38.2653 0
    endloop
  endfacet
  facet normal -0.777157 -0.629307 0
    outer loop
      vertex -24.2164 29.9047 0
      vertex -25.7985 31.8585 2.00814
      vertex -25.7985 31.8585 0
    endloop
  endfacet
  facet normal -0.777157 -0.629307 -0
    outer loop
      vertex -24.2164 29.9047 4.1
      vertex -25.7985 31.8585 2.00814
      vertex -24.2164 29.9047 0
    endloop
  endfacet
  facet normal -0.777221 -0.629228 0.000122356
    outer loop
      vertex -24.2164 29.9047 4.1
      vertex -23.9108 29.5274 5.00773
      vertex -25.7985 31.8585 2.00814
    endloop
  endfacet
  facet normal -0.777077 -0.629406 -0
    outer loop
      vertex -23.9108 29.5274 5.00773
      vertex -24.2164 29.9047 4.1
      vertex -23.9108 29.5274 4.1
    endloop
  endfacet
  facet normal -0.777157 0.629307 0
    outer loop
      vertex -25.7985 -31.8585 2.00814
      vertex -24.2164 -29.9047 0
      vertex -25.7985 -31.8585 0
    endloop
  endfacet
  facet normal -0.777077 0.629406 0
    outer loop
      vertex -24.2164 -29.9047 4.1
      vertex -23.9108 -29.5274 5.00773
      vertex -23.9108 -29.5274 4.1
    endloop
  endfacet
  facet normal -0.777157 0.629307 0
    outer loop
      vertex -24.2164 -29.9047 0
      vertex -25.7985 -31.8585 2.00814
      vertex -24.2164 -29.9047 4.1
    endloop
  endfacet
  facet normal -0.777221 0.629228 0.000122356
    outer loop
      vertex -24.2164 -29.9047 4.1
      vertex -25.7985 -31.8585 2.00814
      vertex -23.9108 -29.5274 5.00773
    endloop
  endfacet
  facet normal 0.933576 -0.358379 0
    outer loop
      vertex -13.6139 -35.4654 5.01383
      vertex -13.7901 -35.9244 4.1
      vertex -13.6139 -35.4654 4.1
    endloop
  endfacet
  facet normal 0.933581 -0.358367 -7.25037e-06
    outer loop
      vertex -14.6887 -38.2653 2.01473
      vertex -13.7901 -35.9244 4.1
      vertex -13.6139 -35.4654 5.01383
    endloop
  endfacet
  facet normal 0.933579 -0.358372 0
    outer loop
      vertex -14.6887 -38.2653 2.01473
      vertex -13.7901 -35.9244 0
      vertex -13.7901 -35.9244 4.1
    endloop
  endfacet
  facet normal 0.933579 -0.358372 0
    outer loop
      vertex -13.7901 -35.9244 0
      vertex -14.6887 -38.2653 2.01473
      vertex -14.6887 -38.2653 0
    endloop
  endfacet
  facet normal 0 0 -1
    outer loop
      vertex -18.1728 18.1579 0
      vertex -27.2236 27.2236 0
      vertex -25.3848 28.9458 0
    endloop
  endfacet
  facet normal 0 0 -1
    outer loop
      vertex -28.4059 18.4078 0
      vertex -18.1728 18.1579 0
      vertex -28.1198 18.035 0
    endloop
  endfacet
  facet normal 0 0 -1
    outer loop
      vertex -18.1728 18.1579 0
      vertex -28.4059 18.4078 0
      vertex -27.2236 27.2236 0
    endloop
  endfacet
  facet normal 0 0 -1
    outer loop
      vertex -28.9458 25.3848 0
      vertex -28.4059 18.4078 0
      vertex -28.7787 18.6938 0
    endloop
  endfacet
  facet normal 0 0 -1
    outer loop
      vertex -28.4059 18.4078 0
      vertex -28.9458 25.3848 0
      vertex -27.2236 27.2236 0
    endloop
  endfacet
  facet normal 0 0 -1
    outer loop
      vertex -30.5441 23.4373 0
      vertex -28.7787 18.6938 0
      vertex -29.2128 18.8737 0
    endloop
  endfacet
  facet normal 0 0 -1
    outer loop
      vertex -30.5441 23.4373 0
      vertex -29.2128 18.8737 0
      vertex -29.6787 18.935 0
    endloop
  endfacet
  facet normal 0 0 -1
    outer loop
      vertex -32.0116 21.3895 0
      vertex -29.6787 18.935 0
      vertex -30.1446 18.8737 0
    endloop
  endfacet
  facet normal 0 0 -1
    outer loop
      vertex -28.7787 18.6938 0
      vertex -30.5441 23.4373 0
      vertex -28.9458 25.3848 0
    endloop
  endfacet
  facet normal 0 0 -1
    outer loop
      vertex -32.0116 21.3895 0
      vertex -30.1446 18.8737 0
      vertex -30.5787 18.6938 0
    endloop
  endfacet
  facet normal 0 0 -1
    outer loop
      vertex -32.0116 21.3895 0
      vertex -30.5787 18.6938 0
      vertex -30.9515 18.4078 0
    endloop
  endfacet
  facet normal 0 0 -1
    outer loop
      vertex -33.342 19.25 0
      vertex -30.9515 18.4078 0
      vertex -31.2375 18.035 0
    endloop
  endfacet
  facet normal 0 0 -1
    outer loop
      vertex -33.342 19.25 0
      vertex -31.2375 18.035 0
      vertex -31.4174 17.6009 0
    endloop
  endfacet
  facet normal 0 0 -1
    outer loop
      vertex -29.6787 18.935 0
      vertex -32.0116 21.3895 0
      vertex -30.5441 23.4373 0
    endloop
  endfacet
  facet normal 0 0 -1
    outer loop
      vertex -34.5296 17.0281 0
      vertex -31.4174 17.6009 0
      vertex -31.4787 17.135 0
    endloop
  endfacet
  facet normal -0 0 -1
    outer loop
      vertex -25.635 -1.68021 0
      vertex -38.4176 -2.51802 0
      vertex -25.6897 -0.0105509 0
    endloop
  endfacet
  facet normal 0 0 -1
    outer loop
      vertex -38.5 0 0
      vertex -25.6897 -0.0105509 0
      vertex -38.4176 -2.51802 0
    endloop
  endfacet
  facet normal 0 0 -1
    outer loop
      vertex -30.9515 18.4078 0
      vertex -33.342 19.25 0
      vertex -32.0116 21.3895 0
    endloop
  endfacet
  facet normal 0 0 -1
    outer loop
      vertex -25.6897 -0.0105509 0
      vertex -38.5 0 0
      vertex -25.69 0 0
    endloop
  endfacet
  facet normal -0 0 -1
    outer loop
      vertex -31.4174 17.6009 0
      vertex -34.5296 17.0281 0
      vertex -33.342 19.25 0
    endloop
  endfacet
  facet normal 0 0 -1
    outer loop
      vertex -25.69 0 0
      vertex -38.5 0 0
      vertex -25.6897 0.0105509 0
    endloop
  endfacet
  facet normal 0 0 -1
    outer loop
      vertex -31.4174 16.6691 0
      vertex -34.5296 17.0281 0
      vertex -31.4787 17.135 0
    endloop
  endfacet
  facet normal -0 0 -1
    outer loop
      vertex -25.6897 0.0105509 0
      vertex -38.5 0 0
      vertex -25.635 1.68021 0
    endloop
  endfacet
  facet normal 0 0 -1
    outer loop
      vertex -31.2375 16.235 0
      vertex -34.5296 17.0281 0
      vertex -31.4174 16.6691 0
    endloop
  endfacet
  facet normal 0 -0 -1
    outer loop
      vertex -38.4176 2.51802 0
      vertex -25.635 1.68021 0
      vertex -38.5 0 0
    endloop
  endfacet
  facet normal 0 -0 -1
    outer loop
      vertex -34.5296 17.0281 0
      vertex -31.2375 16.235 0
      vertex -35.5694 14.7333 0
    endloop
  endfacet
  facet normal 0 -0 -1
    outer loop
      vertex -38.1706 5.02526 0
      vertex -25.635 1.68021 0
      vertex -38.4176 2.51802 0
    endloop
  endfacet
  facet normal -0 0 -1
    outer loop
      vertex -30.9515 15.8622 0
      vertex -35.5694 14.7333 0
      vertex -31.2375 16.235 0
    endloop
  endfacet
  facet normal 0 -0 -1
    outer loop
      vertex -37.7602 7.51098 0
      vertex -25.635 1.68021 0
      vertex -38.1706 5.02526 0
    endloop
  endfacet
  facet normal 0 -0 -1
    outer loop
      vertex -35.5694 14.7333 0
      vertex -30.9515 15.8622 0
      vertex -36.4568 12.3754 0
    endloop
  endfacet
  facet normal 0 -0 -1
    outer loop
      vertex -37.1881 9.96453 0
      vertex -25.635 1.68021 0
      vertex -37.7602 7.51098 0
    endloop
  endfacet
  facet normal 0 -0 -1
    outer loop
      vertex -36.4568 12.3754 0
      vertex -30.9515 15.8622 0
      vertex -37.1881 9.96453 0
    endloop
  endfacet
  facet normal 0 0 -1
    outer loop
      vertex -25.635 1.68021 0
      vertex -37.1881 9.96453 0
      vertex -30.9515 15.8622 0
    endloop
  endfacet
  facet normal 0 0 -1
    outer loop
      vertex -29.2128 15.3963 0
      vertex -23.7382 9.82126 0
      vertex -24.3266 8.25778 0
    endloop
  endfacet
  facet normal 0 0 -1
    outer loop
      vertex -29.6787 15.335 0
      vertex -24.3266 8.25778 0
      vertex -24.8116 6.65916 0
    endloop
  endfacet
  facet normal 0 0 -1
    outer loop
      vertex -30.1446 15.3963 0
      vertex -24.8116 6.65916 0
      vertex -24.8146 6.64906 0
    endloop
  endfacet
  facet normal 0 0 -1
    outer loop
      vertex -30.1446 15.3963 0
      vertex -24.8146 6.64906 0
      vertex -24.817 6.63878 0
    endloop
  endfacet
  facet normal 0 0 -1
    outer loop
      vertex -30.1446 15.3963 0
      vertex -24.817 6.63878 0
      vertex -25.1964 5.01187 0
    endloop
  endfacet
  facet normal 0 0 -1
    outer loop
      vertex -27.94 17.6009 0
      vertex -23.7382 9.82126 0
      vertex -27.8787 17.135 0
    endloop
  endfacet
  facet normal 0 0 -1
    outer loop
      vertex -30.5787 15.5762 0
      vertex -25.1964 5.01187 0
      vertex -25.4685 3.36363 0
    endloop
  endfacet
  facet normal 0 0 -1
    outer loop
      vertex -30.5787 15.5762 0
      vertex -25.4685 3.36363 0
      vertex -25.4702 3.35322 0
    endloop
  endfacet
  facet normal 0 0 -1
    outer loop
      vertex -30.5787 15.5762 0
      vertex -25.4702 3.35322 0
      vertex -25.4713 3.34271 0
    endloop
  endfacet
  facet normal 0 0 -1
    outer loop
      vertex -30.9515 15.8622 0
      vertex -25.4713 3.34271 0
      vertex -25.635 1.68021 0
    endloop
  endfacet
  facet normal -0 0 -1
    outer loop
      vertex -25.4713 -3.34271 0
      vertex -38.1706 -5.02526 0
      vertex -25.635 -1.68021 0
    endloop
  endfacet
  facet normal -0 0 -1
    outer loop
      vertex -25.4685 -3.36363 0
      vertex -38.1706 -5.02526 0
      vertex -25.4702 -3.35322 0
    endloop
  endfacet
  facet normal -0 0 -1
    outer loop
      vertex -24.8146 -6.64906 0
      vertex -37.1881 -9.96453 0
      vertex -24.817 -6.63878 0
    endloop
  endfacet
  facet normal 0 0 -1
    outer loop
      vertex -23.7382 9.82126 0
      vertex -27.94 16.6691 0
      vertex -27.8787 17.135 0
    endloop
  endfacet
  facet normal 0 0 -1
    outer loop
      vertex -18.1728 18.1579 0
      vertex -25.3848 28.9458 0
      vertex -24.2164 29.9047 0
    endloop
  endfacet
  facet normal 0 0 -1
    outer loop
      vertex -19.3148 16.9386 0
      vertex -28.1198 18.035 0
      vertex -18.1728 18.1579 0
    endloop
  endfacet
  facet normal 0 0 -1
    outer loop
      vertex -23.7382 9.82126 0
      vertex -28.1198 16.235 0
      vertex -27.94 16.6691 0
    endloop
  endfacet
  facet normal 0 0 -1
    outer loop
      vertex -23.7382 9.82126 0
      vertex -28.4059 15.8622 0
      vertex -28.1198 16.235 0
    endloop
  endfacet
  facet normal -0 0 -1
    outer loop
      vertex -24.817 -6.63878 0
      vertex -37.1881 -9.96453 0
      vertex -25.1964 -5.01187 0
    endloop
  endfacet
  facet normal 0 0 -1
    outer loop
      vertex -37.7602 -7.51098 0
      vertex -25.1964 -5.01187 0
      vertex -37.1881 -9.96453 0
    endloop
  endfacet
  facet normal -0 0 -1
    outer loop
      vertex -25.1964 -5.01187 0
      vertex -37.7602 -7.51098 0
      vertex -25.4685 -3.36363 0
    endloop
  endfacet
  facet normal 0 0 -1
    outer loop
      vertex -23.7382 9.82126 0
      vertex -28.7787 15.5762 0
      vertex -28.4059 15.8622 0
    endloop
  endfacet
  facet normal 0 0 -1
    outer loop
      vertex -23.7382 9.82126 0
      vertex -29.2128 15.3963 0
      vertex -28.7787 15.5762 0
    endloop
  endfacet
  facet normal 0 0 -1
    outer loop
      vertex -24.3266 8.25778 0
      vertex -29.6787 15.335 0
      vertex -29.2128 15.3963 0
    endloop
  endfacet
  facet normal 0 0 -1
    outer loop
      vertex -24.8116 6.65916 0
      vertex -30.1446 15.3963 0
      vertex -29.6787 15.335 0
    endloop
  endfacet
  facet normal 0 0 -1
    outer loop
      vertex -25.1964 5.01187 0
      vertex -30.5787 15.5762 0
      vertex -30.1446 15.3963 0
    endloop
  endfacet
  facet normal 0 0 -1
    outer loop
      vertex -25.4713 3.34271 0
      vertex -30.9515 15.8622 0
      vertex -30.5787 15.5762 0
    endloop
  endfacet
  facet normal -0 0 -1
    outer loop
      vertex -25.4702 -3.35322 0
      vertex -38.1706 -5.02526 0
      vertex -25.4713 -3.34271 0
    endloop
  endfacet
  facet normal 0 0 -1
    outer loop
      vertex -38.1706 -5.02526 0
      vertex -25.4685 -3.36363 0
      vertex -37.7602 -7.51098 0
    endloop
  endfacet
  facet normal 0 0 -1
    outer loop
      vertex -38.4176 -2.51802 0
      vertex -25.635 -1.68021 0
      vertex -38.1706 -5.02526 0
    endloop
  endfacet
  facet normal 0 0 -1
    outer loop
      vertex -33.342 -19.25 0
      vertex -22.2482 -12.845 0
      vertex -32.0116 -21.3895 0
    endloop
  endfacet
  facet normal -0 0 -1
    outer loop
      vertex -22.2482 -12.845 0
      vertex -33.342 -19.25 0
      vertex -23.0357 -11.3717 0
    endloop
  endfacet
  facet normal 0 0 -1
    outer loop
      vertex -34.5296 -17.0281 0
      vertex -23.0357 -11.3717 0
      vertex -33.342 -19.25 0
    endloop
  endfacet
  facet normal -0 0 -1
    outer loop
      vertex -23.0357 -11.3717 0
      vertex -34.5296 -17.0281 0
      vertex -23.0407 -11.3624 0
    endloop
  endfacet
  facet normal -0 0 -1
    outer loop
      vertex -23.0407 -11.3624 0
      vertex -34.5296 -17.0281 0
      vertex -23.045 -11.3528 0
    endloop
  endfacet
  facet normal -0 0 -1
    outer loop
      vertex -23.045 -11.3528 0
      vertex -34.5296 -17.0281 0
      vertex -23.7345 -9.83114 0
    endloop
  endfacet
  facet normal 0 0 -1
    outer loop
      vertex -35.5694 -14.7333 0
      vertex -23.7345 -9.83114 0
      vertex -34.5296 -17.0281 0
    endloop
  endfacet
  facet normal -0 0 -1
    outer loop
      vertex -23.7345 -9.83114 0
      vertex -35.5694 -14.7333 0
      vertex -23.7382 -9.82126 0
    endloop
  endfacet
  facet normal -0 0 -1
    outer loop
      vertex -23.7382 -9.82126 0
      vertex -35.5694 -14.7333 0
      vertex -24.3266 -8.25778 0
    endloop
  endfacet
  facet normal 0 0 -1
    outer loop
      vertex -36.4568 -12.3754 0
      vertex -24.3266 -8.25778 0
      vertex -35.5694 -14.7333 0
    endloop
  endfacet
  facet normal -0 0 -1
    outer loop
      vertex -24.3266 -8.25778 0
      vertex -36.4568 -12.3754 0
      vertex -24.8116 -6.65916 0
    endloop
  endfacet
  facet normal 0 0 -1
    outer loop
      vertex -37.1881 -9.96453 0
      vertex -24.8116 -6.65916 0
      vertex -36.4568 -12.3754 0
    endloop
  endfacet
  facet normal -0 0 -1
    outer loop
      vertex -24.8116 -6.65916 0
      vertex -37.1881 -9.96453 0
      vertex -24.8146 -6.64906 0
    endloop
  endfacet
  facet normal 0 0 -1
    outer loop
      vertex 5.02526 -38.1706 0
      vertex 1.73867 -34.7359 0
      vertex 1.8 -34.27 0
    endloop
  endfacet
  facet normal 0 0 -1
    outer loop
      vertex 5.02526 -38.1706 0
      vertex 1.55885 -35.17 0
      vertex 1.73867 -34.7359 0
    endloop
  endfacet
  facet normal 0 0 -1
    outer loop
      vertex 2.51802 -38.4176 0
      vertex 1.27279 -35.5428 0
      vertex 1.55885 -35.17 0
    endloop
  endfacet
  facet normal 0 0 -1
    outer loop
      vertex 2.51802 -38.4176 0
      vertex 0.9 -35.8288 0
      vertex 1.27279 -35.5428 0
    endloop
  endfacet
  facet normal 0 0 -1
    outer loop
      vertex 2.51802 -38.4176 0
      vertex 0.465874 -36.0087 0
      vertex 0.9 -35.8288 0
    endloop
  endfacet
  facet normal 0 0 -1
    outer loop
      vertex 0 -38.5 0
      vertex 0.465874 -36.0087 0
      vertex 2.51802 -38.4176 0
    endloop
  endfacet
  facet normal 0 0 -1
    outer loop
      vertex 0 -38.5 0
      vertex 0 -36.07 0
      vertex 0.465874 -36.0087 0
    endloop
  endfacet
  facet normal 0 0 -1
    outer loop
      vertex 0 -38.5 0
      vertex -0.465874 -36.0087 0
      vertex 0 -36.07 0
    endloop
  endfacet
  facet normal 0 0 -1
    outer loop
      vertex -2.51802 -38.4176 0
      vertex -0.465874 -36.0087 0
      vertex 0 -38.5 0
    endloop
  endfacet
  facet normal -0 0 -1
    outer loop
      vertex -0.465874 -36.0087 0
      vertex -2.51802 -38.4176 0
      vertex -0.9 -35.8288 0
    endloop
  endfacet
  facet normal -0 0 -1
    outer loop
      vertex -0.9 -35.8288 0
      vertex -2.51802 -38.4176 0
      vertex -1.27279 -35.5428 0
    endloop
  endfacet
  facet normal -0 0 -1
    outer loop
      vertex -1.55885 -35.17 0
      vertex -5.02526 -38.1706 0
      vertex -1.73867 -34.7359 0
    endloop
  endfacet
  facet normal 0 0 -1
    outer loop
      vertex -5.02526 -38.1706 0
      vertex -1.55885 -35.17 0
      vertex -2.51802 -38.4176 0
    endloop
  endfacet
  facet normal -0 0 -1
    outer loop
      vertex -1.27279 -35.5428 0
      vertex -2.51802 -38.4176 0
      vertex -1.55885 -35.17 0
    endloop
  endfacet
  facet normal -0 0 -1
    outer loop
      vertex 37.1881 9.96453 0
      vertex 24.8116 6.65916 0
      vertex 30.1446 15.3963 0
    endloop
  endfacet
  facet normal 0 0 -1
    outer loop
      vertex 30.1446 15.3963 0
      vertex 24.8116 6.65916 0
      vertex 29.6787 15.335 0
    endloop
  endfacet
  facet normal 0 0 -1
    outer loop
      vertex 24.3266 8.25778 0
      vertex 29.6787 15.335 0
      vertex 24.8116 6.65916 0
    endloop
  endfacet
  facet normal -0 0 -1
    outer loop
      vertex 29.6787 15.335 0
      vertex 24.3266 8.25778 0
      vertex 29.2128 15.3963 0
    endloop
  endfacet
  facet normal 0 0 -1
    outer loop
      vertex 23.7382 9.82126 0
      vertex 29.2128 15.3963 0
      vertex 24.3266 8.25778 0
    endloop
  endfacet
  facet normal 0 0 -1
    outer loop
      vertex 23.7345 9.83114 0
      vertex 29.2128 15.3963 0
      vertex 23.7382 9.82126 0
    endloop
  endfacet
  facet normal -0 0 -1
    outer loop
      vertex 29.2128 15.3963 0
      vertex 23.7345 9.83114 0
      vertex 28.7787 15.5762 0
    endloop
  endfacet
  facet normal 0 0 -1
    outer loop
      vertex 23.045 11.3528 0
      vertex 28.7787 15.5762 0
      vertex 23.7345 9.83114 0
    endloop
  endfacet
  facet normal -0 0 -1
    outer loop
      vertex 28.7787 15.5762 0
      vertex 23.045 11.3528 0
      vertex 28.4059 15.8622 0
    endloop
  endfacet
  facet normal 0 0 -1
    outer loop
      vertex 23.0407 11.3624 0
      vertex 28.4059 15.8622 0
      vertex 23.045 11.3528 0
    endloop
  endfacet
  facet normal 0 0 -1
    outer loop
      vertex 23.0357 11.3717 0
      vertex 28.4059 15.8622 0
      vertex 23.0407 11.3624 0
    endloop
  endfacet
  facet normal 0 0 -1
    outer loop
      vertex 22.2482 12.845 0
      vertex 28.4059 15.8622 0
      vertex 23.0357 11.3717 0
    endloop
  endfacet
  facet normal -0 0 -1
    outer loop
      vertex 28.4059 15.8622 0
      vertex 22.2482 12.845 0
      vertex 28.1198 16.235 0
    endloop
  endfacet
  facet normal -0 0 -1
    outer loop
      vertex 28.1198 16.235 0
      vertex 22.2482 12.845 0
      vertex 27.94 16.6691 0
    endloop
  endfacet
  facet normal 0 0 -1
    outer loop
      vertex 21.366 14.2636 0
      vertex 27.94 16.6691 0
      vertex 22.2482 12.845 0
    endloop
  endfacet
  facet normal 0 0 -1
    outer loop
      vertex 21.3605 14.2726 0
      vertex 27.94 16.6691 0
      vertex 21.366 14.2636 0
    endloop
  endfacet
  facet normal -0 0 -1
    outer loop
      vertex 27.94 16.6691 0
      vertex 21.3605 14.2726 0
      vertex 27.8787 17.135 0
    endloop
  endfacet
  facet normal 0 0 -1
    outer loop
      vertex 20.3874 15.6305 0
      vertex 27.8787 17.135 0
      vertex 21.3605 14.2726 0
    endloop
  endfacet
  facet normal 0 0 -1
    outer loop
      vertex 20.3812 15.6391 0
      vertex 27.8787 17.135 0
      vertex 20.3874 15.6305 0
    endloop
  endfacet
  facet normal 0 0 -1
    outer loop
      vertex 20.3745 15.6472 0
      vertex 27.8787 17.135 0
      vertex 20.3812 15.6391 0
    endloop
  endfacet
  facet normal 0 0 -1
    outer loop
      vertex 19.3148 16.9386 0
      vertex 27.8787 17.135 0
      vertex 20.3745 15.6472 0
    endloop
  endfacet
  facet normal -0 0 -1
    outer loop
      vertex 27.8787 17.135 0
      vertex 19.3148 16.9386 0
      vertex 27.2236 27.2236 0
    endloop
  endfacet
  facet normal 0 0 -1
    outer loop
      vertex 18.1728 18.1579 0
      vertex 27.2236 27.2236 0
      vertex 19.3148 16.9386 0
    endloop
  endfacet
  facet normal 0 0 -1
    outer loop
      vertex 18.1656 18.1656 0
      vertex 27.2236 27.2236 0
      vertex 18.1728 18.1579 0
    endloop
  endfacet
  facet normal 0 0 -1
    outer loop
      vertex 18.1579 18.1728 0
      vertex 27.2236 27.2236 0
      vertex 18.1656 18.1656 0
    endloop
  endfacet
  facet normal -0 0 -1
    outer loop
      vertex 27.2236 27.2236 0
      vertex 18.1579 18.1728 0
      vertex 25.3848 28.9458 0
    endloop
  endfacet
  facet normal 0 0 -1
    outer loop
      vertex 16.9386 19.3148 0
      vertex 25.3848 28.9458 0
      vertex 18.1579 18.1728 0
    endloop
  endfacet
  facet normal -0 0 -1
    outer loop
      vertex 25.3848 28.9458 0
      vertex 16.9386 19.3148 0
      vertex 23.4373 30.5441 0
    endloop
  endfacet
  facet normal 0 0 -1
    outer loop
      vertex 15.6472 20.3745 0
      vertex 23.4373 30.5441 0
      vertex 16.9386 19.3148 0
    endloop
  endfacet
  facet normal 0 0 -1
    outer loop
      vertex 15.6391 20.3812 0
      vertex 23.4373 30.5441 0
      vertex 15.6472 20.3745 0
    endloop
  endfacet
  facet normal 0 0 -1
    outer loop
      vertex 15.6305 20.3874 0
      vertex 23.4373 30.5441 0
      vertex 15.6391 20.3812 0
    endloop
  endfacet
  facet normal -0 0 -1
    outer loop
      vertex 23.4373 30.5441 0
      vertex 15.6305 20.3874 0
      vertex 21.3895 32.0116 0
    endloop
  endfacet
  facet normal 0 0 -1
    outer loop
      vertex 14.2726 21.3605 0
      vertex 21.3895 32.0116 0
      vertex 15.6305 20.3874 0
    endloop
  endfacet
  facet normal 0 0 -1
    outer loop
      vertex 14.2636 21.366 0
      vertex 21.3895 32.0116 0
      vertex 14.2726 21.3605 0
    endloop
  endfacet
  facet normal -0 0 -1
    outer loop
      vertex 21.3895 32.0116 0
      vertex 14.2636 21.366 0
      vertex 19.25 33.342 0
    endloop
  endfacet
  facet normal 0 0 -1
    outer loop
      vertex 12.845 22.2482 0
      vertex 19.25 33.342 0
      vertex 14.2636 21.366 0
    endloop
  endfacet
  facet normal -0 0 -1
    outer loop
      vertex 19.25 33.342 0
      vertex 12.845 22.2482 0
      vertex 17.0281 34.5296 0
    endloop
  endfacet
  facet normal 0 0 -1
    outer loop
      vertex 11.3717 23.0357 0
      vertex 17.0281 34.5296 0
      vertex 12.845 22.2482 0
    endloop
  endfacet
  facet normal 0 0 -1
    outer loop
      vertex 11.3624 23.0407 0
      vertex 17.0281 34.5296 0
      vertex 11.3717 23.0357 0
    endloop
  endfacet
  facet normal 0 0 -1
    outer loop
      vertex 11.3528 23.045 0
      vertex 17.0281 34.5296 0
      vertex 11.3624 23.0407 0
    endloop
  endfacet
  facet normal -0 0 -1
    outer loop
      vertex 17.0281 34.5296 0
      vertex 11.3528 23.045 0
      vertex 14.7333 35.5694 0
    endloop
  endfacet
  facet normal 0 0 -1
    outer loop
      vertex 9.83114 23.7345 0
      vertex 14.7333 35.5694 0
      vertex 11.3528 23.045 0
    endloop
  endfacet
  facet normal 0 0 -1
    outer loop
      vertex 9.82126 23.7382 0
      vertex 14.7333 35.5694 0
      vertex 9.83114 23.7345 0
    endloop
  endfacet
  facet normal -0 0 -1
    outer loop
      vertex 14.7333 35.5694 0
      vertex 9.82126 23.7382 0
      vertex 12.3754 36.4568 0
    endloop
  endfacet
  facet normal 0 0 -1
    outer loop
      vertex 8.25778 24.3266 0
      vertex 12.3754 36.4568 0
      vertex 9.82126 23.7382 0
    endloop
  endfacet
  facet normal -0 0 -1
    outer loop
      vertex 12.3754 36.4568 0
      vertex 8.25778 24.3266 0
      vertex 9.96453 37.1881 0
    endloop
  endfacet
  facet normal 0 0 -1
    outer loop
      vertex 6.65916 24.8116 0
      vertex 9.96453 37.1881 0
      vertex 8.25778 24.3266 0
    endloop
  endfacet
  facet normal 0 0 -1
    outer loop
      vertex 6.64906 24.8146 0
      vertex 9.96453 37.1881 0
      vertex 6.65916 24.8116 0
    endloop
  endfacet
  facet normal 0 0 -1
    outer loop
      vertex 6.63878 24.817 0
      vertex 9.96453 37.1881 0
      vertex 6.64906 24.8146 0
    endloop
  endfacet
  facet normal -0 0 -1
    outer loop
      vertex 9.96453 37.1881 0
      vertex 6.63878 24.817 0
      vertex 7.51098 37.7602 0
    endloop
  endfacet
  facet normal 0 0 -1
    outer loop
      vertex 5.01187 25.1964 0
      vertex 7.51098 37.7602 0
      vertex 6.63878 24.817 0
    endloop
  endfacet
  facet normal -0 0 -1
    outer loop
      vertex 7.51098 37.7602 0
      vertex 5.01187 25.1964 0
      vertex 5.02526 38.1706 0
    endloop
  endfacet
  facet normal 0 0 -1
    outer loop
      vertex 3.36363 25.4685 0
      vertex 5.02526 38.1706 0
      vertex 5.01187 25.1964 0
    endloop
  endfacet
  facet normal 0 0 -1
    outer loop
      vertex 3.35322 25.4702 0
      vertex 5.02526 38.1706 0
      vertex 3.36363 25.4685 0
    endloop
  endfacet
  facet normal 0 0 -1
    outer loop
      vertex 3.34271 25.4713 0
      vertex 5.02526 38.1706 0
      vertex 3.35322 25.4702 0
    endloop
  endfacet
  facet normal 0 0 -1
    outer loop
      vertex 3.34271 25.4713 0
      vertex 2.51802 38.4176 0
      vertex 5.02526 38.1706 0
    endloop
  endfacet
  facet normal 0 0 -1
    outer loop
      vertex 1.68021 25.635 0
      vertex 2.51802 38.4176 0
      vertex 3.34271 25.4713 0
    endloop
  endfacet
  facet normal 0 0 -1
    outer loop
      vertex 0.0105509 25.6897 0
      vertex 2.51802 38.4176 0
      vertex 1.68021 25.635 0
    endloop
  endfacet
  facet normal 0 0 -1
    outer loop
      vertex 0 38.5 0
      vertex 0.0105509 25.6897 0
      vertex 0 25.69 0
    endloop
  endfacet
  facet normal 0 0 -1
    outer loop
      vertex 0.0105509 25.6897 0
      vertex 0 38.5 0
      vertex 2.51802 38.4176 0
    endloop
  endfacet
  facet normal 0 0 -1
    outer loop
      vertex -0.0105509 25.6897 0
      vertex 0 38.5 0
      vertex 0 25.69 0
    endloop
  endfacet
  facet normal 0 0 -1
    outer loop
      vertex -1.68021 25.635 0
      vertex 0 38.5 0
      vertex -0.0105509 25.6897 0
    endloop
  endfacet
  facet normal 0 0 -1
    outer loop
      vertex -1.68021 25.635 0
      vertex -2.51802 38.4176 0
      vertex 0 38.5 0
    endloop
  endfacet
  facet normal 0 0 -1
    outer loop
      vertex -3.34271 25.4713 0
      vertex -2.51802 38.4176 0
      vertex -1.68021 25.635 0
    endloop
  endfacet
  facet normal 0 0 -1
    outer loop
      vertex -5.02526 38.1706 0
      vertex -3.34271 25.4713 0
      vertex -3.35322 25.4702 0
    endloop
  endfacet
  facet normal 0 0 -1
    outer loop
      vertex -5.02526 38.1706 0
      vertex -3.35322 25.4702 0
      vertex -3.36363 25.4685 0
    endloop
  endfacet
  facet normal 0 0 -1
    outer loop
      vertex -5.02526 38.1706 0
      vertex -3.36363 25.4685 0
      vertex -5.01187 25.1964 0
    endloop
  endfacet
  facet normal 0 0 -1
    outer loop
      vertex -3.34271 25.4713 0
      vertex -5.02526 38.1706 0
      vertex -2.51802 38.4176 0
    endloop
  endfacet
  facet normal 0 0 -1
    outer loop
      vertex -7.51098 37.7602 0
      vertex -5.01187 25.1964 0
      vertex -6.63878 24.817 0
    endloop
  endfacet
  facet normal 0 0 -1
    outer loop
      vertex -9.96453 37.1881 0
      vertex -6.63878 24.817 0
      vertex -6.64906 24.8146 0
    endloop
  endfacet
  facet normal 0 0 -1
    outer loop
      vertex -9.96453 37.1881 0
      vertex -6.64906 24.8146 0
      vertex -6.65916 24.8116 0
    endloop
  endfacet
  facet normal 0 0 -1
    outer loop
      vertex -5.01187 25.1964 0
      vertex -7.51098 37.7602 0
      vertex -5.02526 38.1706 0
    endloop
  endfacet
  facet normal 0 0 -1
    outer loop
      vertex -9.96453 37.1881 0
      vertex -6.65916 24.8116 0
      vertex -8.25778 24.3266 0
    endloop
  endfacet
  facet normal 0 0 -1
    outer loop
      vertex -13.7901 35.9244 0
      vertex -8.25778 24.3266 0
      vertex -9.82126 23.7382 0
    endloop
  endfacet
  facet normal 0 0 -1
    outer loop
      vertex -13.7901 35.9244 0
      vertex -9.82126 23.7382 0
      vertex -9.83114 23.7345 0
    endloop
  endfacet
  facet normal 0 0 -1
    outer loop
      vertex -6.63878 24.817 0
      vertex -9.96453 37.1881 0
      vertex -7.51098 37.7602 0
    endloop
  endfacet
  facet normal 0 0 -1
    outer loop
      vertex -13.7901 35.9244 0
      vertex -9.83114 23.7345 0
      vertex -11.3528 23.045 0
    endloop
  endfacet
  facet normal 0 0 -1
    outer loop
      vertex -13.7901 35.9244 0
      vertex -11.3528 23.045 0
      vertex -11.3624 23.0407 0
    endloop
  endfacet
  facet normal 0 0 -1
    outer loop
      vertex -13.7901 35.9244 0
      vertex -11.3624 23.0407 0
      vertex -11.3717 23.0357 0
    endloop
  endfacet
  facet normal 0 0 -1
    outer loop
      vertex -8.25778 24.3266 0
      vertex -12.3754 36.4568 0
      vertex -9.96453 37.1881 0
    endloop
  endfacet
  facet normal 0 0 -1
    outer loop
      vertex -13.7901 35.9244 0
      vertex -11.3717 23.0357 0
      vertex -12.845 22.2482 0
    endloop
  endfacet
  facet normal 0 0 -1
    outer loop
      vertex -8.25778 24.3266 0
      vertex -13.7901 35.9244 0
      vertex -12.3754 36.4568 0
    endloop
  endfacet
  facet normal 0 0 -1
    outer loop
      vertex -24.2164 29.9047 0
      vertex -12.845 22.2482 0
      vertex -14.2636 21.366 0
    endloop
  endfacet
  facet normal 0 0 -1
    outer loop
      vertex -24.2164 29.9047 0
      vertex -14.2636 21.366 0
      vertex -14.2726 21.3605 0
    endloop
  endfacet
  facet normal 0 0 -1
    outer loop
      vertex -12.845 22.2482 0
      vertex -24.2164 29.9047 0
      vertex -13.7901 35.9244 0
    endloop
  endfacet
  facet normal 0 0 -1
    outer loop
      vertex -24.2164 29.9047 0
      vertex -14.2726 21.3605 0
      vertex -15.6305 20.3874 0
    endloop
  endfacet
  facet normal 0 0 -1
    outer loop
      vertex -24.2164 29.9047 0
      vertex -15.6305 20.3874 0
      vertex -15.6391 20.3812 0
    endloop
  endfacet
  facet normal 0 0 -1
    outer loop
      vertex -24.2164 29.9047 0
      vertex -15.6391 20.3812 0
      vertex -15.6472 20.3745 0
    endloop
  endfacet
  facet normal 0 0 -1
    outer loop
      vertex -13.7901 35.9244 0
      vertex -15.69 37.8791 0
      vertex -14.6887 38.2653 0
    endloop
  endfacet
  facet normal 0 0 -1
    outer loop
      vertex -24.2164 29.9047 0
      vertex -15.6472 20.3745 0
      vertex -16.9386 19.3148 0
    endloop
  endfacet
  facet normal 0 0 -1
    outer loop
      vertex -13.7901 35.9244 0
      vertex -17.5298 37.0636 0
      vertex -15.69 37.8791 0
    endloop
  endfacet
  facet normal 0 0 -1
    outer loop
      vertex -24.2164 29.9047 0
      vertex -16.9386 19.3148 0
      vertex -18.1579 18.1728 0
    endloop
  endfacet
  facet normal 0 0 -1
    outer loop
      vertex -24.2164 29.9047 0
      vertex -18.1579 18.1728 0
      vertex -18.1656 18.1656 0
    endloop
  endfacet
  facet normal 0 0 -1
    outer loop
      vertex -24.2164 29.9047 0
      vertex -18.1656 18.1656 0
      vertex -18.1728 18.1579 0
    endloop
  endfacet
  facet normal 0 0 -1
    outer loop
      vertex -28.1198 18.035 0
      vertex -19.3148 16.9386 0
      vertex -27.94 17.6009 0
    endloop
  endfacet
  facet normal 0 0 -1
    outer loop
      vertex -13.7901 35.9244 0
      vertex -19.3273 36.1588 0
      vertex -17.5298 37.0636 0
    endloop
  endfacet
  facet normal 0 0 -1
    outer loop
      vertex -27.94 17.6009 0
      vertex -19.3148 16.9386 0
      vertex -20.3745 15.6472 0
    endloop
  endfacet
  facet normal 0 0 -1
    outer loop
      vertex -27.94 17.6009 0
      vertex -20.3745 15.6472 0
      vertex -20.3812 15.6391 0
    endloop
  endfacet
  facet normal 0 0 -1
    outer loop
      vertex -27.94 17.6009 0
      vertex -20.3812 15.6391 0
      vertex -20.3874 15.6305 0
    endloop
  endfacet
  facet normal 0 0 -1
    outer loop
      vertex -13.7901 35.9244 0
      vertex -24.2164 29.9047 0
      vertex -21.0782 35.1669 0
    endloop
  endfacet
  facet normal 0 0 -1
    outer loop
      vertex -27.94 17.6009 0
      vertex -20.3874 15.6305 0
      vertex -21.3605 14.2726 0
    endloop
  endfacet
  facet normal 0 0 -1
    outer loop
      vertex -27.94 17.6009 0
      vertex -21.3605 14.2726 0
      vertex -21.366 14.2636 0
    endloop
  endfacet
  facet normal 0 0 -1
    outer loop
      vertex -27.94 17.6009 0
      vertex -21.366 14.2636 0
      vertex -22.2482 12.845 0
    endloop
  endfacet
  facet normal -0 0 -1
    outer loop
      vertex -13.7901 35.9244 0
      vertex -21.0782 35.1669 0
      vertex -19.3273 36.1588 0
    endloop
  endfacet
  facet normal 0 0 -1
    outer loop
      vertex -27.94 17.6009 0
      vertex -22.2482 12.845 0
      vertex -23.0357 11.3717 0
    endloop
  endfacet
  facet normal 0 0 -1
    outer loop
      vertex -27.94 17.6009 0
      vertex -23.0357 11.3717 0
      vertex -23.0407 11.3624 0
    endloop
  endfacet
  facet normal 0 0 -1
    outer loop
      vertex -27.94 17.6009 0
      vertex -23.0407 11.3624 0
      vertex -23.045 11.3528 0
    endloop
  endfacet
  facet normal 0 0 -1
    outer loop
      vertex -27.94 17.6009 0
      vertex -23.045 11.3528 0
      vertex -23.7345 9.83114 0
    endloop
  endfacet
  facet normal 0 0 -1
    outer loop
      vertex -27.94 17.6009 0
      vertex -23.7345 9.83114 0
      vertex -23.7382 9.82126 0
    endloop
  endfacet
  facet normal 0 0 -1
    outer loop
      vertex -21.0782 35.1669 0
      vertex -24.2164 29.9047 0
      vertex -22.7784 34.0903 0
    endloop
  endfacet
  facet normal 0 0 -1
    outer loop
      vertex -24.2164 29.9047 0
      vertex -24.4237 32.9315 0
      vertex -22.7784 34.0903 0
    endloop
  endfacet
  facet normal 0 -0 -1
    outer loop
      vertex -24.4237 32.9315 0
      vertex -24.2164 29.9047 0
      vertex -25.7985 31.8585 0
    endloop
  endfacet
  facet normal 0 0 -1
    outer loop
      vertex 25.6897 -0.0105509 0
      vertex 41 0 0
      vertex 40.9506 -2.01177 0
    endloop
  endfacet
  facet normal 0 0 -1
    outer loop
      vertex 37.4933 -8.65599 0
      vertex 40.9506 -2.01177 0
      vertex 40.8026 -4.0187 0
    endloop
  endfacet
  facet normal -0 0 -1
    outer loop
      vertex 41 0 0
      vertex 25.6897 -0.0105509 0
      vertex 25.69 0 0
    endloop
  endfacet
  facet normal 0 0 -1
    outer loop
      vertex 37.4933 -8.65599 0
      vertex 40.8026 -4.0187 0
      vertex 40.5562 -6.01595 0
    endloop
  endfacet
  facet normal 0 0 -1
    outer loop
      vertex 25.6897 0.0105509 0
      vertex 41 0 0
      vertex 25.69 0 0
    endloop
  endfacet
  facet normal 0 0 -1
    outer loop
      vertex 37.4933 -8.65599 0
      vertex 40.5562 -6.01595 0
      vertex 40.2122 -7.9987 0
    endloop
  endfacet
  facet normal -0 0 -1
    outer loop
      vertex 40.9506 -2.01177 0
      vertex 37.4933 -8.65599 0
      vertex 25.635 -1.68021 0
    endloop
  endfacet
  facet normal 0 0 -1
    outer loop
      vertex 37.4933 -8.65599 0
      vertex 40.2122 -7.9987 0
      vertex 39.9379 -9.22037 0
    endloop
  endfacet
  facet normal 0 0 -1
    outer loop
      vertex 40.9506 2.01177 0
      vertex 37.4933 8.65599 0
      vertex 40.8026 4.0187 0
    endloop
  endfacet
  facet normal 0 0 -1
    outer loop
      vertex 40.5562 6.01595 0
      vertex 37.4933 8.65599 0
      vertex 40.2122 7.9987 0
    endloop
  endfacet
  facet normal 0 0 -1
    outer loop
      vertex 40.2122 7.9987 0
      vertex 37.4933 8.65599 0
      vertex 39.9379 9.22037 0
    endloop
  endfacet
  facet normal 0 0 -1
    outer loop
      vertex 24.817 -6.63878 0
      vertex 37.4933 -8.65599 0
      vertex 37.1881 -9.96453 0
    endloop
  endfacet
  facet normal 0 0 -1
    outer loop
      vertex 41 0 0
      vertex 25.6897 0.0105509 0
      vertex 40.9506 2.01177 0
    endloop
  endfacet
  facet normal 0 0 -1
    outer loop
      vertex 24.8116 -6.65916 0
      vertex 37.1881 -9.96453 0
      vertex 36.4568 -12.3754 0
    endloop
  endfacet
  facet normal 0 0 -1
    outer loop
      vertex 40.8026 4.0187 0
      vertex 37.4933 8.65599 0
      vertex 40.5562 6.01595 0
    endloop
  endfacet
  facet normal 0 0 -1
    outer loop
      vertex 24.3266 -8.25778 0
      vertex 36.4568 -12.3754 0
      vertex 35.5694 -14.7333 0
    endloop
  endfacet
  facet normal 0 0 -1
    outer loop
      vertex 25.635 1.68021 0
      vertex 40.9506 2.01177 0
      vertex 25.6897 0.0105509 0
    endloop
  endfacet
  facet normal 0 0 -1
    outer loop
      vertex 23.7345 -9.83114 0
      vertex 35.5694 -14.7333 0
      vertex 34.5296 -17.0281 0
    endloop
  endfacet
  facet normal 0 0 -1
    outer loop
      vertex 25.4713 3.34271 0
      vertex 37.4933 8.65599 0
      vertex 25.635 1.68021 0
    endloop
  endfacet
  facet normal 0 0 -1
    outer loop
      vertex 23.0357 -11.3717 0
      vertex 34.5296 -17.0281 0
      vertex 33.342 -19.25 0
    endloop
  endfacet
  facet normal 0 0 -1
    outer loop
      vertex 24.8146 6.64906 0
      vertex 37.1881 9.96453 0
      vertex 24.817 6.63878 0
    endloop
  endfacet
  facet normal 0 0 -1
    outer loop
      vertex 22.2482 -12.845 0
      vertex 33.342 -19.25 0
      vertex 32.0116 -21.3895 0
    endloop
  endfacet
  facet normal 0 -0 -1
    outer loop
      vertex 31.4174 16.6691 0
      vertex 34.5296 17.0281 0
      vertex 31.2375 16.235 0
    endloop
  endfacet
  facet normal 0 0 -1
    outer loop
      vertex 34.5296 17.0281 0
      vertex 31.4174 17.6009 0
      vertex 33.342 19.25 0
    endloop
  endfacet
  facet normal 0 0 -1
    outer loop
      vertex 31.4174 17.6009 0
      vertex 34.5296 17.0281 0
      vertex 31.4787 17.135 0
    endloop
  endfacet
  facet normal 0 -0 -1
    outer loop
      vertex 31.4787 17.135 0
      vertex 34.5296 17.0281 0
      vertex 31.4174 16.6691 0
    endloop
  endfacet
  facet normal 0 0 -1
    outer loop
      vertex 40.9506 -2.01177 0
      vertex 25.635 -1.68021 0
      vertex 25.6897 -0.0105509 0
    endloop
  endfacet
  facet normal 0 -0 -1
    outer loop
      vertex 30.5787 15.5762 0
      vertex 36.4568 12.3754 0
      vertex 30.1446 15.3963 0
    endloop
  endfacet
  facet normal 0 0 -1
    outer loop
      vertex 21.3605 -14.2726 0
      vertex 32.0116 -21.3895 0
      vertex 30.5441 -23.4373 0
    endloop
  endfacet
  facet normal 0 -0 -1
    outer loop
      vertex 30.9515 15.8622 0
      vertex 35.5694 14.7333 0
      vertex 30.5787 15.5762 0
    endloop
  endfacet
  facet normal 0 0 -1
    outer loop
      vertex 35.5694 14.7333 0
      vertex 31.2375 16.235 0
      vertex 34.5296 17.0281 0
    endloop
  endfacet
  facet normal 0 -0 -1
    outer loop
      vertex 31.2375 16.235 0
      vertex 35.5694 14.7333 0
      vertex 30.9515 15.8622 0
    endloop
  endfacet
  facet normal 0 0 -1
    outer loop
      vertex 20.3745 -15.6472 0
      vertex 30.5441 -23.4373 0
      vertex 28.9458 -25.3848 0
    endloop
  endfacet
  facet normal 0 0 -1
    outer loop
      vertex 36.4568 12.3754 0
      vertex 30.5787 15.5762 0
      vertex 35.5694 14.7333 0
    endloop
  endfacet
  facet normal 0 0 -1
    outer loop
      vertex 37.1881 9.96453 0
      vertex 30.1446 15.3963 0
      vertex 36.4568 12.3754 0
    endloop
  endfacet
  facet normal -0 0 -1
    outer loop
      vertex 40.9506 2.01177 0
      vertex 25.635 1.68021 0
      vertex 37.4933 8.65599 0
    endloop
  endfacet
  facet normal 0 0 -1
    outer loop
      vertex 25.4685 3.36363 0
      vertex 37.4933 8.65599 0
      vertex 25.4702 3.35322 0
    endloop
  endfacet
  facet normal 0 0 -1
    outer loop
      vertex 25.1964 5.01187 0
      vertex 37.4933 8.65599 0
      vertex 25.4685 3.36363 0
    endloop
  endfacet
  facet normal 0 0 -1
    outer loop
      vertex 19.3148 -16.9386 0
      vertex 28.9458 -25.3848 0
      vertex 27.2236 -27.2236 0
    endloop
  endfacet
  facet normal 0 0 -1
    outer loop
      vertex 31.2375 18.035 0
      vertex 33.342 19.25 0
      vertex 31.4174 17.6009 0
    endloop
  endfacet
  facet normal 0 0 -1
    outer loop
      vertex 30.9515 18.4078 0
      vertex 33.342 19.25 0
      vertex 31.2375 18.035 0
    endloop
  endfacet
  facet normal -0 0 -1
    outer loop
      vertex 33.342 19.25 0
      vertex 30.9515 18.4078 0
      vertex 32.0116 21.3895 0
    endloop
  endfacet
  facet normal 0 0 -1
    outer loop
      vertex 30.5787 18.6938 0
      vertex 32.0116 21.3895 0
      vertex 30.9515 18.4078 0
    endloop
  endfacet
  facet normal 0 0 -1
    outer loop
      vertex 30.1446 18.8737 0
      vertex 32.0116 21.3895 0
      vertex 30.5787 18.6938 0
    endloop
  endfacet
  facet normal 0 0 -1
    outer loop
      vertex 29.6787 18.935 0
      vertex 32.0116 21.3895 0
      vertex 30.1446 18.8737 0
    endloop
  endfacet
  facet normal -0 0 -1
    outer loop
      vertex 32.0116 21.3895 0
      vertex 29.6787 18.935 0
      vertex 30.5441 23.4373 0
    endloop
  endfacet
  facet normal 0 0 -1
    outer loop
      vertex 29.2128 18.8737 0
      vertex 30.5441 23.4373 0
      vertex 29.6787 18.935 0
    endloop
  endfacet
  facet normal 0 0 -1
    outer loop
      vertex 28.7787 18.6938 0
      vertex 30.5441 23.4373 0
      vertex 29.2128 18.8737 0
    endloop
  endfacet
  facet normal -0 0 -1
    outer loop
      vertex 30.5441 23.4373 0
      vertex 28.7787 18.6938 0
      vertex 28.9458 25.3848 0
    endloop
  endfacet
  facet normal 0 0 -1
    outer loop
      vertex 28.4059 18.4078 0
      vertex 28.9458 25.3848 0
      vertex 28.7787 18.6938 0
    endloop
  endfacet
  facet normal 0 0 -1
    outer loop
      vertex 27.2236 27.2236 0
      vertex 28.4059 18.4078 0
      vertex 28.1198 18.035 0
    endloop
  endfacet
  facet normal 0 0 -1
    outer loop
      vertex 27.2236 27.2236 0
      vertex 28.1198 18.035 0
      vertex 27.94 17.6009 0
    endloop
  endfacet
  facet normal 0 0 -1
    outer loop
      vertex 27.2236 27.2236 0
      vertex 27.94 17.6009 0
      vertex 27.8787 17.135 0
    endloop
  endfacet
  facet normal 0 0 -1
    outer loop
      vertex 28.4059 18.4078 0
      vertex 27.2236 27.2236 0
      vertex 28.9458 25.3848 0
    endloop
  endfacet
  facet normal 0 0 -1
    outer loop
      vertex 25.4702 3.35322 0
      vertex 37.4933 8.65599 0
      vertex 25.4713 3.34271 0
    endloop
  endfacet
  facet normal 0 0 -1
    outer loop
      vertex 24.8116 6.65916 0
      vertex 37.1881 9.96453 0
      vertex 24.8146 6.64906 0
    endloop
  endfacet
  facet normal -0 0 -1
    outer loop
      vertex 37.4933 8.65599 0
      vertex 24.817 6.63878 0
      vertex 37.1881 9.96453 0
    endloop
  endfacet
  facet normal 0 0 -1
    outer loop
      vertex 24.817 6.63878 0
      vertex 37.4933 8.65599 0
      vertex 25.1964 5.01187 0
    endloop
  endfacet
  facet normal 0 0 -1
    outer loop
      vertex 37.4933 -8.65599 0
      vertex 25.4713 -3.34271 0
      vertex 25.635 -1.68021 0
    endloop
  endfacet
  facet normal 0 0 -1
    outer loop
      vertex 37.4933 -8.65599 0
      vertex 25.4702 -3.35322 0
      vertex 25.4713 -3.34271 0
    endloop
  endfacet
  facet normal 0 0 -1
    outer loop
      vertex 37.4933 -8.65599 0
      vertex 25.4685 -3.36363 0
      vertex 25.4702 -3.35322 0
    endloop
  endfacet
  facet normal 0 0 -1
    outer loop
      vertex 18.1579 -18.1728 0
      vertex 27.2236 -27.2236 0
      vertex 25.3848 -28.9458 0
    endloop
  endfacet
  facet normal 0 0 -1
    outer loop
      vertex 37.4933 -8.65599 0
      vertex 25.1964 -5.01187 0
      vertex 25.4685 -3.36363 0
    endloop
  endfacet
  facet normal 0 0 -1
    outer loop
      vertex 37.4933 -8.65599 0
      vertex 24.817 -6.63878 0
      vertex 25.1964 -5.01187 0
    endloop
  endfacet
  facet normal 0 0 -1
    outer loop
      vertex 37.1881 -9.96453 0
      vertex 24.8146 -6.64906 0
      vertex 24.817 -6.63878 0
    endloop
  endfacet
  facet normal 0 0 -1
    outer loop
      vertex 37.1881 -9.96453 0
      vertex 24.8116 -6.65916 0
      vertex 24.8146 -6.64906 0
    endloop
  endfacet
  facet normal 0 0 -1
    outer loop
      vertex 36.4568 -12.3754 0
      vertex 24.3266 -8.25778 0
      vertex 24.8116 -6.65916 0
    endloop
  endfacet
  facet normal 0 0 -1
    outer loop
      vertex 35.5694 -14.7333 0
      vertex 23.7382 -9.82126 0
      vertex 24.3266 -8.25778 0
    endloop
  endfacet
  facet normal 0 0 -1
    outer loop
      vertex 35.5694 -14.7333 0
      vertex 23.7345 -9.83114 0
      vertex 23.7382 -9.82126 0
    endloop
  endfacet
  facet normal 0 0 -1
    outer loop
      vertex 16.9386 -19.3148 0
      vertex 25.3848 -28.9458 0
      vertex 23.4373 -30.5441 0
    endloop
  endfacet
  facet normal 0 0 -1
    outer loop
      vertex 34.5296 -17.0281 0
      vertex 23.045 -11.3528 0
      vertex 23.7345 -9.83114 0
    endloop
  endfacet
  facet normal 0 0 -1
    outer loop
      vertex 34.5296 -17.0281 0
      vertex 23.0407 -11.3624 0
      vertex 23.045 -11.3528 0
    endloop
  endfacet
  facet normal 0 0 -1
    outer loop
      vertex 34.5296 -17.0281 0
      vertex 23.0357 -11.3717 0
      vertex 23.0407 -11.3624 0
    endloop
  endfacet
  facet normal 0 0 -1
    outer loop
      vertex 33.342 -19.25 0
      vertex 22.2482 -12.845 0
      vertex 23.0357 -11.3717 0
    endloop
  endfacet
  facet normal 0 0 -1
    outer loop
      vertex 15.6305 -20.3874 0
      vertex 23.4373 -30.5441 0
      vertex 21.3895 -32.0116 0
    endloop
  endfacet
  facet normal 0 0 -1
    outer loop
      vertex 32.0116 -21.3895 0
      vertex 21.366 -14.2636 0
      vertex 22.2482 -12.845 0
    endloop
  endfacet
  facet normal 0 0 -1
    outer loop
      vertex 32.0116 -21.3895 0
      vertex 21.3605 -14.2726 0
      vertex 21.366 -14.2636 0
    endloop
  endfacet
  facet normal 0 0 -1
    outer loop
      vertex 30.5441 -23.4373 0
      vertex 20.3874 -15.6305 0
      vertex 21.3605 -14.2726 0
    endloop
  endfacet
  facet normal 0 0 -1
    outer loop
      vertex 30.5441 -23.4373 0
      vertex 20.3812 -15.6391 0
      vertex 20.3874 -15.6305 0
    endloop
  endfacet
  facet normal 0 0 -1
    outer loop
      vertex 30.5441 -23.4373 0
      vertex 20.3745 -15.6472 0
      vertex 20.3812 -15.6391 0
    endloop
  endfacet
  facet normal 0 0 -1
    outer loop
      vertex 28.9458 -25.3848 0
      vertex 19.3148 -16.9386 0
      vertex 20.3745 -15.6472 0
    endloop
  endfacet
  facet normal 0 0 -1
    outer loop
      vertex 14.2636 -21.366 0
      vertex 21.3895 -32.0116 0
      vertex 19.25 -33.342 0
    endloop
  endfacet
  facet normal 0 0 -1
    outer loop
      vertex 27.2236 -27.2236 0
      vertex 18.1728 -18.1579 0
      vertex 19.3148 -16.9386 0
    endloop
  endfacet
  facet normal 0 0 -1
    outer loop
      vertex 27.2236 -27.2236 0
      vertex 18.1656 -18.1656 0
      vertex 18.1728 -18.1579 0
    endloop
  endfacet
  facet normal 0 0 -1
    outer loop
      vertex 27.2236 -27.2236 0
      vertex 18.1579 -18.1728 0
      vertex 18.1656 -18.1656 0
    endloop
  endfacet
  facet normal 0 0 -1
    outer loop
      vertex 12.845 -22.2482 0
      vertex 19.25 -33.342 0
      vertex 17.0281 -34.5296 0
    endloop
  endfacet
  facet normal 0 0 -1
    outer loop
      vertex 25.3848 -28.9458 0
      vertex 16.9386 -19.3148 0
      vertex 18.1579 -18.1728 0
    endloop
  endfacet
  facet normal 0 0 -1
    outer loop
      vertex 23.4373 -30.5441 0
      vertex 15.6472 -20.3745 0
      vertex 16.9386 -19.3148 0
    endloop
  endfacet
  facet normal 0 0 -1
    outer loop
      vertex 23.4373 -30.5441 0
      vertex 15.6391 -20.3812 0
      vertex 15.6472 -20.3745 0
    endloop
  endfacet
  facet normal 0 0 -1
    outer loop
      vertex 23.4373 -30.5441 0
      vertex 15.6305 -20.3874 0
      vertex 15.6391 -20.3812 0
    endloop
  endfacet
  facet normal 0 0 -1
    outer loop
      vertex 11.3528 -23.045 0
      vertex 17.0281 -34.5296 0
      vertex 14.7333 -35.5694 0
    endloop
  endfacet
  facet normal 0 0 -1
    outer loop
      vertex 21.3895 -32.0116 0
      vertex 14.2726 -21.3605 0
      vertex 15.6305 -20.3874 0
    endloop
  endfacet
  facet normal 0 0 -1
    outer loop
      vertex 21.3895 -32.0116 0
      vertex 14.2636 -21.366 0
      vertex 14.2726 -21.3605 0
    endloop
  endfacet
  facet normal 0 0 -1
    outer loop
      vertex 19.25 -33.342 0
      vertex 12.845 -22.2482 0
      vertex 14.2636 -21.366 0
    endloop
  endfacet
  facet normal 0 0 -1
    outer loop
      vertex 9.82126 -23.7382 0
      vertex 14.7333 -35.5694 0
      vertex 12.3754 -36.4568 0
    endloop
  endfacet
  facet normal 0 0 -1
    outer loop
      vertex 17.0281 -34.5296 0
      vertex 11.3717 -23.0357 0
      vertex 12.845 -22.2482 0
    endloop
  endfacet
  facet normal 0 0 -1
    outer loop
      vertex 17.0281 -34.5296 0
      vertex 11.3624 -23.0407 0
      vertex 11.3717 -23.0357 0
    endloop
  endfacet
  facet normal 0 0 -1
    outer loop
      vertex 17.0281 -34.5296 0
      vertex 11.3528 -23.045 0
      vertex 11.3624 -23.0407 0
    endloop
  endfacet
  facet normal 0 0 -1
    outer loop
      vertex 8.25778 -24.3266 0
      vertex 12.3754 -36.4568 0
      vertex 9.96453 -37.1881 0
    endloop
  endfacet
  facet normal 0 0 -1
    outer loop
      vertex 14.7333 -35.5694 0
      vertex 9.83114 -23.7345 0
      vertex 11.3528 -23.045 0
    endloop
  endfacet
  facet normal 0 0 -1
    outer loop
      vertex 14.7333 -35.5694 0
      vertex 9.82126 -23.7382 0
      vertex 9.83114 -23.7345 0
    endloop
  endfacet
  facet normal 0 0 -1
    outer loop
      vertex 12.3754 -36.4568 0
      vertex 8.25778 -24.3266 0
      vertex 9.82126 -23.7382 0
    endloop
  endfacet
  facet normal 0 0 -1
    outer loop
      vertex 1.73867 -33.8041 0
      vertex 9.96453 -37.1881 0
      vertex 7.51098 -37.7602 0
    endloop
  endfacet
  facet normal 0 0 -1
    outer loop
      vertex 9.96453 -37.1881 0
      vertex 6.65916 -24.8116 0
      vertex 8.25778 -24.3266 0
    endloop
  endfacet
  facet normal 0 0 -1
    outer loop
      vertex 9.96453 -37.1881 0
      vertex 6.64906 -24.8146 0
      vertex 6.65916 -24.8116 0
    endloop
  endfacet
  facet normal 0 0 -1
    outer loop
      vertex 9.96453 -37.1881 0
      vertex 6.63878 -24.817 0
      vertex 6.64906 -24.8146 0
    endloop
  endfacet
  facet normal 0 0 -1
    outer loop
      vertex 1.8 -34.27 0
      vertex 7.51098 -37.7602 0
      vertex 5.02526 -38.1706 0
    endloop
  endfacet
  facet normal 0 0 -1
    outer loop
      vertex 9.96453 -37.1881 0
      vertex 1.73867 -33.8041 0
      vertex 6.63878 -24.817 0
    endloop
  endfacet
  facet normal 0 0 -1
    outer loop
      vertex 1.55885 -33.37 0
      vertex 6.63878 -24.817 0
      vertex 1.73867 -33.8041 0
    endloop
  endfacet
  facet normal 0 0 -1
    outer loop
      vertex 6.63878 -24.817 0
      vertex 1.55885 -33.37 0
      vertex 5.01187 -25.1964 0
    endloop
  endfacet
  facet normal 0 0 -1
    outer loop
      vertex 1.27279 -32.9972 0
      vertex 5.01187 -25.1964 0
      vertex 1.55885 -33.37 0
    endloop
  endfacet
  facet normal 0 0 -1
    outer loop
      vertex 1.55885 -35.17 0
      vertex 5.02526 -38.1706 0
      vertex 2.51802 -38.4176 0
    endloop
  endfacet
  facet normal 0 0 -1
    outer loop
      vertex 7.51098 -37.7602 0
      vertex 1.8 -34.27 0
      vertex 1.73867 -33.8041 0
    endloop
  endfacet
  facet normal 0 0 -1
    outer loop
      vertex 5.01187 -25.1964 0
      vertex 1.27279 -32.9972 0
      vertex 3.36363 -25.4685 0
    endloop
  endfacet
  facet normal 0 0 -1
    outer loop
      vertex 3.36363 -25.4685 0
      vertex 1.27279 -32.9972 0
      vertex 3.35322 -25.4702 0
    endloop
  endfacet
  facet normal 0 0 -1
    outer loop
      vertex 3.35322 -25.4702 0
      vertex 1.27279 -32.9972 0
      vertex 3.34271 -25.4713 0
    endloop
  endfacet
  facet normal 0 0 -1
    outer loop
      vertex 0.9 -32.7112 0
      vertex 3.34271 -25.4713 0
      vertex 1.27279 -32.9972 0
    endloop
  endfacet
  facet normal 0 0 -1
    outer loop
      vertex 3.34271 -25.4713 0
      vertex 0.9 -32.7112 0
      vertex 1.68021 -25.635 0
    endloop
  endfacet
  facet normal 0 0 -1
    outer loop
      vertex 0.465874 -32.5313 0
      vertex 1.68021 -25.635 0
      vertex 0.9 -32.7112 0
    endloop
  endfacet
  facet normal 0 0 -1
    outer loop
      vertex 0.465874 -32.5313 0
      vertex 0.0105509 -25.6897 0
      vertex 1.68021 -25.635 0
    endloop
  endfacet
  facet normal 0 0 -1
    outer loop
      vertex 0 -32.47 0
      vertex 0.0105509 -25.6897 0
      vertex 0.465874 -32.5313 0
    endloop
  endfacet
  facet normal 0 0 -1
    outer loop
      vertex 0 -32.47 0
      vertex 0 -25.69 0
      vertex 0.0105509 -25.6897 0
    endloop
  endfacet
  facet normal 0 0 -1
    outer loop
      vertex 0 -32.47 0
      vertex -0.0105509 -25.6897 0
      vertex 0 -25.69 0
    endloop
  endfacet
  facet normal 0 0 -1
    outer loop
      vertex -0.465874 -32.5313 0
      vertex -0.0105509 -25.6897 0
      vertex 0 -32.47 0
    endloop
  endfacet
  facet normal 0 0 -1
    outer loop
      vertex -1.68021 -25.635 0
      vertex -0.465874 -32.5313 0
      vertex -0.9 -32.7112 0
    endloop
  endfacet
  facet normal 0 0 -1
    outer loop
      vertex -3.34271 -25.4713 0
      vertex -0.9 -32.7112 0
      vertex -1.27279 -32.9972 0
    endloop
  endfacet
  facet normal 0 0 -1
    outer loop
      vertex -5.01187 -25.1964 0
      vertex -1.27279 -32.9972 0
      vertex -1.55885 -33.37 0
    endloop
  endfacet
  facet normal 0 0 -1
    outer loop
      vertex -0.465874 -32.5313 0
      vertex -1.68021 -25.635 0
      vertex -0.0105509 -25.6897 0
    endloop
  endfacet
  facet normal 0 0 -1
    outer loop
      vertex -6.63878 -24.817 0
      vertex -1.55885 -33.37 0
      vertex -1.73867 -33.8041 0
    endloop
  endfacet
  facet normal 0 0 -1
    outer loop
      vertex -7.51098 -37.7602 0
      vertex -1.73867 -33.8041 0
      vertex -1.8 -34.27 0
    endloop
  endfacet
  facet normal -0 0 -1
    outer loop
      vertex -1.73867 -34.7359 0
      vertex -5.02526 -38.1706 0
      vertex -1.8 -34.27 0
    endloop
  endfacet
  facet normal 0 0 -1
    outer loop
      vertex -0.9 -32.7112 0
      vertex -3.34271 -25.4713 0
      vertex -1.68021 -25.635 0
    endloop
  endfacet
  facet normal 0 0 -1
    outer loop
      vertex -7.51098 -37.7602 0
      vertex -1.8 -34.27 0
      vertex -5.02526 -38.1706 0
    endloop
  endfacet
  facet normal 0 0 -1
    outer loop
      vertex -1.27279 -32.9972 0
      vertex -3.35322 -25.4702 0
      vertex -3.34271 -25.4713 0
    endloop
  endfacet
  facet normal 0 0 -1
    outer loop
      vertex -1.27279 -32.9972 0
      vertex -3.36363 -25.4685 0
      vertex -3.35322 -25.4702 0
    endloop
  endfacet
  facet normal 0 0 -1
    outer loop
      vertex -1.27279 -32.9972 0
      vertex -5.01187 -25.1964 0
      vertex -3.36363 -25.4685 0
    endloop
  endfacet
  facet normal 0 0 -1
    outer loop
      vertex -1.73867 -33.8041 0
      vertex -7.51098 -37.7602 0
      vertex -9.96453 -37.1881 0
    endloop
  endfacet
  facet normal 0 0 -1
    outer loop
      vertex -1.55885 -33.37 0
      vertex -6.63878 -24.817 0
      vertex -5.01187 -25.1964 0
    endloop
  endfacet
  facet normal -0 0 -1
    outer loop
      vertex -1.73867 -33.8041 0
      vertex -9.96453 -37.1881 0
      vertex -6.63878 -24.817 0
    endloop
  endfacet
  facet normal -0 0 -1
    outer loop
      vertex -6.63878 -24.817 0
      vertex -9.96453 -37.1881 0
      vertex -6.64906 -24.8146 0
    endloop
  endfacet
  facet normal -0 0 -1
    outer loop
      vertex -6.64906 -24.8146 0
      vertex -9.96453 -37.1881 0
      vertex -6.65916 -24.8116 0
    endloop
  endfacet
  facet normal -0 0 -1
    outer loop
      vertex -6.65916 -24.8116 0
      vertex -9.96453 -37.1881 0
      vertex -8.25778 -24.3266 0
    endloop
  endfacet
  facet normal 0 0 -1
    outer loop
      vertex -12.3754 -36.4568 0
      vertex -8.25778 -24.3266 0
      vertex -9.96453 -37.1881 0
    endloop
  endfacet
  facet normal 0 0 -1
    outer loop
      vertex -13.7901 -35.9244 0
      vertex -8.25778 -24.3266 0
      vertex -12.3754 -36.4568 0
    endloop
  endfacet
  facet normal -0 0 -1
    outer loop
      vertex -8.25778 -24.3266 0
      vertex -13.7901 -35.9244 0
      vertex -9.82126 -23.7382 0
    endloop
  endfacet
  facet normal -0 0 -1
    outer loop
      vertex -9.82126 -23.7382 0
      vertex -13.7901 -35.9244 0
      vertex -9.83114 -23.7345 0
    endloop
  endfacet
  facet normal -0 0 -1
    outer loop
      vertex -9.83114 -23.7345 0
      vertex -13.7901 -35.9244 0
      vertex -11.3528 -23.045 0
    endloop
  endfacet
  facet normal -0 0 -1
    outer loop
      vertex -11.3528 -23.045 0
      vertex -13.7901 -35.9244 0
      vertex -11.3624 -23.0407 0
    endloop
  endfacet
  facet normal -0 0 -1
    outer loop
      vertex -11.3624 -23.0407 0
      vertex -13.7901 -35.9244 0
      vertex -11.3717 -23.0357 0
    endloop
  endfacet
  facet normal -0 0 -1
    outer loop
      vertex -11.3717 -23.0357 0
      vertex -13.7901 -35.9244 0
      vertex -12.845 -22.2482 0
    endloop
  endfacet
  facet normal 0 0 -1
    outer loop
      vertex -24.2164 -29.9047 0
      vertex -12.845 -22.2482 0
      vertex -13.7901 -35.9244 0
    endloop
  endfacet
  facet normal -0 0 -1
    outer loop
      vertex -12.845 -22.2482 0
      vertex -24.2164 -29.9047 0
      vertex -14.2636 -21.366 0
    endloop
  endfacet
  facet normal 0 0 -1
    outer loop
      vertex -15.69 -37.8791 0
      vertex -13.7901 -35.9244 0
      vertex -14.6887 -38.2653 0
    endloop
  endfacet
  facet normal 0 0 -1
    outer loop
      vertex -17.5298 -37.0636 0
      vertex -13.7901 -35.9244 0
      vertex -15.69 -37.8791 0
    endloop
  endfacet
  facet normal 0 0 -1
    outer loop
      vertex -19.3273 -36.1588 0
      vertex -13.7901 -35.9244 0
      vertex -17.5298 -37.0636 0
    endloop
  endfacet
  facet normal 0 0 -1
    outer loop
      vertex -21.0782 -35.1669 0
      vertex -13.7901 -35.9244 0
      vertex -19.3273 -36.1588 0
    endloop
  endfacet
  facet normal 0 0 -1
    outer loop
      vertex -24.2164 -29.9047 0
      vertex -13.7901 -35.9244 0
      vertex -21.0782 -35.1669 0
    endloop
  endfacet
  facet normal -0 0 -1
    outer loop
      vertex -14.2726 -21.3605 0
      vertex -24.2164 -29.9047 0
      vertex -15.6305 -20.3874 0
    endloop
  endfacet
  facet normal -0 0 -1
    outer loop
      vertex -15.6305 -20.3874 0
      vertex -24.2164 -29.9047 0
      vertex -15.6391 -20.3812 0
    endloop
  endfacet
  facet normal -0 0 -1
    outer loop
      vertex -15.6391 -20.3812 0
      vertex -24.2164 -29.9047 0
      vertex -15.6472 -20.3745 0
    endloop
  endfacet
  facet normal -0 0 -1
    outer loop
      vertex -15.6472 -20.3745 0
      vertex -24.2164 -29.9047 0
      vertex -16.9386 -19.3148 0
    endloop
  endfacet
  facet normal 0 0 -1
    outer loop
      vertex -25.3848 -28.9458 0
      vertex -16.9386 -19.3148 0
      vertex -24.2164 -29.9047 0
    endloop
  endfacet
  facet normal -0 0 -1
    outer loop
      vertex -16.9386 -19.3148 0
      vertex -25.3848 -28.9458 0
      vertex -18.1579 -18.1728 0
    endloop
  endfacet
  facet normal 0 0 -1
    outer loop
      vertex -27.2236 -27.2236 0
      vertex -18.1579 -18.1728 0
      vertex -25.3848 -28.9458 0
    endloop
  endfacet
  facet normal -0 0 -1
    outer loop
      vertex -18.1579 -18.1728 0
      vertex -27.2236 -27.2236 0
      vertex -18.1656 -18.1656 0
    endloop
  endfacet
  facet normal -0 0 -1
    outer loop
      vertex -18.1656 -18.1656 0
      vertex -27.2236 -27.2236 0
      vertex -18.1728 -18.1579 0
    endloop
  endfacet
  facet normal -0 0 -1
    outer loop
      vertex -18.1728 -18.1579 0
      vertex -27.2236 -27.2236 0
      vertex -19.3148 -16.9386 0
    endloop
  endfacet
  facet normal -0 0 -1
    outer loop
      vertex -14.2636 -21.366 0
      vertex -24.2164 -29.9047 0
      vertex -14.2726 -21.3605 0
    endloop
  endfacet
  facet normal 0 0 -1
    outer loop
      vertex -28.9458 -25.3848 0
      vertex -19.3148 -16.9386 0
      vertex -27.2236 -27.2236 0
    endloop
  endfacet
  facet normal -0 0 -1
    outer loop
      vertex -19.3148 -16.9386 0
      vertex -28.9458 -25.3848 0
      vertex -20.3745 -15.6472 0
    endloop
  endfacet
  facet normal 0 0 -1
    outer loop
      vertex -30.5441 -23.4373 0
      vertex -20.3745 -15.6472 0
      vertex -28.9458 -25.3848 0
    endloop
  endfacet
  facet normal 0 0 -1
    outer loop
      vertex -24.2164 -29.9047 0
      vertex -21.0782 -35.1669 0
      vertex -22.7784 -34.0903 0
    endloop
  endfacet
  facet normal -0 0 -1
    outer loop
      vertex -20.3745 -15.6472 0
      vertex -30.5441 -23.4373 0
      vertex -20.3812 -15.6391 0
    endloop
  endfacet
  facet normal -0 0 -1
    outer loop
      vertex -20.3812 -15.6391 0
      vertex -30.5441 -23.4373 0
      vertex -20.3874 -15.6305 0
    endloop
  endfacet
  facet normal -0 0 -1
    outer loop
      vertex -20.3874 -15.6305 0
      vertex -30.5441 -23.4373 0
      vertex -21.3605 -14.2726 0
    endloop
  endfacet
  facet normal 0 0 -1
    outer loop
      vertex -32.0116 -21.3895 0
      vertex -21.3605 -14.2726 0
      vertex -30.5441 -23.4373 0
    endloop
  endfacet
  facet normal -0 0 -1
    outer loop
      vertex -21.3605 -14.2726 0
      vertex -32.0116 -21.3895 0
      vertex -21.366 -14.2636 0
    endloop
  endfacet
  facet normal -0 0 -1
    outer loop
      vertex -21.366 -14.2636 0
      vertex -32.0116 -21.3895 0
      vertex -22.2482 -12.845 0
    endloop
  endfacet
  facet normal 0 0 -1
    outer loop
      vertex -24.4237 -32.9315 0
      vertex -24.2164 -29.9047 0
      vertex -22.7784 -34.0903 0
    endloop
  endfacet
  facet normal 0 0 -1
    outer loop
      vertex -24.2164 -29.9047 0
      vertex -24.4237 -32.9315 0
      vertex -25.7985 -31.8585 0
    endloop
  endfacet
  facet normal 0.615272 -0.788315 0
    outer loop
      vertex -22.6366 30.5219 4.1
      vertex -23.9108 29.5274 5.00773
      vertex -23.9108 29.5274 4.1
    endloop
  endfacet
  facet normal 0.615272 -0.788315 0
    outer loop
      vertex -23.9108 29.5274 5.00773
      vertex -22.6366 30.5219 4.1
      vertex -22.6366 30.5219 5.43013
    endloop
  endfacet
  facet normal -0.615239 0.788341 0
    outer loop
      vertex -24.4237 32.9315 0
      vertex -25.3901 32.1773 2.14354
      vertex -24.4237 32.9315 2.46942
    endloop
  endfacet
  facet normal -0.615266 0.78832 -1.95385e-05
    outer loop
      vertex -25.7985 31.8585 0
      vertex -25.3901 32.1773 2.14354
      vertex -24.4237 32.9315 0
    endloop
  endfacet
  facet normal -0.615329 0.78827 0
    outer loop
      vertex -25.3901 32.1773 2.14354
      vertex -25.7985 31.8585 0
      vertex -25.7985 31.8585 2.00814
    endloop
  endfacet
  facet normal -0.407239 0.578328 0.70689
    outer loop
      vertex -21.1357 31.5789 6
      vertex -21.1117 31.5958 6
      vertex -21.1684 31.6187 5.9486
    endloop
  endfacet
  facet normal -0.407463 0.57803 0.707005
    outer loop
      vertex -22.7784 34.0903 3
      vertex -21.1684 31.6187 5.9486
      vertex -21.1117 31.5958 6
    endloop
  endfacet
  facet normal -0.40724 0.578181 0.70701
    outer loop
      vertex -21.1684 31.6187 5.9486
      vertex -22.7784 34.0903 3
      vertex -23.0429 33.904 3
    endloop
  endfacet
  facet normal 0.575746 -0.817628 0.000422274
    outer loop
      vertex -21.3373 31.4369 5.92255
      vertex -21.1117 31.5958 6
      vertex -21.1357 31.5789 6
    endloop
  endfacet
  facet normal 0.575782 -0.817604 -1.1467e-05
    outer loop
      vertex -21.1117 31.5958 4.1
      vertex -21.3373 31.4369 5.92255
      vertex -22.6366 30.5219 5.43013
    endloop
  endfacet
  facet normal 0.575788 -0.817599 0
    outer loop
      vertex -21.1117 31.5958 4.1
      vertex -22.6366 30.5219 5.43013
      vertex -22.6366 30.5219 4.1
    endloop
  endfacet
  facet normal 0.575843 -0.81756 0
    outer loop
      vertex -21.3373 31.4369 5.92255
      vertex -21.1117 31.5958 4.1
      vertex -21.1117 31.5958 6
    endloop
  endfacet
  facet normal -0.575846 0.817558 0
    outer loop
      vertex -22.7784 34.0903 0
      vertex -23.0429 33.904 3
      vertex -22.7784 34.0903 3
    endloop
  endfacet
  facet normal -0.575821 0.817576 3.20521e-06
    outer loop
      vertex -23.0429 33.904 3
      vertex -22.7784 34.0903 0
      vertex -24.4237 32.9315 2.46942
    endloop
  endfacet
  facet normal -0.575824 0.817573 0
    outer loop
      vertex -24.4237 32.9315 2.46942
      vertex -22.7784 34.0903 0
      vertex -24.4237 32.9315 0
    endloop
  endfacet
  facet normal -0.378362 0.597478 0.707009
    outer loop
      vertex -21.1117 31.5958 6
      vertex -19.5359 32.5937 6
      vertex -22.7784 34.0903 3
    endloop
  endfacet
  facet normal -0.378347 0.597497 0.707001
    outer loop
      vertex -19.5359 32.5937 6
      vertex -21.0782 35.1669 3
      vertex -22.7784 34.0903 3
    endloop
  endfacet
  facet normal 0.535011 -0.844845 0
    outer loop
      vertex -21.1117 31.5958 4.1
      vertex -19.5359 32.5937 6
      vertex -21.1117 31.5958 6
    endloop
  endfacet
  facet normal 0.535011 -0.844845 0
    outer loop
      vertex -19.5359 32.5937 6
      vertex -21.1117 31.5958 4.1
      vertex -19.5359 32.5937 4.1
    endloop
  endfacet
  facet normal -0.534984 0.844862 0
    outer loop
      vertex -21.0782 35.1669 0
      vertex -22.7784 34.0903 3
      vertex -21.0782 35.1669 3
    endloop
  endfacet
  facet normal -0.534984 0.844862 0
    outer loop
      vertex -22.7784 34.0903 3
      vertex -21.0782 35.1669 0
      vertex -22.7784 34.0903 0
    endloop
  endfacet
  facet normal -0.348582 0.615337 0.707001
    outer loop
      vertex -19.5359 32.5937 6
      vertex -17.9131 33.513 6
      vertex -21.0782 35.1669 3
    endloop
  endfacet
  facet normal -0.348589 0.615329 0.707004
    outer loop
      vertex -17.9131 33.513 6
      vertex -19.3273 36.1588 3
      vertex -21.0782 35.1669 3
    endloop
  endfacet
  facet normal 0.492896 -0.870088 0
    outer loop
      vertex -19.5359 32.5937 4.1
      vertex -17.9131 33.513 6
      vertex -19.5359 32.5937 6
    endloop
  endfacet
  facet normal 0.492896 -0.870088 0
    outer loop
      vertex -17.9131 33.513 6
      vertex -19.5359 32.5937 4.1
      vertex -17.9131 33.513 4.1
    endloop
  endfacet
  facet normal -0.492909 0.870081 0
    outer loop
      vertex -19.3273 36.1588 0
      vertex -21.0782 35.1669 3
      vertex -19.3273 36.1588 3
    endloop
  endfacet
  facet normal -0.492909 0.870081 0
    outer loop
      vertex -21.0782 35.1669 3
      vertex -19.3273 36.1588 0
      vertex -21.0782 35.1669 0
    endloop
  endfacet
  facet normal -0.317974 0.631699 0.707
    outer loop
      vertex -17.0287 34.8102 5.23872
      vertex -17.9131 33.513 6
      vertex -16.7531 34.0969 6
    endloop
  endfacet
  facet normal -0.317967 0.631698 0.707005
    outer loop
      vertex -17.9131 33.513 6
      vertex -17.0287 34.8102 5.23872
      vertex -19.3273 36.1588 3
    endloop
  endfacet
  facet normal -0.317941 0.631723 0.706994
    outer loop
      vertex -17.0287 34.8102 5.23872
      vertex -17.8391 36.9078 3
      vertex -19.3273 36.1588 3
    endloop
  endfacet
  facet normal 0.449614 -0.893223 0
    outer loop
      vertex -17.9131 33.513 4.1
      vertex -16.7531 34.0969 6
      vertex -17.9131 33.513 6
    endloop
  endfacet
  facet normal 0.449614 -0.893223 3.95057e-07
    outer loop
      vertex -16.2471 34.3516 4.1
      vertex -16.7531 34.0969 6
      vertex -17.9131 33.513 4.1
    endloop
  endfacet
  facet normal 0.449781 -0.893139 5.61589e-05
    outer loop
      vertex -16.7531 34.0969 6
      vertex -16.2471 34.3516 4.1
      vertex -16.5571 34.1956 5.92407
    endloop
  endfacet
  facet normal 0.449517 -0.893272 0
    outer loop
      vertex -16.5571 34.1956 5.92407
      vertex -16.2471 34.3516 4.1
      vertex -16.2471 34.3516 5.80544
    endloop
  endfacet
  facet normal -0.449868 0.893095 0
    outer loop
      vertex -17.5298 37.0636 0
      vertex -17.8391 36.9078 3
      vertex -17.5298 37.0636 2.88017
    endloop
  endfacet
  facet normal -0.449617 0.893221 3.24425e-05
    outer loop
      vertex -17.8391 36.9078 3
      vertex -17.5298 37.0636 0
      vertex -19.3273 36.1588 0
    endloop
  endfacet
  facet normal -0.449565 0.893248 0
    outer loop
      vertex -17.8391 36.9078 3
      vertex -19.3273 36.1588 0
      vertex -19.3273 36.1588 3
    endloop
  endfacet
  facet normal 0.405233 -0.914213 0
    outer loop
      vertex -16.2471 34.3516 4.1
      vertex -14.542 35.1074 5.25754
      vertex -16.2471 34.3516 5.80544
    endloop
  endfacet
  facet normal 0.405233 -0.914213 0
    outer loop
      vertex -14.542 35.1074 5.25754
      vertex -16.2471 34.3516 4.1
      vertex -14.542 35.1074 4.1
    endloop
  endfacet
  facet normal -0.40523 0.914215 0
    outer loop
      vertex -17.5298 37.0636 0
      vertex -15.69 37.8791 2.28022
      vertex -15.69 37.8791 0
    endloop
  endfacet
  facet normal -0.40523 0.914215 0
    outer loop
      vertex -15.69 37.8791 2.28022
      vertex -17.5298 37.0636 0
      vertex -17.5298 37.0636 2.88017
    endloop
  endfacet
  facet normal 0.359888 -0.932995 0
    outer loop
      vertex -14.542 35.1074 4.1
      vertex -13.6139 35.4654 5.01383
      vertex -14.542 35.1074 5.25754
    endloop
  endfacet
  facet normal 0.359888 -0.932995 0
    outer loop
      vertex -13.6139 35.4654 5.01383
      vertex -14.542 35.1074 4.1
      vertex -13.6139 35.4654 4.1
    endloop
  endfacet
  facet normal -0.359859 0.933007 0
    outer loop
      vertex -15.69 37.8791 0
      vertex -14.6887 38.2653 2.01473
      vertex -14.6887 38.2653 0
    endloop
  endfacet
  facet normal -0.359815 0.933024 -2.51837e-05
    outer loop
      vertex -14.6887 38.2653 2.01473
      vertex -15.69 37.8791 0
      vertex -15.1705 38.0795 2.14125
    endloop
  endfacet
  facet normal -0.359906 0.932989 0
    outer loop
      vertex -15.1705 38.0795 2.14125
      vertex -15.69 37.8791 0
      vertex -15.69 37.8791 2.28022
    endloop
  endfacet
  facet normal -0.975714 -0.21905 0
    outer loop
      vertex 37.2698 7.41343 4.1
      vertex 37.0156 8.54571 5.0132
      vertex 37.0156 8.54571 4.1
    endloop
  endfacet
  facet normal -0.975714 -0.21905 0
    outer loop
      vertex 37.0156 8.54571 5.0132
      vertex 37.2698 7.41343 4.1
      vertex 37.2698 7.41343 5.30258
    endloop
  endfacet
  facet normal 0.975719 0.219024 0
    outer loop
      vertex 40.0513 8.71519 2.14316
      vertex 39.9379 9.22037 0
      vertex 39.9379 9.22037 2.01405
    endloop
  endfacet
  facet normal 0.9757 0.21911 -0
    outer loop
      vertex 40.2122 7.9987 0
      vertex 40.0513 8.71519 2.14316
      vertex 40.2122 7.9987 2.32962
    endloop
  endfacet
  facet normal 0.975708 0.219074 1.24826e-05
    outer loop
      vertex 40.0513 8.71519 2.14316
      vertex 40.2122 7.9987 0
      vertex 39.9379 9.22037 0
    endloop
  endfacet
  facet normal -0.985275 -0.17098 0
    outer loop
      vertex 37.5887 5.57576 4.1
      vertex 37.2698 7.41343 5.30258
      vertex 37.2698 7.41343 4.1
    endloop
  endfacet
  facet normal -0.985275 -0.17098 0
    outer loop
      vertex 37.2698 7.41343 5.30258
      vertex 37.5887 5.57576 4.1
      vertex 37.5887 5.57576 5.8585
    endloop
  endfacet
  facet normal 0.985281 0.170943 -0
    outer loop
      vertex 40.5562 6.01595 0
      vertex 40.2122 7.9987 2.32962
      vertex 40.5562 6.01595 2.93818
    endloop
  endfacet
  facet normal 0.985281 0.170943 0
    outer loop
      vertex 40.2122 7.9987 2.32962
      vertex 40.5562 6.01595 0
      vertex 40.2122 7.9987 0
    endloop
  endfacet
  facet normal 0.701887 0.0865731 0.707007
    outer loop
      vertex 37.817 3.72465 6
      vertex 40.2606 5.76864 3.32381
      vertex 37.6384 5.17264 6
    endloop
  endfacet
  facet normal 0.701967 0.0866069 0.706924
    outer loop
      vertex 40.2606 5.76864 3.32381
      vertex 40.8026 4.0187 3
      vertex 40.5778 5.84075 3
    endloop
  endfacet
  facet normal 0.70189 0.0865679 0.707006
    outer loop
      vertex 40.8026 4.0187 3
      vertex 40.2606 5.76864 3.32381
      vertex 37.817 3.72465 6
    endloop
  endfacet
  facet normal -0.99249 -0.122322 0
    outer loop
      vertex 37.5887 5.57576 4.1
      vertex 37.6105 5.39888 5.92018
      vertex 37.5887 5.57576 5.8585
    endloop
  endfacet
  facet normal -0.992481 -0.122396 -7.2874e-06
    outer loop
      vertex 37.5887 5.57576 4.1
      vertex 37.6384 5.17264 6
      vertex 37.6105 5.39888 5.92018
    endloop
  endfacet
  facet normal -0.99248 -0.122404 -9.06637e-06
    outer loop
      vertex 37.817 3.72465 4.1
      vertex 37.6384 5.17264 6
      vertex 37.5887 5.57576 4.1
    endloop
  endfacet
  facet normal -0.992479 -0.122416 0
    outer loop
      vertex 37.6384 5.17264 6
      vertex 37.817 3.72465 4.1
      vertex 37.817 3.72465 6
    endloop
  endfacet
  facet normal 0.992486 0.122361 0
    outer loop
      vertex 40.5778 5.84075 3
      vertex 40.5562 6.01595 0
      vertex 40.5562 6.01595 2.93818
    endloop
  endfacet
  facet normal 0.992475 0.122449 -0
    outer loop
      vertex 40.8026 4.0187 0
      vertex 40.5778 5.84075 3
      vertex 40.8026 4.0187 3
    endloop
  endfacet
  facet normal 0.992476 0.122441 4.75057e-06
    outer loop
      vertex 40.5778 5.84075 3
      vertex 40.8026 4.0187 0
      vertex 40.5562 6.01595 0
    endloop
  endfacet
  facet normal 0.705292 0.0520225 0.707006
    outer loop
      vertex 37.9542 1.86457 6
      vertex 40.8026 4.0187 3
      vertex 37.817 3.72465 6
    endloop
  endfacet
  facet normal 0.705296 0.0520117 0.707002
    outer loop
      vertex 40.9506 2.01177 3
      vertex 40.8026 4.0187 3
      vertex 37.9542 1.86457 6
    endloop
  endfacet
  facet normal -0.997291 -0.0735604 0
    outer loop
      vertex 37.9542 1.86457 4.1
      vertex 37.817 3.72465 6
      vertex 37.817 3.72465 4.1
    endloop
  endfacet
  facet normal -0.997291 -0.0735604 0
    outer loop
      vertex 37.817 3.72465 6
      vertex 37.9542 1.86457 4.1
      vertex 37.9542 1.86457 6
    endloop
  endfacet
  facet normal 0.997292 0.0735448 0
    outer loop
      vertex 40.9506 2.01177 3
      vertex 40.8026 4.0187 0
      vertex 40.8026 4.0187 3
    endloop
  endfacet
  facet normal 0.997292 0.0735448 0
    outer loop
      vertex 40.8026 4.0187 0
      vertex 40.9506 2.01177 3
      vertex 40.9506 2.01177 0
    endloop
  endfacet
  facet normal 0.706998 0.0173662 0.707002
    outer loop
      vertex 38 0 6
      vertex 40.9506 2.01177 3
      vertex 37.9542 1.86457 6
    endloop
  endfacet
  facet normal 0.707 0.0173607 0.707
    outer loop
      vertex 41 0 3
      vertex 40.9506 2.01177 3
      vertex 38 0 6
    endloop
  endfacet
  facet normal -0.999698 -0.0245559 0
    outer loop
      vertex 38 0 4.1
      vertex 37.9542 1.86457 6
      vertex 37.9542 1.86457 4.1
    endloop
  endfacet
  facet normal -0.999698 -0.0245559 0
    outer loop
      vertex 37.9542 1.86457 6
      vertex 38 0 4.1
      vertex 38 0 6
    endloop
  endfacet
  facet normal 0.999699 0.0245481 0
    outer loop
      vertex 41 0 3
      vertex 40.9506 2.01177 0
      vertex 40.9506 2.01177 3
    endloop
  endfacet
  facet normal 0.999699 0.0245481 0
    outer loop
      vertex 40.9506 2.01177 0
      vertex 41 0 3
      vertex 41 0 0
    endloop
  endfacet
  facet normal 0.707 -0.0173663 0.707
    outer loop
      vertex 41 0 3
      vertex 38 0 6
      vertex 37.9542 -1.86457 6
    endloop
  endfacet
  facet normal 0.706998 -0.0173607 0.707002
    outer loop
      vertex 40.9506 -2.01177 3
      vertex 41 0 3
      vertex 37.9542 -1.86457 6
    endloop
  endfacet
  facet normal -0.999698 0.0245559 0
    outer loop
      vertex 37.9542 -1.86457 4.1
      vertex 38 0 6
      vertex 38 0 4.1
    endloop
  endfacet
  facet normal -0.999698 0.0245559 0
    outer loop
      vertex 38 0 6
      vertex 37.9542 -1.86457 4.1
      vertex 37.9542 -1.86457 6
    endloop
  endfacet
  facet normal 0.999699 -0.0245481 0
    outer loop
      vertex 40.9506 -2.01177 3
      vertex 41 0 0
      vertex 41 0 3
    endloop
  endfacet
  facet normal 0.999699 -0.0245481 0
    outer loop
      vertex 41 0 0
      vertex 40.9506 -2.01177 3
      vertex 40.9506 -2.01177 0
    endloop
  endfacet
  facet normal 0.705296 -0.0520228 0.707002
    outer loop
      vertex 40.9506 -2.01177 3
      vertex 37.9542 -1.86457 6
      vertex 37.817 -3.72465 6
    endloop
  endfacet
  facet normal 0.705293 -0.0520115 0.707005
    outer loop
      vertex 40.8026 -4.0187 3
      vertex 40.9506 -2.01177 3
      vertex 37.817 -3.72465 6
    endloop
  endfacet
  facet normal -0.997291 0.0735604 0
    outer loop
      vertex 37.817 -3.72465 4.1
      vertex 37.9542 -1.86457 6
      vertex 37.9542 -1.86457 4.1
    endloop
  endfacet
  facet normal -0.997291 0.0735604 0
    outer loop
      vertex 37.9542 -1.86457 6
      vertex 37.817 -3.72465 4.1
      vertex 37.817 -3.72465 6
    endloop
  endfacet
  facet normal 0.997292 -0.0735448 0
    outer loop
      vertex 40.8026 -4.0187 3
      vertex 40.9506 -2.01177 0
      vertex 40.9506 -2.01177 3
    endloop
  endfacet
  facet normal 0.997292 -0.0735448 0
    outer loop
      vertex 40.9506 -2.01177 0
      vertex 40.8026 -4.0187 3
      vertex 40.8026 -4.0187 0
    endloop
  endfacet
  facet normal 0.701888 -0.0865836 0.707005
    outer loop
      vertex 37.817 -3.72465 6
      vertex 38.1709 -5.29368 5.45651
      vertex 40.8026 -4.0187 3
    endloop
  endfacet
  facet normal 0.701903 -0.0865751 0.706991
    outer loop
      vertex 38.1709 -5.29368 5.45651
      vertex 37.817 -3.72465 6
      vertex 37.6384 -5.17264 6
    endloop
  endfacet
  facet normal 0.701891 -0.0865975 0.707001
    outer loop
      vertex 40.5778 -5.84075 3
      vertex 40.8026 -4.0187 3
      vertex 38.1709 -5.29368 5.45651
    endloop
  endfacet
  facet normal -0.992479 0.122416 0
    outer loop
      vertex 37.817 -3.72465 4.1
      vertex 37.6384 -5.17264 6
      vertex 37.817 -3.72465 6
    endloop
  endfacet
  facet normal -0.99248 0.122404 -9.06637e-06
    outer loop
      vertex 37.5887 -5.57576 4.1
      vertex 37.6384 -5.17264 6
      vertex 37.817 -3.72465 4.1
    endloop
  endfacet
  facet normal -0.992481 0.122396 -7.2874e-06
    outer loop
      vertex 37.6384 -5.17264 6
      vertex 37.5887 -5.57576 4.1
      vertex 37.6105 -5.39888 5.92018
    endloop
  endfacet
  facet normal -0.99249 0.122322 0
    outer loop
      vertex 37.6105 -5.39888 5.92018
      vertex 37.5887 -5.57576 4.1
      vertex 37.5887 -5.57576 5.8585
    endloop
  endfacet
  facet normal 0.992475 -0.122449 0
    outer loop
      vertex 40.5778 -5.84075 3
      vertex 40.8026 -4.0187 0
      vertex 40.8026 -4.0187 3
    endloop
  endfacet
  facet normal 0.992486 -0.122361 0
    outer loop
      vertex 40.5562 -6.01595 0
      vertex 40.5778 -5.84075 3
      vertex 40.5562 -6.01595 2.93818
    endloop
  endfacet
  facet normal 0.992476 -0.122441 4.75057e-06
    outer loop
      vertex 40.5778 -5.84075 3
      vertex 40.5562 -6.01595 0
      vertex 40.8026 -4.0187 0
    endloop
  endfacet
  facet normal -0.985275 0.17098 0
    outer loop
      vertex 37.2698 -7.41343 5.30258
      vertex 37.5887 -5.57576 4.1
      vertex 37.2698 -7.41343 4.1
    endloop
  endfacet
  facet normal -0.985275 0.17098 0
    outer loop
      vertex 37.5887 -5.57576 4.1
      vertex 37.2698 -7.41343 5.30258
      vertex 37.5887 -5.57576 5.8585
    endloop
  endfacet
  facet normal 0.985281 -0.170943 0
    outer loop
      vertex 40.2122 -7.9987 2.32962
      vertex 40.5562 -6.01595 0
      vertex 40.5562 -6.01595 2.93818
    endloop
  endfacet
  facet normal 0.985281 -0.170943 0
    outer loop
      vertex 40.5562 -6.01595 0
      vertex 40.2122 -7.9987 2.32962
      vertex 40.2122 -7.9987 0
    endloop
  endfacet
  facet normal -0.975714 0.21905 0
    outer loop
      vertex 37.0156 -8.54571 5.0132
      vertex 37.2698 -7.41343 4.1
      vertex 37.0156 -8.54571 4.1
    endloop
  endfacet
  facet normal -0.975714 0.21905 0
    outer loop
      vertex 37.2698 -7.41343 4.1
      vertex 37.0156 -8.54571 5.0132
      vertex 37.2698 -7.41343 5.30258
    endloop
  endfacet
  facet normal 0.9757 -0.21911 0
    outer loop
      vertex 40.0513 -8.71519 2.14316
      vertex 40.2122 -7.9987 0
      vertex 40.2122 -7.9987 2.32962
    endloop
  endfacet
  facet normal 0.975719 -0.219024 0
    outer loop
      vertex 39.9379 -9.22037 0
      vertex 40.0513 -8.71519 2.14316
      vertex 39.9379 -9.22037 2.01405
    endloop
  endfacet
  facet normal 0.975708 -0.219074 1.24826e-05
    outer loop
      vertex 40.0513 -8.71519 2.14316
      vertex 39.9379 -9.22037 0
      vertex 40.2122 -7.9987 0
    endloop
  endfacet
  facet normal 0.359888 0.932995 0
    outer loop
      vertex -14.542 -35.1074 4.1
      vertex -13.6139 -35.4654 5.01383
      vertex -13.6139 -35.4654 4.1
    endloop
  endfacet
  facet normal 0.359888 0.932995 0
    outer loop
      vertex -13.6139 -35.4654 5.01383
      vertex -14.542 -35.1074 4.1
      vertex -14.542 -35.1074 5.25754
    endloop
  endfacet
  facet normal -0.359906 -0.932989 0
    outer loop
      vertex -15.69 -37.8791 0
      vertex -15.1705 -38.0795 2.14125
      vertex -15.69 -37.8791 2.28022
    endloop
  endfacet
  facet normal -0.359815 -0.933024 -2.51837e-05
    outer loop
      vertex -15.69 -37.8791 0
      vertex -14.6887 -38.2653 2.01473
      vertex -15.1705 -38.0795 2.14125
    endloop
  endfacet
  facet normal -0.359859 -0.933007 -0
    outer loop
      vertex -14.6887 -38.2653 2.01473
      vertex -15.69 -37.8791 0
      vertex -14.6887 -38.2653 0
    endloop
  endfacet
  facet normal 0.405233 0.914213 0
    outer loop
      vertex -16.2471 -34.3516 4.1
      vertex -14.542 -35.1074 5.25754
      vertex -14.542 -35.1074 4.1
    endloop
  endfacet
  facet normal 0.405233 0.914213 0
    outer loop
      vertex -14.542 -35.1074 5.25754
      vertex -16.2471 -34.3516 4.1
      vertex -16.2471 -34.3516 5.80544
    endloop
  endfacet
  facet normal -0.40523 -0.914215 0
    outer loop
      vertex -17.5298 -37.0636 0
      vertex -15.69 -37.8791 2.28022
      vertex -17.5298 -37.0636 2.88017
    endloop
  endfacet
  facet normal -0.40523 -0.914215 -0
    outer loop
      vertex -15.69 -37.8791 2.28022
      vertex -17.5298 -37.0636 0
      vertex -15.69 -37.8791 0
    endloop
  endfacet
  facet normal -0.317971 -0.631695 0.707005
    outer loop
      vertex -17.6105 -36.316 3.63167
      vertex -16.7531 -34.0969 6
      vertex -17.9131 -33.513 6
    endloop
  endfacet
  facet normal -0.317973 -0.631694 0.707005
    outer loop
      vertex -19.3273 -36.1588 3
      vertex -17.6105 -36.316 3.63167
      vertex -17.9131 -33.513 6
    endloop
  endfacet
  facet normal -0.31796 -0.631759 0.706953
    outer loop
      vertex -17.6105 -36.316 3.63167
      vertex -19.3273 -36.1588 3
      vertex -17.8391 -36.9078 3
    endloop
  endfacet
  facet normal 0.449781 0.893139 5.61589e-05
    outer loop
      vertex -16.2471 -34.3516 4.1
      vertex -16.7531 -34.0969 6
      vertex -16.5571 -34.1956 5.92407
    endloop
  endfacet
  facet normal 0.449517 0.893272 -0
    outer loop
      vertex -16.2471 -34.3516 4.1
      vertex -16.5571 -34.1956 5.92407
      vertex -16.2471 -34.3516 5.80544
    endloop
  endfacet
  facet normal 0.449614 0.893223 3.95057e-07
    outer loop
      vertex -16.7531 -34.0969 6
      vertex -16.2471 -34.3516 4.1
      vertex -17.9131 -33.513 4.1
    endloop
  endfacet
  facet normal 0.449614 0.893223 0
    outer loop
      vertex -16.7531 -34.0969 6
      vertex -17.9131 -33.513 4.1
      vertex -17.9131 -33.513 6
    endloop
  endfacet
  facet normal -0.449565 -0.893248 0
    outer loop
      vertex -19.3273 -36.1588 0
      vertex -17.8391 -36.9078 3
      vertex -19.3273 -36.1588 3
    endloop
  endfacet
  facet normal -0.449617 -0.893221 3.24425e-05
    outer loop
      vertex -17.5298 -37.0636 0
      vertex -17.8391 -36.9078 3
      vertex -19.3273 -36.1588 0
    endloop
  endfacet
  facet normal -0.449868 -0.893095 0
    outer loop
      vertex -17.8391 -36.9078 3
      vertex -17.5298 -37.0636 0
      vertex -17.5298 -37.0636 2.88017
    endloop
  endfacet
  facet normal -0.348581 -0.615334 0.707005
    outer loop
      vertex -19.3273 -36.1588 3
      vertex -17.9131 -33.513 6
      vertex -19.5359 -32.5937 6
    endloop
  endfacet
  facet normal -0.348591 -0.615332 0.707001
    outer loop
      vertex -19.3273 -36.1588 3
      vertex -19.5359 -32.5937 6
      vertex -21.0782 -35.1669 3
    endloop
  endfacet
  facet normal 0.492896 0.870088 -0
    outer loop
      vertex -17.9131 -33.513 4.1
      vertex -19.5359 -32.5937 6
      vertex -17.9131 -33.513 6
    endloop
  endfacet
  facet normal 0.492896 0.870088 0
    outer loop
      vertex -19.5359 -32.5937 6
      vertex -17.9131 -33.513 4.1
      vertex -19.5359 -32.5937 4.1
    endloop
  endfacet
  facet normal -0.492909 -0.870081 0
    outer loop
      vertex -21.0782 -35.1669 0
      vertex -19.3273 -36.1588 3
      vertex -21.0782 -35.1669 3
    endloop
  endfacet
  facet normal -0.492909 -0.870081 -0
    outer loop
      vertex -19.3273 -36.1588 3
      vertex -21.0782 -35.1669 0
      vertex -19.3273 -36.1588 0
    endloop
  endfacet
  facet normal -0.378367 -0.597485 0.707001
    outer loop
      vertex -21.0782 -35.1669 3
      vertex -19.5359 -32.5937 6
      vertex -21.1117 -31.5958 6
    endloop
  endfacet
  facet normal -0.378343 -0.597491 0.707009
    outer loop
      vertex -21.0782 -35.1669 3
      vertex -21.1117 -31.5958 6
      vertex -22.7784 -34.0903 3
    endloop
  endfacet
  facet normal 0.535011 0.844845 -0
    outer loop
      vertex -19.5359 -32.5937 4.1
      vertex -21.1117 -31.5958 6
      vertex -19.5359 -32.5937 6
    endloop
  endfacet
  facet normal 0.535011 0.844845 0
    outer loop
      vertex -21.1117 -31.5958 6
      vertex -19.5359 -32.5937 4.1
      vertex -21.1117 -31.5958 4.1
    endloop
  endfacet
  facet normal -0.534984 -0.844862 0
    outer loop
      vertex -22.7784 -34.0903 0
      vertex -21.0782 -35.1669 3
      vertex -22.7784 -34.0903 3
    endloop
  endfacet
  facet normal -0.534984 -0.844862 -0
    outer loop
      vertex -21.0782 -35.1669 3
      vertex -22.7784 -34.0903 0
      vertex -21.0782 -35.1669 0
    endloop
  endfacet
  facet normal -0.40718 -0.578244 0.706992
    outer loop
      vertex -22.7571 -33.5556 3.44945
      vertex -21.1117 -31.5958 6
      vertex -21.1357 -31.5789 6
    endloop
  endfacet
  facet normal -0.407428 -0.578054 0.707005
    outer loop
      vertex -21.1117 -31.5958 6
      vertex -22.7571 -33.5556 3.44945
      vertex -22.7784 -34.0903 3
    endloop
  endfacet
  facet normal -0.407201 -0.578124 0.707078
    outer loop
      vertex -22.7784 -34.0903 3
      vertex -22.7571 -33.5556 3.44945
      vertex -23.0429 -33.904 3
    endloop
  endfacet
  facet normal 0.575746 0.817628 0.000422274
    outer loop
      vertex -21.1117 -31.5958 6
      vertex -21.3373 -31.4369 5.92255
      vertex -21.1357 -31.5789 6
    endloop
  endfacet
  facet normal 0.575843 0.81756 -0
    outer loop
      vertex -21.1117 -31.5958 4.1
      vertex -21.3373 -31.4369 5.92255
      vertex -21.1117 -31.5958 6
    endloop
  endfacet
  facet normal 0.575782 0.817604 -1.1467e-05
    outer loop
      vertex -21.3373 -31.4369 5.92255
      vertex -21.1117 -31.5958 4.1
      vertex -22.6366 -30.5219 5.43013
    endloop
  endfacet
  facet normal 0.575788 0.817599 0
    outer loop
      vertex -22.6366 -30.5219 5.43013
      vertex -21.1117 -31.5958 4.1
      vertex -22.6366 -30.5219 4.1
    endloop
  endfacet
  facet normal -0.575821 -0.817576 3.20521e-06
    outer loop
      vertex -22.7784 -34.0903 0
      vertex -23.0429 -33.904 3
      vertex -24.4237 -32.9315 2.46942
    endloop
  endfacet
  facet normal -0.575824 -0.817573 0
    outer loop
      vertex -22.7784 -34.0903 0
      vertex -24.4237 -32.9315 2.46942
      vertex -24.4237 -32.9315 0
    endloop
  endfacet
  facet normal -0.575846 -0.817558 0
    outer loop
      vertex -23.0429 -33.904 3
      vertex -22.7784 -34.0903 0
      vertex -22.7784 -34.0903 3
    endloop
  endfacet
  facet normal 0.615272 0.788315 -0
    outer loop
      vertex -22.6366 -30.5219 4.1
      vertex -23.9108 -29.5274 5.00773
      vertex -22.6366 -30.5219 5.43013
    endloop
  endfacet
  facet normal 0.615272 0.788315 0
    outer loop
      vertex -23.9108 -29.5274 5.00773
      vertex -22.6366 -30.5219 4.1
      vertex -23.9108 -29.5274 4.1
    endloop
  endfacet
  facet normal -0.615329 -0.78827 0
    outer loop
      vertex -25.7985 -31.8585 0
      vertex -25.3901 -32.1773 2.14354
      vertex -25.7985 -31.8585 2.00814
    endloop
  endfacet
  facet normal -0.615266 -0.78832 -1.95385e-05
    outer loop
      vertex -24.4237 -32.9315 0
      vertex -25.3901 -32.1773 2.14354
      vertex -25.7985 -31.8585 0
    endloop
  endfacet
  facet normal -0.615239 -0.788341 0
    outer loop
      vertex -25.3901 -32.1773 2.14354
      vertex -24.4237 -32.9315 0
      vertex -24.4237 -32.9315 2.46942
    endloop
  endfacet
  facet normal 0.64087 -0.321987 0.696857
    outer loop
      vertex 37.5887 -5.57576 5.8585
      vertex 40.0513 -8.71519 2.14316
      vertex 37.6105 -5.39888 5.92018
    endloop
  endfacet
  facet normal 0.640842 -0.32202 0.696867
    outer loop
      vertex 37.2698 -7.41343 5.30258
      vertex 40.0513 -8.71519 2.14316
      vertex 37.5887 -5.57576 5.8585
    endloop
  endfacet
  facet normal 0.640864 -0.321976 0.696868
    outer loop
      vertex 37.0156 -8.54571 5.0132
      vertex 40.0513 -8.71519 2.14316
      vertex 37.2698 -7.41343 5.30258
    endloop
  endfacet
  facet normal 0.640868 -0.32196 0.696872
    outer loop
      vertex 40.0513 -8.71519 2.14316
      vertex 37.0156 -8.54571 5.0132
      vertex 39.9379 -9.22037 2.01405
    endloop
  endfacet
  facet normal 0.638342 -0.324926 0.697813
    outer loop
      vertex 38.1709 -5.29368 5.45651
      vertex 40.5562 -6.01595 2.93818
      vertex 40.5778 -5.84075 3
    endloop
  endfacet
  facet normal 0.638342 -0.324928 0.697812
    outer loop
      vertex 40.5562 -6.01595 2.93818
      vertex 38.1709 -5.29368 5.45651
      vertex 40.2122 -7.9987 2.32962
    endloop
  endfacet
  facet normal 0.638354 -0.324913 0.697808
    outer loop
      vertex 37.6105 -5.39888 5.92018
      vertex 40.2122 -7.9987 2.32962
      vertex 38.1709 -5.29368 5.45651
    endloop
  endfacet
  facet normal 0.638353 -0.324916 0.697807
    outer loop
      vertex 37.6105 -5.39888 5.92018
      vertex 38.1709 -5.29368 5.45651
      vertex 37.6384 -5.17264 6
    endloop
  endfacet
  facet normal 0.638329 -0.324948 0.697815
    outer loop
      vertex 40.2122 -7.9987 2.32962
      vertex 37.6105 -5.39888 5.92018
      vertex 40.0513 -8.71519 2.14316
    endloop
  endfacet
  facet normal 0.640868 0.32196 0.696872
    outer loop
      vertex 37.0156 8.54571 5.0132
      vertex 40.0513 8.71519 2.14316
      vertex 39.9379 9.22037 2.01405
    endloop
  endfacet
  facet normal 0.64087 0.321987 0.696857
    outer loop
      vertex 40.0513 8.71519 2.14316
      vertex 37.5887 5.57576 5.8585
      vertex 37.6105 5.39888 5.92018
    endloop
  endfacet
  facet normal 0.640842 0.32202 0.696867
    outer loop
      vertex 40.0513 8.71519 2.14316
      vertex 37.2698 7.41343 5.30258
      vertex 37.5887 5.57576 5.8585
    endloop
  endfacet
  facet normal 0.640864 0.321976 0.696868
    outer loop
      vertex 40.0513 8.71519 2.14316
      vertex 37.0156 8.54571 5.0132
      vertex 37.2698 7.41343 5.30258
    endloop
  endfacet
  facet normal 0.638423 0.324912 0.697746
    outer loop
      vertex 40.5562 6.01595 2.93818
      vertex 40.2606 5.76864 3.32381
      vertex 40.5778 5.84075 3
    endloop
  endfacet
  facet normal 0.638417 0.324921 0.697747
    outer loop
      vertex 40.2122 7.9987 2.32962
      vertex 40.2606 5.76864 3.32381
      vertex 40.5562 6.01595 2.93818
    endloop
  endfacet
  facet normal 0.638329 0.324948 0.697815
    outer loop
      vertex 37.6105 5.39888 5.92018
      vertex 40.2122 7.9987 2.32962
      vertex 40.0513 8.71519 2.14316
    endloop
  endfacet
  facet normal 0.638328 0.324949 0.697815
    outer loop
      vertex 40.2122 7.9987 2.32962
      vertex 37.6105 5.39888 5.92018
      vertex 40.2606 5.76864 3.32381
    endloop
  endfacet
  facet normal 0.638337 0.324919 0.69782
    outer loop
      vertex 40.2606 5.76864 3.32381
      vertex 37.6105 5.39888 5.92018
      vertex 37.6384 5.17264 6
    endloop
  endfacet
  facet normal -0.087651 0.710891 0.697819
    outer loop
      vertex -16.5571 34.1956 5.92407
      vertex -17.0287 34.8102 5.23872
      vertex -16.7531 34.0969 6
    endloop
  endfacet
  facet normal -0.0876002 0.710913 0.697803
    outer loop
      vertex -15.69 37.8791 2.28022
      vertex -17.0287 34.8102 5.23872
      vertex -16.5571 34.1956 5.92407
    endloop
  endfacet
  facet normal -0.0877287 0.710877 0.697823
    outer loop
      vertex -17.0287 34.8102 5.23872
      vertex -17.5298 37.0636 2.88017
      vertex -17.8391 36.9078 3
    endloop
  endfacet
  facet normal -0.0875584 0.710906 0.697815
    outer loop
      vertex -17.0287 34.8102 5.23872
      vertex -15.69 37.8791 2.28022
      vertex -17.5298 37.0636 2.88017
    endloop
  endfacet
  facet normal -0.0875691 0.710911 0.697809
    outer loop
      vertex -15.69 37.8791 2.28022
      vertex -16.5571 34.1956 5.92407
      vertex -15.1705 38.0795 2.14125
    endloop
  endfacet
  facet normal -0.0912817 0.711344 0.696892
    outer loop
      vertex -16.2471 34.3516 5.80544
      vertex -15.1705 38.0795 2.14125
      vertex -16.5571 34.1956 5.92407
    endloop
  endfacet
  facet normal -0.0913877 0.711352 0.696869
    outer loop
      vertex -14.542 35.1074 5.25754
      vertex -15.1705 38.0795 2.14125
      vertex -16.2471 34.3516 5.80544
    endloop
  endfacet
  facet normal -0.0914044 0.711355 0.696864
    outer loop
      vertex -14.6887 38.2653 2.01473
      vertex -14.542 35.1074 5.25754
      vertex -13.6139 35.4654 5.01383
    endloop
  endfacet
  facet normal -0.0913312 0.711362 0.696867
    outer loop
      vertex -14.542 35.1074 5.25754
      vertex -14.6887 38.2653 2.01473
      vertex -15.1705 38.0795 2.14125
    endloop
  endfacet
  facet normal -0.570339 0.434857 0.696859
    outer loop
      vertex -25.3901 32.1773 2.14354
      vertex -22.6366 30.5219 5.43013
      vertex -21.3373 31.4369 5.92255
    endloop
  endfacet
  facet normal -0.570373 0.434806 0.696863
    outer loop
      vertex -25.3901 32.1773 2.14354
      vertex -23.9108 29.5274 5.00773
      vertex -22.6366 30.5219 5.43013
    endloop
  endfacet
  facet normal -0.570416 0.434769 0.696851
    outer loop
      vertex -23.9108 29.5274 5.00773
      vertex -25.3901 32.1773 2.14354
      vertex -25.7985 31.8585 2.00814
    endloop
  endfacet
  facet normal -0.57188 0.431314 0.697797
    outer loop
      vertex -21.1684 31.6187 5.9486
      vertex -21.3373 31.4369 5.92255
      vertex -21.1357 31.5789 6
    endloop
  endfacet
  facet normal -0.571864 0.431296 0.697822
    outer loop
      vertex -23.0429 33.904 3
      vertex -21.3373 31.4369 5.92255
      vertex -21.1684 31.6187 5.9486
    endloop
  endfacet
  facet normal -0.571887 0.431274 0.697817
    outer loop
      vertex -24.4237 32.9315 2.46942
      vertex -21.3373 31.4369 5.92255
      vertex -23.0429 33.904 3
    endloop
  endfacet
  facet normal -0.571887 0.431274 0.697817
    outer loop
      vertex -21.3373 31.4369 5.92255
      vertex -24.4237 32.9315 2.46942
      vertex -25.3901 32.1773 2.14354
    endloop
  endfacet
  facet normal -0.570339 -0.434857 0.696859
    outer loop
      vertex -22.6366 -30.5219 5.43013
      vertex -25.3901 -32.1773 2.14354
      vertex -21.3373 -31.4369 5.92255
    endloop
  endfacet
  facet normal -0.570373 -0.434806 0.696863
    outer loop
      vertex -23.9108 -29.5274 5.00773
      vertex -25.3901 -32.1773 2.14354
      vertex -22.6366 -30.5219 5.43013
    endloop
  endfacet
  facet normal -0.570416 -0.434769 0.696851
    outer loop
      vertex -25.3901 -32.1773 2.14354
      vertex -23.9108 -29.5274 5.00773
      vertex -25.7985 -31.8585 2.00814
    endloop
  endfacet
  facet normal -0.571876 -0.431302 0.697808
    outer loop
      vertex -21.3373 -31.4369 5.92255
      vertex -22.7571 -33.5556 3.44945
      vertex -21.1357 -31.5789 6
    endloop
  endfacet
  facet normal -0.57186 -0.431317 0.697812
    outer loop
      vertex -24.4237 -32.9315 2.46942
      vertex -22.7571 -33.5556 3.44945
      vertex -21.3373 -31.4369 5.92255
    endloop
  endfacet
  facet normal -0.571859 -0.431195 0.697888
    outer loop
      vertex -22.7571 -33.5556 3.44945
      vertex -24.4237 -32.9315 2.46942
      vertex -23.0429 -33.904 3
    endloop
  endfacet
  facet normal -0.571887 -0.431274 0.697817
    outer loop
      vertex -24.4237 -32.9315 2.46942
      vertex -21.3373 -31.4369 5.92255
      vertex -25.3901 -32.1773 2.14354
    endloop
  endfacet
  facet normal -0.0912817 -0.711344 0.696892
    outer loop
      vertex -15.1705 -38.0795 2.14125
      vertex -16.2471 -34.3516 5.80544
      vertex -16.5571 -34.1956 5.92407
    endloop
  endfacet
  facet normal -0.0913877 -0.711352 0.696869
    outer loop
      vertex -15.1705 -38.0795 2.14125
      vertex -14.542 -35.1074 5.25754
      vertex -16.2471 -34.3516 5.80544
    endloop
  endfacet
  facet normal -0.0913312 -0.711362 0.696867
    outer loop
      vertex -14.6887 -38.2653 2.01473
      vertex -14.542 -35.1074 5.25754
      vertex -15.1705 -38.0795 2.14125
    endloop
  endfacet
  facet normal -0.0914044 -0.711355 0.696864
    outer loop
      vertex -14.542 -35.1074 5.25754
      vertex -14.6887 -38.2653 2.01473
      vertex -13.6139 -35.4654 5.01383
    endloop
  endfacet
  facet normal -0.0876467 -0.710887 0.697824
    outer loop
      vertex -17.6105 -36.316 3.63167
      vertex -16.5571 -34.1956 5.92407
      vertex -16.7531 -34.0969 6
    endloop
  endfacet
  facet normal -0.0877548 -0.710905 0.697792
    outer loop
      vertex -17.5298 -37.0636 2.88017
      vertex -17.6105 -36.316 3.63167
      vertex -17.8391 -36.9078 3
    endloop
  endfacet
  facet normal -0.0875586 -0.710907 0.697815
    outer loop
      vertex -15.69 -37.8791 2.28022
      vertex -17.6105 -36.316 3.63167
      vertex -17.5298 -37.0636 2.88017
    endloop
  endfacet
  facet normal -0.0875661 -0.710911 0.697809
    outer loop
      vertex -17.6105 -36.316 3.63167
      vertex -15.69 -37.8791 2.28022
      vertex -16.5571 -34.1956 5.92407
    endloop
  endfacet
  facet normal -0.0875691 -0.710911 0.697809
    outer loop
      vertex -16.5571 -34.1956 5.92407
      vertex -15.69 -37.8791 2.28022
      vertex -15.1705 -38.0795 2.14125
    endloop
  endfacet
  facet normal 0.41272 -0.910858 0
    outer loop
      vertex 14.7333 -35.5694 0
      vertex 17.0281 -34.5296 4.1
      vertex 14.7333 -35.5694 4.1
    endloop
  endfacet
  facet normal 0.41272 -0.910858 0
    outer loop
      vertex 17.0281 -34.5296 4.1
      vertex 14.7333 -35.5694 0
      vertex 17.0281 -34.5296 0
    endloop
  endfacet
  facet normal 0.0327325 -0.999464 0
    outer loop
      vertex 0 -38.5 0.9
      vertex 0 -38.5 0
      vertex 1.6 -38.4476 0.9
    endloop
  endfacet
  facet normal 0.0326616 -0.999466 0
    outer loop
      vertex 1.6 -38.4476 0.9
      vertex 2.51802 -38.4176 4.1
      vertex 1.6 -38.4476 4.1
    endloop
  endfacet
  facet normal 0.0326616 -0.999466 0
    outer loop
      vertex 1.6 -38.4476 0.9
      vertex 2.51802 -38.4176 0
      vertex 2.51802 -38.4176 4.1
    endloop
  endfacet
  facet normal 0.0327066 -0.999465 4.59763e-05
    outer loop
      vertex 2.51802 -38.4176 0
      vertex 1.6 -38.4476 0.9
      vertex 0 -38.5 0
    endloop
  endfacet
  facet normal 0.881926 0.471387 0
    outer loop
      vertex 34.5296 17.0281 4.1
      vertex 33.342 19.25 0
      vertex 33.342 19.25 4.1
    endloop
  endfacet
  facet normal 0.881926 0.471387 0
    outer loop
      vertex 33.342 19.25 0
      vertex 34.5296 17.0281 4.1
      vertex 34.5296 17.0281 0
    endloop
  endfacet
  facet normal -0.973876 0.227081 0
    outer loop
      vertex -37.7602 7.51098 0
      vertex -37.1881 9.96453 4.1
      vertex -37.1881 9.96453 0
    endloop
  endfacet
  facet normal -0.973876 0.227081 0
    outer loop
      vertex -37.1881 9.96453 4.1
      vertex -37.7602 7.51098 0
      vertex -37.7602 7.51098 4.1
    endloop
  endfacet
  facet normal 0.582495 0.812834 -0
    outer loop
      vertex 23.4373 30.5441 0
      vertex 21.3895 32.0116 4.1
      vertex 23.4373 30.5441 4.1
    endloop
  endfacet
  facet normal 0.582495 0.812834 0
    outer loop
      vertex 21.3895 32.0116 4.1
      vertex 23.4373 30.5441 0
      vertex 21.3895 32.0116 0
    endloop
  endfacet
  facet normal -0.773005 0.6344 0
    outer loop
      vertex -30.5441 23.4373 0
      vertex -28.9458 25.3848 4.1
      vertex -28.9458 25.3848 0
    endloop
  endfacet
  facet normal -0.773005 0.6344 0
    outer loop
      vertex -28.9458 25.3848 4.1
      vertex -30.5441 23.4373 0
      vertex -30.5441 23.4373 4.1
    endloop
  endfacet
  facet normal -0.683587 0.729869 0
    outer loop
      vertex -25.3848 28.9458 0
      vertex -27.2236 27.2236 4.1
      vertex -25.3848 28.9458 4.1
    endloop
  endfacet
  facet normal -0.683587 0.729869 0
    outer loop
      vertex -27.2236 27.2236 4.1
      vertex -25.3848 28.9458 0
      vertex -27.2236 27.2236 0
    endloop
  endfacet
  facet normal 0.162898 -0.986643 0
    outer loop
      vertex 5.02526 -38.1706 0
      vertex 7.51098 -37.7602 4.1
      vertex 5.02526 -38.1706 4.1
    endloop
  endfacet
  facet normal 0.162898 -0.986643 0
    outer loop
      vertex 7.51098 -37.7602 4.1
      vertex 5.02526 -38.1706 0
      vertex 7.51098 -37.7602 0
    endloop
  endfacet
  facet normal -0.999465 0.0327066 0
    outer loop
      vertex -38.5 0 0
      vertex -38.4176 2.51802 4.1
      vertex -38.4176 2.51802 0
    endloop
  endfacet
  facet normal -0.999465 0.0327066 0
    outer loop
      vertex -38.4176 2.51802 4.1
      vertex -38.5 0 0
      vertex -38.5 0 4.1
    endloop
  endfacet
  facet normal -0.162898 -0.986643 0
    outer loop
      vertex -7.51098 -37.7602 0
      vertex -5.02526 -38.1706 4.1
      vertex -7.51098 -37.7602 4.1
    endloop
  endfacet
  facet normal -0.162898 -0.986643 -0
    outer loop
      vertex -5.02526 -38.1706 4.1
      vertex -7.51098 -37.7602 0
      vertex -5.02526 -38.1706 0
    endloop
  endfacet
  facet normal 0.162898 0.986643 -0
    outer loop
      vertex 7.51098 37.7602 0
      vertex 5.02526 38.1706 4.1
      vertex 7.51098 37.7602 4.1
    endloop
  endfacet
  facet normal 0.162898 0.986643 0
    outer loop
      vertex 5.02526 38.1706 4.1
      vertex 7.51098 37.7602 0
      vertex 5.02526 38.1706 0
    endloop
  endfacet
  facet normal 0.582495 -0.812834 0
    outer loop
      vertex 21.3895 -32.0116 0
      vertex 23.4373 -30.5441 4.1
      vertex 21.3895 -32.0116 4.1
    endloop
  endfacet
  facet normal 0.582495 -0.812834 0
    outer loop
      vertex 23.4373 -30.5441 4.1
      vertex 21.3895 -32.0116 0
      vertex 23.4373 -30.5441 0
    endloop
  endfacet
  facet normal 0.729869 -0.683587 0
    outer loop
      vertex 27.2236 -27.2236 4.1
      vertex 28.9458 -25.3848 0
      vertex 28.9458 -25.3848 4.1
    endloop
  endfacet
  facet normal 0.729869 -0.683587 0
    outer loop
      vertex 28.9458 -25.3848 0
      vertex 27.2236 -27.2236 4.1
      vertex 27.2236 -27.2236 0
    endloop
  endfacet
  facet normal 0.973862 0.227141 0
    outer loop
      vertex 37.4933 8.65599 4.1
      vertex 37.1881 9.96453 0
      vertex 37.1881 9.96453 4.1
    endloop
  endfacet
  facet normal 0.973862 0.227141 0
    outer loop
      vertex 37.1881 9.96453 0
      vertex 37.4933 8.65599 4.1
      vertex 37.4933 8.65599 0
    endloop
  endfacet
  facet normal -0.956944 0.290274 0
    outer loop
      vertex -37.1881 9.96453 0
      vertex -36.4568 12.3754 4.1
      vertex -36.4568 12.3754 0
    endloop
  endfacet
  facet normal -0.956944 0.290274 0
    outer loop
      vertex -36.4568 12.3754 4.1
      vertex -37.1881 9.96453 0
      vertex -37.1881 9.96453 4.1
    endloop
  endfacet
  facet normal 0.52806 -0.849207 0
    outer loop
      vertex 19.25 -33.342 0
      vertex 21.3895 -32.0116 4.1
      vertex 19.25 -33.342 4.1
    endloop
  endfacet
  facet normal 0.52806 -0.849207 0
    outer loop
      vertex 21.3895 -32.0116 4.1
      vertex 19.25 -33.342 0
      vertex 21.3895 -32.0116 0
    endloop
  endfacet
  facet normal -0.935913 0.352232 0
    outer loop
      vertex -36.4568 12.3754 0
      vertex -35.5694 14.7333 4.1
      vertex -35.5694 14.7333 0
    endloop
  endfacet
  facet normal -0.935913 0.352232 0
    outer loop
      vertex -35.5694 14.7333 4.1
      vertex -36.4568 12.3754 0
      vertex -36.4568 12.3754 4.1
    endloop
  endfacet
  facet normal -0.881926 0.471387 0
    outer loop
      vertex -34.5296 17.0281 0
      vertex -33.342 19.25 4.1
      vertex -33.342 19.25 0
    endloop
  endfacet
  facet normal -0.881926 0.471387 0
    outer loop
      vertex -33.342 19.25 4.1
      vertex -34.5296 17.0281 0
      vertex -34.5296 17.0281 4.1
    endloop
  endfacet
  facet normal -0.0327066 0.999465 0
    outer loop
      vertex 0 38.5 0
      vertex -2.51802 38.4176 4.1
      vertex 0 38.5 4.1
    endloop
  endfacet
  facet normal -0.0327066 0.999465 0
    outer loop
      vertex -2.51802 38.4176 4.1
      vertex 0 38.5 0
      vertex -2.51802 38.4176 0
    endloop
  endfacet
  facet normal 0.0980401 -0.995182 0
    outer loop
      vertex 2.51802 -38.4176 0
      vertex 5.02526 -38.1706 4.1
      vertex 2.51802 -38.4176 4.1
    endloop
  endfacet
  facet normal 0.0980401 -0.995182 0
    outer loop
      vertex 5.02526 -38.1706 4.1
      vertex 2.51802 -38.4176 0
      vertex 5.02526 -38.1706 0
    endloop
  endfacet
  facet normal 0.6344 0.773005 -0
    outer loop
      vertex 25.3848 28.9458 0
      vertex 23.4373 30.5441 4.1
      vertex 25.3848 28.9458 4.1
    endloop
  endfacet
  facet normal 0.6344 0.773005 0
    outer loop
      vertex 23.4373 30.5441 4.1
      vertex 25.3848 28.9458 0
      vertex 23.4373 30.5441 0
    endloop
  endfacet
  facet normal 0.0327066 0.999465 -0
    outer loop
      vertex 2.51802 38.4176 0
      vertex 0 38.5 4.1
      vertex 2.51802 38.4176 4.1
    endloop
  endfacet
  facet normal 0.0327066 0.999465 0
    outer loop
      vertex 0 38.5 4.1
      vertex 2.51802 38.4176 0
      vertex 0 38.5 0
    endloop
  endfacet
  facet normal 0.849207 0.52806 0
    outer loop
      vertex 33.342 19.25 4.1
      vertex 32.0116 21.3895 0
      vertex 32.0116 21.3895 4.1
    endloop
  endfacet
  facet normal 0.849207 0.52806 0
    outer loop
      vertex 32.0116 21.3895 0
      vertex 33.342 19.25 4.1
      vertex 33.342 19.25 0
    endloop
  endfacet
  facet normal 0.290274 -0.956944 0
    outer loop
      vertex 9.96453 -37.1881 0
      vertex 12.3754 -36.4568 4.1
      vertex 9.96453 -37.1881 4.1
    endloop
  endfacet
  facet normal 0.290274 -0.956944 0
    outer loop
      vertex 12.3754 -36.4568 4.1
      vertex 9.96453 -37.1881 0
      vertex 12.3754 -36.4568 0
    endloop
  endfacet
  facet normal -0.729869 -0.683587 0
    outer loop
      vertex -27.2236 -27.2236 0
      vertex -28.9458 -25.3848 4.1
      vertex -28.9458 -25.3848 0
    endloop
  endfacet
  facet normal -0.729869 -0.683587 0
    outer loop
      vertex -28.9458 -25.3848 4.1
      vertex -27.2236 -27.2236 0
      vertex -27.2236 -27.2236 4.1
    endloop
  endfacet
  facet normal -0.812834 -0.582495 0
    outer loop
      vertex -30.5441 -23.4373 0
      vertex -32.0116 -21.3895 4.1
      vertex -32.0116 -21.3895 0
    endloop
  endfacet
  facet normal -0.812834 -0.582495 0
    outer loop
      vertex -32.0116 -21.3895 4.1
      vertex -30.5441 -23.4373 0
      vertex -30.5441 -23.4373 4.1
    endloop
  endfacet
  facet normal -0.0326616 -0.999466 0
    outer loop
      vertex -2.51802 -38.4176 4.1
      vertex -1.6 -38.4476 0.9
      vertex -1.6 -38.4476 4.1
    endloop
  endfacet
  facet normal -0.0326616 -0.999466 0
    outer loop
      vertex -2.51802 -38.4176 0
      vertex -1.6 -38.4476 0.9
      vertex -2.51802 -38.4176 4.1
    endloop
  endfacet
  facet normal -0.0327066 -0.999465 4.59763e-05
    outer loop
      vertex 0 -38.5 0
      vertex -1.6 -38.4476 0.9
      vertex -2.51802 -38.4176 0
    endloop
  endfacet
  facet normal -0.0327325 -0.999464 0
    outer loop
      vertex -1.6 -38.4476 0.9
      vertex 0 -38.5 0
      vertex 0 -38.5 0.9
    endloop
  endfacet
  facet normal -0.162898 0.986643 0
    outer loop
      vertex -5.02526 38.1706 0
      vertex -7.51098 37.7602 4.1
      vertex -5.02526 38.1706 4.1
    endloop
  endfacet
  facet normal -0.162898 0.986643 0
    outer loop
      vertex -7.51098 37.7602 4.1
      vertex -5.02526 38.1706 0
      vertex -7.51098 37.7602 0
    endloop
  endfacet
  facet normal -0.683587 -0.729869 0
    outer loop
      vertex -27.2236 -27.2236 0
      vertex -25.3848 -28.9458 4.1
      vertex -27.2236 -27.2236 4.1
    endloop
  endfacet
  facet normal -0.683587 -0.729869 -0
    outer loop
      vertex -25.3848 -28.9458 4.1
      vertex -27.2236 -27.2236 0
      vertex -25.3848 -28.9458 0
    endloop
  endfacet
  facet normal -0.910858 -0.41272 0
    outer loop
      vertex -34.5296 -17.0281 0
      vertex -35.5694 -14.7333 4.1
      vertex -35.5694 -14.7333 0
    endloop
  endfacet
  facet normal -0.910858 -0.41272 0
    outer loop
      vertex -35.5694 -14.7333 4.1
      vertex -34.5296 -17.0281 0
      vertex -34.5296 -17.0281 4.1
    endloop
  endfacet
  facet normal 0.973862 -0.227141 0
    outer loop
      vertex 37.1881 -9.96453 4.1
      vertex 37.4933 -8.65599 0
      vertex 37.4933 -8.65599 4.1
    endloop
  endfacet
  facet normal 0.973862 -0.227141 0
    outer loop
      vertex 37.4933 -8.65599 0
      vertex 37.1881 -9.96453 4.1
      vertex 37.1881 -9.96453 0
    endloop
  endfacet
  facet normal -0.849207 -0.52806 0
    outer loop
      vertex -32.0116 -21.3895 0
      vertex -33.342 -19.25 4.1
      vertex -33.342 -19.25 0
    endloop
  endfacet
  facet normal -0.849207 -0.52806 0
    outer loop
      vertex -33.342 -19.25 4.1
      vertex -32.0116 -21.3895 0
      vertex -32.0116 -21.3895 4.1
    endloop
  endfacet
  facet normal -0.227081 0.973876 0
    outer loop
      vertex -7.51098 37.7602 0
      vertex -9.96453 37.1881 4.1
      vertex -7.51098 37.7602 4.1
    endloop
  endfacet
  facet normal -0.227081 0.973876 0
    outer loop
      vertex -9.96453 37.1881 4.1
      vertex -7.51098 37.7602 0
      vertex -9.96453 37.1881 0
    endloop
  endfacet
  facet normal 0.683587 0.729869 -0
    outer loop
      vertex 27.2236 27.2236 0
      vertex 25.3848 28.9458 4.1
      vertex 27.2236 27.2236 4.1
    endloop
  endfacet
  facet normal 0.683587 0.729869 0
    outer loop
      vertex 25.3848 28.9458 4.1
      vertex 27.2236 27.2236 0
      vertex 25.3848 28.9458 0
    endloop
  endfacet
  facet normal -0.849207 0.52806 0
    outer loop
      vertex -33.342 19.25 0
      vertex -32.0116 21.3895 4.1
      vertex -32.0116 21.3895 0
    endloop
  endfacet
  facet normal -0.849207 0.52806 0
    outer loop
      vertex -32.0116 21.3895 4.1
      vertex -33.342 19.25 0
      vertex -33.342 19.25 4.1
    endloop
  endfacet
  facet normal 0.41272 0.910858 -0
    outer loop
      vertex 17.0281 34.5296 0
      vertex 14.7333 35.5694 4.1
      vertex 17.0281 34.5296 4.1
    endloop
  endfacet
  facet normal 0.41272 0.910858 0
    outer loop
      vertex 14.7333 35.5694 4.1
      vertex 17.0281 34.5296 0
      vertex 14.7333 35.5694 0
    endloop
  endfacet
  facet normal 0.773005 -0.6344 0
    outer loop
      vertex 28.9458 -25.3848 4.1
      vertex 30.5441 -23.4373 0
      vertex 30.5441 -23.4373 4.1
    endloop
  endfacet
  facet normal 0.773005 -0.6344 0
    outer loop
      vertex 30.5441 -23.4373 0
      vertex 28.9458 -25.3848 4.1
      vertex 28.9458 -25.3848 0
    endloop
  endfacet
  facet normal -0.729869 0.683587 0
    outer loop
      vertex -28.9458 25.3848 0
      vertex -27.2236 27.2236 4.1
      vertex -27.2236 27.2236 0
    endloop
  endfacet
  facet normal -0.729869 0.683587 0
    outer loop
      vertex -27.2236 27.2236 4.1
      vertex -28.9458 25.3848 0
      vertex -28.9458 25.3848 4.1
    endloop
  endfacet
  facet normal -0.986643 -0.162898 0
    outer loop
      vertex -37.7602 -7.51098 0
      vertex -38.1706 -5.02526 4.1
      vertex -38.1706 -5.02526 0
    endloop
  endfacet
  facet normal -0.986643 -0.162898 0
    outer loop
      vertex -38.1706 -5.02526 4.1
      vertex -37.7602 -7.51098 0
      vertex -37.7602 -7.51098 4.1
    endloop
  endfacet
  facet normal 0.910858 0.41272 0
    outer loop
      vertex 35.5694 14.7333 4.1
      vertex 34.5296 17.0281 0
      vertex 34.5296 17.0281 4.1
    endloop
  endfacet
  facet normal 0.910858 0.41272 0
    outer loop
      vertex 34.5296 17.0281 0
      vertex 35.5694 14.7333 4.1
      vertex 35.5694 14.7333 0
    endloop
  endfacet
  facet normal 0.227081 -0.973876 0
    outer loop
      vertex 7.51098 -37.7602 0
      vertex 9.96453 -37.1881 4.1
      vertex 7.51098 -37.7602 4.1
    endloop
  endfacet
  facet normal 0.227081 -0.973876 0
    outer loop
      vertex 9.96453 -37.1881 4.1
      vertex 7.51098 -37.7602 0
      vertex 9.96453 -37.1881 0
    endloop
  endfacet
  facet normal -0.999465 -0.0327066 0
    outer loop
      vertex -38.4176 -2.51802 0
      vertex -38.5 0 4.1
      vertex -38.5 0 0
    endloop
  endfacet
  facet normal -0.999465 -0.0327066 0
    outer loop
      vertex -38.5 0 4.1
      vertex -38.4176 -2.51802 0
      vertex -38.4176 -2.51802 4.1
    endloop
  endfacet
  facet normal 0.6344 -0.773005 0
    outer loop
      vertex 23.4373 -30.5441 0
      vertex 25.3848 -28.9458 4.1
      vertex 23.4373 -30.5441 4.1
    endloop
  endfacet
  facet normal 0.6344 -0.773005 0
    outer loop
      vertex 25.3848 -28.9458 4.1
      vertex 23.4373 -30.5441 0
      vertex 25.3848 -28.9458 0
    endloop
  endfacet
  facet normal 0.471387 -0.881926 0
    outer loop
      vertex 17.0281 -34.5296 0
      vertex 19.25 -33.342 4.1
      vertex 17.0281 -34.5296 4.1
    endloop
  endfacet
  facet normal 0.471387 -0.881926 0
    outer loop
      vertex 19.25 -33.342 4.1
      vertex 17.0281 -34.5296 0
      vertex 19.25 -33.342 0
    endloop
  endfacet
  facet normal 0.935913 -0.352232 0
    outer loop
      vertex 35.5694 -14.7333 4.1
      vertex 36.4568 -12.3754 0
      vertex 36.4568 -12.3754 4.1
    endloop
  endfacet
  facet normal 0.935913 -0.352232 0
    outer loop
      vertex 36.4568 -12.3754 0
      vertex 35.5694 -14.7333 4.1
      vertex 35.5694 -14.7333 0
    endloop
  endfacet
  facet normal 0.812834 -0.582495 0
    outer loop
      vertex 30.5441 -23.4373 4.1
      vertex 32.0116 -21.3895 0
      vertex 32.0116 -21.3895 4.1
    endloop
  endfacet
  facet normal 0.812834 -0.582495 0
    outer loop
      vertex 32.0116 -21.3895 0
      vertex 30.5441 -23.4373 4.1
      vertex 30.5441 -23.4373 0
    endloop
  endfacet
  facet normal -0.290274 -0.956944 0
    outer loop
      vertex -12.3754 -36.4568 0
      vertex -9.96453 -37.1881 4.1
      vertex -12.3754 -36.4568 4.1
    endloop
  endfacet
  facet normal -0.290274 -0.956944 -0
    outer loop
      vertex -9.96453 -37.1881 4.1
      vertex -12.3754 -36.4568 0
      vertex -9.96453 -37.1881 0
    endloop
  endfacet
  facet normal 0.0980401 0.995182 -0
    outer loop
      vertex 5.02526 38.1706 0
      vertex 2.51802 38.4176 4.1
      vertex 5.02526 38.1706 4.1
    endloop
  endfacet
  facet normal 0.0980401 0.995182 0
    outer loop
      vertex 2.51802 38.4176 4.1
      vertex 5.02526 38.1706 0
      vertex 2.51802 38.4176 0
    endloop
  endfacet
  facet normal -0.973876 -0.227081 0
    outer loop
      vertex -37.1881 -9.96453 0
      vertex -37.7602 -7.51098 4.1
      vertex -37.7602 -7.51098 0
    endloop
  endfacet
  facet normal -0.973876 -0.227081 0
    outer loop
      vertex -37.7602 -7.51098 4.1
      vertex -37.1881 -9.96453 0
      vertex -37.1881 -9.96453 4.1
    endloop
  endfacet
  facet normal -0.773005 -0.6344 0
    outer loop
      vertex -28.9458 -25.3848 0
      vertex -30.5441 -23.4373 4.1
      vertex -30.5441 -23.4373 0
    endloop
  endfacet
  facet normal -0.773005 -0.6344 0
    outer loop
      vertex -30.5441 -23.4373 4.1
      vertex -28.9458 -25.3848 0
      vertex -28.9458 -25.3848 4.1
    endloop
  endfacet
  facet normal 0.935913 0.352232 0
    outer loop
      vertex 36.4568 12.3754 4.1
      vertex 35.5694 14.7333 0
      vertex 35.5694 14.7333 4.1
    endloop
  endfacet
  facet normal 0.935913 0.352232 0
    outer loop
      vertex 35.5694 14.7333 0
      vertex 36.4568 12.3754 4.1
      vertex 36.4568 12.3754 0
    endloop
  endfacet
  facet normal 0 0 1
    outer loop
      vertex -12.3754 36.4568 4.1
      vertex -13.7901 35.9244 4.1
      vertex -13.6139 35.4654 4.1
    endloop
  endfacet
  facet normal 0 0 1
    outer loop
      vertex 7.51098 -37.7602 4.1
      vertex 1.73867 -33.8041 4.1
      vertex 1.8 -34.27 4.1
    endloop
  endfacet
  facet normal 0 0 1
    outer loop
      vertex 1.6 -33.4694 4.1
      vertex 1.82932 -27.9101 4.1
      vertex 1.6 -27.9176 4.1
    endloop
  endfacet
  facet normal 0 0 1
    outer loop
      vertex 3.65082 -27.7307 4.1
      vertex 1.6 -33.4694 4.1
      vertex 1.73867 -33.8041 4.1
    endloop
  endfacet
  facet normal 0 0 1
    outer loop
      vertex 24.2227 13.985 4.1
      vertex 28.1198 16.235 4.1
      vertex 27.94 16.6691 4.1
    endloop
  endfacet
  facet normal 0 0 1
    outer loop
      vertex 28.1198 16.235 4.1
      vertex 27.9101 1.82932 4.1
      vertex 27.97 0 4.1
    endloop
  endfacet
  facet normal 0 0 1
    outer loop
      vertex 23.2562 15.5393 4.1
      vertex 27.94 16.6691 4.1
      vertex 27.8787 17.135 4.1
    endloop
  endfacet
  facet normal 0 0 1
    outer loop
      vertex 28.1198 16.235 4.1
      vertex 27.7307 3.65082 4.1
      vertex 27.9101 1.82932 4.1
    endloop
  endfacet
  facet normal 0 0 1
    outer loop
      vertex 37.9542 -1.86457 4.1
      vertex 27.9101 -1.82932 4.1
      vertex 37.817 -3.72465 4.1
    endloop
  endfacet
  facet normal -0 0 1
    outer loop
      vertex 27.7307 -3.65082 4.1
      vertex 37.817 -3.72465 4.1
      vertex 27.9101 -1.82932 4.1
    endloop
  endfacet
  facet normal 0 0 1
    outer loop
      vertex 37.817 -3.72465 4.1
      vertex 27.7307 -3.65082 4.1
      vertex 37.5887 -5.57576 4.1
    endloop
  endfacet
  facet normal 0 0 1
    outer loop
      vertex 27.97 0 4.1
      vertex 30.9515 15.8622 4.1
      vertex 30.5787 15.5762 4.1
    endloop
  endfacet
  facet normal -0 0 1
    outer loop
      vertex 27.4326 -5.45668 4.1
      vertex 37.5887 -5.57576 4.1
      vertex 27.7307 -3.65082 4.1
    endloop
  endfacet
  facet normal 0 0 1
    outer loop
      vertex 27.97 0 4.1
      vertex 30.5787 15.5762 4.1
      vertex 30.1446 15.3963 4.1
    endloop
  endfacet
  facet normal 0 0 1
    outer loop
      vertex 27.97 0 4.1
      vertex 30.1446 15.3963 4.1
      vertex 29.6787 15.335 4.1
    endloop
  endfacet
  facet normal 0 0 1
    outer loop
      vertex 27.97 0 4.1
      vertex 29.6787 15.335 4.1
      vertex 29.2128 15.3963 4.1
    endloop
  endfacet
  facet normal 0 0 1
    outer loop
      vertex 37.5887 -5.57576 4.1
      vertex 27.4326 -5.45668 4.1
      vertex 37.2698 -7.41343 4.1
    endloop
  endfacet
  facet normal 0 0 1
    outer loop
      vertex 27.97 0 4.1
      vertex 29.2128 15.3963 4.1
      vertex 28.7787 15.5762 4.1
    endloop
  endfacet
  facet normal 0 0 1
    outer loop
      vertex 27.97 0 4.1
      vertex 28.7787 15.5762 4.1
      vertex 28.4059 15.8622 4.1
    endloop
  endfacet
  facet normal 0 0 1
    outer loop
      vertex 27.97 0 4.1
      vertex 28.4059 15.8622 4.1
      vertex 28.1198 16.235 4.1
    endloop
  endfacet
  facet normal 0 0 1
    outer loop
      vertex 37.2698 -7.41343 4.1
      vertex 27.4326 -5.45668 4.1
      vertex 37.0156 -8.54571 4.1
    endloop
  endfacet
  facet normal -0 0 1
    outer loop
      vertex 27.0169 -7.23917 4.1
      vertex 37.0156 -8.54571 4.1
      vertex 27.4326 -5.45668 4.1
    endloop
  endfacet
  facet normal 0 0 1
    outer loop
      vertex 26.4856 -8.99066 4.1
      vertex 37.0156 -8.54571 4.1
      vertex 27.0169 -7.23917 4.1
    endloop
  endfacet
  facet normal 0 0 1
    outer loop
      vertex 25.8409 -10.7037 4.1
      vertex 37.0156 -8.54571 4.1
      vertex 26.4856 -8.99066 4.1
    endloop
  endfacet
  facet normal 0 0 1
    outer loop
      vertex 37.0156 -8.54571 4.1
      vertex 25.8409 -10.7037 4.1
      vertex 32.0116 -21.3895 4.1
    endloop
  endfacet
  facet normal -0 0 1
    outer loop
      vertex 25.0855 -12.3708 4.1
      vertex 32.0116 -21.3895 4.1
      vertex 25.8409 -10.7037 4.1
    endloop
  endfacet
  facet normal -0 0 1
    outer loop
      vertex 24.2227 -13.985 4.1
      vertex 32.0116 -21.3895 4.1
      vertex 25.0855 -12.3708 4.1
    endloop
  endfacet
  facet normal -0 0 1
    outer loop
      vertex 23.2562 -15.5393 4.1
      vertex 32.0116 -21.3895 4.1
      vertex 24.2227 -13.985 4.1
    endloop
  endfacet
  facet normal 0 0 1
    outer loop
      vertex 32.0116 -21.3895 4.1
      vertex 23.2562 -15.5393 4.1
      vertex 30.5441 -23.4373 4.1
    endloop
  endfacet
  facet normal -0 0 1
    outer loop
      vertex 22.1901 -17.0271 4.1
      vertex 30.5441 -23.4373 4.1
      vertex 23.2562 -15.5393 4.1
    endloop
  endfacet
  facet normal 0 0 1
    outer loop
      vertex 30.5441 -23.4373 4.1
      vertex 22.1901 -17.0271 4.1
      vertex 28.9458 -25.3848 4.1
    endloop
  endfacet
  facet normal -0 0 1
    outer loop
      vertex 21.029 -18.4419 4.1
      vertex 28.9458 -25.3848 4.1
      vertex 22.1901 -17.0271 4.1
    endloop
  endfacet
  facet normal 0 0 1
    outer loop
      vertex 28.9458 -25.3848 4.1
      vertex 21.029 -18.4419 4.1
      vertex 27.2236 -27.2236 4.1
    endloop
  endfacet
  facet normal -0 0 1
    outer loop
      vertex 19.7778 -19.7778 4.1
      vertex 27.2236 -27.2236 4.1
      vertex 21.029 -18.4419 4.1
    endloop
  endfacet
  facet normal 0 0 1
    outer loop
      vertex 27.2236 -27.2236 4.1
      vertex 19.7778 -19.7778 4.1
      vertex 25.3848 -28.9458 4.1
    endloop
  endfacet
  facet normal -0 0 1
    outer loop
      vertex 18.4419 -21.029 4.1
      vertex 25.3848 -28.9458 4.1
      vertex 19.7778 -19.7778 4.1
    endloop
  endfacet
  facet normal 0 0 1
    outer loop
      vertex 25.3848 -28.9458 4.1
      vertex 18.4419 -21.029 4.1
      vertex 23.4373 -30.5441 4.1
    endloop
  endfacet
  facet normal -0 0 1
    outer loop
      vertex 17.0271 -22.1901 4.1
      vertex 23.4373 -30.5441 4.1
      vertex 18.4419 -21.029 4.1
    endloop
  endfacet
  facet normal 0 0 1
    outer loop
      vertex 23.4373 -30.5441 4.1
      vertex 17.0271 -22.1901 4.1
      vertex 21.3895 -32.0116 4.1
    endloop
  endfacet
  facet normal -0 0 1
    outer loop
      vertex 15.5393 -23.2562 4.1
      vertex 21.3895 -32.0116 4.1
      vertex 17.0271 -22.1901 4.1
    endloop
  endfacet
  facet normal 0 0 1
    outer loop
      vertex 21.3895 -32.0116 4.1
      vertex 15.5393 -23.2562 4.1
      vertex 19.25 -33.342 4.1
    endloop
  endfacet
  facet normal -0 0 1
    outer loop
      vertex 13.985 -24.2227 4.1
      vertex 19.25 -33.342 4.1
      vertex 15.5393 -23.2562 4.1
    endloop
  endfacet
  facet normal 0 0 1
    outer loop
      vertex 19.25 -33.342 4.1
      vertex 13.985 -24.2227 4.1
      vertex 17.0281 -34.5296 4.1
    endloop
  endfacet
  facet normal -0 0 1
    outer loop
      vertex 12.3708 -25.0855 4.1
      vertex 17.0281 -34.5296 4.1
      vertex 13.985 -24.2227 4.1
    endloop
  endfacet
  facet normal 0 0 1
    outer loop
      vertex 17.0281 -34.5296 4.1
      vertex 12.3708 -25.0855 4.1
      vertex 14.7333 -35.5694 4.1
    endloop
  endfacet
  facet normal -0 0 1
    outer loop
      vertex 10.7037 -25.8409 4.1
      vertex 14.7333 -35.5694 4.1
      vertex 12.3708 -25.0855 4.1
    endloop
  endfacet
  facet normal 0 0 1
    outer loop
      vertex 14.7333 -35.5694 4.1
      vertex 10.7037 -25.8409 4.1
      vertex 12.3754 -36.4568 4.1
    endloop
  endfacet
  facet normal -0 0 1
    outer loop
      vertex 8.99066 -26.4856 4.1
      vertex 12.3754 -36.4568 4.1
      vertex 10.7037 -25.8409 4.1
    endloop
  endfacet
  facet normal 0 0 1
    outer loop
      vertex 12.3754 -36.4568 4.1
      vertex 8.99066 -26.4856 4.1
      vertex 9.96453 -37.1881 4.1
    endloop
  endfacet
  facet normal -0 0 1
    outer loop
      vertex 7.23917 -27.0169 4.1
      vertex 9.96453 -37.1881 4.1
      vertex 8.99066 -26.4856 4.1
    endloop
  endfacet
  facet normal 0 0 1
    outer loop
      vertex 9.96453 -37.1881 4.1
      vertex 7.23917 -27.0169 4.1
      vertex 7.51098 -37.7602 4.1
    endloop
  endfacet
  facet normal -0 0 1
    outer loop
      vertex 5.45668 -27.4326 4.1
      vertex 7.51098 -37.7602 4.1
      vertex 7.23917 -27.0169 4.1
    endloop
  endfacet
  facet normal -0 0 1
    outer loop
      vertex 1.73867 -33.8041 4.1
      vertex 7.51098 -37.7602 4.1
      vertex 5.45668 -27.4326 4.1
    endloop
  endfacet
  facet normal 0 0 1
    outer loop
      vertex 1.73867 -33.8041 4.1
      vertex 5.45668 -27.4326 4.1
      vertex 3.65082 -27.7307 4.1
    endloop
  endfacet
  facet normal 0 0 1
    outer loop
      vertex 7.51098 -37.7602 4.1
      vertex 1.8 -34.27 4.1
      vertex 5.02526 -38.1706 4.1
    endloop
  endfacet
  facet normal 0 0 1
    outer loop
      vertex 1.6 -33.4694 4.1
      vertex 3.65082 -27.7307 4.1
      vertex 1.82932 -27.9101 4.1
    endloop
  endfacet
  facet normal -0 0 1
    outer loop
      vertex 1.73867 -34.7359 4.1
      vertex 5.02526 -38.1706 4.1
      vertex 1.8 -34.27 4.1
    endloop
  endfacet
  facet normal -0 0 1
    outer loop
      vertex 1.6 -35.0706 4.1
      vertex 5.02526 -38.1706 4.1
      vertex 1.73867 -34.7359 4.1
    endloop
  endfacet
  facet normal 0 0 1
    outer loop
      vertex 5.02526 -38.1706 4.1
      vertex 1.6 -35.0706 4.1
      vertex 2.51802 -38.4176 4.1
    endloop
  endfacet
  facet normal 0 0 1
    outer loop
      vertex 2.51802 -38.4176 4.1
      vertex 1.6 -35.0706 4.1
      vertex 1.6 -38.4476 4.1
    endloop
  endfacet
  facet normal 0 0 1
    outer loop
      vertex -25.0855 12.3708 4.1
      vertex -29.2128 15.3963 4.1
      vertex -25.8409 10.7037 4.1
    endloop
  endfacet
  facet normal -0 0 1
    outer loop
      vertex -29.6787 15.335 4.1
      vertex -25.8409 10.7037 4.1
      vertex -29.2128 15.3963 4.1
    endloop
  endfacet
  facet normal 0 0 1
    outer loop
      vertex -25.8409 10.7037 4.1
      vertex -29.6787 15.335 4.1
      vertex -26.4856 8.99066 4.1
    endloop
  endfacet
  facet normal 0 0 1
    outer loop
      vertex -30.1446 15.3963 4.1
      vertex -26.4856 8.99066 4.1
      vertex -29.6787 15.335 4.1
    endloop
  endfacet
  facet normal 0 0 1
    outer loop
      vertex -1.82932 -27.9101 4.1
      vertex -1.6 -33.4694 4.1
      vertex -1.6 -27.9176 4.1
    endloop
  endfacet
  facet normal 0 0 1
    outer loop
      vertex -3.65082 -27.7307 4.1
      vertex -1.6 -33.4694 4.1
      vertex -1.82932 -27.9101 4.1
    endloop
  endfacet
  facet normal 0 0 1
    outer loop
      vertex -5.45668 -27.4326 4.1
      vertex -1.6 -33.4694 4.1
      vertex -3.65082 -27.7307 4.1
    endloop
  endfacet
  facet normal 0 0 1
    outer loop
      vertex 37.1881 9.96453 4.1
      vertex 37.0156 8.54571 4.1
      vertex 37.4933 8.65599 4.1
    endloop
  endfacet
  facet normal 0 0 1
    outer loop
      vertex 34.5296 17.0281 4.1
      vertex 31.2375 16.235 4.1
      vertex 35.5694 14.7333 4.1
    endloop
  endfacet
  facet normal 0 0 1
    outer loop
      vertex 36.4568 12.3754 4.1
      vertex 37.0156 8.54571 4.1
      vertex 37.1881 9.96453 4.1
    endloop
  endfacet
  facet normal 0 0 1
    outer loop
      vertex 37.2698 7.41343 4.1
      vertex 27.97 0 4.1
      vertex 37.5887 5.57576 4.1
    endloop
  endfacet
  facet normal 0 0 1
    outer loop
      vertex 37.0156 8.54571 4.1
      vertex 27.97 0 4.1
      vertex 37.2698 7.41343 4.1
    endloop
  endfacet
  facet normal 0 0 1
    outer loop
      vertex 37.5887 5.57576 4.1
      vertex 27.97 0 4.1
      vertex 37.817 3.72465 4.1
    endloop
  endfacet
  facet normal 0 0 1
    outer loop
      vertex 27.97 0 4.1
      vertex 37.0156 8.54571 4.1
      vertex 30.9515 15.8622 4.1
    endloop
  endfacet
  facet normal 0 0 1
    outer loop
      vertex 37.817 3.72465 4.1
      vertex 27.97 0 4.1
      vertex 37.9542 1.86457 4.1
    endloop
  endfacet
  facet normal 0 0 1
    outer loop
      vertex 36.4568 12.3754 4.1
      vertex 30.9515 15.8622 4.1
      vertex 37.0156 8.54571 4.1
    endloop
  endfacet
  facet normal 0 0 1
    outer loop
      vertex 37.9542 1.86457 4.1
      vertex 27.97 0 4.1
      vertex 38 0 4.1
    endloop
  endfacet
  facet normal 0 0 1
    outer loop
      vertex 35.5694 14.7333 4.1
      vertex 30.9515 15.8622 4.1
      vertex 36.4568 12.3754 4.1
    endloop
  endfacet
  facet normal 0 0 1
    outer loop
      vertex 38 0 4.1
      vertex 27.97 0 4.1
      vertex 37.9542 -1.86457 4.1
    endloop
  endfacet
  facet normal 0 0 1
    outer loop
      vertex 37.0156 -8.54571 4.1
      vertex 37.1881 -9.96453 4.1
      vertex 37.4933 -8.65599 4.1
    endloop
  endfacet
  facet normal 0 0 1
    outer loop
      vertex 37.0156 -8.54571 4.1
      vertex 36.4568 -12.3754 4.1
      vertex 37.1881 -9.96453 4.1
    endloop
  endfacet
  facet normal -0 0 1
    outer loop
      vertex 30.9515 15.8622 4.1
      vertex 35.5694 14.7333 4.1
      vertex 31.2375 16.235 4.1
    endloop
  endfacet
  facet normal 0 0 1
    outer loop
      vertex 31.2375 16.235 4.1
      vertex 34.5296 17.0281 4.1
      vertex 31.4174 16.6691 4.1
    endloop
  endfacet
  facet normal -0 0 1
    outer loop
      vertex 27.9101 -1.82932 4.1
      vertex 37.9542 -1.86457 4.1
      vertex 27.97 0 4.1
    endloop
  endfacet
  facet normal 0 0 1
    outer loop
      vertex 31.4174 16.6691 4.1
      vertex 34.5296 17.0281 4.1
      vertex 31.4787 17.135 4.1
    endloop
  endfacet
  facet normal 0 0 1
    outer loop
      vertex 37.0156 -8.54571 4.1
      vertex 35.5694 -14.7333 4.1
      vertex 36.4568 -12.3754 4.1
    endloop
  endfacet
  facet normal -0 0 1
    outer loop
      vertex 31.4174 17.6009 4.1
      vertex 34.5296 17.0281 4.1
      vertex 33.342 19.25 4.1
    endloop
  endfacet
  facet normal 0 0 1
    outer loop
      vertex 37.0156 -8.54571 4.1
      vertex 34.5296 -17.0281 4.1
      vertex 35.5694 -14.7333 4.1
    endloop
  endfacet
  facet normal 0 0 1
    outer loop
      vertex 30.9515 18.4078 4.1
      vertex 33.342 19.25 4.1
      vertex 32.0116 21.3895 4.1
    endloop
  endfacet
  facet normal 0 0 1
    outer loop
      vertex 37.0156 -8.54571 4.1
      vertex 33.342 -19.25 4.1
      vertex 34.5296 -17.0281 4.1
    endloop
  endfacet
  facet normal 0 0 1
    outer loop
      vertex 37.0156 -8.54571 4.1
      vertex 32.0116 -21.3895 4.1
      vertex 33.342 -19.25 4.1
    endloop
  endfacet
  facet normal 0 0 1
    outer loop
      vertex 34.5296 17.0281 4.1
      vertex 31.4174 17.6009 4.1
      vertex 31.4787 17.135 4.1
    endloop
  endfacet
  facet normal 0 0 1
    outer loop
      vertex 33.342 19.25 4.1
      vertex 31.2375 18.035 4.1
      vertex 31.4174 17.6009 4.1
    endloop
  endfacet
  facet normal 0 0 1
    outer loop
      vertex 33.342 19.25 4.1
      vertex 30.9515 18.4078 4.1
      vertex 31.2375 18.035 4.1
    endloop
  endfacet
  facet normal 0 0 1
    outer loop
      vertex 32.0116 21.3895 4.1
      vertex 30.5787 18.6938 4.1
      vertex 30.9515 18.4078 4.1
    endloop
  endfacet
  facet normal 0 0 1
    outer loop
      vertex 29.6787 18.935 4.1
      vertex 32.0116 21.3895 4.1
      vertex 30.5441 23.4373 4.1
    endloop
  endfacet
  facet normal 0 0 1
    outer loop
      vertex 32.0116 21.3895 4.1
      vertex 30.1446 18.8737 4.1
      vertex 30.5787 18.6938 4.1
    endloop
  endfacet
  facet normal 0 0 1
    outer loop
      vertex 32.0116 21.3895 4.1
      vertex 29.6787 18.935 4.1
      vertex 30.1446 18.8737 4.1
    endloop
  endfacet
  facet normal 0 0 1
    outer loop
      vertex 30.5441 23.4373 4.1
      vertex 29.2128 18.8737 4.1
      vertex 29.6787 18.935 4.1
    endloop
  endfacet
  facet normal 0 0 1
    outer loop
      vertex 28.7787 18.6938 4.1
      vertex 30.5441 23.4373 4.1
      vertex 28.9458 25.3848 4.1
    endloop
  endfacet
  facet normal 0 0 1
    outer loop
      vertex 30.5441 23.4373 4.1
      vertex 28.7787 18.6938 4.1
      vertex 29.2128 18.8737 4.1
    endloop
  endfacet
  facet normal 0 0 1
    outer loop
      vertex 28.9458 25.3848 4.1
      vertex 28.4059 18.4078 4.1
      vertex 28.7787 18.6938 4.1
    endloop
  endfacet
  facet normal -0 0 1
    outer loop
      vertex 21.029 18.4419 4.1
      vertex 28.4059 18.4078 4.1
      vertex 28.9458 25.3848 4.1
    endloop
  endfacet
  facet normal 0 0 1
    outer loop
      vertex 28.4059 18.4078 4.1
      vertex 21.029 18.4419 4.1
      vertex 28.1198 18.035 4.1
    endloop
  endfacet
  facet normal 0 -0 1
    outer loop
      vertex 22.1901 17.0271 4.1
      vertex 28.1198 18.035 4.1
      vertex 21.029 18.4419 4.1
    endloop
  endfacet
  facet normal 0 0 1
    outer loop
      vertex 28.1198 16.235 4.1
      vertex 27.4326 5.45668 4.1
      vertex 27.7307 3.65082 4.1
    endloop
  endfacet
  facet normal 0 0 1
    outer loop
      vertex 21.029 18.4419 4.1
      vertex 28.9458 25.3848 4.1
      vertex 27.2236 27.2236 4.1
    endloop
  endfacet
  facet normal 0 0 1
    outer loop
      vertex 28.1198 18.035 4.1
      vertex 22.1901 17.0271 4.1
      vertex 27.94 17.6009 4.1
    endloop
  endfacet
  facet normal 0 0 1
    outer loop
      vertex 28.1198 16.235 4.1
      vertex 27.0169 7.23917 4.1
      vertex 27.4326 5.45668 4.1
    endloop
  endfacet
  facet normal 0 0 1
    outer loop
      vertex 28.1198 16.235 4.1
      vertex 26.4856 8.99066 4.1
      vertex 27.0169 7.23917 4.1
    endloop
  endfacet
  facet normal 0 0 1
    outer loop
      vertex 28.1198 16.235 4.1
      vertex 25.8409 10.7037 4.1
      vertex 26.4856 8.99066 4.1
    endloop
  endfacet
  facet normal 0 0 1
    outer loop
      vertex 19.7778 19.7778 4.1
      vertex 27.2236 27.2236 4.1
      vertex 25.3848 28.9458 4.1
    endloop
  endfacet
  facet normal 0 0 1
    outer loop
      vertex 28.1198 16.235 4.1
      vertex 25.0855 12.3708 4.1
      vertex 25.8409 10.7037 4.1
    endloop
  endfacet
  facet normal 0 0 1
    outer loop
      vertex 28.1198 16.235 4.1
      vertex 24.2227 13.985 4.1
      vertex 25.0855 12.3708 4.1
    endloop
  endfacet
  facet normal 0 0 1
    outer loop
      vertex 18.4419 21.029 4.1
      vertex 25.3848 28.9458 4.1
      vertex 23.4373 30.5441 4.1
    endloop
  endfacet
  facet normal 0 0 1
    outer loop
      vertex 27.94 16.6691 4.1
      vertex 23.2562 15.5393 4.1
      vertex 24.2227 13.985 4.1
    endloop
  endfacet
  facet normal 0 0 1
    outer loop
      vertex 27.94 17.6009 4.1
      vertex 23.2562 15.5393 4.1
      vertex 27.8787 17.135 4.1
    endloop
  endfacet
  facet normal 0 0 1
    outer loop
      vertex 17.0271 22.1901 4.1
      vertex 23.4373 30.5441 4.1
      vertex 21.3895 32.0116 4.1
    endloop
  endfacet
  facet normal 0 -0 1
    outer loop
      vertex 23.2562 15.5393 4.1
      vertex 27.94 17.6009 4.1
      vertex 22.1901 17.0271 4.1
    endloop
  endfacet
  facet normal 0 0 1
    outer loop
      vertex 27.2236 27.2236 4.1
      vertex 19.7778 19.7778 4.1
      vertex 21.029 18.4419 4.1
    endloop
  endfacet
  facet normal 0 0 1
    outer loop
      vertex 15.5393 23.2562 4.1
      vertex 21.3895 32.0116 4.1
      vertex 19.25 33.342 4.1
    endloop
  endfacet
  facet normal 0 0 1
    outer loop
      vertex 25.3848 28.9458 4.1
      vertex 18.4419 21.029 4.1
      vertex 19.7778 19.7778 4.1
    endloop
  endfacet
  facet normal 0 0 1
    outer loop
      vertex 13.985 24.2227 4.1
      vertex 19.25 33.342 4.1
      vertex 17.0281 34.5296 4.1
    endloop
  endfacet
  facet normal 0 0 1
    outer loop
      vertex 23.4373 30.5441 4.1
      vertex 17.0271 22.1901 4.1
      vertex 18.4419 21.029 4.1
    endloop
  endfacet
  facet normal 0 0 1
    outer loop
      vertex 21.3895 32.0116 4.1
      vertex 15.5393 23.2562 4.1
      vertex 17.0271 22.1901 4.1
    endloop
  endfacet
  facet normal 0 0 1
    outer loop
      vertex 12.3708 25.0855 4.1
      vertex 17.0281 34.5296 4.1
      vertex 14.7333 35.5694 4.1
    endloop
  endfacet
  facet normal 0 0 1
    outer loop
      vertex 19.25 33.342 4.1
      vertex 13.985 24.2227 4.1
      vertex 15.5393 23.2562 4.1
    endloop
  endfacet
  facet normal 0 0 1
    outer loop
      vertex 10.7037 25.8409 4.1
      vertex 14.7333 35.5694 4.1
      vertex 12.3754 36.4568 4.1
    endloop
  endfacet
  facet normal 0 0 1
    outer loop
      vertex 17.0281 34.5296 4.1
      vertex 12.3708 25.0855 4.1
      vertex 13.985 24.2227 4.1
    endloop
  endfacet
  facet normal 0 0 1
    outer loop
      vertex 14.7333 35.5694 4.1
      vertex 10.7037 25.8409 4.1
      vertex 12.3708 25.0855 4.1
    endloop
  endfacet
  facet normal 0 0 1
    outer loop
      vertex 8.99066 26.4856 4.1
      vertex 12.3754 36.4568 4.1
      vertex 9.96453 37.1881 4.1
    endloop
  endfacet
  facet normal 0 0 1
    outer loop
      vertex 12.3754 36.4568 4.1
      vertex 8.99066 26.4856 4.1
      vertex 10.7037 25.8409 4.1
    endloop
  endfacet
  facet normal 0 0 1
    outer loop
      vertex 7.23917 27.0169 4.1
      vertex 9.96453 37.1881 4.1
      vertex 7.51098 37.7602 4.1
    endloop
  endfacet
  facet normal 0 0 1
    outer loop
      vertex 9.96453 37.1881 4.1
      vertex 7.23917 27.0169 4.1
      vertex 8.99066 26.4856 4.1
    endloop
  endfacet
  facet normal 0 0 1
    outer loop
      vertex 7.51098 37.7602 4.1
      vertex 5.45668 27.4326 4.1
      vertex 7.23917 27.0169 4.1
    endloop
  endfacet
  facet normal 0 0 1
    outer loop
      vertex 5.02526 38.1706 4.1
      vertex 5.45668 27.4326 4.1
      vertex 7.51098 37.7602 4.1
    endloop
  endfacet
  facet normal 0 0 1
    outer loop
      vertex 5.02526 38.1706 4.1
      vertex 3.65082 27.7307 4.1
      vertex 5.45668 27.4326 4.1
    endloop
  endfacet
  facet normal 0 0 1
    outer loop
      vertex 2.51802 38.4176 4.1
      vertex 3.65082 27.7307 4.1
      vertex 5.02526 38.1706 4.1
    endloop
  endfacet
  facet normal 0 0 1
    outer loop
      vertex 2.51802 38.4176 4.1
      vertex 1.82932 27.9101 4.1
      vertex 3.65082 27.7307 4.1
    endloop
  endfacet
  facet normal 0 0 1
    outer loop
      vertex 0 38.5 4.1
      vertex 1.82932 27.9101 4.1
      vertex 2.51802 38.4176 4.1
    endloop
  endfacet
  facet normal 0 0 1
    outer loop
      vertex 0 38.5 4.1
      vertex 0 27.97 4.1
      vertex 1.82932 27.9101 4.1
    endloop
  endfacet
  facet normal 0 0 1
    outer loop
      vertex 0 38.5 4.1
      vertex -1.82932 27.9101 4.1
      vertex 0 27.97 4.1
    endloop
  endfacet
  facet normal -0 0 1
    outer loop
      vertex -2.51802 38.4176 4.1
      vertex -1.82932 27.9101 4.1
      vertex 0 38.5 4.1
    endloop
  endfacet
  facet normal 0 0 1
    outer loop
      vertex -2.51802 38.4176 4.1
      vertex -3.65082 27.7307 4.1
      vertex -1.82932 27.9101 4.1
    endloop
  endfacet
  facet normal -0 0 1
    outer loop
      vertex -5.02526 38.1706 4.1
      vertex -3.65082 27.7307 4.1
      vertex -2.51802 38.4176 4.1
    endloop
  endfacet
  facet normal 0 0 1
    outer loop
      vertex -5.02526 38.1706 4.1
      vertex -5.45668 27.4326 4.1
      vertex -3.65082 27.7307 4.1
    endloop
  endfacet
  facet normal -0 0 1
    outer loop
      vertex -7.51098 37.7602 4.1
      vertex -5.45668 27.4326 4.1
      vertex -5.02526 38.1706 4.1
    endloop
  endfacet
  facet normal 0 0 1
    outer loop
      vertex -5.45668 27.4326 4.1
      vertex -7.51098 37.7602 4.1
      vertex -7.23917 27.0169 4.1
    endloop
  endfacet
  facet normal -0 0 1
    outer loop
      vertex -9.96453 37.1881 4.1
      vertex -7.23917 27.0169 4.1
      vertex -7.51098 37.7602 4.1
    endloop
  endfacet
  facet normal 0 0 1
    outer loop
      vertex -7.23917 27.0169 4.1
      vertex -9.96453 37.1881 4.1
      vertex -8.99066 26.4856 4.1
    endloop
  endfacet
  facet normal -0 0 1
    outer loop
      vertex -13.6139 35.4654 4.1
      vertex -8.99066 26.4856 4.1
      vertex -9.96453 37.1881 4.1
    endloop
  endfacet
  facet normal 0 0 1
    outer loop
      vertex -8.99066 26.4856 4.1
      vertex -13.6139 35.4654 4.1
      vertex -10.7037 25.8409 4.1
    endloop
  endfacet
  facet normal 0 0 1
    outer loop
      vertex -13.6139 35.4654 4.1
      vertex -9.96453 37.1881 4.1
      vertex -12.3754 36.4568 4.1
    endloop
  endfacet
  facet normal -0 0 1
    outer loop
      vertex -14.542 35.1074 4.1
      vertex -10.7037 25.8409 4.1
      vertex -13.6139 35.4654 4.1
    endloop
  endfacet
  facet normal -0 0 1
    outer loop
      vertex -16.2471 34.3516 4.1
      vertex -10.7037 25.8409 4.1
      vertex -14.542 35.1074 4.1
    endloop
  endfacet
  facet normal 0 0 1
    outer loop
      vertex -10.7037 25.8409 4.1
      vertex -16.2471 34.3516 4.1
      vertex -12.3708 25.0855 4.1
    endloop
  endfacet
  facet normal -0 0 1
    outer loop
      vertex -17.9131 33.513 4.1
      vertex -12.3708 25.0855 4.1
      vertex -16.2471 34.3516 4.1
    endloop
  endfacet
  facet normal 0 0 1
    outer loop
      vertex -12.3708 25.0855 4.1
      vertex -17.9131 33.513 4.1
      vertex -13.985 24.2227 4.1
    endloop
  endfacet
  facet normal -0 0 1
    outer loop
      vertex -19.5359 32.5937 4.1
      vertex -13.985 24.2227 4.1
      vertex -17.9131 33.513 4.1
    endloop
  endfacet
  facet normal 0 0 1
    outer loop
      vertex -13.985 24.2227 4.1
      vertex -19.5359 32.5937 4.1
      vertex -15.5393 23.2562 4.1
    endloop
  endfacet
  facet normal -0 0 1
    outer loop
      vertex -21.1117 31.5958 4.1
      vertex -15.5393 23.2562 4.1
      vertex -19.5359 32.5937 4.1
    endloop
  endfacet
  facet normal -0 0 1
    outer loop
      vertex -22.6366 30.5219 4.1
      vertex -15.5393 23.2562 4.1
      vertex -21.1117 31.5958 4.1
    endloop
  endfacet
  facet normal 0 0 1
    outer loop
      vertex -15.5393 23.2562 4.1
      vertex -22.6366 30.5219 4.1
      vertex -17.0271 22.1901 4.1
    endloop
  endfacet
  facet normal -0 0 1
    outer loop
      vertex -23.9108 29.5274 4.1
      vertex -17.0271 22.1901 4.1
      vertex -22.6366 30.5219 4.1
    endloop
  endfacet
  facet normal 0 0 1
    outer loop
      vertex -17.0271 22.1901 4.1
      vertex -23.9108 29.5274 4.1
      vertex -18.4419 21.029 4.1
    endloop
  endfacet
  facet normal 0 0 1
    outer loop
      vertex -18.4419 21.029 4.1
      vertex -23.9108 29.5274 4.1
      vertex -19.7778 19.7778 4.1
    endloop
  endfacet
  facet normal -0 0 1
    outer loop
      vertex -27.2236 27.2236 4.1
      vertex -19.7778 19.7778 4.1
      vertex -23.9108 29.5274 4.1
    endloop
  endfacet
  facet normal 0 0 1
    outer loop
      vertex -19.7778 19.7778 4.1
      vertex -27.2236 27.2236 4.1
      vertex -21.029 18.4419 4.1
    endloop
  endfacet
  facet normal -0 0 1
    outer loop
      vertex -28.9458 25.3848 4.1
      vertex -21.029 18.4419 4.1
      vertex -27.2236 27.2236 4.1
    endloop
  endfacet
  facet normal 0 0 1
    outer loop
      vertex -25.3848 28.9458 4.1
      vertex -23.9108 29.5274 4.1
      vertex -24.2164 29.9047 4.1
    endloop
  endfacet
  facet normal 0 0 1
    outer loop
      vertex -27.2236 27.2236 4.1
      vertex -23.9108 29.5274 4.1
      vertex -25.3848 28.9458 4.1
    endloop
  endfacet
  facet normal 0 -0 1
    outer loop
      vertex -28.4059 18.4078 4.1
      vertex -21.029 18.4419 4.1
      vertex -28.9458 25.3848 4.1
    endloop
  endfacet
  facet normal 0 0 1
    outer loop
      vertex -22.1901 17.0271 4.1
      vertex -27.94 17.6009 4.1
      vertex -23.2562 15.5393 4.1
    endloop
  endfacet
  facet normal -0 0 1
    outer loop
      vertex -27.94 16.6691 4.1
      vertex -23.2562 15.5393 4.1
      vertex -27.8787 17.135 4.1
    endloop
  endfacet
  facet normal -0 0 1
    outer loop
      vertex -28.1198 16.235 4.1
      vertex -24.2227 13.985 4.1
      vertex -27.94 16.6691 4.1
    endloop
  endfacet
  facet normal -0 0 1
    outer loop
      vertex -28.4059 15.8622 4.1
      vertex -24.2227 13.985 4.1
      vertex -28.1198 16.235 4.1
    endloop
  endfacet
  facet normal -0 -0 1
    outer loop
      vertex -27.94 17.6009 4.1
      vertex -22.1901 17.0271 4.1
      vertex -28.1198 18.035 4.1
    endloop
  endfacet
  facet normal 0 0 1
    outer loop
      vertex -24.2227 13.985 4.1
      vertex -28.4059 15.8622 4.1
      vertex -25.0855 12.3708 4.1
    endloop
  endfacet
  facet normal -0 0 1
    outer loop
      vertex -28.7787 15.5762 4.1
      vertex -25.0855 12.3708 4.1
      vertex -28.4059 15.8622 4.1
    endloop
  endfacet
  facet normal -0 0 1
    outer loop
      vertex -29.2128 15.3963 4.1
      vertex -25.0855 12.3708 4.1
      vertex -28.7787 15.5762 4.1
    endloop
  endfacet
  facet normal 0 0 1
    outer loop
      vertex -23.2562 15.5393 4.1
      vertex -27.94 16.6691 4.1
      vertex -24.2227 13.985 4.1
    endloop
  endfacet
  facet normal -0 -0 1
    outer loop
      vertex -27.8787 17.135 4.1
      vertex -23.2562 15.5393 4.1
      vertex -27.94 17.6009 4.1
    endloop
  endfacet
  facet normal 0 0 1
    outer loop
      vertex -21.029 18.4419 4.1
      vertex -28.1198 18.035 4.1
      vertex -22.1901 17.0271 4.1
    endloop
  endfacet
  facet normal 0 -0 1
    outer loop
      vertex -28.1198 18.035 4.1
      vertex -21.029 18.4419 4.1
      vertex -28.4059 18.4078 4.1
    endloop
  endfacet
  facet normal 0 0 1
    outer loop
      vertex -28.4059 18.4078 4.1
      vertex -28.9458 25.3848 4.1
      vertex -28.7787 18.6938 4.1
    endloop
  endfacet
  facet normal -0 0 1
    outer loop
      vertex -30.5441 23.4373 4.1
      vertex -28.7787 18.6938 4.1
      vertex -28.9458 25.3848 4.1
    endloop
  endfacet
  facet normal 0 0 1
    outer loop
      vertex -28.7787 18.6938 4.1
      vertex -30.5441 23.4373 4.1
      vertex -29.2128 18.8737 4.1
    endloop
  endfacet
  facet normal 0 0 1
    outer loop
      vertex -29.2128 18.8737 4.1
      vertex -30.5441 23.4373 4.1
      vertex -29.6787 18.935 4.1
    endloop
  endfacet
  facet normal -0 0 1
    outer loop
      vertex -32.0116 21.3895 4.1
      vertex -29.6787 18.935 4.1
      vertex -30.5441 23.4373 4.1
    endloop
  endfacet
  facet normal 0 0 1
    outer loop
      vertex -29.6787 18.935 4.1
      vertex -32.0116 21.3895 4.1
      vertex -30.1446 18.8737 4.1
    endloop
  endfacet
  facet normal 0 0 1
    outer loop
      vertex -30.1446 18.8737 4.1
      vertex -32.0116 21.3895 4.1
      vertex -30.5787 18.6938 4.1
    endloop
  endfacet
  facet normal 0 0 1
    outer loop
      vertex -30.5787 18.6938 4.1
      vertex -32.0116 21.3895 4.1
      vertex -30.9515 18.4078 4.1
    endloop
  endfacet
  facet normal -0 0 1
    outer loop
      vertex -33.342 19.25 4.1
      vertex -30.9515 18.4078 4.1
      vertex -32.0116 21.3895 4.1
    endloop
  endfacet
  facet normal 0 0 1
    outer loop
      vertex -31.2375 18.035 4.1
      vertex -33.342 19.25 4.1
      vertex -31.4174 17.6009 4.1
    endloop
  endfacet
  facet normal 0 0 1
    outer loop
      vertex -30.9515 18.4078 4.1
      vertex -33.342 19.25 4.1
      vertex -31.2375 18.035 4.1
    endloop
  endfacet
  facet normal 0 0 1
    outer loop
      vertex -5.02526 -38.1706 4.1
      vertex -1.6 -35.0706 4.1
      vertex -1.73867 -34.7359 4.1
    endloop
  endfacet
  facet normal 0 0 1
    outer loop
      vertex -5.02526 -38.1706 4.1
      vertex -1.73867 -34.7359 4.1
      vertex -1.8 -34.27 4.1
    endloop
  endfacet
  facet normal 0 0 1
    outer loop
      vertex -1.6 -35.0706 4.1
      vertex -2.51802 -38.4176 4.1
      vertex -1.6 -38.4476 4.1
    endloop
  endfacet
  facet normal 0 0 1
    outer loop
      vertex -1.6 -33.4694 4.1
      vertex -5.45668 -27.4326 4.1
      vertex -1.73867 -33.8041 4.1
    endloop
  endfacet
  facet normal 0 0 1
    outer loop
      vertex -7.51098 -37.7602 4.1
      vertex -1.73867 -33.8041 4.1
      vertex -5.45668 -27.4326 4.1
    endloop
  endfacet
  facet normal 0 0 1
    outer loop
      vertex -1.6 -35.0706 4.1
      vertex -5.02526 -38.1706 4.1
      vertex -2.51802 -38.4176 4.1
    endloop
  endfacet
  facet normal 0 0 1
    outer loop
      vertex -1.73867 -33.8041 4.1
      vertex -7.51098 -37.7602 4.1
      vertex -1.8 -34.27 4.1
    endloop
  endfacet
  facet normal 0 0 1
    outer loop
      vertex -7.51098 -37.7602 4.1
      vertex -5.45668 -27.4326 4.1
      vertex -7.23917 -27.0169 4.1
    endloop
  endfacet
  facet normal 0 0 1
    outer loop
      vertex -1.8 -34.27 4.1
      vertex -7.51098 -37.7602 4.1
      vertex -5.02526 -38.1706 4.1
    endloop
  endfacet
  facet normal 0 0 1
    outer loop
      vertex -9.96453 -37.1881 4.1
      vertex -7.23917 -27.0169 4.1
      vertex -8.99066 -26.4856 4.1
    endloop
  endfacet
  facet normal 0 0 1
    outer loop
      vertex -7.23917 -27.0169 4.1
      vertex -9.96453 -37.1881 4.1
      vertex -7.51098 -37.7602 4.1
    endloop
  endfacet
  facet normal 0 0 1
    outer loop
      vertex -13.6139 -35.4654 4.1
      vertex -8.99066 -26.4856 4.1
      vertex -10.7037 -25.8409 4.1
    endloop
  endfacet
  facet normal 0 0 1
    outer loop
      vertex -16.2471 -34.3516 4.1
      vertex -10.7037 -25.8409 4.1
      vertex -12.3708 -25.0855 4.1
    endloop
  endfacet
  facet normal 0 0 1
    outer loop
      vertex -8.99066 -26.4856 4.1
      vertex -13.6139 -35.4654 4.1
      vertex -9.96453 -37.1881 4.1
    endloop
  endfacet
  facet normal 0 0 1
    outer loop
      vertex -9.96453 -37.1881 4.1
      vertex -13.6139 -35.4654 4.1
      vertex -12.3754 -36.4568 4.1
    endloop
  endfacet
  facet normal 0 0 1
    outer loop
      vertex -17.9131 -33.513 4.1
      vertex -12.3708 -25.0855 4.1
      vertex -13.985 -24.2227 4.1
    endloop
  endfacet
  facet normal 0 0 1
    outer loop
      vertex -10.7037 -25.8409 4.1
      vertex -14.542 -35.1074 4.1
      vertex -13.6139 -35.4654 4.1
    endloop
  endfacet
  facet normal 0 0 1
    outer loop
      vertex -19.5359 -32.5937 4.1
      vertex -13.985 -24.2227 4.1
      vertex -15.5393 -23.2562 4.1
    endloop
  endfacet
  facet normal 0 0 1
    outer loop
      vertex -10.7037 -25.8409 4.1
      vertex -16.2471 -34.3516 4.1
      vertex -14.542 -35.1074 4.1
    endloop
  endfacet
  facet normal 0 0 1
    outer loop
      vertex -22.6366 -30.5219 4.1
      vertex -15.5393 -23.2562 4.1
      vertex -17.0271 -22.1901 4.1
    endloop
  endfacet
  facet normal 0 0 1
    outer loop
      vertex -12.3708 -25.0855 4.1
      vertex -17.9131 -33.513 4.1
      vertex -16.2471 -34.3516 4.1
    endloop
  endfacet
  facet normal 0 0 1
    outer loop
      vertex -23.9108 -29.5274 4.1
      vertex -17.0271 -22.1901 4.1
      vertex -18.4419 -21.029 4.1
    endloop
  endfacet
  facet normal 0 0 1
    outer loop
      vertex -13.985 -24.2227 4.1
      vertex -19.5359 -32.5937 4.1
      vertex -17.9131 -33.513 4.1
    endloop
  endfacet
  facet normal 0 0 1
    outer loop
      vertex -23.9108 -29.5274 4.1
      vertex -18.4419 -21.029 4.1
      vertex -19.7778 -19.7778 4.1
    endloop
  endfacet
  facet normal 0 0 1
    outer loop
      vertex -27.2236 -27.2236 4.1
      vertex -19.7778 -19.7778 4.1
      vertex -21.029 -18.4419 4.1
    endloop
  endfacet
  facet normal 0 0 1
    outer loop
      vertex -15.5393 -23.2562 4.1
      vertex -21.1117 -31.5958 4.1
      vertex -19.5359 -32.5937 4.1
    endloop
  endfacet
  facet normal 0 0 1
    outer loop
      vertex -28.9458 -25.3848 4.1
      vertex -21.029 -18.4419 4.1
      vertex -22.1901 -17.0271 4.1
    endloop
  endfacet
  facet normal 0 0 1
    outer loop
      vertex -15.5393 -23.2562 4.1
      vertex -22.6366 -30.5219 4.1
      vertex -21.1117 -31.5958 4.1
    endloop
  endfacet
  facet normal 0 0 1
    outer loop
      vertex -30.5441 -23.4373 4.1
      vertex -22.1901 -17.0271 4.1
      vertex -23.2562 -15.5393 4.1
    endloop
  endfacet
  facet normal 0 0 1
    outer loop
      vertex -17.0271 -22.1901 4.1
      vertex -23.9108 -29.5274 4.1
      vertex -22.6366 -30.5219 4.1
    endloop
  endfacet
  facet normal 0 0 1
    outer loop
      vertex -19.7778 -19.7778 4.1
      vertex -27.2236 -27.2236 4.1
      vertex -23.9108 -29.5274 4.1
    endloop
  endfacet
  facet normal 0 0 1
    outer loop
      vertex -32.0116 -21.3895 4.1
      vertex -23.2562 -15.5393 4.1
      vertex -24.2227 -13.985 4.1
    endloop
  endfacet
  facet normal 0 0 1
    outer loop
      vertex -33.342 -19.25 4.1
      vertex -24.2227 -13.985 4.1
      vertex -25.0855 -12.3708 4.1
    endloop
  endfacet
  facet normal 0 0 1
    outer loop
      vertex -23.9108 -29.5274 4.1
      vertex -25.3848 -28.9458 4.1
      vertex -24.2164 -29.9047 4.1
    endloop
  endfacet
  facet normal 0 0 1
    outer loop
      vertex -34.5296 -17.0281 4.1
      vertex -25.0855 -12.3708 4.1
      vertex -25.8409 -10.7037 4.1
    endloop
  endfacet
  facet normal 0 0 1
    outer loop
      vertex -35.5694 -14.7333 4.1
      vertex -25.8409 -10.7037 4.1
      vertex -26.4856 -8.99066 4.1
    endloop
  endfacet
  facet normal 0 0 1
    outer loop
      vertex -36.4568 -12.3754 4.1
      vertex -26.4856 -8.99066 4.1
      vertex -27.0169 -7.23917 4.1
    endloop
  endfacet
  facet normal 0 0 1
    outer loop
      vertex -23.9108 -29.5274 4.1
      vertex -27.2236 -27.2236 4.1
      vertex -25.3848 -28.9458 4.1
    endloop
  endfacet
  facet normal 0 0 1
    outer loop
      vertex -37.1881 -9.96453 4.1
      vertex -27.0169 -7.23917 4.1
      vertex -27.4326 -5.45668 4.1
    endloop
  endfacet
  facet normal 0 0 1
    outer loop
      vertex -37.7602 -7.51098 4.1
      vertex -27.4326 -5.45668 4.1
      vertex -27.7307 -3.65082 4.1
    endloop
  endfacet
  facet normal 0 0 1
    outer loop
      vertex -38.1706 -5.02526 4.1
      vertex -27.7307 -3.65082 4.1
      vertex -27.9101 -1.82932 4.1
    endloop
  endfacet
  facet normal 0 0 1
    outer loop
      vertex -38.4176 -2.51802 4.1
      vertex -27.9101 -1.82932 4.1
      vertex -27.97 0 4.1
    endloop
  endfacet
  facet normal -0 0 1
    outer loop
      vertex -36.4568 12.3754 4.1
      vertex -26.4856 8.99066 4.1
      vertex -30.1446 15.3963 4.1
    endloop
  endfacet
  facet normal 0 0 1
    outer loop
      vertex -26.4856 8.99066 4.1
      vertex -36.4568 12.3754 4.1
      vertex -27.0169 7.23917 4.1
    endloop
  endfacet
  facet normal -0 0 1
    outer loop
      vertex -37.1881 9.96453 4.1
      vertex -27.0169 7.23917 4.1
      vertex -36.4568 12.3754 4.1
    endloop
  endfacet
  facet normal 0 0 1
    outer loop
      vertex -21.029 -18.4419 4.1
      vertex -28.9458 -25.3848 4.1
      vertex -27.2236 -27.2236 4.1
    endloop
  endfacet
  facet normal 0 0 1
    outer loop
      vertex -27.4326 5.45668 4.1
      vertex -37.7602 7.51098 4.1
      vertex -27.7307 3.65082 4.1
    endloop
  endfacet
  facet normal -0 0 1
    outer loop
      vertex -38.1706 5.02526 4.1
      vertex -27.7307 3.65082 4.1
      vertex -37.7602 7.51098 4.1
    endloop
  endfacet
  facet normal -0 0 1
    outer loop
      vertex -37.7602 7.51098 4.1
      vertex -27.4326 5.45668 4.1
      vertex -37.1881 9.96453 4.1
    endloop
  endfacet
  facet normal 0 0 1
    outer loop
      vertex -22.1901 -17.0271 4.1
      vertex -30.5441 -23.4373 4.1
      vertex -28.9458 -25.3848 4.1
    endloop
  endfacet
  facet normal 0 0 1
    outer loop
      vertex -36.4568 12.3754 4.1
      vertex -30.1446 15.3963 4.1
      vertex -30.5787 15.5762 4.1
    endloop
  endfacet
  facet normal 0 0 1
    outer loop
      vertex -35.5694 14.7333 4.1
      vertex -30.5787 15.5762 4.1
      vertex -30.9515 15.8622 4.1
    endloop
  endfacet
  facet normal 0 0 1
    outer loop
      vertex -35.5694 14.7333 4.1
      vertex -30.9515 15.8622 4.1
      vertex -31.2375 16.235 4.1
    endloop
  endfacet
  facet normal 0 0 1
    outer loop
      vertex -34.5296 17.0281 4.1
      vertex -31.2375 16.235 4.1
      vertex -31.4174 16.6691 4.1
    endloop
  endfacet
  facet normal -0 0 1
    outer loop
      vertex -34.5296 17.0281 4.1
      vertex -31.4174 16.6691 4.1
      vertex -31.4787 17.135 4.1
    endloop
  endfacet
  facet normal 0 0 1
    outer loop
      vertex -34.5296 17.0281 4.1
      vertex -31.4174 17.6009 4.1
      vertex -33.342 19.25 4.1
    endloop
  endfacet
  facet normal 0 0 1
    outer loop
      vertex -23.2562 -15.5393 4.1
      vertex -32.0116 -21.3895 4.1
      vertex -30.5441 -23.4373 4.1
    endloop
  endfacet
  facet normal 0 0 1
    outer loop
      vertex -31.4174 17.6009 4.1
      vertex -34.5296 17.0281 4.1
      vertex -31.4787 17.135 4.1
    endloop
  endfacet
  facet normal 0 0 1
    outer loop
      vertex -24.2227 -13.985 4.1
      vertex -33.342 -19.25 4.1
      vertex -32.0116 -21.3895 4.1
    endloop
  endfacet
  facet normal 0 0 1
    outer loop
      vertex -31.2375 16.235 4.1
      vertex -34.5296 17.0281 4.1
      vertex -35.5694 14.7333 4.1
    endloop
  endfacet
  facet normal 0 0 1
    outer loop
      vertex -25.0855 -12.3708 4.1
      vertex -34.5296 -17.0281 4.1
      vertex -33.342 -19.25 4.1
    endloop
  endfacet
  facet normal 0 0 1
    outer loop
      vertex -30.5787 15.5762 4.1
      vertex -35.5694 14.7333 4.1
      vertex -36.4568 12.3754 4.1
    endloop
  endfacet
  facet normal 0 0 1
    outer loop
      vertex -25.8409 -10.7037 4.1
      vertex -35.5694 -14.7333 4.1
      vertex -34.5296 -17.0281 4.1
    endloop
  endfacet
  facet normal 0 0 1
    outer loop
      vertex -27.0169 7.23917 4.1
      vertex -37.1881 9.96453 4.1
      vertex -27.4326 5.45668 4.1
    endloop
  endfacet
  facet normal 0 0 1
    outer loop
      vertex -26.4856 -8.99066 4.1
      vertex -36.4568 -12.3754 4.1
      vertex -35.5694 -14.7333 4.1
    endloop
  endfacet
  facet normal 0 0 1
    outer loop
      vertex -27.7307 3.65082 4.1
      vertex -38.1706 5.02526 4.1
      vertex -27.9101 1.82932 4.1
    endloop
  endfacet
  facet normal 0 0 1
    outer loop
      vertex -27.0169 -7.23917 4.1
      vertex -37.1881 -9.96453 4.1
      vertex -36.4568 -12.3754 4.1
    endloop
  endfacet
  facet normal -0 0 1
    outer loop
      vertex -38.4176 2.51802 4.1
      vertex -27.9101 1.82932 4.1
      vertex -38.1706 5.02526 4.1
    endloop
  endfacet
  facet normal 0 0 1
    outer loop
      vertex -27.4326 -5.45668 4.1
      vertex -37.7602 -7.51098 4.1
      vertex -37.1881 -9.96453 4.1
    endloop
  endfacet
  facet normal 0 0 1
    outer loop
      vertex -27.9101 1.82932 4.1
      vertex -38.4176 2.51802 4.1
      vertex -27.97 0 4.1
    endloop
  endfacet
  facet normal 0 0 1
    outer loop
      vertex -27.7307 -3.65082 4.1
      vertex -38.1706 -5.02526 4.1
      vertex -37.7602 -7.51098 4.1
    endloop
  endfacet
  facet normal 0 0 1
    outer loop
      vertex -27.97 0 4.1
      vertex -38.4176 2.51802 4.1
      vertex -38.5 0 4.1
    endloop
  endfacet
  facet normal 0 0 1
    outer loop
      vertex -27.9101 -1.82932 4.1
      vertex -38.4176 -2.51802 4.1
      vertex -38.1706 -5.02526 4.1
    endloop
  endfacet
  facet normal 0 0 1
    outer loop
      vertex -27.97 0 4.1
      vertex -38.5 0 4.1
      vertex -38.4176 -2.51802 4.1
    endloop
  endfacet
  facet normal 0 0 1
    outer loop
      vertex -12.3754 -36.4568 4.1
      vertex -13.6139 -35.4654 4.1
      vertex -13.7901 -35.9244 4.1
    endloop
  endfacet
  facet normal 0.956944 -0.290274 0
    outer loop
      vertex 36.4568 -12.3754 4.1
      vertex 37.1881 -9.96453 0
      vertex 37.1881 -9.96453 4.1
    endloop
  endfacet
  facet normal 0.956944 -0.290274 0
    outer loop
      vertex 37.1881 -9.96453 0
      vertex 36.4568 -12.3754 4.1
      vertex 36.4568 -12.3754 0
    endloop
  endfacet
  facet normal -0.0980401 0.995182 0
    outer loop
      vertex -2.51802 38.4176 0
      vertex -5.02526 38.1706 4.1
      vertex -2.51802 38.4176 4.1
    endloop
  endfacet
  facet normal -0.0980401 0.995182 0
    outer loop
      vertex -5.02526 38.1706 4.1
      vertex -2.51802 38.4176 0
      vertex -5.02526 38.1706 0
    endloop
  endfacet
  facet normal -0.0980401 -0.995182 0
    outer loop
      vertex -5.02526 -38.1706 0
      vertex -2.51802 -38.4176 4.1
      vertex -5.02526 -38.1706 4.1
    endloop
  endfacet
  facet normal -0.0980401 -0.995182 -0
    outer loop
      vertex -2.51802 -38.4176 4.1
      vertex -5.02526 -38.1706 0
      vertex -2.51802 -38.4176 0
    endloop
  endfacet
  facet normal 0.290274 0.956944 -0
    outer loop
      vertex 12.3754 36.4568 0
      vertex 9.96453 37.1881 4.1
      vertex 12.3754 36.4568 4.1
    endloop
  endfacet
  facet normal 0.290274 0.956944 0
    outer loop
      vertex 9.96453 37.1881 4.1
      vertex 12.3754 36.4568 0
      vertex 9.96453 37.1881 0
    endloop
  endfacet
  facet normal -0.935913 -0.352232 0
    outer loop
      vertex -35.5694 -14.7333 0
      vertex -36.4568 -12.3754 4.1
      vertex -36.4568 -12.3754 0
    endloop
  endfacet
  facet normal -0.935913 -0.352232 0
    outer loop
      vertex -36.4568 -12.3754 4.1
      vertex -35.5694 -14.7333 0
      vertex -35.5694 -14.7333 4.1
    endloop
  endfacet
  facet normal 0.849207 -0.52806 0
    outer loop
      vertex 32.0116 -21.3895 4.1
      vertex 33.342 -19.25 0
      vertex 33.342 -19.25 4.1
    endloop
  endfacet
  facet normal 0.849207 -0.52806 0
    outer loop
      vertex 33.342 -19.25 0
      vertex 32.0116 -21.3895 4.1
      vertex 32.0116 -21.3895 0
    endloop
  endfacet
  facet normal 0.910858 -0.41272 0
    outer loop
      vertex 34.5296 -17.0281 4.1
      vertex 35.5694 -14.7333 0
      vertex 35.5694 -14.7333 4.1
    endloop
  endfacet
  facet normal 0.910858 -0.41272 0
    outer loop
      vertex 35.5694 -14.7333 0
      vertex 34.5296 -17.0281 4.1
      vertex 34.5296 -17.0281 0
    endloop
  endfacet
  facet normal -0.352218 0.935918 0
    outer loop
      vertex -12.3754 36.4568 0
      vertex -13.7901 35.9244 4.1
      vertex -12.3754 36.4568 4.1
    endloop
  endfacet
  facet normal -0.352218 0.935918 0
    outer loop
      vertex -13.7901 35.9244 4.1
      vertex -12.3754 36.4568 0
      vertex -13.7901 35.9244 0
    endloop
  endfacet
  facet normal 0.227081 0.973876 -0
    outer loop
      vertex 9.96453 37.1881 0
      vertex 7.51098 37.7602 4.1
      vertex 9.96453 37.1881 4.1
    endloop
  endfacet
  facet normal 0.227081 0.973876 0
    outer loop
      vertex 7.51098 37.7602 4.1
      vertex 9.96453 37.1881 0
      vertex 7.51098 37.7602 0
    endloop
  endfacet
  facet normal 0.956944 0.290274 0
    outer loop
      vertex 37.1881 9.96453 4.1
      vertex 36.4568 12.3754 0
      vertex 36.4568 12.3754 4.1
    endloop
  endfacet
  facet normal 0.956944 0.290274 0
    outer loop
      vertex 36.4568 12.3754 0
      vertex 37.1881 9.96453 4.1
      vertex 37.1881 9.96453 0
    endloop
  endfacet
  facet normal -0.812834 0.582495 0
    outer loop
      vertex -32.0116 21.3895 0
      vertex -30.5441 23.4373 4.1
      vertex -30.5441 23.4373 0
    endloop
  endfacet
  facet normal -0.812834 0.582495 0
    outer loop
      vertex -30.5441 23.4373 4.1
      vertex -32.0116 21.3895 0
      vertex -32.0116 21.3895 4.1
    endloop
  endfacet
  facet normal 0.729869 0.683587 0
    outer loop
      vertex 28.9458 25.3848 4.1
      vertex 27.2236 27.2236 0
      vertex 27.2236 27.2236 4.1
    endloop
  endfacet
  facet normal 0.729869 0.683587 0
    outer loop
      vertex 27.2236 27.2236 0
      vertex 28.9458 25.3848 4.1
      vertex 28.9458 25.3848 0
    endloop
  endfacet
  facet normal -0.956944 -0.290274 0
    outer loop
      vertex -36.4568 -12.3754 0
      vertex -37.1881 -9.96453 4.1
      vertex -37.1881 -9.96453 0
    endloop
  endfacet
  facet normal -0.956944 -0.290274 0
    outer loop
      vertex -37.1881 -9.96453 4.1
      vertex -36.4568 -12.3754 0
      vertex -36.4568 -12.3754 4.1
    endloop
  endfacet
  facet normal -0.881926 -0.471387 0
    outer loop
      vertex -33.342 -19.25 0
      vertex -34.5296 -17.0281 4.1
      vertex -34.5296 -17.0281 0
    endloop
  endfacet
  facet normal -0.881926 -0.471387 0
    outer loop
      vertex -34.5296 -17.0281 4.1
      vertex -33.342 -19.25 0
      vertex -33.342 -19.25 4.1
    endloop
  endfacet
  facet normal -0.986643 0.162898 0
    outer loop
      vertex -38.1706 5.02526 0
      vertex -37.7602 7.51098 4.1
      vertex -37.7602 7.51098 0
    endloop
  endfacet
  facet normal -0.986643 0.162898 0
    outer loop
      vertex -37.7602 7.51098 4.1
      vertex -38.1706 5.02526 0
      vertex -38.1706 5.02526 4.1
    endloop
  endfacet
  facet normal -0.290274 0.956944 0
    outer loop
      vertex -9.96453 37.1881 0
      vertex -12.3754 36.4568 4.1
      vertex -9.96453 37.1881 4.1
    endloop
  endfacet
  facet normal -0.290274 0.956944 0
    outer loop
      vertex -12.3754 36.4568 4.1
      vertex -9.96453 37.1881 0
      vertex -12.3754 36.4568 0
    endloop
  endfacet
  facet normal 0.352232 0.935913 -0
    outer loop
      vertex 14.7333 35.5694 0
      vertex 12.3754 36.4568 4.1
      vertex 14.7333 35.5694 4.1
    endloop
  endfacet
  facet normal 0.352232 0.935913 0
    outer loop
      vertex 12.3754 36.4568 4.1
      vertex 14.7333 35.5694 0
      vertex 12.3754 36.4568 0
    endloop
  endfacet
  facet normal -0.995182 -0.0980401 0
    outer loop
      vertex -38.1706 -5.02526 0
      vertex -38.4176 -2.51802 4.1
      vertex -38.4176 -2.51802 0
    endloop
  endfacet
  facet normal -0.995182 -0.0980401 0
    outer loop
      vertex -38.4176 -2.51802 4.1
      vertex -38.1706 -5.02526 0
      vertex -38.1706 -5.02526 4.1
    endloop
  endfacet
  facet normal 0.52806 0.849207 -0
    outer loop
      vertex 21.3895 32.0116 0
      vertex 19.25 33.342 4.1
      vertex 21.3895 32.0116 4.1
    endloop
  endfacet
  facet normal 0.52806 0.849207 0
    outer loop
      vertex 19.25 33.342 4.1
      vertex 21.3895 32.0116 0
      vertex 19.25 33.342 0
    endloop
  endfacet
  facet normal -0.227081 -0.973876 0
    outer loop
      vertex -9.96453 -37.1881 0
      vertex -7.51098 -37.7602 4.1
      vertex -9.96453 -37.1881 4.1
    endloop
  endfacet
  facet normal -0.227081 -0.973876 -0
    outer loop
      vertex -7.51098 -37.7602 4.1
      vertex -9.96453 -37.1881 0
      vertex -7.51098 -37.7602 0
    endloop
  endfacet
  facet normal 0.683587 -0.729869 0
    outer loop
      vertex 25.3848 -28.9458 0
      vertex 27.2236 -27.2236 4.1
      vertex 25.3848 -28.9458 4.1
    endloop
  endfacet
  facet normal 0.683587 -0.729869 0
    outer loop
      vertex 27.2236 -27.2236 4.1
      vertex 25.3848 -28.9458 0
      vertex 27.2236 -27.2236 0
    endloop
  endfacet
  facet normal 0.773005 0.6344 0
    outer loop
      vertex 30.5441 23.4373 4.1
      vertex 28.9458 25.3848 0
      vertex 28.9458 25.3848 4.1
    endloop
  endfacet
  facet normal 0.773005 0.6344 0
    outer loop
      vertex 28.9458 25.3848 0
      vertex 30.5441 23.4373 4.1
      vertex 30.5441 23.4373 0
    endloop
  endfacet
  facet normal 0.471387 0.881926 -0
    outer loop
      vertex 19.25 33.342 0
      vertex 17.0281 34.5296 4.1
      vertex 19.25 33.342 4.1
    endloop
  endfacet
  facet normal 0.471387 0.881926 0
    outer loop
      vertex 17.0281 34.5296 4.1
      vertex 19.25 33.342 0
      vertex 17.0281 34.5296 0
    endloop
  endfacet
  facet normal 0.881926 -0.471387 0
    outer loop
      vertex 33.342 -19.25 4.1
      vertex 34.5296 -17.0281 0
      vertex 34.5296 -17.0281 4.1
    endloop
  endfacet
  facet normal 0.881926 -0.471387 0
    outer loop
      vertex 34.5296 -17.0281 0
      vertex 33.342 -19.25 4.1
      vertex 33.342 -19.25 0
    endloop
  endfacet
  facet normal -0.352218 -0.935918 0
    outer loop
      vertex -13.7901 -35.9244 0
      vertex -12.3754 -36.4568 4.1
      vertex -13.7901 -35.9244 4.1
    endloop
  endfacet
  facet normal -0.352218 -0.935918 -0
    outer loop
      vertex -12.3754 -36.4568 4.1
      vertex -13.7901 -35.9244 0
      vertex -12.3754 -36.4568 0
    endloop
  endfacet
  facet normal -0.634401 -0.773004 0
    outer loop
      vertex -25.3848 -28.9458 0
      vertex -24.2164 -29.9047 4.1
      vertex -25.3848 -28.9458 4.1
    endloop
  endfacet
  facet normal -0.634401 -0.773004 -0
    outer loop
      vertex -24.2164 -29.9047 4.1
      vertex -25.3848 -28.9458 0
      vertex -24.2164 -29.9047 0
    endloop
  endfacet
  facet normal 0.352232 -0.935913 0
    outer loop
      vertex 12.3754 -36.4568 0
      vertex 14.7333 -35.5694 4.1
      vertex 12.3754 -36.4568 4.1
    endloop
  endfacet
  facet normal 0.352232 -0.935913 0
    outer loop
      vertex 14.7333 -35.5694 4.1
      vertex 12.3754 -36.4568 0
      vertex 14.7333 -35.5694 0
    endloop
  endfacet
  facet normal 0.812834 0.582495 0
    outer loop
      vertex 32.0116 21.3895 4.1
      vertex 30.5441 23.4373 0
      vertex 30.5441 23.4373 4.1
    endloop
  endfacet
  facet normal 0.812834 0.582495 0
    outer loop
      vertex 30.5441 23.4373 0
      vertex 32.0116 21.3895 4.1
      vertex 32.0116 21.3895 0
    endloop
  endfacet
  facet normal -0.995182 0.0980401 0
    outer loop
      vertex -38.4176 2.51802 0
      vertex -38.1706 5.02526 4.1
      vertex -38.1706 5.02526 0
    endloop
  endfacet
  facet normal -0.995182 0.0980401 0
    outer loop
      vertex -38.1706 5.02526 4.1
      vertex -38.4176 2.51802 0
      vertex -38.4176 2.51802 4.1
    endloop
  endfacet
  facet normal -0.634401 0.773004 0
    outer loop
      vertex -24.2164 29.9047 0
      vertex -25.3848 28.9458 4.1
      vertex -24.2164 29.9047 4.1
    endloop
  endfacet
  facet normal -0.634401 0.773004 0
    outer loop
      vertex -25.3848 28.9458 4.1
      vertex -24.2164 29.9047 0
      vertex -25.3848 28.9458 0
    endloop
  endfacet
  facet normal -0.910858 0.41272 0
    outer loop
      vertex -35.5694 14.7333 0
      vertex -34.5296 17.0281 4.1
      vertex -34.5296 17.0281 0
    endloop
  endfacet
  facet normal -0.910858 0.41272 0
    outer loop
      vertex -34.5296 17.0281 4.1
      vertex -35.5694 14.7333 0
      vertex -35.5694 14.7333 4.1
    endloop
  endfacet
  facet normal 0.793312 0.608816 0
    outer loop
      vertex 28.4059 15.8622 4.1
      vertex 28.1198 16.235 0
      vertex 28.1198 16.235 4.1
    endloop
  endfacet
  facet normal 0.793312 0.608816 0
    outer loop
      vertex 28.1198 16.235 0
      vertex 28.4059 15.8622 4.1
      vertex 28.4059 15.8622 0
    endloop
  endfacet
  facet normal -0.608682 -0.793414 0
    outer loop
      vertex 30.5787 18.6938 0
      vertex 30.9515 18.4078 4.1
      vertex 30.5787 18.6938 4.1
    endloop
  endfacet
  facet normal -0.608682 -0.793414 -0
    outer loop
      vertex 30.9515 18.4078 4.1
      vertex 30.5787 18.6938 0
      vertex 30.9515 18.4078 0
    endloop
  endfacet
  facet normal -0.793414 0.608682 0
    outer loop
      vertex 30.9515 15.8622 0
      vertex 31.2375 16.235 4.1
      vertex 31.2375 16.235 0
    endloop
  endfacet
  facet normal -0.793414 0.608682 0
    outer loop
      vertex 31.2375 16.235 4.1
      vertex 30.9515 15.8622 0
      vertex 30.9515 15.8622 4.1
    endloop
  endfacet
  facet normal -0.923812 -0.382847 0
    outer loop
      vertex 31.4174 17.6009 0
      vertex 31.2375 18.035 4.1
      vertex 31.2375 18.035 0
    endloop
  endfacet
  facet normal -0.923812 -0.382847 0
    outer loop
      vertex 31.2375 18.035 4.1
      vertex 31.4174 17.6009 0
      vertex 31.4174 17.6009 4.1
    endloop
  endfacet
  facet normal 0.923887 -0.382665 0
    outer loop
      vertex 27.94 17.6009 4.1
      vertex 28.1198 18.035 0
      vertex 28.1198 18.035 4.1
    endloop
  endfacet
  facet normal 0.923887 -0.382665 0
    outer loop
      vertex 28.1198 18.035 0
      vertex 27.94 17.6009 4.1
      vertex 27.94 17.6009 0
    endloop
  endfacet
  facet normal -0.608682 0.793414 0
    outer loop
      vertex 30.9515 15.8622 0
      vertex 30.5787 15.5762 4.1
      vertex 30.9515 15.8622 4.1
    endloop
  endfacet
  facet normal -0.608682 0.793414 0
    outer loop
      vertex 30.5787 15.5762 4.1
      vertex 30.9515 15.8622 0
      vertex 30.5787 15.5762 0
    endloop
  endfacet
  facet normal 0.991455 0.130449 0
    outer loop
      vertex 27.94 16.6691 4.1
      vertex 27.8787 17.135 0
      vertex 27.8787 17.135 4.1
    endloop
  endfacet
  facet normal 0.991455 0.130449 0
    outer loop
      vertex 27.8787 17.135 0
      vertex 27.94 16.6691 4.1
      vertex 27.94 16.6691 0
    endloop
  endfacet
  facet normal 0.608682 -0.793414 0
    outer loop
      vertex 28.4059 18.4078 0
      vertex 28.7787 18.6938 4.1
      vertex 28.4059 18.4078 4.1
    endloop
  endfacet
  facet normal 0.608682 -0.793414 0
    outer loop
      vertex 28.7787 18.6938 4.1
      vertex 28.4059 18.4078 0
      vertex 28.7787 18.6938 0
    endloop
  endfacet
  facet normal -0.130449 -0.991455 0
    outer loop
      vertex 29.6787 18.935 0
      vertex 30.1446 18.8737 4.1
      vertex 29.6787 18.935 4.1
    endloop
  endfacet
  facet normal -0.130449 -0.991455 -0
    outer loop
      vertex 30.1446 18.8737 4.1
      vertex 29.6787 18.935 0
      vertex 30.1446 18.8737 0
    endloop
  endfacet
  facet normal -0.793414 -0.608682 0
    outer loop
      vertex 31.2375 18.035 0
      vertex 30.9515 18.4078 4.1
      vertex 30.9515 18.4078 0
    endloop
  endfacet
  facet normal -0.793414 -0.608682 0
    outer loop
      vertex 30.9515 18.4078 4.1
      vertex 31.2375 18.035 0
      vertex 31.2375 18.035 4.1
    endloop
  endfacet
  facet normal -0.991455 0.130449 0
    outer loop
      vertex 31.4174 16.6691 0
      vertex 31.4787 17.135 4.1
      vertex 31.4787 17.135 0
    endloop
  endfacet
  facet normal -0.991455 0.130449 0
    outer loop
      vertex 31.4787 17.135 4.1
      vertex 31.4174 16.6691 0
      vertex 31.4174 16.6691 4.1
    endloop
  endfacet
  facet normal -0.382847 0.923812 0
    outer loop
      vertex 30.5787 15.5762 0
      vertex 30.1446 15.3963 4.1
      vertex 30.5787 15.5762 4.1
    endloop
  endfacet
  facet normal -0.382847 0.923812 0
    outer loop
      vertex 30.1446 15.3963 4.1
      vertex 30.5787 15.5762 0
      vertex 30.1446 15.3963 0
    endloop
  endfacet
  facet normal -0.382847 -0.923812 0
    outer loop
      vertex 30.1446 18.8737 0
      vertex 30.5787 18.6938 4.1
      vertex 30.1446 18.8737 4.1
    endloop
  endfacet
  facet normal -0.382847 -0.923812 -0
    outer loop
      vertex 30.5787 18.6938 4.1
      vertex 30.1446 18.8737 0
      vertex 30.5787 18.6938 0
    endloop
  endfacet
  facet normal 0.793312 -0.608816 0
    outer loop
      vertex 28.1198 18.035 4.1
      vertex 28.4059 18.4078 0
      vertex 28.4059 18.4078 4.1
    endloop
  endfacet
  facet normal 0.793312 -0.608816 0
    outer loop
      vertex 28.4059 18.4078 0
      vertex 28.1198 18.035 4.1
      vertex 28.1198 18.035 0
    endloop
  endfacet
  facet normal 0.382847 -0.923812 0
    outer loop
      vertex 28.7787 18.6938 0
      vertex 29.2128 18.8737 4.1
      vertex 28.7787 18.6938 4.1
    endloop
  endfacet
  facet normal 0.382847 -0.923812 0
    outer loop
      vertex 29.2128 18.8737 4.1
      vertex 28.7787 18.6938 0
      vertex 29.2128 18.8737 0
    endloop
  endfacet
  facet normal 0.130449 0.991455 -0
    outer loop
      vertex 29.6787 15.335 0
      vertex 29.2128 15.3963 4.1
      vertex 29.6787 15.335 4.1
    endloop
  endfacet
  facet normal 0.130449 0.991455 0
    outer loop
      vertex 29.2128 15.3963 4.1
      vertex 29.6787 15.335 0
      vertex 29.2128 15.3963 0
    endloop
  endfacet
  facet normal 0.130449 -0.991455 0
    outer loop
      vertex 29.2128 18.8737 0
      vertex 29.6787 18.935 4.1
      vertex 29.2128 18.8737 4.1
    endloop
  endfacet
  facet normal 0.130449 -0.991455 0
    outer loop
      vertex 29.6787 18.935 4.1
      vertex 29.2128 18.8737 0
      vertex 29.6787 18.935 0
    endloop
  endfacet
  facet normal 0.991455 -0.130449 0
    outer loop
      vertex 27.8787 17.135 4.1
      vertex 27.94 17.6009 0
      vertex 27.94 17.6009 4.1
    endloop
  endfacet
  facet normal 0.991455 -0.130449 0
    outer loop
      vertex 27.94 17.6009 0
      vertex 27.8787 17.135 4.1
      vertex 27.8787 17.135 0
    endloop
  endfacet
  facet normal -0.991455 -0.130449 0
    outer loop
      vertex 31.4787 17.135 0
      vertex 31.4174 17.6009 4.1
      vertex 31.4174 17.6009 0
    endloop
  endfacet
  facet normal -0.991455 -0.130449 0
    outer loop
      vertex 31.4174 17.6009 4.1
      vertex 31.4787 17.135 0
      vertex 31.4787 17.135 4.1
    endloop
  endfacet
  facet normal 0.923887 0.382665 0
    outer loop
      vertex 28.1198 16.235 4.1
      vertex 27.94 16.6691 0
      vertex 27.94 16.6691 4.1
    endloop
  endfacet
  facet normal 0.923887 0.382665 0
    outer loop
      vertex 27.94 16.6691 0
      vertex 28.1198 16.235 4.1
      vertex 28.1198 16.235 0
    endloop
  endfacet
  facet normal 0.382847 0.923812 -0
    outer loop
      vertex 29.2128 15.3963 0
      vertex 28.7787 15.5762 4.1
      vertex 29.2128 15.3963 4.1
    endloop
  endfacet
  facet normal 0.382847 0.923812 0
    outer loop
      vertex 28.7787 15.5762 4.1
      vertex 29.2128 15.3963 0
      vertex 28.7787 15.5762 0
    endloop
  endfacet
  facet normal 0.608682 0.793414 -0
    outer loop
      vertex 28.7787 15.5762 0
      vertex 28.4059 15.8622 4.1
      vertex 28.7787 15.5762 4.1
    endloop
  endfacet
  facet normal 0.608682 0.793414 0
    outer loop
      vertex 28.4059 15.8622 4.1
      vertex 28.7787 15.5762 0
      vertex 28.4059 15.8622 0
    endloop
  endfacet
  facet normal -0.130449 0.991455 0
    outer loop
      vertex 30.1446 15.3963 0
      vertex 29.6787 15.335 4.1
      vertex 30.1446 15.3963 4.1
    endloop
  endfacet
  facet normal -0.130449 0.991455 0
    outer loop
      vertex 29.6787 15.335 4.1
      vertex 30.1446 15.3963 0
      vertex 29.6787 15.335 0
    endloop
  endfacet
  facet normal -0.923812 0.382847 0
    outer loop
      vertex 31.2375 16.235 0
      vertex 31.4174 16.6691 4.1
      vertex 31.4174 16.6691 0
    endloop
  endfacet
  facet normal -0.923812 0.382847 0
    outer loop
      vertex 31.4174 16.6691 4.1
      vertex 31.2375 16.235 0
      vertex 31.2375 16.235 4.1
    endloop
  endfacet
  facet normal 0.608682 0.793414 -0
    outer loop
      vertex -30.5787 15.5762 0
      vertex -30.9515 15.8622 4.1
      vertex -30.5787 15.5762 4.1
    endloop
  endfacet
  facet normal 0.608682 0.793414 0
    outer loop
      vertex -30.9515 15.8622 4.1
      vertex -30.5787 15.5762 0
      vertex -30.9515 15.8622 0
    endloop
  endfacet
  facet normal 0.991455 -0.130449 0
    outer loop
      vertex -31.4787 17.135 4.1
      vertex -31.4174 17.6009 0
      vertex -31.4174 17.6009 4.1
    endloop
  endfacet
  facet normal 0.991455 -0.130449 0
    outer loop
      vertex -31.4174 17.6009 0
      vertex -31.4787 17.135 4.1
      vertex -31.4787 17.135 0
    endloop
  endfacet
  facet normal -0.130449 -0.991455 0
    outer loop
      vertex -29.6787 18.935 0
      vertex -29.2128 18.8737 4.1
      vertex -29.6787 18.935 4.1
    endloop
  endfacet
  facet normal -0.130449 -0.991455 -0
    outer loop
      vertex -29.2128 18.8737 4.1
      vertex -29.6787 18.935 0
      vertex -29.2128 18.8737 0
    endloop
  endfacet
  facet normal 0.130449 0.991455 -0
    outer loop
      vertex -29.6787 15.335 0
      vertex -30.1446 15.3963 4.1
      vertex -29.6787 15.335 4.1
    endloop
  endfacet
  facet normal 0.130449 0.991455 0
    outer loop
      vertex -30.1446 15.3963 4.1
      vertex -29.6787 15.335 0
      vertex -30.1446 15.3963 0
    endloop
  endfacet
  facet normal 0.793414 -0.608682 0
    outer loop
      vertex -31.2375 18.035 4.1
      vertex -30.9515 18.4078 0
      vertex -30.9515 18.4078 4.1
    endloop
  endfacet
  facet normal 0.793414 -0.608682 0
    outer loop
      vertex -30.9515 18.4078 0
      vertex -31.2375 18.035 4.1
      vertex -31.2375 18.035 0
    endloop
  endfacet
  facet normal 0.923812 -0.382847 0
    outer loop
      vertex -31.4174 17.6009 4.1
      vertex -31.2375 18.035 0
      vertex -31.2375 18.035 4.1
    endloop
  endfacet
  facet normal 0.923812 -0.382847 0
    outer loop
      vertex -31.2375 18.035 0
      vertex -31.4174 17.6009 4.1
      vertex -31.4174 17.6009 0
    endloop
  endfacet
  facet normal 0.923812 0.382847 0
    outer loop
      vertex -31.2375 16.235 4.1
      vertex -31.4174 16.6691 0
      vertex -31.4174 16.6691 4.1
    endloop
  endfacet
  facet normal 0.923812 0.382847 0
    outer loop
      vertex -31.4174 16.6691 0
      vertex -31.2375 16.235 4.1
      vertex -31.2375 16.235 0
    endloop
  endfacet
  facet normal -0.793312 0.608816 0
    outer loop
      vertex -28.4059 15.8622 0
      vertex -28.1198 16.235 4.1
      vertex -28.1198 16.235 0
    endloop
  endfacet
  facet normal -0.793312 0.608816 0
    outer loop
      vertex -28.1198 16.235 4.1
      vertex -28.4059 15.8622 0
      vertex -28.4059 15.8622 4.1
    endloop
  endfacet
  facet normal 0.608682 -0.793414 0
    outer loop
      vertex -30.9515 18.4078 0
      vertex -30.5787 18.6938 4.1
      vertex -30.9515 18.4078 4.1
    endloop
  endfacet
  facet normal 0.608682 -0.793414 0
    outer loop
      vertex -30.5787 18.6938 4.1
      vertex -30.9515 18.4078 0
      vertex -30.5787 18.6938 0
    endloop
  endfacet
  facet normal -0.382847 -0.923812 0
    outer loop
      vertex -29.2128 18.8737 0
      vertex -28.7787 18.6938 4.1
      vertex -29.2128 18.8737 4.1
    endloop
  endfacet
  facet normal -0.382847 -0.923812 -0
    outer loop
      vertex -28.7787 18.6938 4.1
      vertex -29.2128 18.8737 0
      vertex -28.7787 18.6938 0
    endloop
  endfacet
  facet normal -0.382847 0.923812 0
    outer loop
      vertex -28.7787 15.5762 0
      vertex -29.2128 15.3963 4.1
      vertex -28.7787 15.5762 4.1
    endloop
  endfacet
  facet normal -0.382847 0.923812 0
    outer loop
      vertex -29.2128 15.3963 4.1
      vertex -28.7787 15.5762 0
      vertex -29.2128 15.3963 0
    endloop
  endfacet
  facet normal -0.991455 -0.130449 0
    outer loop
      vertex -27.8787 17.135 0
      vertex -27.94 17.6009 4.1
      vertex -27.94 17.6009 0
    endloop
  endfacet
  facet normal -0.991455 -0.130449 0
    outer loop
      vertex -27.94 17.6009 4.1
      vertex -27.8787 17.135 0
      vertex -27.8787 17.135 4.1
    endloop
  endfacet
  facet normal -0.923887 -0.382665 0
    outer loop
      vertex -27.94 17.6009 0
      vertex -28.1198 18.035 4.1
      vertex -28.1198 18.035 0
    endloop
  endfacet
  facet normal -0.923887 -0.382665 0
    outer loop
      vertex -28.1198 18.035 4.1
      vertex -27.94 17.6009 0
      vertex -27.94 17.6009 4.1
    endloop
  endfacet
  facet normal -0.923887 0.382665 0
    outer loop
      vertex -28.1198 16.235 0
      vertex -27.94 16.6691 4.1
      vertex -27.94 16.6691 0
    endloop
  endfacet
  facet normal -0.923887 0.382665 0
    outer loop
      vertex -27.94 16.6691 4.1
      vertex -28.1198 16.235 0
      vertex -28.1198 16.235 4.1
    endloop
  endfacet
  facet normal 0.382847 0.923812 -0
    outer loop
      vertex -30.1446 15.3963 0
      vertex -30.5787 15.5762 4.1
      vertex -30.1446 15.3963 4.1
    endloop
  endfacet
  facet normal 0.382847 0.923812 0
    outer loop
      vertex -30.5787 15.5762 4.1
      vertex -30.1446 15.3963 0
      vertex -30.5787 15.5762 0
    endloop
  endfacet
  facet normal -0.608682 0.793414 0
    outer loop
      vertex -28.4059 15.8622 0
      vertex -28.7787 15.5762 4.1
      vertex -28.4059 15.8622 4.1
    endloop
  endfacet
  facet normal -0.608682 0.793414 0
    outer loop
      vertex -28.7787 15.5762 4.1
      vertex -28.4059 15.8622 0
      vertex -28.7787 15.5762 0
    endloop
  endfacet
  facet normal -0.130449 0.991455 0
    outer loop
      vertex -29.2128 15.3963 0
      vertex -29.6787 15.335 4.1
      vertex -29.2128 15.3963 4.1
    endloop
  endfacet
  facet normal -0.130449 0.991455 0
    outer loop
      vertex -29.6787 15.335 4.1
      vertex -29.2128 15.3963 0
      vertex -29.6787 15.335 0
    endloop
  endfacet
  facet normal 0.793414 0.608682 0
    outer loop
      vertex -30.9515 15.8622 4.1
      vertex -31.2375 16.235 0
      vertex -31.2375 16.235 4.1
    endloop
  endfacet
  facet normal 0.793414 0.608682 0
    outer loop
      vertex -31.2375 16.235 0
      vertex -30.9515 15.8622 4.1
      vertex -30.9515 15.8622 0
    endloop
  endfacet
  facet normal 0.991455 0.130449 0
    outer loop
      vertex -31.4174 16.6691 4.1
      vertex -31.4787 17.135 0
      vertex -31.4787 17.135 4.1
    endloop
  endfacet
  facet normal 0.991455 0.130449 0
    outer loop
      vertex -31.4787 17.135 0
      vertex -31.4174 16.6691 4.1
      vertex -31.4174 16.6691 0
    endloop
  endfacet
  facet normal 0.130449 -0.991455 0
    outer loop
      vertex -30.1446 18.8737 0
      vertex -29.6787 18.935 4.1
      vertex -30.1446 18.8737 4.1
    endloop
  endfacet
  facet normal 0.130449 -0.991455 0
    outer loop
      vertex -29.6787 18.935 4.1
      vertex -30.1446 18.8737 0
      vertex -29.6787 18.935 0
    endloop
  endfacet
  facet normal -0.793312 -0.608816 0
    outer loop
      vertex -28.1198 18.035 0
      vertex -28.4059 18.4078 4.1
      vertex -28.4059 18.4078 0
    endloop
  endfacet
  facet normal -0.793312 -0.608816 0
    outer loop
      vertex -28.4059 18.4078 4.1
      vertex -28.1198 18.035 0
      vertex -28.1198 18.035 4.1
    endloop
  endfacet
  facet normal -0.991455 0.130449 0
    outer loop
      vertex -27.94 16.6691 0
      vertex -27.8787 17.135 4.1
      vertex -27.8787 17.135 0
    endloop
  endfacet
  facet normal -0.991455 0.130449 0
    outer loop
      vertex -27.8787 17.135 4.1
      vertex -27.94 16.6691 0
      vertex -27.94 16.6691 4.1
    endloop
  endfacet
  facet normal -0.608682 -0.793414 0
    outer loop
      vertex -28.7787 18.6938 0
      vertex -28.4059 18.4078 4.1
      vertex -28.7787 18.6938 4.1
    endloop
  endfacet
  facet normal -0.608682 -0.793414 -0
    outer loop
      vertex -28.4059 18.4078 4.1
      vertex -28.7787 18.6938 0
      vertex -28.4059 18.4078 0
    endloop
  endfacet
  facet normal 0.382847 -0.923812 0
    outer loop
      vertex -30.5787 18.6938 0
      vertex -30.1446 18.8737 4.1
      vertex -30.5787 18.6938 4.1
    endloop
  endfacet
  facet normal 0.382847 -0.923812 0
    outer loop
      vertex -30.1446 18.8737 4.1
      vertex -30.5787 18.6938 0
      vertex -30.1446 18.8737 0
    endloop
  endfacet
  facet normal -0.923955 -0.382502 0
    outer loop
      vertex 1.55885 -33.37 0
      vertex 1.6 -33.4694 0.9
      vertex 1.55885 -33.37 0.9
    endloop
  endfacet
  facet normal -0.923872 -0.382701 -2.57589e-05
    outer loop
      vertex 1.73867 -33.8041 0
      vertex 1.6 -33.4694 0.9
      vertex 1.55885 -33.37 0
    endloop
  endfacet
  facet normal -0.923848 -0.382761 -0
    outer loop
      vertex 1.73867 -33.8041 4.1
      vertex 1.6 -33.4694 0.9
      vertex 1.73867 -33.8041 0
    endloop
  endfacet
  facet normal -0.923848 -0.382761 0
    outer loop
      vertex 1.6 -33.4694 0.9
      vertex 1.73867 -33.8041 4.1
      vertex 1.6 -33.4694 4.1
    endloop
  endfacet
  facet normal 0.130456 -0.991454 0
    outer loop
      vertex -0.465874 -32.5313 0
      vertex 0 -32.47 0.9
      vertex -0.465874 -32.5313 0.9
    endloop
  endfacet
  facet normal 0.130456 -0.991454 0
    outer loop
      vertex 0 -32.47 0.9
      vertex -0.465874 -32.5313 0
      vertex 0 -32.47 0
    endloop
  endfacet
  facet normal 0.923848 0.382761 -0
    outer loop
      vertex -1.6 -35.0706 0.9
      vertex -1.73867 -34.7359 4.1
      vertex -1.6 -35.0706 4.1
    endloop
  endfacet
  facet normal 0.923848 0.382761 0
    outer loop
      vertex -1.73867 -34.7359 4.1
      vertex -1.6 -35.0706 0.9
      vertex -1.73867 -34.7359 0
    endloop
  endfacet
  facet normal 0.923955 0.382502 -0
    outer loop
      vertex -1.55885 -35.17 0
      vertex -1.6 -35.0706 0.9
      vertex -1.55885 -35.17 0.9
    endloop
  endfacet
  facet normal 0.923872 0.382701 -2.57589e-05
    outer loop
      vertex -1.6 -35.0706 0.9
      vertex -1.55885 -35.17 0
      vertex -1.73867 -34.7359 0
    endloop
  endfacet
  facet normal 0.793353 0.608762 0
    outer loop
      vertex -1.27279 -35.5428 0.9
      vertex -1.55885 -35.17 0
      vertex -1.55885 -35.17 0.9
    endloop
  endfacet
  facet normal 0.793353 0.608762 0
    outer loop
      vertex -1.55885 -35.17 0
      vertex -1.27279 -35.5428 0.9
      vertex -1.27279 -35.5428 0
    endloop
  endfacet
  facet normal -0.382827 0.92382 0
    outer loop
      vertex 0.9 -35.8288 0
      vertex 0.465874 -36.0087 0.9
      vertex 0.9 -35.8288 0.9
    endloop
  endfacet
  facet normal -0.382827 0.92382 0
    outer loop
      vertex 0.465874 -36.0087 0.9
      vertex 0.9 -35.8288 0
      vertex 0.465874 -36.0087 0
    endloop
  endfacet
  facet normal 0.130456 0.991454 -0
    outer loop
      vertex 0 -36.07 0
      vertex -0.465874 -36.0087 0.9
      vertex 0 -36.07 0.9
    endloop
  endfacet
  facet normal 0.130456 0.991454 0
    outer loop
      vertex -0.465874 -36.0087 0.9
      vertex 0 -36.07 0
      vertex -0.465874 -36.0087 0
    endloop
  endfacet
  facet normal -0.608692 -0.793407 0
    outer loop
      vertex 0.9 -32.7112 0
      vertex 1.27279 -32.9972 0.9
      vertex 0.9 -32.7112 0.9
    endloop
  endfacet
  facet normal -0.608692 -0.793407 -0
    outer loop
      vertex 1.27279 -32.9972 0.9
      vertex 0.9 -32.7112 0
      vertex 1.27279 -32.9972 0
    endloop
  endfacet
  facet normal 0.608692 0.793407 -0
    outer loop
      vertex -0.9 -35.8288 0
      vertex -1.27279 -35.5428 0.9
      vertex -0.9 -35.8288 0.9
    endloop
  endfacet
  facet normal 0.608692 0.793407 0
    outer loop
      vertex -1.27279 -35.5428 0.9
      vertex -0.9 -35.8288 0
      vertex -1.27279 -35.5428 0
    endloop
  endfacet
  facet normal 0.991447 0.130512 0
    outer loop
      vertex -1.73867 -34.7359 4.1
      vertex -1.8 -34.27 0
      vertex -1.8 -34.27 4.1
    endloop
  endfacet
  facet normal 0.991447 0.130512 0
    outer loop
      vertex -1.8 -34.27 0
      vertex -1.73867 -34.7359 4.1
      vertex -1.73867 -34.7359 0
    endloop
  endfacet
  facet normal 0.793353 -0.608762 0
    outer loop
      vertex -1.55885 -33.37 0.9
      vertex -1.27279 -32.9972 0
      vertex -1.27279 -32.9972 0.9
    endloop
  endfacet
  facet normal 0.793353 -0.608762 0
    outer loop
      vertex -1.27279 -32.9972 0
      vertex -1.55885 -33.37 0.9
      vertex -1.55885 -33.37 0
    endloop
  endfacet
  facet normal -0.382827 -0.92382 0
    outer loop
      vertex 0.465874 -32.5313 0
      vertex 0.9 -32.7112 0.9
      vertex 0.465874 -32.5313 0.9
    endloop
  endfacet
  facet normal -0.382827 -0.92382 -0
    outer loop
      vertex 0.9 -32.7112 0.9
      vertex 0.465874 -32.5313 0
      vertex 0.9 -32.7112 0
    endloop
  endfacet
  facet normal -0.130456 0.991454 0
    outer loop
      vertex 0.465874 -36.0087 0
      vertex 0 -36.07 0.9
      vertex 0.465874 -36.0087 0.9
    endloop
  endfacet
  facet normal -0.130456 0.991454 0
    outer loop
      vertex 0 -36.07 0.9
      vertex 0.465874 -36.0087 0
      vertex 0 -36.07 0
    endloop
  endfacet
  facet normal -0.991447 0.130512 0
    outer loop
      vertex 1.73867 -34.7359 0
      vertex 1.8 -34.27 4.1
      vertex 1.8 -34.27 0
    endloop
  endfacet
  facet normal -0.991447 0.130512 0
    outer loop
      vertex 1.8 -34.27 4.1
      vertex 1.73867 -34.7359 0
      vertex 1.73867 -34.7359 4.1
    endloop
  endfacet
  facet normal -0.923848 0.382761 0
    outer loop
      vertex 1.73867 -34.7359 0
      vertex 1.6 -35.0706 0.9
      vertex 1.73867 -34.7359 4.1
    endloop
  endfacet
  facet normal -0.923872 0.382701 -2.57589e-05
    outer loop
      vertex 1.55885 -35.17 0
      vertex 1.6 -35.0706 0.9
      vertex 1.73867 -34.7359 0
    endloop
  endfacet
  facet normal -0.923955 0.382502 0
    outer loop
      vertex 1.6 -35.0706 0.9
      vertex 1.55885 -35.17 0
      vertex 1.55885 -35.17 0.9
    endloop
  endfacet
  facet normal -0.923848 0.382761 0
    outer loop
      vertex 1.73867 -34.7359 4.1
      vertex 1.6 -35.0706 0.9
      vertex 1.6 -35.0706 4.1
    endloop
  endfacet
  facet normal 0.382827 0.92382 -0
    outer loop
      vertex -0.465874 -36.0087 0
      vertex -0.9 -35.8288 0.9
      vertex -0.465874 -36.0087 0.9
    endloop
  endfacet
  facet normal 0.382827 0.92382 0
    outer loop
      vertex -0.9 -35.8288 0.9
      vertex -0.465874 -36.0087 0
      vertex -0.9 -35.8288 0
    endloop
  endfacet
  facet normal -0.130456 -0.991454 0
    outer loop
      vertex 0 -32.47 0
      vertex 0.465874 -32.5313 0.9
      vertex 0 -32.47 0.9
    endloop
  endfacet
  facet normal -0.130456 -0.991454 -0
    outer loop
      vertex 0.465874 -32.5313 0.9
      vertex 0 -32.47 0
      vertex 0.465874 -32.5313 0
    endloop
  endfacet
  facet normal -0.793353 -0.608762 0
    outer loop
      vertex 1.55885 -33.37 0
      vertex 1.27279 -32.9972 0.9
      vertex 1.27279 -32.9972 0
    endloop
  endfacet
  facet normal -0.793353 -0.608762 0
    outer loop
      vertex 1.27279 -32.9972 0.9
      vertex 1.55885 -33.37 0
      vertex 1.55885 -33.37 0.9
    endloop
  endfacet
  facet normal 0.608692 -0.793407 0
    outer loop
      vertex -1.27279 -32.9972 0
      vertex -0.9 -32.7112 0.9
      vertex -1.27279 -32.9972 0.9
    endloop
  endfacet
  facet normal 0.608692 -0.793407 0
    outer loop
      vertex -0.9 -32.7112 0.9
      vertex -1.27279 -32.9972 0
      vertex -0.9 -32.7112 0
    endloop
  endfacet
  facet normal -0.793353 0.608762 0
    outer loop
      vertex 1.27279 -35.5428 0
      vertex 1.55885 -35.17 0.9
      vertex 1.55885 -35.17 0
    endloop
  endfacet
  facet normal -0.793353 0.608762 0
    outer loop
      vertex 1.55885 -35.17 0.9
      vertex 1.27279 -35.5428 0
      vertex 1.27279 -35.5428 0.9
    endloop
  endfacet
  facet normal -0.608692 0.793407 0
    outer loop
      vertex 1.27279 -35.5428 0
      vertex 0.9 -35.8288 0.9
      vertex 1.27279 -35.5428 0.9
    endloop
  endfacet
  facet normal -0.608692 0.793407 0
    outer loop
      vertex 0.9 -35.8288 0.9
      vertex 1.27279 -35.5428 0
      vertex 0.9 -35.8288 0
    endloop
  endfacet
  facet normal 0.923848 -0.382761 0
    outer loop
      vertex -1.6 -33.4694 4.1
      vertex -1.73867 -33.8041 4.1
      vertex -1.6 -33.4694 0.9
    endloop
  endfacet
  facet normal 0.923955 -0.382502 0
    outer loop
      vertex -1.6 -33.4694 0.9
      vertex -1.55885 -33.37 0
      vertex -1.55885 -33.37 0.9
    endloop
  endfacet
  facet normal 0.923872 -0.382701 -2.57589e-05
    outer loop
      vertex -1.6 -33.4694 0.9
      vertex -1.73867 -33.8041 0
      vertex -1.55885 -33.37 0
    endloop
  endfacet
  facet normal 0.923848 -0.382761 0
    outer loop
      vertex -1.73867 -33.8041 0
      vertex -1.6 -33.4694 0.9
      vertex -1.73867 -33.8041 4.1
    endloop
  endfacet
  facet normal -0.991447 -0.130512 0
    outer loop
      vertex 1.8 -34.27 0
      vertex 1.73867 -33.8041 4.1
      vertex 1.73867 -33.8041 0
    endloop
  endfacet
  facet normal -0.991447 -0.130512 0
    outer loop
      vertex 1.73867 -33.8041 4.1
      vertex 1.8 -34.27 0
      vertex 1.8 -34.27 4.1
    endloop
  endfacet
  facet normal 0.991447 -0.130512 0
    outer loop
      vertex -1.8 -34.27 4.1
      vertex -1.73867 -33.8041 0
      vertex -1.73867 -33.8041 4.1
    endloop
  endfacet
  facet normal 0.991447 -0.130512 0
    outer loop
      vertex -1.73867 -33.8041 0
      vertex -1.8 -34.27 4.1
      vertex -1.8 -34.27 0
    endloop
  endfacet
  facet normal 0.382827 -0.92382 0
    outer loop
      vertex -0.9 -32.7112 0
      vertex -0.465874 -32.5313 0.9
      vertex -0.9 -32.7112 0.9
    endloop
  endfacet
  facet normal 0.382827 -0.92382 0
    outer loop
      vertex -0.465874 -32.5313 0.9
      vertex -0.9 -32.7112 0
      vertex -0.465874 -32.5313 0
    endloop
  endfacet
  facet normal -0.98664 0.162918 0
    outer loop
      vertex 23.735 -4.72119 1.49
      vertex 23.993 -3.15873 2.4
      vertex 23.993 -3.15873 1.49
    endloop
  endfacet
  facet normal -0.98664 0.162918 0
    outer loop
      vertex 23.993 -3.15873 2.4
      vertex 23.735 -4.72119 1.49
      vertex 23.735 -4.72119 2.4
    endloop
  endfacet
  facet normal 0.227078 0.973877 -0
    outer loop
      vertex -4.72119 -23.735 1.49
      vertex -6.26342 -23.3754 2.4
      vertex -4.72119 -23.735 2.4
    endloop
  endfacet
  facet normal 0.227078 0.973877 0
    outer loop
      vertex -6.26342 -23.3754 2.4
      vertex -4.72119 -23.735 1.49
      vertex -6.26342 -23.3754 1.49
    endloop
  endfacet
  facet normal 0.849216 -0.528045 0
    outer loop
      vertex -20.9578 12.1 2.4
      vertex -20.1216 13.4448 1.49
      vertex -20.1216 13.4448 2.4
    endloop
  endfacet
  facet normal 0.849216 -0.528045 0
    outer loop
      vertex -20.1216 13.4448 1.49
      vertex -20.9578 12.1 2.4
      vertex -20.9578 12.1 1.49
    endloop
  endfacet
  facet normal 0.910857 0.412723 0
    outer loop
      vertex -21.7043 -10.7034 2.4
      vertex -22.3579 -9.26094 1.49
      vertex -22.3579 -9.26094 2.4
    endloop
  endfacet
  facet normal 0.910857 0.412723 0
    outer loop
      vertex -22.3579 -9.26094 1.49
      vertex -21.7043 -10.7034 2.4
      vertex -21.7043 -10.7034 1.49
    endloop
  endfacet
  facet normal -0.812845 0.58248 0
    outer loop
      vertex 19.1992 -14.732 1.49
      vertex 20.1216 -13.4448 2.4
      vertex 20.1216 -13.4448 1.49
    endloop
  endfacet
  facet normal -0.812845 0.58248 0
    outer loop
      vertex 20.1216 -13.4448 2.4
      vertex 19.1992 -14.732 1.49
      vertex 19.1992 -14.732 2.4
    endloop
  endfacet
  facet normal 0.683584 0.729872 -0
    outer loop
      vertex -15.9562 -18.1945 1.49
      vertex -17.112 -17.112 2.4
      vertex -15.9562 -18.1945 2.4
    endloop
  endfacet
  facet normal 0.683584 0.729872 0
    outer loop
      vertex -17.112 -17.112 2.4
      vertex -15.9562 -18.1945 1.49
      vertex -17.112 -17.112 1.49
    endloop
  endfacet
  facet normal -0.995186 -0.0980049 0
    outer loop
      vertex 24.1482 1.58276 1.49
      vertex 23.993 3.15873 2.4
      vertex 23.993 3.15873 1.49
    endloop
  endfacet
  facet normal -0.995186 -0.0980049 0
    outer loop
      vertex 23.993 3.15873 2.4
      vertex 24.1482 1.58276 1.49
      vertex 24.1482 1.58276 2.4
    endloop
  endfacet
  facet normal -0.881921 -0.471398 0
    outer loop
      vertex 21.7043 10.7034 1.49
      vertex 20.9578 12.1 2.4
      vertex 20.9578 12.1 1.49
    endloop
  endfacet
  facet normal -0.881921 -0.471398 0
    outer loop
      vertex 20.9578 12.1 2.4
      vertex 21.7043 10.7034 1.49
      vertex 21.7043 10.7034 2.4
    endloop
  endfacet
  facet normal -0.0327101 -0.999465 0
    outer loop
      vertex 0 24.2 1.49
      vertex 1.58276 24.1482 2.4
      vertex 0 24.2 2.4
    endloop
  endfacet
  facet normal -0.0327101 -0.999465 -0
    outer loop
      vertex 1.58276 24.1482 2.4
      vertex 0 24.2 1.49
      vertex 1.58276 24.1482 1.49
    endloop
  endfacet
  facet normal -0.881921 0.471398 0
    outer loop
      vertex 20.9578 -12.1 1.49
      vertex 21.7043 -10.7034 2.4
      vertex 21.7043 -10.7034 1.49
    endloop
  endfacet
  facet normal -0.881921 0.471398 0
    outer loop
      vertex 21.7043 -10.7034 2.4
      vertex 20.9578 -12.1 1.49
      vertex 20.9578 -12.1 2.4
    endloop
  endfacet
  facet normal -0.999465 -0.0327101 0
    outer loop
      vertex 24.2 0 1.49
      vertex 24.1482 1.58276 2.4
      vertex 24.1482 1.58276 1.49
    endloop
  endfacet
  facet normal -0.999465 -0.0327101 0
    outer loop
      vertex 24.1482 1.58276 2.4
      vertex 24.2 0 1.49
      vertex 24.2 0 2.4
    endloop
  endfacet
  facet normal 0.162918 -0.98664 0
    outer loop
      vertex -4.72119 23.735 1.49
      vertex -3.15873 23.993 2.4
      vertex -4.72119 23.735 2.4
    endloop
  endfacet
  facet normal 0.162918 -0.98664 0
    outer loop
      vertex -3.15873 23.993 2.4
      vertex -4.72119 23.735 1.49
      vertex -3.15873 23.993 1.49
    endloop
  endfacet
  facet normal -0.0980049 -0.995186 0
    outer loop
      vertex 1.58276 24.1482 1.49
      vertex 3.15873 23.993 2.4
      vertex 1.58276 24.1482 2.4
    endloop
  endfacet
  facet normal -0.0980049 -0.995186 -0
    outer loop
      vertex 3.15873 23.993 2.4
      vertex 1.58276 24.1482 1.49
      vertex 3.15873 23.993 1.49
    endloop
  endfacet
  facet normal -0.683584 0.729872 0
    outer loop
      vertex 17.112 -17.112 1.49
      vertex 15.9562 -18.1945 2.4
      vertex 17.112 -17.112 2.4
    endloop
  endfacet
  facet normal -0.683584 0.729872 0
    outer loop
      vertex 15.9562 -18.1945 2.4
      vertex 17.112 -17.112 1.49
      vertex 15.9562 -18.1945 1.49
    endloop
  endfacet
  facet normal -0.0980049 0.995186 0
    outer loop
      vertex 3.15873 -23.993 1.49
      vertex 1.58276 -24.1482 2.4
      vertex 3.15873 -23.993 2.4
    endloop
  endfacet
  facet normal -0.0980049 0.995186 0
    outer loop
      vertex 1.58276 -24.1482 2.4
      vertex 3.15873 -23.993 1.49
      vertex 1.58276 -24.1482 1.49
    endloop
  endfacet
  facet normal -0.683584 -0.729872 0
    outer loop
      vertex 15.9562 18.1945 1.49
      vertex 17.112 17.112 2.4
      vertex 15.9562 18.1945 2.4
    endloop
  endfacet
  facet normal -0.683584 -0.729872 -0
    outer loop
      vertex 17.112 17.112 2.4
      vertex 15.9562 18.1945 1.49
      vertex 17.112 17.112 1.49
    endloop
  endfacet
  facet normal -0.729872 -0.683584 0
    outer loop
      vertex 18.1945 15.9562 1.49
      vertex 17.112 17.112 2.4
      vertex 17.112 17.112 1.49
    endloop
  endfacet
  facet normal -0.729872 -0.683584 0
    outer loop
      vertex 17.112 17.112 2.4
      vertex 18.1945 15.9562 1.49
      vertex 18.1945 15.9562 2.4
    endloop
  endfacet
  facet normal -0.634403 -0.773003 0
    outer loop
      vertex 14.732 19.1992 1.49
      vertex 15.9562 18.1945 2.4
      vertex 14.732 19.1992 2.4
    endloop
  endfacet
  facet normal -0.634403 -0.773003 -0
    outer loop
      vertex 15.9562 18.1945 2.4
      vertex 14.732 19.1992 1.49
      vertex 15.9562 18.1945 1.49
    endloop
  endfacet
  facet normal -0.98664 -0.162918 0
    outer loop
      vertex 23.993 3.15873 1.49
      vertex 23.735 4.72119 2.4
      vertex 23.735 4.72119 1.49
    endloop
  endfacet
  facet normal -0.98664 -0.162918 0
    outer loop
      vertex 23.735 4.72119 2.4
      vertex 23.993 3.15873 1.49
      vertex 23.993 3.15873 2.4
    endloop
  endfacet
  facet normal 0.935911 0.352235 0
    outer loop
      vertex -22.3579 -9.26094 2.4
      vertex -22.9157 -7.77883 1.49
      vertex -22.9157 -7.77883 2.4
    endloop
  endfacet
  facet normal 0.935911 0.352235 0
    outer loop
      vertex -22.9157 -7.77883 1.49
      vertex -22.3579 -9.26094 2.4
      vertex -22.3579 -9.26094 1.49
    endloop
  endfacet
  facet normal -0.956939 0.290288 0
    outer loop
      vertex 22.9157 -7.77883 1.49
      vertex 23.3754 -6.26342 2.4
      vertex 23.3754 -6.26342 1.49
    endloop
  endfacet
  facet normal -0.956939 0.290288 0
    outer loop
      vertex 23.3754 -6.26342 2.4
      vertex 22.9157 -7.77883 1.49
      vertex 22.9157 -7.77883 2.4
    endloop
  endfacet
  facet normal -0.910857 -0.412723 0
    outer loop
      vertex 22.3579 9.26094 1.49
      vertex 21.7043 10.7034 2.4
      vertex 21.7043 10.7034 1.49
    endloop
  endfacet
  facet normal -0.910857 -0.412723 0
    outer loop
      vertex 21.7043 10.7034 2.4
      vertex 22.3579 9.26094 1.49
      vertex 22.3579 9.26094 2.4
    endloop
  endfacet
  facet normal 0.0327101 0.999465 -0
    outer loop
      vertex 0 -24.2 1.49
      vertex -1.58276 -24.1482 2.4
      vertex 0 -24.2 2.4
    endloop
  endfacet
  facet normal 0.0327101 0.999465 0
    outer loop
      vertex -1.58276 -24.1482 2.4
      vertex 0 -24.2 1.49
      vertex -1.58276 -24.1482 1.49
    endloop
  endfacet
  facet normal -0.528045 0.849216 0
    outer loop
      vertex 13.4448 -20.1216 1.49
      vertex 12.1 -20.9578 2.4
      vertex 13.4448 -20.1216 2.4
    endloop
  endfacet
  facet normal -0.528045 0.849216 0
    outer loop
      vertex 12.1 -20.9578 2.4
      vertex 13.4448 -20.1216 1.49
      vertex 12.1 -20.9578 1.49
    endloop
  endfacet
  facet normal -0.58248 -0.812845 0
    outer loop
      vertex 13.4448 20.1216 1.49
      vertex 14.732 19.1992 2.4
      vertex 13.4448 20.1216 2.4
    endloop
  endfacet
  facet normal -0.58248 -0.812845 -0
    outer loop
      vertex 14.732 19.1992 2.4
      vertex 13.4448 20.1216 1.49
      vertex 14.732 19.1992 1.49
    endloop
  endfacet
  facet normal -0.773003 0.634403 0
    outer loop
      vertex 18.1945 -15.9562 1.49
      vertex 19.1992 -14.732 2.4
      vertex 19.1992 -14.732 1.49
    endloop
  endfacet
  facet normal -0.773003 0.634403 0
    outer loop
      vertex 19.1992 -14.732 2.4
      vertex 18.1945 -15.9562 1.49
      vertex 18.1945 -15.9562 2.4
    endloop
  endfacet
  facet normal -0.973877 -0.227078 0
    outer loop
      vertex 23.735 4.72119 1.49
      vertex 23.3754 6.26342 2.4
      vertex 23.3754 6.26342 1.49
    endloop
  endfacet
  facet normal -0.973877 -0.227078 0
    outer loop
      vertex 23.3754 6.26342 2.4
      vertex 23.735 4.72119 1.49
      vertex 23.735 4.72119 2.4
    endloop
  endfacet
  facet normal -0.227078 -0.973877 0
    outer loop
      vertex 4.72119 23.735 1.49
      vertex 6.26342 23.3754 2.4
      vertex 4.72119 23.735 2.4
    endloop
  endfacet
  facet normal -0.227078 -0.973877 -0
    outer loop
      vertex 6.26342 23.3754 2.4
      vertex 4.72119 23.735 1.49
      vertex 6.26342 23.3754 1.49
    endloop
  endfacet
  facet normal -0.471398 -0.881921 0
    outer loop
      vertex 10.7034 21.7043 1.49
      vertex 12.1 20.9578 2.4
      vertex 10.7034 21.7043 2.4
    endloop
  endfacet
  facet normal -0.471398 -0.881921 -0
    outer loop
      vertex 12.1 20.9578 2.4
      vertex 10.7034 21.7043 1.49
      vertex 12.1 20.9578 1.49
    endloop
  endfacet
  facet normal -0.227078 0.973877 0
    outer loop
      vertex 6.26342 -23.3754 1.49
      vertex 4.72119 -23.735 2.4
      vertex 6.26342 -23.3754 2.4
    endloop
  endfacet
  facet normal -0.227078 0.973877 0
    outer loop
      vertex 4.72119 -23.735 2.4
      vertex 6.26342 -23.3754 1.49
      vertex 4.72119 -23.735 1.49
    endloop
  endfacet
  facet normal -0.0327101 0.999465 0
    outer loop
      vertex 1.58276 -24.1482 1.49
      vertex 0 -24.2 2.4
      vertex 1.58276 -24.1482 2.4
    endloop
  endfacet
  facet normal -0.0327101 0.999465 0
    outer loop
      vertex 0 -24.2 2.4
      vertex 1.58276 -24.1482 1.49
      vertex 0 -24.2 1.49
    endloop
  endfacet
  facet normal 0.0980049 -0.995186 0
    outer loop
      vertex -3.15873 23.993 1.49
      vertex -1.58276 24.1482 2.4
      vertex -3.15873 23.993 2.4
    endloop
  endfacet
  facet normal 0.0980049 -0.995186 0
    outer loop
      vertex -1.58276 24.1482 2.4
      vertex -3.15873 23.993 1.49
      vertex -1.58276 24.1482 1.49
    endloop
  endfacet
  facet normal 0.412723 -0.910857 0
    outer loop
      vertex -10.7034 21.7043 1.49
      vertex -9.26094 22.3579 2.4
      vertex -10.7034 21.7043 2.4
    endloop
  endfacet
  facet normal 0.412723 -0.910857 0
    outer loop
      vertex -9.26094 22.3579 2.4
      vertex -10.7034 21.7043 1.49
      vertex -9.26094 22.3579 1.49
    endloop
  endfacet
  facet normal -0.58248 0.812845 0
    outer loop
      vertex 14.732 -19.1992 1.49
      vertex 13.4448 -20.1216 2.4
      vertex 14.732 -19.1992 2.4
    endloop
  endfacet
  facet normal -0.58248 0.812845 0
    outer loop
      vertex 13.4448 -20.1216 2.4
      vertex 14.732 -19.1992 1.49
      vertex 13.4448 -20.1216 1.49
    endloop
  endfacet
  facet normal -0.935911 -0.352235 0
    outer loop
      vertex 22.9157 7.77883 1.49
      vertex 22.3579 9.26094 2.4
      vertex 22.3579 9.26094 1.49
    endloop
  endfacet
  facet normal -0.935911 -0.352235 0
    outer loop
      vertex 22.3579 9.26094 2.4
      vertex 22.9157 7.77883 1.49
      vertex 22.9157 7.77883 2.4
    endloop
  endfacet
  facet normal -0.812845 -0.58248 0
    outer loop
      vertex 20.1216 13.4448 1.49
      vertex 19.1992 14.732 2.4
      vertex 19.1992 14.732 1.49
    endloop
  endfacet
  facet normal -0.812845 -0.58248 0
    outer loop
      vertex 19.1992 14.732 2.4
      vertex 20.1216 13.4448 1.49
      vertex 20.1216 13.4448 2.4
    endloop
  endfacet
  facet normal -0.999465 0.0327101 0
    outer loop
      vertex 24.1482 -1.58276 1.49
      vertex 24.2 0 2.4
      vertex 24.2 0 1.49
    endloop
  endfacet
  facet normal -0.999465 0.0327101 0
    outer loop
      vertex 24.2 0 2.4
      vertex 24.1482 -1.58276 1.49
      vertex 24.1482 -1.58276 2.4
    endloop
  endfacet
  facet normal 0.352235 0.935911 -0
    outer loop
      vertex -7.77883 -22.9157 1.49
      vertex -9.26094 -22.3579 2.4
      vertex -7.77883 -22.9157 2.4
    endloop
  endfacet
  facet normal 0.352235 0.935911 0
    outer loop
      vertex -9.26094 -22.3579 2.4
      vertex -7.77883 -22.9157 1.49
      vertex -9.26094 -22.3579 1.49
    endloop
  endfacet
  facet normal 0.528045 0.849216 -0
    outer loop
      vertex -12.1 -20.9578 1.49
      vertex -13.4448 -20.1216 2.4
      vertex -12.1 -20.9578 2.4
    endloop
  endfacet
  facet normal 0.528045 0.849216 0
    outer loop
      vertex -13.4448 -20.1216 2.4
      vertex -12.1 -20.9578 1.49
      vertex -13.4448 -20.1216 1.49
    endloop
  endfacet
  facet normal -0.935911 0.352235 0
    outer loop
      vertex 22.3579 -9.26094 1.49
      vertex 22.9157 -7.77883 2.4
      vertex 22.9157 -7.77883 1.49
    endloop
  endfacet
  facet normal -0.935911 0.352235 0
    outer loop
      vertex 22.9157 -7.77883 2.4
      vertex 22.3579 -9.26094 1.49
      vertex 22.3579 -9.26094 2.4
    endloop
  endfacet
  facet normal 0.227078 -0.973877 0
    outer loop
      vertex -6.26342 23.3754 1.49
      vertex -4.72119 23.735 2.4
      vertex -6.26342 23.3754 2.4
    endloop
  endfacet
  facet normal 0.227078 -0.973877 0
    outer loop
      vertex -4.72119 23.735 2.4
      vertex -6.26342 23.3754 1.49
      vertex -4.72119 23.735 1.49
    endloop
  endfacet
  facet normal -0.528045 -0.849216 0
    outer loop
      vertex 12.1 20.9578 1.49
      vertex 13.4448 20.1216 2.4
      vertex 12.1 20.9578 2.4
    endloop
  endfacet
  facet normal -0.528045 -0.849216 -0
    outer loop
      vertex 13.4448 20.1216 2.4
      vertex 12.1 20.9578 1.49
      vertex 13.4448 20.1216 1.49
    endloop
  endfacet
  facet normal 0.995186 0.0980049 0
    outer loop
      vertex -23.993 -3.15873 2.4
      vertex -24.1482 -1.58276 1.49
      vertex -24.1482 -1.58276 2.4
    endloop
  endfacet
  facet normal 0.995186 0.0980049 0
    outer loop
      vertex -24.1482 -1.58276 1.49
      vertex -23.993 -3.15873 2.4
      vertex -23.993 -3.15873 1.49
    endloop
  endfacet
  facet normal 0.98664 0.162918 0
    outer loop
      vertex -23.735 -4.72119 2.4
      vertex -23.993 -3.15873 1.49
      vertex -23.993 -3.15873 2.4
    endloop
  endfacet
  facet normal 0.98664 0.162918 0
    outer loop
      vertex -23.993 -3.15873 1.49
      vertex -23.735 -4.72119 2.4
      vertex -23.735 -4.72119 1.49
    endloop
  endfacet
  facet normal -0.471398 0.881921 0
    outer loop
      vertex 12.1 -20.9578 1.49
      vertex 10.7034 -21.7043 2.4
      vertex 12.1 -20.9578 2.4
    endloop
  endfacet
  facet normal -0.471398 0.881921 0
    outer loop
      vertex 10.7034 -21.7043 2.4
      vertex 12.1 -20.9578 1.49
      vertex 10.7034 -21.7043 1.49
    endloop
  endfacet
  facet normal -0.849216 -0.528045 0
    outer loop
      vertex 20.9578 12.1 1.49
      vertex 20.1216 13.4448 2.4
      vertex 20.1216 13.4448 1.49
    endloop
  endfacet
  facet normal -0.849216 -0.528045 0
    outer loop
      vertex 20.1216 13.4448 2.4
      vertex 20.9578 12.1 1.49
      vertex 20.9578 12.1 2.4
    endloop
  endfacet
  facet normal 0.58248 -0.812845 0
    outer loop
      vertex -14.732 19.1992 1.49
      vertex -13.4448 20.1216 2.4
      vertex -14.732 19.1992 2.4
    endloop
  endfacet
  facet normal 0.58248 -0.812845 0
    outer loop
      vertex -13.4448 20.1216 2.4
      vertex -14.732 19.1992 1.49
      vertex -13.4448 20.1216 1.49
    endloop
  endfacet
  facet normal 0.634403 0.773003 -0
    outer loop
      vertex -14.732 -19.1992 1.49
      vertex -15.9562 -18.1945 2.4
      vertex -14.732 -19.1992 2.4
    endloop
  endfacet
  facet normal 0.634403 0.773003 0
    outer loop
      vertex -15.9562 -18.1945 2.4
      vertex -14.732 -19.1992 1.49
      vertex -15.9562 -18.1945 1.49
    endloop
  endfacet
  facet normal 0.956939 -0.290288 0
    outer loop
      vertex -23.3754 6.26342 2.4
      vertex -22.9157 7.77883 1.49
      vertex -22.9157 7.77883 2.4
    endloop
  endfacet
  facet normal 0.956939 -0.290288 0
    outer loop
      vertex -22.9157 7.77883 1.49
      vertex -23.3754 6.26342 2.4
      vertex -23.3754 6.26342 1.49
    endloop
  endfacet
  facet normal -0.773003 -0.634403 0
    outer loop
      vertex 19.1992 14.732 1.49
      vertex 18.1945 15.9562 2.4
      vertex 18.1945 15.9562 1.49
    endloop
  endfacet
  facet normal -0.773003 -0.634403 0
    outer loop
      vertex 18.1945 15.9562 2.4
      vertex 19.1992 14.732 1.49
      vertex 19.1992 14.732 2.4
    endloop
  endfacet
  facet normal -0.995186 0.0980049 0
    outer loop
      vertex 23.993 -3.15873 1.49
      vertex 24.1482 -1.58276 2.4
      vertex 24.1482 -1.58276 1.49
    endloop
  endfacet
  facet normal -0.995186 0.0980049 0
    outer loop
      vertex 24.1482 -1.58276 2.4
      vertex 23.993 -3.15873 1.49
      vertex 23.993 -3.15873 2.4
    endloop
  endfacet
  facet normal 0.528045 -0.849216 0
    outer loop
      vertex -13.4448 20.1216 1.49
      vertex -12.1 20.9578 2.4
      vertex -13.4448 20.1216 2.4
    endloop
  endfacet
  facet normal 0.528045 -0.849216 0
    outer loop
      vertex -12.1 20.9578 2.4
      vertex -13.4448 20.1216 1.49
      vertex -12.1 20.9578 1.49
    endloop
  endfacet
  facet normal 0.995186 -0.0980049 0
    outer loop
      vertex -24.1482 1.58276 2.4
      vertex -23.993 3.15873 1.49
      vertex -23.993 3.15873 2.4
    endloop
  endfacet
  facet normal 0.995186 -0.0980049 0
    outer loop
      vertex -23.993 3.15873 1.49
      vertex -24.1482 1.58276 2.4
      vertex -24.1482 1.58276 1.49
    endloop
  endfacet
  facet normal -0.956939 -0.290288 0
    outer loop
      vertex 23.3754 6.26342 1.49
      vertex 22.9157 7.77883 2.4
      vertex 22.9157 7.77883 1.49
    endloop
  endfacet
  facet normal -0.956939 -0.290288 0
    outer loop
      vertex 22.9157 7.77883 2.4
      vertex 23.3754 6.26342 1.49
      vertex 23.3754 6.26342 2.4
    endloop
  endfacet
  facet normal 0.162918 0.98664 -0
    outer loop
      vertex -3.15873 -23.993 1.49
      vertex -4.72119 -23.735 2.4
      vertex -3.15873 -23.993 2.4
    endloop
  endfacet
  facet normal 0.162918 0.98664 0
    outer loop
      vertex -4.72119 -23.735 2.4
      vertex -3.15873 -23.993 1.49
      vertex -4.72119 -23.735 1.49
    endloop
  endfacet
  facet normal 0.683584 -0.729872 0
    outer loop
      vertex -17.112 17.112 1.49
      vertex -15.9562 18.1945 2.4
      vertex -17.112 17.112 2.4
    endloop
  endfacet
  facet normal 0.683584 -0.729872 0
    outer loop
      vertex -15.9562 18.1945 2.4
      vertex -17.112 17.112 1.49
      vertex -15.9562 18.1945 1.49
    endloop
  endfacet
  facet normal 0.881921 0.471398 0
    outer loop
      vertex -20.9578 -12.1 2.4
      vertex -21.7043 -10.7034 1.49
      vertex -21.7043 -10.7034 2.4
    endloop
  endfacet
  facet normal 0.881921 0.471398 0
    outer loop
      vertex -21.7043 -10.7034 1.49
      vertex -20.9578 -12.1 2.4
      vertex -20.9578 -12.1 1.49
    endloop
  endfacet
  facet normal 0.290288 -0.956939 0
    outer loop
      vertex -7.77883 22.9157 1.49
      vertex -6.26342 23.3754 2.4
      vertex -7.77883 22.9157 2.4
    endloop
  endfacet
  facet normal 0.290288 -0.956939 0
    outer loop
      vertex -6.26342 23.3754 2.4
      vertex -7.77883 22.9157 1.49
      vertex -6.26342 23.3754 1.49
    endloop
  endfacet
  facet normal 0.352235 -0.935911 0
    outer loop
      vertex -9.26094 22.3579 1.49
      vertex -7.77883 22.9157 2.4
      vertex -9.26094 22.3579 2.4
    endloop
  endfacet
  facet normal 0.352235 -0.935911 0
    outer loop
      vertex -7.77883 22.9157 2.4
      vertex -9.26094 22.3579 1.49
      vertex -7.77883 22.9157 1.49
    endloop
  endfacet
  facet normal 0.999465 0.0327101 0
    outer loop
      vertex -24.1482 -1.58276 2.4
      vertex -24.2 0 1.49
      vertex -24.2 0 2.4
    endloop
  endfacet
  facet normal 0.999465 0.0327101 0
    outer loop
      vertex -24.2 0 1.49
      vertex -24.1482 -1.58276 2.4
      vertex -24.1482 -1.58276 1.49
    endloop
  endfacet
  facet normal 0.0327101 -0.999465 0
    outer loop
      vertex -1.58276 24.1482 1.49
      vertex 0 24.2 2.4
      vertex -1.58276 24.1482 2.4
    endloop
  endfacet
  facet normal 0.0327101 -0.999465 0
    outer loop
      vertex 0 24.2 2.4
      vertex -1.58276 24.1482 1.49
      vertex 0 24.2 1.49
    endloop
  endfacet
  facet normal 0.0980049 0.995186 -0
    outer loop
      vertex -1.58276 -24.1482 1.49
      vertex -3.15873 -23.993 2.4
      vertex -1.58276 -24.1482 2.4
    endloop
  endfacet
  facet normal 0.0980049 0.995186 0
    outer loop
      vertex -3.15873 -23.993 2.4
      vertex -1.58276 -24.1482 1.49
      vertex -3.15873 -23.993 1.49
    endloop
  endfacet
  facet normal 0.729872 0.683584 0
    outer loop
      vertex -17.112 -17.112 2.4
      vertex -18.1945 -15.9562 1.49
      vertex -18.1945 -15.9562 2.4
    endloop
  endfacet
  facet normal 0.729872 0.683584 0
    outer loop
      vertex -18.1945 -15.9562 1.49
      vertex -17.112 -17.112 2.4
      vertex -17.112 -17.112 1.49
    endloop
  endfacet
  facet normal 0.999465 -0.0327101 0
    outer loop
      vertex -24.2 0 2.4
      vertex -24.1482 1.58276 1.49
      vertex -24.1482 1.58276 2.4
    endloop
  endfacet
  facet normal 0.999465 -0.0327101 0
    outer loop
      vertex -24.1482 1.58276 1.49
      vertex -24.2 0 2.4
      vertex -24.2 0 1.49
    endloop
  endfacet
  facet normal 0.98664 -0.162918 0
    outer loop
      vertex -23.993 3.15873 2.4
      vertex -23.735 4.72119 1.49
      vertex -23.735 4.72119 2.4
    endloop
  endfacet
  facet normal 0.98664 -0.162918 0
    outer loop
      vertex -23.735 4.72119 1.49
      vertex -23.993 3.15873 2.4
      vertex -23.993 3.15873 1.49
    endloop
  endfacet
  facet normal 0.773003 -0.634403 0
    outer loop
      vertex -19.1992 14.732 2.4
      vertex -18.1945 15.9562 1.49
      vertex -18.1945 15.9562 2.4
    endloop
  endfacet
  facet normal 0.773003 -0.634403 0
    outer loop
      vertex -18.1945 15.9562 1.49
      vertex -19.1992 14.732 2.4
      vertex -19.1992 14.732 1.49
    endloop
  endfacet
  facet normal -0.352235 0.935911 0
    outer loop
      vertex 9.26094 -22.3579 1.49
      vertex 7.77883 -22.9157 2.4
      vertex 9.26094 -22.3579 2.4
    endloop
  endfacet
  facet normal -0.352235 0.935911 0
    outer loop
      vertex 7.77883 -22.9157 2.4
      vertex 9.26094 -22.3579 1.49
      vertex 7.77883 -22.9157 1.49
    endloop
  endfacet
  facet normal 0.973877 -0.227078 0
    outer loop
      vertex -23.735 4.72119 2.4
      vertex -23.3754 6.26342 1.49
      vertex -23.3754 6.26342 2.4
    endloop
  endfacet
  facet normal 0.973877 -0.227078 0
    outer loop
      vertex -23.3754 6.26342 1.49
      vertex -23.735 4.72119 2.4
      vertex -23.735 4.72119 1.49
    endloop
  endfacet
  facet normal 0.935911 -0.352235 0
    outer loop
      vertex -22.9157 7.77883 2.4
      vertex -22.3579 9.26094 1.49
      vertex -22.3579 9.26094 2.4
    endloop
  endfacet
  facet normal 0.935911 -0.352235 0
    outer loop
      vertex -22.3579 9.26094 1.49
      vertex -22.9157 7.77883 2.4
      vertex -22.9157 7.77883 1.49
    endloop
  endfacet
  facet normal 0.956939 0.290288 0
    outer loop
      vertex -22.9157 -7.77883 2.4
      vertex -23.3754 -6.26342 1.49
      vertex -23.3754 -6.26342 2.4
    endloop
  endfacet
  facet normal 0.956939 0.290288 0
    outer loop
      vertex -23.3754 -6.26342 1.49
      vertex -22.9157 -7.77883 2.4
      vertex -22.9157 -7.77883 1.49
    endloop
  endfacet
  facet normal -0.412723 -0.910857 0
    outer loop
      vertex 9.26094 22.3579 1.49
      vertex 10.7034 21.7043 2.4
      vertex 9.26094 22.3579 2.4
    endloop
  endfacet
  facet normal -0.412723 -0.910857 -0
    outer loop
      vertex 10.7034 21.7043 2.4
      vertex 9.26094 22.3579 1.49
      vertex 10.7034 21.7043 1.49
    endloop
  endfacet
  facet normal -0.973877 0.227078 0
    outer loop
      vertex 23.3754 -6.26342 1.49
      vertex 23.735 -4.72119 2.4
      vertex 23.735 -4.72119 1.49
    endloop
  endfacet
  facet normal -0.973877 0.227078 0
    outer loop
      vertex 23.735 -4.72119 2.4
      vertex 23.3754 -6.26342 1.49
      vertex 23.3754 -6.26342 2.4
    endloop
  endfacet
  facet normal 0.729872 -0.683584 0
    outer loop
      vertex -18.1945 15.9562 2.4
      vertex -17.112 17.112 1.49
      vertex -17.112 17.112 2.4
    endloop
  endfacet
  facet normal 0.729872 -0.683584 0
    outer loop
      vertex -17.112 17.112 1.49
      vertex -18.1945 15.9562 2.4
      vertex -18.1945 15.9562 1.49
    endloop
  endfacet
  facet normal 0.910857 -0.412723 0
    outer loop
      vertex -22.3579 9.26094 2.4
      vertex -21.7043 10.7034 1.49
      vertex -21.7043 10.7034 2.4
    endloop
  endfacet
  facet normal 0.910857 -0.412723 0
    outer loop
      vertex -21.7043 10.7034 1.49
      vertex -22.3579 9.26094 2.4
      vertex -22.3579 9.26094 1.49
    endloop
  endfacet
  facet normal -0.352235 -0.935911 0
    outer loop
      vertex 7.77883 22.9157 1.49
      vertex 9.26094 22.3579 2.4
      vertex 7.77883 22.9157 2.4
    endloop
  endfacet
  facet normal -0.352235 -0.935911 -0
    outer loop
      vertex 9.26094 22.3579 2.4
      vertex 7.77883 22.9157 1.49
      vertex 9.26094 22.3579 1.49
    endloop
  endfacet
  facet normal 0.58248 0.812845 -0
    outer loop
      vertex -13.4448 -20.1216 1.49
      vertex -14.732 -19.1992 2.4
      vertex -13.4448 -20.1216 2.4
    endloop
  endfacet
  facet normal 0.58248 0.812845 0
    outer loop
      vertex -14.732 -19.1992 2.4
      vertex -13.4448 -20.1216 1.49
      vertex -14.732 -19.1992 1.49
    endloop
  endfacet
  facet normal -0.910857 0.412723 0
    outer loop
      vertex 21.7043 -10.7034 1.49
      vertex 22.3579 -9.26094 2.4
      vertex 22.3579 -9.26094 1.49
    endloop
  endfacet
  facet normal -0.910857 0.412723 0
    outer loop
      vertex 22.3579 -9.26094 2.4
      vertex 21.7043 -10.7034 1.49
      vertex 21.7043 -10.7034 2.4
    endloop
  endfacet
  facet normal -0.729872 0.683584 0
    outer loop
      vertex 17.112 -17.112 1.49
      vertex 18.1945 -15.9562 2.4
      vertex 18.1945 -15.9562 1.49
    endloop
  endfacet
  facet normal -0.729872 0.683584 0
    outer loop
      vertex 18.1945 -15.9562 2.4
      vertex 17.112 -17.112 1.49
      vertex 17.112 -17.112 2.4
    endloop
  endfacet
  facet normal 0.849216 0.528045 0
    outer loop
      vertex -20.1216 -13.4448 2.4
      vertex -20.9578 -12.1 1.49
      vertex -20.9578 -12.1 2.4
    endloop
  endfacet
  facet normal 0.849216 0.528045 0
    outer loop
      vertex -20.9578 -12.1 1.49
      vertex -20.1216 -13.4448 2.4
      vertex -20.1216 -13.4448 1.49
    endloop
  endfacet
  facet normal 0.812845 0.58248 0
    outer loop
      vertex -19.1992 -14.732 2.4
      vertex -20.1216 -13.4448 1.49
      vertex -20.1216 -13.4448 2.4
    endloop
  endfacet
  facet normal 0.812845 0.58248 0
    outer loop
      vertex -20.1216 -13.4448 1.49
      vertex -19.1992 -14.732 2.4
      vertex -19.1992 -14.732 1.49
    endloop
  endfacet
  facet normal 0.812845 -0.58248 0
    outer loop
      vertex -20.1216 13.4448 2.4
      vertex -19.1992 14.732 1.49
      vertex -19.1992 14.732 2.4
    endloop
  endfacet
  facet normal 0.812845 -0.58248 0
    outer loop
      vertex -19.1992 14.732 1.49
      vertex -20.1216 13.4448 2.4
      vertex -20.1216 13.4448 1.49
    endloop
  endfacet
  facet normal 0.773003 0.634403 0
    outer loop
      vertex -18.1945 -15.9562 2.4
      vertex -19.1992 -14.732 1.49
      vertex -19.1992 -14.732 2.4
    endloop
  endfacet
  facet normal 0.773003 0.634403 0
    outer loop
      vertex -19.1992 -14.732 1.49
      vertex -18.1945 -15.9562 2.4
      vertex -18.1945 -15.9562 1.49
    endloop
  endfacet
  facet normal 0.634403 -0.773003 0
    outer loop
      vertex -15.9562 18.1945 1.49
      vertex -14.732 19.1992 2.4
      vertex -15.9562 18.1945 2.4
    endloop
  endfacet
  facet normal 0.634403 -0.773003 0
    outer loop
      vertex -14.732 19.1992 2.4
      vertex -15.9562 18.1945 1.49
      vertex -14.732 19.1992 1.49
    endloop
  endfacet
  facet normal -0.412723 0.910857 0
    outer loop
      vertex 10.7034 -21.7043 1.49
      vertex 9.26094 -22.3579 2.4
      vertex 10.7034 -21.7043 2.4
    endloop
  endfacet
  facet normal -0.412723 0.910857 0
    outer loop
      vertex 9.26094 -22.3579 2.4
      vertex 10.7034 -21.7043 1.49
      vertex 9.26094 -22.3579 1.49
    endloop
  endfacet
  facet normal -0.849216 0.528045 0
    outer loop
      vertex 20.1216 -13.4448 1.49
      vertex 20.9578 -12.1 2.4
      vertex 20.9578 -12.1 1.49
    endloop
  endfacet
  facet normal -0.849216 0.528045 0
    outer loop
      vertex 20.9578 -12.1 2.4
      vertex 20.1216 -13.4448 1.49
      vertex 20.1216 -13.4448 2.4
    endloop
  endfacet
  facet normal -0.162918 -0.98664 0
    outer loop
      vertex 3.15873 23.993 1.49
      vertex 4.72119 23.735 2.4
      vertex 3.15873 23.993 2.4
    endloop
  endfacet
  facet normal -0.162918 -0.98664 -0
    outer loop
      vertex 4.72119 23.735 2.4
      vertex 3.15873 23.993 1.49
      vertex 4.72119 23.735 1.49
    endloop
  endfacet
  facet normal -0.162918 0.98664 0
    outer loop
      vertex 4.72119 -23.735 1.49
      vertex 3.15873 -23.993 2.4
      vertex 4.72119 -23.735 2.4
    endloop
  endfacet
  facet normal -0.162918 0.98664 0
    outer loop
      vertex 3.15873 -23.993 2.4
      vertex 4.72119 -23.735 1.49
      vertex 3.15873 -23.993 1.49
    endloop
  endfacet
  facet normal -0.290288 0.956939 0
    outer loop
      vertex 7.77883 -22.9157 1.49
      vertex 6.26342 -23.3754 2.4
      vertex 7.77883 -22.9157 2.4
    endloop
  endfacet
  facet normal -0.290288 0.956939 0
    outer loop
      vertex 6.26342 -23.3754 2.4
      vertex 7.77883 -22.9157 1.49
      vertex 6.26342 -23.3754 1.49
    endloop
  endfacet
  facet normal 0.290288 0.956939 -0
    outer loop
      vertex -6.26342 -23.3754 1.49
      vertex -7.77883 -22.9157 2.4
      vertex -6.26342 -23.3754 2.4
    endloop
  endfacet
  facet normal 0.290288 0.956939 0
    outer loop
      vertex -7.77883 -22.9157 2.4
      vertex -6.26342 -23.3754 1.49
      vertex -7.77883 -22.9157 1.49
    endloop
  endfacet
  facet normal 0.412723 0.910857 -0
    outer loop
      vertex -9.26094 -22.3579 1.49
      vertex -10.7034 -21.7043 2.4
      vertex -9.26094 -22.3579 2.4
    endloop
  endfacet
  facet normal 0.412723 0.910857 0
    outer loop
      vertex -10.7034 -21.7043 2.4
      vertex -9.26094 -22.3579 1.49
      vertex -10.7034 -21.7043 1.49
    endloop
  endfacet
  facet normal -0.290288 -0.956939 0
    outer loop
      vertex 6.26342 23.3754 1.49
      vertex 7.77883 22.9157 2.4
      vertex 6.26342 23.3754 2.4
    endloop
  endfacet
  facet normal -0.290288 -0.956939 -0
    outer loop
      vertex 7.77883 22.9157 2.4
      vertex 6.26342 23.3754 1.49
      vertex 7.77883 22.9157 1.49
    endloop
  endfacet
  facet normal 0.973877 0.227078 0
    outer loop
      vertex -23.3754 -6.26342 2.4
      vertex -23.735 -4.72119 1.49
      vertex -23.735 -4.72119 2.4
    endloop
  endfacet
  facet normal 0.973877 0.227078 0
    outer loop
      vertex -23.735 -4.72119 1.49
      vertex -23.3754 -6.26342 2.4
      vertex -23.3754 -6.26342 1.49
    endloop
  endfacet
  facet normal -0.634403 0.773003 0
    outer loop
      vertex 15.9562 -18.1945 1.49
      vertex 14.732 -19.1992 2.4
      vertex 15.9562 -18.1945 2.4
    endloop
  endfacet
  facet normal -0.634403 0.773003 0
    outer loop
      vertex 14.732 -19.1992 2.4
      vertex 15.9562 -18.1945 1.49
      vertex 14.732 -19.1992 1.49
    endloop
  endfacet
  facet normal 0.881921 -0.471398 0
    outer loop
      vertex -21.7043 10.7034 2.4
      vertex -20.9578 12.1 1.49
      vertex -20.9578 12.1 2.4
    endloop
  endfacet
  facet normal 0.881921 -0.471398 0
    outer loop
      vertex -20.9578 12.1 1.49
      vertex -21.7043 10.7034 2.4
      vertex -21.7043 10.7034 1.49
    endloop
  endfacet
  facet normal 0.471398 -0.881921 0
    outer loop
      vertex -12.1 20.9578 1.49
      vertex -10.7034 21.7043 2.4
      vertex -12.1 20.9578 2.4
    endloop
  endfacet
  facet normal 0.471398 -0.881921 0
    outer loop
      vertex -10.7034 21.7043 2.4
      vertex -12.1 20.9578 1.49
      vertex -10.7034 21.7043 1.49
    endloop
  endfacet
  facet normal 0.471398 0.881921 -0
    outer loop
      vertex -10.7034 -21.7043 1.49
      vertex -12.1 -20.9578 2.4
      vertex -10.7034 -21.7043 2.4
    endloop
  endfacet
  facet normal 0.471398 0.881921 0
    outer loop
      vertex -12.1 -20.9578 2.4
      vertex -10.7034 -21.7043 1.49
      vertex -12.1 -20.9578 1.49
    endloop
  endfacet
  facet normal -0.688825 -0.160613 -0.706911
    outer loop
      vertex 23.3754 6.26342 1.49
      vertex 24.817 6.63878 0
      vertex 23.735 4.72119 1.49
    endloop
  endfacet
  facet normal -0.688778 -0.160804 -0.706914
    outer loop
      vertex 24.817 6.63878 0
      vertex 23.3754 6.26342 1.49
      vertex 24.8146 6.64906 0
    endloop
  endfacet
  facet normal -0.703402 0.0736196 -0.706969
    outer loop
      vertex 23.993 -3.15873 1.49
      vertex 25.4713 -3.34271 0
      vertex 25.4702 -3.35322 0
    endloop
  endfacet
  facet normal -0.703888 0.0693182 -0.70692
    outer loop
      vertex 25.4713 -3.34271 0
      vertex 23.993 -3.15873 1.49
      vertex 24.1482 -1.58276 1.49
    endloop
  endfacet
  facet normal -0.677966 0.201376 -0.706972
    outer loop
      vertex 24.8116 -6.65916 0
      vertex 23.3754 -6.26342 1.49
      vertex 24.8146 -6.64906 0
    endloop
  endfacet
  facet normal -0.676832 0.205317 -0.706925
    outer loop
      vertex 23.3754 -6.26342 1.49
      vertex 24.8116 -6.65916 0
      vertex 22.9157 -7.77883 1.49
    endloop
  endfacet
  facet normal -0.706964 -0.0201015 -0.706964
    outer loop
      vertex 24.2 0 1.49
      vertex 25.6897 0.0105509 0
      vertex 25.69 0 0
    endloop
  endfacet
  facet normal -0.706907 -0.0231354 -0.706928
    outer loop
      vertex 25.6897 0.0105509 0
      vertex 24.2 0 1.49
      vertex 24.1482 1.58276 1.49
    endloop
  endfacet
  facet normal -0.706919 -0.0231595 -0.706915
    outer loop
      vertex 25.635 1.68021 0
      vertex 25.6897 0.0105509 0
      vertex 24.1482 1.58276 1.49
    endloop
  endfacet
  facet normal -0.289147 -0.645538 -0.706876
    outer loop
      vertex 10.7034 21.7043 1.49
      vertex 11.3528 23.045 0
      vertex 11.3624 23.0407 0
    endloop
  endfacet
  facet normal -0.291917 -0.644244 -0.706919
    outer loop
      vertex 11.3528 23.045 0
      vertex 10.7034 21.7043 1.49
      vertex 9.26094 22.3579 1.49
    endloop
  endfacet
  facet normal -0.483498 -0.516225 -0.706923
    outer loop
      vertex 16.9386 19.3148 0
      vertex 18.1579 18.1728 0
      vertex 15.9562 18.1945 1.49
    endloop
  endfacet
  facet normal 0.623775 0.333415 -0.706923
    outer loop
      vertex -23.0357 -11.3717 0
      vertex -21.7043 -10.7034 1.49
      vertex -20.9578 -12.1 1.49
    endloop
  endfacet
  facet normal 0.622984 0.334938 -0.7069
    outer loop
      vertex -21.7043 -10.7034 1.49
      vertex -23.0357 -11.3717 0
      vertex -23.0407 -11.3624 0
    endloop
  endfacet
  facet normal -0.600623 -0.373516 -0.706922
    outer loop
      vertex 21.366 14.2636 0
      vertex 22.2482 12.845 0
      vertex 20.9578 12.1 1.49
    endloop
  endfacet
  facet normal 0.51663 0.483083 -0.706911
    outer loop
      vertex -18.1728 -18.1579 0
      vertex -17.112 -17.112 1.49
      vertex -18.1656 -18.1656 0
    endloop
  endfacet
  facet normal 0.516234 0.483495 -0.706919
    outer loop
      vertex -17.112 -17.112 1.49
      vertex -18.1728 -18.1579 0
      vertex -18.1945 -15.9562 1.49
    endloop
  endfacet
  facet normal -0.622984 -0.334938 -0.7069
    outer loop
      vertex 21.7043 10.7034 1.49
      vertex 23.0357 11.3717 0
      vertex 23.0407 11.3624 0
    endloop
  endfacet
  facet normal -0.623775 -0.333415 -0.706923
    outer loop
      vertex 23.0357 11.3717 0
      vertex 21.7043 10.7034 1.49
      vertex 20.9578 12.1 1.49
    endloop
  endfacet
  facet normal 0.249127 0.661975 -0.706912
    outer loop
      vertex -7.77883 -22.9157 1.49
      vertex -8.25778 -24.3266 0
      vertex -9.82126 -23.7382 0
    endloop
  endfacet
  facet normal 0.29192 -0.64424 -0.706922
    outer loop
      vertex -9.83114 23.7345 0
      vertex -9.26094 22.3579 1.49
      vertex -11.3528 23.045 0
    endloop
  endfacet
  facet normal -0.64424 0.29192 -0.706922
    outer loop
      vertex 23.7345 -9.83114 0
      vertex 23.045 -11.3528 0
      vertex 22.3579 -9.26094 1.49
    endloop
  endfacet
  facet normal -0.448724 -0.546758 -0.706897
    outer loop
      vertex 14.732 19.1992 1.49
      vertex 15.6472 20.3745 0
      vertex 15.9562 18.1945 1.49
    endloop
  endfacet
  facet normal -0.450848 -0.545056 -0.706859
    outer loop
      vertex 15.6472 20.3745 0
      vertex 14.732 19.1992 1.49
      vertex 15.6391 20.3812 0
    endloop
  endfacet
  facet normal -0.51663 0.483083 -0.706911
    outer loop
      vertex 17.112 -17.112 1.49
      vertex 18.1728 -18.1579 0
      vertex 18.1656 -18.1656 0
    endloop
  endfacet
  facet normal -0.516234 0.483495 -0.706919
    outer loop
      vertex 18.1728 -18.1579 0
      vertex 17.112 -17.112 1.49
      vertex 18.1945 -15.9562 1.49
    endloop
  endfacet
  facet normal -0.64424 -0.29192 -0.706922
    outer loop
      vertex 23.045 11.3528 0
      vertex 23.7345 9.83114 0
      vertex 22.3579 9.26094 1.49
    endloop
  endfacet
  facet normal 0.516225 -0.483498 -0.706923
    outer loop
      vertex -18.1728 18.1579 0
      vertex -18.1945 15.9562 1.49
      vertex -19.3148 16.9386 0
    endloop
  endfacet
  facet normal 0.697844 -0.115204 -0.706924
    outer loop
      vertex -25.1964 5.01187 0
      vertex -23.735 4.72119 1.49
      vertex -25.4685 3.36363 0
    endloop
  endfacet
  facet normal 0.0231595 0.706919 -0.706915
    outer loop
      vertex -1.58276 -24.1482 1.49
      vertex -0.0105509 -25.6897 0
      vertex -1.68021 -25.635 0
    endloop
  endfacet
  facet normal -0.546768 0.448668 -0.706924
    outer loop
      vertex 20.3745 -15.6472 0
      vertex 19.3148 -16.9386 0
      vertex 18.1945 -15.9562 1.49
    endloop
  endfacet
  facet normal -0.0231595 -0.706919 -0.706915
    outer loop
      vertex 1.68021 25.635 0
      vertex 1.58276 24.1482 1.49
      vertex 0.0105509 25.6897 0
    endloop
  endfacet
  facet normal 0.205343 -0.676838 -0.706912
    outer loop
      vertex -6.65916 24.8116 0
      vertex -7.77883 22.9157 1.49
      vertex -8.25778 24.3266 0
    endloop
  endfacet
  facet normal 0.411995 -0.574913 -0.706919
    outer loop
      vertex -14.2726 21.3605 0
      vertex -13.4448 20.1216 1.49
      vertex -15.6305 20.3874 0
    endloop
  endfacet
  facet normal -0.676838 0.205343 -0.706912
    outer loop
      vertex 24.8116 -6.65916 0
      vertex 24.3266 -8.25778 0
      vertex 22.9157 -7.77883 1.49
    endloop
  endfacet
  facet normal -0.160632 -0.688808 -0.706924
    outer loop
      vertex 5.01187 25.1964 0
      vertex 6.63878 24.817 0
      vertex 4.72119 23.735 1.49
    endloop
  endfacet
  facet normal -0.0693097 0.703894 -0.706915
    outer loop
      vertex 3.34271 -25.4713 0
      vertex 1.68021 -25.635 0
      vertex 1.58276 -24.1482 1.49
    endloop
  endfacet
  facet normal -0.115204 -0.697844 -0.706924
    outer loop
      vertex 5.01187 25.1964 0
      vertex 4.72119 23.735 1.49
      vertex 3.36363 25.4685 0
    endloop
  endfacet
  facet normal 0.706919 -0.0231595 -0.706915
    outer loop
      vertex -25.635 1.68021 0
      vertex -24.1482 1.58276 1.49
      vertex -25.6897 0.0105509 0
    endloop
  endfacet
  facet normal -0.697844 0.115204 -0.706924
    outer loop
      vertex 25.4685 -3.36363 0
      vertex 25.1964 -5.01187 0
      vertex 23.735 -4.72119 1.49
    endloop
  endfacet
  facet normal 0.448668 0.546768 -0.706924
    outer loop
      vertex -15.9562 -18.1945 1.49
      vertex -15.6472 -20.3745 0
      vertex -16.9386 -19.3148 0
    endloop
  endfacet
  facet normal -0.289147 0.645538 -0.706876
    outer loop
      vertex 11.3528 -23.045 0
      vertex 10.7034 -21.7043 1.49
      vertex 11.3624 -23.0407 0
    endloop
  endfacet
  facet normal -0.291917 0.644244 -0.706919
    outer loop
      vertex 10.7034 -21.7043 1.49
      vertex 11.3528 -23.045 0
      vertex 9.26094 -22.3579 1.49
    endloop
  endfacet
  facet normal -0.661975 0.249127 -0.706912
    outer loop
      vertex 24.3266 -8.25778 0
      vertex 23.7382 -9.82126 0
      vertex 22.9157 -7.77883 1.49
    endloop
  endfacet
  facet normal -0.413617 -0.573726 -0.706937
    outer loop
      vertex 14.732 19.1992 1.49
      vertex 15.6305 20.3874 0
      vertex 15.6391 20.3812 0
    endloop
  endfacet
  facet normal -0.411989 -0.574926 -0.706912
    outer loop
      vertex 15.6305 20.3874 0
      vertex 14.732 19.1992 1.49
      vertex 13.4448 20.1216 1.49
    endloop
  endfacet
  facet normal -0.160632 0.688808 -0.706924
    outer loop
      vertex 6.63878 -24.817 0
      vertex 5.01187 -25.1964 0
      vertex 4.72119 -23.735 1.49
    endloop
  endfacet
  facet normal -0.676838 -0.205343 -0.706912
    outer loop
      vertex 24.3266 8.25778 0
      vertex 24.8116 6.65916 0
      vertex 22.9157 7.77883 1.49
    endloop
  endfacet
  facet normal -0.600662 -0.373493 -0.7069
    outer loop
      vertex 20.1216 13.4448 1.49
      vertex 21.366 14.2636 0
      vertex 20.9578 12.1 1.49
    endloop
  endfacet
  facet normal -0.603607 -0.368871 -0.706819
    outer loop
      vertex 21.366 14.2636 0
      vertex 20.1216 13.4448 1.49
      vertex 21.3605 14.2726 0
    endloop
  endfacet
  facet normal -0.574913 -0.411995 -0.706919
    outer loop
      vertex 20.3874 15.6305 0
      vertex 21.3605 14.2726 0
      vertex 20.1216 13.4448 1.49
    endloop
  endfacet
  facet normal -0.516225 -0.483498 -0.706923
    outer loop
      vertex 19.3148 16.9386 0
      vertex 18.1945 15.9562 1.49
      vertex 18.1728 18.1579 0
    endloop
  endfacet
  facet normal -0.697844 -0.115204 -0.706924
    outer loop
      vertex 25.1964 5.01187 0
      vertex 25.4685 3.36363 0
      vertex 23.735 4.72119 1.49
    endloop
  endfacet
  facet normal -0.0231354 0.706907 -0.706928
    outer loop
      vertex 0.0105509 -25.6897 0
      vertex 0 -24.2 1.49
      vertex 1.58276 -24.1482 1.49
    endloop
  endfacet
  facet normal -0.0201015 0.706964 -0.706964
    outer loop
      vertex 0 -24.2 1.49
      vertex 0.0105509 -25.6897 0
      vertex 0 -25.69 0
    endloop
  endfacet
  facet normal -0.29192 -0.64424 -0.706922
    outer loop
      vertex 9.83114 23.7345 0
      vertex 11.3528 23.045 0
      vertex 9.26094 22.3579 1.49
    endloop
  endfacet
  facet normal -0.545056 -0.450848 -0.706859
    outer loop
      vertex 19.1992 14.732 1.49
      vertex 20.3745 15.6472 0
      vertex 20.3812 15.6391 0
    endloop
  endfacet
  facet normal -0.546758 -0.448724 -0.706897
    outer loop
      vertex 20.3745 15.6472 0
      vertex 19.1992 14.732 1.49
      vertex 18.1945 15.9562 1.49
    endloop
  endfacet
  facet normal 0.703888 -0.0693182 -0.70692
    outer loop
      vertex -25.4713 3.34271 0
      vertex -23.993 3.15873 1.49
      vertex -24.1482 1.58276 1.49
    endloop
  endfacet
  facet normal 0.703402 -0.0736196 -0.706969
    outer loop
      vertex -23.993 3.15873 1.49
      vertex -25.4713 3.34271 0
      vertex -25.4702 3.35322 0
    endloop
  endfacet
  facet normal 0.688808 0.160632 -0.706924
    outer loop
      vertex -23.735 -4.72119 1.49
      vertex -24.817 -6.63878 0
      vertex -25.1964 -5.01187 0
    endloop
  endfacet
  facet normal -0.411995 -0.574913 -0.706919
    outer loop
      vertex 14.2726 21.3605 0
      vertex 15.6305 20.3874 0
      vertex 13.4448 20.1216 1.49
    endloop
  endfacet
  facet normal 0.688808 -0.160632 -0.706924
    outer loop
      vertex -24.817 6.63878 0
      vertex -23.735 4.72119 1.49
      vertex -25.1964 5.01187 0
    endloop
  endfacet
  facet normal 0.201376 0.677966 -0.706972
    outer loop
      vertex -6.65916 -24.8116 0
      vertex -6.26342 -23.3754 1.49
      vertex -6.64906 -24.8146 0
    endloop
  endfacet
  facet normal 0.205317 0.676832 -0.706925
    outer loop
      vertex -6.26342 -23.3754 1.49
      vertex -6.65916 -24.8116 0
      vertex -7.77883 -22.9157 1.49
    endloop
  endfacet
  facet normal 0.706919 0.0231595 -0.706915
    outer loop
      vertex -24.1482 -1.58276 1.49
      vertex -25.635 -1.68021 0
      vertex -25.6897 -0.0105509 0
    endloop
  endfacet
  facet normal 0.661975 0.249127 -0.706912
    outer loop
      vertex -22.9157 -7.77883 1.49
      vertex -23.7382 -9.82126 0
      vertex -24.3266 -8.25778 0
    endloop
  endfacet
  facet normal 0.516225 0.483498 -0.706923
    outer loop
      vertex -18.1945 -15.9562 1.49
      vertex -18.1728 -18.1579 0
      vertex -19.3148 -16.9386 0
    endloop
  endfacet
  facet normal 0.51663 -0.483083 -0.706911
    outer loop
      vertex -17.112 17.112 1.49
      vertex -18.1728 18.1579 0
      vertex -18.1656 18.1656 0
    endloop
  endfacet
  facet normal 0.516234 -0.483495 -0.706919
    outer loop
      vertex -18.1728 18.1579 0
      vertex -17.112 17.112 1.49
      vertex -18.1945 15.9562 1.49
    endloop
  endfacet
  facet normal -0.448668 -0.546768 -0.706924
    outer loop
      vertex 16.9386 19.3148 0
      vertex 15.9562 18.1945 1.49
      vertex 15.6472 20.3745 0
    endloop
  endfacet
  facet normal 0.0201015 0.706964 -0.706964
    outer loop
      vertex -0.0105509 -25.6897 0
      vertex 0 -24.2 1.49
      vertex 0 -25.69 0
    endloop
  endfacet
  facet normal 0.0231354 0.706907 -0.706928
    outer loop
      vertex 0 -24.2 1.49
      vertex -0.0105509 -25.6897 0
      vertex -1.58276 -24.1482 1.49
    endloop
  endfacet
  facet normal 0.676838 -0.205343 -0.706912
    outer loop
      vertex -24.3266 8.25778 0
      vertex -22.9157 7.77883 1.49
      vertex -24.8116 6.65916 0
    endloop
  endfacet
  facet normal -0.205343 0.676838 -0.706912
    outer loop
      vertex 7.77883 -22.9157 1.49
      vertex 8.25778 -24.3266 0
      vertex 6.65916 -24.8116 0
    endloop
  endfacet
  facet normal -0.623775 -0.333416 -0.706922
    outer loop
      vertex 22.2482 12.845 0
      vertex 23.0357 11.3717 0
      vertex 20.9578 12.1 1.49
    endloop
  endfacet
  facet normal -0.516234 -0.483495 -0.706919
    outer loop
      vertex 17.112 17.112 1.49
      vertex 18.1728 18.1579 0
      vertex 18.1945 15.9562 1.49
    endloop
  endfacet
  facet normal -0.51663 -0.483083 -0.706911
    outer loop
      vertex 18.1728 18.1579 0
      vertex 17.112 17.112 1.49
      vertex 18.1656 18.1656 0
    endloop
  endfacet
  facet normal -0.0231354 -0.706907 -0.706928
    outer loop
      vertex 0 24.2 1.49
      vertex 0.0105509 25.6897 0
      vertex 1.58276 24.1482 1.49
    endloop
  endfacet
  facet normal -0.0201015 -0.706964 -0.706964
    outer loop
      vertex 0.0105509 25.6897 0
      vertex 0 24.2 1.49
      vertex 0 25.69 0
    endloop
  endfacet
  facet normal -0.113993 0.698042 -0.706925
    outer loop
      vertex 3.15873 -23.993 1.49
      vertex 3.36363 -25.4685 0
      vertex 3.35322 -25.4702 0
    endloop
  endfacet
  facet normal -0.115233 0.697854 -0.706909
    outer loop
      vertex 3.36363 -25.4685 0
      vertex 3.15873 -23.993 1.49
      vertex 4.72119 -23.735 1.49
    endloop
  endfacet
  facet normal -0.160804 -0.688778 -0.706914
    outer loop
      vertex 6.26342 23.3754 1.49
      vertex 6.63878 24.817 0
      vertex 6.64906 24.8146 0
    endloop
  endfacet
  facet normal -0.160613 -0.688825 -0.706911
    outer loop
      vertex 6.63878 24.817 0
      vertex 6.26342 23.3754 1.49
      vertex 4.72119 23.735 1.49
    endloop
  endfacet
  facet normal 0.645538 0.289147 -0.706876
    outer loop
      vertex -23.045 -11.3528 0
      vertex -21.7043 -10.7034 1.49
      vertex -23.0407 -11.3624 0
    endloop
  endfacet
  facet normal 0.644244 0.291917 -0.706919
    outer loop
      vertex -21.7043 -10.7034 1.49
      vertex -23.045 -11.3528 0
      vertex -22.3579 -9.26094 1.49
    endloop
  endfacet
  facet normal -0.160804 0.688778 -0.706914
    outer loop
      vertex 6.63878 -24.817 0
      vertex 6.26342 -23.3754 1.49
      vertex 6.64906 -24.8146 0
    endloop
  endfacet
  facet normal -0.160613 0.688825 -0.706911
    outer loop
      vertex 6.26342 -23.3754 1.49
      vertex 6.63878 -24.817 0
      vertex 4.72119 -23.735 1.49
    endloop
  endfacet
  facet normal 0.64424 0.29192 -0.706922
    outer loop
      vertex -22.3579 -9.26094 1.49
      vertex -23.045 -11.3528 0
      vertex -23.7345 -9.83114 0
    endloop
  endfacet
  facet normal -0.205317 -0.676832 -0.706925
    outer loop
      vertex 6.26342 23.3754 1.49
      vertex 6.65916 24.8116 0
      vertex 7.77883 22.9157 1.49
    endloop
  endfacet
  facet normal -0.201376 -0.677966 -0.706972
    outer loop
      vertex 6.65916 24.8116 0
      vertex 6.26342 23.3754 1.49
      vertex 6.64906 24.8146 0
    endloop
  endfacet
  facet normal 0.113993 -0.698042 -0.706925
    outer loop
      vertex -3.15873 23.993 1.49
      vertex -3.36363 25.4685 0
      vertex -3.35322 25.4702 0
    endloop
  endfacet
  facet normal 0.115233 -0.697854 -0.706909
    outer loop
      vertex -3.36363 25.4685 0
      vertex -3.15873 23.993 1.49
      vertex -4.72119 23.735 1.49
    endloop
  endfacet
  facet normal 0.703894 -0.0693097 -0.706915
    outer loop
      vertex -25.4713 3.34271 0
      vertex -24.1482 1.58276 1.49
      vertex -25.635 1.68021 0
    endloop
  endfacet
  facet normal -0.29192 0.64424 -0.706922
    outer loop
      vertex 11.3528 -23.045 0
      vertex 9.83114 -23.7345 0
      vertex 9.26094 -22.3579 1.49
    endloop
  endfacet
  facet normal -0.368871 -0.603607 -0.706819
    outer loop
      vertex 13.4448 20.1216 1.49
      vertex 14.2636 21.366 0
      vertex 14.2726 21.3605 0
    endloop
  endfacet
  facet normal -0.373493 -0.600662 -0.7069
    outer loop
      vertex 14.2636 21.366 0
      vertex 13.4448 20.1216 1.49
      vertex 12.1 20.9578 1.49
    endloop
  endfacet
  facet normal 0.661975 -0.249127 -0.706912
    outer loop
      vertex -23.7382 9.82126 0
      vertex -22.9157 7.77883 1.49
      vertex -24.3266 8.25778 0
    endloop
  endfacet
  facet normal 0.483495 -0.516234 -0.706919
    outer loop
      vertex -17.112 17.112 1.49
      vertex -18.1579 18.1728 0
      vertex -15.9562 18.1945 1.49
    endloop
  endfacet
  facet normal 0.483083 -0.51663 -0.706911
    outer loop
      vertex -18.1579 18.1728 0
      vertex -17.112 17.112 1.49
      vertex -18.1656 18.1656 0
    endloop
  endfacet
  facet normal -0.373516 -0.600623 -0.706922
    outer loop
      vertex 12.845 22.2482 0
      vertex 14.2636 21.366 0
      vertex 12.1 20.9578 1.49
    endloop
  endfacet
  facet normal 0.29192 0.64424 -0.706922
    outer loop
      vertex -9.26094 -22.3579 1.49
      vertex -9.83114 -23.7345 0
      vertex -11.3528 -23.045 0
    endloop
  endfacet
  facet normal 0.0693182 -0.703888 -0.70692
    outer loop
      vertex -3.15873 23.993 1.49
      vertex -3.34271 25.4713 0
      vertex -1.58276 24.1482 1.49
    endloop
  endfacet
  facet normal 0.0736196 -0.703402 -0.706969
    outer loop
      vertex -3.34271 25.4713 0
      vertex -3.15873 23.993 1.49
      vertex -3.35322 25.4702 0
    endloop
  endfacet
  facet normal 0.706907 -0.0231354 -0.706928
    outer loop
      vertex -24.2 0 1.49
      vertex -25.6897 0.0105509 0
      vertex -24.1482 1.58276 1.49
    endloop
  endfacet
  facet normal 0.706964 -0.0201015 -0.706964
    outer loop
      vertex -25.6897 0.0105509 0
      vertex -24.2 0 1.49
      vertex -25.69 0 0
    endloop
  endfacet
  facet normal -0.706919 0.0231595 -0.706915
    outer loop
      vertex 25.6897 -0.0105509 0
      vertex 25.635 -1.68021 0
      vertex 24.1482 -1.58276 1.49
    endloop
  endfacet
  facet normal -0.706964 0.0201015 -0.706964
    outer loop
      vertex 25.6897 -0.0105509 0
      vertex 24.2 0 1.49
      vertex 25.69 0 0
    endloop
  endfacet
  facet normal -0.706907 0.0231354 -0.706928
    outer loop
      vertex 24.2 0 1.49
      vertex 25.6897 -0.0105509 0
      vertex 24.1482 -1.58276 1.49
    endloop
  endfacet
  facet normal -0.546768 -0.448668 -0.706924
    outer loop
      vertex 19.3148 16.9386 0
      vertex 20.3745 15.6472 0
      vertex 18.1945 15.9562 1.49
    endloop
  endfacet
  facet normal -0.516225 0.483498 -0.706923
    outer loop
      vertex 18.1945 -15.9562 1.49
      vertex 19.3148 -16.9386 0
      vertex 18.1728 -18.1579 0
    endloop
  endfacet
  facet normal 0.334938 -0.622984 -0.7069
    outer loop
      vertex -10.7034 21.7043 1.49
      vertex -11.3717 23.0357 0
      vertex -11.3624 23.0407 0
    endloop
  endfacet
  facet normal 0.333415 -0.623775 -0.706923
    outer loop
      vertex -11.3717 23.0357 0
      vertex -10.7034 21.7043 1.49
      vertex -12.1 20.9578 1.49
    endloop
  endfacet
  facet normal -0.688808 -0.160632 -0.706924
    outer loop
      vertex 24.817 6.63878 0
      vertex 25.1964 5.01187 0
      vertex 23.735 4.72119 1.49
    endloop
  endfacet
  facet normal -0.703894 -0.0693097 -0.706915
    outer loop
      vertex 25.4713 3.34271 0
      vertex 25.635 1.68021 0
      vertex 24.1482 1.58276 1.49
    endloop
  endfacet
  facet normal -0.688808 0.160632 -0.706924
    outer loop
      vertex 25.1964 -5.01187 0
      vertex 24.817 -6.63878 0
      vertex 23.735 -4.72119 1.49
    endloop
  endfacet
  facet normal 0.115204 -0.697844 -0.706924
    outer loop
      vertex -3.36363 25.4685 0
      vertex -4.72119 23.735 1.49
      vertex -5.01187 25.1964 0
    endloop
  endfacet
  facet normal 0.333416 0.623775 -0.706922
    outer loop
      vertex -12.1 -20.9578 1.49
      vertex -11.3717 -23.0357 0
      vertex -12.845 -22.2482 0
    endloop
  endfacet
  facet normal -0.333416 -0.623775 -0.706922
    outer loop
      vertex 12.845 22.2482 0
      vertex 12.1 20.9578 1.49
      vertex 11.3717 23.0357 0
    endloop
  endfacet
  facet normal -0.373516 0.600623 -0.706922
    outer loop
      vertex 14.2636 -21.366 0
      vertex 12.845 -22.2482 0
      vertex 12.1 -20.9578 1.49
    endloop
  endfacet
  facet normal 0.573726 0.413617 -0.706937
    outer loop
      vertex -20.3874 -15.6305 0
      vertex -19.1992 -14.732 1.49
      vertex -20.3812 -15.6391 0
    endloop
  endfacet
  facet normal 0.574926 0.411989 -0.706912
    outer loop
      vertex -19.1992 -14.732 1.49
      vertex -20.3874 -15.6305 0
      vertex -20.1216 -13.4448 1.49
    endloop
  endfacet
  facet normal 0.333416 -0.623775 -0.706922
    outer loop
      vertex -11.3717 23.0357 0
      vertex -12.1 20.9578 1.49
      vertex -12.845 22.2482 0
    endloop
  endfacet
  facet normal 0.574913 0.411995 -0.706919
    outer loop
      vertex -20.1216 -13.4448 1.49
      vertex -20.3874 -15.6305 0
      vertex -21.3605 -14.2726 0
    endloop
  endfacet
  facet normal 0.160632 -0.688808 -0.706924
    outer loop
      vertex -5.01187 25.1964 0
      vertex -4.72119 23.735 1.49
      vertex -6.63878 24.817 0
    endloop
  endfacet
  facet normal -0.0693097 -0.703894 -0.706915
    outer loop
      vertex 1.68021 25.635 0
      vertex 3.34271 25.4713 0
      vertex 1.58276 24.1482 1.49
    endloop
  endfacet
  facet normal -0.661966 -0.249135 -0.706918
    outer loop
      vertex 22.3579 9.26094 1.49
      vertex 23.7382 9.82126 0
      vertex 22.9157 7.77883 1.49
    endloop
  endfacet
  facet normal -0.662386 -0.24806 -0.706902
    outer loop
      vertex 23.7382 9.82126 0
      vertex 22.3579 9.26094 1.49
      vertex 23.7345 9.83114 0
    endloop
  endfacet
  facet normal 0.706964 0.0201015 -0.706964
    outer loop
      vertex -24.2 0 1.49
      vertex -25.6897 -0.0105509 0
      vertex -25.69 0 0
    endloop
  endfacet
  facet normal 0.706907 0.0231354 -0.706928
    outer loop
      vertex -25.6897 -0.0105509 0
      vertex -24.2 0 1.49
      vertex -24.1482 -1.58276 1.49
    endloop
  endfacet
  facet normal 0.483498 -0.516225 -0.706923
    outer loop
      vertex -16.9386 19.3148 0
      vertex -15.9562 18.1945 1.49
      vertex -18.1579 18.1728 0
    endloop
  endfacet
  facet normal -0.688778 0.160804 -0.706914
    outer loop
      vertex 23.3754 -6.26342 1.49
      vertex 24.817 -6.63878 0
      vertex 24.8146 -6.64906 0
    endloop
  endfacet
  facet normal -0.688825 0.160613 -0.706911
    outer loop
      vertex 24.817 -6.63878 0
      vertex 23.3754 -6.26342 1.49
      vertex 23.735 -4.72119 1.49
    endloop
  endfacet
  facet normal 0.483495 0.516234 -0.706919
    outer loop
      vertex -18.1579 -18.1728 0
      vertex -17.112 -17.112 1.49
      vertex -15.9562 -18.1945 1.49
    endloop
  endfacet
  facet normal 0.483083 0.51663 -0.706911
    outer loop
      vertex -17.112 -17.112 1.49
      vertex -18.1579 -18.1728 0
      vertex -18.1656 -18.1656 0
    endloop
  endfacet
  facet normal -0.703888 -0.0693182 -0.70692
    outer loop
      vertex 23.993 3.15873 1.49
      vertex 25.4713 3.34271 0
      vertex 24.1482 1.58276 1.49
    endloop
  endfacet
  facet normal -0.703402 -0.0736196 -0.706969
    outer loop
      vertex 25.4713 3.34271 0
      vertex 23.993 3.15873 1.49
      vertex 25.4702 3.35322 0
    endloop
  endfacet
  facet normal -0.703894 0.0693097 -0.706915
    outer loop
      vertex 25.635 -1.68021 0
      vertex 25.4713 -3.34271 0
      vertex 24.1482 -1.58276 1.49
    endloop
  endfacet
  facet normal 0.546768 0.448668 -0.706924
    outer loop
      vertex -18.1945 -15.9562 1.49
      vertex -19.3148 -16.9386 0
      vertex -20.3745 -15.6472 0
    endloop
  endfacet
  facet normal -0.662386 0.24806 -0.706902
    outer loop
      vertex 22.3579 -9.26094 1.49
      vertex 23.7382 -9.82126 0
      vertex 23.7345 -9.83114 0
    endloop
  endfacet
  facet normal -0.661966 0.249135 -0.706918
    outer loop
      vertex 23.7382 -9.82126 0
      vertex 22.3579 -9.26094 1.49
      vertex 22.9157 -7.77883 1.49
    endloop
  endfacet
  facet normal -0.661975 -0.249127 -0.706912
    outer loop
      vertex 23.7382 9.82126 0
      vertex 24.3266 8.25778 0
      vertex 22.9157 7.77883 1.49
    endloop
  endfacet
  facet normal -0.0231595 0.706919 -0.706915
    outer loop
      vertex 1.58276 -24.1482 1.49
      vertex 1.68021 -25.635 0
      vertex 0.0105509 -25.6897 0
    endloop
  endfacet
  facet normal 0.483498 0.516225 -0.706923
    outer loop
      vertex -15.9562 -18.1945 1.49
      vertex -16.9386 -19.3148 0
      vertex -18.1579 -18.1728 0
    endloop
  endfacet
  facet normal -0.115204 0.697844 -0.706924
    outer loop
      vertex 4.72119 -23.735 1.49
      vertex 5.01187 -25.1964 0
      vertex 3.36363 -25.4685 0
    endloop
  endfacet
  facet normal 0.574913 -0.411995 -0.706919
    outer loop
      vertex -20.3874 15.6305 0
      vertex -20.1216 13.4448 1.49
      vertex -21.3605 14.2726 0
    endloop
  endfacet
  facet normal 0.662386 0.24806 -0.706902
    outer loop
      vertex -23.7382 -9.82126 0
      vertex -22.3579 -9.26094 1.49
      vertex -23.7345 -9.83114 0
    endloop
  endfacet
  facet normal 0.661966 0.249135 -0.706918
    outer loop
      vertex -22.3579 -9.26094 1.49
      vertex -23.7382 -9.82126 0
      vertex -22.9157 -7.77883 1.49
    endloop
  endfacet
  facet normal -0.698042 -0.113993 -0.706925
    outer loop
      vertex 23.993 3.15873 1.49
      vertex 25.4685 3.36363 0
      vertex 25.4702 3.35322 0
    endloop
  endfacet
  facet normal -0.697854 -0.115233 -0.706909
    outer loop
      vertex 25.4685 3.36363 0
      vertex 23.993 3.15873 1.49
      vertex 23.735 4.72119 1.49
    endloop
  endfacet
  facet normal -0.115233 -0.697854 -0.706909
    outer loop
      vertex 3.15873 23.993 1.49
      vertex 3.36363 25.4685 0
      vertex 4.72119 23.735 1.49
    endloop
  endfacet
  facet normal -0.113993 -0.698042 -0.706925
    outer loop
      vertex 3.36363 25.4685 0
      vertex 3.15873 23.993 1.49
      vertex 3.35322 25.4702 0
    endloop
  endfacet
  facet normal 0.703894 0.0693097 -0.706915
    outer loop
      vertex -24.1482 -1.58276 1.49
      vertex -25.4713 -3.34271 0
      vertex -25.635 -1.68021 0
    endloop
  endfacet
  facet normal 0.697844 0.115204 -0.706924
    outer loop
      vertex -23.735 -4.72119 1.49
      vertex -25.1964 -5.01187 0
      vertex -25.4685 -3.36363 0
    endloop
  endfacet
  facet normal -0.677966 -0.201376 -0.706972
    outer loop
      vertex 23.3754 6.26342 1.49
      vertex 24.8116 6.65916 0
      vertex 24.8146 6.64906 0
    endloop
  endfacet
  facet normal -0.676832 -0.205317 -0.706925
    outer loop
      vertex 24.8116 6.65916 0
      vertex 23.3754 6.26342 1.49
      vertex 22.9157 7.77883 1.49
    endloop
  endfacet
  facet normal 0.546758 0.448724 -0.706897
    outer loop
      vertex -20.3745 -15.6472 0
      vertex -19.1992 -14.732 1.49
      vertex -18.1945 -15.9562 1.49
    endloop
  endfacet
  facet normal 0.545056 0.450848 -0.706859
    outer loop
      vertex -19.1992 -14.732 1.49
      vertex -20.3745 -15.6472 0
      vertex -20.3812 -15.6391 0
    endloop
  endfacet
  facet normal 0.160632 0.688808 -0.706924
    outer loop
      vertex -4.72119 -23.735 1.49
      vertex -5.01187 -25.1964 0
      vertex -6.63878 -24.817 0
    endloop
  endfacet
  facet normal 0.115204 0.697844 -0.706924
    outer loop
      vertex -4.72119 -23.735 1.49
      vertex -3.36363 -25.4685 0
      vertex -5.01187 -25.1964 0
    endloop
  endfacet
  facet normal -0.334938 0.622984 -0.7069
    outer loop
      vertex 10.7034 -21.7043 1.49
      vertex 11.3717 -23.0357 0
      vertex 11.3624 -23.0407 0
    endloop
  endfacet
  facet normal -0.333415 0.623775 -0.706923
    outer loop
      vertex 11.3717 -23.0357 0
      vertex 10.7034 -21.7043 1.49
      vertex 12.1 -20.9578 1.49
    endloop
  endfacet
  facet normal 0.291917 0.644244 -0.706919
    outer loop
      vertex -11.3528 -23.045 0
      vertex -10.7034 -21.7043 1.49
      vertex -9.26094 -22.3579 1.49
    endloop
  endfacet
  facet normal 0.289147 0.645538 -0.706876
    outer loop
      vertex -10.7034 -21.7043 1.49
      vertex -11.3528 -23.045 0
      vertex -11.3624 -23.0407 0
    endloop
  endfacet
  facet normal -0.24806 -0.662386 -0.706902
    outer loop
      vertex 9.26094 22.3579 1.49
      vertex 9.82126 23.7382 0
      vertex 9.83114 23.7345 0
    endloop
  endfacet
  facet normal -0.249135 -0.661966 -0.706918
    outer loop
      vertex 9.82126 23.7382 0
      vertex 9.26094 22.3579 1.49
      vertex 7.77883 22.9157 1.49
    endloop
  endfacet
  facet normal -0.448668 0.546768 -0.706924
    outer loop
      vertex 15.9562 -18.1945 1.49
      vertex 16.9386 -19.3148 0
      vertex 15.6472 -20.3745 0
    endloop
  endfacet
  facet normal 0.249135 0.661966 -0.706918
    outer loop
      vertex -9.82126 -23.7382 0
      vertex -9.26094 -22.3579 1.49
      vertex -7.77883 -22.9157 1.49
    endloop
  endfacet
  facet normal 0.24806 0.662386 -0.706902
    outer loop
      vertex -9.26094 -22.3579 1.49
      vertex -9.82126 -23.7382 0
      vertex -9.83114 -23.7345 0
    endloop
  endfacet
  facet normal -0.574926 -0.411989 -0.706912
    outer loop
      vertex 19.1992 14.732 1.49
      vertex 20.3874 15.6305 0
      vertex 20.1216 13.4448 1.49
    endloop
  endfacet
  facet normal -0.573726 -0.413617 -0.706937
    outer loop
      vertex 20.3874 15.6305 0
      vertex 19.1992 14.732 1.49
      vertex 20.3812 15.6391 0
    endloop
  endfacet
  facet normal -0.644244 -0.291917 -0.706919
    outer loop
      vertex 21.7043 10.7034 1.49
      vertex 23.045 11.3528 0
      vertex 22.3579 9.26094 1.49
    endloop
  endfacet
  facet normal -0.645538 -0.289147 -0.706876
    outer loop
      vertex 23.045 11.3528 0
      vertex 21.7043 10.7034 1.49
      vertex 23.0407 11.3624 0
    endloop
  endfacet
  facet normal -0.333415 -0.623775 -0.706923
    outer loop
      vertex 10.7034 21.7043 1.49
      vertex 11.3717 23.0357 0
      vertex 12.1 20.9578 1.49
    endloop
  endfacet
  facet normal -0.334938 -0.622984 -0.7069
    outer loop
      vertex 11.3717 23.0357 0
      vertex 10.7034 21.7043 1.49
      vertex 11.3624 23.0407 0
    endloop
  endfacet
  facet normal 0.0693097 -0.703894 -0.706915
    outer loop
      vertex -1.68021 25.635 0
      vertex -1.58276 24.1482 1.49
      vertex -3.34271 25.4713 0
    endloop
  endfacet
  facet normal -0.413617 0.573726 -0.706937
    outer loop
      vertex 15.6305 -20.3874 0
      vertex 14.732 -19.1992 1.49
      vertex 15.6391 -20.3812 0
    endloop
  endfacet
  facet normal -0.411989 0.574926 -0.706912
    outer loop
      vertex 14.732 -19.1992 1.49
      vertex 15.6305 -20.3874 0
      vertex 13.4448 -20.1216 1.49
    endloop
  endfacet
  facet normal 0.373493 -0.600662 -0.7069
    outer loop
      vertex -13.4448 20.1216 1.49
      vertex -14.2636 21.366 0
      vertex -12.1 20.9578 1.49
    endloop
  endfacet
  facet normal 0.368871 -0.603607 -0.706819
    outer loop
      vertex -14.2636 21.366 0
      vertex -13.4448 20.1216 1.49
      vertex -14.2726 21.3605 0
    endloop
  endfacet
  facet normal 0.697854 -0.115233 -0.706909
    outer loop
      vertex -23.993 3.15873 1.49
      vertex -25.4685 3.36363 0
      vertex -23.735 4.72119 1.49
    endloop
  endfacet
  facet normal 0.698042 -0.113993 -0.706925
    outer loop
      vertex -25.4685 3.36363 0
      vertex -23.993 3.15873 1.49
      vertex -25.4702 3.35322 0
    endloop
  endfacet
  facet normal -0.249127 -0.661975 -0.706912
    outer loop
      vertex 8.25778 24.3266 0
      vertex 9.82126 23.7382 0
      vertex 7.77883 22.9157 1.49
    endloop
  endfacet
  facet normal -0.205343 -0.676838 -0.706912
    outer loop
      vertex 8.25778 24.3266 0
      vertex 7.77883 22.9157 1.49
      vertex 6.65916 24.8116 0
    endloop
  endfacet
  facet normal 0.249127 -0.661975 -0.706912
    outer loop
      vertex -8.25778 24.3266 0
      vertex -7.77883 22.9157 1.49
      vertex -9.82126 23.7382 0
    endloop
  endfacet
  facet normal -0.483083 -0.51663 -0.706911
    outer loop
      vertex 17.112 17.112 1.49
      vertex 18.1579 18.1728 0
      vertex 18.1656 18.1656 0
    endloop
  endfacet
  facet normal -0.483495 -0.516234 -0.706919
    outer loop
      vertex 18.1579 18.1728 0
      vertex 17.112 17.112 1.49
      vertex 15.9562 18.1945 1.49
    endloop
  endfacet
  facet normal 0.205343 0.676838 -0.706912
    outer loop
      vertex -7.77883 -22.9157 1.49
      vertex -6.65916 -24.8116 0
      vertex -8.25778 -24.3266 0
    endloop
  endfacet
  facet normal -0.24806 0.662386 -0.706902
    outer loop
      vertex 9.82126 -23.7382 0
      vertex 9.26094 -22.3579 1.49
      vertex 9.83114 -23.7345 0
    endloop
  endfacet
  facet normal -0.249135 0.661966 -0.706918
    outer loop
      vertex 9.26094 -22.3579 1.49
      vertex 9.82126 -23.7382 0
      vertex 7.77883 -22.9157 1.49
    endloop
  endfacet
  facet normal 0.249135 -0.661966 -0.706918
    outer loop
      vertex -9.26094 22.3579 1.49
      vertex -9.82126 23.7382 0
      vertex -7.77883 22.9157 1.49
    endloop
  endfacet
  facet normal 0.24806 -0.662386 -0.706902
    outer loop
      vertex -9.82126 23.7382 0
      vertex -9.26094 22.3579 1.49
      vertex -9.83114 23.7345 0
    endloop
  endfacet
  facet normal 0.64424 -0.29192 -0.706922
    outer loop
      vertex -23.045 11.3528 0
      vertex -22.3579 9.26094 1.49
      vertex -23.7345 9.83114 0
    endloop
  endfacet
  facet normal 0.160613 0.688825 -0.706911
    outer loop
      vertex -6.63878 -24.817 0
      vertex -6.26342 -23.3754 1.49
      vertex -4.72119 -23.735 1.49
    endloop
  endfacet
  facet normal 0.160804 0.688778 -0.706914
    outer loop
      vertex -6.26342 -23.3754 1.49
      vertex -6.63878 -24.817 0
      vertex -6.64906 -24.8146 0
    endloop
  endfacet
  facet normal -0.368871 0.603607 -0.706819
    outer loop
      vertex 14.2636 -21.366 0
      vertex 13.4448 -20.1216 1.49
      vertex 14.2726 -21.3605 0
    endloop
  endfacet
  facet normal -0.373493 0.600662 -0.7069
    outer loop
      vertex 13.4448 -20.1216 1.49
      vertex 14.2636 -21.366 0
      vertex 12.1 -20.9578 1.49
    endloop
  endfacet
  facet normal 0.373493 0.600662 -0.7069
    outer loop
      vertex -14.2636 -21.366 0
      vertex -13.4448 -20.1216 1.49
      vertex -12.1 -20.9578 1.49
    endloop
  endfacet
  facet normal 0.368871 0.603607 -0.706819
    outer loop
      vertex -13.4448 -20.1216 1.49
      vertex -14.2636 -21.366 0
      vertex -14.2726 -21.3605 0
    endloop
  endfacet
  facet normal 0.603607 0.368871 -0.706819
    outer loop
      vertex -21.366 -14.2636 0
      vertex -20.1216 -13.4448 1.49
      vertex -21.3605 -14.2726 0
    endloop
  endfacet
  facet normal 0.600662 0.373493 -0.7069
    outer loop
      vertex -20.1216 -13.4448 1.49
      vertex -21.366 -14.2636 0
      vertex -20.9578 -12.1 1.49
    endloop
  endfacet
  facet normal 0.411995 0.574913 -0.706919
    outer loop
      vertex -13.4448 -20.1216 1.49
      vertex -14.2726 -21.3605 0
      vertex -15.6305 -20.3874 0
    endloop
  endfacet
  facet normal -0.698042 0.113993 -0.706925
    outer loop
      vertex 25.4685 -3.36363 0
      vertex 23.993 -3.15873 1.49
      vertex 25.4702 -3.35322 0
    endloop
  endfacet
  facet normal -0.697854 0.115233 -0.706909
    outer loop
      vertex 23.993 -3.15873 1.49
      vertex 25.4685 -3.36363 0
      vertex 23.735 -4.72119 1.49
    endloop
  endfacet
  facet normal 0.373516 0.600623 -0.706922
    outer loop
      vertex -12.1 -20.9578 1.49
      vertex -12.845 -22.2482 0
      vertex -14.2636 -21.366 0
    endloop
  endfacet
  facet normal -0.201376 0.677966 -0.706972
    outer loop
      vertex 6.26342 -23.3754 1.49
      vertex 6.65916 -24.8116 0
      vertex 6.64906 -24.8146 0
    endloop
  endfacet
  facet normal -0.205317 0.676832 -0.706925
    outer loop
      vertex 6.65916 -24.8116 0
      vertex 6.26342 -23.3754 1.49
      vertex 7.77883 -22.9157 1.49
    endloop
  endfacet
  facet normal 0.291917 -0.644244 -0.706919
    outer loop
      vertex -10.7034 21.7043 1.49
      vertex -11.3528 23.045 0
      vertex -9.26094 22.3579 1.49
    endloop
  endfacet
  facet normal 0.289147 -0.645538 -0.706876
    outer loop
      vertex -11.3528 23.045 0
      vertex -10.7034 21.7043 1.49
      vertex -11.3624 23.0407 0
    endloop
  endfacet
  facet normal 0.623775 0.333416 -0.706922
    outer loop
      vertex -20.9578 -12.1 1.49
      vertex -22.2482 -12.845 0
      vertex -23.0357 -11.3717 0
    endloop
  endfacet
  facet normal -0.574913 0.411995 -0.706919
    outer loop
      vertex 21.3605 -14.2726 0
      vertex 20.3874 -15.6305 0
      vertex 20.1216 -13.4448 1.49
    endloop
  endfacet
  facet normal -0.483083 0.51663 -0.706911
    outer loop
      vertex 18.1579 -18.1728 0
      vertex 17.112 -17.112 1.49
      vertex 18.1656 -18.1656 0
    endloop
  endfacet
  facet normal -0.483495 0.516234 -0.706919
    outer loop
      vertex 17.112 -17.112 1.49
      vertex 18.1579 -18.1728 0
      vertex 15.9562 -18.1945 1.49
    endloop
  endfacet
  facet normal 0.201376 -0.677966 -0.706972
    outer loop
      vertex -6.26342 23.3754 1.49
      vertex -6.65916 24.8116 0
      vertex -6.64906 24.8146 0
    endloop
  endfacet
  facet normal 0.205317 -0.676832 -0.706925
    outer loop
      vertex -6.65916 24.8116 0
      vertex -6.26342 23.3754 1.49
      vertex -7.77883 22.9157 1.49
    endloop
  endfacet
  facet normal 0.644244 -0.291917 -0.706919
    outer loop
      vertex -23.045 11.3528 0
      vertex -21.7043 10.7034 1.49
      vertex -22.3579 9.26094 1.49
    endloop
  endfacet
  facet normal 0.645538 -0.289147 -0.706876
    outer loop
      vertex -21.7043 10.7034 1.49
      vertex -23.045 11.3528 0
      vertex -23.0407 11.3624 0
    endloop
  endfacet
  facet normal 0.0693097 0.703894 -0.706915
    outer loop
      vertex -1.58276 -24.1482 1.49
      vertex -1.68021 -25.635 0
      vertex -3.34271 -25.4713 0
    endloop
  endfacet
  facet normal -0.333416 0.623775 -0.706922
    outer loop
      vertex 12.1 -20.9578 1.49
      vertex 12.845 -22.2482 0
      vertex 11.3717 -23.0357 0
    endloop
  endfacet
  facet normal 0.448668 -0.546768 -0.706924
    outer loop
      vertex -15.6472 20.3745 0
      vertex -15.9562 18.1945 1.49
      vertex -16.9386 19.3148 0
    endloop
  endfacet
  facet normal 0.676832 -0.205317 -0.706925
    outer loop
      vertex -23.3754 6.26342 1.49
      vertex -24.8116 6.65916 0
      vertex -22.9157 7.77883 1.49
    endloop
  endfacet
  facet normal 0.677966 -0.201376 -0.706972
    outer loop
      vertex -24.8116 6.65916 0
      vertex -23.3754 6.26342 1.49
      vertex -24.8146 6.64906 0
    endloop
  endfacet
  facet normal -0.483498 0.516225 -0.706923
    outer loop
      vertex 18.1579 -18.1728 0
      vertex 16.9386 -19.3148 0
      vertex 15.9562 -18.1945 1.49
    endloop
  endfacet
  facet normal 0.160613 -0.688825 -0.706911
    outer loop
      vertex -6.26342 23.3754 1.49
      vertex -6.63878 24.817 0
      vertex -4.72119 23.735 1.49
    endloop
  endfacet
  facet normal 0.160804 -0.688778 -0.706914
    outer loop
      vertex -6.63878 24.817 0
      vertex -6.26342 23.3754 1.49
      vertex -6.64906 24.8146 0
    endloop
  endfacet
  facet normal -0.411995 0.574913 -0.706919
    outer loop
      vertex 15.6305 -20.3874 0
      vertex 14.2726 -21.3605 0
      vertex 13.4448 -20.1216 1.49
    endloop
  endfacet
  facet normal 0.697854 0.115233 -0.706909
    outer loop
      vertex -25.4685 -3.36363 0
      vertex -23.993 -3.15873 1.49
      vertex -23.735 -4.72119 1.49
    endloop
  endfacet
  facet normal 0.698042 0.113993 -0.706925
    outer loop
      vertex -23.993 -3.15873 1.49
      vertex -25.4685 -3.36363 0
      vertex -25.4702 -3.35322 0
    endloop
  endfacet
  facet normal 0.688825 -0.160613 -0.706911
    outer loop
      vertex -24.817 6.63878 0
      vertex -23.3754 6.26342 1.49
      vertex -23.735 4.72119 1.49
    endloop
  endfacet
  facet normal 0.688778 -0.160804 -0.706914
    outer loop
      vertex -23.3754 6.26342 1.49
      vertex -24.817 6.63878 0
      vertex -24.8146 6.64906 0
    endloop
  endfacet
  facet normal -0.600623 0.373516 -0.706922
    outer loop
      vertex 22.2482 -12.845 0
      vertex 21.366 -14.2636 0
      vertex 20.9578 -12.1 1.49
    endloop
  endfacet
  facet normal 0.546758 -0.448724 -0.706897
    outer loop
      vertex -19.1992 14.732 1.49
      vertex -20.3745 15.6472 0
      vertex -18.1945 15.9562 1.49
    endloop
  endfacet
  facet normal 0.545056 -0.450848 -0.706859
    outer loop
      vertex -20.3745 15.6472 0
      vertex -19.1992 14.732 1.49
      vertex -20.3812 15.6391 0
    endloop
  endfacet
  facet normal 0.373516 -0.600623 -0.706922
    outer loop
      vertex -12.845 22.2482 0
      vertex -12.1 20.9578 1.49
      vertex -14.2636 21.366 0
    endloop
  endfacet
  facet normal 0.703402 0.0736196 -0.706969
    outer loop
      vertex -25.4713 -3.34271 0
      vertex -23.993 -3.15873 1.49
      vertex -25.4702 -3.35322 0
    endloop
  endfacet
  facet normal 0.703888 0.0693182 -0.70692
    outer loop
      vertex -23.993 -3.15873 1.49
      vertex -25.4713 -3.34271 0
      vertex -24.1482 -1.58276 1.49
    endloop
  endfacet
  facet normal -0.0736196 -0.703402 -0.706969
    outer loop
      vertex 3.15873 23.993 1.49
      vertex 3.34271 25.4713 0
      vertex 3.35322 25.4702 0
    endloop
  endfacet
  facet normal -0.0693182 -0.703888 -0.70692
    outer loop
      vertex 3.34271 25.4713 0
      vertex 3.15873 23.993 1.49
      vertex 1.58276 24.1482 1.49
    endloop
  endfacet
  facet normal 0.600662 -0.373493 -0.7069
    outer loop
      vertex -21.366 14.2636 0
      vertex -20.1216 13.4448 1.49
      vertex -20.9578 12.1 1.49
    endloop
  endfacet
  facet normal 0.603607 -0.368871 -0.706819
    outer loop
      vertex -20.1216 13.4448 1.49
      vertex -21.366 14.2636 0
      vertex -21.3605 14.2726 0
    endloop
  endfacet
  facet normal 0.661966 -0.249135 -0.706918
    outer loop
      vertex -23.7382 9.82126 0
      vertex -22.3579 9.26094 1.49
      vertex -22.9157 7.77883 1.49
    endloop
  endfacet
  facet normal 0.662386 -0.24806 -0.706902
    outer loop
      vertex -22.3579 9.26094 1.49
      vertex -23.7382 9.82126 0
      vertex -23.7345 9.83114 0
    endloop
  endfacet
  facet normal 0.411989 -0.574926 -0.706912
    outer loop
      vertex -14.732 19.1992 1.49
      vertex -15.6305 20.3874 0
      vertex -13.4448 20.1216 1.49
    endloop
  endfacet
  facet normal 0.413617 -0.573726 -0.706937
    outer loop
      vertex -15.6305 20.3874 0
      vertex -14.732 19.1992 1.49
      vertex -15.6391 20.3812 0
    endloop
  endfacet
  facet normal 0.450848 -0.545056 -0.706859
    outer loop
      vertex -14.732 19.1992 1.49
      vertex -15.6472 20.3745 0
      vertex -15.6391 20.3812 0
    endloop
  endfacet
  facet normal 0.448724 -0.546758 -0.706897
    outer loop
      vertex -15.6472 20.3745 0
      vertex -14.732 19.1992 1.49
      vertex -15.9562 18.1945 1.49
    endloop
  endfacet
  facet normal -0.573726 0.413617 -0.706937
    outer loop
      vertex 19.1992 -14.732 1.49
      vertex 20.3874 -15.6305 0
      vertex 20.3812 -15.6391 0
    endloop
  endfacet
  facet normal -0.574926 0.411989 -0.706912
    outer loop
      vertex 20.3874 -15.6305 0
      vertex 19.1992 -14.732 1.49
      vertex 20.1216 -13.4448 1.49
    endloop
  endfacet
  facet normal 0.546768 -0.448668 -0.706924
    outer loop
      vertex -19.3148 16.9386 0
      vertex -18.1945 15.9562 1.49
      vertex -20.3745 15.6472 0
    endloop
  endfacet
  facet normal -0.603607 0.368871 -0.706819
    outer loop
      vertex 20.1216 -13.4448 1.49
      vertex 21.366 -14.2636 0
      vertex 21.3605 -14.2726 0
    endloop
  endfacet
  facet normal -0.600662 0.373493 -0.7069
    outer loop
      vertex 21.366 -14.2636 0
      vertex 20.1216 -13.4448 1.49
      vertex 20.9578 -12.1 1.49
    endloop
  endfacet
  facet normal -0.623775 0.333416 -0.706922
    outer loop
      vertex 23.0357 -11.3717 0
      vertex 22.2482 -12.845 0
      vertex 20.9578 -12.1 1.49
    endloop
  endfacet
  facet normal 0.676838 0.205343 -0.706912
    outer loop
      vertex -22.9157 -7.77883 1.49
      vertex -24.3266 -8.25778 0
      vertex -24.8116 -6.65916 0
    endloop
  endfacet
  facet normal 0.600623 0.373516 -0.706922
    outer loop
      vertex -20.9578 -12.1 1.49
      vertex -21.366 -14.2636 0
      vertex -22.2482 -12.845 0
    endloop
  endfacet
  facet normal 0.0231595 -0.706919 -0.706915
    outer loop
      vertex -0.0105509 25.6897 0
      vertex -1.58276 24.1482 1.49
      vertex -1.68021 25.635 0
    endloop
  endfacet
  facet normal -0.622984 0.334938 -0.7069
    outer loop
      vertex 23.0357 -11.3717 0
      vertex 21.7043 -10.7034 1.49
      vertex 23.0407 -11.3624 0
    endloop
  endfacet
  facet normal -0.623775 0.333415 -0.706923
    outer loop
      vertex 21.7043 -10.7034 1.49
      vertex 23.0357 -11.3717 0
      vertex 20.9578 -12.1 1.49
    endloop
  endfacet
  facet normal -0.645538 0.289147 -0.706876
    outer loop
      vertex 21.7043 -10.7034 1.49
      vertex 23.045 -11.3528 0
      vertex 23.0407 -11.3624 0
    endloop
  endfacet
  facet normal -0.644244 0.291917 -0.706919
    outer loop
      vertex 23.045 -11.3528 0
      vertex 21.7043 -10.7034 1.49
      vertex 22.3579 -9.26094 1.49
    endloop
  endfacet
  facet normal 0.0231354 -0.706907 -0.706928
    outer loop
      vertex -0.0105509 25.6897 0
      vertex 0 24.2 1.49
      vertex -1.58276 24.1482 1.49
    endloop
  endfacet
  facet normal 0.0201015 -0.706964 -0.706964
    outer loop
      vertex 0 24.2 1.49
      vertex -0.0105509 25.6897 0
      vertex 0 25.69 0
    endloop
  endfacet
  facet normal 0.623775 -0.333415 -0.706923
    outer loop
      vertex -21.7043 10.7034 1.49
      vertex -23.0357 11.3717 0
      vertex -20.9578 12.1 1.49
    endloop
  endfacet
  facet normal 0.622984 -0.334938 -0.7069
    outer loop
      vertex -23.0357 11.3717 0
      vertex -21.7043 10.7034 1.49
      vertex -23.0407 11.3624 0
    endloop
  endfacet
  facet normal 0.334938 0.622984 -0.7069
    outer loop
      vertex -11.3717 -23.0357 0
      vertex -10.7034 -21.7043 1.49
      vertex -11.3624 -23.0407 0
    endloop
  endfacet
  facet normal 0.333415 0.623775 -0.706923
    outer loop
      vertex -10.7034 -21.7043 1.49
      vertex -11.3717 -23.0357 0
      vertex -12.1 -20.9578 1.49
    endloop
  endfacet
  facet normal -0.0736196 0.703402 -0.706969
    outer loop
      vertex 3.34271 -25.4713 0
      vertex 3.15873 -23.993 1.49
      vertex 3.35322 -25.4702 0
    endloop
  endfacet
  facet normal -0.0693182 0.703888 -0.70692
    outer loop
      vertex 3.15873 -23.993 1.49
      vertex 3.34271 -25.4713 0
      vertex 1.58276 -24.1482 1.49
    endloop
  endfacet
  facet normal 0.113993 0.698042 -0.706925
    outer loop
      vertex -3.36363 -25.4685 0
      vertex -3.15873 -23.993 1.49
      vertex -3.35322 -25.4702 0
    endloop
  endfacet
  facet normal 0.115233 0.697854 -0.706909
    outer loop
      vertex -3.15873 -23.993 1.49
      vertex -3.36363 -25.4685 0
      vertex -4.72119 -23.735 1.49
    endloop
  endfacet
  facet normal 0.0693182 0.703888 -0.70692
    outer loop
      vertex -3.34271 -25.4713 0
      vertex -3.15873 -23.993 1.49
      vertex -1.58276 -24.1482 1.49
    endloop
  endfacet
  facet normal 0.0736196 0.703402 -0.706969
    outer loop
      vertex -3.15873 -23.993 1.49
      vertex -3.34271 -25.4713 0
      vertex -3.35322 -25.4702 0
    endloop
  endfacet
  facet normal -0.249127 0.661975 -0.706912
    outer loop
      vertex 9.82126 -23.7382 0
      vertex 8.25778 -24.3266 0
      vertex 7.77883 -22.9157 1.49
    endloop
  endfacet
  facet normal -0.545056 0.450848 -0.706859
    outer loop
      vertex 20.3745 -15.6472 0
      vertex 19.1992 -14.732 1.49
      vertex 20.3812 -15.6391 0
    endloop
  endfacet
  facet normal -0.546758 0.448724 -0.706897
    outer loop
      vertex 19.1992 -14.732 1.49
      vertex 20.3745 -15.6472 0
      vertex 18.1945 -15.9562 1.49
    endloop
  endfacet
  facet normal 0.688778 0.160804 -0.706914
    outer loop
      vertex -24.817 -6.63878 0
      vertex -23.3754 -6.26342 1.49
      vertex -24.8146 -6.64906 0
    endloop
  endfacet
  facet normal 0.688825 0.160613 -0.706911
    outer loop
      vertex -23.3754 -6.26342 1.49
      vertex -24.817 -6.63878 0
      vertex -23.735 -4.72119 1.49
    endloop
  endfacet
  facet normal 0.676832 0.205317 -0.706925
    outer loop
      vertex -24.8116 -6.65916 0
      vertex -23.3754 -6.26342 1.49
      vertex -22.9157 -7.77883 1.49
    endloop
  endfacet
  facet normal 0.677966 0.201376 -0.706972
    outer loop
      vertex -23.3754 -6.26342 1.49
      vertex -24.8116 -6.65916 0
      vertex -24.8146 -6.64906 0
    endloop
  endfacet
  facet normal 0.411989 0.574926 -0.706912
    outer loop
      vertex -15.6305 -20.3874 0
      vertex -14.732 -19.1992 1.49
      vertex -13.4448 -20.1216 1.49
    endloop
  endfacet
  facet normal 0.413617 0.573726 -0.706937
    outer loop
      vertex -14.732 -19.1992 1.49
      vertex -15.6305 -20.3874 0
      vertex -15.6391 -20.3812 0
    endloop
  endfacet
  facet normal 0.574926 -0.411989 -0.706912
    outer loop
      vertex -20.3874 15.6305 0
      vertex -19.1992 14.732 1.49
      vertex -20.1216 13.4448 1.49
    endloop
  endfacet
  facet normal 0.573726 -0.413617 -0.706937
    outer loop
      vertex -19.1992 14.732 1.49
      vertex -20.3874 15.6305 0
      vertex -20.3812 15.6391 0
    endloop
  endfacet
  facet normal 0.623775 -0.333416 -0.706922
    outer loop
      vertex -22.2482 12.845 0
      vertex -20.9578 12.1 1.49
      vertex -23.0357 11.3717 0
    endloop
  endfacet
  facet normal 0.450848 0.545056 -0.706859
    outer loop
      vertex -15.6472 -20.3745 0
      vertex -14.732 -19.1992 1.49
      vertex -15.6391 -20.3812 0
    endloop
  endfacet
  facet normal 0.448724 0.546758 -0.706897
    outer loop
      vertex -14.732 -19.1992 1.49
      vertex -15.6472 -20.3745 0
      vertex -15.9562 -18.1945 1.49
    endloop
  endfacet
  facet normal -0.450848 0.545056 -0.706859
    outer loop
      vertex 14.732 -19.1992 1.49
      vertex 15.6472 -20.3745 0
      vertex 15.6391 -20.3812 0
    endloop
  endfacet
  facet normal -0.448724 0.546758 -0.706897
    outer loop
      vertex 15.6472 -20.3745 0
      vertex 14.732 -19.1992 1.49
      vertex 15.9562 -18.1945 1.49
    endloop
  endfacet
  facet normal 0.600623 -0.373516 -0.706922
    outer loop
      vertex -21.366 14.2636 0
      vertex -20.9578 12.1 1.49
      vertex -22.2482 12.845 0
    endloop
  endfacet
  facet normal -0.986648 -0.16287 0
    outer loop
      vertex 27.7307 3.65082 2.4
      vertex 27.4326 5.45668 4.1
      vertex 27.4326 5.45668 2.4
    endloop
  endfacet
  facet normal -0.986648 -0.16287 0
    outer loop
      vertex 27.4326 5.45668 4.1
      vertex 27.7307 3.65082 2.4
      vertex 27.7307 3.65082 4.1
    endloop
  endfacet
  facet normal -0.634394 0.773009 0
    outer loop
      vertex 18.4419 -21.029 2.4
      vertex 17.0271 -22.1901 4.1
      vertex 18.4419 -21.029 4.1
    endloop
  endfacet
  facet normal -0.634394 0.773009 0
    outer loop
      vertex 17.0271 -22.1901 4.1
      vertex 18.4419 -21.029 2.4
      vertex 17.0271 -22.1901 2.4
    endloop
  endfacet
  facet normal 0.881923 -0.471393 0
    outer loop
      vertex -25.0855 12.3708 4.1
      vertex -24.2227 13.985 2.4
      vertex -24.2227 13.985 4.1
    endloop
  endfacet
  facet normal 0.881923 -0.471393 0
    outer loop
      vertex -24.2227 13.985 2.4
      vertex -25.0855 12.3708 4.1
      vertex -25.0855 12.3708 2.4
    endloop
  endfacet
  facet normal 0.16287 -0.986648 0
    outer loop
      vertex -5.45668 27.4326 2.4
      vertex -3.65082 27.7307 4.1
      vertex -5.45668 27.4326 4.1
    endloop
  endfacet
  facet normal 0.16287 -0.986648 0
    outer loop
      vertex -3.65082 27.7307 4.1
      vertex -5.45668 27.4326 2.4
      vertex -3.65082 27.7307 2.4
    endloop
  endfacet
  facet normal 0.29028 -0.956942 0
    outer loop
      vertex -8.99066 26.4856 2.4
      vertex -7.23917 27.0169 4.1
      vertex -8.99066 26.4856 4.1
    endloop
  endfacet
  facet normal 0.29028 -0.956942 0
    outer loop
      vertex -7.23917 27.0169 4.1
      vertex -8.99066 26.4856 2.4
      vertex -7.23917 27.0169 2.4
    endloop
  endfacet
  facet normal -0.634394 -0.773009 0
    outer loop
      vertex 17.0271 22.1901 2.4
      vertex 18.4419 21.029 4.1
      vertex 17.0271 22.1901 4.1
    endloop
  endfacet
  facet normal -0.634394 -0.773009 -0
    outer loop
      vertex 18.4419 21.029 4.1
      vertex 17.0271 22.1901 2.4
      vertex 18.4419 21.029 2.4
    endloop
  endfacet
  facet normal -0.582462 0.812858 0
    outer loop
      vertex 17.0271 -22.1901 2.4
      vertex 15.5393 -23.2562 4.1
      vertex 17.0271 -22.1901 4.1
    endloop
  endfacet
  facet normal -0.582462 0.812858 0
    outer loop
      vertex 15.5393 -23.2562 4.1
      vertex 17.0271 -22.1901 2.4
      vertex 15.5393 -23.2562 2.4
    endloop
  endfacet
  facet normal -0.16287 -0.986648 0
    outer loop
      vertex 3.65082 27.7307 2.4
      vertex 5.45668 27.4326 4.1
      vertex 3.65082 27.7307 4.1
    endloop
  endfacet
  facet normal -0.16287 -0.986648 -0
    outer loop
      vertex 5.45668 27.4326 4.1
      vertex 3.65082 27.7307 2.4
      vertex 5.45668 27.4326 2.4
    endloop
  endfacet
  facet normal 0.910854 0.412728 0
    outer loop
      vertex -25.0855 -12.3708 4.1
      vertex -25.8409 -10.7037 2.4
      vertex -25.8409 -10.7037 4.1
    endloop
  endfacet
  facet normal 0.910854 0.412728 0
    outer loop
      vertex -25.8409 -10.7037 2.4
      vertex -25.0855 -12.3708 4.1
      vertex -25.0855 -12.3708 2.4
    endloop
  endfacet
  facet normal 0.973867 0.227119 0
    outer loop
      vertex -27.0169 -7.23917 4.1
      vertex -27.4326 -5.45668 2.4
      vertex -27.4326 -5.45668 4.1
    endloop
  endfacet
  facet normal 0.973867 0.227119 0
    outer loop
      vertex -27.4326 -5.45668 2.4
      vertex -27.0169 -7.23917 4.1
      vertex -27.0169 -7.23917 2.4
    endloop
  endfacet
  facet normal -0.16287 0.986648 0
    outer loop
      vertex 5.45668 -27.4326 2.4
      vertex 3.65082 -27.7307 4.1
      vertex 5.45668 -27.4326 4.1
    endloop
  endfacet
  facet normal -0.16287 0.986648 0
    outer loop
      vertex 3.65082 -27.7307 4.1
      vertex 5.45668 -27.4326 2.4
      vertex 3.65082 -27.7307 2.4
    endloop
  endfacet
  facet normal -0.729866 0.68359 0
    outer loop
      vertex 19.7778 -19.7778 2.4
      vertex 21.029 -18.4419 4.1
      vertex 21.029 -18.4419 2.4
    endloop
  endfacet
  facet normal -0.729866 0.68359 0
    outer loop
      vertex 21.029 -18.4419 4.1
      vertex 19.7778 -19.7778 2.4
      vertex 19.7778 -19.7778 4.1
    endloop
  endfacet
  facet normal -0.995185 0.098016 0
    outer loop
      vertex 27.7307 -3.65082 2.4
      vertex 27.9101 -1.82932 4.1
      vertex 27.9101 -1.82932 2.4
    endloop
  endfacet
  facet normal -0.995185 0.098016 0
    outer loop
      vertex 27.9101 -1.82932 4.1
      vertex 27.7307 -3.65082 2.4
      vertex 27.7307 -3.65082 4.1
    endloop
  endfacet
  facet normal -0.412728 -0.910854 0
    outer loop
      vertex 10.7037 25.8409 2.4
      vertex 12.3708 25.0855 4.1
      vertex 10.7037 25.8409 4.1
    endloop
  endfacet
  facet normal -0.412728 -0.910854 -0
    outer loop
      vertex 12.3708 25.0855 4.1
      vertex 10.7037 25.8409 2.4
      vertex 12.3708 25.0855 2.4
    endloop
  endfacet
  facet normal 0.973867 -0.227119 0
    outer loop
      vertex -27.4326 5.45668 4.1
      vertex -27.0169 7.23917 2.4
      vertex -27.0169 7.23917 4.1
    endloop
  endfacet
  facet normal 0.973867 -0.227119 0
    outer loop
      vertex -27.0169 7.23917 2.4
      vertex -27.4326 5.45668 4.1
      vertex -27.4326 5.45668 2.4
    endloop
  endfacet
  facet normal -0.935914 -0.35223 0
    outer loop
      vertex 26.4856 8.99066 2.4
      vertex 25.8409 10.7037 4.1
      vertex 25.8409 10.7037 2.4
    endloop
  endfacet
  facet normal -0.935914 -0.35223 0
    outer loop
      vertex 25.8409 10.7037 4.1
      vertex 26.4856 8.99066 2.4
      vertex 26.4856 8.99066 4.1
    endloop
  endfacet
  facet normal 0.956942 -0.29028 0
    outer loop
      vertex -27.0169 7.23917 4.1
      vertex -26.4856 8.99066 2.4
      vertex -26.4856 8.99066 4.1
    endloop
  endfacet
  facet normal 0.956942 -0.29028 0
    outer loop
      vertex -26.4856 8.99066 2.4
      vertex -27.0169 7.23917 4.1
      vertex -27.0169 7.23917 2.4
    endloop
  endfacet
  facet normal -0.999464 -0.0327269 0
    outer loop
      vertex 27.97 0 2.4
      vertex 27.9101 1.82932 4.1
      vertex 27.9101 1.82932 2.4
    endloop
  endfacet
  facet normal -0.999464 -0.0327269 0
    outer loop
      vertex 27.9101 1.82932 4.1
      vertex 27.97 0 2.4
      vertex 27.97 0 4.1
    endloop
  endfacet
  facet normal 0.999464 0.0327269 0
    outer loop
      vertex -27.9101 -1.82932 4.1
      vertex -27.97 0 2.4
      vertex -27.97 0 4.1
    endloop
  endfacet
  facet normal 0.999464 0.0327269 0
    outer loop
      vertex -27.97 0 2.4
      vertex -27.9101 -1.82932 4.1
      vertex -27.9101 -1.82932 2.4
    endloop
  endfacet
  facet normal -0.973867 -0.227119 0
    outer loop
      vertex 27.4326 5.45668 2.4
      vertex 27.0169 7.23917 4.1
      vertex 27.0169 7.23917 2.4
    endloop
  endfacet
  facet normal -0.973867 -0.227119 0
    outer loop
      vertex 27.0169 7.23917 4.1
      vertex 27.4326 5.45668 2.4
      vertex 27.4326 5.45668 4.1
    endloop
  endfacet
  facet normal -0.995185 -0.098016 0
    outer loop
      vertex 27.9101 1.82932 2.4
      vertex 27.7307 3.65082 4.1
      vertex 27.7307 3.65082 2.4
    endloop
  endfacet
  facet normal -0.995185 -0.098016 0
    outer loop
      vertex 27.7307 3.65082 4.1
      vertex 27.9101 1.82932 2.4
      vertex 27.9101 1.82932 4.1
    endloop
  endfacet
  facet normal 0.412728 -0.910854 0
    outer loop
      vertex -12.3708 25.0855 2.4
      vertex -10.7037 25.8409 4.1
      vertex -12.3708 25.0855 4.1
    endloop
  endfacet
  facet normal 0.412728 -0.910854 0
    outer loop
      vertex -10.7037 25.8409 4.1
      vertex -12.3708 25.0855 2.4
      vertex -10.7037 25.8409 2.4
    endloop
  endfacet
  facet normal 0.881923 0.471393 0
    outer loop
      vertex -24.2227 -13.985 4.1
      vertex -25.0855 -12.3708 2.4
      vertex -25.0855 -12.3708 4.1
    endloop
  endfacet
  facet normal 0.881923 0.471393 0
    outer loop
      vertex -25.0855 -12.3708 2.4
      vertex -24.2227 -13.985 4.1
      vertex -24.2227 -13.985 2.4
    endloop
  endfacet
  facet normal 0.098016 0.995185 -0
    outer loop
      vertex -1.82932 -27.9101 2.4
      vertex -3.65082 -27.7307 4.1
      vertex -1.82932 -27.9101 4.1
    endloop
  endfacet
  facet normal 0.098016 0.995185 0
    outer loop
      vertex -3.65082 -27.7307 4.1
      vertex -1.82932 -27.9101 2.4
      vertex -3.65082 -27.7307 2.4
    endloop
  endfacet
  facet normal -0.910854 -0.412728 0
    outer loop
      vertex 25.8409 10.7037 2.4
      vertex 25.0855 12.3708 4.1
      vertex 25.0855 12.3708 2.4
    endloop
  endfacet
  facet normal -0.910854 -0.412728 0
    outer loop
      vertex 25.0855 12.3708 4.1
      vertex 25.8409 10.7037 2.4
      vertex 25.8409 10.7037 4.1
    endloop
  endfacet
  facet normal 0.935914 0.35223 0
    outer loop
      vertex -25.8409 -10.7037 4.1
      vertex -26.4856 -8.99066 2.4
      vertex -26.4856 -8.99066 4.1
    endloop
  endfacet
  facet normal 0.935914 0.35223 0
    outer loop
      vertex -26.4856 -8.99066 2.4
      vertex -25.8409 -10.7037 4.1
      vertex -25.8409 -10.7037 2.4
    endloop
  endfacet
  facet normal 0.227119 -0.973867 0
    outer loop
      vertex -7.23917 27.0169 2.4
      vertex -5.45668 27.4326 4.1
      vertex -7.23917 27.0169 4.1
    endloop
  endfacet
  facet normal 0.227119 -0.973867 0
    outer loop
      vertex -5.45668 27.4326 4.1
      vertex -7.23917 27.0169 2.4
      vertex -5.45668 27.4326 2.4
    endloop
  endfacet
  facet normal 0.0327269 -0.999464 0
    outer loop
      vertex -1.82932 27.9101 2.4
      vertex 0 27.97 4.1
      vertex -1.82932 27.9101 4.1
    endloop
  endfacet
  facet normal 0.0327269 -0.999464 0
    outer loop
      vertex 0 27.97 4.1
      vertex -1.82932 27.9101 2.4
      vertex 0 27.97 2.4
    endloop
  endfacet
  facet normal 0.35223 -0.935914 0
    outer loop
      vertex -10.7037 25.8409 2.4
      vertex -8.99066 26.4856 4.1
      vertex -10.7037 25.8409 4.1
    endloop
  endfacet
  facet normal 0.35223 -0.935914 0
    outer loop
      vertex -8.99066 26.4856 4.1
      vertex -10.7037 25.8409 2.4
      vertex -8.99066 26.4856 2.4
    endloop
  endfacet
  facet normal 0.773009 -0.634394 0
    outer loop
      vertex -22.1901 17.0271 4.1
      vertex -21.029 18.4419 2.4
      vertex -21.029 18.4419 4.1
    endloop
  endfacet
  facet normal 0.773009 -0.634394 0
    outer loop
      vertex -21.029 18.4419 2.4
      vertex -22.1901 17.0271 4.1
      vertex -22.1901 17.0271 2.4
    endloop
  endfacet
  facet normal 0.68359 -0.729866 0
    outer loop
      vertex -19.7778 19.7778 2.4
      vertex -18.4419 21.029 4.1
      vertex -19.7778 19.7778 4.1
    endloop
  endfacet
  facet normal 0.68359 -0.729866 0
    outer loop
      vertex -18.4419 21.029 4.1
      vertex -19.7778 19.7778 2.4
      vertex -18.4419 21.029 2.4
    endloop
  endfacet
  facet normal -0.956942 0.29028 0
    outer loop
      vertex 26.4856 -8.99066 2.4
      vertex 27.0169 -7.23917 4.1
      vertex 27.0169 -7.23917 2.4
    endloop
  endfacet
  facet normal -0.956942 0.29028 0
    outer loop
      vertex 27.0169 -7.23917 4.1
      vertex 26.4856 -8.99066 2.4
      vertex 26.4856 -8.99066 4.1
    endloop
  endfacet
  facet normal 0.995185 -0.098016 0
    outer loop
      vertex -27.9101 1.82932 4.1
      vertex -27.7307 3.65082 2.4
      vertex -27.7307 3.65082 4.1
    endloop
  endfacet
  facet normal 0.995185 -0.098016 0
    outer loop
      vertex -27.7307 3.65082 2.4
      vertex -27.9101 1.82932 4.1
      vertex -27.9101 1.82932 2.4
    endloop
  endfacet
  facet normal 0.729866 -0.68359 0
    outer loop
      vertex -21.029 18.4419 4.1
      vertex -19.7778 19.7778 2.4
      vertex -19.7778 19.7778 4.1
    endloop
  endfacet
  facet normal 0.729866 -0.68359 0
    outer loop
      vertex -19.7778 19.7778 2.4
      vertex -21.029 18.4419 4.1
      vertex -21.029 18.4419 2.4
    endloop
  endfacet
  facet normal 0.471393 -0.881923 0
    outer loop
      vertex -13.985 24.2227 2.4
      vertex -12.3708 25.0855 4.1
      vertex -13.985 24.2227 4.1
    endloop
  endfacet
  facet normal 0.471393 -0.881923 0
    outer loop
      vertex -12.3708 25.0855 4.1
      vertex -13.985 24.2227 2.4
      vertex -12.3708 25.0855 2.4
    endloop
  endfacet
  facet normal -0.35223 0.935914 0
    outer loop
      vertex 10.7037 -25.8409 2.4
      vertex 8.99066 -26.4856 4.1
      vertex 10.7037 -25.8409 4.1
    endloop
  endfacet
  facet normal -0.35223 0.935914 0
    outer loop
      vertex 8.99066 -26.4856 4.1
      vertex 10.7037 -25.8409 2.4
      vertex 8.99066 -26.4856 2.4
    endloop
  endfacet
  facet normal -0.68359 0.729866 0
    outer loop
      vertex 19.7778 -19.7778 2.4
      vertex 18.4419 -21.029 4.1
      vertex 19.7778 -19.7778 4.1
    endloop
  endfacet
  facet normal -0.68359 0.729866 0
    outer loop
      vertex 18.4419 -21.029 4.1
      vertex 19.7778 -19.7778 2.4
      vertex 18.4419 -21.029 2.4
    endloop
  endfacet
  facet normal -0.471393 -0.881923 0
    outer loop
      vertex 12.3708 25.0855 2.4
      vertex 13.985 24.2227 4.1
      vertex 12.3708 25.0855 4.1
    endloop
  endfacet
  facet normal -0.471393 -0.881923 -0
    outer loop
      vertex 13.985 24.2227 4.1
      vertex 12.3708 25.0855 2.4
      vertex 13.985 24.2227 2.4
    endloop
  endfacet
  facet normal -0.935914 0.35223 0
    outer loop
      vertex 25.8409 -10.7037 2.4
      vertex 26.4856 -8.99066 4.1
      vertex 26.4856 -8.99066 2.4
    endloop
  endfacet
  facet normal -0.935914 0.35223 0
    outer loop
      vertex 26.4856 -8.99066 4.1
      vertex 25.8409 -10.7037 2.4
      vertex 25.8409 -10.7037 4.1
    endloop
  endfacet
  facet normal -0.68359 -0.729866 0
    outer loop
      vertex 18.4419 21.029 2.4
      vertex 19.7778 19.7778 4.1
      vertex 18.4419 21.029 4.1
    endloop
  endfacet
  facet normal -0.68359 -0.729866 -0
    outer loop
      vertex 19.7778 19.7778 4.1
      vertex 18.4419 21.029 2.4
      vertex 19.7778 19.7778 2.4
    endloop
  endfacet
  facet normal 0.773009 0.634394 0
    outer loop
      vertex -21.029 -18.4419 4.1
      vertex -22.1901 -17.0271 2.4
      vertex -22.1901 -17.0271 4.1
    endloop
  endfacet
  facet normal 0.773009 0.634394 0
    outer loop
      vertex -22.1901 -17.0271 2.4
      vertex -21.029 -18.4419 4.1
      vertex -21.029 -18.4419 2.4
    endloop
  endfacet
  facet normal -0.812858 -0.582462 0
    outer loop
      vertex 23.2562 15.5393 2.4
      vertex 22.1901 17.0271 4.1
      vertex 22.1901 17.0271 2.4
    endloop
  endfacet
  facet normal -0.812858 -0.582462 0
    outer loop
      vertex 22.1901 17.0271 4.1
      vertex 23.2562 15.5393 2.4
      vertex 23.2562 15.5393 4.1
    endloop
  endfacet
  facet normal 0.986648 0.16287 0
    outer loop
      vertex -27.4326 -5.45668 4.1
      vertex -27.7307 -3.65082 2.4
      vertex -27.7307 -3.65082 4.1
    endloop
  endfacet
  facet normal 0.986648 0.16287 0
    outer loop
      vertex -27.7307 -3.65082 2.4
      vertex -27.4326 -5.45668 4.1
      vertex -27.4326 -5.45668 2.4
    endloop
  endfacet
  facet normal 0.634394 -0.773009 0
    outer loop
      vertex -18.4419 21.029 2.4
      vertex -17.0271 22.1901 4.1
      vertex -18.4419 21.029 4.1
    endloop
  endfacet
  facet normal 0.634394 -0.773009 0
    outer loop
      vertex -17.0271 22.1901 4.1
      vertex -18.4419 21.029 2.4
      vertex -17.0271 22.1901 2.4
    endloop
  endfacet
  facet normal -0.0327269 -0.999464 0
    outer loop
      vertex 0 27.97 2.4
      vertex 1.82932 27.9101 4.1
      vertex 0 27.97 4.1
    endloop
  endfacet
  facet normal -0.0327269 -0.999464 -0
    outer loop
      vertex 1.82932 27.9101 4.1
      vertex 0 27.97 2.4
      vertex 1.82932 27.9101 2.4
    endloop
  endfacet
  facet normal -0.881923 -0.471393 0
    outer loop
      vertex 25.0855 12.3708 2.4
      vertex 24.2227 13.985 4.1
      vertex 24.2227 13.985 2.4
    endloop
  endfacet
  facet normal -0.881923 -0.471393 0
    outer loop
      vertex 24.2227 13.985 4.1
      vertex 25.0855 12.3708 2.4
      vertex 25.0855 12.3708 4.1
    endloop
  endfacet
  facet normal 0.098016 -0.995185 0
    outer loop
      vertex -3.65082 27.7307 2.4
      vertex -1.82932 27.9101 4.1
      vertex -3.65082 27.7307 4.1
    endloop
  endfacet
  facet normal 0.098016 -0.995185 0
    outer loop
      vertex -1.82932 27.9101 4.1
      vertex -3.65082 27.7307 2.4
      vertex -1.82932 27.9101 2.4
    endloop
  endfacet
  facet normal -0.956942 -0.29028 0
    outer loop
      vertex 27.0169 7.23917 2.4
      vertex 26.4856 8.99066 4.1
      vertex 26.4856 8.99066 2.4
    endloop
  endfacet
  facet normal -0.956942 -0.29028 0
    outer loop
      vertex 26.4856 8.99066 4.1
      vertex 27.0169 7.23917 2.4
      vertex 27.0169 7.23917 4.1
    endloop
  endfacet
  facet normal -0.098016 0.995185 0
    outer loop
      vertex 3.65082 -27.7307 2.4
      vertex 1.82932 -27.9101 4.1
      vertex 3.65082 -27.7307 4.1
    endloop
  endfacet
  facet normal -0.098016 0.995185 0
    outer loop
      vertex 1.82932 -27.9101 4.1
      vertex 3.65082 -27.7307 2.4
      vertex 1.82932 -27.9101 2.4
    endloop
  endfacet
  facet normal 0.634394 0.773009 -0
    outer loop
      vertex -17.0271 -22.1901 2.4
      vertex -18.4419 -21.029 4.1
      vertex -17.0271 -22.1901 4.1
    endloop
  endfacet
  facet normal 0.634394 0.773009 0
    outer loop
      vertex -18.4419 -21.029 4.1
      vertex -17.0271 -22.1901 2.4
      vertex -18.4419 -21.029 2.4
    endloop
  endfacet
  facet normal 0.16287 0.986648 -0
    outer loop
      vertex -3.65082 -27.7307 2.4
      vertex -5.45668 -27.4326 4.1
      vertex -3.65082 -27.7307 4.1
    endloop
  endfacet
  facet normal 0.16287 0.986648 0
    outer loop
      vertex -5.45668 -27.4326 4.1
      vertex -3.65082 -27.7307 2.4
      vertex -5.45668 -27.4326 2.4
    endloop
  endfacet
  facet normal -0.098016 -0.995185 0
    outer loop
      vertex 1.82932 27.9101 2.4
      vertex 3.65082 27.7307 4.1
      vertex 1.82932 27.9101 4.1
    endloop
  endfacet
  facet normal -0.098016 -0.995185 -0
    outer loop
      vertex 3.65082 27.7307 4.1
      vertex 1.82932 27.9101 2.4
      vertex 3.65082 27.7307 2.4
    endloop
  endfacet
  facet normal -0.528058 -0.849209 0
    outer loop
      vertex 13.985 24.2227 2.4
      vertex 15.5393 23.2562 4.1
      vertex 13.985 24.2227 4.1
    endloop
  endfacet
  facet normal -0.528058 -0.849209 -0
    outer loop
      vertex 15.5393 23.2562 4.1
      vertex 13.985 24.2227 2.4
      vertex 15.5393 23.2562 2.4
    endloop
  endfacet
  facet normal 0.812858 0.582462 0
    outer loop
      vertex -22.1901 -17.0271 4.1
      vertex -23.2562 -15.5393 2.4
      vertex -23.2562 -15.5393 4.1
    endloop
  endfacet
  facet normal 0.812858 0.582462 0
    outer loop
      vertex -23.2562 -15.5393 2.4
      vertex -22.1901 -17.0271 4.1
      vertex -22.1901 -17.0271 2.4
    endloop
  endfacet
  facet normal 0.582462 -0.812858 0
    outer loop
      vertex -17.0271 22.1901 2.4
      vertex -15.5393 23.2562 4.1
      vertex -17.0271 22.1901 4.1
    endloop
  endfacet
  facet normal 0.582462 -0.812858 0
    outer loop
      vertex -15.5393 23.2562 4.1
      vertex -17.0271 22.1901 2.4
      vertex -15.5393 23.2562 2.4
    endloop
  endfacet
  facet normal -0.528058 0.849209 0
    outer loop
      vertex 15.5393 -23.2562 2.4
      vertex 13.985 -24.2227 4.1
      vertex 15.5393 -23.2562 4.1
    endloop
  endfacet
  facet normal -0.528058 0.849209 0
    outer loop
      vertex 13.985 -24.2227 4.1
      vertex 15.5393 -23.2562 2.4
      vertex 13.985 -24.2227 2.4
    endloop
  endfacet
  facet normal -0.582462 -0.812858 0
    outer loop
      vertex 15.5393 23.2562 2.4
      vertex 17.0271 22.1901 4.1
      vertex 15.5393 23.2562 4.1
    endloop
  endfacet
  facet normal -0.582462 -0.812858 -0
    outer loop
      vertex 17.0271 22.1901 4.1
      vertex 15.5393 23.2562 2.4
      vertex 17.0271 22.1901 2.4
    endloop
  endfacet
  facet normal 0.68359 0.729866 -0
    outer loop
      vertex -18.4419 -21.029 2.4
      vertex -19.7778 -19.7778 4.1
      vertex -18.4419 -21.029 4.1
    endloop
  endfacet
  facet normal 0.68359 0.729866 0
    outer loop
      vertex -19.7778 -19.7778 4.1
      vertex -18.4419 -21.029 2.4
      vertex -19.7778 -19.7778 2.4
    endloop
  endfacet
  facet normal -0.0326879 0.999466 0
    outer loop
      vertex 1.82932 -27.9101 2.4
      vertex 1.6 -27.9176 4.1
      vertex 1.82932 -27.9101 4.1
    endloop
  endfacet
  facet normal -0.0326879 0.999466 0
    outer loop
      vertex 1.6 -27.9176 4.1
      vertex 1.82932 -27.9101 2.4
      vertex 1.6 -27.9176 2.4
    endloop
  endfacet
  facet normal 0.956942 0.29028 0
    outer loop
      vertex -26.4856 -8.99066 4.1
      vertex -27.0169 -7.23917 2.4
      vertex -27.0169 -7.23917 4.1
    endloop
  endfacet
  facet normal 0.956942 0.29028 0
    outer loop
      vertex -27.0169 -7.23917 2.4
      vertex -26.4856 -8.99066 4.1
      vertex -26.4856 -8.99066 2.4
    endloop
  endfacet
  facet normal 0.582462 0.812858 -0
    outer loop
      vertex -15.5393 -23.2562 2.4
      vertex -17.0271 -22.1901 4.1
      vertex -15.5393 -23.2562 4.1
    endloop
  endfacet
  facet normal 0.582462 0.812858 0
    outer loop
      vertex -17.0271 -22.1901 4.1
      vertex -15.5393 -23.2562 2.4
      vertex -17.0271 -22.1901 2.4
    endloop
  endfacet
  facet normal -0.812858 0.582462 0
    outer loop
      vertex 22.1901 -17.0271 2.4
      vertex 23.2562 -15.5393 4.1
      vertex 23.2562 -15.5393 2.4
    endloop
  endfacet
  facet normal -0.812858 0.582462 0
    outer loop
      vertex 23.2562 -15.5393 4.1
      vertex 22.1901 -17.0271 2.4
      vertex 22.1901 -17.0271 4.1
    endloop
  endfacet
  facet normal 0.999464 -0.0327269 0
    outer loop
      vertex -27.97 0 4.1
      vertex -27.9101 1.82932 2.4
      vertex -27.9101 1.82932 4.1
    endloop
  endfacet
  facet normal 0.999464 -0.0327269 0
    outer loop
      vertex -27.9101 1.82932 2.4
      vertex -27.97 0 4.1
      vertex -27.97 0 2.4
    endloop
  endfacet
  facet normal 0.227119 0.973867 -0
    outer loop
      vertex -5.45668 -27.4326 2.4
      vertex -7.23917 -27.0169 4.1
      vertex -5.45668 -27.4326 4.1
    endloop
  endfacet
  facet normal 0.227119 0.973867 0
    outer loop
      vertex -7.23917 -27.0169 4.1
      vertex -5.45668 -27.4326 2.4
      vertex -7.23917 -27.0169 2.4
    endloop
  endfacet
  facet normal -0.29028 -0.956942 0
    outer loop
      vertex 7.23917 27.0169 2.4
      vertex 8.99066 26.4856 4.1
      vertex 7.23917 27.0169 4.1
    endloop
  endfacet
  facet normal -0.29028 -0.956942 -0
    outer loop
      vertex 8.99066 26.4856 4.1
      vertex 7.23917 27.0169 2.4
      vertex 8.99066 26.4856 2.4
    endloop
  endfacet
  facet normal -0.910854 0.412728 0
    outer loop
      vertex 25.0855 -12.3708 2.4
      vertex 25.8409 -10.7037 4.1
      vertex 25.8409 -10.7037 2.4
    endloop
  endfacet
  facet normal -0.910854 0.412728 0
    outer loop
      vertex 25.8409 -10.7037 4.1
      vertex 25.0855 -12.3708 2.4
      vertex 25.0855 -12.3708 4.1
    endloop
  endfacet
  facet normal 0.729866 0.68359 0
    outer loop
      vertex -19.7778 -19.7778 4.1
      vertex -21.029 -18.4419 2.4
      vertex -21.029 -18.4419 4.1
    endloop
  endfacet
  facet normal 0.729866 0.68359 0
    outer loop
      vertex -21.029 -18.4419 2.4
      vertex -19.7778 -19.7778 4.1
      vertex -19.7778 -19.7778 2.4
    endloop
  endfacet
  facet normal -0.729866 -0.68359 0
    outer loop
      vertex 21.029 18.4419 2.4
      vertex 19.7778 19.7778 4.1
      vertex 19.7778 19.7778 2.4
    endloop
  endfacet
  facet normal -0.729866 -0.68359 0
    outer loop
      vertex 19.7778 19.7778 4.1
      vertex 21.029 18.4419 2.4
      vertex 21.029 18.4419 4.1
    endloop
  endfacet
  facet normal 0.412728 0.910854 -0
    outer loop
      vertex -10.7037 -25.8409 2.4
      vertex -12.3708 -25.0855 4.1
      vertex -10.7037 -25.8409 4.1
    endloop
  endfacet
  facet normal 0.412728 0.910854 0
    outer loop
      vertex -12.3708 -25.0855 4.1
      vertex -10.7037 -25.8409 2.4
      vertex -12.3708 -25.0855 2.4
    endloop
  endfacet
  facet normal -0.471393 0.881923 0
    outer loop
      vertex 13.985 -24.2227 2.4
      vertex 12.3708 -25.0855 4.1
      vertex 13.985 -24.2227 4.1
    endloop
  endfacet
  facet normal -0.471393 0.881923 0
    outer loop
      vertex 12.3708 -25.0855 4.1
      vertex 13.985 -24.2227 2.4
      vertex 12.3708 -25.0855 2.4
    endloop
  endfacet
  facet normal 0.849209 -0.528058 0
    outer loop
      vertex -24.2227 13.985 4.1
      vertex -23.2562 15.5393 2.4
      vertex -23.2562 15.5393 4.1
    endloop
  endfacet
  facet normal 0.849209 -0.528058 0
    outer loop
      vertex -23.2562 15.5393 2.4
      vertex -24.2227 13.985 4.1
      vertex -24.2227 13.985 2.4
    endloop
  endfacet
  facet normal -0.773009 0.634394 0
    outer loop
      vertex 21.029 -18.4419 2.4
      vertex 22.1901 -17.0271 4.1
      vertex 22.1901 -17.0271 2.4
    endloop
  endfacet
  facet normal -0.773009 0.634394 0
    outer loop
      vertex 22.1901 -17.0271 4.1
      vertex 21.029 -18.4419 2.4
      vertex 21.029 -18.4419 4.1
    endloop
  endfacet
  facet normal -0.227119 0.973867 0
    outer loop
      vertex 7.23917 -27.0169 2.4
      vertex 5.45668 -27.4326 4.1
      vertex 7.23917 -27.0169 4.1
    endloop
  endfacet
  facet normal -0.227119 0.973867 0
    outer loop
      vertex 5.45668 -27.4326 4.1
      vertex 7.23917 -27.0169 2.4
      vertex 5.45668 -27.4326 2.4
    endloop
  endfacet
  facet normal -0.999464 0.0327269 0
    outer loop
      vertex 27.9101 -1.82932 2.4
      vertex 27.97 0 4.1
      vertex 27.97 0 2.4
    endloop
  endfacet
  facet normal -0.999464 0.0327269 0
    outer loop
      vertex 27.97 0 4.1
      vertex 27.9101 -1.82932 2.4
      vertex 27.9101 -1.82932 4.1
    endloop
  endfacet
  facet normal -0.412728 0.910854 0
    outer loop
      vertex 12.3708 -25.0855 2.4
      vertex 10.7037 -25.8409 4.1
      vertex 12.3708 -25.0855 4.1
    endloop
  endfacet
  facet normal -0.412728 0.910854 0
    outer loop
      vertex 10.7037 -25.8409 4.1
      vertex 12.3708 -25.0855 2.4
      vertex 10.7037 -25.8409 2.4
    endloop
  endfacet
  facet normal 0.935914 -0.35223 0
    outer loop
      vertex -26.4856 8.99066 4.1
      vertex -25.8409 10.7037 2.4
      vertex -25.8409 10.7037 4.1
    endloop
  endfacet
  facet normal 0.935914 -0.35223 0
    outer loop
      vertex -25.8409 10.7037 2.4
      vertex -26.4856 8.99066 4.1
      vertex -26.4856 8.99066 2.4
    endloop
  endfacet
  facet normal 0.986648 -0.16287 0
    outer loop
      vertex -27.7307 3.65082 4.1
      vertex -27.4326 5.45668 2.4
      vertex -27.4326 5.45668 4.1
    endloop
  endfacet
  facet normal 0.986648 -0.16287 0
    outer loop
      vertex -27.4326 5.45668 2.4
      vertex -27.7307 3.65082 4.1
      vertex -27.7307 3.65082 2.4
    endloop
  endfacet
  facet normal -0.29028 0.956942 0
    outer loop
      vertex 8.99066 -26.4856 2.4
      vertex 7.23917 -27.0169 4.1
      vertex 8.99066 -26.4856 4.1
    endloop
  endfacet
  facet normal -0.29028 0.956942 0
    outer loop
      vertex 7.23917 -27.0169 4.1
      vertex 8.99066 -26.4856 2.4
      vertex 7.23917 -27.0169 2.4
    endloop
  endfacet
  facet normal 0.29028 0.956942 -0
    outer loop
      vertex -7.23917 -27.0169 2.4
      vertex -8.99066 -26.4856 4.1
      vertex -7.23917 -27.0169 4.1
    endloop
  endfacet
  facet normal 0.29028 0.956942 0
    outer loop
      vertex -8.99066 -26.4856 4.1
      vertex -7.23917 -27.0169 2.4
      vertex -8.99066 -26.4856 2.4
    endloop
  endfacet
  facet normal -0.773009 -0.634394 0
    outer loop
      vertex 22.1901 17.0271 2.4
      vertex 21.029 18.4419 4.1
      vertex 21.029 18.4419 2.4
    endloop
  endfacet
  facet normal -0.773009 -0.634394 0
    outer loop
      vertex 21.029 18.4419 4.1
      vertex 22.1901 17.0271 2.4
      vertex 22.1901 17.0271 4.1
    endloop
  endfacet
  facet normal 0.471393 0.881923 -0
    outer loop
      vertex -12.3708 -25.0855 2.4
      vertex -13.985 -24.2227 4.1
      vertex -12.3708 -25.0855 4.1
    endloop
  endfacet
  facet normal 0.471393 0.881923 0
    outer loop
      vertex -13.985 -24.2227 4.1
      vertex -12.3708 -25.0855 2.4
      vertex -13.985 -24.2227 2.4
    endloop
  endfacet
  facet normal -0.849209 -0.528058 0
    outer loop
      vertex 24.2227 13.985 2.4
      vertex 23.2562 15.5393 4.1
      vertex 23.2562 15.5393 2.4
    endloop
  endfacet
  facet normal -0.849209 -0.528058 0
    outer loop
      vertex 23.2562 15.5393 4.1
      vertex 24.2227 13.985 2.4
      vertex 24.2227 13.985 4.1
    endloop
  endfacet
  facet normal 0.849209 0.528058 0
    outer loop
      vertex -23.2562 -15.5393 4.1
      vertex -24.2227 -13.985 2.4
      vertex -24.2227 -13.985 4.1
    endloop
  endfacet
  facet normal 0.849209 0.528058 0
    outer loop
      vertex -24.2227 -13.985 2.4
      vertex -23.2562 -15.5393 4.1
      vertex -23.2562 -15.5393 2.4
    endloop
  endfacet
  facet normal 0.0326879 0.999466 -0
    outer loop
      vertex -1.6 -27.9176 2.4
      vertex -1.82932 -27.9101 4.1
      vertex -1.6 -27.9176 4.1
    endloop
  endfacet
  facet normal 0.0326879 0.999466 0
    outer loop
      vertex -1.82932 -27.9101 4.1
      vertex -1.6 -27.9176 2.4
      vertex -1.82932 -27.9101 2.4
    endloop
  endfacet
  facet normal 0.528058 -0.849209 0
    outer loop
      vertex -15.5393 23.2562 2.4
      vertex -13.985 24.2227 4.1
      vertex -15.5393 23.2562 4.1
    endloop
  endfacet
  facet normal 0.528058 -0.849209 0
    outer loop
      vertex -13.985 24.2227 4.1
      vertex -15.5393 23.2562 2.4
      vertex -13.985 24.2227 2.4
    endloop
  endfacet
  facet normal -0.986648 0.16287 0
    outer loop
      vertex 27.4326 -5.45668 2.4
      vertex 27.7307 -3.65082 4.1
      vertex 27.7307 -3.65082 2.4
    endloop
  endfacet
  facet normal -0.986648 0.16287 0
    outer loop
      vertex 27.7307 -3.65082 4.1
      vertex 27.4326 -5.45668 2.4
      vertex 27.4326 -5.45668 4.1
    endloop
  endfacet
  facet normal 0.995185 0.098016 0
    outer loop
      vertex -27.7307 -3.65082 4.1
      vertex -27.9101 -1.82932 2.4
      vertex -27.9101 -1.82932 4.1
    endloop
  endfacet
  facet normal 0.995185 0.098016 0
    outer loop
      vertex -27.9101 -1.82932 2.4
      vertex -27.7307 -3.65082 4.1
      vertex -27.7307 -3.65082 2.4
    endloop
  endfacet
  facet normal -0.849209 0.528058 0
    outer loop
      vertex 23.2562 -15.5393 2.4
      vertex 24.2227 -13.985 4.1
      vertex 24.2227 -13.985 2.4
    endloop
  endfacet
  facet normal -0.849209 0.528058 0
    outer loop
      vertex 24.2227 -13.985 4.1
      vertex 23.2562 -15.5393 2.4
      vertex 23.2562 -15.5393 4.1
    endloop
  endfacet
  facet normal -0.973867 0.227119 0
    outer loop
      vertex 27.0169 -7.23917 2.4
      vertex 27.4326 -5.45668 4.1
      vertex 27.4326 -5.45668 2.4
    endloop
  endfacet
  facet normal -0.973867 0.227119 0
    outer loop
      vertex 27.4326 -5.45668 4.1
      vertex 27.0169 -7.23917 2.4
      vertex 27.0169 -7.23917 4.1
    endloop
  endfacet
  facet normal -0.227119 -0.973867 0
    outer loop
      vertex 5.45668 27.4326 2.4
      vertex 7.23917 27.0169 4.1
      vertex 5.45668 27.4326 4.1
    endloop
  endfacet
  facet normal -0.227119 -0.973867 -0
    outer loop
      vertex 7.23917 27.0169 4.1
      vertex 5.45668 27.4326 2.4
      vertex 7.23917 27.0169 2.4
    endloop
  endfacet
  facet normal -0.881923 0.471393 0
    outer loop
      vertex 24.2227 -13.985 2.4
      vertex 25.0855 -12.3708 4.1
      vertex 25.0855 -12.3708 2.4
    endloop
  endfacet
  facet normal -0.881923 0.471393 0
    outer loop
      vertex 25.0855 -12.3708 4.1
      vertex 24.2227 -13.985 2.4
      vertex 24.2227 -13.985 4.1
    endloop
  endfacet
  facet normal 0.812858 -0.582462 0
    outer loop
      vertex -23.2562 15.5393 4.1
      vertex -22.1901 17.0271 2.4
      vertex -22.1901 17.0271 4.1
    endloop
  endfacet
  facet normal 0.812858 -0.582462 0
    outer loop
      vertex -22.1901 17.0271 2.4
      vertex -23.2562 15.5393 4.1
      vertex -23.2562 15.5393 2.4
    endloop
  endfacet
  facet normal -0.35223 -0.935914 0
    outer loop
      vertex 8.99066 26.4856 2.4
      vertex 10.7037 25.8409 4.1
      vertex 8.99066 26.4856 4.1
    endloop
  endfacet
  facet normal -0.35223 -0.935914 -0
    outer loop
      vertex 10.7037 25.8409 4.1
      vertex 8.99066 26.4856 2.4
      vertex 10.7037 25.8409 2.4
    endloop
  endfacet
  facet normal 0.910854 -0.412728 0
    outer loop
      vertex -25.8409 10.7037 4.1
      vertex -25.0855 12.3708 2.4
      vertex -25.0855 12.3708 4.1
    endloop
  endfacet
  facet normal 0.910854 -0.412728 0
    outer loop
      vertex -25.0855 12.3708 2.4
      vertex -25.8409 10.7037 4.1
      vertex -25.8409 10.7037 2.4
    endloop
  endfacet
  facet normal 0.35223 0.935914 -0
    outer loop
      vertex -8.99066 -26.4856 2.4
      vertex -10.7037 -25.8409 4.1
      vertex -8.99066 -26.4856 4.1
    endloop
  endfacet
  facet normal 0.35223 0.935914 0
    outer loop
      vertex -10.7037 -25.8409 4.1
      vertex -8.99066 -26.4856 2.4
      vertex -10.7037 -25.8409 2.4
    endloop
  endfacet
  facet normal 0.528058 0.849209 -0
    outer loop
      vertex -13.985 -24.2227 2.4
      vertex -15.5393 -23.2562 4.1
      vertex -13.985 -24.2227 4.1
    endloop
  endfacet
  facet normal 0.528058 0.849209 0
    outer loop
      vertex -15.5393 -23.2562 4.1
      vertex -13.985 -24.2227 2.4
      vertex -15.5393 -23.2562 2.4
    endloop
  endfacet
  facet normal 0 0 1
    outer loop
      vertex 24.2 0 2.4
      vertex 27.97 0 2.4
      vertex 27.9101 1.82932 2.4
    endloop
  endfacet
  facet normal 0 0 1
    outer loop
      vertex 24.1482 1.58276 2.4
      vertex 27.9101 1.82932 2.4
      vertex 27.7307 3.65082 2.4
    endloop
  endfacet
  facet normal 0 0 1
    outer loop
      vertex 27.97 0 2.4
      vertex 24.2 0 2.4
      vertex 27.9101 -1.82932 2.4
    endloop
  endfacet
  facet normal 0 0 1
    outer loop
      vertex 23.993 3.15873 2.4
      vertex 27.7307 3.65082 2.4
      vertex 27.4326 5.45668 2.4
    endloop
  endfacet
  facet normal -0 0 1
    outer loop
      vertex 24.1482 -1.58276 2.4
      vertex 27.9101 -1.82932 2.4
      vertex 24.2 0 2.4
    endloop
  endfacet
  facet normal 0 0 1
    outer loop
      vertex 23.735 4.72119 2.4
      vertex 27.4326 5.45668 2.4
      vertex 27.0169 7.23917 2.4
    endloop
  endfacet
  facet normal 0 0 1
    outer loop
      vertex 27.9101 -1.82932 2.4
      vertex 24.1482 -1.58276 2.4
      vertex 27.7307 -3.65082 2.4
    endloop
  endfacet
  facet normal 0 0 1
    outer loop
      vertex 23.3754 6.26342 2.4
      vertex 27.0169 7.23917 2.4
      vertex 26.4856 8.99066 2.4
    endloop
  endfacet
  facet normal -0 0 1
    outer loop
      vertex 23.993 -3.15873 2.4
      vertex 27.7307 -3.65082 2.4
      vertex 24.1482 -1.58276 2.4
    endloop
  endfacet
  facet normal 0 0 1
    outer loop
      vertex 22.9157 7.77883 2.4
      vertex 26.4856 8.99066 2.4
      vertex 25.8409 10.7037 2.4
    endloop
  endfacet
  facet normal 0 0 1
    outer loop
      vertex 27.7307 -3.65082 2.4
      vertex 23.993 -3.15873 2.4
      vertex 27.4326 -5.45668 2.4
    endloop
  endfacet
  facet normal 0 0 1
    outer loop
      vertex 22.3579 9.26094 2.4
      vertex 25.8409 10.7037 2.4
      vertex 25.0855 12.3708 2.4
    endloop
  endfacet
  facet normal -0 0 1
    outer loop
      vertex 23.735 -4.72119 2.4
      vertex 27.4326 -5.45668 2.4
      vertex 23.993 -3.15873 2.4
    endloop
  endfacet
  facet normal 0 0 1
    outer loop
      vertex 21.7043 10.7034 2.4
      vertex 25.0855 12.3708 2.4
      vertex 24.2227 13.985 2.4
    endloop
  endfacet
  facet normal 0 0 1
    outer loop
      vertex 27.4326 -5.45668 2.4
      vertex 23.735 -4.72119 2.4
      vertex 27.0169 -7.23917 2.4
    endloop
  endfacet
  facet normal -0 0 1
    outer loop
      vertex 23.3754 -6.26342 2.4
      vertex 27.0169 -7.23917 2.4
      vertex 23.735 -4.72119 2.4
    endloop
  endfacet
  facet normal 0 0 1
    outer loop
      vertex 27.9101 1.82932 2.4
      vertex 24.1482 1.58276 2.4
      vertex 24.2 0 2.4
    endloop
  endfacet
  facet normal 0 0 1
    outer loop
      vertex 27.7307 3.65082 2.4
      vertex 23.993 3.15873 2.4
      vertex 24.1482 1.58276 2.4
    endloop
  endfacet
  facet normal 0 0 1
    outer loop
      vertex 27.4326 5.45668 2.4
      vertex 23.735 4.72119 2.4
      vertex 23.993 3.15873 2.4
    endloop
  endfacet
  facet normal 0 0 1
    outer loop
      vertex 27.0169 7.23917 2.4
      vertex 23.3754 6.26342 2.4
      vertex 23.735 4.72119 2.4
    endloop
  endfacet
  facet normal 0 0 1
    outer loop
      vertex 20.9578 12.1 2.4
      vertex 24.2227 13.985 2.4
      vertex 23.2562 15.5393 2.4
    endloop
  endfacet
  facet normal 0 0 1
    outer loop
      vertex 26.4856 8.99066 2.4
      vertex 22.9157 7.77883 2.4
      vertex 23.3754 6.26342 2.4
    endloop
  endfacet
  facet normal 0 0 1
    outer loop
      vertex 25.8409 10.7037 2.4
      vertex 22.3579 9.26094 2.4
      vertex 22.9157 7.77883 2.4
    endloop
  endfacet
  facet normal 0 0 1
    outer loop
      vertex 20.1216 13.4448 2.4
      vertex 23.2562 15.5393 2.4
      vertex 22.1901 17.0271 2.4
    endloop
  endfacet
  facet normal 0 0 1
    outer loop
      vertex 25.0855 12.3708 2.4
      vertex 21.7043 10.7034 2.4
      vertex 22.3579 9.26094 2.4
    endloop
  endfacet
  facet normal 0 0 1
    outer loop
      vertex 19.1992 14.732 2.4
      vertex 22.1901 17.0271 2.4
      vertex 21.029 18.4419 2.4
    endloop
  endfacet
  facet normal 0 0 1
    outer loop
      vertex 24.2227 13.985 2.4
      vertex 20.9578 12.1 2.4
      vertex 21.7043 10.7034 2.4
    endloop
  endfacet
  facet normal 0 0 1
    outer loop
      vertex 23.2562 15.5393 2.4
      vertex 20.1216 13.4448 2.4
      vertex 20.9578 12.1 2.4
    endloop
  endfacet
  facet normal 0 0 1
    outer loop
      vertex 18.1945 15.9562 2.4
      vertex 21.029 18.4419 2.4
      vertex 19.7778 19.7778 2.4
    endloop
  endfacet
  facet normal 0 0 1
    outer loop
      vertex 22.1901 17.0271 2.4
      vertex 19.1992 14.732 2.4
      vertex 20.1216 13.4448 2.4
    endloop
  endfacet
  facet normal 0 0 1
    outer loop
      vertex 17.112 17.112 2.4
      vertex 19.7778 19.7778 2.4
      vertex 18.4419 21.029 2.4
    endloop
  endfacet
  facet normal 0 0 1
    outer loop
      vertex 21.029 18.4419 2.4
      vertex 18.1945 15.9562 2.4
      vertex 19.1992 14.732 2.4
    endloop
  endfacet
  facet normal 0 0 1
    outer loop
      vertex 19.7778 19.7778 2.4
      vertex 17.112 17.112 2.4
      vertex 18.1945 15.9562 2.4
    endloop
  endfacet
  facet normal 0 0 1
    outer loop
      vertex 15.9562 18.1945 2.4
      vertex 18.4419 21.029 2.4
      vertex 17.0271 22.1901 2.4
    endloop
  endfacet
  facet normal 0 0 1
    outer loop
      vertex 18.4419 21.029 2.4
      vertex 15.9562 18.1945 2.4
      vertex 17.112 17.112 2.4
    endloop
  endfacet
  facet normal 0 0 1
    outer loop
      vertex 14.732 19.1992 2.4
      vertex 17.0271 22.1901 2.4
      vertex 15.5393 23.2562 2.4
    endloop
  endfacet
  facet normal 0 0 1
    outer loop
      vertex 17.0271 22.1901 2.4
      vertex 14.732 19.1992 2.4
      vertex 15.9562 18.1945 2.4
    endloop
  endfacet
  facet normal 0 0 1
    outer loop
      vertex 13.4448 20.1216 2.4
      vertex 15.5393 23.2562 2.4
      vertex 13.985 24.2227 2.4
    endloop
  endfacet
  facet normal 0 0 1
    outer loop
      vertex 15.5393 23.2562 2.4
      vertex 13.4448 20.1216 2.4
      vertex 14.732 19.1992 2.4
    endloop
  endfacet
  facet normal 0 0 1
    outer loop
      vertex 12.1 20.9578 2.4
      vertex 13.985 24.2227 2.4
      vertex 12.3708 25.0855 2.4
    endloop
  endfacet
  facet normal 0 0 1
    outer loop
      vertex 13.985 24.2227 2.4
      vertex 12.1 20.9578 2.4
      vertex 13.4448 20.1216 2.4
    endloop
  endfacet
  facet normal 0 0 1
    outer loop
      vertex 10.7034 21.7043 2.4
      vertex 12.3708 25.0855 2.4
      vertex 10.7037 25.8409 2.4
    endloop
  endfacet
  facet normal 0 0 1
    outer loop
      vertex 12.3708 25.0855 2.4
      vertex 10.7034 21.7043 2.4
      vertex 12.1 20.9578 2.4
    endloop
  endfacet
  facet normal 0 0 1
    outer loop
      vertex 10.7037 25.8409 2.4
      vertex 9.26094 22.3579 2.4
      vertex 10.7034 21.7043 2.4
    endloop
  endfacet
  facet normal 0 0 1
    outer loop
      vertex 8.99066 26.4856 2.4
      vertex 9.26094 22.3579 2.4
      vertex 10.7037 25.8409 2.4
    endloop
  endfacet
  facet normal 0 0 1
    outer loop
      vertex 8.99066 26.4856 2.4
      vertex 7.77883 22.9157 2.4
      vertex 9.26094 22.3579 2.4
    endloop
  endfacet
  facet normal 0 0 1
    outer loop
      vertex 7.23917 27.0169 2.4
      vertex 7.77883 22.9157 2.4
      vertex 8.99066 26.4856 2.4
    endloop
  endfacet
  facet normal 0 0 1
    outer loop
      vertex 7.23917 27.0169 2.4
      vertex 6.26342 23.3754 2.4
      vertex 7.77883 22.9157 2.4
    endloop
  endfacet
  facet normal 0 0 1
    outer loop
      vertex 5.45668 27.4326 2.4
      vertex 6.26342 23.3754 2.4
      vertex 7.23917 27.0169 2.4
    endloop
  endfacet
  facet normal 0 0 1
    outer loop
      vertex 5.45668 27.4326 2.4
      vertex 4.72119 23.735 2.4
      vertex 6.26342 23.3754 2.4
    endloop
  endfacet
  facet normal 0 0 1
    outer loop
      vertex 3.65082 27.7307 2.4
      vertex 4.72119 23.735 2.4
      vertex 5.45668 27.4326 2.4
    endloop
  endfacet
  facet normal 0 0 1
    outer loop
      vertex 3.65082 27.7307 2.4
      vertex 3.15873 23.993 2.4
      vertex 4.72119 23.735 2.4
    endloop
  endfacet
  facet normal 0 0 1
    outer loop
      vertex 1.82932 27.9101 2.4
      vertex 3.15873 23.993 2.4
      vertex 3.65082 27.7307 2.4
    endloop
  endfacet
  facet normal 0 0 1
    outer loop
      vertex 1.82932 27.9101 2.4
      vertex 1.58276 24.1482 2.4
      vertex 3.15873 23.993 2.4
    endloop
  endfacet
  facet normal 0 0 1
    outer loop
      vertex 0 27.97 2.4
      vertex 1.58276 24.1482 2.4
      vertex 1.82932 27.9101 2.4
    endloop
  endfacet
  facet normal 0 0 1
    outer loop
      vertex 0 27.97 2.4
      vertex 0 24.2 2.4
      vertex 1.58276 24.1482 2.4
    endloop
  endfacet
  facet normal 0 0 1
    outer loop
      vertex 0 27.97 2.4
      vertex -1.58276 24.1482 2.4
      vertex 0 24.2 2.4
    endloop
  endfacet
  facet normal -0 0 1
    outer loop
      vertex -1.82932 27.9101 2.4
      vertex -1.58276 24.1482 2.4
      vertex 0 27.97 2.4
    endloop
  endfacet
  facet normal 0 0 1
    outer loop
      vertex -1.82932 27.9101 2.4
      vertex -3.15873 23.993 2.4
      vertex -1.58276 24.1482 2.4
    endloop
  endfacet
  facet normal -0 0 1
    outer loop
      vertex -3.65082 27.7307 2.4
      vertex -3.15873 23.993 2.4
      vertex -1.82932 27.9101 2.4
    endloop
  endfacet
  facet normal 0 0 1
    outer loop
      vertex -3.65082 27.7307 2.4
      vertex -4.72119 23.735 2.4
      vertex -3.15873 23.993 2.4
    endloop
  endfacet
  facet normal -0 0 1
    outer loop
      vertex -5.45668 27.4326 2.4
      vertex -4.72119 23.735 2.4
      vertex -3.65082 27.7307 2.4
    endloop
  endfacet
  facet normal 0 0 1
    outer loop
      vertex -5.45668 27.4326 2.4
      vertex -6.26342 23.3754 2.4
      vertex -4.72119 23.735 2.4
    endloop
  endfacet
  facet normal -0 0 1
    outer loop
      vertex -7.23917 27.0169 2.4
      vertex -6.26342 23.3754 2.4
      vertex -5.45668 27.4326 2.4
    endloop
  endfacet
  facet normal 0 0 1
    outer loop
      vertex -7.23917 27.0169 2.4
      vertex -7.77883 22.9157 2.4
      vertex -6.26342 23.3754 2.4
    endloop
  endfacet
  facet normal -0 0 1
    outer loop
      vertex -8.99066 26.4856 2.4
      vertex -7.77883 22.9157 2.4
      vertex -7.23917 27.0169 2.4
    endloop
  endfacet
  facet normal 0 0 1
    outer loop
      vertex -8.99066 26.4856 2.4
      vertex -9.26094 22.3579 2.4
      vertex -7.77883 22.9157 2.4
    endloop
  endfacet
  facet normal -0 0 1
    outer loop
      vertex -10.7037 25.8409 2.4
      vertex -9.26094 22.3579 2.4
      vertex -8.99066 26.4856 2.4
    endloop
  endfacet
  facet normal 0 0 1
    outer loop
      vertex -9.26094 22.3579 2.4
      vertex -10.7037 25.8409 2.4
      vertex -10.7034 21.7043 2.4
    endloop
  endfacet
  facet normal -0 0 1
    outer loop
      vertex -12.3708 25.0855 2.4
      vertex -10.7034 21.7043 2.4
      vertex -10.7037 25.8409 2.4
    endloop
  endfacet
  facet normal 0 0 1
    outer loop
      vertex -10.7034 21.7043 2.4
      vertex -12.3708 25.0855 2.4
      vertex -12.1 20.9578 2.4
    endloop
  endfacet
  facet normal -0 0 1
    outer loop
      vertex -13.985 24.2227 2.4
      vertex -12.1 20.9578 2.4
      vertex -12.3708 25.0855 2.4
    endloop
  endfacet
  facet normal 0 0 1
    outer loop
      vertex -12.1 20.9578 2.4
      vertex -13.985 24.2227 2.4
      vertex -13.4448 20.1216 2.4
    endloop
  endfacet
  facet normal -0 0 1
    outer loop
      vertex -15.5393 23.2562 2.4
      vertex -13.4448 20.1216 2.4
      vertex -13.985 24.2227 2.4
    endloop
  endfacet
  facet normal 0 0 1
    outer loop
      vertex -13.4448 20.1216 2.4
      vertex -15.5393 23.2562 2.4
      vertex -14.732 19.1992 2.4
    endloop
  endfacet
  facet normal -0 0 1
    outer loop
      vertex -17.0271 22.1901 2.4
      vertex -14.732 19.1992 2.4
      vertex -15.5393 23.2562 2.4
    endloop
  endfacet
  facet normal 0 0 1
    outer loop
      vertex -14.732 19.1992 2.4
      vertex -17.0271 22.1901 2.4
      vertex -15.9562 18.1945 2.4
    endloop
  endfacet
  facet normal -0 0 1
    outer loop
      vertex -18.4419 21.029 2.4
      vertex -15.9562 18.1945 2.4
      vertex -17.0271 22.1901 2.4
    endloop
  endfacet
  facet normal 0 0 1
    outer loop
      vertex -15.9562 18.1945 2.4
      vertex -18.4419 21.029 2.4
      vertex -17.112 17.112 2.4
    endloop
  endfacet
  facet normal -0 0 1
    outer loop
      vertex -19.7778 19.7778 2.4
      vertex -17.112 17.112 2.4
      vertex -18.4419 21.029 2.4
    endloop
  endfacet
  facet normal 0 0 1
    outer loop
      vertex -17.112 17.112 2.4
      vertex -19.7778 19.7778 2.4
      vertex -18.1945 15.9562 2.4
    endloop
  endfacet
  facet normal -0 0 1
    outer loop
      vertex -21.029 18.4419 2.4
      vertex -18.1945 15.9562 2.4
      vertex -19.7778 19.7778 2.4
    endloop
  endfacet
  facet normal 0 0 1
    outer loop
      vertex -18.1945 15.9562 2.4
      vertex -21.029 18.4419 2.4
      vertex -19.1992 14.732 2.4
    endloop
  endfacet
  facet normal -0 0 1
    outer loop
      vertex -22.1901 17.0271 2.4
      vertex -19.1992 14.732 2.4
      vertex -21.029 18.4419 2.4
    endloop
  endfacet
  facet normal 0 0 1
    outer loop
      vertex -19.1992 14.732 2.4
      vertex -22.1901 17.0271 2.4
      vertex -20.1216 13.4448 2.4
    endloop
  endfacet
  facet normal -0 0 1
    outer loop
      vertex -23.2562 15.5393 2.4
      vertex -20.1216 13.4448 2.4
      vertex -22.1901 17.0271 2.4
    endloop
  endfacet
  facet normal 0 0 1
    outer loop
      vertex -20.1216 13.4448 2.4
      vertex -23.2562 15.5393 2.4
      vertex -20.9578 12.1 2.4
    endloop
  endfacet
  facet normal -0 0 1
    outer loop
      vertex -24.2227 13.985 2.4
      vertex -20.9578 12.1 2.4
      vertex -23.2562 15.5393 2.4
    endloop
  endfacet
  facet normal 0 0 1
    outer loop
      vertex -20.9578 12.1 2.4
      vertex -24.2227 13.985 2.4
      vertex -21.7043 10.7034 2.4
    endloop
  endfacet
  facet normal -0 0 1
    outer loop
      vertex -25.0855 12.3708 2.4
      vertex -21.7043 10.7034 2.4
      vertex -24.2227 13.985 2.4
    endloop
  endfacet
  facet normal 0 0 1
    outer loop
      vertex -21.7043 10.7034 2.4
      vertex -25.0855 12.3708 2.4
      vertex -22.3579 9.26094 2.4
    endloop
  endfacet
  facet normal -0 0 1
    outer loop
      vertex -25.8409 10.7037 2.4
      vertex -22.3579 9.26094 2.4
      vertex -25.0855 12.3708 2.4
    endloop
  endfacet
  facet normal 0 0 1
    outer loop
      vertex -22.3579 9.26094 2.4
      vertex -25.8409 10.7037 2.4
      vertex -22.9157 7.77883 2.4
    endloop
  endfacet
  facet normal -0 0 1
    outer loop
      vertex -26.4856 8.99066 2.4
      vertex -22.9157 7.77883 2.4
      vertex -25.8409 10.7037 2.4
    endloop
  endfacet
  facet normal -0 0 1
    outer loop
      vertex -27.0169 7.23917 2.4
      vertex -23.3754 6.26342 2.4
      vertex -26.4856 8.99066 2.4
    endloop
  endfacet
  facet normal 0 0 1
    outer loop
      vertex -22.9157 7.77883 2.4
      vertex -26.4856 8.99066 2.4
      vertex -23.3754 6.26342 2.4
    endloop
  endfacet
  facet normal 0 0 1
    outer loop
      vertex 27.0169 -7.23917 2.4
      vertex 23.3754 -6.26342 2.4
      vertex 26.4856 -8.99066 2.4
    endloop
  endfacet
  facet normal -0 0 1
    outer loop
      vertex 22.9157 -7.77883 2.4
      vertex 26.4856 -8.99066 2.4
      vertex 23.3754 -6.26342 2.4
    endloop
  endfacet
  facet normal 0 0 1
    outer loop
      vertex 26.4856 -8.99066 2.4
      vertex 22.9157 -7.77883 2.4
      vertex 25.8409 -10.7037 2.4
    endloop
  endfacet
  facet normal -0 0 1
    outer loop
      vertex 22.3579 -9.26094 2.4
      vertex 25.8409 -10.7037 2.4
      vertex 22.9157 -7.77883 2.4
    endloop
  endfacet
  facet normal 0 0 1
    outer loop
      vertex 25.8409 -10.7037 2.4
      vertex 22.3579 -9.26094 2.4
      vertex 25.0855 -12.3708 2.4
    endloop
  endfacet
  facet normal -0 0 1
    outer loop
      vertex 21.7043 -10.7034 2.4
      vertex 25.0855 -12.3708 2.4
      vertex 22.3579 -9.26094 2.4
    endloop
  endfacet
  facet normal 0 0 1
    outer loop
      vertex 25.0855 -12.3708 2.4
      vertex 21.7043 -10.7034 2.4
      vertex 24.2227 -13.985 2.4
    endloop
  endfacet
  facet normal -0 0 1
    outer loop
      vertex 20.9578 -12.1 2.4
      vertex 24.2227 -13.985 2.4
      vertex 21.7043 -10.7034 2.4
    endloop
  endfacet
  facet normal 0 0 1
    outer loop
      vertex 24.2227 -13.985 2.4
      vertex 20.9578 -12.1 2.4
      vertex 23.2562 -15.5393 2.4
    endloop
  endfacet
  facet normal -0 0 1
    outer loop
      vertex 20.1216 -13.4448 2.4
      vertex 23.2562 -15.5393 2.4
      vertex 20.9578 -12.1 2.4
    endloop
  endfacet
  facet normal 0 0 1
    outer loop
      vertex 23.2562 -15.5393 2.4
      vertex 20.1216 -13.4448 2.4
      vertex 22.1901 -17.0271 2.4
    endloop
  endfacet
  facet normal -0 0 1
    outer loop
      vertex 19.1992 -14.732 2.4
      vertex 22.1901 -17.0271 2.4
      vertex 20.1216 -13.4448 2.4
    endloop
  endfacet
  facet normal 0 0 1
    outer loop
      vertex 22.1901 -17.0271 2.4
      vertex 19.1992 -14.732 2.4
      vertex 21.029 -18.4419 2.4
    endloop
  endfacet
  facet normal -0 0 1
    outer loop
      vertex 18.1945 -15.9562 2.4
      vertex 21.029 -18.4419 2.4
      vertex 19.1992 -14.732 2.4
    endloop
  endfacet
  facet normal 0 0 1
    outer loop
      vertex 21.029 -18.4419 2.4
      vertex 18.1945 -15.9562 2.4
      vertex 19.7778 -19.7778 2.4
    endloop
  endfacet
  facet normal -0 0 1
    outer loop
      vertex 17.112 -17.112 2.4
      vertex 19.7778 -19.7778 2.4
      vertex 18.1945 -15.9562 2.4
    endloop
  endfacet
  facet normal 0 0 1
    outer loop
      vertex 19.7778 -19.7778 2.4
      vertex 17.112 -17.112 2.4
      vertex 18.4419 -21.029 2.4
    endloop
  endfacet
  facet normal -0 0 1
    outer loop
      vertex 15.9562 -18.1945 2.4
      vertex 18.4419 -21.029 2.4
      vertex 17.112 -17.112 2.4
    endloop
  endfacet
  facet normal 0 0 1
    outer loop
      vertex 18.4419 -21.029 2.4
      vertex 15.9562 -18.1945 2.4
      vertex 17.0271 -22.1901 2.4
    endloop
  endfacet
  facet normal -0 0 1
    outer loop
      vertex 14.732 -19.1992 2.4
      vertex 17.0271 -22.1901 2.4
      vertex 15.9562 -18.1945 2.4
    endloop
  endfacet
  facet normal 0 0 1
    outer loop
      vertex 17.0271 -22.1901 2.4
      vertex 14.732 -19.1992 2.4
      vertex 15.5393 -23.2562 2.4
    endloop
  endfacet
  facet normal -0 0 1
    outer loop
      vertex 13.4448 -20.1216 2.4
      vertex 15.5393 -23.2562 2.4
      vertex 14.732 -19.1992 2.4
    endloop
  endfacet
  facet normal 0 0 1
    outer loop
      vertex 15.5393 -23.2562 2.4
      vertex 13.4448 -20.1216 2.4
      vertex 13.985 -24.2227 2.4
    endloop
  endfacet
  facet normal -0 0 1
    outer loop
      vertex 12.1 -20.9578 2.4
      vertex 13.985 -24.2227 2.4
      vertex 13.4448 -20.1216 2.4
    endloop
  endfacet
  facet normal 0 0 1
    outer loop
      vertex 13.985 -24.2227 2.4
      vertex 12.1 -20.9578 2.4
      vertex 12.3708 -25.0855 2.4
    endloop
  endfacet
  facet normal -0 0 1
    outer loop
      vertex 10.7034 -21.7043 2.4
      vertex 12.3708 -25.0855 2.4
      vertex 12.1 -20.9578 2.4
    endloop
  endfacet
  facet normal 0 0 1
    outer loop
      vertex 12.3708 -25.0855 2.4
      vertex 10.7034 -21.7043 2.4
      vertex 10.7037 -25.8409 2.4
    endloop
  endfacet
  facet normal -0 0 1
    outer loop
      vertex 9.26094 -22.3579 2.4
      vertex 10.7037 -25.8409 2.4
      vertex 10.7034 -21.7043 2.4
    endloop
  endfacet
  facet normal 0 0 1
    outer loop
      vertex 9.26094 -22.3579 2.4
      vertex 8.99066 -26.4856 2.4
      vertex 10.7037 -25.8409 2.4
    endloop
  endfacet
  facet normal -0 0 1
    outer loop
      vertex 7.77883 -22.9157 2.4
      vertex 8.99066 -26.4856 2.4
      vertex 9.26094 -22.3579 2.4
    endloop
  endfacet
  facet normal 0 0 1
    outer loop
      vertex 7.77883 -22.9157 2.4
      vertex 7.23917 -27.0169 2.4
      vertex 8.99066 -26.4856 2.4
    endloop
  endfacet
  facet normal -0 0 1
    outer loop
      vertex 6.26342 -23.3754 2.4
      vertex 7.23917 -27.0169 2.4
      vertex 7.77883 -22.9157 2.4
    endloop
  endfacet
  facet normal 0 0 1
    outer loop
      vertex 6.26342 -23.3754 2.4
      vertex 5.45668 -27.4326 2.4
      vertex 7.23917 -27.0169 2.4
    endloop
  endfacet
  facet normal -0 0 1
    outer loop
      vertex 4.72119 -23.735 2.4
      vertex 5.45668 -27.4326 2.4
      vertex 6.26342 -23.3754 2.4
    endloop
  endfacet
  facet normal 0 0 1
    outer loop
      vertex 4.72119 -23.735 2.4
      vertex 3.65082 -27.7307 2.4
      vertex 5.45668 -27.4326 2.4
    endloop
  endfacet
  facet normal -0 0 1
    outer loop
      vertex 3.15873 -23.993 2.4
      vertex 3.65082 -27.7307 2.4
      vertex 4.72119 -23.735 2.4
    endloop
  endfacet
  facet normal -0 0 1
    outer loop
      vertex 1.6 -26.75 2.4
      vertex 3.65082 -27.7307 2.4
      vertex 3.15873 -23.993 2.4
    endloop
  endfacet
  facet normal 0 0 1
    outer loop
      vertex 3.65082 -27.7307 2.4
      vertex 1.6 -26.75 2.4
      vertex 1.82932 -27.9101 2.4
    endloop
  endfacet
  facet normal -0 0 1
    outer loop
      vertex 1.58276 -24.1482 2.4
      vertex 1.6 -26.75 2.4
      vertex 3.15873 -23.993 2.4
    endloop
  endfacet
  facet normal -0 0 1
    outer loop
      vertex 0 -24.2 2.4
      vertex 1.6 -26.75 2.4
      vertex 1.58276 -24.1482 2.4
    endloop
  endfacet
  facet normal 0 0 1
    outer loop
      vertex -1.6 -26.75 2.4
      vertex 0 -24.2 2.4
      vertex -1.58276 -24.1482 2.4
    endloop
  endfacet
  facet normal 0 0 1
    outer loop
      vertex 0 -24.2 2.4
      vertex -1.6 -26.75 2.4
      vertex 1.6 -26.75 2.4
    endloop
  endfacet
  facet normal 0 0 1
    outer loop
      vertex -1.6 -26.75 2.4
      vertex -1.82932 -27.9101 2.4
      vertex -1.6 -27.9176 2.4
    endloop
  endfacet
  facet normal 0 0 1
    outer loop
      vertex -3.15873 -23.993 2.4
      vertex -1.6 -26.75 2.4
      vertex -1.58276 -24.1482 2.4
    endloop
  endfacet
  facet normal 0 0 1
    outer loop
      vertex -3.65082 -27.7307 2.4
      vertex -1.6 -26.75 2.4
      vertex -3.15873 -23.993 2.4
    endloop
  endfacet
  facet normal 0 0 1
    outer loop
      vertex -1.6 -26.75 2.4
      vertex -3.65082 -27.7307 2.4
      vertex -1.82932 -27.9101 2.4
    endloop
  endfacet
  facet normal 0 0 1
    outer loop
      vertex -4.72119 -23.735 2.4
      vertex -3.65082 -27.7307 2.4
      vertex -3.15873 -23.993 2.4
    endloop
  endfacet
  facet normal 0 0 1
    outer loop
      vertex -4.72119 -23.735 2.4
      vertex -5.45668 -27.4326 2.4
      vertex -3.65082 -27.7307 2.4
    endloop
  endfacet
  facet normal 0 0 1
    outer loop
      vertex -6.26342 -23.3754 2.4
      vertex -5.45668 -27.4326 2.4
      vertex -4.72119 -23.735 2.4
    endloop
  endfacet
  facet normal 0 0 1
    outer loop
      vertex -6.26342 -23.3754 2.4
      vertex -7.23917 -27.0169 2.4
      vertex -5.45668 -27.4326 2.4
    endloop
  endfacet
  facet normal 0 0 1
    outer loop
      vertex -7.77883 -22.9157 2.4
      vertex -7.23917 -27.0169 2.4
      vertex -6.26342 -23.3754 2.4
    endloop
  endfacet
  facet normal 0 0 1
    outer loop
      vertex -7.77883 -22.9157 2.4
      vertex -8.99066 -26.4856 2.4
      vertex -7.23917 -27.0169 2.4
    endloop
  endfacet
  facet normal 0 0 1
    outer loop
      vertex -9.26094 -22.3579 2.4
      vertex -8.99066 -26.4856 2.4
      vertex -7.77883 -22.9157 2.4
    endloop
  endfacet
  facet normal 0 0 1
    outer loop
      vertex -10.7037 -25.8409 2.4
      vertex -9.26094 -22.3579 2.4
      vertex -10.7034 -21.7043 2.4
    endloop
  endfacet
  facet normal 0 0 1
    outer loop
      vertex -9.26094 -22.3579 2.4
      vertex -10.7037 -25.8409 2.4
      vertex -8.99066 -26.4856 2.4
    endloop
  endfacet
  facet normal 0 0 1
    outer loop
      vertex -12.3708 -25.0855 2.4
      vertex -10.7034 -21.7043 2.4
      vertex -12.1 -20.9578 2.4
    endloop
  endfacet
  facet normal 0 0 1
    outer loop
      vertex -10.7034 -21.7043 2.4
      vertex -12.3708 -25.0855 2.4
      vertex -10.7037 -25.8409 2.4
    endloop
  endfacet
  facet normal 0 0 1
    outer loop
      vertex -13.985 -24.2227 2.4
      vertex -12.1 -20.9578 2.4
      vertex -13.4448 -20.1216 2.4
    endloop
  endfacet
  facet normal 0 0 1
    outer loop
      vertex -12.1 -20.9578 2.4
      vertex -13.985 -24.2227 2.4
      vertex -12.3708 -25.0855 2.4
    endloop
  endfacet
  facet normal 0 0 1
    outer loop
      vertex -15.5393 -23.2562 2.4
      vertex -13.4448 -20.1216 2.4
      vertex -14.732 -19.1992 2.4
    endloop
  endfacet
  facet normal 0 0 1
    outer loop
      vertex -13.4448 -20.1216 2.4
      vertex -15.5393 -23.2562 2.4
      vertex -13.985 -24.2227 2.4
    endloop
  endfacet
  facet normal 0 0 1
    outer loop
      vertex -17.0271 -22.1901 2.4
      vertex -14.732 -19.1992 2.4
      vertex -15.9562 -18.1945 2.4
    endloop
  endfacet
  facet normal 0 0 1
    outer loop
      vertex -14.732 -19.1992 2.4
      vertex -17.0271 -22.1901 2.4
      vertex -15.5393 -23.2562 2.4
    endloop
  endfacet
  facet normal 0 0 1
    outer loop
      vertex -18.4419 -21.029 2.4
      vertex -15.9562 -18.1945 2.4
      vertex -17.112 -17.112 2.4
    endloop
  endfacet
  facet normal 0 0 1
    outer loop
      vertex -19.7778 -19.7778 2.4
      vertex -17.112 -17.112 2.4
      vertex -18.1945 -15.9562 2.4
    endloop
  endfacet
  facet normal 0 0 1
    outer loop
      vertex -15.9562 -18.1945 2.4
      vertex -18.4419 -21.029 2.4
      vertex -17.0271 -22.1901 2.4
    endloop
  endfacet
  facet normal 0 0 1
    outer loop
      vertex -21.029 -18.4419 2.4
      vertex -18.1945 -15.9562 2.4
      vertex -19.1992 -14.732 2.4
    endloop
  endfacet
  facet normal 0 0 1
    outer loop
      vertex -17.112 -17.112 2.4
      vertex -19.7778 -19.7778 2.4
      vertex -18.4419 -21.029 2.4
    endloop
  endfacet
  facet normal 0 0 1
    outer loop
      vertex -22.1901 -17.0271 2.4
      vertex -19.1992 -14.732 2.4
      vertex -20.1216 -13.4448 2.4
    endloop
  endfacet
  facet normal 0 0 1
    outer loop
      vertex -23.2562 -15.5393 2.4
      vertex -20.1216 -13.4448 2.4
      vertex -20.9578 -12.1 2.4
    endloop
  endfacet
  facet normal 0 0 1
    outer loop
      vertex -18.1945 -15.9562 2.4
      vertex -21.029 -18.4419 2.4
      vertex -19.7778 -19.7778 2.4
    endloop
  endfacet
  facet normal 0 0 1
    outer loop
      vertex -24.2227 -13.985 2.4
      vertex -20.9578 -12.1 2.4
      vertex -21.7043 -10.7034 2.4
    endloop
  endfacet
  facet normal 0 0 1
    outer loop
      vertex -19.1992 -14.732 2.4
      vertex -22.1901 -17.0271 2.4
      vertex -21.029 -18.4419 2.4
    endloop
  endfacet
  facet normal 0 0 1
    outer loop
      vertex -25.0855 -12.3708 2.4
      vertex -21.7043 -10.7034 2.4
      vertex -22.3579 -9.26094 2.4
    endloop
  endfacet
  facet normal 0 0 1
    outer loop
      vertex -25.8409 -10.7037 2.4
      vertex -22.3579 -9.26094 2.4
      vertex -22.9157 -7.77883 2.4
    endloop
  endfacet
  facet normal 0 0 1
    outer loop
      vertex -20.1216 -13.4448 2.4
      vertex -23.2562 -15.5393 2.4
      vertex -22.1901 -17.0271 2.4
    endloop
  endfacet
  facet normal 0 0 1
    outer loop
      vertex -26.4856 -8.99066 2.4
      vertex -22.9157 -7.77883 2.4
      vertex -23.3754 -6.26342 2.4
    endloop
  endfacet
  facet normal 0 0 1
    outer loop
      vertex -27.0169 -7.23917 2.4
      vertex -23.3754 -6.26342 2.4
      vertex -23.735 -4.72119 2.4
    endloop
  endfacet
  facet normal 0 0 1
    outer loop
      vertex -27.4326 -5.45668 2.4
      vertex -23.735 -4.72119 2.4
      vertex -23.993 -3.15873 2.4
    endloop
  endfacet
  facet normal 0 0 1
    outer loop
      vertex -27.7307 -3.65082 2.4
      vertex -23.993 -3.15873 2.4
      vertex -24.1482 -1.58276 2.4
    endloop
  endfacet
  facet normal 0 0 1
    outer loop
      vertex -20.9578 -12.1 2.4
      vertex -24.2227 -13.985 2.4
      vertex -23.2562 -15.5393 2.4
    endloop
  endfacet
  facet normal 0 0 1
    outer loop
      vertex -27.9101 -1.82932 2.4
      vertex -24.1482 -1.58276 2.4
      vertex -24.2 0 2.4
    endloop
  endfacet
  facet normal 0 0 1
    outer loop
      vertex -23.3754 6.26342 2.4
      vertex -27.0169 7.23917 2.4
      vertex -23.735 4.72119 2.4
    endloop
  endfacet
  facet normal -0 0 1
    outer loop
      vertex -27.4326 5.45668 2.4
      vertex -23.735 4.72119 2.4
      vertex -27.0169 7.23917 2.4
    endloop
  endfacet
  facet normal 0 0 1
    outer loop
      vertex -21.7043 -10.7034 2.4
      vertex -25.0855 -12.3708 2.4
      vertex -24.2227 -13.985 2.4
    endloop
  endfacet
  facet normal 0 0 1
    outer loop
      vertex -23.735 4.72119 2.4
      vertex -27.4326 5.45668 2.4
      vertex -23.993 3.15873 2.4
    endloop
  endfacet
  facet normal 0 0 1
    outer loop
      vertex -22.3579 -9.26094 2.4
      vertex -25.8409 -10.7037 2.4
      vertex -25.0855 -12.3708 2.4
    endloop
  endfacet
  facet normal -0 0 1
    outer loop
      vertex -27.7307 3.65082 2.4
      vertex -23.993 3.15873 2.4
      vertex -27.4326 5.45668 2.4
    endloop
  endfacet
  facet normal 0 0 1
    outer loop
      vertex -22.9157 -7.77883 2.4
      vertex -26.4856 -8.99066 2.4
      vertex -25.8409 -10.7037 2.4
    endloop
  endfacet
  facet normal 0 0 1
    outer loop
      vertex -23.993 3.15873 2.4
      vertex -27.7307 3.65082 2.4
      vertex -24.1482 1.58276 2.4
    endloop
  endfacet
  facet normal 0 0 1
    outer loop
      vertex -23.3754 -6.26342 2.4
      vertex -27.0169 -7.23917 2.4
      vertex -26.4856 -8.99066 2.4
    endloop
  endfacet
  facet normal -0 0 1
    outer loop
      vertex -27.9101 1.82932 2.4
      vertex -24.1482 1.58276 2.4
      vertex -27.7307 3.65082 2.4
    endloop
  endfacet
  facet normal 0 0 1
    outer loop
      vertex -23.735 -4.72119 2.4
      vertex -27.4326 -5.45668 2.4
      vertex -27.0169 -7.23917 2.4
    endloop
  endfacet
  facet normal 0 0 1
    outer loop
      vertex -24.1482 1.58276 2.4
      vertex -27.9101 1.82932 2.4
      vertex -24.2 0 2.4
    endloop
  endfacet
  facet normal 0 0 1
    outer loop
      vertex -23.993 -3.15873 2.4
      vertex -27.7307 -3.65082 2.4
      vertex -27.4326 -5.45668 2.4
    endloop
  endfacet
  facet normal 0 0 1
    outer loop
      vertex -27.97 0 2.4
      vertex -24.2 0 2.4
      vertex -27.9101 1.82932 2.4
    endloop
  endfacet
  facet normal 0 0 1
    outer loop
      vertex -24.1482 -1.58276 2.4
      vertex -27.9101 -1.82932 2.4
      vertex -27.7307 -3.65082 2.4
    endloop
  endfacet
  facet normal 0 0 1
    outer loop
      vertex -24.2 0 2.4
      vertex -27.97 0 2.4
      vertex -27.9101 -1.82932 2.4
    endloop
  endfacet
  facet normal 0 0 1
    outer loop
      vertex 1.82932 -27.9101 2.4
      vertex 1.6 -26.75 2.4
      vertex 1.6 -27.9176 2.4
    endloop
  endfacet
  facet normal 0 0 1
    outer loop
      vertex 1.6 -26.75 0.9
      vertex 1.55885 -33.37 0.9
      vertex 1.6 -33.4694 0.9
    endloop
  endfacet
  facet normal 0 0 1
    outer loop
      vertex 1.6 -26.75 0.9
      vertex 1.27279 -32.9972 0.9
      vertex 1.55885 -33.37 0.9
    endloop
  endfacet
  facet normal 0 0 1
    outer loop
      vertex 1.6 -26.75 0.9
      vertex 0.9 -32.7112 0.9
      vertex 1.27279 -32.9972 0.9
    endloop
  endfacet
  facet normal 0 0 1
    outer loop
      vertex 1.6 -26.75 0.9
      vertex 0.465874 -32.5313 0.9
      vertex 0.9 -32.7112 0.9
    endloop
  endfacet
  facet normal 0 0 1
    outer loop
      vertex 1.6 -26.75 0.9
      vertex 0 -32.47 0.9
      vertex 0.465874 -32.5313 0.9
    endloop
  endfacet
  facet normal -0 0 1
    outer loop
      vertex -1.6 -26.75 0.9
      vertex 0 -32.47 0.9
      vertex 1.6 -26.75 0.9
    endloop
  endfacet
  facet normal 0 0 1
    outer loop
      vertex 0 -32.47 0.9
      vertex -1.6 -26.75 0.9
      vertex -0.465874 -32.5313 0.9
    endloop
  endfacet
  facet normal 0 0 1
    outer loop
      vertex -0.465874 -32.5313 0.9
      vertex -1.6 -26.75 0.9
      vertex -0.9 -32.7112 0.9
    endloop
  endfacet
  facet normal 0 0 1
    outer loop
      vertex -0.9 -32.7112 0.9
      vertex -1.6 -26.75 0.9
      vertex -1.27279 -32.9972 0.9
    endloop
  endfacet
  facet normal 0 0 1
    outer loop
      vertex -1.27279 -32.9972 0.9
      vertex -1.6 -26.75 0.9
      vertex -1.55885 -33.37 0.9
    endloop
  endfacet
  facet normal 0 0 1
    outer loop
      vertex -1.55885 -33.37 0.9
      vertex -1.6 -26.75 0.9
      vertex -1.6 -33.4694 0.9
    endloop
  endfacet
  facet normal -0 0 1
    outer loop
      vertex 1.55885 -35.17 0.9
      vertex 1.6 -38.4476 0.9
      vertex 1.6 -35.0706 0.9
    endloop
  endfacet
  facet normal -0 0 1
    outer loop
      vertex 1.27279 -35.5428 0.9
      vertex 1.6 -38.4476 0.9
      vertex 1.55885 -35.17 0.9
    endloop
  endfacet
  facet normal -0 0 1
    outer loop
      vertex 0.9 -35.8288 0.9
      vertex 1.6 -38.4476 0.9
      vertex 1.27279 -35.5428 0.9
    endloop
  endfacet
  facet normal -0 0 1
    outer loop
      vertex 0.465874 -36.0087 0.9
      vertex 1.6 -38.4476 0.9
      vertex 0.9 -35.8288 0.9
    endloop
  endfacet
  facet normal 0 0 1
    outer loop
      vertex 0 -38.5 0.9
      vertex 0.465874 -36.0087 0.9
      vertex 0 -36.07 0.9
    endloop
  endfacet
  facet normal 0 0 1
    outer loop
      vertex 0.465874 -36.0087 0.9
      vertex 0 -38.5 0.9
      vertex 1.6 -38.4476 0.9
    endloop
  endfacet
  facet normal 0 0 1
    outer loop
      vertex -0.465874 -36.0087 0.9
      vertex 0 -38.5 0.9
      vertex 0 -36.07 0.9
    endloop
  endfacet
  facet normal 0 0 1
    outer loop
      vertex -1.6 -38.4476 0.9
      vertex -0.465874 -36.0087 0.9
      vertex -0.9 -35.8288 0.9
    endloop
  endfacet
  facet normal 0 0 1
    outer loop
      vertex -1.6 -38.4476 0.9
      vertex -0.9 -35.8288 0.9
      vertex -1.27279 -35.5428 0.9
    endloop
  endfacet
  facet normal 0 0 1
    outer loop
      vertex -1.6 -38.4476 0.9
      vertex -1.27279 -35.5428 0.9
      vertex -1.55885 -35.17 0.9
    endloop
  endfacet
  facet normal 0 0 1
    outer loop
      vertex -0.465874 -36.0087 0.9
      vertex -1.6 -38.4476 0.9
      vertex 0 -38.5 0.9
    endloop
  endfacet
  facet normal 0 0 1
    outer loop
      vertex -1.6 -38.4476 0.9
      vertex -1.55885 -35.17 0.9
      vertex -1.6 -35.0706 0.9
    endloop
  endfacet
  facet normal 0 -1 0
    outer loop
      vertex -1.6 -26.75 0.9
      vertex 1.6 -26.75 2.4
      vertex -1.6 -26.75 2.4
    endloop
  endfacet
  facet normal 0 -1 -0
    outer loop
      vertex 1.6 -26.75 2.4
      vertex -1.6 -26.75 0.9
      vertex 1.6 -26.75 0.9
    endloop
  endfacet
  facet normal -1 0 0
    outer loop
      vertex 1.6 -26.75 0.9
      vertex 1.6 -27.9176 2.4
      vertex 1.6 -26.75 2.4
    endloop
  endfacet
  facet normal -1 0 0
    outer loop
      vertex 1.6 -33.4694 0.9
      vertex 1.6 -27.9176 2.4
      vertex 1.6 -26.75 0.9
    endloop
  endfacet
  facet normal -1 0 0
    outer loop
      vertex 1.6 -33.4694 4.1
      vertex 1.6 -27.9176 2.4
      vertex 1.6 -33.4694 0.9
    endloop
  endfacet
  facet normal -1 0 0
    outer loop
      vertex 1.6 -27.9176 2.4
      vertex 1.6 -33.4694 4.1
      vertex 1.6 -27.9176 4.1
    endloop
  endfacet
  facet normal -1 0 0
    outer loop
      vertex 1.6 -38.4476 0.9
      vertex 1.6 -35.0706 4.1
      vertex 1.6 -35.0706 0.9
    endloop
  endfacet
  facet normal -1 -0 0
    outer loop
      vertex 1.6 -35.0706 4.1
      vertex 1.6 -38.4476 0.9
      vertex 1.6 -38.4476 4.1
    endloop
  endfacet
  facet normal 1 0 0
    outer loop
      vertex -1.6 -27.9176 4.1
      vertex -1.6 -33.4694 4.1
      vertex -1.6 -27.9176 2.4
    endloop
  endfacet
  facet normal 1 -0 0
    outer loop
      vertex -1.6 -27.9176 2.4
      vertex -1.6 -26.75 0.9
      vertex -1.6 -26.75 2.4
    endloop
  endfacet
  facet normal 1 0 0
    outer loop
      vertex -1.6 -33.4694 0.9
      vertex -1.6 -27.9176 2.4
      vertex -1.6 -33.4694 4.1
    endloop
  endfacet
  facet normal 1 0 0
    outer loop
      vertex -1.6 -27.9176 2.4
      vertex -1.6 -33.4694 0.9
      vertex -1.6 -26.75 0.9
    endloop
  endfacet
  facet normal 1 -0 0
    outer loop
      vertex -1.6 -38.4476 4.1
      vertex -1.6 -35.0706 0.9
      vertex -1.6 -35.0706 4.1
    endloop
  endfacet
  facet normal 1 0 0
    outer loop
      vertex -1.6 -35.0706 0.9
      vertex -1.6 -38.4476 4.1
      vertex -1.6 -38.4476 0.9
    endloop
  endfacet
endsolid OpenSCAD_Model
